 sig=    1.000000000000000     
 dt=   2.0000000000000001E-009
 steps=      5000000
 x0=   0.1711000000000000         0.000000000000000      
    0.000000000000000     
 u=    75000.00000000000     
 v_perp=    500000.0000000000     
 
time(s)         r       z        zeta      s
    9.8000000000E-08    1.3828035391E+00   -7.1213580224E-04    5.2987207560E-03    1.7109982799E-01
    1.9800000000E-07    1.3827957111E+00   -1.4387732260E-03    1.0705562510E-02    1.7109929786E-01
    2.9800000000E-07    1.3827825945E+00   -2.1653462680E-03    1.6112371507E-02    1.7109840955E-01
    3.9800000000E-07    1.3827641904E+00   -2.8918224195E-03    2.1519131205E-02    1.7109716306E-01
    4.9800000000E-07    1.3827405000E+00   -3.6181691826E-03    2.6925825059E-02    1.7109555842E-01
    5.9800000000E-07    1.3827115251E+00   -4.3443540728E-03    3.2332436527E-02    1.7109359565E-01
    6.9800000000E-07    1.3826772678E+00   -5.0703446234E-03    3.7738949066E-02    1.7109127478E-01
    7.9800000000E-07    1.3826377306E+00   -5.7961083884E-03    4.3145346133E-02    1.7108859585E-01
    8.9800000000E-07    1.3825929164E+00   -6.5216129462E-03    4.8551611187E-02    1.7108555890E-01
    9.9800000000E-07    1.3825428285E+00   -7.2468259031E-03    5.3957727686E-02    1.7108216397E-01
    1.0980000000E-06    1.3824874705E+00   -7.9717148966E-03    5.9363679089E-02    1.7107841112E-01
    1.1980000000E-06    1.3824268466E+00   -8.6962475988E-03    6.4769448854E-02    1.7107430041E-01
    1.2980000000E-06    1.3823609610E+00   -9.4203917201E-03    7.0175020442E-02    1.7106983190E-01
    1.3980000000E-06    1.3822898187E+00   -1.0144115012E-02    7.5580377313E-02    1.7106500566E-01
    1.4980000000E-06    1.3822134249E+00   -1.0867385272E-02    8.0985502928E-02    1.7105982175E-01
    1.5980000000E-06    1.3821317850E+00   -1.1590170344E-02    8.6390380748E-02    1.7105428027E-01
    1.6980000000E-06    1.3820449051E+00   -1.2312438125E-02    9.1794994235E-02    1.7104838130E-01
    1.7980000000E-06    1.3819527915E+00   -1.3034156567E-02    9.7199326851E-02    1.7104212492E-01
    1.8980000000E-06    1.3818554509E+00   -1.3755293678E-02    1.0260336206E-01    1.7103551124E-01
    1.9980000000E-06    1.3817528904E+00   -1.4475817531E-02    1.0800708332E-01    1.7102854035E-01
    2.0980000000E-06    1.3816451175E+00   -1.5195696261E-02    1.1341047411E-01    1.7102121236E-01
    2.1980000000E-06    1.3815321400E+00   -1.5914898071E-02    1.1881351788E-01    1.7101352738E-01
    2.2980000000E-06    1.3814139662E+00   -1.6633391236E-02    1.2421619809E-01    1.7100548553E-01
    2.3980000000E-06    1.3812906046E+00   -1.7351144106E-02    1.2961849823E-01    1.7099708693E-01
    2.4980000000E-06    1.3811620642E+00   -1.8068125106E-02    1.3502040174E-01    1.7098833171E-01
    2.5980000000E-06    1.3810283543E+00   -1.8784302743E-02    1.4042189209E-01    1.7097921999E-01
    2.6980000000E-06    1.3808894847E+00   -1.9499645609E-02    1.4582295276E-01    1.7096975193E-01
    2.7980000000E-06    1.3807454654E+00   -2.0214122378E-02    1.5122356720E-01    1.7095992765E-01
    2.8980000000E-06    1.3805963069E+00   -2.0927701819E-02    1.5662371888E-01    1.7094974731E-01
    2.9980000000E-06    1.3804420198E+00   -2.1640352789E-02    1.6202339128E-01    1.7093921106E-01
    3.0980000000E-06    1.3802826156E+00   -2.2352044243E-02    1.6742256784E-01    1.7092831906E-01
    3.1980000000E-06    1.3801181055E+00   -2.3062745232E-02    1.7282123204E-01    1.7091707148E-01
    3.2980000000E-06    1.3799485016E+00   -2.3772424912E-02    1.7821936735E-01    1.7090546847E-01
    3.3980000000E-06    1.3797738161E+00   -2.4481052538E-02    1.8361695722E-01    1.7089351021E-01
    3.4980000000E-06    1.3795940616E+00   -2.5188597475E-02    1.8901398511E-01    1.7088119689E-01
    3.5980000000E-06    1.3794092510E+00   -2.5895029197E-02    1.9441043450E-01    1.7086852868E-01
    3.6980000000E-06    1.3792193976E+00   -2.6600317287E-02    1.9980628883E-01    1.7085550577E-01
    3.7980000000E-06    1.3790245151E+00   -2.7304431448E-02    2.0520153158E-01    1.7084212836E-01
    3.8980000000E-06    1.3788246176E+00   -2.8007341495E-02    2.1059614619E-01    1.7082839664E-01
    3.9980000000E-06    1.3786197193E+00   -2.8709017366E-02    2.1599011612E-01    1.7081431081E-01
    4.0980000000E-06    1.3784098350E+00   -2.9409429120E-02    2.2138342483E-01    1.7079987109E-01
    4.1980000000E-06    1.3781949797E+00   -3.0108546943E-02    2.2677605577E-01    1.7078507768E-01
    4.2980000000E-06    1.3779751688E+00   -3.0806341144E-02    2.3216799239E-01    1.7076993081E-01
    4.3980000000E-06    1.3777504180E+00   -3.1502782165E-02    2.3755921813E-01    1.7075443069E-01
    4.4980000000E-06    1.3775207434E+00   -3.2197840579E-02    2.4294971644E-01    1.7073857756E-01
    4.5980000000E-06    1.3772861614E+00   -3.2891487094E-02    2.4833947076E-01    1.7072237163E-01
    4.6980000000E-06    1.3770466886E+00   -3.3583692553E-02    2.5372846453E-01    1.7070581316E-01
    4.7980000000E-06    1.3768023422E+00   -3.4274427939E-02    2.5911668119E-01    1.7068890239E-01
    4.8980000000E-06    1.3765531395E+00   -3.4963664374E-02    2.6450410416E-01    1.7067163955E-01
    4.9980000000E-06    1.3762990983E+00   -3.5651373126E-02    2.6989071687E-01    1.7065402490E-01
    5.0980000000E-06    1.3760402366E+00   -3.6337525606E-02    2.7527650274E-01    1.7063605870E-01
    5.1980000000E-06    1.3757765726E+00   -3.7022093373E-02    2.8066144521E-01    1.7061774121E-01
    5.2980000000E-06    1.3755081252E+00   -3.7705048134E-02    2.8604552767E-01    1.7059907270E-01
    5.3980000000E-06    1.3752349132E+00   -3.8386361749E-02    2.9142873354E-01    1.7058005343E-01
    5.4980000000E-06    1.3749569560E+00   -3.9066006229E-02    2.9681104622E-01    1.7056068369E-01
    5.5980000000E-06    1.3746742732E+00   -3.9743953741E-02    3.0219244911E-01    1.7054096375E-01
    5.6980000000E-06    1.3743868847E+00   -4.0420176608E-02    3.0757292562E-01    1.7052089389E-01
    5.7980000000E-06    1.3740948107E+00   -4.1094647314E-02    3.1295245912E-01    1.7050047442E-01
    5.8980000000E-06    1.3737980717E+00   -4.1767338500E-02    3.1833103300E-01    1.7047970563E-01
    5.9980000000E-06    1.3734966886E+00   -4.2438222971E-02    3.2370863063E-01    1.7045858782E-01
    6.0980000000E-06    1.3731906825E+00   -4.3107273694E-02    3.2908523540E-01    1.7043712128E-01
    6.1980000000E-06    1.3728800748E+00   -4.3774463803E-02    3.3446083065E-01    1.7041530635E-01
    6.2980000000E-06    1.3725648873E+00   -4.4439766599E-02    3.3983539975E-01    1.7039314333E-01
    6.3980000000E-06    1.3722451418E+00   -4.5103155551E-02    3.4520892605E-01    1.7037063254E-01
    6.4980000000E-06    1.3719208607E+00   -4.5764604296E-02    3.5058139290E-01    1.7034777432E-01
    6.5980000000E-06    1.3715920667E+00   -4.6424086646E-02    3.5595278363E-01    1.7032456898E-01
    6.6980000000E-06    1.3712587824E+00   -4.7081576583E-02    3.6132308157E-01    1.7030101688E-01
    6.7980000000E-06    1.3709210311E+00   -4.7737048265E-02    3.6669227005E-01    1.7027711836E-01
    6.8980000000E-06    1.3705788361E+00   -4.8390476026E-02    3.7206033237E-01    1.7025287376E-01
    6.9980000000E-06    1.3702322212E+00   -4.9041834375E-02    3.7742725185E-01    1.7022828343E-01
    7.0980000000E-06    1.3698812102E+00   -4.9691098002E-02    3.8279301179E-01    1.7020334774E-01
    7.1980000000E-06    1.3695258275E+00   -5.0338241774E-02    3.8815759548E-01    1.7017806706E-01
    7.2980000000E-06    1.3691660974E+00   -5.0983240741E-02    3.9352098620E-01    1.7015244174E-01
    7.3980000000E-06    1.3688020447E+00   -5.1626070135E-02    3.9888316723E-01    1.7012647218E-01
    7.4980000000E-06    1.3684336945E+00   -5.2266705369E-02    4.0424412184E-01    1.7010015874E-01
    7.5980000000E-06    1.3680610718E+00   -5.2905122043E-02    4.0960383329E-01    1.7007350183E-01
    7.6980000000E-06    1.3676842024E+00   -5.3541295942E-02    4.1496228483E-01    1.7004650183E-01
    7.7980000000E-06    1.3673031119E+00   -5.4175203036E-02    4.2031945972E-01    1.7001915914E-01
    7.8980000000E-06    1.3669178263E+00   -5.4806819484E-02    4.2567534117E-01    1.6999147417E-01
    7.9980000000E-06    1.3665283719E+00   -5.5436121634E-02    4.3102991243E-01    1.6996344733E-01
    8.0980000000E-06    1.3661347751E+00   -5.6063086023E-02    4.3638315672E-01    1.6993507904E-01
    8.1980000000E-06    1.3657370627E+00   -5.6687689380E-02    4.4173505724E-01    1.6990636972E-01
    8.2980000000E-06    1.3653352616E+00   -5.7309908623E-02    4.4708559720E-01    1.6987731981E-01
    8.3980000000E-06    1.3649293990E+00   -5.7929720864E-02    4.5243475981E-01    1.6984792974E-01
    8.4980000000E-06    1.3645195023E+00   -5.8547103409E-02    4.5778252825E-01    1.6981819995E-01
    8.5980000000E-06    1.3641055992E+00   -5.9162033758E-02    4.6312888570E-01    1.6978813089E-01
    8.6980000000E-06    1.3636877174E+00   -5.9774489605E-02    4.6847381534E-01    1.6975772303E-01
    8.7980000000E-06    1.3632658852E+00   -6.0384448841E-02    4.7381730034E-01    1.6972697681E-01
    8.8980000000E-06    1.3628401308E+00   -6.0991889554E-02    4.7915932386E-01    1.6969589272E-01
    8.9980000000E-06    1.3624104826E+00   -6.1596790028E-02    4.8449986906E-01    1.6966447123E-01
    9.0980000000E-06    1.3619769694E+00   -6.2199128746E-02    4.8983891907E-01    1.6963271282E-01
    9.1980000000E-06    1.3615396201E+00   -6.2798884390E-02    4.9517645705E-01    1.6960061799E-01
    9.2980000000E-06    1.3610984639E+00   -6.3396035842E-02    5.0051246613E-01    1.6956818722E-01
    9.3980000000E-06    1.3606535300E+00   -6.3990562184E-02    5.0584692944E-01    1.6953542103E-01
    9.4980000000E-06    1.3602048479E+00   -6.4582442697E-02    5.1117983009E-01    1.6950231992E-01
    9.5980000000E-06    1.3597524474E+00   -6.5171656866E-02    5.1651115122E-01    1.6946888442E-01
    9.6980000000E-06    1.3592963584E+00   -6.5758184377E-02    5.2184087593E-01    1.6943511505E-01
    9.7980000000E-06    1.3588366109E+00   -6.6342005118E-02    5.2716898734E-01    1.6940101234E-01
    9.8980000000E-06    1.3583732352E+00   -6.6923099181E-02    5.3249546853E-01    1.6936657684E-01
    9.9980000000E-06    1.3579062617E+00   -6.7501446863E-02    5.3782030263E-01    1.6933180909E-01
    1.0098000000E-05    1.3574357211E+00   -6.8077028662E-02    5.4314347271E-01    1.6929670964E-01
    1.0198000000E-05    1.3569616441E+00   -6.8649825284E-02    5.4846496188E-01    1.6926127907E-01
    1.0298000000E-05    1.3564840618E+00   -6.9219817640E-02    5.5378475321E-01    1.6922551795E-01
    1.0398000000E-05    1.3560030051E+00   -6.9786986846E-02    5.5910282981E-01    1.6918942684E-01
    1.0498000000E-05    1.3555185055E+00   -7.0351314224E-02    5.6441917474E-01    1.6915300635E-01
    1.0598000000E-05    1.3550305943E+00   -7.0912781304E-02    5.6973377110E-01    1.6911625706E-01
    1.0698000000E-05    1.3545393031E+00   -7.1471369822E-02    5.7504660196E-01    1.6907917958E-01
    1.0798000000E-05    1.3540446638E+00   -7.2027061721E-02    5.8035765040E-01    1.6904177452E-01
    1.0898000000E-05    1.3535467082E+00   -7.2579839154E-02    5.8566689949E-01    1.6900404250E-01
    1.0998000000E-05    1.3530454683E+00   -7.3129684480E-02    5.9097433232E-01    1.6896598415E-01
    1.1098000000E-05    1.3525409763E+00   -7.3676580270E-02    5.9627993196E-01    1.6892760010E-01
    1.1198000000E-05    1.3520332647E+00   -7.4220509299E-02    6.0158368148E-01    1.6888889100E-01
    1.1298000000E-05    1.3515223657E+00   -7.4761454555E-02    6.0688556398E-01    1.6884985749E-01
    1.1398000000E-05    1.3510083120E+00   -7.5299399235E-02    6.1218556251E-01    1.6881050026E-01
    1.1498000000E-05    1.3504911364E+00   -7.5834326746E-02    6.1748366018E-01    1.6877081995E-01
    1.1598000000E-05    1.3499708717E+00   -7.6366220703E-02    6.2277984005E-01    1.6873081726E-01
    1.1698000000E-05    1.3494475508E+00   -7.6895064934E-02    6.2807408521E-01    1.6869049286E-01
    1.1798000000E-05    1.3489212068E+00   -7.7420843477E-02    6.3336637875E-01    1.6864984747E-01
    1.1898000000E-05    1.3483918729E+00   -7.7943540579E-02    6.3865670377E-01    1.6860888177E-01
    1.1998000000E-05    1.3478595825E+00   -7.8463140702E-02    6.4394504336E-01    1.6856759650E-01
    1.2098000000E-05    1.3473243689E+00   -7.8979628516E-02    6.4923138062E-01    1.6852599236E-01
    1.2198000000E-05    1.3467862656E+00   -7.9492988903E-02    6.5451569865E-01    1.6848407010E-01
    1.2298000000E-05    1.3462453064E+00   -8.0003206957E-02    6.5979798056E-01    1.6844183046E-01
    1.2398000000E-05    1.3457015248E+00   -8.0510267985E-02    6.6507820948E-01    1.6839927418E-01
    1.2498000000E-05    1.3451549547E+00   -8.1014157504E-02    6.7035636851E-01    1.6835640204E-01
    1.2598000000E-05    1.3446056300E+00   -8.1514861245E-02    6.7563244080E-01    1.6831321480E-01
    1.2698000000E-05    1.3440535847E+00   -8.2012365151E-02    6.8090640947E-01    1.6826971324E-01
    1.2798000000E-05    1.3434988528E+00   -8.2506655375E-02    6.8617825767E-01    1.6822589815E-01
    1.2898000000E-05    1.3429414685E+00   -8.2997718285E-02    6.9144796855E-01    1.6818177033E-01
    1.2998000000E-05    1.3423814660E+00   -8.3485540461E-02    6.9671552528E-01    1.6813733059E-01
    1.3098000000E-05    1.3418188796E+00   -8.3970108695E-02    7.0198091101E-01    1.6809257976E-01
    1.3198000000E-05    1.3412537437E+00   -8.4451409993E-02    7.0724410893E-01    1.6804751866E-01
    1.3298000000E-05    1.3406860926E+00   -8.4929431573E-02    7.1250510223E-01    1.6800214812E-01
    1.3398000000E-05    1.3401159609E+00   -8.5404160865E-02    7.1776387410E-01    1.6795646901E-01
    1.3498000000E-05    1.3395433832E+00   -8.5875585512E-02    7.2302040776E-01    1.6791048218E-01
    1.3598000000E-05    1.3389683939E+00   -8.6343693370E-02    7.2827468642E-01    1.6786418850E-01
    1.3698000000E-05    1.3383910278E+00   -8.6808472507E-02    7.3352669332E-01    1.6781758885E-01
    1.3798000000E-05    1.3378113196E+00   -8.7269911204E-02    7.3877641170E-01    1.6777068413E-01
    1.3898000000E-05    1.3372293040E+00   -8.7727997957E-02    7.4402382482E-01    1.6772347524E-01
    1.3998000000E-05    1.3366450157E+00   -8.8182721473E-02    7.4926891595E-01    1.6767596309E-01
    1.4098000000E-05    1.3360584897E+00   -8.8634070671E-02    7.5451166837E-01    1.6762814860E-01
    1.4198000000E-05    1.3354697608E+00   -8.9082034686E-02    7.5975206539E-01    1.6758003271E-01
    1.4298000000E-05    1.3348788637E+00   -8.9526602862E-02    7.6499009031E-01    1.6753161637E-01
    1.4398000000E-05    1.3342858336E+00   -8.9967764759E-02    7.7022572646E-01    1.6748290053E-01
    1.4498000000E-05    1.3336907052E+00   -9.0405510148E-02    7.7545895718E-01    1.6743388616E-01
    1.4598000000E-05    1.3330935136E+00   -9.0839829014E-02    7.8068976584E-01    1.6738457425E-01
    1.4698000000E-05    1.3324942937E+00   -9.1270711553E-02    7.8591813579E-01    1.6733496578E-01
    1.4798000000E-05    1.3318930805E+00   -9.1698148176E-02    7.9114405045E-01    1.6728506176E-01
    1.4898000000E-05    1.3312899090E+00   -9.2122129503E-02    7.9636749321E-01    1.6723486319E-01
    1.4998000000E-05    1.3306848142E+00   -9.2542646369E-02    8.0158844750E-01    1.6718437112E-01
    1.5098000000E-05    1.3300778310E+00   -9.2959689822E-02    8.0680689677E-01    1.6713358657E-01
    1.5198000000E-05    1.3294689946E+00   -9.3373251119E-02    8.1202282447E-01    1.6708251060E-01
    1.5298000000E-05    1.3288583398E+00   -9.3783321733E-02    8.1723621409E-01    1.6703114426E-01
    1.5398000000E-05    1.3282459017E+00   -9.4189893345E-02    8.2244704913E-01    1.6697948864E-01
    1.5498000000E-05    1.3276317153E+00   -9.4592957850E-02    8.2765531311E-01    1.6692754482E-01
    1.5598000000E-05    1.3270158154E+00   -9.4992507356E-02    8.3286098957E-01    1.6687531390E-01
    1.5698000000E-05    1.3263982371E+00   -9.5388534181E-02    8.3806406207E-01    1.6682279700E-01
    1.5798000000E-05    1.3257790153E+00   -9.5781030853E-02    8.4326451420E-01    1.6676999523E-01
    1.5898000000E-05    1.3251581849E+00   -9.6169990114E-02    8.4846232956E-01    1.6671690974E-01
    1.5998000000E-05    1.3245357807E+00   -9.6555404916E-02    8.5365749178E-01    1.6666354167E-01
    1.6098000000E-05    1.3239118375E+00   -9.6937268422E-02    8.5884998452E-01    1.6660989219E-01
    1.6198000000E-05    1.3232863903E+00   -9.7315574006E-02    8.6403979144E-01    1.6655596248E-01
    1.6298000000E-05    1.3226594736E+00   -9.7690315252E-02    8.6922689624E-01    1.6650175372E-01
    1.6398000000E-05    1.3220311224E+00   -9.8061485956E-02    8.7441128265E-01    1.6644726712E-01
    1.6498000000E-05    1.3214013712E+00   -9.8429080123E-02    8.7959293442E-01    1.6639250390E-01
    1.6598000000E-05    1.3207702547E+00   -9.8793091966E-02    8.8477183533E-01    1.6633746529E-01
    1.6698000000E-05    1.3201378074E+00   -9.9153515910E-02    8.8994796916E-01    1.6628215253E-01
    1.6798000000E-05    1.3195040639E+00   -9.9510346588E-02    8.9512131975E-01    1.6622656687E-01
    1.6898000000E-05    1.3188690586E+00   -9.9863578843E-02    9.0029187097E-01    1.6617070960E-01
    1.6998000000E-05    1.3182328260E+00   -1.0021320773E-01    9.0545960668E-01    1.6611458200E-01
    1.7098000000E-05    1.3175954004E+00   -1.0055922850E-01    9.1062451080E-01    1.6605818536E-01
    1.7198000000E-05    1.3169568161E+00   -1.0090163664E-01    9.1578656729E-01    1.6600152101E-01
    1.7298000000E-05    1.3163171072E+00   -1.0124042782E-01    9.2094576010E-01    1.6594459026E-01
    1.7398000000E-05    1.3156763079E+00   -1.0157559792E-01    9.2610207324E-01    1.6588739448E-01
    1.7498000000E-05    1.3150344522E+00   -1.0190714305E-01    9.3125549076E-01    1.6582993500E-01
    1.7598000000E-05    1.3143915742E+00   -1.0223505950E-01    9.3640599671E-01    1.6577221321E-01
    1.7698000000E-05    1.3137477076E+00   -1.0255934379E-01    9.4155357521E-01    1.6571423050E-01
    1.7798000000E-05    1.3131028864E+00   -1.0287999263E-01    9.4669821038E-01    1.6565598826E-01
    1.7898000000E-05    1.3124571442E+00   -1.0319700294E-01    9.5183988639E-01    1.6559748792E-01
    1.7998000000E-05    1.3118105145E+00   -1.0351037187E-01    9.5697858746E-01    1.6553873090E-01
    1.8098000000E-05    1.3111630311E+00   -1.0382009673E-01    9.6211429783E-01    1.6547971865E-01
    1.8198000000E-05    1.3105147271E+00   -1.0412617509E-01    9.6724700177E-01    1.6542045264E-01
    1.8298000000E-05    1.3098656361E+00   -1.0442860469E-01    9.7237668361E-01    1.6536093435E-01
    1.8398000000E-05    1.3092157911E+00   -1.0472738348E-01    9.7750332771E-01    1.6530116527E-01
    1.8498000000E-05    1.3085652254E+00   -1.0502250963E-01    9.8262691845E-01    1.6524114690E-01
    1.8598000000E-05    1.3079139718E+00   -1.0531398149E-01    9.8774744029E-01    1.6518088078E-01
    1.8698000000E-05    1.3072620633E+00   -1.0560179763E-01    9.9286487771E-01    1.6512036844E-01
    1.8798000000E-05    1.3066095325E+00   -1.0588595684E-01    9.9797921522E-01    1.6505961144E-01
    1.8898000000E-05    1.3059564123E+00   -1.0616645808E-01    1.0030904374E+00    1.6499861135E-01
    1.8998000000E-05    1.3053027350E+00   -1.0644330053E-01    1.0081985289E+00    1.6493736976E-01
    1.9098000000E-05    1.3046485331E+00   -1.0671648357E-01    1.0133034743E+00    1.6487588827E-01
    1.9198000000E-05    1.3039938387E+00   -1.0698600680E-01    1.0184052584E+00    1.6481416851E-01
    1.9298000000E-05    1.3033386841E+00   -1.0725186998E-01    1.0235038659E+00    1.6475221210E-01
    1.9398000000E-05    1.3026831013E+00   -1.0751407312E-01    1.0285992816E+00    1.6469002070E-01
    1.9498000000E-05    1.3020271220E+00   -1.0777261639E-01    1.0336914903E+00    1.6462759598E-01
    1.9598000000E-05    1.3013707780E+00   -1.0802750019E-01    1.0387804771E+00    1.6456493961E-01
    1.9698000000E-05    1.3007141008E+00   -1.0827872509E-01    1.0438662269E+00    1.6450205330E-01
    1.9798000000E-05    1.3000571219E+00   -1.0852629189E-01    1.0489487246E+00    1.6443893877E-01
    1.9898000000E-05    1.2993998726E+00   -1.0877020157E-01    1.0540279553E+00    1.6437559774E-01
    1.9998000000E-05    1.2987423839E+00   -1.0901045531E-01    1.0591039043E+00    1.6431203196E-01
    2.0098000000E-05    1.2980846869E+00   -1.0924705450E-01    1.0641765566E+00    1.6424824320E-01
    2.0198000000E-05    1.2974268122E+00   -1.0948000072E-01    1.0692458975E+00    1.6418423323E-01
    2.0298000000E-05    1.2967687907E+00   -1.0970929574E-01    1.0743119124E+00    1.6412000385E-01
    2.0398000000E-05    1.2961106526E+00   -1.0993494153E-01    1.0793745866E+00    1.6405555687E-01
    2.0498000000E-05    1.2954524285E+00   -1.1015694025E-01    1.0844339056E+00    1.6399089411E-01
    2.0598000000E-05    1.2947941483E+00   -1.1037529428E-01    1.0894898548E+00    1.6392601743E-01
    2.0698000000E-05    1.2941358422E+00   -1.1059000617E-01    1.0945424199E+00    1.6386092867E-01
    2.0798000000E-05    1.2934775398E+00   -1.1080107866E-01    1.0995915864E+00    1.6379562972E-01
    2.0898000000E-05    1.2928192708E+00   -1.1100851470E-01    1.1046373401E+00    1.6373012246E-01
    2.0998000000E-05    1.2921610647E+00   -1.1121231742E-01    1.1096796668E+00    1.6366440880E-01
    2.1098000000E-05    1.2915029507E+00   -1.1141249014E-01    1.1147185524E+00    1.6359849066E-01
    2.1198000000E-05    1.2908449579E+00   -1.1160903639E-01    1.1197539826E+00    1.6353236997E-01
    2.1298000000E-05    1.2901871152E+00   -1.1180195986E-01    1.1247859437E+00    1.6346604869E-01
    2.1398000000E-05    1.2895294513E+00   -1.1199126446E-01    1.1298144216E+00    1.6339952879E-01
    2.1498000000E-05    1.2888719947E+00   -1.1217695426E-01    1.1348394026E+00    1.6333281224E-01
    2.1598000000E-05    1.2882147738E+00   -1.1235903353E-01    1.1398608728E+00    1.6326590105E-01
    2.1698000000E-05    1.2875578166E+00   -1.1253750673E-01    1.1448788186E+00    1.6319879722E-01
    2.1798000000E-05    1.2869011512E+00   -1.1271237849E-01    1.1498932265E+00    1.6313150279E-01
    2.1898000000E-05    1.2862448051E+00   -1.1288365365E-01    1.1549040828E+00    1.6306401979E-01
    2.1998000000E-05    1.2855888061E+00   -1.1305133720E-01    1.1599113743E+00    1.6299635029E-01
    2.2098000000E-05    1.2849331813E+00   -1.1321543434E-01    1.1649150875E+00    1.6292849635E-01
    2.2198000000E-05    1.2842779579E+00   -1.1337595044E-01    1.1699152093E+00    1.6286046005E-01
    2.2298000000E-05    1.2836231628E+00   -1.1353289105E-01    1.1749117266E+00    1.6279224350E-01
    2.2398000000E-05    1.2829688227E+00   -1.1368626190E-01    1.1799046262E+00    1.6272384880E-01
    2.2498000000E-05    1.2823149642E+00   -1.1383606890E-01    1.1848938953E+00    1.6265527810E-01
    2.2598000000E-05    1.2816616133E+00   -1.1398231815E-01    1.1898795209E+00    1.6258653351E-01
    2.2698000000E-05    1.2810087964E+00   -1.1412501591E-01    1.1948614904E+00    1.6251761720E-01
    2.2798000000E-05    1.2803565391E+00   -1.1426416861E-01    1.1998397911E+00    1.6244853134E-01
    2.2898000000E-05    1.2797048670E+00   -1.1439978286E-01    1.2048144105E+00    1.6237927810E-01
    2.2998000000E-05    1.2790538057E+00   -1.1453186547E-01    1.2097853361E+00    1.6230985967E-01
    2.3098000000E-05    1.2784033802E+00   -1.1466042338E-01    1.2147525555E+00    1.6224027827E-01
    2.3198000000E-05    1.2777536155E+00   -1.1478546372E-01    1.2197160567E+00    1.6217053610E-01
    2.3298000000E-05    1.2771045363E+00   -1.1490699379E-01    1.2246758274E+00    1.6210063540E-01
    2.3398000000E-05    1.2764561671E+00   -1.1502502106E-01    1.2296318558E+00    1.6203057840E-01
    2.3498000000E-05    1.2758085322E+00   -1.1513955316E-01    1.2345841298E+00    1.6196036736E-01
    2.3598000000E-05    1.2751616557E+00   -1.1525059788E-01    1.2395326377E+00    1.6189000455E-01
    2.3698000000E-05    1.2745155612E+00   -1.1535816319E-01    1.2444773680E+00    1.6181949224E-01
    2.3798000000E-05    1.2738702724E+00   -1.1546225722E-01    1.2494183090E+00    1.6174883271E-01
    2.3898000000E-05    1.2732258126E+00   -1.1556288824E-01    1.2543554493E+00    1.6167802826E-01
    2.3998000000E-05    1.2725822048E+00   -1.1566006470E-01    1.2592887777E+00    1.6160708120E-01
    2.4098000000E-05    1.2719394720E+00   -1.1575379520E-01    1.2642182831E+00    1.6153599385E-01
    2.4198000000E-05    1.2712976368E+00   -1.1584408850E-01    1.2691439543E+00    1.6146476853E-01
    2.4298000000E-05    1.2706567215E+00   -1.1593095352E-01    1.2740657805E+00    1.6139340759E-01
    2.4398000000E-05    1.2700167482E+00   -1.1601439932E-01    1.2789837509E+00    1.6132191336E-01
    2.4498000000E-05    1.2693777389E+00   -1.1609443512E-01    1.2838978549E+00    1.6125028821E-01
    2.4598000000E-05    1.2687397152E+00   -1.1617107029E-01    1.2888080820E+00    1.6117853450E-01
    2.4698000000E-05    1.2681026984E+00   -1.1624431435E-01    1.2937144217E+00    1.6110665461E-01
    2.4798000000E-05    1.2674667098E+00   -1.1631417696E-01    1.2986168640E+00    1.6103465091E-01
    2.4898000000E-05    1.2668317702E+00   -1.1638066795E-01    1.3035153986E+00    1.6096252579E-01
    2.4998000000E-05    1.2661979002E+00   -1.1644379727E-01    1.3084100157E+00    1.6089028166E-01
    2.5098000000E-05    1.2655651204E+00   -1.1650357501E-01    1.3133007053E+00    1.6081792092E-01
    2.5198000000E-05    1.2649334508E+00   -1.1656001142E-01    1.3181874579E+00    1.6074544598E-01
    2.5298000000E-05    1.2643029114E+00   -1.1661311688E-01    1.3230702640E+00    1.6067285926E-01
    2.5398000000E-05    1.2636735218E+00   -1.1666290190E-01    1.3279491141E+00    1.6060016319E-01
    2.5498000000E-05    1.2630453014E+00   -1.1670937714E-01    1.3328239990E+00    1.6052736021E-01
    2.5598000000E-05    1.2624182693E+00   -1.1675255338E-01    1.3376949097E+00    1.6045445274E-01
    2.5698000000E-05    1.2617924446E+00   -1.1679244155E-01    1.3425618372E+00    1.6038144324E-01
    2.5798000000E-05    1.2611678457E+00   -1.1682905268E-01    1.3474247728E+00    1.6030833416E-01
    2.5898000000E-05    1.2605444912E+00   -1.1686239796E-01    1.3522837079E+00    1.6023512795E-01
    2.5998000000E-05    1.2599223991E+00   -1.1689248870E-01    1.3571386340E+00    1.6016182708E-01
    2.6098000000E-05    1.2593015873E+00   -1.1691933631E-01    1.3619895427E+00    1.6008843400E-01
    2.6198000000E-05    1.2586820735E+00   -1.1694295234E-01    1.3668364261E+00    1.6001495120E-01
    2.6298000000E-05    1.2580638751E+00   -1.1696334847E-01    1.3716792760E+00    1.5994138115E-01
    2.6398000000E-05    1.2574470091E+00   -1.1698053648E-01    1.3765180848E+00    1.5986772632E-01
    2.6498000000E-05    1.2568314924E+00   -1.1699452829E-01    1.3813528446E+00    1.5979398920E-01
    2.6598000000E-05    1.2562173417E+00   -1.1700533590E-01    1.3861835481E+00    1.5972017227E-01
    2.6698000000E-05    1.2556045733E+00   -1.1701297145E-01    1.3910101880E+00    1.5964627803E-01
    2.6798000000E-05    1.2549932033E+00   -1.1701744719E-01    1.3958327570E+00    1.5957230897E-01
    2.6898000000E-05    1.2543832475E+00   -1.1701877547E-01    1.4006512483E+00    1.5949826758E-01
    2.6998000000E-05    1.2537747216E+00   -1.1701696875E-01    1.4054656550E+00    1.5942415636E-01
    2.7098000000E-05    1.2531676409E+00   -1.1701203959E-01    1.4102759704E+00    1.5934997781E-01
    2.7198000000E-05    1.2525620205E+00   -1.1700400067E-01    1.4150821882E+00    1.5927573443E-01
    2.7298000000E-05    1.2519578752E+00   -1.1699286475E-01    1.4198843020E+00    1.5920142872E-01
    2.7398000000E-05    1.2513552196E+00   -1.1697864470E-01    1.4246823057E+00    1.5912706320E-01
    2.7498000000E-05    1.2507540681E+00   -1.1696135350E-01    1.4294761934E+00    1.5905264036E-01
    2.7598000000E-05    1.2501544346E+00   -1.1694100418E-01    1.4342659593E+00    1.5897816271E-01
    2.7698000000E-05    1.2495563331E+00   -1.1691760992E-01    1.4390515979E+00    1.5890363276E-01
    2.7798000000E-05    1.2489597770E+00   -1.1689118394E-01    1.4438331037E+00    1.5882905303E-01
    2.7898000000E-05    1.2483647798E+00   -1.1686173959E-01    1.4486104717E+00    1.5875442601E-01
    2.7998000000E-05    1.2477713545E+00   -1.1682929028E-01    1.4533836966E+00    1.5867975422E-01
    2.8098000000E-05    1.2471795139E+00   -1.1679384951E-01    1.4581527737E+00    1.5860504016E-01
    2.8198000000E-05    1.2465892707E+00   -1.1675543087E-01    1.4629176984E+00    1.5853028634E-01
    2.8298000000E-05    1.2460006370E+00   -1.1671404801E-01    1.4676784661E+00    1.5845549528E-01
    2.8398000000E-05    1.2454136251E+00   -1.1666971467E-01    1.4724350726E+00    1.5838066947E-01
    2.8498000000E-05    1.2448282467E+00   -1.1662244467E-01    1.4771875138E+00    1.5830581143E-01
    2.8598000000E-05    1.2442445134E+00   -1.1657225190E-01    1.4819357857E+00    1.5823092365E-01
    2.8698000000E-05    1.2436624367E+00   -1.1651915032E-01    1.4866798847E+00    1.5815600864E-01
    2.8798000000E-05    1.2430820275E+00   -1.1646315396E-01    1.4914198072E+00    1.5808106891E-01
    2.8898000000E-05    1.2425032968E+00   -1.1640427690E-01    1.4961555499E+00    1.5800610695E-01
    2.8998000000E-05    1.2419262552E+00   -1.1634253333E-01    1.5008871096E+00    1.5793112526E-01
    2.9098000000E-05    1.2413509130E+00   -1.1627793745E-01    1.5056144834E+00    1.5785612633E-01
    2.9198000000E-05    1.2407772805E+00   -1.1621050355E-01    1.5103376686E+00    1.5778111266E-01
    2.9298000000E-05    1.2402053675E+00   -1.1614024598E-01    1.5150566625E+00    1.5770608675E-01
    2.9398000000E-05    1.2396351836E+00   -1.1606717914E-01    1.5197714628E+00    1.5763105107E-01
    2.9498000000E-05    1.2390667384E+00   -1.1599131747E-01    1.5244820673E+00    1.5755600811E-01
    2.9598000000E-05    1.2385000411E+00   -1.1591267549E-01    1.5291884741E+00    1.5748096036E-01
    2.9698000000E-05    1.2379351005E+00   -1.1583126776E-01    1.5338906813E+00    1.5740591029E-01
    2.9798000000E-05    1.2373719255E+00   -1.1574710887E-01    1.5385886874E+00    1.5733086039E-01
    2.9898000000E-05    1.2368105245E+00   -1.1566021347E-01    1.5432824909E+00    1.5725581312E-01
    2.9998000000E-05    1.2362509060E+00   -1.1557059627E-01    1.5479720908E+00    1.5718077095E-01
    3.0098000000E-05    1.2356930778E+00   -1.1547827198E-01    1.5526574860E+00    1.5710573635E-01
    3.0198000000E-05    1.2351370479E+00   -1.1538325540E-01    1.5573386757E+00    1.5703071178E-01
    3.0298000000E-05    1.2345828238E+00   -1.1528556132E-01    1.5620156594E+00    1.5695569970E-01
    3.0398000000E-05    1.2340304130E+00   -1.1518520459E-01    1.5666884366E+00    1.5688070256E-01
    3.0498000000E-05    1.2334798226E+00   -1.1508220009E-01    1.5713570071E+00    1.5680572281E-01
    3.0598000000E-05    1.2329310597E+00   -1.1497656272E-01    1.5760213710E+00    1.5673076290E-01
    3.0698000000E-05    1.2323841309E+00   -1.1486830743E-01    1.5806815284E+00    1.5665582526E-01
    3.0798000000E-05    1.2318390427E+00   -1.1475744917E-01    1.5853374798E+00    1.5658091233E-01
    3.0898000000E-05    1.2312958015E+00   -1.1464400295E-01    1.5899892258E+00    1.5650602655E-01
    3.0998000000E-05    1.2307544134E+00   -1.1452798376E-01    1.5946367672E+00    1.5643117034E-01
    3.1098000000E-05    1.2302148843E+00   -1.1440940664E-01    1.5992801049E+00    1.5635634611E-01
    3.1198000000E-05    1.2296772198E+00   -1.1428828665E-01    1.6039192403E+00    1.5628155630E-01
    3.1298000000E-05    1.2291414255E+00   -1.1416463886E-01    1.6085541747E+00    1.5620680331E-01
    3.1398000000E-05    1.2286075066E+00   -1.1403847833E-01    1.6131849098E+00    1.5613208954E-01
    3.1498000000E-05    1.2280754683E+00   -1.1390982019E-01    1.6178114473E+00    1.5605741740E-01
    3.1598000000E-05    1.2275453153E+00   -1.1377867952E-01    1.6224337892E+00    1.5598278928E-01
    3.1698000000E-05    1.2270170524E+00   -1.1364507145E-01    1.6270519379E+00    1.5590820757E-01
    3.1798000000E-05    1.2264906841E+00   -1.1350901110E-01    1.6316658956E+00    1.5583367467E-01
    3.1898000000E-05    1.2259662147E+00   -1.1337051360E-01    1.6362756651E+00    1.5575919294E-01
    3.1998000000E-05    1.2254436482E+00   -1.1322959408E-01    1.6408812491E+00    1.5568476476E-01
    3.2098000000E-05    1.2249229886E+00   -1.1308626767E-01    1.6454826506E+00    1.5561039250E-01
    3.2198000000E-05    1.2244042395E+00   -1.1294054951E-01    1.6500798729E+00    1.5553607852E-01
    3.2298000000E-05    1.2238874047E+00   -1.1279245472E-01    1.6546729194E+00    1.5546182518E-01
    3.2398000000E-05    1.2233724873E+00   -1.1264199844E-01    1.6592617937E+00    1.5538763482E-01
    3.2498000000E-05    1.2228594907E+00   -1.1248919577E-01    1.6638464995E+00    1.5531350980E-01
    3.2598000000E-05    1.2223484177E+00   -1.1233406184E-01    1.6684270410E+00    1.5523945244E-01
    3.2698000000E-05    1.2218392713E+00   -1.1217661173E-01    1.6730034223E+00    1.5516546509E-01
    3.2798000000E-05    1.2213320540E+00   -1.1201686054E-01    1.6775756478E+00    1.5509155006E-01
    3.2898000000E-05    1.2208267683E+00   -1.1185482335E-01    1.6821437222E+00    1.5501770967E-01
    3.2998000000E-05    1.2203234166E+00   -1.1169051522E-01    1.6867076502E+00    1.5494394625E-01
    3.3098000000E-05    1.2198220010E+00   -1.1152395119E-01    1.6912674368E+00    1.5487026208E-01
    3.3198000000E-05    1.2193225235E+00   -1.1135514629E-01    1.6958230872E+00    1.5479665948E-01
    3.3298000000E-05    1.2188249858E+00   -1.1118411553E-01    1.7003746068E+00    1.5472314074E-01
    3.3398000000E-05    1.2183293897E+00   -1.1101087390E-01    1.7049220011E+00    1.5464970814E-01
    3.3498000000E-05    1.2178357365E+00   -1.1083543635E-01    1.7094652760E+00    1.5457636396E-01
    3.3598000000E-05    1.2173440277E+00   -1.1065781783E-01    1.7140044374E+00    1.5450311047E-01
    3.3698000000E-05    1.2168542645E+00   -1.1047803325E-01    1.7185394914E+00    1.5442994995E-01
    3.3798000000E-05    1.2163664478E+00   -1.1029609750E-01    1.7230704445E+00    1.5435688465E-01
    3.3898000000E-05    1.2158805785E+00   -1.1011202542E-01    1.7275973030E+00    1.5428391683E-01
    3.3998000000E-05    1.2153966574E+00   -1.0992583185E-01    1.7321200738E+00    1.5421104872E-01
    3.4098000000E-05    1.2149146850E+00   -1.0973753158E-01    1.7366387637E+00    1.5413828257E-01
    3.4198000000E-05    1.2144346617E+00   -1.0954713937E-01    1.7411533799E+00    1.5406562060E-01
    3.4298000000E-05    1.2139565879E+00   -1.0935466993E-01    1.7456639296E+00    1.5399306505E-01
    3.4398000000E-05    1.2134804638E+00   -1.0916013797E-01    1.7501704203E+00    1.5392061813E-01
    3.4498000000E-05    1.2130062893E+00   -1.0896355811E-01    1.7546728597E+00    1.5384828205E-01
    3.4598000000E-05    1.2125340643E+00   -1.0876494499E-01    1.7591712556E+00    1.5377605901E-01
    3.4698000000E-05    1.2120637886E+00   -1.0856431315E-01    1.7636656160E+00    1.5370395120E-01
    3.4798000000E-05    1.2115954618E+00   -1.0836167712E-01    1.7681559491E+00    1.5363196082E-01
    3.4898000000E-05    1.2111290834E+00   -1.0815705140E-01    1.7726422633E+00    1.5356009003E-01
    3.4998000000E-05    1.2106646528E+00   -1.0795045040E-01    1.7771245672E+00    1.5348834103E-01
    3.5098000000E-05    1.2102021691E+00   -1.0774188854E-01    1.7816028695E+00    1.5341671596E-01
    3.5198000000E-05    1.2097416316E+00   -1.0753138014E-01    1.7860771791E+00    1.5334521699E-01
    3.5298000000E-05    1.2092830392E+00   -1.0731893952E-01    1.7905475052E+00    1.5327384626E-01
    3.5398000000E-05    1.2088263908E+00   -1.0710458090E-01    1.7950138569E+00    1.5320260592E-01
    3.5498000000E-05    1.2083716852E+00   -1.0688831850E-01    1.7994762438E+00    1.5313149810E-01
    3.5598000000E-05    1.2079189211E+00   -1.0667016645E-01    1.8039346754E+00    1.5306052493E-01
    3.5698000000E-05    1.2074680969E+00   -1.0645013884E-01    1.8083891616E+00    1.5298968852E-01
    3.5798000000E-05    1.2070192112E+00   -1.0622824972E-01    1.8128397123E+00    1.5291899098E-01
    3.5898000000E-05    1.2065722621E+00   -1.0600451306E-01    1.8172863376E+00    1.5284843442E-01
    3.5998000000E-05    1.2061272481E+00   -1.0577894280E-01    1.8217290479E+00    1.5277802092E-01
    3.6098000000E-05    1.2056841672E+00   -1.0555155279E-01    1.8261678536E+00    1.5270775258E-01
    3.6198000000E-05    1.2052430173E+00   -1.0532235685E-01    1.8306027653E+00    1.5263763146E-01
    3.6298000000E-05    1.2048037965E+00   -1.0509136874E-01    1.8350337938E+00    1.5256765964E-01
    3.6398000000E-05    1.2043665026E+00   -1.0485860214E-01    1.8394609502E+00    1.5249783918E-01
    3.6498000000E-05    1.2039311332E+00   -1.0462407068E-01    1.8438842455E+00    1.5242817213E-01
    3.6598000000E-05    1.2034976861E+00   -1.0438778794E-01    1.8483036910E+00    1.5235866053E-01
    3.6698000000E-05    1.2030661588E+00   -1.0414976741E-01    1.8527192981E+00    1.5228930642E-01
    3.6798000000E-05    1.2026365487E+00   -1.0391002254E-01    1.8571310785E+00    1.5222011182E-01
    3.6898000000E-05    1.2022088532E+00   -1.0366856669E-01    1.8615390440E+00    1.5215107874E-01
    3.6998000000E-05    1.2017830696E+00   -1.0342541319E-01    1.8659432063E+00    1.5208220921E-01
    3.7098000000E-05    1.2013591951E+00   -1.0318057527E-01    1.8703435778E+00    1.5201350521E-01
    3.7198000000E-05    1.2009372269E+00   -1.0293406611E-01    1.8747401704E+00    1.5194496874E-01
    3.7298000000E-05    1.2005171619E+00   -1.0268589882E-01    1.8791329967E+00    1.5187660177E-01
    3.7398000000E-05    1.2000989972E+00   -1.0243608644E-01    1.8835220692E+00    1.5180840629E-01
    3.7498000000E-05    1.1996827296E+00   -1.0218464194E-01    1.8879074005E+00    1.5174038426E-01
    3.7598000000E-05    1.1992683559E+00   -1.0193157822E-01    1.8922890035E+00    1.5167253762E-01
    3.7698000000E-05    1.1988558730E+00   -1.0167690811E-01    1.8966668911E+00    1.5160486833E-01
    3.7798000000E-05    1.1984452775E+00   -1.0142064437E-01    1.9010410766E+00    1.5153737832E-01
    3.7898000000E-05    1.1980365660E+00   -1.0116279969E-01    1.9054115731E+00    1.5147006951E-01
    3.7998000000E-05    1.1976297350E+00   -1.0090338669E-01    1.9097783941E+00    1.5140294383E-01
    3.8098000000E-05    1.1972247811E+00   -1.0064241790E-01    1.9141415532E+00    1.5133600319E-01
    3.8198000000E-05    1.1968217006E+00   -1.0037990579E-01    1.9185010640E+00    1.5126924947E-01
    3.8298000000E-05    1.1964204899E+00   -1.0011586276E-01    1.9228569404E+00    1.5120268458E-01
    3.8398000000E-05    1.1960211453E+00   -9.9850301119E-02    1.9272091964E+00    1.5113631038E-01
    3.8498000000E-05    1.1956236631E+00   -9.9583233121E-02    1.9315578461E+00    1.5107012876E-01
    3.8598000000E-05    1.1952280394E+00   -9.9314670929E-02    1.9359029038E+00    1.5100414156E-01
    3.8698000000E-05    1.1948342703E+00   -9.9044626636E-02    1.9402443838E+00    1.5093835065E-01
    3.8798000000E-05    1.1944423520E+00   -9.8773112255E-02    1.9445823007E+00    1.5087275785E-01
    3.8898000000E-05    1.1940522805E+00   -9.8500139723E-02    1.9489166692E+00    1.5080736501E-01
    3.8998000000E-05    1.1936640517E+00   -9.8225720900E-02    1.9532475041E+00    1.5074217394E-01
    3.9098000000E-05    1.1932776616E+00   -9.7949867564E-02    1.9575748202E+00    1.5067718645E-01
    3.9198000000E-05    1.1928931060E+00   -9.7672591418E-02    1.9618986327E+00    1.5061240435E-01
    3.9298000000E-05    1.1925103808E+00   -9.7393904086E-02    1.9662189567E+00    1.5054782943E-01
    3.9398000000E-05    1.1921294818E+00   -9.7113817110E-02    1.9705358077E+00    1.5048346346E-01
    3.9498000000E-05    1.1917504048E+00   -9.6832341955E-02    1.9748492009E+00    1.5041930823E-01
    3.9598000000E-05    1.1913731454E+00   -9.6549490007E-02    1.9791591520E+00    1.5035536548E-01
    3.9698000000E-05    1.1909976994E+00   -9.6265272570E-02    1.9834656767E+00    1.5029163698E-01
    3.9798000000E-05    1.1906240623E+00   -9.5979700868E-02    1.9877687908E+00    1.5022812446E-01
    3.9898000000E-05    1.1902522298E+00   -9.5692786045E-02    1.9920685103E+00    1.5016482965E-01
    3.9998000000E-05    1.1898821975E+00   -9.5404539165E-02    1.9963648513E+00    1.5010175428E-01
    4.0098000000E-05    1.1895139608E+00   -9.5114971209E-02    2.0006578298E+00    1.5003890005E-01
    4.0198000000E-05    1.1891475153E+00   -9.4824093078E-02    2.0049474624E+00    1.4997626866E-01
    4.0298000000E-05    1.1887828564E+00   -9.4531915591E-02    2.0092337652E+00    1.4991386182E-01
    4.0398000000E-05    1.1884199796E+00   -9.4238449485E-02    2.0135167551E+00    1.4985168118E-01
    4.0498000000E-05    1.1880588803E+00   -9.3943705417E-02    2.0177964485E+00    1.4978972843E-01
    4.0598000000E-05    1.1876995539E+00   -9.3647693959E-02    2.0220728623E+00    1.4972800522E-01
    4.0698000000E-05    1.1873419957E+00   -9.3350425604E-02    2.0263460135E+00    1.4966651321E-01
    4.0798000000E-05    1.1869862010E+00   -9.3051910760E-02    2.0306159189E+00    1.4960525403E-01
    4.0898000000E-05    1.1866321653E+00   -9.2752159755E-02    2.0348825958E+00    1.4954422930E-01
    4.0998000000E-05    1.1862798837E+00   -9.2451182833E-02    2.0391460614E+00    1.4948344066E-01
    4.1098000000E-05    1.1859293516E+00   -9.2148990155E-02    2.0434063331E+00    1.4942288969E-01
    4.1198000000E-05    1.1855805641E+00   -9.1845591802E-02    2.0476634283E+00    1.4936257801E-01
    4.1298000000E-05    1.1852335166E+00   -9.1540997770E-02    2.0519173647E+00    1.4930250720E-01
    4.1398000000E-05    1.1848882041E+00   -9.1235217971E-02    2.0561681598E+00    1.4924267884E-01
    4.1498000000E-05    1.1845446221E+00   -9.0928262237E-02    2.0604158316E+00    1.4918309448E-01
    4.1598000000E-05    1.1842027655E+00   -9.0620140313E-02    2.0646603979E+00    1.4912375570E-01
    4.1698000000E-05    1.1838626296E+00   -9.0310861864E-02    2.0689018768E+00    1.4906466403E-01
    4.1798000000E-05    1.1835242095E+00   -9.0000436472E-02    2.0731402864E+00    1.4900582101E-01
    4.1898000000E-05    1.1831875004E+00   -8.9688873636E-02    2.0773756449E+00    1.4894722817E-01
    4.1998000000E-05    1.1828524973E+00   -8.9376182773E-02    2.0816079707E+00    1.4888888702E-01
    4.2098000000E-05    1.1825191955E+00   -8.9062373216E-02    2.0858372822E+00    1.4883079907E-01
    4.2198000000E-05    1.1821875901E+00   -8.8747454216E-02    2.0900635980E+00    1.4877296581E-01
    4.2298000000E-05    1.1818576760E+00   -8.8431434944E-02    2.0942869367E+00    1.4871538873E-01
    4.2398000000E-05    1.1815294485E+00   -8.8114324484E-02    2.0985073171E+00    1.4865806930E-01
    4.2498000000E-05    1.1812029026E+00   -8.7796131843E-02    2.1027247581E+00    1.4860100899E-01
    4.2598000000E-05    1.1808780333E+00   -8.7476865942E-02    2.1069392786E+00    1.4854420925E-01
    4.2698000000E-05    1.1805548359E+00   -8.7156535622E-02    2.1111508978E+00    1.4848767153E-01
    4.2798000000E-05    1.1802333053E+00   -8.6835149641E-02    2.1153596346E+00    1.4843139726E-01
    4.2898000000E-05    1.1799134366E+00   -8.6512716676E-02    2.1195655085E+00    1.4837538788E-01
    4.2998000000E-05    1.1795952249E+00   -8.6189245322E-02    2.1237685388E+00    1.4831964478E-01
    4.3098000000E-05    1.1792786653E+00   -8.5864744094E-02    2.1279687450E+00    1.4826416939E-01
    4.3198000000E-05    1.1789637527E+00   -8.5539221424E-02    2.1321661466E+00    1.4820896310E-01
    4.3298000000E-05    1.1786504824E+00   -8.5212685664E-02    2.1363607633E+00    1.4815402729E-01
    4.3398000000E-05    1.1783388493E+00   -8.4885145086E-02    2.1405526149E+00    1.4809936334E-01
    4.3498000000E-05    1.1780288485E+00   -8.4556607879E-02    2.1447417211E+00    1.4804497262E-01
    4.3598000000E-05    1.1777204752E+00   -8.4227082154E-02    2.1489281020E+00    1.4799085648E-01
    4.3698000000E-05    1.1774137243E+00   -8.3896575942E-02    2.1531117776E+00    1.4793701629E-01
    4.3798000000E-05    1.1771085910E+00   -8.3565097192E-02    2.1572927681E+00    1.4788345337E-01
    4.3898000000E-05    1.1768050703E+00   -8.3232653775E-02    2.1614710937E+00    1.4783016905E-01
    4.3998000000E-05    1.1765031573E+00   -8.2899253483E-02    2.1656467746E+00    1.4777716467E-01
    4.4098000000E-05    1.1762028472E+00   -8.2564904028E-02    2.1698198314E+00    1.4772444152E-01
    4.4198000000E-05    1.1759041350E+00   -8.2229613042E-02    2.1739902846E+00    1.4767200092E-01
    4.4298000000E-05    1.1756070158E+00   -8.1893388079E-02    2.1781581546E+00    1.4761984416E-01
    4.4398000000E-05    1.1753114849E+00   -8.1556236616E-02    2.1823234624E+00    1.4756797252E-01
    4.4498000000E-05    1.1750175372E+00   -8.1218166051E-02    2.1864862285E+00    1.4751638729E-01
    4.4598000000E-05    1.1747251679E+00   -8.0879183704E-02    2.1906464739E+00    1.4746508972E-01
    4.4698000000E-05    1.1744343722E+00   -8.0539296818E-02    2.1948042197E+00    1.4741408108E-01
    4.4798000000E-05    1.1741451453E+00   -8.0198512562E-02    2.1989594867E+00    1.4736336262E-01
    4.4898000000E-05    1.1738574823E+00   -7.9856838024E-02    2.2031122961E+00    1.4731293558E-01
    4.4998000000E-05    1.1735713783E+00   -7.9514280220E-02    2.2072626693E+00    1.4726280120E-01
    4.5098000000E-05    1.1732868287E+00   -7.9170846088E-02    2.2114106274E+00    1.4721296071E-01
    4.5198000000E-05    1.1730038285E+00   -7.8826542491E-02    2.2155561920E+00    1.4716341532E-01
    4.5298000000E-05    1.1727223730E+00   -7.8481376217E-02    2.2196993843E+00    1.4711416624E-01
    4.5398000000E-05    1.1724424575E+00   -7.8135353980E-02    2.2238402262E+00    1.4706521467E-01
    4.5498000000E-05    1.1721640772E+00   -7.7788482420E-02    2.2279787390E+00    1.4701656182E-01
    4.5598000000E-05    1.1718872274E+00   -7.7440768103E-02    2.2321149447E+00    1.4696820886E-01
    4.5698000000E-05    1.1716119033E+00   -7.7092217521E-02    2.2362488651E+00    1.4692015698E-01
    4.5798000000E-05    1.1713381002E+00   -7.6742837095E-02    2.2403805219E+00    1.4687240734E-01
    4.5898000000E-05    1.1710658135E+00   -7.6392633171E-02    2.2445099372E+00    1.4682496111E-01
    4.5998000000E-05    1.1707950384E+00   -7.6041612026E-02    2.2486371331E+00    1.4677781945E-01
    4.6098000000E-05    1.1705257704E+00   -7.5689779862E-02    2.2527621316E+00    1.4673098351E-01
    4.6198000000E-05    1.1702580047E+00   -7.5337142813E-02    2.2568849550E+00    1.4668445443E-01
    4.6298000000E-05    1.1699917368E+00   -7.4983706941E-02    2.2610056256E+00    1.4663823334E-01
    4.6398000000E-05    1.1697269621E+00   -7.4629478239E-02    2.2651241657E+00    1.4659232137E-01
    4.6498000000E-05    1.1694636760E+00   -7.4274462628E-02    2.2692405978E+00    1.4654671965E-01
    4.6598000000E-05    1.1692018739E+00   -7.3918665964E-02    2.2733549444E+00    1.4650142928E-01
    4.6698000000E-05    1.1689415513E+00   -7.3562094029E-02    2.2774672280E+00    1.4645645139E-01
    4.6798000000E-05    1.1686827036E+00   -7.3204752542E-02    2.2815774714E+00    1.4641178706E-01
    4.6898000000E-05    1.1684253264E+00   -7.2846647151E-02    2.2856856972E+00    1.4636743739E-01
    4.6998000000E-05    1.1681694152E+00   -7.2487783439E-02    2.2897919283E+00    1.4632340347E-01
    4.7098000000E-05    1.1679149656E+00   -7.2128166921E-02    2.2938961875E+00    1.4627968639E-01
    4.7198000000E-05    1.1676619730E+00   -7.1767803047E-02    2.2979984978E+00    1.4623628721E-01
    4.7298000000E-05    1.1674104331E+00   -7.1406697202E-02    2.3020988822E+00    1.4619320702E-01
    4.7398000000E-05    1.1671603415E+00   -7.1044854703E-02    2.3061973638E+00    1.4615044686E-01
    4.7498000000E-05    1.1669116938E+00   -7.0682280806E-02    2.3102939656E+00    1.4610800781E-01
    4.7598000000E-05    1.1666644857E+00   -7.0318980701E-02    2.3143887109E+00    1.4606589091E-01
    4.7698000000E-05    1.1664187128E+00   -6.9954959515E-02    2.3184816231E+00    1.4602409720E-01
    4.7798000000E-05    1.1661743709E+00   -6.9590222314E-02    2.3225727253E+00    1.4598262774E-01
    4.7898000000E-05    1.1659314557E+00   -6.9224774100E-02    2.3266620410E+00    1.4594148355E-01
    4.7998000000E-05    1.1656899629E+00   -6.8858619814E-02    2.3307495937E+00    1.4590066566E-01
    4.8098000000E-05    1.1654498883E+00   -6.8491764338E-02    2.3348354069E+00    1.4586017510E-01
    4.8198000000E-05    1.1652112277E+00   -6.8124212491E-02    2.3389195041E+00    1.4582001288E-01
    4.8298000000E-05    1.1649739769E+00   -6.7755969035E-02    2.3430019090E+00    1.4578018002E-01
    4.8398000000E-05    1.1647381318E+00   -6.7387038672E-02    2.3470826453E+00    1.4574067753E-01
    4.8498000000E-05    1.1645036883E+00   -6.7017426045E-02    2.3511617367E+00    1.4570150641E-01
    4.8598000000E-05    1.1642706422E+00   -6.6647135739E-02    2.3552392070E+00    1.4566266765E-01
    4.8698000000E-05    1.1640389895E+00   -6.6276172285E-02    2.3593150801E+00    1.4562416226E-01
    4.8798000000E-05    1.1638087261E+00   -6.5904540153E-02    2.3633893798E+00    1.4558599121E-01
    4.8898000000E-05    1.1635798480E+00   -6.5532243761E-02    2.3674621301E+00    1.4554815549E-01
    4.8998000000E-05    1.1633523513E+00   -6.5159287469E-02    2.3715333551E+00    1.4551065608E-01
    4.9098000000E-05    1.1631262318E+00   -6.4785675585E-02    2.3756030787E+00    1.4547349396E-01
    4.9198000000E-05    1.1629014858E+00   -6.4411412362E-02    2.3796713251E+00    1.4543667009E-01
    4.9298000000E-05    1.1626781093E+00   -6.4036501999E-02    2.3837381183E+00    1.4540018543E-01
    4.9398000000E-05    1.1624560985E+00   -6.3660948644E-02    2.3878034826E+00    1.4536404095E-01
    4.9498000000E-05    1.1622354493E+00   -6.3284756392E-02    2.3918674422E+00    1.4532823759E-01
    4.9598000000E-05    1.1620161581E+00   -6.2907929287E-02    2.3959300214E+00    1.4529277632E-01
    4.9698000000E-05    1.1617982210E+00   -6.2530471323E-02    2.3999912445E+00    1.4525765808E-01
    4.9798000000E-05    1.1615816342E+00   -6.2152386444E-02    2.4040511357E+00    1.4522288381E-01
    4.9898000000E-05    1.1613663941E+00   -6.1773678546E-02    2.4081097196E+00    1.4518845444E-01
    4.9998000000E-05    1.1611524968E+00   -6.1394351474E-02    2.4121670205E+00    1.4515437091E-01
    5.0098000000E-05    1.1609399387E+00   -6.1014409028E-02    2.4162230629E+00    1.4512063415E-01
    5.0198000000E-05    1.1607287162E+00   -6.0633854959E-02    2.4202778712E+00    1.4508724508E-01
    5.0298000000E-05    1.1605188255E+00   -6.0252692972E-02    2.4243314700E+00    1.4505420463E-01
    5.0398000000E-05    1.1603102632E+00   -5.9870926728E-02    2.4283838838E+00    1.4502151371E-01
    5.0498000000E-05    1.1601030256E+00   -5.9488559842E-02    2.4324351372E+00    1.4498917323E-01
    5.0598000000E-05    1.1598971091E+00   -5.9105595885E-02    2.4364852548E+00    1.4495718410E-01
    5.0698000000E-05    1.1596925103E+00   -5.8722038383E-02    2.4405342612E+00    1.4492554723E-01
    5.0798000000E-05    1.1594892257E+00   -5.8337890822E-02    2.4445821811E+00    1.4489426350E-01
    5.0898000000E-05    1.1592872518E+00   -5.7953156644E-02    2.4486290391E+00    1.4486333383E-01
    5.0998000000E-05    1.1590865852E+00   -5.7567839252E-02    2.4526748601E+00    1.4483275910E-01
    5.1098000000E-05    1.1588872225E+00   -5.7181942005E-02    2.4567196686E+00    1.4480254020E-01
    5.1198000000E-05    1.1586891604E+00   -5.6795468225E-02    2.4607634894E+00    1.4477267801E-01
    5.1298000000E-05    1.1584923954E+00   -5.6408421194E-02    2.4648063472E+00    1.4474317341E-01
    5.1398000000E-05    1.1582969243E+00   -5.6020804156E-02    2.4688482670E+00    1.4471402728E-01
    5.1498000000E-05    1.1581027438E+00   -5.5632620317E-02    2.4728892733E+00    1.4468524049E-01
    5.1598000000E-05    1.1579098507E+00   -5.5243872846E-02    2.4769293911E+00    1.4465681390E-01
    5.1698000000E-05    1.1577182417E+00   -5.4854564877E-02    2.4809686451E+00    1.4462874839E-01
    5.1798000000E-05    1.1575279136E+00   -5.4464699506E-02    2.4850070602E+00    1.4460104480E-01
    5.1898000000E-05    1.1573388634E+00   -5.4074279797E-02    2.4890446612E+00    1.4457370399E-01
    5.1998000000E-05    1.1571510878E+00   -5.3683308779E-02    2.4930814728E+00    1.4454672682E-01
    5.2098000000E-05    1.1569645837E+00   -5.3291789448E-02    2.4971175201E+00    1.4452011413E-01
    5.2198000000E-05    1.1567793482E+00   -5.2899724767E-02    2.5011528278E+00    1.4449386676E-01
    5.2298000000E-05    1.1565953781E+00   -5.2507117669E-02    2.5051874207E+00    1.4446798556E-01
    5.2398000000E-05    1.1564126705E+00   -5.2113971055E-02    2.5092213238E+00    1.4444247134E-01
    5.2498000000E-05    1.1562312224E+00   -5.1720287795E-02    2.5132545618E+00    1.4441732496E-01
    5.2598000000E-05    1.1560510308E+00   -5.1326070732E-02    2.5172871597E+00    1.4439254723E-01
    5.2698000000E-05    1.1558720928E+00   -5.0931322679E-02    2.5213191422E+00    1.4436813897E-01
    5.2798000000E-05    1.1556944055E+00   -5.0536046421E-02    2.5253505343E+00    1.4434410100E-01
    5.2898000000E-05    1.1555179661E+00   -5.0140244716E-02    2.5293813607E+00    1.4432043413E-01
    5.2998000000E-05    1.1553427718E+00   -4.9743920296E-02    2.5334116463E+00    1.4429713917E-01
    5.3098000000E-05    1.1551688198E+00   -4.9347075868E-02    2.5374414159E+00    1.4427421693E-01
    5.3198000000E-05    1.1549961072E+00   -4.8949714113E-02    2.5414706943E+00    1.4425166820E-01
    5.3298000000E-05    1.1548246314E+00   -4.8551837688E-02    2.5454995064E+00    1.4422949377E-01
    5.3398000000E-05    1.1546543897E+00   -4.8153449227E-02    2.5495278770E+00    1.4420769445E-01
    5.3498000000E-05    1.1544853794E+00   -4.7754551343E-02    2.5535558307E+00    1.4418627101E-01
    5.3598000000E-05    1.1543175978E+00   -4.7355146624E-02    2.5575833924E+00    1.4416522424E-01
    5.3698000000E-05    1.1541510423E+00   -4.6955237639E-02    2.5616105869E+00    1.4414455490E-01
    5.3798000000E-05    1.1539857105E+00   -4.6554826936E-02    2.5656374388E+00    1.4412426378E-01
    5.3898000000E-05    1.1538215996E+00   -4.6153917044E-02    2.5696639730E+00    1.4410435163E-01
    5.3998000000E-05    1.1536587073E+00   -4.5752510473E-02    2.5736902140E+00    1.4408481922E-01
    5.4098000000E-05    1.1534970310E+00   -4.5350609714E-02    2.5777161865E+00    1.4406566731E-01
    5.4198000000E-05    1.1533365682E+00   -4.4948217242E-02    2.5817419153E+00    1.4404689664E-01
    5.4298000000E-05    1.1531773166E+00   -4.4545335514E-02    2.5857674249E+00    1.4402850796E-01
    5.4398000000E-05    1.1530192737E+00   -4.4141966972E-02    2.5897927400E+00    1.4401050201E-01
    5.4498000000E-05    1.1528624372E+00   -4.3738114042E-02    2.5938178851E+00    1.4399287954E-01
    5.4598000000E-05    1.1527068047E+00   -4.3333779137E-02    2.5978428848E+00    1.4397564126E-01
    5.4698000000E-05    1.1525523740E+00   -4.2928964654E-02    2.6018677636E+00    1.4395878790E-01
    5.4798000000E-05    1.1523991427E+00   -4.2523672980E-02    2.6058925461E+00    1.4394232018E-01
    5.4898000000E-05    1.1522471087E+00   -4.2117906487E-02    2.6099172566E+00    1.4392623882E-01
    5.4998000000E-05    1.1520962696E+00   -4.1711667536E-02    2.6139419197E+00    1.4391054452E-01
    5.5098000000E-05    1.1519466235E+00   -4.1304958479E-02    2.6179665597E+00    1.4389523799E-01
    5.5198000000E-05    1.1517981680E+00   -4.0897781656E-02    2.6219912011E+00    1.4388031992E-01
    5.5298000000E-05    1.1516509011E+00   -4.0490139397E-02    2.6260158682E+00    1.4386579100E-01
    5.5398000000E-05    1.1515048206E+00   -4.0082034026E-02    2.6300405852E+00    1.4385165192E-01
    5.5498000000E-05    1.1513599247E+00   -3.9673467856E-02    2.6340653765E+00    1.4383790335E-01
    5.5598000000E-05    1.1512162111E+00   -3.9264443195E-02    2.6380902664E+00    1.4382454597E-01
    5.5698000000E-05    1.1510736779E+00   -3.8854962342E-02    2.6421152789E+00    1.4381158044E-01
    5.5798000000E-05    1.1509323232E+00   -3.8445027592E-02    2.6461404384E+00    1.4379900743E-01
    5.5898000000E-05    1.1507921450E+00   -3.8034641235E-02    2.6501657688E+00    1.4378682759E-01
    5.5998000000E-05    1.1506531414E+00   -3.7623805554E-02    2.6541912944E+00    1.4377504156E-01
    5.6098000000E-05    1.1505153106E+00   -3.7212522829E-02    2.6582170391E+00    1.4376364998E-01
    5.6198000000E-05    1.1503786507E+00   -3.6800795339E-02    2.6622430270E+00    1.4375265350E-01
    5.6298000000E-05    1.1502431600E+00   -3.6388625358E-02    2.6662692820E+00    1.4374205273E-01
    5.6398000000E-05    1.1501088365E+00   -3.5976015158E-02    2.6702958281E+00    1.4373184830E-01
    5.6498000000E-05    1.1499756787E+00   -3.5562967011E-02    2.6743226892E+00    1.4372204083E-01
    5.6598000000E-05    1.1498436847E+00   -3.5149483187E-02    2.6783498891E+00    1.4371263091E-01
    5.6698000000E-05    1.1497128529E+00   -3.4735565957E-02    2.6823774516E+00    1.4370361915E-01
    5.6798000000E-05    1.1495831817E+00   -3.4321217593E-02    2.6864054004E+00    1.4369500614E-01
    5.6898000000E-05    1.1494546694E+00   -3.3906440367E-02    2.6904337593E+00    1.4368679247E-01
    5.6998000000E-05    1.1493273145E+00   -3.3491236553E-02    2.6944625520E+00    1.4367897872E-01
    5.7098000000E-05    1.1492011153E+00   -3.3075608428E-02    2.6984918021E+00    1.4367156546E-01
    5.7198000000E-05    1.1490760705E+00   -3.2659558272E-02    2.7025215331E+00    1.4366455325E-01
    5.7298000000E-05    1.1489521784E+00   -3.2243088369E-02    2.7065517686E+00    1.4365794265E-01
    5.7398000000E-05    1.1488294376E+00   -3.1826201007E-02    2.7105825320E+00    1.4365173421E-01
    5.7498000000E-05    1.1487078468E+00   -3.1408898480E-02    2.7146138469E+00    1.4364592847E-01
    5.7598000000E-05    1.1485874044E+00   -3.0991183084E-02    2.7186457366E+00    1.4364052596E-01
    5.7698000000E-05    1.1484681092E+00   -3.0573057125E-02    2.7226782244E+00    1.4363552721E-01
    5.7798000000E-05    1.1483499599E+00   -3.0154522913E-02    2.7267113336E+00    1.4363093274E-01
    5.7898000000E-05    1.1482329550E+00   -2.9735582768E-02    2.7307450876E+00    1.4362674307E-01
    5.7998000000E-05    1.1481170935E+00   -2.9316239015E-02    2.7347795094E+00    1.4362295868E-01
    5.8098000000E-05    1.1480023740E+00   -2.8896493988E-02    2.7388146222E+00    1.4361958008E-01
    5.8198000000E-05    1.1478887953E+00   -2.8476350031E-02    2.7428504492E+00    1.4361660776E-01
    5.8298000000E-05    1.1477763563E+00   -2.8055809497E-02    2.7468870134E+00    1.4361404219E-01
    5.8398000000E-05    1.1476650558E+00   -2.7634874747E-02    2.7509243378E+00    1.4361188384E-01
    5.8498000000E-05    1.1475548928E+00   -2.7213548155E-02    2.7549624454E+00    1.4361013318E-01
    5.8598000000E-05    1.1474458662E+00   -2.6791832104E-02    2.7590013590E+00    1.4360879066E-01
    5.8698000000E-05    1.1473379750E+00   -2.6369728991E-02    2.7630411015E+00    1.4360785672E-01
    5.8798000000E-05    1.1472312182E+00   -2.5947241223E-02    2.7670816958E+00    1.4360733181E-01
    5.8898000000E-05    1.1471255948E+00   -2.5524371219E-02    2.7711231645E+00    1.4360721634E-01
    5.8998000000E-05    1.1470211038E+00   -2.5101121412E-02    2.7751655304E+00    1.4360751076E-01
    5.9098000000E-05    1.1469177445E+00   -2.4677494248E-02    2.7792088162E+00    1.4360821545E-01
    5.9198000000E-05    1.1468155160E+00   -2.4253492189E-02    2.7832530444E+00    1.4360933083E-01
    5.9298000000E-05    1.1467144174E+00   -2.3829117707E-02    2.7872982377E+00    1.4361085730E-01
    5.9398000000E-05    1.1466144479E+00   -2.3404373293E-02    2.7913444185E+00    1.4361279523E-01
    5.9498000000E-05    1.1465156069E+00   -2.2979261451E-02    2.7953916092E+00    1.4361514501E-01
    5.9598000000E-05    1.1464178935E+00   -2.2553784701E-02    2.7994398324E+00    1.4361790700E-01
    5.9698000000E-05    1.1463213072E+00   -2.2127945580E-02    2.8034891103E+00    1.4362108157E-01
    5.9798000000E-05    1.1462258472E+00   -2.1701746641E-02    2.8075394654E+00    1.4362466906E-01
    5.9898000000E-05    1.1461315131E+00   -2.1275190453E-02    2.8115909197E+00    1.4362866982E-01
    5.9998000000E-05    1.1460383041E+00   -2.0848279605E-02    2.8156434956E+00    1.4363308418E-01
    6.0098000000E-05    1.1459462199E+00   -2.0421016700E-02    2.8196972152E+00    1.4363791246E-01
    6.0198000000E-05    1.1458552598E+00   -1.9993404363E-02    2.8237521006E+00    1.4364315498E-01
    6.0298000000E-05    1.1457654235E+00   -1.9565445236E-02    2.8278081740E+00    1.4364881205E-01
    6.0398000000E-05    1.1456767105E+00   -1.9137141978E-02    2.8318654572E+00    1.4365488397E-01
    6.0498000000E-05    1.1455891205E+00   -1.8708497270E-02    2.8359239723E+00    1.4366137102E-01
    6.0598000000E-05    1.1455026532E+00   -1.8279513812E-02    2.8399837413E+00    1.4366827347E-01
    6.0698000000E-05    1.1454173081E+00   -1.7850194323E-02    2.8440447859E+00    1.4367559162E-01
    6.0798000000E-05    1.1453330851E+00   -1.7420541543E-02    2.8481071280E+00    1.4368332570E-01
    6.0898000000E-05    1.1452499840E+00   -1.6990558233E-02    2.8521707894E+00    1.4369147598E-01
    6.0998000000E-05    1.1451680045E+00   -1.6560247174E-02    2.8562357918E+00    1.4370004270E-01
    6.1098000000E-05    1.1450871466E+00   -1.6129611170E-02    2.8603021569E+00    1.4370902609E-01
    6.1198000000E-05    1.1450074101E+00   -1.5698653045E-02    2.8643699064E+00    1.4371842638E-01
    6.1298000000E-05    1.1449287950E+00   -1.5267375645E-02    2.8684390617E+00    1.4372824378E-01
    6.1398000000E-05    1.1448513012E+00   -1.4835781839E-02    2.8725096445E+00    1.4373847850E-01
    6.1498000000E-05    1.1447749289E+00   -1.4403874518E-02    2.8765816763E+00    1.4374913074E-01
    6.1598000000E-05    1.1446996780E+00   -1.3971656596E-02    2.8806551784E+00    1.4376020069E-01
    6.1698000000E-05    1.1446255486E+00   -1.3539131010E-02    2.8847301723E+00    1.4377168852E-01
    6.1798000000E-05    1.1445525410E+00   -1.3106300719E-02    2.8888066794E+00    1.4378359440E-01
    6.1898000000E-05    1.1444806553E+00   -1.2673168708E-02    2.8928847210E+00    1.4379591850E-01
    6.1998000000E-05    1.1444098917E+00   -1.2239737984E-02    2.8969643182E+00    1.4380866097E-01
    6.2098000000E-05    1.1443402506E+00   -1.1806011578E-02    2.9010454924E+00    1.4382182196E-01
    6.2198000000E-05    1.1442717323E+00   -1.1371992546E-02    2.9051282647E+00    1.4383540158E-01
    6.2298000000E-05    1.1442043371E+00   -1.0937683968E-02    2.9092126562E+00    1.4384939997E-01
    6.2398000000E-05    1.1441380655E+00   -1.0503088948E-02    2.9132986880E+00    1.4386381725E-01
    6.2498000000E-05    1.1440729178E+00   -1.0068210616E-02    2.9173863811E+00    1.4387865352E-01
    6.2598000000E-05    1.1440088947E+00   -9.6330521271E-03    2.9214757565E+00    1.4389390887E-01
    6.2698000000E-05    1.1439459967E+00   -9.1976166599E-03    2.9255668352E+00    1.4390958341E-01
    6.2798000000E-05    1.1438842244E+00   -8.7619074201E-03    2.9296596381E+00    1.4392567719E-01
    6.2898000000E-05    1.1438235784E+00   -8.3259276380E-03    2.9337541860E+00    1.4394219030E-01
    6.2998000000E-05    1.1437640594E+00   -7.8896805701E-03    2.9378504997E+00    1.4395912280E-01
    6.3098000000E-05    1.1437056682E+00   -7.4531694985E-03    2.9419485999E+00    1.4397647473E-01
    6.3198000000E-05    1.1436484055E+00   -7.0163977314E-03    2.9460485075E+00    1.4399424615E-01
    6.3298000000E-05    1.1435922722E+00   -6.5793686030E-03    2.9501502430E+00    1.4401243708E-01
    6.3398000000E-05    1.1435372692E+00   -6.1420854738E-03    2.9542538271E+00    1.4403104755E-01
    6.3498000000E-05    1.1434833974E+00   -5.7045517307E-03    2.9583592804E+00    1.4405007757E-01
    6.3598000000E-05    1.1434306579E+00   -5.2667707871E-03    2.9624666234E+00    1.4406952716E-01
    6.3698000000E-05    1.1433790515E+00   -4.8287460828E-03    2.9665758766E+00    1.4408939631E-01
    6.3798000000E-05    1.1433285795E+00   -4.3904810845E-03    2.9706870605E+00    1.4410968501E-01
    6.3898000000E-05    1.1432792429E+00   -3.9519792856E-03    2.9748001954E+00    1.4413039324E-01
    6.3998000000E-05    1.1432310430E+00   -3.5132442061E-03    2.9789153017E+00    1.4415152098E-01
    6.4098000000E-05    1.1431839809E+00   -3.0742793932E-03    2.9830323997E+00    1.4417306818E-01
    6.4198000000E-05    1.1431380581E+00   -2.6350884210E-03    2.9871515098E+00    1.4419503479E-01
    6.4298000000E-05    1.1430932757E+00   -2.1956748904E-03    2.9912726520E+00    1.4421742078E-01
    6.4398000000E-05    1.1430496353E+00   -1.7560424297E-03    2.9953958467E+00    1.4424022606E-01
    6.4498000000E-05    1.1430071382E+00   -1.3161946942E-03    2.9995211138E+00    1.4426345057E-01
    6.4598000000E-05    1.1429657860E+00   -8.7613536613E-04    3.0036484736E+00    1.4428709422E-01
    6.4698000000E-05    1.1429255801E+00   -4.3586815517E-04    3.0077779460E+00    1.4431115694E-01
    6.4798000000E-05    1.1428865223E+00    4.6032019415E-06    3.0119095511E+00    1.4433563861E-01
    6.4898000000E-05    1.1428486142E+00    4.4527494123E-04    3.0160433088E+00    1.4436053913E-01
    6.4998000000E-05    1.1428118575E+00    8.8614327153E-04    3.0201792389E+00    1.4438585838E-01
    6.5098000000E-05    1.1427762540E+00    1.3272043745E-03    3.0243173614E+00    1.4441159625E-01
    6.5198000000E-05    1.1427418054E+00    1.7684544045E-03    3.0284576961E+00    1.4443775259E-01
    6.5298000000E-05    1.1427085137E+00    2.2098894888E-03    3.0326002627E+00    1.4446432726E-01
    6.5398000000E-05    1.1426763809E+00    2.6515057276E-03    3.0367450809E+00    1.4449132011E-01
    6.5498000000E-05    1.1426454088E+00    3.0932991939E-03    3.0408921704E+00    1.4451873098E-01
    6.5598000000E-05    1.1426155996E+00    3.5352659334E-03    3.0450415508E+00    1.4454655971E-01
    6.5698000000E-05    1.1425869554E+00    3.9774019651E-03    3.0491932418E+00    1.4457480612E-01
    6.5798000000E-05    1.1425594783E+00    4.4197032809E-03    3.0533472627E+00    1.4460347001E-01
    6.5898000000E-05    1.1425331706E+00    4.8621658457E-03    3.0575036331E+00    1.4463255121E-01
    6.5998000000E-05    1.1425080345E+00    5.3047855975E-03    3.0616623725E+00    1.4466204949E-01
    6.6098000000E-05    1.1424840724E+00    5.7475584476E-03    3.0658235001E+00    1.4469196466E-01
    6.6198000000E-05    1.1424612866E+00    6.1904802804E-03    3.0699870354E+00    1.4472229649E-01
    6.6298000000E-05    1.1424396797E+00    6.6335469533E-03    3.0741529975E+00    1.4475304475E-01
    6.6398000000E-05    1.1424192541E+00    7.0767542975E-03    3.0783214058E+00    1.4478420920E-01
    6.6498000000E-05    1.1424000123E+00    7.5200981173E-03    3.0824922794E+00    1.4481578960E-01
    6.6598000000E-05    1.1423819571E+00    7.9635741909E-03    3.0866656374E+00    1.4484778570E-01
    6.6698000000E-05    1.1423650911E+00    8.4071782701E-03    3.0908414988E+00    1.4488019722E-01
    6.6798000000E-05    1.1423494171E+00    8.8509060808E-03    3.0950198828E+00    1.4491302390E-01
    6.6898000000E-05    1.1423349378E+00    9.2947533224E-03    3.0992008083E+00    1.4494626545E-01
    6.6998000000E-05    1.1423216562E+00    9.7387156689E-03    3.1033842942E+00    1.4497992158E-01
    6.7098000000E-05    1.1423095751E+00    1.0182788768E-02    3.1075703593E+00    1.4501399200E-01
    6.7198000000E-05    1.1422986976E+00    1.0626968242E-02    3.1117590225E+00    1.4504847640E-01
    6.7298000000E-05    1.1422890266E+00    1.1071249688E-02    3.1159503025E+00    1.4508337445E-01
    6.7398000000E-05    1.1422805653E+00    1.1515628678E-02    3.1201442180E+00    1.4511868584E-01
    6.7498000000E-05    1.1422733169E+00    1.1960100757E-02    3.1243407877E+00    1.4515441023E-01
    6.7598000000E-05    1.1422672846E+00    1.2404661446E-02    3.1285400302E+00    1.4519054727E-01
    6.7698000000E-05    1.1422624716E+00    1.2849306242E-02    3.1327419640E+00    1.4522709661E-01
    6.7798000000E-05    1.1422588814E+00    1.3294030617E-02    3.1369466075E+00    1.4526405790E-01
    6.7898000000E-05    1.1422565173E+00    1.3738830016E-02    3.1411539793E+00    1.4530143075E-01
    6.7998000000E-05    1.1422553827E+00    1.4183699864E-02    3.1453640976E+00    1.4533921479E-01
    6.8098000000E-05    1.1422554813E+00    1.4628635557E-02    3.1495769807E+00    1.4537740963E-01
    6.8198000000E-05    1.1422568165E+00    1.5073632470E-02    3.1537926471E+00    1.4541601487E-01
    6.8298000000E-05    1.1422593921E+00    1.5518685953E-02    3.1580111147E+00    1.4545503011E-01
    6.8398000000E-05    1.1422632118E+00    1.5963791334E-02    3.1622324017E+00    1.4549445492E-01
    6.8498000000E-05    1.1422682793E+00    1.6408943914E-02    3.1664565263E+00    1.4553428888E-01
    6.8598000000E-05    1.1422745984E+00    1.6854138975E-02    3.1706835065E+00    1.4557453156E-01
    6.8698000000E-05    1.1422821731E+00    1.7299371772E-02    3.1749133601E+00    1.4561518250E-01
    6.8798000000E-05    1.1422910073E+00    1.7744637539E-02    3.1791461052E+00    1.4565624126E-01
    6.8898000000E-05    1.1423011049E+00    1.8189931488E-02    3.1833817595E+00    1.4569770736E-01
    6.8998000000E-05    1.1423124702E+00    1.8635248808E-02    3.1876203408E+00    1.4573958034E-01
    6.9098000000E-05    1.1423251071E+00    1.9080584664E-02    3.1918618668E+00    1.4578185971E-01
    6.9198000000E-05    1.1423390200E+00    1.9525934200E-02    3.1961063552E+00    1.4582454497E-01
    6.9298000000E-05    1.1423542130E+00    1.9971292540E-02    3.2003538236E+00    1.4586763562E-01
    6.9398000000E-05    1.1423706904E+00    2.0416654784E-02    3.2046042895E+00    1.4591113115E-01
    6.9498000000E-05    1.1423884566E+00    2.0862016011E-02    3.2088577704E+00    1.4595503103E-01
    6.9598000000E-05    1.1424075161E+00    2.1307371279E-02    3.2131142837E+00    1.4599933472E-01
    6.9698000000E-05    1.1424278733E+00    2.1752715626E-02    3.2173738467E+00    1.4604404169E-01
    6.9798000000E-05    1.1424495327E+00    2.2198044067E-02    3.2216364767E+00    1.4608915138E-01
    6.9898000000E-05    1.1424724991E+00    2.2643351599E-02    3.2259021909E+00    1.4613466323E-01
    6.9998000000E-05    1.1424967770E+00    2.3088633196E-02    3.2301710065E+00    1.4618057665E-01
    7.0098000000E-05    1.1425223711E+00    2.3533883814E-02    3.2344429406E+00    1.4622689106E-01
    7.0198000000E-05    1.1425492862E+00    2.3979098389E-02    3.2387180102E+00    1.4627360586E-01
    7.0298000000E-05    1.1425775272E+00    2.4424271835E-02    3.2429962323E+00    1.4632072045E-01
    7.0398000000E-05    1.1426070990E+00    2.4869399048E-02    3.2472776237E+00    1.4636823421E-01
    7.0498000000E-05    1.1426380064E+00    2.5314474903E-02    3.2515622013E+00    1.4641614651E-01
    7.0598000000E-05    1.1426702546E+00    2.5759494258E-02    3.2558499820E+00    1.4646445670E-01
    7.0698000000E-05    1.1427038485E+00    2.6204451951E-02    3.2601409823E+00    1.4651316414E-01
    7.0798000000E-05    1.1427387933E+00    2.6649342802E-02    3.2644352189E+00    1.4656226816E-01
    7.0898000000E-05    1.1427750941E+00    2.7094161611E-02    3.2687327085E+00    1.4661176809E-01
    7.0998000000E-05    1.1428127562E+00    2.7538903162E-02    3.2730334675E+00    1.4666166325E-01
    7.1098000000E-05    1.1428517848E+00    2.7983562219E-02    3.2773375124E+00    1.4671195293E-01
    7.1198000000E-05    1.1428921854E+00    2.8428133530E-02    3.2816448596E+00    1.4676263644E-01
    7.1298000000E-05    1.1429339632E+00    2.8872611824E-02    3.2859555253E+00    1.4681371304E-01
    7.1398000000E-05    1.1429771237E+00    2.9316991813E-02    3.2902695260E+00    1.4686518201E-01
    7.1498000000E-05    1.1430216724E+00    2.9761268193E-02    3.2945868777E+00    1.4691704260E-01
    7.1598000000E-05    1.1430676149E+00    3.0205435641E-02    3.2989075966E+00    1.4696929407E-01
    7.1698000000E-05    1.1431149567E+00    3.0649488818E-02    3.3032316987E+00    1.4702193563E-01
    7.1798000000E-05    1.1431637036E+00    3.1093422368E-02    3.3075592002E+00    1.4707496652E-01
    7.1898000000E-05    1.1432138611E+00    3.1537230919E-02    3.3118901168E+00    1.4712838594E-01
    7.1998000000E-05    1.1432654351E+00    3.1980909083E-02    3.3162244646E+00    1.4718219309E-01
    7.2098000000E-05    1.1433184314E+00    3.2424451455E-02    3.3205622593E+00    1.4723638715E-01
    7.2198000000E-05    1.1433728558E+00    3.2867852615E-02    3.3249035167E+00    1.4729096729E-01
    7.2298000000E-05    1.1434287142E+00    3.3311107125E-02    3.3292482524E+00    1.4734593268E-01
    7.2398000000E-05    1.1434860126E+00    3.3754209534E-02    3.3335964822E+00    1.4740128246E-01
    7.2498000000E-05    1.1435447569E+00    3.4197154374E-02    3.3379482215E+00    1.4745701577E-01
    7.2598000000E-05    1.1436049533E+00    3.4639936160E-02    3.3423034860E+00    1.4751313172E-01
    7.2698000000E-05    1.1436666078E+00    3.5082549395E-02    3.3466622910E+00    1.4756962943E-01
    7.2798000000E-05    1.1437297265E+00    3.5524988564E-02    3.3510246519E+00    1.4762650799E-01
    7.2898000000E-05    1.1437943156E+00    3.5967248139E-02    3.3553905840E+00    1.4768376649E-01
    7.2998000000E-05    1.1438603815E+00    3.6409322574E-02    3.3597601027E+00    1.4774140399E-01
    7.3098000000E-05    1.1439279302E+00    3.6851206310E-02    3.3641332232E+00    1.4779941956E-01
    7.3198000000E-05    1.1439969683E+00    3.7292893774E-02    3.3685099605E+00    1.4785781224E-01
    7.3298000000E-05    1.1440675020E+00    3.7734379374E-02    3.3728903298E+00    1.4791658106E-01
    7.3398000000E-05    1.1441395377E+00    3.8175657505E-02    3.3772743462E+00    1.4797572504E-01
    7.3498000000E-05    1.1442130819E+00    3.8616722548E-02    3.3816620245E+00    1.4803524318E-01
    7.3598000000E-05    1.1442881411E+00    3.9057568867E-02    3.3860533798E+00    1.4809513448E-01
    7.3698000000E-05    1.1443647218E+00    3.9498190813E-02    3.3904484269E+00    1.4815539792E-01
    7.3798000000E-05    1.1444428306E+00    3.9938582721E-02    3.3948471805E+00    1.4821603246E-01
    7.3898000000E-05    1.1445224742E+00    4.0378738912E-02    3.3992496555E+00    1.4827703706E-01
    7.3998000000E-05    1.1446036591E+00    4.0818653692E-02    3.4036558666E+00    1.4833841065E-01
    7.4098000000E-05    1.1446863921E+00    4.1258321352E-02    3.4080658283E+00    1.4840015216E-01
    7.4198000000E-05    1.1447706799E+00    4.1697736168E-02    3.4124795553E+00    1.4846226051E-01
    7.4298000000E-05    1.1448565293E+00    4.2136892400E-02    3.4168970621E+00    1.4852473458E-01
    7.4398000000E-05    1.1449439471E+00    4.2575784294E-02    3.4213183632E+00    1.4858757328E-01
    7.4498000000E-05    1.1450329401E+00    4.3014406081E-02    3.4257434730E+00    1.4865077547E-01
    7.4598000000E-05    1.1451235153E+00    4.3452751977E-02    3.4301724059E+00    1.4871434001E-01
    7.4698000000E-05    1.1452156795E+00    4.3890816181E-02    3.4346051763E+00    1.4877826574E-01
    7.4798000000E-05    1.1453094397E+00    4.4328592876E-02    3.4390417983E+00    1.4884255151E-01
    7.4898000000E-05    1.1454048029E+00    4.4766076233E-02    3.4434822862E+00    1.4890719612E-01
    7.4998000000E-05    1.1455017762E+00    4.5203260401E-02    3.4479266542E+00    1.4897219839E-01
    7.5098000000E-05    1.1456003665E+00    4.5640139519E-02    3.4523749164E+00    1.4903755711E-01
    7.5198000000E-05    1.1457005810E+00    4.6076707705E-02    3.4568270869E+00    1.4910327106E-01
    7.5298000000E-05    1.1458024268E+00    4.6512959062E-02    3.4612831797E+00    1.4916933900E-01
    7.5398000000E-05    1.1459059111E+00    4.6948887677E-02    3.4657432088E+00    1.4923575969E-01
    7.5498000000E-05    1.1460110410E+00    4.7384487618E-02    3.4702071880E+00    1.4930253187E-01
    7.5598000000E-05    1.1461178238E+00    4.7819752938E-02    3.4746751314E+00    1.4936965426E-01
    7.5698000000E-05    1.1462262667E+00    4.8254677668E-02    3.4791470526E+00    1.4943712558E-01
    7.5798000000E-05    1.1463363770E+00    4.8689255822E-02    3.4836229656E+00    1.4950494454E-01
    7.5898000000E-05    1.1464481620E+00    4.9123481397E-02    3.4881028839E+00    1.4957310981E-01
    7.5998000000E-05    1.1465616291E+00    4.9557348368E-02    3.4925868214E+00    1.4964162008E-01
    7.6098000000E-05    1.1466767856E+00    4.9990850692E-02    3.4970747917E+00    1.4971047401E-01
    7.6198000000E-05    1.1467936389E+00    5.0423982307E-02    3.5015668083E+00    1.4977967024E-01
    7.6298000000E-05    1.1469121964E+00    5.0856737130E-02    3.5060628848E+00    1.4984920742E-01
    7.6398000000E-05    1.1470324656E+00    5.1289109059E-02    3.5105630347E+00    1.4991908418E-01
    7.6498000000E-05    1.1471544539E+00    5.1721091967E-02    3.5150672715E+00    1.4998929911E-01
    7.6598000000E-05    1.1472781690E+00    5.2152679710E-02    3.5195756086E+00    1.5005985083E-01
    7.6698000000E-05    1.1474036182E+00    5.2583866119E-02    3.5240880594E+00    1.5013073793E-01
    7.6798000000E-05    1.1475308091E+00    5.3014645003E-02    3.5286046371E+00    1.5020195897E-01
    7.6898000000E-05    1.1476597493E+00    5.3445010149E-02    3.5331253552E+00    1.5027351252E-01
    7.6998000000E-05    1.1477904464E+00    5.3874955317E-02    3.5376502267E+00    1.5034539715E-01
    7.7098000000E-05    1.1479229081E+00    5.4304474247E-02    3.5421792649E+00    1.5041761137E-01
    7.7198000000E-05    1.1480571420E+00    5.4733560651E-02    3.5467124830E+00    1.5049015373E-01
    7.7298000000E-05    1.1481931556E+00    5.5162208216E-02    3.5512498940E+00    1.5056302275E-01
    7.7398000000E-05    1.1483309569E+00    5.5590410602E-02    3.5557915110E+00    1.5063621692E-01
    7.7498000000E-05    1.1484705533E+00    5.6018161442E-02    3.5603373470E+00    1.5070973475E-01
    7.7598000000E-05    1.1486119527E+00    5.6445454343E-02    3.5648874150E+00    1.5078357471E-01
    7.7698000000E-05    1.1487551629E+00    5.6872282882E-02    3.5694417280E+00    1.5085773528E-01
    7.7798000000E-05    1.1489001916E+00    5.7298640606E-02    3.5740002986E+00    1.5093221492E-01
    7.7898000000E-05    1.1490470465E+00    5.7724521032E-02    3.5785631399E+00    1.5100701208E-01
    7.7998000000E-05    1.1491957356E+00    5.8149917646E-02    3.5831302646E+00    1.5108212521E-01
    7.8098000000E-05    1.1493462666E+00    5.8574823899E-02    3.5877016854E+00    1.5115755273E-01
    7.8198000000E-05    1.1494986475E+00    5.8999233213E-02    3.5922774150E+00    1.5123329306E-01
    7.8298000000E-05    1.1496528859E+00    5.9423138975E-02    3.5968574660E+00    1.5130934462E-01
    7.8398000000E-05    1.1498089900E+00    5.9846534536E-02    3.6014418511E+00    1.5138570579E-01
    7.8498000000E-05    1.1499669675E+00    6.0269413215E-02    3.6060305827E+00    1.5146237498E-01
    7.8598000000E-05    1.1501268264E+00    6.0691768292E-02    3.6106236735E+00    1.5153935056E-01
    7.8698000000E-05    1.1502885746E+00    6.1113593011E-02    3.6152211358E+00    1.5161663091E-01
    7.8798000000E-05    1.1504522201E+00    6.1534880577E-02    3.6198229820E+00    1.5169421437E-01
    7.8898000000E-05    1.1506177708E+00    6.1955624156E-02    3.6244292244E+00    1.5177209932E-01
    7.8998000000E-05    1.1507852348E+00    6.2375816875E-02    3.6290398754E+00    1.5185028408E-01
    7.9098000000E-05    1.1509546201E+00    6.2795451818E-02    3.6336549473E+00    1.5192876700E-01
    7.9198000000E-05    1.1511259346E+00    6.3214522027E-02    3.6382744520E+00    1.5200754640E-01
    7.9298000000E-05    1.1512991864E+00    6.3633020501E-02    3.6428984020E+00    1.5208662060E-01
    7.9398000000E-05    1.1514743836E+00    6.4050940194E-02    3.6475268091E+00    1.5216598790E-01
    7.9498000000E-05    1.1516515342E+00    6.4468274014E-02    3.6521596854E+00    1.5224564660E-01
    7.9598000000E-05    1.1518306463E+00    6.4885014824E-02    3.6567970429E+00    1.5232559501E-01
    7.9698000000E-05    1.1520117280E+00    6.5301155436E-02    3.6614388934E+00    1.5240583140E-01
    7.9798000000E-05    1.1521947873E+00    6.5716688615E-02    3.6660852489E+00    1.5248635405E-01
    7.9898000000E-05    1.1523798325E+00    6.6131607075E-02    3.6707361211E+00    1.5256716122E-01
    7.9998000000E-05    1.1525668717E+00    6.6545903474E-02    3.6753915218E+00    1.5264825119E-01
    8.0098000000E-05    1.1527559129E+00    6.6959570421E-02    3.6800514626E+00    1.5272962220E-01
    8.0198000000E-05    1.1529469644E+00    6.7372600467E-02    3.6847159551E+00    1.5281127250E-01
    8.0298000000E-05    1.1531400343E+00    6.7784986112E-02    3.6893850108E+00    1.5289320034E-01
    8.0398000000E-05    1.1533351308E+00    6.8196719794E-02    3.6940586412E+00    1.5297540394E-01
    8.0498000000E-05    1.1535322621E+00    6.8607793898E-02    3.6987368578E+00    1.5305788153E-01
    8.0598000000E-05    1.1537314364E+00    6.9018200747E-02    3.7034196718E+00    1.5314063133E-01
    8.0698000000E-05    1.1539326619E+00    6.9427932602E-02    3.7081070945E+00    1.5322365156E-01
    8.0798000000E-05    1.1541359468E+00    6.9836981666E-02    3.7127991371E+00    1.5330694041E-01
    8.0898000000E-05    1.1543412994E+00    7.0245340074E-02    3.7174958108E+00    1.5339049610E-01
    8.0998000000E-05    1.1545487279E+00    7.0652999899E-02    3.7221971266E+00    1.5347431682E-01
    8.1098000000E-05    1.1547582405E+00    7.1059953149E-02    3.7269030954E+00    1.5355840074E-01
    8.1198000000E-05    1.1549698456E+00    7.1466191760E-02    3.7316137281E+00    1.5364274607E-01
    8.1298000000E-05    1.1551835514E+00    7.1871707603E-02    3.7363290357E+00    1.5372735097E-01
    8.1398000000E-05    1.1553993661E+00    7.2276492476E-02    3.7410490287E+00    1.5381221362E-01
    8.1498000000E-05    1.1556172982E+00    7.2680538108E-02    3.7457737180E+00    1.5389733217E-01
    8.1598000000E-05    1.1558373557E+00    7.3083836153E-02    3.7505031139E+00    1.5398270480E-01
    8.1698000000E-05    1.1560595472E+00    7.3486378189E-02    3.7552372272E+00    1.5406832965E-01
    8.1798000000E-05    1.1562838808E+00    7.3888155718E-02    3.7599760680E+00    1.5415420488E-01
    8.1898000000E-05    1.1565103650E+00    7.4289160162E-02    3.7647196468E+00    1.5424032862E-01
    8.1998000000E-05    1.1567390080E+00    7.4689382867E-02    3.7694679739E+00    1.5432669902E-01
    8.2098000000E-05    1.1569698181E+00    7.5088815094E-02    3.7742210593E+00    1.5441331420E-01
    8.2198000000E-05    1.1572028038E+00    7.5487448026E-02    3.7789789130E+00    1.5450017231E-01
    8.2298000000E-05    1.1574379733E+00    7.5885272758E-02    3.7837415451E+00    1.5458727145E-01
    8.2398000000E-05    1.1576753350E+00    7.6282280304E-02    3.7885089655E+00    1.5467460975E-01
    8.2498000000E-05    1.1579148972E+00    7.6678461590E-02    3.7932811838E+00    1.5476218533E-01
    8.2598000000E-05    1.1581566684E+00    7.7073807451E-02    3.7980582098E+00    1.5484999628E-01
    8.2698000000E-05    1.1584006569E+00    7.7468308637E-02    3.8028400530E+00    1.5493804071E-01
    8.2798000000E-05    1.1586468710E+00    7.7861955804E-02    3.8076267229E+00    1.5502631672E-01
    8.2898000000E-05    1.1588953191E+00    7.8254739516E-02    3.8124182288E+00    1.5511482240E-01
    8.2998000000E-05    1.1591460097E+00    7.8646650244E-02    3.8172145801E+00    1.5520355584E-01
    8.3098000000E-05    1.1593989510E+00    7.9037678360E-02    3.8220157858E+00    1.5529251513E-01
    8.3198000000E-05    1.1596541515E+00    7.9427814143E-02    3.8268218551E+00    1.5538169833E-01
    8.3298000000E-05    1.1599116195E+00    7.9817047771E-02    3.8316327969E+00    1.5547110353E-01
    8.3398000000E-05    1.1601713634E+00    8.0205369323E-02    3.8364486200E+00    1.5556072878E-01
    8.3498000000E-05    1.1604333917E+00    8.0592768774E-02    3.8412693331E+00    1.5565057216E-01
    8.3598000000E-05    1.1606977126E+00    8.0979235996E-02    3.8460949449E+00    1.5574063172E-01
    8.3698000000E-05    1.1609643347E+00    8.1364760756E-02    3.8509254638E+00    1.5583090551E-01
    8.3798000000E-05    1.1612332662E+00    8.1749332715E-02    3.8557608983E+00    1.5592139157E-01
    8.3898000000E-05    1.1615045155E+00    8.2132941423E-02    3.8606012565E+00    1.5601208795E-01
    8.3998000000E-05    1.1617780911E+00    8.2515576327E-02    3.8654465467E+00    1.5610299269E-01
    8.4098000000E-05    1.1620540013E+00    8.2897226758E-02    3.8702967769E+00    1.5619410381E-01
    8.4198000000E-05    1.1623322544E+00    8.3277881938E-02    3.8751519550E+00    1.5628541933E-01
    8.4298000000E-05    1.1626128589E+00    8.3657530976E-02    3.8800120887E+00    1.5637693729E-01
    8.4398000000E-05    1.1628958232E+00    8.4036162864E-02    3.8848771857E+00    1.5646865568E-01
    8.4498000000E-05    1.1631811555E+00    8.4413766480E-02    3.8897472537E+00    1.5656057251E-01
    8.4598000000E-05    1.1634688643E+00    8.4790330584E-02    3.8946222999E+00    1.5665268579E-01
    8.4698000000E-05    1.1637589579E+00    8.5165843816E-02    3.8995023316E+00    1.5674499350E-01
    8.4798000000E-05    1.1640514446E+00    8.5540294697E-02    3.9043873562E+00    1.5683749364E-01
    8.4898000000E-05    1.1643463327E+00    8.5913671625E-02    3.9092773804E+00    1.5693018419E-01
    8.4998000000E-05    1.1646436307E+00    8.6285962877E-02    3.9141724114E+00    1.5702306312E-01
    8.5098000000E-05    1.1649433469E+00    8.6657156604E-02    3.9190724557E+00    1.5711612839E-01
    8.5198000000E-05    1.1652454894E+00    8.7027240833E-02    3.9239775202E+00    1.5720937797E-01
    8.5298000000E-05    1.1655500667E+00    8.7396203459E-02    3.9288876112E+00    1.5730280982E-01
    8.5398000000E-05    1.1658570870E+00    8.7764032252E-02    3.9338027352E+00    1.5739642186E-01
    8.5498000000E-05    1.1661665586E+00    8.8130714849E-02    3.9387228983E+00    1.5749021206E-01
    8.5598000000E-05    1.1664784898E+00    8.8496238761E-02    3.9436481068E+00    1.5758417832E-01
    8.5698000000E-05    1.1667928888E+00    8.8860591362E-02    3.9485783665E+00    1.5767831858E-01
    8.5798000000E-05    1.1671097638E+00    8.9223759897E-02    3.9535136833E+00    1.5777263075E-01
    8.5898000000E-05    1.1674291231E+00    8.9585731476E-02    3.9584540629E+00    1.5786711273E-01
    8.5998000000E-05    1.1677509749E+00    8.9946493071E-02    3.9633995108E+00    1.5796176243E-01
    8.6098000000E-05    1.1680753273E+00    9.0306031522E-02    3.9683500324E+00    1.5805657773E-01
    8.6198000000E-05    1.1684021885E+00    9.0664333529E-02    3.9733056331E+00    1.5815155651E-01
    8.6298000000E-05    1.1687315666E+00    9.1021385654E-02    3.9782663179E+00    1.5824669664E-01
    8.6398000000E-05    1.1690634698E+00    9.1377174318E-02    3.9832320919E+00    1.5834199597E-01
    8.6498000000E-05    1.1693979062E+00    9.1731685804E-02    3.9882029598E+00    1.5843745238E-01
    8.6598000000E-05    1.1697348839E+00    9.2084906253E-02    3.9931789265E+00    1.5853306368E-01
    8.6698000000E-05    1.1700744108E+00    9.2436821661E-02    3.9981599964E+00    1.5862882772E-01
    8.6798000000E-05    1.1704164951E+00    9.2787417884E-02    4.0031461740E+00    1.5872474232E-01
    8.6898000000E-05    1.1707611446E+00    9.3136680630E-02    4.0081374635E+00    1.5882080528E-01
    8.6998000000E-05    1.1711083675E+00    9.3484595461E-02    4.0131338692E+00    1.5891701441E-01
    8.7098000000E-05    1.1714581716E+00    9.3831147794E-02    4.0181353949E+00    1.5901336750E-01
    8.7198000000E-05    1.1718105648E+00    9.4176322898E-02    4.0231420445E+00    1.5910986232E-01
    8.7298000000E-05    1.1721655551E+00    9.4520105894E-02    4.0281538218E+00    1.5920649665E-01
    8.7398000000E-05    1.1725231502E+00    9.4862481756E-02    4.0331707303E+00    1.5930326823E-01
    8.7498000000E-05    1.1728833580E+00    9.5203435310E-02    4.0381927733E+00    1.5940017481E-01
    8.7598000000E-05    1.1732461862E+00    9.5542951229E-02    4.0432199541E+00    1.5949721413E-01
    8.7698000000E-05    1.1736116426E+00    9.5881014038E-02    4.0482522759E+00    1.5959438389E-01
    8.7798000000E-05    1.1739797348E+00    9.6217608111E-02    4.0532897416E+00    1.5969168182E-01
    8.7898000000E-05    1.1743504706E+00    9.6552717670E-02    4.0583323540E+00    1.5978910559E-01
    8.7998000000E-05    1.1747238575E+00    9.6886326786E-02    4.0633801159E+00    1.5988665290E-01
    8.8098000000E-05    1.1750999031E+00    9.7218419376E-02    4.0684330296E+00    1.5998432142E-01
    8.8198000000E-05    1.1754786149E+00    9.7548979205E-02    4.0734910976E+00    1.6008210880E-01
    8.8298000000E-05    1.1758600004E+00    9.7877989885E-02    4.0785543221E+00    1.6018001267E-01
    8.8398000000E-05    1.1762440670E+00    9.8205434874E-02    4.0836227051E+00    1.6027803068E-01
    8.8498000000E-05    1.1766308220E+00    9.8531297474E-02    4.0886962487E+00    1.6037616043E-01
    8.8598000000E-05    1.1770202729E+00    9.8855560832E-02    4.0937749545E+00    1.6047439953E-01
    8.8698000000E-05    1.1774124268E+00    9.9178207939E-02    4.0988588242E+00    1.6057274557E-01
    8.8798000000E-05    1.1778072909E+00    9.9499221633E-02    4.1039478593E+00    1.6067119611E-01
    8.8898000000E-05    1.1782048724E+00    9.9818584595E-02    4.1090420611E+00    1.6076974871E-01
    8.8998000000E-05    1.1786051784E+00    1.0013627935E-01    4.1141414307E+00    1.6086840093E-01
    8.9098000000E-05    1.1790082159E+00    1.0045228828E-01    4.1192459691E+00    1.6096715028E-01
    8.9198000000E-05    1.1794139919E+00    1.0076659359E-01    4.1243556773E+00    1.6106599429E-01
    8.9298000000E-05    1.1798225132E+00    1.0107917734E-01    4.1294705560E+00    1.6116493045E-01
    8.9398000000E-05    1.1802337866E+00    1.0139002144E-01    4.1345906056E+00    1.6126395625E-01
    8.9498000000E-05    1.1806478190E+00    1.0169910765E-01    4.1397158267E+00    1.6136306916E-01
    8.9598000000E-05    1.1810646169E+00    1.0200641755E-01    4.1448462194E+00    1.6146226663E-01
    8.9698000000E-05    1.1814841870E+00    1.0231193258E-01    4.1499817839E+00    1.6156154610E-01
    8.9798000000E-05    1.1819065358E+00    1.0261563405E-01    4.1551225201E+00    1.6166090499E-01
    8.9898000000E-05    1.1823316696E+00    1.0291750306E-01    4.1602684278E+00    1.6176034072E-01
    8.9998000000E-05    1.1827595950E+00    1.0321752061E-01    4.1654195066E+00    1.6185985067E-01
    9.0098000000E-05    1.1831903181E+00    1.0351566751E-01    4.1705757561E+00    1.6195943223E-01
    9.0198000000E-05    1.1836238451E+00    1.0381192443E-01    4.1757371755E+00    1.6205908274E-01
    9.0298000000E-05    1.1840601821E+00    1.0410627189E-01    4.1809037639E+00    1.6215879957E-01
    9.0398000000E-05    1.1844993350E+00    1.0439869025E-01    4.1860755205E+00    1.6225858004E-01
    9.0498000000E-05    1.1849413099E+00    1.0468915972E-01    4.1912524441E+00    1.6235842145E-01
    9.0598000000E-05    1.1853861124E+00    1.0497766035E-01    4.1964345332E+00    1.6245832112E-01
    9.0698000000E-05    1.1858337483E+00    1.0526417206E-01    4.2016217866E+00    1.6255827632E-01
    9.0798000000E-05    1.1862842232E+00    1.0554867460E-01    4.2068142024E+00    1.6265828432E-01
    9.0898000000E-05    1.1867375426E+00    1.0583114758E-01    4.2120117790E+00    1.6275834236E-01
    9.0998000000E-05    1.1871937117E+00    1.0611157047E-01    4.2172145144E+00    1.6285844769E-01
    9.1098000000E-05    1.1876527359E+00    1.0638992258E-01    4.2224224065E+00    1.6295859753E-01
    9.1198000000E-05    1.1881146203E+00    1.0666618307E-01    4.2276354529E+00    1.6305878907E-01
    9.1298000000E-05    1.1885793700E+00    1.0694033097E-01    4.2328536512E+00    1.6315901950E-01
    9.1398000000E-05    1.1890469898E+00    1.0721234516E-01    4.2380769988E+00    1.6325928600E-01
    9.1498000000E-05    1.1895174845E+00    1.0748220435E-01    4.2433054930E+00    1.6335958572E-01
    9.1598000000E-05    1.1899908587E+00    1.0774988716E-01    4.2485391307E+00    1.6345991580E-01
    9.1698000000E-05    1.1904671170E+00    1.0801537202E-01    4.2537779088E+00    1.6356027337E-01
    9.1798000000E-05    1.1909462637E+00    1.0827863723E-01    4.2590218241E+00    1.6366065553E-01
    9.1898000000E-05    1.1914283031E+00    1.0853966098E-01    4.2642708730E+00    1.6376105939E-01
    9.1998000000E-05    1.1919132392E+00    1.0879842128E-01    4.2695250520E+00    1.6386148202E-01
    9.2098000000E-05    1.1924010761E+00    1.0905489604E-01    4.2747843571E+00    1.6396192048E-01
    9.2198000000E-05    1.1928918175E+00    1.0930906300E-01    4.2800487845E+00    1.6406237183E-01
    9.2298000000E-05    1.1933854670E+00    1.0956089981E-01    4.2853183300E+00    1.6416283310E-01
    9.2398000000E-05    1.1938820282E+00    1.0981038394E-01    4.2905929891E+00    1.6426330131E-01
    9.2498000000E-05    1.1943815043E+00    1.1005749278E-01    4.2958727575E+00    1.6436377347E-01
    9.2598000000E-05    1.1948838986E+00    1.1030220356E-01    4.3011576302E+00    1.6446424655E-01
    9.2698000000E-05    1.1953892140E+00    1.1054449338E-01    4.3064476026E+00    1.6456471755E-01
    9.2798000000E-05    1.1958974534E+00    1.1078433924E-01    4.3117426695E+00    1.6466518343E-01
    9.2898000000E-05    1.1964086194E+00    1.1102171800E-01    4.3170428256E+00    1.6476564112E-01
    9.2998000000E-05    1.1969227145E+00    1.1125660639E-01    4.3223480655E+00    1.6486608758E-01
    9.3098000000E-05    1.1974397410E+00    1.1148898106E-01    4.3276583835E+00    1.6496651971E-01
    9.3198000000E-05    1.1979597009E+00    1.1171881849E-01    4.3329737738E+00    1.6506693443E-01
    9.3298000000E-05    1.1984825962E+00    1.1194609509E-01    4.3382942305E+00    1.6516732862E-01
    9.3398000000E-05    1.1990084287E+00    1.1217078713E-01    4.3436197472E+00    1.6526769918E-01
    9.3498000000E-05    1.1995371997E+00    1.1239287077E-01    4.3489503176E+00    1.6536804297E-01
    9.3598000000E-05    1.2000689108E+00    1.1261232208E-01    4.3542859350E+00    1.6546835683E-01
    9.3698000000E-05    1.2006035628E+00    1.1282911701E-01    4.3596265928E+00    1.6556863763E-01
    9.3798000000E-05    1.2011411569E+00    1.1304323141E-01    4.3649722837E+00    1.6566888218E-01
    9.3898000000E-05    1.2016816935E+00    1.1325464102E-01    4.3703230008E+00    1.6576908730E-01
    9.3998000000E-05    1.2022251733E+00    1.1346332151E-01    4.3756787364E+00    1.6586924981E-01
    9.4098000000E-05    1.2027715964E+00    1.1366924843E-01    4.3810394831E+00    1.6596936649E-01
    9.4198000000E-05    1.2033209629E+00    1.1387239724E-01    4.3864052329E+00    1.6606943412E-01
    9.4298000000E-05    1.2038732725E+00    1.1407274332E-01    4.3917759780E+00    1.6616944948E-01
    9.4398000000E-05    1.2044285247E+00    1.1427026194E-01    4.3971517099E+00    1.6626940933E-01
    9.4498000000E-05    1.2049867190E+00    1.1446492832E-01    4.4025324204E+00    1.6636931042E-01
    9.4598000000E-05    1.2055478543E+00    1.1465671757E-01    4.4079181006E+00    1.6646914948E-01
    9.4698000000E-05    1.2061119294E+00    1.1484560474E-01    4.4133087418E+00    1.6656892324E-01
    9.4798000000E-05    1.2066789429E+00    1.1503156478E-01    4.4187043348E+00    1.6666862842E-01
    9.4898000000E-05    1.2072488932E+00    1.1521457258E-01    4.4241048704E+00    1.6676826172E-01
    9.4998000000E-05    1.2078217781E+00    1.1539460298E-01    4.4295103389E+00    1.6686781985E-01
    9.5098000000E-05    1.2083975955E+00    1.1557163072E-01    4.4349207306E+00    1.6696729948E-01
    9.5198000000E-05    1.2089763429E+00    1.1574563050E-01    4.4403360356E+00    1.6706669729E-01
    9.5298000000E-05    1.2095580175E+00    1.1591657694E-01    4.4457562437E+00    1.6716600996E-01
    9.5398000000E-05    1.2101426163E+00    1.1608444463E-01    4.4511813444E+00    1.6726523414E-01
    9.5498000000E-05    1.2107301358E+00    1.1624920810E-01    4.4566113271E+00    1.6736436647E-01
    9.5598000000E-05    1.2113205724E+00    1.1641084181E-01    4.4620461808E+00    1.6746340361E-01
    9.5698000000E-05    1.2119139223E+00    1.1656932020E-01    4.4674858946E+00    1.6756234217E-01
    9.5798000000E-05    1.2125101811E+00    1.1672461765E-01    4.4729304571E+00    1.6766117879E-01
    9.5898000000E-05    1.2131093444E+00    1.1687670852E-01    4.4783798566E+00    1.6775991008E-01
    9.5998000000E-05    1.2137114072E+00    1.1702556713E-01    4.4838340814E+00    1.6785853264E-01
    9.6098000000E-05    1.2143163644E+00    1.1717116776E-01    4.4892931194E+00    1.6795704307E-01
    9.6198000000E-05    1.2149242106E+00    1.1731348467E-01    4.4947569584E+00    1.6805543797E-01
    9.6298000000E-05    1.2155349400E+00    1.1745249209E-01    4.5002255859E+00    1.6815371391E-01
    9.6398000000E-05    1.2161485464E+00    1.1758816425E-01    4.5056989892E+00    1.6825186747E-01
    9.6498000000E-05    1.2167650233E+00    1.1772047535E-01    4.5111771551E+00    1.6834989522E-01
    9.6598000000E-05    1.2173843641E+00    1.1784939957E-01    4.5166600706E+00    1.6844779372E-01
    9.6698000000E-05    1.2180065615E+00    1.1797491111E-01    4.5221477222E+00    1.6854555952E-01
    9.6798000000E-05    1.2186316081E+00    1.1809698414E-01    4.5276400961E+00    1.6864318918E-01
    9.6898000000E-05    1.2192594961E+00    1.1821559286E-01    4.5331371785E+00    1.6874067922E-01
    9.6998000000E-05    1.2198902172E+00    1.1833071145E-01    4.5386389551E+00    1.6883802618E-01
    9.7098000000E-05    1.2205237631E+00    1.1844231413E-01    4.5441454115E+00    1.6893522660E-01
    9.7198000000E-05    1.2211601247E+00    1.1855037510E-01    4.5496565331E+00    1.6903227699E-01
    9.7298000000E-05    1.2217992928E+00    1.1865486861E-01    4.5551723050E+00    1.6912917387E-01
    9.7398000000E-05    1.2224412579E+00    1.1875576893E-01    4.5606927120E+00    1.6922591374E-01
    9.7498000000E-05    1.2230860099E+00    1.1885305035E-01    4.5662177387E+00    1.6932249311E-01
    9.7598000000E-05    1.2237335384E+00    1.1894668720E-01    4.5717473695E+00    1.6941890848E-01
    9.7698000000E-05    1.2243838327E+00    1.1903665384E-01    4.5772815885E+00    1.6951515634E-01
    9.7798000000E-05    1.2250368816E+00    1.1912292469E-01    4.5828203795E+00    1.6961123318E-01
    9.7898000000E-05    1.2256926737E+00    1.1920547420E-01    4.5883637263E+00    1.6970713547E-01
    9.7998000000E-05    1.2263511970E+00    1.1928427687E-01    4.5939116122E+00    1.6980285970E-01
    9.8098000000E-05    1.2270124391E+00    1.1935930728E-01    4.5994640204E+00    1.6989840234E-01
    9.8198000000E-05    1.2276763874E+00    1.1943054006E-01    4.6050209338E+00    1.6999375986E-01
    9.8298000000E-05    1.2283430287E+00    1.1949794990E-01    4.6105823349E+00    1.7008892871E-01
    9.8398000000E-05    1.2290123495E+00    1.1956151157E-01    4.6161482064E+00    1.7018390536E-01
    9.8498000000E-05    1.2296843359E+00    1.1962119991E-01    4.6217185303E+00    1.7027868626E-01
    9.8598000000E-05    1.2303589735E+00    1.1967698986E-01    4.6272932885E+00    1.7037326787E-01
    9.8698000000E-05    1.2310362475E+00    1.1972885643E-01    4.6328724629E+00    1.7046764662E-01
    9.8798000000E-05    1.2317161427E+00    1.1977677474E-01    4.6384560348E+00    1.7056181897E-01
    9.8898000000E-05    1.2323986436E+00    1.1982071998E-01    4.6440439854E+00    1.7065578134E-01
    9.8998000000E-05    1.2330837339E+00    1.1986066748E-01    4.6496362959E+00    1.7074953019E-01
    9.9098000000E-05    1.2337713974E+00    1.1989659265E-01    4.6552329468E+00    1.7084306193E-01
    9.9198000000E-05    1.2344616170E+00    1.1992847102E-01    4.6608339187E+00    1.7093637301E-01
    9.9298000000E-05    1.2351543754E+00    1.1995627824E-01    4.6664391920E+00    1.7102945984E-01
    9.9398000000E-05    1.2358496548E+00    1.1997999010E-01    4.6720487465E+00    1.7112231886E-01
    9.9498000000E-05    1.2365474370E+00    1.1999958249E-01    4.6776625623E+00    1.7121494648E-01
    9.9598000000E-05    1.2372477032E+00    1.2001503146E-01    4.6832806187E+00    1.7130733913E-01
    9.9698000000E-05    1.2379504344E+00    1.2002631317E-01    4.6889028953E+00    1.7139949322E-01
    9.9798000000E-05    1.2386556111E+00    1.2003340396E-01    4.6945293710E+00    1.7149140518E-01
    9.9898000000E-05    1.2393632130E+00    1.2003628029E-01    4.7001600249E+00    1.7158307142E-01
    9.9998000000E-05    1.2400732198E+00    1.2003491879E-01    4.7057948356E+00    1.7167448834E-01
    1.0009800000E-04    1.2407856106E+00    1.2002929626E-01    4.7114337815E+00    1.7176565237E-01
    1.0019800000E-04    1.2415003639E+00    1.2001938964E-01    4.7170768408E+00    1.7185655993E-01
    1.0029800000E-04    1.2422174579E+00    1.2000517608E-01    4.7227239916E+00    1.7194720741E-01
    1.0039800000E-04    1.2429368702E+00    1.1998663287E-01    4.7283752117E+00    1.7203759124E-01
    1.0049800000E-04    1.2436585781E+00    1.1996373751E-01    4.7340304786E+00    1.7212770782E-01
    1.0059800000E-04    1.2443825583E+00    1.1993646767E-01    4.7396897697E+00    1.7221755358E-01
    1.0069800000E-04    1.2451087871E+00    1.1990480122E-01    4.7453530621E+00    1.7230712492E-01
    1.0079800000E-04    1.2458372403E+00    1.1986871624E-01    4.7510203328E+00    1.7239641826E-01
    1.0089800000E-04    1.2465678934E+00    1.1982819099E-01    4.7566915585E+00    1.7248543002E-01
    1.0099800000E-04    1.2473007210E+00    1.1978320397E-01    4.7623667158E+00    1.7257415662E-01
    1.0109800000E-04    1.2480356977E+00    1.1973373387E-01    4.7680457809E+00    1.7266259447E-01
    1.0119800000E-04    1.2487727974E+00    1.1967975962E-01    4.7737287299E+00    1.7275074000E-01
    1.0129800000E-04    1.2495119936E+00    1.1962126035E-01    4.7794155389E+00    1.7283858965E-01
    1.0139800000E-04    1.2502532592E+00    1.1955821544E-01    4.7851061835E+00    1.7292613982E-01
    1.0149800000E-04    1.2509965668E+00    1.1949060450E-01    4.7908006392E+00    1.7301338697E-01
    1.0159800000E-04    1.2517418884E+00    1.1941840739E-01    4.7964988815E+00    1.7310032753E-01
    1.0169800000E-04    1.2524891956E+00    1.1934160419E-01    4.8022008853E+00    1.7318695793E-01
    1.0179800000E-04    1.2532384595E+00    1.1926017528E-01    4.8079066258E+00    1.7327327464E-01
    1.0189800000E-04    1.2539896507E+00    1.1917410125E-01    4.8136160777E+00    1.7335927409E-01
    1.0199800000E-04    1.2547427394E+00    1.1908336297E-01    4.8193292156E+00    1.7344495275E-01
    1.0209800000E-04    1.2554976953E+00    1.1898794159E-01    4.8250460139E+00    1.7353030708E-01
    1.0219800000E-04    1.2562544876E+00    1.1888781852E-01    4.8307664469E+00    1.7361533356E-01
    1.0229800000E-04    1.2570130851E+00    1.1878297545E-01    4.8364904887E+00    1.7370002866E-01
    1.0239800000E-04    1.2577734559E+00    1.1867339434E-01    4.8422181131E+00    1.7378438886E-01
    1.0249800000E-04    1.2585355680E+00    1.1855905747E-01    4.8479492940E+00    1.7386841067E-01
    1.0259800000E-04    1.2592993886E+00    1.1843994738E-01    4.8536840049E+00    1.7395209059E-01
    1.0269800000E-04    1.2600648846E+00    1.1831604693E-01    4.8594222192E+00    1.7403542512E-01
    1.0279800000E-04    1.2608320225E+00    1.1818733928E-01    4.8651639102E+00    1.7411841079E-01
    1.0289800000E-04    1.2616007682E+00    1.1805380788E-01    4.8709090510E+00    1.7420104413E-01
    1.0299800000E-04    1.2623710872E+00    1.1791543650E-01    4.8766576146E+00    1.7428332169E-01
    1.0309800000E-04    1.2631429445E+00    1.1777220925E-01    4.8824095738E+00    1.7436524002E-01
    1.0319800000E-04    1.2639163046E+00    1.1762411053E-01    4.8881649013E+00    1.7444679568E-01
    1.0329800000E-04    1.2646911318E+00    1.1747112508E-01    4.8939235696E+00    1.7452798525E-01
    1.0339800000E-04    1.2654673896E+00    1.1731323797E-01    4.8996855511E+00    1.7460880533E-01
    1.0349800000E-04    1.2662450414E+00    1.1715043461E-01    4.9054508182E+00    1.7468925252E-01
    1.0359800000E-04    1.2670240498E+00    1.1698270073E-01    4.9112193428E+00    1.7476932343E-01
    1.0369800000E-04    1.2678043771E+00    1.1681002243E-01    4.9169910971E+00    1.7484901470E-01
    1.0379800000E-04    1.2685859854E+00    1.1663238615E-01    4.9227660529E+00    1.7492832299E-01
    1.0389800000E-04    1.2693688359E+00    1.1644977867E-01    4.9285441820E+00    1.7500724494E-01
    1.0399800000E-04    1.2701528898E+00    1.1626218716E-01    4.9343254561E+00    1.7508577725E-01
    1.0409800000E-04    1.2709381076E+00    1.1606959911E-01    4.9401098466E+00    1.7516391661E-01
    1.0419800000E-04    1.2717244495E+00    1.1587200240E-01    4.9458973251E+00    1.7524165974E-01
    1.0429800000E-04    1.2725118751E+00    1.1566938528E-01    4.9516878629E+00    1.7531900336E-01
    1.0439800000E-04    1.2733003438E+00    1.1546173638E-01    4.9574814311E+00    1.7539594422E-01
    1.0449800000E-04    1.2740898145E+00    1.1524904467E-01    4.9632780010E+00    1.7547247911E-01
    1.0459800000E-04    1.2748802457E+00    1.1503129955E-01    4.9690775435E+00    1.7554860480E-01
    1.0469800000E-04    1.2756715954E+00    1.1480849078E-01    4.9748800297E+00    1.7562431811E-01
    1.0479800000E-04    1.2764638213E+00    1.1458060851E-01    4.9806854303E+00    1.7569961587E-01
    1.0489800000E-04    1.2772568806E+00    1.1434764328E-01    4.9864937162E+00    1.7577449493E-01
    1.0499800000E-04    1.2780507303E+00    1.1410958603E-01    4.9923048581E+00    1.7584895215E-01
    1.0509800000E-04    1.2788453268E+00    1.1386642810E-01    4.9981188265E+00    1.7592298445E-01
    1.0519800000E-04    1.2796406262E+00    1.1361816123E-01    5.0039355921E+00    1.7599658873E-01
    1.0529800000E-04    1.2804365842E+00    1.1336477756E-01    5.0097551253E+00    1.7606976194E-01
    1.0539800000E-04    1.2812331561E+00    1.1310626966E-01    5.0155773965E+00    1.7614250104E-01
    1.0549800000E-04    1.2820302970E+00    1.1284263048E-01    5.0214023762E+00    1.7621480302E-01
    1.0559800000E-04    1.2828279614E+00    1.1257385341E-01    5.0272300345E+00    1.7628666490E-01
    1.0569800000E-04    1.2836261035E+00    1.1229993226E-01    5.0330603419E+00    1.7635808372E-01
    1.0579800000E-04    1.2844246773E+00    1.1202086123E-01    5.0388932684E+00    1.7642905654E-01
    1.0589800000E-04    1.2852236362E+00    1.1173663498E-01    5.0447287843E+00    1.7649958045E-01
    1.0599800000E-04    1.2860229335E+00    1.1144724857E-01    5.0505668596E+00    1.7656965258E-01
    1.0609800000E-04    1.2868225220E+00    1.1115269752E-01    5.0564074644E+00    1.7663927006E-01
    1.0619800000E-04    1.2876223543E+00    1.1085297774E-01    5.0622505688E+00    1.7670843008E-01
    1.0629800000E-04    1.2884223825E+00    1.1054808561E-01    5.0680961428E+00    1.7677712982E-01
    1.0639800000E-04    1.2892225585E+00    1.1023801793E-01    5.0739441564E+00    1.7684536653E-01
    1.0649800000E-04    1.2900228339E+00    1.0992277194E-01    5.0797945795E+00    1.7691313745E-01
    1.0659800000E-04    1.2908231599E+00    1.0960234532E-01    5.0856473820E+00    1.7698043988E-01
    1.0669800000E-04    1.2916234876E+00    1.0927673619E-01    5.0915025340E+00    1.7704727112E-01
    1.0679800000E-04    1.2924237675E+00    1.0894594314E-01    5.0973600052E+00    1.7711362853E-01
    1.0689800000E-04    1.2932239500E+00    1.0860996517E-01    5.1032197657E+00    1.7717950948E-01
    1.0699800000E-04    1.2940239853E+00    1.0826880175E-01    5.1090817852E+00    1.7724491137E-01
    1.0709800000E-04    1.2948238231E+00    1.0792245279E-01    5.1149460337E+00    1.7730983164E-01
    1.0719800000E-04    1.2956234130E+00    1.0757091867E-01    5.1208124811E+00    1.7737426776E-01
    1.0729800000E-04    1.2964227044E+00    1.0721420021E-01    5.1266810972E+00    1.7743821722E-01
    1.0739800000E-04    1.2972216461E+00    1.0685229868E-01    5.1325518519E+00    1.7750167755E-01
    1.0749800000E-04    1.2980201871E+00    1.0648521582E-01    5.1384247152E+00    1.7756464632E-01
    1.0759800000E-04    1.2988182758E+00    1.0611295382E-01    5.1442996569E+00    1.7762712111E-01
    1.0769800000E-04    1.2996158606E+00    1.0573551533E-01    5.1501766470E+00    1.7768909955E-01
    1.0779800000E-04    1.3004128897E+00    1.0535290346E-01    5.1560556554E+00    1.7775057929E-01
    1.0789800000E-04    1.3012093108E+00    1.0496512179E-01    5.1619366521E+00    1.7781155802E-01
    1.0799800000E-04    1.3020050716E+00    1.0457217435E-01    5.1678196071E+00    1.7787203346E-01
    1.0809800000E-04    1.3028001196E+00    1.0417406565E-01    5.1737044903E+00    1.7793200336E-01
    1.0819800000E-04    1.3035944021E+00    1.0377080064E-01    5.1795912718E+00    1.7799146551E-01
    1.0829800000E-04    1.3043878661E+00    1.0336238477E-01    5.1854799217E+00    1.7805041772E-01
    1.0839800000E-04    1.3051804586E+00    1.0294882392E-01    5.1913704100E+00    1.7810885785E-01
    1.0849800000E-04    1.3059721262E+00    1.0253012446E-01    5.1972627069E+00    1.7816678377E-01
    1.0859800000E-04    1.3067628155E+00    1.0210629323E-01    5.2031567826E+00    1.7822419339E-01
    1.0869800000E-04    1.3075524730E+00    1.0167733753E-01    5.2090526072E+00    1.7828108468E-01
    1.0879800000E-04    1.3083410448E+00    1.0124326512E-01    5.2149501511E+00    1.7833745560E-01
    1.0889800000E-04    1.3091284771E+00    1.0080408423E-01    5.2208493845E+00    1.7839330418E-01
    1.0899800000E-04    1.3099147159E+00    1.0035980359E-01    5.2267502777E+00    1.7844862844E-01
    1.0909800000E-04    1.3106997070E+00    9.9910432363E-02    5.2326528011E+00    1.7850342649E-01
    1.0919800000E-04    1.3114833961E+00    9.9455980197E-02    5.2385569251E+00    1.7855769641E-01
    1.0929800000E-04    1.3122657289E+00    9.8996457209E-02    5.2444626203E+00    1.7861143637E-01
    1.0939800000E-04    1.3130466509E+00    9.8531873985E-02    5.2503698571E+00    1.7866464452E-01
    1.0949800000E-04    1.3138261074E+00    9.8062241582E-02    5.2562786062E+00    1.7871731909E-01
    1.0959800000E-04    1.3146040438E+00    9.7587571525E-02    5.2621888381E+00    1.7876945831E-01
    1.0969800000E-04    1.3153804055E+00    9.7107875810E-02    5.2681005236E+00    1.7882106046E-01
    1.0979800000E-04    1.3161551374E+00    9.6623166903E-02    5.2740136334E+00    1.7887212384E-01
    1.0989800000E-04    1.3169281849E+00    9.6133457736E-02    5.2799281383E+00    1.7892264678E-01
    1.0999800000E-04    1.3176994928E+00    9.5638761712E-02    5.2858440092E+00    1.7897262766E-01
    1.1009800000E-04    1.3184690064E+00    9.5139092703E-02    5.2917612169E+00    1.7902206488E-01
    1.1019800000E-04    1.3192366704E+00    9.4634465047E-02    5.2976797326E+00    1.7907095687E-01
    1.1029800000E-04    1.3200024299E+00    9.4124893549E-02    5.3035995271E+00    1.7911930209E-01
    1.1039800000E-04    1.3207662299E+00    9.3610393482E-02    5.3095205717E+00    1.7916709903E-01
    1.1049800000E-04    1.3215280151E+00    9.3090980585E-02    5.3154428375E+00    1.7921434624E-01
    1.1059800000E-04    1.3222877305E+00    9.2566671062E-02    5.3213662958E+00    1.7926104225E-01
    1.1069800000E-04    1.3230453211E+00    9.2037481582E-02    5.3272909177E+00    1.7930718567E-01
    1.1079800000E-04    1.3238007317E+00    9.1503429279E-02    5.3332166748E+00    1.7935277510E-01
    1.1089800000E-04    1.3245539072E+00    9.0964531748E-02    5.3391435383E+00    1.7939780921E-01
    1.1099800000E-04    1.3253047927E+00    9.0420807046E-02    5.3450714799E+00    1.7944228667E-01
    1.1109800000E-04    1.3260533331E+00    8.9872273694E-02    5.3510004710E+00    1.7948620618E-01
    1.1119800000E-04    1.3267994734E+00    8.9318950668E-02    5.3569304833E+00    1.7952956650E-01
    1.1129800000E-04    1.3275431587E+00    8.8760857408E-02    5.3628614885E+00    1.7957236639E-01
    1.1139800000E-04    1.3282843342E+00    8.8198013807E-02    5.3687934583E+00    1.7961460466E-01
    1.1149800000E-04    1.3290229451E+00    8.7630440217E-02    5.3747263645E+00    1.7965628012E-01
    1.1159800000E-04    1.3297589367E+00    8.7058157445E-02    5.3806601791E+00    1.7969739165E-01
    1.1169800000E-04    1.3304922543E+00    8.6481186751E-02    5.3865948739E+00    1.7973793813E-01
    1.1179800000E-04    1.3312228434E+00    8.5899549845E-02    5.3925304210E+00    1.7977791848E-01
    1.1189800000E-04    1.3319506495E+00    8.5313268892E-02    5.3984667925E+00    1.7981733165E-01
    1.1199800000E-04    1.3326756184E+00    8.4722366503E-02    5.4044039605E+00    1.7985617660E-01
    1.1209800000E-04    1.3333976958E+00    8.4126865737E-02    5.4103418973E+00    1.7989445235E-01
    1.1219800000E-04    1.3341168276E+00    8.3526790098E-02    5.4162805750E+00    1.7993215793E-01
    1.1229800000E-04    1.3348329598E+00    8.2922163536E-02    5.4222199661E+00    1.7996929240E-01
    1.1239800000E-04    1.3355460386E+00    8.2313010442E-02    5.4281600430E+00    1.8000585485E-01
    1.1249800000E-04    1.3362560104E+00    8.1699355646E-02    5.4341007781E+00    1.8004184439E-01
    1.1259800000E-04    1.3369628217E+00    8.1081224418E-02    5.4400421439E+00    1.8007726017E-01
    1.1269800000E-04    1.3376664190E+00    8.0458642465E-02    5.4459841131E+00    1.8011210137E-01
    1.1279800000E-04    1.3383667491E+00    7.9831635924E-02    5.4519266583E+00    1.8014636718E-01
    1.1289800000E-04    1.3390637592E+00    7.9200231369E-02    5.4578697523E+00    1.8018005684E-01
    1.1299800000E-04    1.3397573964E+00    7.8564455801E-02    5.4638133677E+00    1.8021316959E-01
    1.1309800000E-04    1.3404476080E+00    7.7924336648E-02    5.4697574776E+00    1.8024570472E-01
    1.1319800000E-04    1.3411343416E+00    7.7279901765E-02    5.4757020547E+00    1.8027766154E-01
    1.1329800000E-04    1.3418175451E+00    7.6631179429E-02    5.4816470721E+00    1.8030903938E-01
    1.1339800000E-04    1.3424971664E+00    7.5978198336E-02    5.4875925028E+00    1.8033983762E-01
    1.1349800000E-04    1.3431731539E+00    7.5320987600E-02    5.4935383198E+00    1.8037005563E-01
    1.1359800000E-04    1.3438454559E+00    7.4659576751E-02    5.4994844964E+00    1.8039969283E-01
    1.1369800000E-04    1.3445140212E+00    7.3993995731E-02    5.5054310057E+00    1.8042874868E-01
    1.1379800000E-04    1.3451787988E+00    7.3324274889E-02    5.5113778211E+00    1.8045722263E-01
    1.1389800000E-04    1.3458397379E+00    7.2650444984E-02    5.5173249157E+00    1.8048511418E-01
    1.1399800000E-04    1.3464967880E+00    7.1972537176E-02    5.5232722631E+00    1.8051242285E-01
    1.1409800000E-04    1.3471498989E+00    7.1290583026E-02    5.5292198367E+00    1.8053914820E-01
    1.1419800000E-04    1.3477990206E+00    7.0604614493E-02    5.5351676100E+00    1.8056528979E-01
    1.1429800000E-04    1.3484441035E+00    6.9914663930E-02    5.5411155564E+00    1.8059084722E-01
    1.1439800000E-04    1.3490850982E+00    6.9220764082E-02    5.5470636498E+00    1.8061582011E-01
    1.1449800000E-04    1.3497219556E+00    6.8522948080E-02    5.5530118637E+00    1.8064020813E-01
    1.1459800000E-04    1.3503546271E+00    6.7821249441E-02    5.5589601718E+00    1.8066401093E-01
    1.1469800000E-04    1.3509830641E+00    6.7115702063E-02    5.5649085480E+00    1.8068722823E-01
    1.1479800000E-04    1.3516072187E+00    6.6406340220E-02    5.5708569661E+00    1.8070985975E-01
    1.1489800000E-04    1.3522270429E+00    6.5693198563E-02    5.5768054000E+00    1.8073190524E-01
    1.1499800000E-04    1.3528424895E+00    6.4976312109E-02    5.5827538236E+00    1.8075336447E-01
    1.1509800000E-04    1.3534535112E+00    6.4255716245E-02    5.5887022111E+00    1.8077423725E-01
    1.1519800000E-04    1.3540600614E+00    6.3531446720E-02    5.5946505363E+00    1.8079452340E-01
    1.1529800000E-04    1.3546620938E+00    6.2803539640E-02    5.6005987735E+00    1.8081422278E-01
    1.1539800000E-04    1.3552595622E+00    6.2072031468E-02    5.6065468968E+00    1.8083333525E-01
    1.1549800000E-04    1.3558524212E+00    6.1336959018E-02    5.6124948804E+00    1.8085186071E-01
    1.1559800000E-04    1.3564406255E+00    6.0598359450E-02    5.6184426987E+00    1.8086979910E-01
    1.1569800000E-04    1.3570241302E+00    5.9856270265E-02    5.6243903260E+00    1.8088715034E-01
    1.1579800000E-04    1.3576028908E+00    5.9110729307E-02    5.6303377366E+00    1.8090391443E-01
    1.1589800000E-04    1.3581768634E+00    5.8361774749E-02    5.6362849051E+00    1.8092009134E-01
    1.1599800000E-04    1.3587460042E+00    5.7609445099E-02    5.6422318059E+00    1.8093568110E-01
    1.1609800000E-04    1.3593102701E+00    5.6853779186E-02    5.6481784135E+00    1.8095068375E-01
    1.1619800000E-04    1.3598696183E+00    5.6094816162E-02    5.6541247026E+00    1.8096509936E-01
    1.1629800000E-04    1.3604240064E+00    5.5332595497E-02    5.6600706479E+00    1.8097892801E-01
    1.1639800000E-04    1.3609733923E+00    5.4567156970E-02    5.6660162240E+00    1.8099216981E-01
    1.1649800000E-04    1.3615177348E+00    5.3798540669E-02    5.6719614058E+00    1.8100482490E-01
    1.1659800000E-04    1.3620569926E+00    5.3026786985E-02    5.6779061680E+00    1.8101689343E-01
    1.1669800000E-04    1.3625911252E+00    5.2251936605E-02    5.6838504855E+00    1.8102837559E-01
    1.1679800000E-04    1.3631200924E+00    5.1474030512E-02    5.6897943333E+00    1.8103927156E-01
    1.1689800000E-04    1.3636438546E+00    5.0693109973E-02    5.6957376863E+00    1.8104958159E-01
    1.1699800000E-04    1.3641623725E+00    4.9909216543E-02    5.7016805196E+00    1.8105930590E-01
    1.1709800000E-04    1.3646756074E+00    4.9122392051E-02    5.7076228082E+00    1.8106844477E-01
    1.1719800000E-04    1.3651835211E+00    4.8332678603E-02    5.7135645273E+00    1.8107699848E-01
    1.1729800000E-04    1.3656860758E+00    4.7540118571E-02    5.7195056522E+00    1.8108496735E-01
    1.1739800000E-04    1.3661832342E+00    4.6744754590E-02    5.7254461579E+00    1.8109235170E-01
    1.1749800000E-04    1.3666749596E+00    4.5946629556E-02    5.7313860200E+00    1.8109915188E-01
    1.1759800000E-04    1.3671612156E+00    4.5145786613E-02    5.7373252136E+00    1.8110536826E-01
    1.1769800000E-04    1.3676419664E+00    4.4342269158E-02    5.7432637142E+00    1.8111100124E-01
    1.1779800000E-04    1.3681171769E+00    4.3536120826E-02    5.7492014973E+00    1.8111605122E-01
    1.1789800000E-04    1.3685868123E+00    4.2727385491E-02    5.7551385384E+00    1.8112051864E-01
    1.1799800000E-04    1.3690508384E+00    4.1916107260E-02    5.7610748129E+00    1.8112440394E-01
    1.1809800000E-04    1.3695092214E+00    4.1102330464E-02    5.7670102967E+00    1.8112770759E-01
    1.1819800000E-04    1.3699619282E+00    4.0286099657E-02    5.7729449652E+00    1.8113043009E-01
    1.1829800000E-04    1.3704089261E+00    3.9467459607E-02    5.7788787943E+00    1.8113257194E-01
    1.1839800000E-04    1.3708501832E+00    3.8646455293E-02    5.7848117596E+00    1.8113413366E-01
    1.1849800000E-04    1.3712856677E+00    3.7823131899E-02    5.7907438371E+00    1.8113511580E-01
    1.1859800000E-04    1.3717153488E+00    3.6997534807E-02    5.7966750025E+00    1.8113551891E-01
    1.1869800000E-04    1.3721391960E+00    3.6169709594E-02    5.8026052319E+00    1.8113534358E-01
    1.1879800000E-04    1.3725571793E+00    3.5339702025E-02    5.8085345011E+00    1.8113459041E-01
    1.1889800000E-04    1.3729692694E+00    3.4507558046E-02    5.8144627861E+00    1.8113326000E-01
    1.1899800000E-04    1.3733754376E+00    3.3673323781E-02    5.8203900632E+00    1.8113135298E-01
    1.1909800000E-04    1.3737756557E+00    3.2837045526E-02    5.8263163083E+00    1.8112887000E-01
    1.1919800000E-04    1.3741698960E+00    3.1998769741E-02    5.8322414976E+00    1.8112581173E-01
    1.1929800000E-04    1.3745581314E+00    3.1158543047E-02    5.8381656074E+00    1.8112217883E-01
    1.1939800000E-04    1.3749403354E+00    3.0316412220E-02    5.8440886138E+00    1.8111797200E-01
    1.1949800000E-04    1.3753164822E+00    2.9472424183E-02    5.8500104933E+00    1.8111319196E-01
    1.1959800000E-04    1.3756865465E+00    2.8626626003E-02    5.8559312221E+00    1.8110783942E-01
    1.1969800000E-04    1.3760505033E+00    2.7779064885E-02    5.8618507767E+00    1.8110191512E-01
    1.1979800000E-04    1.3764083287E+00    2.6929788163E-02    5.8677691334E+00    1.8109541982E-01
    1.1989800000E-04    1.3767599990E+00    2.6078843300E-02    5.8736862688E+00    1.8108835428E-01
    1.1999800000E-04    1.3771054913E+00    2.5226277878E-02    5.8796021594E+00    1.8108071928E-01
    1.2009800000E-04    1.3774447831E+00    2.4372139591E-02    5.8855167818E+00    1.8107251562E-01
    1.2019800000E-04    1.3777778528E+00    2.3516476244E-02    5.8914301126E+00    1.8106374410E-01
    1.2029800000E-04    1.3781046790E+00    2.2659335744E-02    5.8973421284E+00    1.8105440554E-01
    1.2039800000E-04    1.3784252414E+00    2.1800766096E-02    5.9032528060E+00    1.8104450078E-01
    1.2049800000E-04    1.3787395197E+00    2.0940815396E-02    5.9091621220E+00    1.8103403066E-01
    1.2059800000E-04    1.3790474948E+00    2.0079531823E-02    5.9150700533E+00    1.8102299604E-01
    1.2069800000E-04    1.3793491478E+00    1.9216963638E-02    5.9209765766E+00    1.8101139779E-01
    1.2079800000E-04    1.3796444605E+00    1.8353159176E-02    5.9268816689E+00    1.8099923679E-01
    1.2089800000E-04    1.3799334155E+00    1.7488166839E-02    5.9327853070E+00    1.8098651393E-01
    1.2099800000E-04    1.3802159958E+00    1.6622035091E-02    5.9386874677E+00    1.8097323012E-01
    1.2109800000E-04    1.3804921851E+00    1.5754812454E-02    5.9445881282E+00    1.8095938627E-01
    1.2119800000E-04    1.3807619677E+00    1.4886547498E-02    5.9504872654E+00    1.8094498331E-01
    1.2129800000E-04    1.3810253285E+00    1.4017288841E-02    5.9563848563E+00    1.8093002217E-01
    1.2139800000E-04    1.3812822530E+00    1.3147085138E-02    5.9622808779E+00    1.8091450381E-01
    1.2149800000E-04    1.3815327274E+00    1.2275985076E-02    5.9681753074E+00    1.8089842917E-01
    1.2159800000E-04    1.3817767385E+00    1.1404037373E-02    5.9740681219E+00    1.8088179923E-01
    1.2169800000E-04    1.3820142736E+00    1.0531290764E-02    5.9799592985E+00    1.8086461496E-01
    1.2179800000E-04    1.3822453208E+00    9.6577940024E-03    5.9858488145E+00    1.8084687735E-01
    1.2189800000E-04    1.3824698687E+00    8.7835958514E-03    5.9917366470E+00    1.8082858740E-01
    1.2199800000E-04    1.3826879066E+00    7.9087450775E-03    5.9976227732E+00    1.8080974610E-01
    1.2209800000E-04    1.3828994243E+00    7.0332904454E-03    6.0035071705E+00    1.8079035448E-01
    1.2219800000E-04    1.3831044124E+00    6.1572807123E-03    6.0093898161E+00    1.8077041355E-01
    1.2229800000E-04    1.3833028619E+00    5.2807646220E-03    6.0152706873E+00    1.8074992435E-01
    1.2239800000E-04    1.3834947646E+00    4.4037908989E-03    6.0211497615E+00    1.8072888793E-01
    1.2249800000E-04    1.3836801128E+00    3.5264082424E-03    6.0270270160E+00    1.8070730531E-01
    1.2259800000E-04    1.3838588997E+00    2.6486653208E-03    6.0329024283E+00    1.8068517758E-01
    1.2269800000E-04    1.3840311187E+00    1.7706107659E-03    6.0387759756E+00    1.8066250578E-01
    1.2279800000E-04    1.3841967641E+00    8.9229316697E-04    6.0446476355E+00    1.8063929100E-01
    1.2289800000E-04    1.3843558308E+00    1.3761064760E-05    6.0505173854E+00    1.8061553431E-01
    1.2299800000E-04    1.3845083142E+00   -8.6493705392E-04    6.0563852027E+00    1.8059123681E-01
    1.2309800000E-04    1.3846542104E+00   -1.7437527622E-03    6.0622510649E+00    1.8056639959E-01
    1.2319800000E-04    1.3847935162E+00   -2.6226376988E-03    6.0681149496E+00    1.8054102375E-01
    1.2329800000E-04    1.3849262289E+00   -3.5015435741E-03    6.0739768342E+00    1.8051511042E-01
    1.2339800000E-04    1.3850523463E+00   -4.3804221753E-03    6.0798366962E+00    1.8048866070E-01
    1.2349800000E-04    1.3851718672E+00   -5.2592253729E-03    6.0856945132E+00    1.8046167574E-01
    1.2359800000E-04    1.3852847907E+00   -6.1379051257E-03    6.0915502628E+00    1.8043415665E-01
    1.2369800000E-04    1.3853911165E+00   -7.0164134870E-03    6.0974039225E+00    1.8040610459E-01
    1.2379800000E-04    1.3854908451E+00   -7.8947026098E-03    6.1032554699E+00    1.8037752071E-01
    1.2389800000E-04    1.3855839775E+00   -8.7727247531E-03    6.1091048825E+00    1.8034840615E-01
    1.2399800000E-04    1.3856705153E+00   -9.6504322871E-03    6.1149521381E+00    1.8031876209E-01
    1.2409800000E-04    1.3857504608E+00   -1.0527777699E-02    6.1207972142E+00    1.8028858970E-01
    1.2419800000E-04    1.3858238168E+00   -1.1404713599E-02    6.1266400883E+00    1.8025789015E-01
    1.2429800000E-04    1.3858905867E+00   -1.2281192726E-02    6.1324807383E+00    1.8022666464E-01
    1.2439800000E-04    1.3859507746E+00   -1.3157167951E-02    6.1383191416E+00    1.8019491434E-01
    1.2449800000E-04    1.3860043851E+00   -1.4032592287E-02    6.1441552760E+00    1.8016264047E-01
    1.2459800000E-04    1.3860514235E+00   -1.4907418891E-02    6.1499891191E+00    1.8012984423E-01
    1.2469800000E-04    1.3860918957E+00   -1.5781601069E-02    6.1558206485E+00    1.8009652683E-01
    1.2479800000E-04    1.3861258080E+00   -1.6655092285E-02    6.1616498419E+00    1.8006268949E-01
    1.2489800000E-04    1.3861531674E+00   -1.7527846163E-02    6.1674766771E+00    1.8002833344E-01
    1.2499800000E-04    1.3861739817E+00   -1.8399816496E-02    6.1733011316E+00    1.7999345992E-01
    1.2509800000E-04    1.3861882589E+00   -1.9270957248E-02    6.1791231832E+00    1.7995807015E-01
    1.2519800000E-04    1.3861960079E+00   -2.0141222559E-02    6.1849428095E+00    1.7992216540E-01
    1.2529800000E-04    1.3861972380E+00   -2.1010566754E-02    6.1907599882E+00    1.7988574692E-01
    1.2539800000E-04    1.3861919592E+00   -2.1878944347E-02    6.1965746971E+00    1.7984881596E-01
    1.2549800000E-04    1.3861801819E+00   -2.2746310043E-02    6.2023869138E+00    1.7981137380E-01
    1.2559800000E-04    1.3861619173E+00   -2.3612618746E-02    6.2081966160E+00    1.7977342171E-01
    1.2569800000E-04    1.3861371770E+00   -2.4477825567E-02    6.2140037814E+00    1.7973496097E-01
    1.2579800000E-04    1.3861059732E+00   -2.5341885821E-02    6.2198083877E+00    1.7969599287E-01
    1.2589800000E-04    1.3860683187E+00   -2.6204755041E-02    6.2256104126E+00    1.7965651871E-01
    1.2599800000E-04    1.3860242268E+00   -2.7066388976E-02    6.2314098339E+00    1.7961653978E-01
    1.2609800000E-04    1.3859737115E+00   -2.7926743602E-02    6.2372066291E+00    1.7957605740E-01
    1.2619800000E-04    1.3859167870E+00   -2.8785775120E-02    6.2430007762E+00    1.7953507288E-01
    1.2629800000E-04    1.3858534685E+00   -2.9643439968E-02    6.2487922526E+00    1.7949358754E-01
    1.2639800000E-04    1.3857837715E+00   -3.0499694820E-02    6.2545810362E+00    1.7945160272E-01
    1.2649800000E-04    1.3857077119E+00   -3.1354496595E-02    6.2603671046E+00    1.7940911974E-01
    1.2659800000E-04    1.3856253065E+00   -3.2207802458E-02    6.2661504355E+00    1.7936613995E-01
    1.2669800000E-04    1.3855365723E+00   -3.3059569828E-02    6.2719310067E+00    1.7932266470E-01
    1.2679800000E-04    1.3854415270E+00   -3.3909756380E-02    6.2777087959E+00    1.7927869535E-01
    1.2689800000E-04    1.3853401887E+00   -3.4758320050E-02    6.2834837807E+00    1.7923423324E-01
    1.2699800000E-04    1.3852325763E+00   -3.5605219040E-02    6.2892559388E+00    1.7918927977E-01
    1.2709800000E-04    1.3851187088E+00   -3.6450411823E-02    6.2950252479E+00    1.7914383628E-01
    1.2719800000E-04    1.3849986060E+00   -3.7293857145E-02    6.3007916858E+00    1.7909790418E-01
    1.2729800000E-04    1.3848722882E+00   -3.8135514032E-02    6.3065552301E+00    1.7905148485E-01
    1.2739800000E-04    1.3847397760E+00   -3.8975341790E-02    6.3123158585E+00    1.7900457968E-01
    1.2749800000E-04    1.3846010907E+00   -3.9813300015E-02    6.3180735486E+00    1.7895719007E-01
    1.2759800000E-04    1.3844562539E+00   -4.0649348591E-02    6.3238282782E+00    1.7890931743E-01
    1.2769800000E-04    1.3843052880E+00   -4.1483447697E-02    6.3295800250E+00    1.7886096318E-01
    1.2779800000E-04    1.3841482155E+00   -4.2315557811E-02    6.3353287666E+00    1.7881212873E-01
    1.2789800000E-04    1.3839850597E+00   -4.3145639710E-02    6.3410744806E+00    1.7876281551E-01
    1.2799800000E-04    1.3838158441E+00   -4.3973654479E-02    6.3468171448E+00    1.7871302496E-01
    1.2809800000E-04    1.3836405928E+00   -4.4799563510E-02    6.3525567368E+00    1.7866275851E-01
    1.2819800000E-04    1.3834593304E+00   -4.5623328509E-02    6.3582932342E+00    1.7861201761E-01
    1.2829800000E-04    1.3832720820E+00   -4.6444911498E-02    6.3640266148E+00    1.7856080371E-01
    1.2839800000E-04    1.3830788729E+00   -4.7264274816E-02    6.3697568561E+00    1.7850911827E-01
    1.2849800000E-04    1.3828797292E+00   -4.8081381128E-02    6.3754839358E+00    1.7845696275E-01
    1.2859800000E-04    1.3826746770E+00   -4.8896193420E-02    6.3812078315E+00    1.7840433862E-01
    1.2869800000E-04    1.3824637433E+00   -4.9708675010E-02    6.3869285209E+00    1.7835124736E-01
    1.2879800000E-04    1.3822469552E+00   -5.0518789546E-02    6.3926459816E+00    1.7829769045E-01
    1.2889800000E-04    1.3820243404E+00   -5.1326501010E-02    6.3983601912E+00    1.7824366938E-01
    1.2899800000E-04    1.3817959270E+00   -5.2131773721E-02    6.4040711272E+00    1.7818918565E-01
    1.2909800000E-04    1.3815617434E+00   -5.2934572338E-02    6.4097787675E+00    1.7813424075E-01
    1.2919800000E-04    1.3813218184E+00   -5.3734861862E-02    6.4154830894E+00    1.7807883619E-01
    1.2929800000E-04    1.3810761815E+00   -5.4532607638E-02    6.4211840706E+00    1.7802297348E-01
    1.2939800000E-04    1.3808248622E+00   -5.5327775359E-02    6.4268816888E+00    1.7796665414E-01
    1.2949800000E-04    1.3805678907E+00   -5.6120331066E-02    6.4325759214E+00    1.7790987969E-01
    1.2959800000E-04    1.3803052973E+00   -5.6910241152E-02    6.4382667460E+00    1.7785265167E-01
    1.2969800000E-04    1.3800371130E+00   -5.7697472364E-02    6.4439541403E+00    1.7779497160E-01
    1.2979800000E-04    1.3797633690E+00   -5.8481991803E-02    6.4496380817E+00    1.7773684104E-01
    1.2989800000E-04    1.3794840968E+00   -5.9263766928E-02    6.4553185477E+00    1.7767826151E-01
    1.2999800000E-04    1.3791993284E+00   -6.0042765559E-02    6.4609955161E+00    1.7761923459E-01
    1.3009800000E-04    1.3789090961E+00   -6.0818955873E-02    6.4666689642E+00    1.7755976182E-01
    1.3019800000E-04    1.3786134325E+00   -6.1592306412E-02    6.4723388695E+00    1.7749984476E-01
    1.3029800000E-04    1.3783123707E+00   -6.2362786083E-02    6.4780052097E+00    1.7743948499E-01
    1.3039800000E-04    1.3780059440E+00   -6.3130364156E-02    6.4836679622E+00    1.7737868409E-01
    1.3049800000E-04    1.3776941861E+00   -6.3895010268E-02    6.4893271044E+00    1.7731744362E-01
    1.3059800000E-04    1.3773771309E+00   -6.4656694425E-02    6.4949826139E+00    1.7725576517E-01
    1.3069800000E-04    1.3770548128E+00   -6.5415387000E-02    6.5006344682E+00    1.7719365034E-01
    1.3079800000E-04    1.3767272665E+00   -6.6171058737E-02    6.5062826446E+00    1.7713110072E-01
    1.3089800000E-04    1.3763945269E+00   -6.6923680749E-02    6.5119271207E+00    1.7706811791E-01
    1.3099800000E-04    1.3760566292E+00   -6.7673224523E-02    6.5175678739E+00    1.7700470351E-01
    1.3109800000E-04    1.3757136091E+00   -6.8419661919E-02    6.5232048816E+00    1.7694085915E-01
    1.3119800000E-04    1.3753655023E+00   -6.9162965170E-02    6.5288381212E+00    1.7687658642E-01
    1.3129800000E-04    1.3750123450E+00   -6.9903106882E-02    6.5344675702E+00    1.7681188697E-01
    1.3139800000E-04    1.3746541737E+00   -7.0640060037E-02    6.5400932059E+00    1.7674676240E-01
    1.3149800000E-04    1.3742910249E+00   -7.1373797992E-02    6.5457150057E+00    1.7668121436E-01
    1.3159800000E-04    1.3739229358E+00   -7.2104294479E-02    6.5513329470E+00    1.7661524448E-01
    1.3169800000E-04    1.3735499435E+00   -7.2831523606E-02    6.5569470072E+00    1.7654885441E-01
    1.3179800000E-04    1.3731720855E+00   -7.3555459857E-02    6.5625571637E+00    1.7648204578E-01
    1.3189800000E-04    1.3727893996E+00   -7.4276078092E-02    6.5681633936E+00    1.7641482026E-01
    1.3199800000E-04    1.3724019236E+00   -7.4993353548E-02    6.5737656745E+00    1.7634717950E-01
    1.3209800000E-04    1.3720096960E+00   -7.5707261836E-02    6.5793639835E+00    1.7627912516E-01
    1.3219800000E-04    1.3716127551E+00   -7.6417778946E-02    6.5849582980E+00    1.7621065891E-01
    1.3229800000E-04    1.3712111396E+00   -7.7124881240E-02    6.5905485953E+00    1.7614178241E-01
    1.3239800000E-04    1.3708048884E+00   -7.7828545458E-02    6.5961348527E+00    1.7607249736E-01
    1.3249800000E-04    1.3703940407E+00   -7.8528748715E-02    6.6017170474E+00    1.7600280542E-01
    1.3259800000E-04    1.3699786358E+00   -7.9225468500E-02    6.6072951567E+00    1.7593270829E-01
    1.3269800000E-04    1.3695587132E+00   -7.9918682676E-02    6.6128691578E+00    1.7586220766E-01
    1.3279800000E-04    1.3691343128E+00   -8.0608369481E-02    6.6184390279E+00    1.7579130521E-01
    1.3289800000E-04    1.3687054744E+00   -8.1294507524E-02    6.6240047443E+00    1.7572000267E-01
    1.3299800000E-04    1.3682722382E+00   -8.1977075787E-02    6.6295662842E+00    1.7564830172E-01
    1.3309800000E-04    1.3678346445E+00   -8.2656053620E-02    6.6351236248E+00    1.7557620408E-01
    1.3319800000E-04    1.3673927337E+00   -8.3331420746E-02    6.6406767433E+00    1.7550371147E-01
    1.3329800000E-04    1.3669465467E+00   -8.4003157257E-02    6.6462256167E+00    1.7543082560E-01
    1.3339800000E-04    1.3664961241E+00   -8.4671243614E-02    6.6517702223E+00    1.7535754820E-01
    1.3349800000E-04    1.3660415070E+00   -8.5335660646E-02    6.6573105373E+00    1.7528388100E-01
    1.3359800000E-04    1.3655827365E+00   -8.5996389548E-02    6.6628465387E+00    1.7520982574E-01
    1.3369800000E-04    1.3651198539E+00   -8.6653411881E-02    6.6683782038E+00    1.7513538414E-01
    1.3379800000E-04    1.3646529008E+00   -8.7306709571E-02    6.6739055095E+00    1.7506055797E-01
    1.3389800000E-04    1.3641819185E+00   -8.7956264904E-02    6.6794284330E+00    1.7498534895E-01
    1.3399800000E-04    1.3637069490E+00   -8.8602060533E-02    6.6849469515E+00    1.7490975885E-01
    1.3409800000E-04    1.3632280339E+00   -8.9244079466E-02    6.6904610419E+00    1.7483378942E-01
    1.3419800000E-04    1.3627452153E+00   -8.9882305073E-02    6.6959706813E+00    1.7475744243E-01
    1.3429800000E-04    1.3622585353E+00   -9.0516721082E-02    6.7014758469E+00    1.7468071964E-01
    1.3439800000E-04    1.3617680360E+00   -9.1147311574E-02    6.7069765157E+00    1.7460362281E-01
    1.3449800000E-04    1.3612737598E+00   -9.1774060987E-02    6.7124726647E+00    1.7452615374E-01
    1.3459800000E-04    1.3607757490E+00   -9.2396954111E-02    6.7179642709E+00    1.7444831419E-01
    1.3469800000E-04    1.3602740461E+00   -9.3015976087E-02    6.7234513114E+00    1.7437010595E-01
    1.3479800000E-04    1.3597686938E+00   -9.3631112405E-02    6.7289337632E+00    1.7429153080E-01
    1.3489800000E-04    1.3592597347E+00   -9.4242348903E-02    6.7344116034E+00    1.7421259055E-01
    1.3499800000E-04    1.3587472115E+00   -9.4849671764E-02    6.7398848088E+00    1.7413328699E-01
    1.3509800000E-04    1.3582311672E+00   -9.5453067514E-02    6.7453533566E+00    1.7405362192E-01
    1.3519800000E-04    1.3577116445E+00   -9.6052523019E-02    6.7508172237E+00    1.7397359714E-01
    1.3529800000E-04    1.3571886866E+00   -9.6648025487E-02    6.7562763871E+00    1.7389321447E-01
    1.3539800000E-04    1.3566623363E+00   -9.7239562464E-02    6.7617308237E+00    1.7381247572E-01
    1.3549800000E-04    1.3561326368E+00   -9.7827121831E-02    6.7671805107E+00    1.7373138271E-01
    1.3559800000E-04    1.3555996312E+00   -9.8410691805E-02    6.7726254248E+00    1.7364993727E-01
    1.3569800000E-04    1.3550633627E+00   -9.8990260934E-02    6.7780655432E+00    1.7356814122E-01
    1.3579800000E-04    1.3545238745E+00   -9.9565818096E-02    6.7835008428E+00    1.7348599639E-01
    1.3589800000E-04    1.3539812099E+00   -1.0013735250E-01    6.7889313005E+00    1.7340350462E-01
    1.3599800000E-04    1.3534354121E+00   -1.0070485367E-01    6.7943568933E+00    1.7332066775E-01
    1.3609800000E-04    1.3528865246E+00   -1.0126831147E-01    6.7997775981E+00    1.7323748762E-01
    1.3619800000E-04    1.3523345905E+00   -1.0182771608E-01    6.8051933920E+00    1.7315396608E-01
    1.3629800000E-04    1.3517796534E+00   -1.0238305800E-01    6.8106042519E+00    1.7307010500E-01
    1.3639800000E-04    1.3512217565E+00   -1.0293432803E-01    6.8160101547E+00    1.7298590621E-01
    1.3649800000E-04    1.3506609432E+00   -1.0348151730E-01    6.8214110775E+00    1.7290137159E-01
    1.3659800000E-04    1.3500972569E+00   -1.0402461727E-01    6.8268069971E+00    1.7281650300E-01
    1.3669800000E-04    1.3495307409E+00   -1.0456361967E-01    6.8321978906E+00    1.7273130231E-01
    1.3679800000E-04    1.3489614388E+00   -1.0509851658E-01    6.8375837350E+00    1.7264577139E-01
    1.3689800000E-04    1.3483893937E+00   -1.0562930035E-01    6.8429645071E+00    1.7255991212E-01
    1.3699800000E-04    1.3478146492E+00   -1.0615596366E-01    6.8483401841E+00    1.7247372638E-01
    1.3709800000E-04    1.3472372484E+00   -1.0667849946E-01    6.8537107428E+00    1.7238721606E-01
    1.3719800000E-04    1.3466572348E+00   -1.0719690103E-01    6.8590761603E+00    1.7230038305E-01
    1.3729800000E-04    1.3460746515E+00   -1.0771116192E-01    6.8644364136E+00    1.7221322925E-01
    1.3739800000E-04    1.3454895420E+00   -1.0822127600E-01    6.8697914797E+00    1.7212575654E-01
    1.3749800000E-04    1.3449019493E+00   -1.0872723741E-01    6.8751413356E+00    1.7203796684E-01
    1.3759800000E-04    1.3443119166E+00   -1.0922904058E-01    6.8804859584E+00    1.7194986204E-01
    1.3769800000E-04    1.3437194871E+00   -1.0972668024E-01    6.8858253251E+00    1.7186144407E-01
    1.3779800000E-04    1.3431247039E+00   -1.1022015141E-01    6.8911594127E+00    1.7177271483E-01
    1.3789800000E-04    1.3425276100E+00   -1.1070944936E-01    6.8964881984E+00    1.7168367625E-01
    1.3799800000E-04    1.3419282484E+00   -1.1119456967E-01    6.9018116591E+00    1.7159433024E-01
    1.3809800000E-04    1.3413266620E+00   -1.1167550819E-01    6.9071297721E+00    1.7150467874E-01
    1.3819800000E-04    1.3407228937E+00   -1.1215226103E-01    6.9124425143E+00    1.7141472368E-01
    1.3829800000E-04    1.3401169862E+00   -1.1262482459E-01    6.9177498630E+00    1.7132446698E-01
    1.3839800000E-04    1.3395089822E+00   -1.1309319554E-01    6.9230517953E+00    1.7123391060E-01
    1.3849800000E-04    1.3388989245E+00   -1.1355737081E-01    6.9283482884E+00    1.7114305648E-01
    1.3859800000E-04    1.3382868556E+00   -1.1401734758E-01    6.9336393193E+00    1.7105190656E-01
    1.3869800000E-04    1.3376728179E+00   -1.1447312333E-01    6.9389248654E+00    1.7096046280E-01
    1.3879800000E-04    1.3370568538E+00   -1.1492469577E-01    6.9442049039E+00    1.7086872716E-01
    1.3889800000E-04    1.3364390057E+00   -1.1537206287E-01    6.9494794120E+00    1.7077670160E-01
    1.3899800000E-04    1.3358193158E+00   -1.1581522286E-01    6.9547483669E+00    1.7068438808E-01
    1.3909800000E-04    1.3351978262E+00   -1.1625417422E-01    6.9600117461E+00    1.7059178857E-01
    1.3919800000E-04    1.3345745788E+00   -1.1668891570E-01    6.9652695267E+00    1.7049890506E-01
    1.3929800000E-04    1.3339496156E+00   -1.1711944627E-01    6.9705216862E+00    1.7040573952E-01
    1.3939800000E-04    1.3333229785E+00   -1.1754576516E-01    6.9757682019E+00    1.7031229394E-01
    1.3949800000E-04    1.3326947090E+00   -1.1796787185E-01    6.9810090512E+00    1.7021857030E-01
    1.3959800000E-04    1.3320648488E+00   -1.1838576606E-01    6.9862442116E+00    1.7012457060E-01
    1.3969800000E-04    1.3314334394E+00   -1.1879944773E-01    6.9914736605E+00    1.7003029684E-01
    1.3979800000E-04    1.3308005220E+00   -1.1920891707E-01    6.9966973754E+00    1.6993575103E-01
    1.3989800000E-04    1.3301661378E+00   -1.1961417449E-01    7.0019153339E+00    1.6984093517E-01
    1.3999800000E-04    1.3295303281E+00   -1.2001522067E-01    7.0071275136E+00    1.6974585129E-01
    1.4009800000E-04    1.3288931336E+00   -1.2041205648E-01    7.0123338919E+00    1.6965050139E-01
    1.4019800000E-04    1.3282545953E+00   -1.2080468306E-01    7.0175344466E+00    1.6955488751E-01
    1.4029800000E-04    1.3276147537E+00   -1.2119310174E-01    7.0227291554E+00    1.6945901167E-01
    1.4039800000E-04    1.3269736495E+00   -1.2157731409E-01    7.0279179959E+00    1.6936287591E-01
    1.4049800000E-04    1.3263313231E+00   -1.2195732189E-01    7.0331009460E+00    1.6926648228E-01
    1.4059800000E-04    1.3256878147E+00   -1.2233312717E-01    7.0382779834E+00    1.6916983282E-01
    1.4069800000E-04    1.3250431643E+00   -1.2270473213E-01    7.0434490860E+00    1.6907292958E-01
    1.4079800000E-04    1.3243974120E+00   -1.2307213922E-01    7.0486142316E+00    1.6897577463E-01
    1.4089800000E-04    1.3237505975E+00   -1.2343535110E-01    7.0537733983E+00    1.6887837003E-01
    1.4099800000E-04    1.3231027605E+00   -1.2379437062E-01    7.0589265639E+00    1.6878071784E-01
    1.4109800000E-04    1.3224539404E+00   -1.2414920087E-01    7.0640737066E+00    1.6868282016E-01
    1.4119800000E-04    1.3218041765E+00   -1.2449984512E-01    7.0692148044E+00    1.6858467906E-01
    1.4129800000E-04    1.3211535081E+00   -1.2484630686E-01    7.0743498355E+00    1.6848629662E-01
    1.4139800000E-04    1.3205019739E+00   -1.2518858979E-01    7.0794787780E+00    1.6838767496E-01
    1.4149800000E-04    1.3198496129E+00   -1.2552669778E-01    7.0846016102E+00    1.6828881617E-01
    1.4159800000E-04    1.3191964637E+00   -1.2586063495E-01    7.0897183104E+00    1.6818972236E-01
    1.4169800000E-04    1.3185425646E+00   -1.2619040557E-01    7.0948288570E+00    1.6809039566E-01
    1.4179800000E-04    1.3178879540E+00   -1.2651601413E-01    7.0999332284E+00    1.6799083818E-01
    1.4189800000E-04    1.3172326699E+00   -1.2683746530E-01    7.1050314030E+00    1.6789105205E-01
    1.4199800000E-04    1.3165767502E+00   -1.2715476396E-01    7.1101233595E+00    1.6779103942E-01
    1.4209800000E-04    1.3159202326E+00   -1.2746791516E-01    7.1152090765E+00    1.6769080243E-01
    1.4219800000E-04    1.3152631546E+00   -1.2777692414E-01    7.1202885325E+00    1.6759034324E-01
    1.4229800000E-04    1.3146055536E+00   -1.2808179634E-01    7.1253617065E+00    1.6748966401E-01
    1.4239800000E-04    1.3139474666E+00   -1.2838253737E-01    7.1304285771E+00    1.6738876690E-01
    1.4249800000E-04    1.3132889305E+00   -1.2867915303E-01    7.1354891233E+00    1.6728765410E-01
    1.4259800000E-04    1.3126299821E+00   -1.2897164930E-01    7.1405433241E+00    1.6718632779E-01
    1.4269800000E-04    1.3119706579E+00   -1.2926003233E-01    7.1455911585E+00    1.6708479016E-01
    1.4279800000E-04    1.3113109941E+00   -1.2954430848E-01    7.1506326056E+00    1.6698304341E-01
    1.4289800000E-04    1.3106510269E+00   -1.2982448424E-01    7.1556676446E+00    1.6688108976E-01
    1.4299800000E-04    1.3099907921E+00   -1.3010056631E-01    7.1606962548E+00    1.6677893143E-01
    1.4309800000E-04    1.3093303254E+00   -1.3037256155E-01    7.1657184156E+00    1.6667657064E-01
    1.4319800000E-04    1.3086696623E+00   -1.3064047699E-01    7.1707341063E+00    1.6657400962E-01
    1.4329800000E-04    1.3080088379E+00   -1.3090431983E-01    7.1757433066E+00    1.6647125064E-01
    1.4339800000E-04    1.3073478873E+00   -1.3116409744E-01    7.1807459961E+00    1.6636829593E-01
    1.4349800000E-04    1.3066868454E+00   -1.3141981736E-01    7.1857421544E+00    1.6626514776E-01
    1.4359800000E-04    1.3060257465E+00   -1.3167148727E-01    7.1907317614E+00    1.6616180841E-01
    1.4369800000E-04    1.3053646251E+00   -1.3191911504E-01    7.1957147970E+00    1.6605828015E-01
    1.4379800000E-04    1.3047035153E+00   -1.3216270868E-01    7.2006912412E+00    1.6595456529E-01
    1.4389800000E-04    1.3040424509E+00   -1.3240227639E-01    7.2056610740E+00    1.6585066612E-01
    1.4399800000E-04    1.3033814655E+00   -1.3263782649E-01    7.2106242757E+00    1.6574658495E-01
    1.4409800000E-04    1.3027205927E+00   -1.3286936748E-01    7.2155808266E+00    1.6564232410E-01
    1.4419800000E-04    1.3020598655E+00   -1.3309690802E-01    7.2205307070E+00    1.6553788590E-01
    1.4429800000E-04    1.3013993169E+00   -1.3332045691E-01    7.2254738976E+00    1.6543327270E-01
    1.4439800000E-04    1.3007389795E+00   -1.3354002310E-01    7.2304103789E+00    1.6532848685E-01
    1.4449800000E-04    1.3000788858E+00   -1.3375561572E-01    7.2353401316E+00    1.6522353070E-01
    1.4459800000E-04    1.2994190680E+00   -1.3396724401E-01    7.2402631367E+00    1.6511840663E-01
    1.4469800000E-04    1.2987595580E+00   -1.3417491739E-01    7.2451793750E+00    1.6501311702E-01
    1.4479800000E-04    1.2981003876E+00   -1.3437864540E-01    7.2500888276E+00    1.6490766426E-01
    1.4489800000E-04    1.2974415880E+00   -1.3457843776E-01    7.2549914758E+00    1.6480205076E-01
    1.4499800000E-04    1.2967831907E+00   -1.3477430428E-01    7.2598873010E+00    1.6469627891E-01
    1.4509800000E-04    1.2961252264E+00   -1.3496625497E-01    7.2647762844E+00    1.6459035116E-01
    1.4519800000E-04    1.2954677259E+00   -1.3515429993E-01    7.2696584078E+00    1.6448426994E-01
    1.4529800000E-04    1.2948107196E+00   -1.3533844943E-01    7.2745336528E+00    1.6437803768E-01
    1.4539800000E-04    1.2941542377E+00   -1.3551871387E-01    7.2794020013E+00    1.6427165684E-01
    1.4549800000E-04    1.2934983100E+00   -1.3569510379E-01    7.2842634352E+00    1.6416512989E-01
    1.4559800000E-04    1.2928429662E+00   -1.3586762985E-01    7.2891179368E+00    1.6405845931E-01
    1.4569800000E-04    1.2921882357E+00   -1.3603630286E-01    7.2939654881E+00    1.6395164758E-01
    1.4579800000E-04    1.2915341476E+00   -1.3620113376E-01    7.2988060717E+00    1.6384469720E-01
    1.4589800000E-04    1.2908807307E+00   -1.3636213362E-01    7.3036396700E+00    1.6373761068E-01
    1.4599800000E-04    1.2902280137E+00   -1.3651931364E-01    7.3084662658E+00    1.6363039054E-01
    1.4609800000E-04    1.2895760247E+00   -1.3667268513E-01    7.3132858419E+00    1.6352303932E-01
    1.4619800000E-04    1.2889247919E+00   -1.3682225957E-01    7.3180983812E+00    1.6341555954E-01
    1.4629800000E-04    1.2882743429E+00   -1.3696804852E-01    7.3229038670E+00    1.6330795376E-01
    1.4639800000E-04    1.2876247053E+00   -1.3711006369E-01    7.3277022824E+00    1.6320022455E-01
    1.4649800000E-04    1.2869759064E+00   -1.3724831690E-01    7.3324936110E+00    1.6309237448E-01
    1.4659800000E-04    1.2863279729E+00   -1.3738282009E-01    7.3372778364E+00    1.6298440614E-01
    1.4669800000E-04    1.2856809317E+00   -1.3751358532E-01    7.3420549423E+00    1.6287632211E-01
    1.4679800000E-04    1.2850348090E+00   -1.3764062478E-01    7.3468249127E+00    1.6276812500E-01
    1.4689800000E-04    1.2843896310E+00   -1.3776395076E-01    7.3515877317E+00    1.6265981743E-01
    1.4699800000E-04    1.2837454234E+00   -1.3788357567E-01    7.3563433836E+00    1.6255140202E-01
    1.4709800000E-04    1.2831022119E+00   -1.3799951205E-01    7.3610918528E+00    1.6244288141E-01
    1.4719800000E-04    1.2824600217E+00   -1.3811177253E-01    7.3658331240E+00    1.6233425825E-01
    1.4729800000E-04    1.2818188776E+00   -1.3822036986E-01    7.3705671819E+00    1.6222553519E-01
    1.4739800000E-04    1.2811788046E+00   -1.3832531692E-01    7.3752940116E+00    1.6211671491E-01
    1.4749800000E-04    1.2805398268E+00   -1.3842662665E-01    7.3800135981E+00    1.6200780007E-01
    1.4759800000E-04    1.2799019685E+00   -1.3852431215E-01    7.3847259270E+00    1.6189879336E-01
    1.4769800000E-04    1.2792652535E+00   -1.3861838660E-01    7.3894309836E+00    1.6178969748E-01
    1.4779800000E-04    1.2786297052E+00   -1.3870886328E-01    7.3941287537E+00    1.6168051514E-01
    1.4789800000E-04    1.2779953471E+00   -1.3879575557E-01    7.3988192232E+00    1.6157124906E-01
    1.4799800000E-04    1.2773622019E+00   -1.3887907697E-01    7.4035023783E+00    1.6146190194E-01
    1.4809800000E-04    1.2767302925E+00   -1.3895884106E-01    7.4081782051E+00    1.6135247655E-01
    1.4819800000E-04    1.2760996411E+00   -1.3903506151E-01    7.4128466904E+00    1.6124297561E-01
    1.4829800000E-04    1.2754702700E+00   -1.3910775212E-01    7.4175078206E+00    1.6113340187E-01
    1.4839800000E-04    1.2748422008E+00   -1.3917692675E-01    7.4221615828E+00    1.6102375811E-01
    1.4849800000E-04    1.2742154551E+00   -1.3924259938E-01    7.4268079640E+00    1.6091404709E-01
    1.4859800000E-04    1.2735900541E+00   -1.3930478407E-01    7.4314469516E+00    1.6080427159E-01
    1.4869800000E-04    1.2729660188E+00   -1.3936349496E-01    7.4360785330E+00    1.6069443439E-01
    1.4879800000E-04    1.2723433697E+00   -1.3941874631E-01    7.4407026960E+00    1.6058453830E-01
    1.4889800000E-04    1.2717221273E+00   -1.3947055243E-01    7.4453194286E+00    1.6047458612E-01
    1.4899800000E-04    1.2711023115E+00   -1.3951892775E-01    7.4499287188E+00    1.6036458066E-01
    1.4909800000E-04    1.2704839422E+00   -1.3956388675E-01    7.4545305552E+00    1.6025452473E-01
    1.4919800000E-04    1.2698670388E+00   -1.3960544404E-01    7.4591249262E+00    1.6014442117E-01
    1.4929800000E-04    1.2692516204E+00   -1.3964361426E-01    7.4637118206E+00    1.6003427280E-01
    1.4939800000E-04    1.2686377060E+00   -1.3967841215E-01    7.4682912276E+00    1.5992408248E-01
    1.4949800000E-04    1.2680253142E+00   -1.3970985254E-01    7.4728631364E+00    1.5981385305E-01
    1.4959800000E-04    1.2674144632E+00   -1.3973795031E-01    7.4774275364E+00    1.5970358736E-01
    1.4969800000E-04    1.2668051710E+00   -1.3976272044E-01    7.4819844174E+00    1.5959328828E-01
    1.4979800000E-04    1.2661974553E+00   -1.3978417796E-01    7.4865337693E+00    1.5948295867E-01
    1.4989800000E-04    1.2655913337E+00   -1.3980233799E-01    7.4910755824E+00    1.5937260140E-01
    1.4999800000E-04    1.2649868231E+00   -1.3981721572E-01    7.4956098469E+00    1.5926221937E-01
    1.5009800000E-04    1.2643839404E+00   -1.3982882640E-01    7.5001365536E+00    1.5915181545E-01
    1.5019800000E-04    1.2637827023E+00   -1.3983718535E-01    7.5046556934E+00    1.5904139253E-01
    1.5029800000E-04    1.2631831248E+00   -1.3984230795E-01    7.5091672573E+00    1.5893095351E-01
    1.5039800000E-04    1.2625852240E+00   -1.3984420967E-01    7.5136712368E+00    1.5882050129E-01
    1.5049800000E-04    1.2619890156E+00   -1.3984290600E-01    7.5181676235E+00    1.5871003878E-01
    1.5059800000E-04    1.2613945149E+00   -1.3983841253E-01    7.5226564091E+00    1.5859956888E-01
    1.5069800000E-04    1.2608017370E+00   -1.3983074488E-01    7.5271375858E+00    1.5848909452E-01
    1.5079800000E-04    1.2602106967E+00   -1.3981991874E-01    7.5316111460E+00    1.5837861861E-01
    1.5089800000E-04    1.2596214087E+00   -1.3980594984E-01    7.5360770823E+00    1.5826814408E-01
    1.5099800000E-04    1.2590338869E+00   -1.3978885399E-01    7.5405353874E+00    1.5815767384E-01
    1.5109800000E-04    1.2584481456E+00   -1.3976864702E-01    7.5449860545E+00    1.5804721083E-01
    1.5119800000E-04    1.2578641982E+00   -1.3974534484E-01    7.5494290770E+00    1.5793675799E-01
    1.5129800000E-04    1.2572820581E+00   -1.3971896339E-01    7.5538644484E+00    1.5782631824E-01
    1.5139800000E-04    1.2567017385E+00   -1.3968951867E-01    7.5582921626E+00    1.5771589453E-01
    1.5149800000E-04    1.2561232522E+00   -1.3965702671E-01    7.5627122137E+00    1.5760548979E-01
    1.5159800000E-04    1.2555466117E+00   -1.3962150361E-01    7.5671245961E+00    1.5749510698E-01
    1.5169800000E-04    1.2549718291E+00   -1.3958296548E-01    7.5715293045E+00    1.5738474903E-01
    1.5179800000E-04    1.2543989166E+00   -1.3954142849E-01    7.5759263338E+00    1.5727441889E-01
    1.5189800000E-04    1.2538278858E+00   -1.3949690886E-01    7.5803156790E+00    1.5716411950E-01
    1.5199800000E-04    1.2532587481E+00   -1.3944942282E-01    7.5846973357E+00    1.5705385382E-01
    1.5209800000E-04    1.2526915145E+00   -1.3939898665E-01    7.5890712995E+00    1.5694362480E-01
    1.5219800000E-04    1.2521261961E+00   -1.3934561666E-01    7.5934375664E+00    1.5683343539E-01
    1.5229800000E-04    1.2515628033E+00   -1.3928932919E-01    7.5977961326E+00    1.5672328853E-01
    1.5239800000E-04    1.2510013465E+00   -1.3923014061E-01    7.6021469946E+00    1.5661318718E-01
    1.5249800000E-04    1.2504418358E+00   -1.3916806733E-01    7.6064901492E+00    1.5650313429E-01
    1.5259800000E-04    1.2498842808E+00   -1.3910312577E-01    7.6108255933E+00    1.5639313281E-01
    1.5269800000E-04    1.2493286911E+00   -1.3903533239E-01    7.6151533244E+00    1.5628318569E-01
    1.5279800000E-04    1.2487750759E+00   -1.3896470366E-01    7.6194733400E+00    1.5617329588E-01
    1.5289800000E-04    1.2482234442E+00   -1.3889125608E-01    7.6237856379E+00    1.5606346632E-01
    1.5299800000E-04    1.2476738047E+00   -1.3881500619E-01    7.6280902163E+00    1.5595369997E-01
    1.5309800000E-04    1.2471261659E+00   -1.3873597051E-01    7.6323870735E+00    1.5584399978E-01
    1.5319800000E-04    1.2465805358E+00   -1.3865416561E-01    7.6366762082E+00    1.5573436868E-01
    1.5329800000E-04    1.2460369224E+00   -1.3856960807E-01    7.6409576194E+00    1.5562480961E-01
    1.5339800000E-04    1.2454953335E+00   -1.3848231446E-01    7.6452313063E+00    1.5551532553E-01
    1.5349800000E-04    1.2449557763E+00   -1.3839230140E-01    7.6494972684E+00    1.5540591936E-01
    1.5359800000E-04    1.2444182580E+00   -1.3829958548E-01    7.6537555055E+00    1.5529659404E-01
    1.5369800000E-04    1.2438827856E+00   -1.3820418333E-01    7.6580060177E+00    1.5518735250E-01
    1.5379800000E-04    1.2433493657E+00   -1.3810611157E-01    7.6622488053E+00    1.5507819768E-01
    1.5389800000E-04    1.2428180046E+00   -1.3800538682E-01    7.6664838688E+00    1.5496913249E-01
    1.5399800000E-04    1.2422887085E+00   -1.3790202574E-01    7.6707112093E+00    1.5486015987E-01
    1.5409800000E-04    1.2417614833E+00   -1.3779604494E-01    7.6749308279E+00    1.5475128273E-01
    1.5419800000E-04    1.2412363347E+00   -1.3768746109E-01    7.6791427260E+00    1.5464250398E-01
    1.5429800000E-04    1.2407132680E+00   -1.3757629080E-01    7.6833469055E+00    1.5453382654E-01
    1.5439800000E-04    1.2401922885E+00   -1.3746255073E-01    7.6875433683E+00    1.5442525332E-01
    1.5449800000E-04    1.2396734011E+00   -1.3734625751E-01    7.6917321167E+00    1.5431678722E-01
    1.5459800000E-04    1.2391566104E+00   -1.3722742777E-01    7.6959131534E+00    1.5420843113E-01
    1.5469800000E-04    1.2386419209E+00   -1.3710607813E-01    7.7000864812E+00    1.5410018795E-01
    1.5479800000E-04    1.2381293369E+00   -1.3698222521E-01    7.7042521033E+00    1.5399206056E-01
    1.5489800000E-04    1.2376188623E+00   -1.3685588561E-01    7.7084100232E+00    1.5388405186E-01
    1.5499800000E-04    1.2371105009E+00   -1.3672707593E-01    7.7125602445E+00    1.5377616472E-01
    1.5509800000E-04    1.2366042563E+00   -1.3659581274E-01    7.7167027712E+00    1.5366840201E-01
    1.5519800000E-04    1.2361001317E+00   -1.3646211262E-01    7.7208376078E+00    1.5356076659E-01
    1.5529800000E-04    1.2355981303E+00   -1.3632599210E-01    7.7249647587E+00    1.5345326133E-01
    1.5539800000E-04    1.2350982549E+00   -1.3618746773E-01    7.7290842288E+00    1.5334588909E-01
    1.5549800000E-04    1.2346005082E+00   -1.3604655601E-01    7.7331960233E+00    1.5323865271E-01
    1.5559800000E-04    1.2341048925E+00   -1.3590327344E-01    7.7373001475E+00    1.5313155503E-01
    1.5569800000E-04    1.2336114102E+00   -1.3575763650E-01    7.7413966074E+00    1.5302459889E-01
    1.5579800000E-04    1.2331200632E+00   -1.3560966164E-01    7.7454854087E+00    1.5291778712E-01
    1.5589800000E-04    1.2326308534E+00   -1.3545936528E-01    7.7495665579E+00    1.5281112254E-01
    1.5599800000E-04    1.2321437822E+00   -1.3530676384E-01    7.7536400615E+00    1.5270460797E-01
    1.5609800000E-04    1.2316588511E+00   -1.3515187367E-01    7.7577059264E+00    1.5259824621E-01
    1.5619800000E-04    1.2311760613E+00   -1.3499471114E-01    7.7617641597E+00    1.5249204007E-01
    1.5629800000E-04    1.2306954138E+00   -1.3483529256E-01    7.7658147688E+00    1.5238599234E-01
    1.5639800000E-04    1.2302169093E+00   -1.3467363422E-01    7.7698577614E+00    1.5228010580E-01
    1.5649800000E-04    1.2297405484E+00   -1.3450975237E-01    7.7738931456E+00    1.5217438323E-01
    1.5659800000E-04    1.2292663314E+00   -1.3434366322E-01    7.7779209296E+00    1.5206882741E-01
    1.5669800000E-04    1.2287942587E+00   -1.3417538296E-01    7.7819411220E+00    1.5196344109E-01
    1.5679800000E-04    1.2283243302E+00   -1.3400492775E-01    7.7859537316E+00    1.5185822703E-01
    1.5689800000E-04    1.2278565456E+00   -1.3383231368E-01    7.7899587675E+00    1.5175318799E-01
    1.5699800000E-04    1.2273909047E+00   -1.3365755684E-01    7.7939562392E+00    1.5164832668E-01
    1.5709800000E-04    1.2269274069E+00   -1.3348067325E-01    7.7979461564E+00    1.5154364585E-01
    1.5719800000E-04    1.2264660514E+00   -1.3330167891E-01    7.8019285289E+00    1.5143914822E-01
    1.5729800000E-04    1.2260068373E+00   -1.3312058978E-01    7.8059033672E+00    1.5133483650E-01
    1.5739800000E-04    1.2255497636E+00   -1.3293742175E-01    7.8098706816E+00    1.5123071340E-01
    1.5749800000E-04    1.2250948290E+00   -1.3275219070E-01    7.8138304830E+00    1.5112678160E-01
    1.5759800000E-04    1.2246420319E+00   -1.3256491244E-01    7.8177827825E+00    1.5102304380E-01
    1.5769800000E-04    1.2241913709E+00   -1.3237560275E-01    7.8217275914E+00    1.5091950267E-01
    1.5779800000E-04    1.2237428442E+00   -1.3218427735E-01    7.8256649215E+00    1.5081616089E-01
    1.5789800000E-04    1.2232964497E+00   -1.3199095191E-01    7.8295947846E+00    1.5071302110E-01
    1.5799800000E-04    1.2228521855E+00   -1.3179564207E-01    7.8335171929E+00    1.5061008597E-01
    1.5809800000E-04    1.2224100492E+00   -1.3159836338E-01    7.8374321589E+00    1.5050735812E-01
    1.5819800000E-04    1.2219700384E+00   -1.3139913137E-01    7.8413396953E+00    1.5040484021E-01
    1.5829800000E-04    1.2215321505E+00   -1.3119796151E-01    7.8452398152E+00    1.5030253483E-01
    1.5839800000E-04    1.2210963829E+00   -1.3099486921E-01    7.8491325319E+00    1.5020044461E-01
    1.5849800000E-04    1.2206627326E+00   -1.3078986983E-01    7.8530178589E+00    1.5009857216E-01
    1.5859800000E-04    1.2202311965E+00   -1.3058297867E-01    7.8568958101E+00    1.4999692005E-01
    1.5869800000E-04    1.2198017716E+00   -1.3037421099E-01    7.8607663996E+00    1.4989549088E-01
    1.5879800000E-04    1.2193744545E+00   -1.3016358197E-01    7.8646296417E+00    1.4979428722E-01
    1.5889800000E-04    1.2189492417E+00   -1.2995110675E-01    7.8684855512E+00    1.4969331164E-01
    1.5899800000E-04    1.2185261296E+00   -1.2973680039E-01    7.8723341429E+00    1.4959256667E-01
    1.5909800000E-04    1.2181051145E+00   -1.2952067792E-01    7.8761754320E+00    1.4949205488E-01
    1.5919800000E-04    1.2176861925E+00   -1.2930275428E-01    7.8800094340E+00    1.4939177879E-01
    1.5929800000E-04    1.2172693595E+00   -1.2908304435E-01    7.8838361646E+00    1.4929174093E-01
    1.5939800000E-04    1.2168546115E+00   -1.2886156298E-01    7.8876556398E+00    1.4919194380E-01
    1.5949800000E-04    1.2164419441E+00   -1.2863832491E-01    7.8914678758E+00    1.4909238992E-01
    1.5959800000E-04    1.2160313530E+00   -1.2841334484E-01    7.8952728892E+00    1.4899308177E-01
    1.5969800000E-04    1.2156228336E+00   -1.2818663741E-01    7.8990706967E+00    1.4889402183E-01
    1.5979800000E-04    1.2152163814E+00   -1.2795821718E-01    7.9028613153E+00    1.4879521258E-01
    1.5989800000E-04    1.2148119914E+00   -1.2772809864E-01    7.9066447623E+00    1.4869665648E-01
    1.5999800000E-04    1.2144096589E+00   -1.2749629623E-01    7.9104210554E+00    1.4859835598E-01
    1.6009800000E-04    1.2140093789E+00   -1.2726282431E-01    7.9141902122E+00    1.4850031352E-01
    1.6019800000E-04    1.2136111462E+00   -1.2702769719E-01    7.9179522509E+00    1.4840253153E-01
    1.6029800000E-04    1.2132149556E+00   -1.2679092908E-01    7.9217071897E+00    1.4830501242E-01
    1.6039800000E-04    1.2128208017E+00   -1.2655253414E-01    7.9254550473E+00    1.4820775861E-01
    1.6049800000E-04    1.2124286793E+00   -1.2631252647E-01    7.9291958424E+00    1.4811077250E-01
    1.6059800000E-04    1.2120385826E+00   -1.2607092007E-01    7.9329295942E+00    1.4801405646E-01
    1.6069800000E-04    1.2116505060E+00   -1.2582772890E-01    7.9366563219E+00    1.4791761289E-01
    1.6079800000E-04    1.2112644439E+00   -1.2558296682E-01    7.9403760452E+00    1.4782144413E-01
    1.6089800000E-04    1.2108803903E+00   -1.2533664764E-01    7.9440887837E+00    1.4772555256E-01
    1.6099800000E-04    1.2104983393E+00   -1.2508878508E-01    7.9477945577E+00    1.4762994050E-01
    1.6109800000E-04    1.2101182849E+00   -1.2483939279E-01    7.9514933874E+00    1.4753461030E-01
    1.6119800000E-04    1.2097402209E+00   -1.2458848435E-01    7.9551852933E+00    1.4743956427E-01
    1.6129800000E-04    1.2093641412E+00   -1.2433607326E-01    7.9588702963E+00    1.4734480473E-01
    1.6139800000E-04    1.2089900394E+00   -1.2408217294E-01    7.9625484173E+00    1.4725033398E-01
    1.6149800000E-04    1.2086179091E+00   -1.2382679675E-01    7.9662196777E+00    1.4715615431E-01
    1.6159800000E-04    1.2082477439E+00   -1.2356995796E-01    7.9698840990E+00    1.4706226799E-01
    1.6169800000E-04    1.2078795372E+00   -1.2331166978E-01    7.9735417029E+00    1.4696867729E-01
    1.6179800000E-04    1.2075132823E+00   -1.2305194532E-01    7.9771925113E+00    1.4687538447E-01
    1.6189800000E-04    1.2071489725E+00   -1.2279079764E-01    7.9808365466E+00    1.4678239177E-01
    1.6199800000E-04    1.2067866011E+00   -1.2252823970E-01    7.9844738310E+00    1.4668970143E-01
    1.6209800000E-04    1.2064261611E+00   -1.2226428439E-01    7.9881043874E+00    1.4659731568E-01
    1.6219800000E-04    1.2060676456E+00   -1.2199894452E-01    7.9917282386E+00    1.4650523671E-01
    1.6229800000E-04    1.2057110477E+00   -1.2173223284E-01    7.9953454078E+00    1.4641346674E-01
    1.6239800000E-04    1.2053563602E+00   -1.2146416200E-01    7.9989559182E+00    1.4632200794E-01
    1.6249800000E-04    1.2050035759E+00   -1.2119474457E-01    8.0025597935E+00    1.4623086251E-01
    1.6259800000E-04    1.2046526877E+00   -1.2092399307E-01    8.0061570575E+00    1.4614003261E-01
    1.6269800000E-04    1.2043036882E+00   -1.2065191989E-01    8.0097477342E+00    1.4604952040E-01
    1.6279800000E-04    1.2039565702E+00   -1.2037853739E-01    8.0133318479E+00    1.4595932801E-01
    1.6289800000E-04    1.2036113263E+00   -1.2010385781E-01    8.0169094230E+00    1.4586945758E-01
    1.6299800000E-04    1.2032679489E+00   -1.1982789333E-01    8.0204804841E+00    1.4577991124E-01
    1.6309800000E-04    1.2029264305E+00   -1.1955065606E-01    8.0240450563E+00    1.4569069110E-01
    1.6319800000E-04    1.2025867636E+00   -1.1927215801E-01    8.0276031645E+00    1.4560179925E-01
    1.6329800000E-04    1.2022489406E+00   -1.1899241111E-01    8.0311548341E+00    1.4551323779E-01
    1.6339800000E-04    1.2019129538E+00   -1.1871142723E-01    8.0347000907E+00    1.4542500879E-01
    1.6349800000E-04    1.2015787954E+00   -1.1842921813E-01    8.0382389600E+00    1.4533711432E-01
    1.6359800000E-04    1.2012464577E+00   -1.1814579552E-01    8.0417714678E+00    1.4524955644E-01
    1.6369800000E-04    1.2009159329E+00   -1.1786117100E-01    8.0452976405E+00    1.4516233718E-01
    1.6379800000E-04    1.2005872131E+00   -1.1757535612E-01    8.0488175043E+00    1.4507545858E-01
    1.6389800000E-04    1.2002602903E+00   -1.1728836232E-01    8.0523310857E+00    1.4498892266E-01
    1.6399800000E-04    1.1999351567E+00   -1.1700020097E-01    8.0558384116E+00    1.4490273143E-01
    1.6409800000E-04    1.1996118042E+00   -1.1671088337E-01    8.0593395089E+00    1.4481688689E-01
    1.6419800000E-04    1.1992902248E+00   -1.1642042073E-01    8.0628344048E+00    1.4473139103E-01
    1.6429800000E-04    1.1989704104E+00   -1.1612882417E-01    8.0663231266E+00    1.4464624581E-01
    1.6439800000E-04    1.1986523530E+00   -1.1583610474E-01    8.0698057018E+00    1.4456145321E-01
    1.6449800000E-04    1.1983360444E+00   -1.1554227341E-01    8.0732821582E+00    1.4447701518E-01
    1.6459800000E-04    1.1980214764E+00   -1.1524734104E-01    8.0767525238E+00    1.4439293366E-01
    1.6469800000E-04    1.1977086408E+00   -1.1495131846E-01    8.0802168265E+00    1.4430921058E-01
    1.6479800000E-04    1.1973975294E+00   -1.1465421637E-01    8.0836750949E+00    1.4422584786E-01
    1.6489800000E-04    1.1970881339E+00   -1.1435604541E-01    8.0871273572E+00    1.4414284740E-01
    1.6499800000E-04    1.1967804461E+00   -1.1405681614E-01    8.0905736423E+00    1.4406021111E-01
    1.6509800000E-04    1.1964744576E+00   -1.1375653904E-01    8.0940139790E+00    1.4397794086E-01
    1.6519800000E-04    1.1961701600E+00   -1.1345522451E-01    8.0974483963E+00    1.4389603853E-01
    1.6529800000E-04    1.1958675451E+00   -1.1315288285E-01    8.1008769234E+00    1.4381450598E-01
    1.6539800000E-04    1.1955666043E+00   -1.1284952431E-01    8.1042995898E+00    1.4373334507E-01
    1.6549800000E-04    1.1952673294E+00   -1.1254515905E-01    8.1077164250E+00    1.4365255763E-01
    1.6559800000E-04    1.1949697119E+00   -1.1223979713E-01    8.1111274589E+00    1.4357214549E-01
    1.6569800000E-04    1.1946737433E+00   -1.1193344854E-01    8.1145327212E+00    1.4349211046E-01
    1.6579800000E-04    1.1943794152E+00   -1.1162612321E-01    8.1179322421E+00    1.4341245436E-01
    1.6589800000E-04    1.1940867191E+00   -1.1131783098E-01    8.1213260520E+00    1.4333317896E-01
    1.6599800000E-04    1.1937956464E+00   -1.1100858158E-01    8.1247141811E+00    1.4325428607E-01
    1.6609800000E-04    1.1935061888E+00   -1.1069838470E-01    8.1280966602E+00    1.4317577744E-01
    1.6619800000E-04    1.1932183377E+00   -1.1038724994E-01    8.1314735200E+00    1.4309765484E-01
    1.6629800000E-04    1.1929320844E+00   -1.1007518681E-01    8.1348447914E+00    1.4301992001E-01
    1.6639800000E-04    1.1926474206E+00   -1.0976220474E-01    8.1382105056E+00    1.4294257470E-01
    1.6649800000E-04    1.1923643376E+00   -1.0944831309E-01    8.1415706938E+00    1.4286562062E-01
    1.6659800000E-04    1.1920828269E+00   -1.0913352114E-01    8.1449253874E+00    1.4278905949E-01
    1.6669800000E-04    1.1918028800E+00   -1.0881783809E-01    8.1482746181E+00    1.4271289301E-01
    1.6679800000E-04    1.1915244881E+00   -1.0850127306E-01    8.1516184175E+00    1.4263712288E-01
    1.6689800000E-04    1.1912476429E+00   -1.0818383509E-01    8.1549568175E+00    1.4256175077E-01
    1.6699800000E-04    1.1909723356E+00   -1.0786553314E-01    8.1582898502E+00    1.4248677835E-01
    1.6709800000E-04    1.1906985577E+00   -1.0754637611E-01    8.1616175478E+00    1.4241220728E-01
    1.6719800000E-04    1.1904263006E+00   -1.0722637281E-01    8.1649399427E+00    1.4233803920E-01
    1.6729800000E-04    1.1901555558E+00   -1.0690553197E-01    8.1682570673E+00    1.4226427575E-01
    1.6739800000E-04    1.1898863145E+00   -1.0658386224E-01    8.1715689543E+00    1.4219091855E-01
    1.6749800000E-04    1.1896185684E+00   -1.0626137222E-01    8.1748756364E+00    1.4211796922E-01
    1.6759800000E-04    1.1893523086E+00   -1.0593807039E-01    8.1781771467E+00    1.4204542934E-01
    1.6769800000E-04    1.1890875268E+00   -1.0561396520E-01    8.1814735182E+00    1.4197330052E-01
    1.6779800000E-04    1.1888242142E+00   -1.0528906499E-01    8.1847647841E+00    1.4190158432E-01
    1.6789800000E-04    1.1885623623E+00   -1.0496337805E-01    8.1880509779E+00    1.4183028232E-01
    1.6799800000E-04    1.1883019626E+00   -1.0463691257E-01    8.1913321329E+00    1.4175939607E-01
    1.6809800000E-04    1.1880430065E+00   -1.0430967669E-01    8.1946082829E+00    1.4168892712E-01
    1.6819800000E-04    1.1877854853E+00   -1.0398167846E-01    8.1978794616E+00    1.4161887698E-01
    1.6829800000E-04    1.1875293906E+00   -1.0365292586E-01    8.2011457030E+00    1.4154924720E-01
    1.6839800000E-04    1.1872747139E+00   -1.0332342679E-01    8.2044070411E+00    1.4148003927E-01
    1.6849800000E-04    1.1870214465E+00   -1.0299318908E-01    8.2076635101E+00    1.4141125469E-01
    1.6859800000E-04    1.1867695799E+00   -1.0266222050E-01    8.2109151442E+00    1.4134289496E-01
    1.6869800000E-04    1.1865191057E+00   -1.0233052873E-01    8.2141619781E+00    1.4127496154E-01
    1.6879800000E-04    1.1862700153E+00   -1.0199812137E-01    8.2174040461E+00    1.4120745590E-01
    1.6889800000E-04    1.1860223003E+00   -1.0166500597E-01    8.2206413831E+00    1.4114037950E-01
    1.6899800000E-04    1.1857759521E+00   -1.0133119000E-01    8.2238740238E+00    1.4107373377E-01
    1.6909800000E-04    1.1855309623E+00   -1.0099668086E-01    8.2271020033E+00    1.4100752016E-01
    1.6919800000E-04    1.1852873224E+00   -1.0066148586E-01    8.2303253565E+00    1.4094174007E-01
    1.6929800000E-04    1.1850450241E+00   -1.0032561227E-01    8.2335441187E+00    1.4087639492E-01
    1.6939800000E-04    1.1848040588E+00   -9.9989067265E-02    8.2367583253E+00    1.4081148610E-01
    1.6949800000E-04    1.1845644182E+00   -9.9651857963E-02    8.2399680116E+00    1.4074701500E-01
    1.6959800000E-04    1.1843260939E+00   -9.9313991409E-02    8.2431732132E+00    1.4068298300E-01
    1.6969800000E-04    1.1840890775E+00   -9.8975474577E-02    8.2463739658E+00    1.4061939146E-01
    1.6979800000E-04    1.1838533606E+00   -9.8636314374E-02    8.2495703052E+00    1.4055624173E-01
    1.6989800000E-04    1.1836189349E+00   -9.8296517636E-02    8.2527622673E+00    1.4049353516E-01
    1.6999800000E-04    1.1833857922E+00   -9.7956091133E-02    8.2559498882E+00    1.4043127307E-01
    1.7009800000E-04    1.1831539240E+00   -9.7615041565E-02    8.2591332039E+00    1.4036945679E-01
    1.7019800000E-04    1.1829233221E+00   -9.7273375567E-02    8.2623122507E+00    1.4030808763E-01
    1.7029800000E-04    1.1826939783E+00   -9.6931099704E-02    8.2654870649E+00    1.4024716687E-01
    1.7039800000E-04    1.1824658843E+00   -9.6588220475E-02    8.2686576832E+00    1.4018669582E-01
    1.7049800000E-04    1.1822390319E+00   -9.6244744314E-02    8.2718241419E+00    1.4012667574E-01
    1.7059800000E-04    1.1820134129E+00   -9.5900677586E-02    8.2749864779E+00    1.4006710791E-01
    1.7069800000E-04    1.1817890191E+00   -9.5556026593E-02    8.2781447278E+00    1.4000799356E-01
    1.7079800000E-04    1.1815658423E+00   -9.5210797569E-02    8.2812989287E+00    1.3994933396E-01
    1.7089800000E-04    1.1813438745E+00   -9.4864996683E-02    8.2844491174E+00    1.3989113033E-01
    1.7099800000E-04    1.1811231076E+00   -9.4518630039E-02    8.2875953312E+00    1.3983338389E-01
    1.7109800000E-04    1.1809035334E+00   -9.4171703676E-02    8.2907376072E+00    1.3977609585E-01
    1.7119800000E-04    1.1806851439E+00   -9.3824223571E-02    8.2938759827E+00    1.3971926742E-01
    1.7129800000E-04    1.1804679311E+00   -9.3476195633E-02    8.2970104951E+00    1.3966289978E-01
    1.7139800000E-04    1.1802518870E+00   -9.3127625714E-02    8.3001411820E+00    1.3960699411E-01
    1.7149800000E-04    1.1800370036E+00   -9.2778519598E-02    8.3032680809E+00    1.3955155157E-01
    1.7159800000E-04    1.1798232729E+00   -9.2428883008E-02    8.3063912295E+00    1.3949657334E-01
    1.7169800000E-04    1.1796106870E+00   -9.2078721607E-02    8.3095106657E+00    1.3944206055E-01
    1.7179800000E-04    1.1793992381E+00   -9.1728040993E-02    8.3126264273E+00    1.3938801433E-01
    1.7189800000E-04    1.1791889182E+00   -9.1376846705E-02    8.3157385524E+00    1.3933443582E-01
    1.7199800000E-04    1.1789797195E+00   -9.1025144221E-02    8.3188470789E+00    1.3928132613E-01
    1.7209800000E-04    1.1787716342E+00   -9.0672938956E-02    8.3219520452E+00    1.3922868636E-01
    1.7219800000E-04    1.1785646545E+00   -9.0320236267E-02    8.3250534893E+00    1.3917651761E-01
    1.7229800000E-04    1.1783587727E+00   -8.9967041450E-02    8.3281514498E+00    1.3912482095E-01
    1.7239800000E-04    1.1781539810E+00   -8.9613359742E-02    8.3312459650E+00    1.3907359747E-01
    1.7249800000E-04    1.1779502717E+00   -8.9259196322E-02    8.3343370734E+00    1.3902284822E-01
    1.7259800000E-04    1.1777476371E+00   -8.8904556306E-02    8.3374248137E+00    1.3897257426E-01
    1.7269800000E-04    1.1775460697E+00   -8.8549444757E-02    8.3405092246E+00    1.3892277663E-01
    1.7279800000E-04    1.1773455618E+00   -8.8193866676E-02    8.3435903449E+00    1.3887345636E-01
    1.7289800000E-04    1.1771461058E+00   -8.7837827008E-02    8.3466682135E+00    1.3882461447E-01
    1.7299800000E-04    1.1769476942E+00   -8.7481330640E-02    8.3497428692E+00    1.3877625197E-01
    1.7309800000E-04    1.1767503195E+00   -8.7124382402E-02    8.3528143512E+00    1.3872836986E-01
    1.7319800000E-04    1.1765539742E+00   -8.6766987068E-02    8.3558826986E+00    1.3868096914E-01
    1.7329800000E-04    1.1763586508E+00   -8.6409149355E-02    8.3589479506E+00    1.3863405078E-01
    1.7339800000E-04    1.1761643419E+00   -8.6050873923E-02    8.3620101464E+00    1.3858761575E-01
    1.7349800000E-04    1.1759710402E+00   -8.5692165379E-02    8.3650693255E+00    1.3854166501E-01
    1.7359800000E-04    1.1757787382E+00   -8.5333028273E-02    8.3681255272E+00    1.3849619952E-01
    1.7369800000E-04    1.1755874287E+00   -8.4973467101E-02    8.3711787912E+00    1.3845122021E-01
    1.7379800000E-04    1.1753971044E+00   -8.4613486302E-02    8.3742291569E+00    1.3840672801E-01
    1.7389800000E-04    1.1752077580E+00   -8.4253090264E-02    8.3772766641E+00    1.3836272385E-01
    1.7399800000E-04    1.1750193823E+00   -8.3892283318E-02    8.3803213525E+00    1.3831920863E-01
    1.7409800000E-04    1.1748319701E+00   -8.3531069742E-02    8.3833632620E+00    1.3827618326E-01
    1.7419800000E-04    1.1746455142E+00   -8.3169453761E-02    8.3864024323E+00    1.3823364862E-01
    1.7429800000E-04    1.1744600077E+00   -8.2807439549E-02    8.3894389036E+00    1.3819160560E-01
    1.7439800000E-04    1.1742754432E+00   -8.2445031224E-02    8.3924727159E+00    1.3815005506E-01
    1.7449800000E-04    1.1740918139E+00   -8.2082232856E-02    8.3955039092E+00    1.3810899787E-01
    1.7459800000E-04    1.1739091128E+00   -8.1719048459E-02    8.3985325237E+00    1.3806843489E-01
    1.7469800000E-04    1.1737273327E+00   -8.1355481998E-02    8.4015585998E+00    1.3802836695E-01
    1.7479800000E-04    1.1735464668E+00   -8.0991537388E-02    8.4045821776E+00    1.3798879488E-01
    1.7489800000E-04    1.1733665082E+00   -8.0627218490E-02    8.4076032976E+00    1.3794971951E-01
    1.7499800000E-04    1.1731874500E+00   -8.0262529117E-02    8.4106220004E+00    1.3791114166E-01
    1.7509800000E-04    1.1730092854E+00   -7.9897473031E-02    8.4136383262E+00    1.3787306212E-01
    1.7519800000E-04    1.1728320076E+00   -7.9532053944E-02    8.4166523159E+00    1.3783548170E-01
    1.7529800000E-04    1.1726556098E+00   -7.9166275518E-02    8.4196640100E+00    1.3779840117E-01
    1.7539800000E-04    1.1724800853E+00   -7.8800141368E-02    8.4226734491E+00    1.3776182132E-01
    1.7549800000E-04    1.1723054274E+00   -7.8433655057E-02    8.4256806743E+00    1.3772574290E-01
    1.7559800000E-04    1.1721316294E+00   -7.8066820102E-02    8.4286857261E+00    1.3769016669E-01
    1.7569800000E-04    1.1719586848E+00   -7.7699639970E-02    8.4316886456E+00    1.3765509342E-01
    1.7579800000E-04    1.1717865870E+00   -7.7332118082E-02    8.4346894737E+00    1.3762052385E-01
    1.7589800000E-04    1.1716153294E+00   -7.6964257809E-02    8.4376882514E+00    1.3758645868E-01
    1.7599800000E-04    1.1714449055E+00   -7.6596062477E-02    8.4406850199E+00    1.3755289866E-01
    1.7609800000E-04    1.1712753089E+00   -7.6227535364E-02    8.4436798202E+00    1.3751984449E-01
    1.7619800000E-04    1.1711065332E+00   -7.5858679699E-02    8.4466726935E+00    1.3748729687E-01
    1.7629800000E-04    1.1709385719E+00   -7.5489498670E-02    8.4496636812E+00    1.3745525650E-01
    1.7639800000E-04    1.1707714186E+00   -7.5119995412E-02    8.4526528244E+00    1.3742372407E-01
    1.7649800000E-04    1.1706050672E+00   -7.4750173021E-02    8.4556401646E+00    1.3739270025E-01
    1.7659800000E-04    1.1704395113E+00   -7.4380034542E-02    8.4586257432E+00    1.3736218571E-01
    1.7669800000E-04    1.1702747448E+00   -7.4009582978E-02    8.4616096017E+00    1.3733218110E-01
    1.7679800000E-04    1.1701107613E+00   -7.3638821286E-02    8.4645917815E+00    1.3730268709E-01
    1.7689800000E-04    1.1699475547E+00   -7.3267752378E-02    8.4675723242E+00    1.3727370430E-01
    1.7699800000E-04    1.1697851190E+00   -7.2896379123E-02    8.4705512716E+00    1.3724523339E-01
    1.7709800000E-04    1.1696234480E+00   -7.2524704343E-02    8.4735286651E+00    1.3721727496E-01
    1.7719800000E-04    1.1694625358E+00   -7.2152730819E-02    8.4765045467E+00    1.3718982963E-01
    1.7729800000E-04    1.1693023762E+00   -7.1780461288E-02    8.4794789580E+00    1.3716289802E-01
    1.7739800000E-04    1.1691429635E+00   -7.1407898443E-02    8.4824519408E+00    1.3713648073E-01
    1.7749800000E-04    1.1689842915E+00   -7.1035044934E-02    8.4854235371E+00    1.3711057834E-01
    1.7759800000E-04    1.1688263546E+00   -7.0661903368E-02    8.4883937887E+00    1.3708519143E-01
    1.7769800000E-04    1.1686691468E+00   -7.0288476311E-02    8.4913627376E+00    1.3706032059E-01
    1.7779800000E-04    1.1685126623E+00   -6.9914766286E-02    8.4943304258E+00    1.3703596637E-01
    1.7789800000E-04    1.1683568954E+00   -6.9540775773E-02    8.4972968953E+00    1.3701212934E-01
    1.7799800000E-04    1.1682018403E+00   -6.9166507211E-02    8.5002621883E+00    1.3698881005E-01
    1.7809800000E-04    1.1680474915E+00   -6.8791962999E-02    8.5032263468E+00    1.3696600903E-01
    1.7819800000E-04    1.1678938432E+00   -6.8417145493E-02    8.5061894130E+00    1.3694372683E-01
    1.7829800000E-04    1.1677408898E+00   -6.8042057010E-02    8.5091514292E+00    1.3692196396E-01
    1.7839800000E-04    1.1675886259E+00   -6.7666699823E-02    8.5121124376E+00    1.3690072095E-01
    1.7849800000E-04    1.1674370459E+00   -6.7291076169E-02    8.5150724804E+00    1.3687999830E-01
    1.7859800000E-04    1.1672861443E+00   -6.6915188242E-02    8.5180316000E+00    1.3685979652E-01
    1.7869800000E-04    1.1671359157E+00   -6.6539038196E-02    8.5209898387E+00    1.3684011610E-01
    1.7879800000E-04    1.1669863547E+00   -6.6162628146E-02    8.5239472390E+00    1.3682095752E-01
    1.7889800000E-04    1.1668374560E+00   -6.5785960169E-02    8.5269038432E+00    1.3680232128E-01
    1.7899800000E-04    1.1666892142E+00   -6.5409036300E-02    8.5298596939E+00    1.3678420783E-01
    1.7909800000E-04    1.1665416242E+00   -6.5031858537E-02    8.5328148336E+00    1.3676661764E-01
    1.7919800000E-04    1.1663946806E+00   -6.4654428840E-02    8.5357693046E+00    1.3674955117E-01
    1.7929800000E-04    1.1662483784E+00   -6.4276749129E-02    8.5387231497E+00    1.3673300886E-01
    1.7939800000E-04    1.1661027123E+00   -6.3898821286E-02    8.5416764114E+00    1.3671699116E-01
    1.7949800000E-04    1.1659576773E+00   -6.3520647155E-02    8.5446291324E+00    1.3670149849E-01
    1.7959800000E-04    1.1658132683E+00   -6.3142228545E-02    8.5475813551E+00    1.3668653129E-01
    1.7969800000E-04    1.1656694804E+00   -6.2763567223E-02    8.5505331225E+00    1.3667208998E-01
    1.7979800000E-04    1.1655263085E+00   -6.2384664922E-02    8.5534844771E+00    1.3665817495E-01
    1.7989800000E-04    1.1653837478E+00   -6.2005523337E-02    8.5564354616E+00    1.3664478663E-01
    1.7999800000E-04    1.1652417933E+00   -6.1626144127E-02    8.5593861189E+00    1.3663192540E-01
    1.8009800000E-04    1.1651004403E+00   -6.1246528912E-02    8.5623364917E+00    1.3661959165E-01
    1.8019800000E-04    1.1649596839E+00   -6.0866679279E-02    8.5652866227E+00    1.3660778577E-01
    1.8029800000E-04    1.1648195193E+00   -6.0486596776E-02    8.5682365549E+00    1.3659650813E-01
    1.8039800000E-04    1.1646799420E+00   -6.0106282918E-02    8.5711863310E+00    1.3658575910E-01
    1.8049800000E-04    1.1645409471E+00   -5.9725739180E-02    8.5741359939E+00    1.3657553904E-01
    1.8059800000E-04    1.1644025302E+00   -5.9344967006E-02    8.5770855865E+00    1.3656584831E-01
    1.8069800000E-04    1.1642646866E+00   -5.8963967802E-02    8.5800351516E+00    1.3655668724E-01
    1.8079800000E-04    1.1641274118E+00   -5.8582742941E-02    8.5829847323E+00    1.3654805619E-01
    1.8089800000E-04    1.1639907012E+00   -5.8201293759E-02    8.5859343714E+00    1.3653995548E-01
    1.8099800000E-04    1.1638545506E+00   -5.7819621559E-02    8.5888841118E+00    1.3653238544E-01
    1.8109800000E-04    1.1637189553E+00   -5.7437727608E-02    8.5918339965E+00    1.3652534639E-01
    1.8119800000E-04    1.1635839112E+00   -5.7055613140E-02    8.5947840685E+00    1.3651883865E-01
    1.8129800000E-04    1.1634494139E+00   -5.6673279356E-02    8.5977343707E+00    1.3651286251E-01
    1.8139800000E-04    1.1633154592E+00   -5.6290727421E-02    8.6006849462E+00    1.3650741828E-01
    1.8149800000E-04    1.1631820427E+00   -5.5907958467E-02    8.6036358380E+00    1.3650250626E-01
    1.8159800000E-04    1.1630491604E+00   -5.5524973594E-02    8.6065870889E+00    1.3649812672E-01
    1.8169800000E-04    1.1629168080E+00   -5.5141773868E-02    8.6095387422E+00    1.3649427995E-01
    1.8179800000E-04    1.1627849816E+00   -5.4758360320E-02    8.6124908407E+00    1.3649096623E-01
    1.8189800000E-04    1.1626536771E+00   -5.4374733953E-02    8.6154434276E+00    1.3648818581E-01
    1.8199800000E-04    1.1625228904E+00   -5.3990895732E-02    8.6183965458E+00    1.3648593896E-01
    1.8209800000E-04    1.1623926176E+00   -5.3606846594E-02    8.6213502384E+00    1.3648422593E-01
    1.8219800000E-04    1.1622628549E+00   -5.3222587441E-02    8.6243045484E+00    1.3648304697E-01
    1.8229800000E-04    1.1621335983E+00   -5.2838119144E-02    8.6272595188E+00    1.3648240232E-01
    1.8239800000E-04    1.1620048441E+00   -5.2453442543E-02    8.6302151928E+00    1.3648229222E-01
    1.8249800000E-04    1.1618765885E+00   -5.2068558445E-02    8.6331716132E+00    1.3648271689E-01
    1.8259800000E-04    1.1617488277E+00   -5.1683467627E-02    8.6361288233E+00    1.3648367655E-01
    1.8269800000E-04    1.1616215580E+00   -5.1298170835E-02    8.6390868659E+00    1.3648517143E-01
    1.8279800000E-04    1.1614947759E+00   -5.0912668781E-02    8.6420457842E+00    1.3648720174E-01
    1.8289800000E-04    1.1613684778E+00   -5.0526962150E-02    8.6450056210E+00    1.3648976767E-01
    1.8299800000E-04    1.1612426601E+00   -5.0141051595E-02    8.6479664196E+00    1.3649286943E-01
    1.8309800000E-04    1.1611173193E+00   -4.9754937737E-02    8.6509282228E+00    1.3649650720E-01
    1.8319800000E-04    1.1609924520E+00   -4.9368621170E-02    8.6538910736E+00    1.3650068117E-01
    1.8329800000E-04    1.1608680547E+00   -4.8982102456E-02    8.6568550151E+00    1.3650539153E-01
    1.8339800000E-04    1.1607441242E+00   -4.8595382126E-02    8.6598200903E+00    1.3651063845E-01
    1.8349800000E-04    1.1606206571E+00   -4.8208460685E-02    8.6627863420E+00    1.3651642208E-01
    1.8359800000E-04    1.1604976501E+00   -4.7821338604E-02    8.6657538132E+00    1.3652274261E-01
    1.8369800000E-04    1.1603751001E+00   -4.7434016330E-02    8.6687225469E+00    1.3652960017E-01
    1.8379800000E-04    1.1602530039E+00   -4.7046494276E-02    8.6716925860E+00    1.3653699493E-01
    1.8389800000E-04    1.1601313583E+00   -4.6658772830E-02    8.6746639734E+00    1.3654492703E-01
    1.8399800000E-04    1.1600101604E+00   -4.6270852349E-02    8.6776367519E+00    1.3655339661E-01
    1.8409800000E-04    1.1598894069E+00   -4.5882733162E-02    8.6806109645E+00    1.3656240379E-01
    1.8419800000E-04    1.1597690951E+00   -4.5494415571E-02    8.6835866540E+00    1.3657194871E-01
    1.8429800000E-04    1.1596492219E+00   -4.5105899848E-02    8.6865638632E+00    1.3658203149E-01
    1.8439800000E-04    1.1595297845E+00   -4.4717186240E-02    8.6895426349E+00    1.3659265224E-01
    1.8449800000E-04    1.1594107801E+00   -4.4328274963E-02    8.6925230119E+00    1.3660381107E-01
    1.8459800000E-04    1.1592922058E+00   -4.3939166208E-02    8.6955050369E+00    1.3661550810E-01
    1.8469800000E-04    1.1591740589E+00   -4.3549860138E-02    8.6984887527E+00    1.3662774341E-01
    1.8479800000E-04    1.1590563367E+00   -4.3160356888E-02    8.7014742019E+00    1.3664051711E-01
    1.8489800000E-04    1.1589390366E+00   -4.2770656568E-02    8.7044614272E+00    1.3665382928E-01
    1.8499800000E-04    1.1588221560E+00   -4.2380759260E-02    8.7074504713E+00    1.3666768000E-01
    1.8509800000E-04    1.1587056924E+00   -4.1990665020E-02    8.7104413768E+00    1.3668206935E-01
    1.8519800000E-04    1.1585896432E+00   -4.1600373878E-02    8.7134341862E+00    1.3669699740E-01
    1.8529800000E-04    1.1584740060E+00   -4.1209885838E-02    8.7164289421E+00    1.3671246423E-01
    1.8539800000E-04    1.1583587784E+00   -4.0819200878E-02    8.7194256870E+00    1.3672846988E-01
    1.8549800000E-04    1.1582439580E+00   -4.0428318949E-02    8.7224244633E+00    1.3674501441E-01
    1.8559800000E-04    1.1581295426E+00   -4.0037239979E-02    8.7254253135E+00    1.3676209788E-01
    1.8569800000E-04    1.1580155299E+00   -3.9645963870E-02    8.7284282800E+00    1.3677972033E-01
    1.8579800000E-04    1.1579019176E+00   -3.9254490499E-02    8.7314334051E+00    1.3679788180E-01
    1.8589800000E-04    1.1577887037E+00   -3.8862819717E-02    8.7344407312E+00    1.3681658232E-01
    1.8599800000E-04    1.1576758860E+00   -3.8470951351E-02    8.7374503005E+00    1.3683582192E-01
    1.8609800000E-04    1.1575634625E+00   -3.8078885206E-02    8.7404621553E+00    1.3685560063E-01
    1.8619800000E-04    1.1574514312E+00   -3.7686621060E-02    8.7434763377E+00    1.3687591846E-01
    1.8629800000E-04    1.1573397900E+00   -3.7294158668E-02    8.7464928899E+00    1.3689677543E-01
    1.8639800000E-04    1.1572285371E+00   -3.6901497761E-02    8.7495118539E+00    1.3691817155E-01
    1.8649800000E-04    1.1571176707E+00   -3.6508638049E-02    8.7525332719E+00    1.3694010681E-01
    1.8659800000E-04    1.1570071889E+00   -3.6115579215E-02    8.7555571858E+00    1.3696258122E-01
    1.8669800000E-04    1.1568970900E+00   -3.5722320922E-02    8.7585836375E+00    1.3698559477E-01
    1.8679800000E-04    1.1567873722E+00   -3.5328862809E-02    8.7616126689E+00    1.3700914745E-01
    1.8689800000E-04    1.1566780339E+00   -3.4935204493E-02    8.7646443219E+00    1.3703323923E-01
    1.8699800000E-04    1.1565690735E+00   -3.4541345568E-02    8.7676786383E+00    1.3705787010E-01
    1.8709800000E-04    1.1564604894E+00   -3.4147285607E-02    8.7707156598E+00    1.3708304002E-01
    1.8719800000E-04    1.1563522801E+00   -3.3753024160E-02    8.7737554281E+00    1.3710874897E-01
    1.8729800000E-04    1.1562444442E+00   -3.3358560756E-02    8.7767979847E+00    1.3713499690E-01
    1.8739800000E-04    1.1561369802E+00   -3.2963894904E-02    8.7798433713E+00    1.3716178378E-01
    1.8749800000E-04    1.1560298868E+00   -3.2569026088E-02    8.7828916293E+00    1.3718910955E-01
    1.8759800000E-04    1.1559231627E+00   -3.2173953776E-02    8.7859428002E+00    1.3721697417E-01
    1.8769800000E-04    1.1558168066E+00   -3.1778677413E-02    8.7889969254E+00    1.3724537756E-01
    1.8779800000E-04    1.1557108173E+00   -3.1383196423E-02    8.7920540461E+00    1.3727431968E-01
    1.8789800000E-04    1.1556051937E+00   -3.0987510211E-02    8.7951142036E+00    1.3730380045E-01
    1.8799800000E-04    1.1554999346E+00   -3.0591618161E-02    8.7981774391E+00    1.3733381980E-01
    1.8809800000E-04    1.1553950391E+00   -3.0195519640E-02    8.8012437937E+00    1.3736437765E-01
    1.8819800000E-04    1.1552905060E+00   -2.9799213994E-02    8.8043133085E+00    1.3739547392E-01
    1.8829800000E-04    1.1551863345E+00   -2.9402700548E-02    8.8073860243E+00    1.3742710852E-01
    1.8839800000E-04    1.1550825237E+00   -2.9005978613E-02    8.8104619822E+00    1.3745928135E-01
    1.8849800000E-04    1.1549790726E+00   -2.8609047477E-02    8.8135412229E+00    1.3749199233E-01
    1.8859800000E-04    1.1548759805E+00   -2.8211906411E-02    8.8166237873E+00    1.3752524134E-01
    1.8869800000E-04    1.1547732467E+00   -2.7814554671E-02    8.8197097159E+00    1.3755902828E-01
    1.8879800000E-04    1.1546708704E+00   -2.7416991491E-02    8.8227990495E+00    1.3759335303E-01
    1.8889800000E-04    1.1545688511E+00   -2.7019216090E-02    8.8258918285E+00    1.3762821549E-01
    1.8899800000E-04    1.1544671880E+00   -2.6621227670E-02    8.8289880935E+00    1.3766361552E-01
    1.8909800000E-04    1.1543658808E+00   -2.6223025416E-02    8.8320878847E+00    1.3769955300E-01
    1.8919800000E-04    1.1542649289E+00   -2.5824608496E-02    8.8351912425E+00    1.3773602779E-01
    1.8929800000E-04    1.1541643318E+00   -2.5425976062E-02    8.8382982071E+00    1.3777303977E-01
    1.8939800000E-04    1.1540640891E+00   -2.5027127250E-02    8.8414088186E+00    1.3781058878E-01
    1.8949800000E-04    1.1539642006E+00   -2.4628061181E-02    8.8445231172E+00    1.3784867468E-01
    1.8959800000E-04    1.1538646660E+00   -2.4228776961E-02    8.8476411427E+00    1.3788729732E-01
    1.8969800000E-04    1.1537654850E+00   -2.3829273680E-02    8.8507629351E+00    1.3792645655E-01
    1.8979800000E-04    1.1536666575E+00   -2.3429550413E-02    8.8538885342E+00    1.3796615219E-01
    1.8989800000E-04    1.1535681833E+00   -2.3029606223E-02    8.8570179796E+00    1.3800638409E-01
    1.8999800000E-04    1.1534700624E+00   -2.2629440156E-02    8.8601513111E+00    1.3804715207E-01
    1.9009800000E-04    1.1533722947E+00   -2.2229051248E-02    8.8632885681E+00    1.3808845596E-01
    1.9019800000E-04    1.1532748802E+00   -2.1828438518E-02    8.8664297900E+00    1.3813029558E-01
    1.9029800000E-04    1.1531778192E+00   -2.1427600974E-02    8.8695750164E+00    1.3817267073E-01
    1.9039800000E-04    1.1530811116E+00   -2.1026537611E-02    8.8727242864E+00    1.3821558124E-01
    1.9049800000E-04    1.1529847577E+00   -2.0625247412E-02    8.8758776391E+00    1.3825902690E-01
    1.9059800000E-04    1.1528887578E+00   -2.0223729348E-02    8.8790351137E+00    1.3830300751E-01
    1.9069800000E-04    1.1527931121E+00   -1.9821982378E-02    8.8821967492E+00    1.3834752288E-01
    1.9079800000E-04    1.1526978210E+00   -1.9420005450E-02    8.8853625845E+00    1.3839257278E-01
    1.9089800000E-04    1.1526028849E+00   -1.9017797501E-02    8.8885326583E+00    1.3843815700E-01
    1.9099800000E-04    1.1525083042E+00   -1.8615357457E-02    8.8917070093E+00    1.3848427533E-01
    1.9109800000E-04    1.1524140795E+00   -1.8212684237E-02    8.8948856761E+00    1.3853092753E-01
    1.9119800000E-04    1.1523202113E+00   -1.7809776748E-02    8.8980686973E+00    1.3857811339E-01
    1.9129800000E-04    1.1522267002E+00   -1.7406633888E-02    8.9012561112E+00    1.3862583266E-01
    1.9139800000E-04    1.1521335470E+00   -1.7003254548E-02    8.9044479562E+00    1.3867408510E-01
    1.9149800000E-04    1.1520407522E+00   -1.6599637607E-02    8.9076442704E+00    1.3872287047E-01
    1.9159800000E-04    1.1519483168E+00   -1.6195781939E-02    8.9108450919E+00    1.3877218853E-01
    1.9169800000E-04    1.1518562415E+00   -1.5791686410E-02    8.9140504587E+00    1.3882203901E-01
    1.9179800000E-04    1.1517645273E+00   -1.5387349877E-02    8.9172604087E+00    1.3887242166E-01
    1.9189800000E-04    1.1516731750E+00   -1.4982771190E-02    8.9204749796E+00    1.3892333621E-01
    1.9199800000E-04    1.1515821856E+00   -1.4577949195E-02    8.9236942093E+00    1.3897478239E-01
    1.9209800000E-04    1.1514915602E+00   -1.4172882730E-02    8.9269181351E+00    1.3902675994E-01
    1.9219800000E-04    1.1514013000E+00   -1.3767570626E-02    8.9301467946E+00    1.3907926857E-01
    1.9229800000E-04    1.1513114059E+00   -1.3362011712E-02    8.9333802251E+00    1.3913230800E-01
    1.9239800000E-04    1.1512218794E+00   -1.2956204810E-02    8.9366184639E+00    1.3918587793E-01
    1.9249800000E-04    1.1511327215E+00   -1.2550148739E-02    8.9398615482E+00    1.3923997808E-01
    1.9259800000E-04    1.1510439337E+00   -1.2143842312E-02    8.9431095148E+00    1.3929460815E-01
    1.9269800000E-04    1.1509555173E+00   -1.1737284340E-02    8.9463624008E+00    1.3934976783E-01
    1.9279800000E-04    1.1508674738E+00   -1.1330473631E-02    8.9496202429E+00    1.3940545681E-01
    1.9289800000E-04    1.1507798045E+00   -1.0923408990E-02    8.9528830779E+00    1.3946167479E-01
    1.9299800000E-04    1.1506925111E+00   -1.0516089220E-02    8.9561509422E+00    1.3951842143E-01
    1.9309800000E-04    1.1506055952E+00   -1.0108513123E-02    8.9594238725E+00    1.3957569642E-01
    1.9319800000E-04    1.1505190583E+00   -9.7006794977E-03    8.9627019049E+00    1.3963349944E-01
    1.9329800000E-04    1.1504329023E+00   -9.2925871451E-03    8.9659850758E+00    1.3969183013E-01
    1.9339800000E-04    1.1503471288E+00   -8.8842348638E-03    8.9692734213E+00    1.3975068818E-01
    1.9349800000E-04    1.1502617396E+00   -8.4756214534E-03    8.9725669773E+00    1.3981007322E-01
    1.9359800000E-04    1.1501767367E+00   -8.0667457143E-03    8.9758657798E+00    1.3986998492E-01
    1.9369800000E-04    1.1500921219E+00   -7.6576064480E-03    8.9791698645E+00    1.3993042292E-01
    1.9379800000E-04    1.1500078972E+00   -7.2482024578E-03    8.9824792670E+00    1.3999138686E-01
    1.9389800000E-04    1.1499240647E+00   -6.8385325493E-03    8.9857940230E+00    1.4005287637E-01
    1.9399800000E-04    1.1498406265E+00   -6.4285955321E-03    8.9891141678E+00    1.4011489109E-01
    1.9409800000E-04    1.1497575846E+00   -6.0183902194E-03    8.9924397367E+00    1.4017743064E-01
    1.9419800000E-04    1.1496749414E+00   -5.6079154283E-03    8.9957707649E+00    1.4024049464E-01
    1.9429800000E-04    1.1495926990E+00   -5.1971699805E-03    8.9991072874E+00    1.4030408271E-01
    1.9439800000E-04    1.1495108598E+00   -4.7861527023E-03    9.0024493392E+00    1.4036819445E-01
    1.9449800000E-04    1.1494294261E+00   -4.3748624256E-03    9.0057969551E+00    1.4043282948E-01
    1.9459800000E-04    1.1493484004E+00   -3.9632979881E-03    9.0091501697E+00    1.4049798739E-01
    1.9469800000E-04    1.1492677851E+00   -3.5514582343E-03    9.0125090177E+00    1.4056366777E-01
    1.9479800000E-04    1.1491875828E+00   -3.1393420155E-03    9.0158735335E+00    1.4062987022E-01
    1.9489800000E-04    1.1491077962E+00   -2.7269481906E-03    9.0192437514E+00    1.4069659432E-01
    1.9499800000E-04    1.1490284278E+00   -2.3142756270E-03    9.0226197056E+00    1.4076383964E-01
    1.9509800000E-04    1.1489494803E+00   -1.9013232004E-03    9.0260014302E+00    1.4083160577E-01
    1.9519800000E-04    1.1488709566E+00   -1.4880897960E-03    9.0293889592E+00    1.4089989226E-01
    1.9529800000E-04    1.1487928595E+00   -1.0745743089E-03    9.0327823263E+00    1.4096869869E-01
    1.9539800000E-04    1.1487151918E+00   -6.6077564464E-04    9.0361815654E+00    1.4103802460E-01
    1.9549800000E-04    1.1486379565E+00   -2.4669271965E-04    9.0395867098E+00    1.4110786956E-01
    1.9559800000E-04    1.1485611566E+00    1.6767553794E-04    9.0429977932E+00    1.4117823310E-01
    1.9569800000E-04    1.1484847952E+00    5.8233018784E-04    9.0464148489E+00    1.4124911478E-01
    1.9579800000E-04    1.1484088754E+00    9.9727227700E-04    9.0498379100E+00    1.4132051412E-01
    1.9589800000E-04    1.1483334004E+00    1.4125028390E-03    9.0532670096E+00    1.4139243065E-01
    1.9599800000E-04    1.1482583733E+00    1.8280228933E-03    9.0567021807E+00    1.4146486391E-01
    1.9609800000E-04    1.1481837976E+00    2.2438334452E-03    9.0601434562E+00    1.4153781342E-01
    1.9619800000E-04    1.1481096765E+00    2.6599354842E-03    9.0635908686E+00    1.4161127868E-01
    1.9629800000E-04    1.1480360136E+00    3.0763299830E-03    9.0670444506E+00    1.4168525920E-01
    1.9639800000E-04    1.1479628122E+00    3.4930178970E-03    9.0705042347E+00    1.4175975450E-01
    1.9649800000E-04    1.1478900759E+00    3.9100001644E-03    9.0739702530E+00    1.4183476407E-01
    1.9659800000E-04    1.1478178082E+00    4.3272777060E-03    9.0774425379E+00    1.4191028739E-01
    1.9669800000E-04    1.1477460130E+00    4.7448514239E-03    9.0809211214E+00    1.4198632397E-01
    1.9679800000E-04    1.1476746938E+00    5.1627222015E-03    9.0844060354E+00    1.4206287327E-01
    1.9689800000E-04    1.1476038545E+00    5.5808909027E-03    9.0878973118E+00    1.4213993479E-01
    1.9699800000E-04    1.1475334989E+00    5.9993583709E-03    9.0913949821E+00    1.4221750798E-01
    1.9709800000E-04    1.1474636310E+00    6.4181254290E-03    9.0948990780E+00    1.4229559231E-01
    1.9719800000E-04    1.1473942546E+00    6.8371928781E-03    9.0984096309E+00    1.4237418725E-01
    1.9729800000E-04    1.1473253738E+00    7.2565614975E-03    9.1019266720E+00    1.4245329224E-01
    1.9739800000E-04    1.1472569927E+00    7.6762320435E-03    9.1054502326E+00    1.4253290674E-01
    1.9749800000E-04    1.1471891154E+00    8.0962052491E-03    9.1089803436E+00    1.4261303019E-01
    1.9759800000E-04    1.1471217463E+00    8.5164818231E-03    9.1125170360E+00    1.4269366202E-01
    1.9769800000E-04    1.1470548895E+00    8.9370624497E-03    9.1160603404E+00    1.4277480166E-01
    1.9779800000E-04    1.1469885494E+00    9.3579477877E-03    9.1196102877E+00    1.4285644855E-01
    1.9789800000E-04    1.1469227304E+00    9.7791384698E-03    9.1231669082E+00    1.4293860211E-01
    1.9799800000E-04    1.1468574370E+00    1.0200635102E-02    9.1267302324E+00    1.4302126174E-01
    1.9809800000E-04    1.1467926737E+00    1.0622438263E-02    9.1303002904E+00    1.4310442685E-01
    1.9819800000E-04    1.1467284451E+00    1.1044548504E-02    9.1338771125E+00    1.4318809686E-01
    1.9829800000E-04    1.1466647559E+00    1.1466966344E-02    9.1374607286E+00    1.4327227115E-01
    1.9839800000E-04    1.1466016109E+00    1.1889692273E-02    9.1410511686E+00    1.4335694911E-01
    1.9849800000E-04    1.1465390148E+00    1.2312726751E-02    9.1446484622E+00    1.4344213014E-01
    1.9859800000E-04    1.1464769724E+00    1.2736070206E-02    9.1482526390E+00    1.4352781361E-01
    1.9869800000E-04    1.1464154889E+00    1.3159723037E-02    9.1518637284E+00    1.4361399890E-01
    1.9879800000E-04    1.1463545690E+00    1.3583685609E-02    9.1554817598E+00    1.4370068537E-01
    1.9889800000E-04    1.1462942179E+00    1.4007958255E-02    9.1591067624E+00    1.4378787239E-01
    1.9899800000E-04    1.1462344408E+00    1.4432541274E-02    9.1627387652E+00    1.4387555931E-01
    1.9909800000E-04    1.1461752428E+00    1.4857434931E-02    9.1663777973E+00    1.4396374547E-01
    1.9919800000E-04    1.1461166291E+00    1.5282639456E-02    9.1700238873E+00    1.4405243024E-01
    1.9929800000E-04    1.1460586053E+00    1.5708155046E-02    9.1736770640E+00    1.4414161294E-01
    1.9939800000E-04    1.1460011766E+00    1.6133981859E-02    9.1773373558E+00    1.4423129290E-01
    1.9949800000E-04    1.1459443485E+00    1.6560120016E-02    9.1810047913E+00    1.4432146946E-01
    1.9959800000E-04    1.1458881267E+00    1.6986569604E-02    9.1846793987E+00    1.4441214192E-01
    1.9969800000E-04    1.1458325166E+00    1.7413330667E-02    9.1883612060E+00    1.4450330962E-01
    1.9979800000E-04    1.1457775240E+00    1.7840403215E-02    9.1920502413E+00    1.4459497184E-01
    1.9989800000E-04    1.1457231547E+00    1.8267787215E-02    9.1957465326E+00    1.4468712790E-01
    1.9999800000E-04    1.1456694145E+00    1.8695482595E-02    9.1994501074E+00    1.4477977708E-01
    2.0009800000E-04    1.1456163094E+00    1.9123489239E-02    9.2031609934E+00    1.4487291868E-01
    2.0019800000E-04    1.1455638452E+00    1.9551806989E-02    9.2068792181E+00    1.4496655198E-01
    2.0029800000E-04    1.1455120280E+00    1.9980435646E-02    9.2106048088E+00    1.4506067626E-01
    2.0039800000E-04    1.1454608640E+00    2.0409374968E-02    9.2143377926E+00    1.4515529078E-01
    2.0049800000E-04    1.1454103594E+00    2.0838624668E-02    9.2180781967E+00    1.4525039481E-01
    2.0059800000E-04    1.1453605204E+00    2.1268184417E-02    9.2218260480E+00    1.4534598760E-01
    2.0069800000E-04    1.1453113534E+00    2.1698053838E-02    9.2255813732E+00    1.4544206841E-01
    2.0079800000E-04    1.1452628648E+00    2.2128232512E-02    9.2293441990E+00    1.4553863648E-01
    2.0089800000E-04    1.1452150612E+00    2.2558719972E-02    9.2331145519E+00    1.4563569104E-01
    2.0099800000E-04    1.1451679490E+00    2.2989515705E-02    9.2368924582E+00    1.4573323133E-01
    2.0109800000E-04    1.1451215350E+00    2.3420619149E-02    9.2406779442E+00    1.4583125657E-01
    2.0119800000E-04    1.1450758258E+00    2.3852029696E-02    9.2444710360E+00    1.4592976597E-01
    2.0129800000E-04    1.1450308284E+00    2.4283746688E-02    9.2482717596E+00    1.4602875875E-01
    2.0139800000E-04    1.1449865495E+00    2.4715769418E-02    9.2520801407E+00    1.4612823411E-01
    2.0149800000E-04    1.1449429961E+00    2.5148097129E-02    9.2558962050E+00    1.4622819125E-01
    2.0159800000E-04    1.1449001753E+00    2.5580729013E-02    9.2597199780E+00    1.4632862935E-01
    2.0169800000E-04    1.1448580942E+00    2.6013664208E-02    9.2635514852E+00    1.4642954759E-01
    2.0179800000E-04    1.1448167601E+00    2.6446901799E-02    9.2673907518E+00    1.4653094517E-01
    2.0189800000E-04    1.1447761801E+00    2.6880440821E-02    9.2712378029E+00    1.4663282123E-01
    2.0199800000E-04    1.1447363616E+00    2.7314280252E-02    9.2750926634E+00    1.4673517494E-01
    2.0209800000E-04    1.1446973122E+00    2.7748419020E-02    9.2789553582E+00    1.4683800545E-01
    2.0219800000E-04    1.1446590393E+00    2.8182855996E-02    9.2828259120E+00    1.4694131192E-01
    2.0229800000E-04    1.1446215504E+00    2.8617589997E-02    9.2867043493E+00    1.4704509348E-01
    2.0239800000E-04    1.1445848535E+00    2.9052619785E-02    9.2905906944E+00    1.4714934926E-01
    2.0249800000E-04    1.1445489561E+00    2.9487944065E-02    9.2944849716E+00    1.4725407838E-01
    2.0259800000E-04    1.1445138661E+00    2.9923561488E-02    9.2983872051E+00    1.4735927996E-01
    2.0269800000E-04    1.1444795916E+00    3.0359470644E-02    9.3022974186E+00    1.4746495311E-01
    2.0279800000E-04    1.1444461404E+00    3.0795670067E-02    9.3062156362E+00    1.4757109692E-01
    2.0289800000E-04    1.1444135208E+00    3.1232158234E-02    9.3101418813E+00    1.4767771050E-01
    2.0299800000E-04    1.1443817409E+00    3.1668933562E-02    9.3140761775E+00    1.4778479292E-01
    2.0309800000E-04    1.1443508090E+00    3.2105994407E-02    9.3180185482E+00    1.4789234326E-01
    2.0319800000E-04    1.1443207335E+00    3.2543339064E-02    9.3219690164E+00    1.4800036059E-01
    2.0329800000E-04    1.1442915228E+00    3.2980965765E-02    9.3259276054E+00    1.4810884397E-01
    2.0339800000E-04    1.1442631854E+00    3.3418872684E-02    9.3298943380E+00    1.4821779244E-01
    2.0349800000E-04    1.1442357301E+00    3.3857057931E-02    9.3338692369E+00    1.4832720506E-01
    2.0359800000E-04    1.1442091654E+00    3.4295519554E-02    9.3378523247E+00    1.4843708086E-01
    2.0369800000E-04    1.1441835003E+00    3.4734255541E-02    9.3418436239E+00    1.4854741885E-01
    2.0379800000E-04    1.1441587435E+00    3.5173263814E-02    9.3458431566E+00    1.4865821807E-01
    2.0389800000E-04    1.1441349042E+00    3.5612542234E-02    9.3498509452E+00    1.4876947751E-01
    2.0399800000E-04    1.1441119912E+00    3.6052088596E-02    9.3538670114E+00    1.4888119617E-01
    2.0409800000E-04    1.1440900139E+00    3.6491900633E-02    9.3578913771E+00    1.4899337304E-01
    2.0419800000E-04    1.1440689814E+00    3.6931976012E-02    9.3619240640E+00    1.4910600711E-01
    2.0429800000E-04    1.1440489031E+00    3.7372312335E-02    9.3659650936E+00    1.4921909734E-01
    2.0439800000E-04    1.1440297885E+00    3.7812907137E-02    9.3700144871E+00    1.4933264269E-01
    2.0449800000E-04    1.1440116469E+00    3.8253757890E-02    9.3740722658E+00    1.4944664212E-01
    2.0459800000E-04    1.1439944881E+00    3.8694861993E-02    9.3781384506E+00    1.4956109457E-01
    2.0469800000E-04    1.1439783218E+00    3.9136216779E-02    9.3822130624E+00    1.4967599896E-01
    2.0479800000E-04    1.1439631577E+00    3.9577819514E-02    9.3862961219E+00    1.4979135422E-01
    2.0489800000E-04    1.1439490057E+00    4.0019667396E-02    9.3903876495E+00    1.4990715926E-01
    2.0499800000E-04    1.1439358758E+00    4.0461757555E-02    9.3944876657E+00    1.5002341299E-01
    2.0509800000E-04    1.1439237781E+00    4.0904087052E-02    9.3985961905E+00    1.5014011428E-01
    2.0519800000E-04    1.1439127227E+00    4.1346652881E-02    9.4027132441E+00    1.5025726202E-01
    2.0529800000E-04    1.1439027198E+00    4.1789451966E-02    9.4068388462E+00    1.5037485508E-01
    2.0539800000E-04    1.1438937799E+00    4.2232481162E-02    9.4109730165E+00    1.5049289231E-01
    2.0549800000E-04    1.1438859134E+00    4.2675737255E-02    9.4151157745E+00    1.5061137257E-01
    2.0559800000E-04    1.1438791308E+00    4.3119216959E-02    9.4192671396E+00    1.5073029468E-01
    2.0569800000E-04    1.1438734426E+00    4.3562916921E-02    9.4234271309E+00    1.5084965747E-01
    2.0579800000E-04    1.1438688598E+00    4.4006833715E-02    9.4275957674E+00    1.5096945976E-01
    2.0589800000E-04    1.1438653929E+00    4.4450963844E-02    9.4317730679E+00    1.5108970033E-01
    2.0599800000E-04    1.1438630531E+00    4.4895303735E-02    9.4359590510E+00    1.5121037799E-01
    2.0609800000E-04    1.1438618511E+00    4.5339849748E-02    9.4401537353E+00    1.5133149149E-01
    2.0619800000E-04    1.1438617982E+00    4.5784598167E-02    9.4443571390E+00    1.5145303962E-01
    2.0629800000E-04    1.1438629056E+00    4.6229545207E-02    9.4485692801E+00    1.5157502112E-01
    2.0639800000E-04    1.1438651844E+00    4.6674687012E-02    9.4527901767E+00    1.5169743472E-01
    2.0649800000E-04    1.1438686462E+00    4.7120019652E-02    9.4570198465E+00    1.5182027915E-01
    2.0659800000E-04    1.1438733022E+00    4.7565539125E-02    9.4612583070E+00    1.5194355313E-01
    2.0669800000E-04    1.1438791642E+00    4.8011241359E-02    9.4655055757E+00    1.5206725535E-01
    2.0679800000E-04    1.1438862437E+00    4.8457122206E-02    9.4697616698E+00    1.5219138450E-01
    2.0689800000E-04    1.1438945526E+00    4.8903177448E-02    9.4740266063E+00    1.5231593925E-01
    2.0699800000E-04    1.1439041025E+00    4.9349402793E-02    9.4783004020E+00    1.5244091826E-01
    2.0709800000E-04    1.1439149055E+00    4.9795793876E-02    9.4825830736E+00    1.5256632017E-01
    2.0719800000E-04    1.1439269737E+00    5.0242346256E-02    9.4868746376E+00    1.5269214361E-01
    2.0729800000E-04    1.1439403190E+00    5.0689055415E-02    9.4911751103E+00    1.5281838721E-01
    2.0739800000E-04    1.1439549537E+00    5.1135916766E-02    9.4954845079E+00    1.5294504955E-01
    2.0749800000E-04    1.1439708902E+00    5.1582925645E-02    9.4998028461E+00    1.5307212922E-01
    2.0759800000E-04    1.1439881408E+00    5.2030077316E-02    9.5041301409E+00    1.5319962480E-01
    2.0769800000E-04    1.1440067179E+00    5.2477366970E-02    9.5084664076E+00    1.5332753485E-01
    2.0779800000E-04    1.1440266342E+00    5.2924789724E-02    9.5128116618E+00    1.5345585790E-01
    2.0789800000E-04    1.1440479024E+00    5.3372340619E-02    9.5171659186E+00    1.5358459248E-01
    2.0799800000E-04    1.1440705351E+00    5.3820014626E-02    9.5215291929E+00    1.5371373709E-01
    2.0809800000E-04    1.1440945453E+00    5.4267806640E-02    9.5259014996E+00    1.5384329024E-01
    2.0819800000E-04    1.1441199458E+00    5.4715711482E-02    9.5302828533E+00    1.5397325041E-01
    2.0829800000E-04    1.1441467497E+00    5.5163723900E-02    9.5346732684E+00    1.5410361604E-01
    2.0839800000E-04    1.1441749702E+00    5.5611838564E-02    9.5390727593E+00    1.5423438559E-01
    2.0849800000E-04    1.1442046203E+00    5.6060050068E-02    9.5434813398E+00    1.5436555750E-01
    2.0859800000E-04    1.1442357134E+00    5.6508352933E-02    9.5478990239E+00    1.5449713016E-01
    2.0869800000E-04    1.1442682629E+00    5.6956741606E-02    9.5523258252E+00    1.5462910197E-01
    2.0879800000E-04    1.1443022823E+00    5.7405210458E-02    9.5567617573E+00    1.5476147132E-01
    2.0889800000E-04    1.1443377850E+00    5.7853753789E-02    9.5612068333E+00    1.5489423657E-01
    2.0899800000E-04    1.1443747848E+00    5.8302365822E-02    9.5656610665E+00    1.5502739605E-01
    2.0909800000E-04    1.1444132953E+00    5.8751040707E-02    9.5701244697E+00    1.5516094809E-01
    2.0919800000E-04    1.1444533304E+00    5.9199772521E-02    9.5745970557E+00    1.5529489101E-01
    2.0929800000E-04    1.1444949039E+00    5.9648555266E-02    9.5790788369E+00    1.5542922309E-01
    2.0939800000E-04    1.1445380299E+00    6.0097382869E-02    9.5835698257E+00    1.5556394261E-01
    2.0949800000E-04    1.1445827223E+00    6.0546249183E-02    9.5880700342E+00    1.5569904782E-01
    2.0959800000E-04    1.1446289953E+00    6.0995147983E-02    9.5925794745E+00    1.5583453696E-01
    2.0969800000E-04    1.1446768632E+00    6.1444072968E-02    9.5970981583E+00    1.5597040824E-01
    2.0979800000E-04    1.1447263402E+00    6.1893017765E-02    9.6016260970E+00    1.5610665986E-01
    2.0989800000E-04    1.1447774407E+00    6.2341975924E-02    9.6061633023E+00    1.5624329001E-01
    2.0999800000E-04    1.1448301792E+00    6.2790940921E-02    9.6107097851E+00    1.5638029684E-01
    2.1009800000E-04    1.1448845702E+00    6.3239906160E-02    9.6152655566E+00    1.5651767851E-01
    2.1019800000E-04    1.1449406283E+00    6.3688864967E-02    9.6198306275E+00    1.5665543312E-01
    2.1029800000E-04    1.1449983682E+00    6.4137810597E-02    9.6244050086E+00    1.5679355880E-01
    2.1039800000E-04    1.1450578048E+00    6.4586736228E-02    9.6289887101E+00    1.5693205362E-01
    2.1049800000E-04    1.1451189527E+00    6.5035634964E-02    9.6335817425E+00    1.5707091565E-01
    2.1059800000E-04    1.1451818270E+00    6.5484499834E-02    9.6381841157E+00    1.5721014295E-01
    2.1069800000E-04    1.1452464426E+00    6.5933323788E-02    9.6427958396E+00    1.5734973352E-01
    2.1079800000E-04    1.1453128146E+00    6.6382099701E-02    9.6474169239E+00    1.5748968540E-01
    2.1089800000E-04    1.1453809582E+00    6.6830820370E-02    9.6520473781E+00    1.5762999655E-01
    2.1099800000E-04    1.1454508885E+00    6.7279478519E-02    9.6566872116E+00    1.5777066496E-01
    2.1109800000E-04    1.1455226207E+00    6.7728066795E-02    9.6613364334E+00    1.5791168858E-01
    2.1119800000E-04    1.1455961704E+00    6.8176577769E-02    9.6659950526E+00    1.5805306533E-01
    2.1129800000E-04    1.1456715528E+00    6.8625003936E-02    9.6706630778E+00    1.5819479312E-01
    2.1139800000E-04    1.1457487835E+00    6.9073337717E-02    9.6753405177E+00    1.5833686985E-01
    2.1149800000E-04    1.1458278779E+00    6.9521571453E-02    9.6800273807E+00    1.5847929339E-01
    2.1159800000E-04    1.1459088517E+00    6.9969697411E-02    9.6847236749E+00    1.5862206158E-01
    2.1169800000E-04    1.1459917207E+00    7.0417707780E-02    9.6894294085E+00    1.5876517227E-01
    2.1179800000E-04    1.1460765004E+00    7.0865594667E-02    9.6941445892E+00    1.5890862326E-01
    2.1189800000E-04    1.1461632067E+00    7.1313350101E-02    9.6988692247E+00    1.5905241235E-01
    2.1199800000E-04    1.1462518556E+00    7.1760966031E-02    9.7036033226E+00    1.5919653731E-01
    2.1209800000E-04    1.1463424628E+00    7.2208434328E-02    9.7083468901E+00    1.5934099589E-01
    2.1219800000E-04    1.1464350444E+00    7.2655746784E-02    9.7130999343E+00    1.5948578583E-01
    2.1229800000E-04    1.1465296164E+00    7.3102895112E-02    9.7178624623E+00    1.5963090485E-01
    2.1239800000E-04    1.1466261949E+00    7.3549870944E-02    9.7226344808E+00    1.5977635064E-01
    2.1249800000E-04    1.1467247961E+00    7.3996665831E-02    9.7274159963E+00    1.5992212087E-01
    2.1259800000E-04    1.1468254362E+00    7.4443271244E-02    9.7322070154E+00    1.6006821321E-01
    2.1269800000E-04    1.1469281315E+00    7.4889678572E-02    9.7370075442E+00    1.6021462530E-01
    2.1279800000E-04    1.1470328982E+00    7.5335879120E-02    9.7418175889E+00    1.6036135474E-01
    2.1289800000E-04    1.1471397527E+00    7.5781864108E-02    9.7466371552E+00    1.6050839915E-01
    2.1299800000E-04    1.1472487115E+00    7.6227624668E-02    9.7514662490E+00    1.6065575611E-01
    2.1309800000E-04    1.1473597910E+00    7.6673151849E-02    9.7563048758E+00    1.6080342318E-01
    2.1319800000E-04    1.1474730078E+00    7.7118436614E-02    9.7611530410E+00    1.6095139791E-01
    2.1329800000E-04    1.1475883785E+00    7.7563469840E-02    9.7660107497E+00    1.6109967782E-01
    2.1339800000E-04    1.1477059196E+00    7.8008242317E-02    9.7708780070E+00    1.6124826042E-01
    2.1349800000E-04    1.1478256478E+00    7.8452744746E-02    9.7757548178E+00    1.6139714321E-01
    2.1359800000E-04    1.1479475799E+00    7.8896967739E-02    9.7806411867E+00    1.6154632366E-01
    2.1369800000E-04    1.1480717325E+00    7.9340901820E-02    9.7855371182E+00    1.6169579922E-01
    2.1379800000E-04    1.1481981226E+00    7.9784537417E-02    9.7904426167E+00    1.6184556734E-01
    2.1389800000E-04    1.1483267669E+00    8.0227864869E-02    9.7953576864E+00    1.6199562544E-01
    2.1399800000E-04    1.1484576824E+00    8.0670874413E-02    9.8002823312E+00    1.6214597092E-01
    2.1409800000E-04    1.1485908860E+00    8.1113556195E-02    9.8052165550E+00    1.6229660117E-01
    2.1419800000E-04    1.1487263946E+00    8.1555900263E-02    9.8101603615E+00    1.6244751356E-01
    2.1429800000E-04    1.1488642253E+00    8.1997896567E-02    9.8151137540E+00    1.6259870545E-01
    2.1439800000E-04    1.1490043951E+00    8.2439534960E-02    9.8200767361E+00    1.6275017418E-01
    2.1449800000E-04    1.1491469211E+00    8.2880805193E-02    9.8250493107E+00    1.6290191708E-01
    2.1459800000E-04    1.1492918205E+00    8.3321696919E-02    9.8300314810E+00    1.6305393144E-01
    2.1469800000E-04    1.1494391104E+00    8.3762199683E-02    9.8350232496E+00    1.6320621458E-01
    2.1479800000E-04    1.1495888080E+00    8.4202302929E-02    9.8400246193E+00    1.6335876375E-01
    2.1489800000E-04    1.1497409306E+00    8.4641995991E-02    9.8450355924E+00    1.6351157624E-01
    2.1499800000E-04    1.1498954954E+00    8.5081268094E-02    9.8500561714E+00    1.6366464928E-01
    2.1509800000E-04    1.1500525198E+00    8.5520108349E-02    9.8550863583E+00    1.6381798012E-01
    2.1519800000E-04    1.1502120210E+00    8.5958505758E-02    9.8601261551E+00    1.6397156597E-01
    2.1529800000E-04    1.1503740165E+00    8.6396449209E-02    9.8651755636E+00    1.6412540404E-01
    2.1539800000E-04    1.1505385237E+00    8.6833927473E-02    9.8702345853E+00    1.6427949153E-01
    2.1549800000E-04    1.1507055599E+00    8.7270929207E-02    9.8753032218E+00    1.6443382562E-01
    2.1559800000E-04    1.1508751427E+00    8.7707442947E-02    9.8803814743E+00    1.6458840347E-01
    2.1569800000E-04    1.1510472896E+00    8.8143457108E-02    9.8854693439E+00    1.6474322224E-01
    2.1579800000E-04    1.1512220180E+00    8.8578959980E-02    9.8905668315E+00    1.6489827908E-01
    2.1589800000E-04    1.1513993456E+00    8.9013939731E-02    9.8956739378E+00    1.6505357111E-01
    2.1599800000E-04    1.1515792899E+00    8.9448384392E-02    9.9007906636E+00    1.6520909545E-01
    2.1609800000E-04    1.1517618686E+00    8.9882281866E-02    9.9059170090E+00    1.6536484922E-01
    2.1619800000E-04    1.1519470991E+00    9.0315619923E-02    9.9110529744E+00    1.6552082951E-01
    2.1629800000E-04    1.1521349993E+00    9.0748386199E-02    9.9161985598E+00    1.6567703340E-01
    2.1639800000E-04    1.1523255868E+00    9.1180568191E-02    9.9213537650E+00    1.6583345797E-01
    2.1649800000E-04    1.1525188793E+00    9.1612153258E-02    9.9265185898E+00    1.6599010028E-01
    2.1659800000E-04    1.1527148946E+00    9.2043128617E-02    9.9316930336E+00    1.6614695738E-01
    2.1669800000E-04    1.1529136503E+00    9.2473481341E-02    9.9368770958E+00    1.6630402633E-01
    2.1679800000E-04    1.1531151643E+00    9.2903198352E-02    9.9420707754E+00    1.6646130415E-01
    2.1689800000E-04    1.1533194544E+00    9.3332266426E-02    9.9472740716E+00    1.6661878786E-01
    2.1699800000E-04    1.1535265383E+00    9.3760672180E-02    9.9524869829E+00    1.6677647449E-01
    2.1709800000E-04    1.1537364340E+00    9.4188402073E-02    9.9577095080E+00    1.6693436103E-01
    2.1719800000E-04    1.1539491593E+00    9.4615442408E-02    9.9629416453E+00    1.6709244448E-01
    2.1729800000E-04    1.1541647321E+00    9.5041779327E-02    9.9681833930E+00    1.6725072183E-01
    2.1739800000E-04    1.1543831703E+00    9.5467398808E-02    9.9734347492E+00    1.6740919006E-01
    2.1749800000E-04    1.1546044917E+00    9.5892286660E-02    9.9786957115E+00    1.6756784614E-01
    2.1759800000E-04    1.1548287144E+00    9.6316428526E-02    9.9839662777E+00    1.6772668702E-01
    2.1769800000E-04    1.1550558563E+00    9.6739809873E-02    9.9892464452E+00    1.6788570966E-01
    2.1779800000E-04    1.1552859353E+00    9.7162415994E-02    9.9945362112E+00    1.6804491101E-01
    2.1789800000E-04    1.1555189695E+00    9.7584232001E-02    9.9998355728E+00    1.6820428800E-01
    2.1799800000E-04    1.1557549768E+00    9.8005242820E-02    1.0005144527E+01    1.6836383756E-01
    2.1809800000E-04    1.1559939753E+00    9.8425433191E-02    1.0010463070E+01    1.6852355661E-01
    2.1819800000E-04    1.1562359830E+00    9.8844787666E-02    1.0015791199E+01    1.6868344206E-01
    2.1829800000E-04    1.1564810179E+00    9.9263290606E-02    1.0021128909E+01    1.6884349082E-01
    2.1839800000E-04    1.1567290981E+00    9.9680926178E-02    1.0026476197E+01    1.6900369978E-01
    2.1849800000E-04    1.1569802416E+00    1.0009767835E-01    1.0031833059E+01    1.6916406583E-01
    2.1859800000E-04    1.1572344666E+00    1.0051353089E-01    1.0037199490E+01    1.6932458586E-01
    2.1869800000E-04    1.1574917911E+00    1.0092846736E-01    1.0042575485E+01    1.6948525673E-01
    2.1879800000E-04    1.1577522332E+00    1.0134247111E-01    1.0047961041E+01    1.6964607532E-01
    2.1889800000E-04    1.1580158111E+00    1.0175552529E-01    1.0053356151E+01    1.6980703847E-01
    2.1899800000E-04    1.1582825427E+00    1.0216761282E-01    1.0058760811E+01    1.6996814305E-01
    2.1909800000E-04    1.1585524464E+00    1.0257871640E-01    1.0064175015E+01    1.7012938588E-01
    2.1919800000E-04    1.1588255401E+00    1.0298881853E-01    1.0069598758E+01    1.7029076381E-01
    2.1929800000E-04    1.1591018420E+00    1.0339790146E-01    1.0075032033E+01    1.7045227365E-01
    2.1939800000E-04    1.1593813703E+00    1.0380594722E-01    1.0080474835E+01    1.7061391222E-01
    2.1949800000E-04    1.1596641431E+00    1.0421293763E-01    1.0085927157E+01    1.7077567634E-01
    2.1959800000E-04    1.1599501785E+00    1.0461885424E-01    1.0091388993E+01    1.7093756280E-01
    2.1969800000E-04    1.1602394947E+00    1.0502367839E-01    1.0096860335E+01    1.7109956838E-01
    2.1979800000E-04    1.1605321098E+00    1.0542739117E-01    1.0102341178E+01    1.7126168987E-01
    2.1989800000E-04    1.1608280420E+00    1.0582997341E-01    1.0107831514E+01    1.7142392404E-01
    2.1999800000E-04    1.1611273093E+00    1.0623140571E-01    1.0113331335E+01    1.7158626765E-01
    2.2009800000E-04    1.1614299300E+00    1.0663166842E-01    1.0118840634E+01    1.7174871746E-01
    2.2019800000E-04    1.1617359222E+00    1.0703074161E-01    1.0124359403E+01    1.7191127019E-01
    2.2029800000E-04    1.1620453040E+00    1.0742860511E-01    1.0129887633E+01    1.7207392258E-01
    2.2039800000E-04    1.1623580934E+00    1.0782523850E-01    1.0135425317E+01    1.7223667136E-01
    2.2049800000E-04    1.1626743087E+00    1.0822062108E-01    1.0140972446E+01    1.7239951322E-01
    2.2059800000E-04    1.1629939679E+00    1.0861473189E-01    1.0146529012E+01    1.7256244486E-01
    2.2069800000E-04    1.1633170891E+00    1.0900754970E-01    1.0152095004E+01    1.7272546297E-01
    2.2079800000E-04    1.1636436903E+00    1.0939905299E-01    1.0157670414E+01    1.7288856422E-01
    2.2089800000E-04    1.1639737897E+00    1.0978921998E-01    1.0163255232E+01    1.7305174527E-01
    2.2099800000E-04    1.1643074052E+00    1.1017802860E-01    1.0168849450E+01    1.7321500276E-01
    2.2109800000E-04    1.1646445549E+00    1.1056545651E-01    1.0174453055E+01    1.7337833332E-01
    2.2119800000E-04    1.1649852568E+00    1.1095148106E-01    1.0180066040E+01    1.7354173357E-01
    2.2129800000E-04    1.1653295289E+00    1.1133607933E-01    1.0185688392E+01    1.7370520012E-01
    2.2139800000E-04    1.1656773890E+00    1.1171922812E-01    1.0191320103E+01    1.7386872955E-01
    2.2149800000E-04    1.1660288552E+00    1.1210090390E-01    1.0196961159E+01    1.7403231843E-01
    2.2159800000E-04    1.1663839453E+00    1.1248108287E-01    1.0202611552E+01    1.7419596332E-01
    2.2169800000E-04    1.1667426772E+00    1.1285974094E-01    1.0208271268E+01    1.7435966076E-01
    2.2179800000E-04    1.1671050687E+00    1.1323685368E-01    1.0213940297E+01    1.7452340727E-01
    2.2189800000E-04    1.1674711376E+00    1.1361239638E-01    1.0219618627E+01    1.7468719935E-01
    2.2199800000E-04    1.1678409016E+00    1.1398634401E-01    1.0225306245E+01    1.7485103350E-01
    2.2209800000E-04    1.1682143786E+00    1.1435867124E-01    1.0231003140E+01    1.7501490618E-01
    2.2219800000E-04    1.1685915861E+00    1.1472935242E-01    1.0236709299E+01    1.7517881385E-01
    2.2229800000E-04    1.1689725417E+00    1.1509836159E-01    1.0242424709E+01    1.7534275292E-01
    2.2239800000E-04    1.1693572631E+00    1.1546567247E-01    1.0248149357E+01    1.7550671981E-01
    2.2249800000E-04    1.1697457678E+00    1.1583125847E-01    1.0253883231E+01    1.7567071091E-01
    2.2259800000E-04    1.1701380731E+00    1.1619509266E-01    1.0259626316E+01    1.7583472258E-01
    2.2269800000E-04    1.1705341966E+00    1.1655714780E-01    1.0265378598E+01    1.7599875117E-01
    2.2279800000E-04    1.1709341556E+00    1.1691739633E-01    1.0271140065E+01    1.7616279301E-01
    2.2289800000E-04    1.1713379673E+00    1.1727581035E-01    1.0276910701E+01    1.7632684439E-01
    2.2299800000E-04    1.1717456490E+00    1.1763236162E-01    1.0282690493E+01    1.7649090158E-01
    2.2309800000E-04    1.1721572178E+00    1.1798702160E-01    1.0288479426E+01    1.7665496085E-01
    2.2319800000E-04    1.1725726907E+00    1.1833976138E-01    1.0294277485E+01    1.7681901842E-01
    2.2329800000E-04    1.1729920848E+00    1.1869055176E-01    1.0300084654E+01    1.7698307049E-01
    2.2339800000E-04    1.1734154169E+00    1.1903936318E-01    1.0305900920E+01    1.7714711324E-01
    2.2349800000E-04    1.1738427038E+00    1.1938616574E-01    1.0311726265E+01    1.7731114282E-01
    2.2359800000E-04    1.1742739622E+00    1.1973092922E-01    1.0317560675E+01    1.7747515536E-01
    2.2369800000E-04    1.1747092089E+00    1.2007362305E-01    1.0323404133E+01    1.7763914695E-01
    2.2379800000E-04    1.1751484602E+00    1.2041421631E-01    1.0329256623E+01    1.7780311367E-01
    2.2389800000E-04    1.1755917326E+00    1.2075267776E-01    1.0335118129E+01    1.7796705155E-01
    2.2399800000E-04    1.1760390424E+00    1.2108897580E-01    1.0340988633E+01    1.7813095662E-01
    2.2409800000E-04    1.1764904058E+00    1.2142307850E-01    1.0346868120E+01    1.7829482486E-01
    2.2419800000E-04    1.1769458388E+00    1.2175495359E-01    1.0352756572E+01    1.7845865222E-01
    2.2429800000E-04    1.1774053575E+00    1.2208456846E-01    1.0358653972E+01    1.7862243463E-01
    2.2439800000E-04    1.1778689775E+00    1.2241189013E-01    1.0364560301E+01    1.7878616799E-01
    2.2449800000E-04    1.1783367146E+00    1.2273688533E-01    1.0370475542E+01    1.7894984817E-01
    2.2459800000E-04    1.1788085843E+00    1.2305952039E-01    1.0376399678E+01    1.7911347100E-01
    2.2469800000E-04    1.1792846021E+00    1.2337976134E-01    1.0382332689E+01    1.7927703228E-01
    2.2479800000E-04    1.1797647831E+00    1.2369757383E-01    1.0388274558E+01    1.7944052780E-01
    2.2489800000E-04    1.1802491424E+00    1.2401292320E-01    1.0394225265E+01    1.7960395330E-01
    2.2499800000E-04    1.1807376949E+00    1.2432577443E-01    1.0400184792E+01    1.7976730448E-01
    2.2509800000E-04    1.1812304554E+00    1.2463609215E-01    1.0406153119E+01    1.7993057704E-01
    2.2519800000E-04    1.1817274385E+00    1.2494384069E-01    1.0412130227E+01    1.8009376660E-01
    2.2529800000E-04    1.1822286585E+00    1.2524898399E-01    1.0418116095E+01    1.8025686880E-01
    2.2539800000E-04    1.1827341296E+00    1.2555148570E-01    1.0424110706E+01    1.8041987921E-01
    2.2549800000E-04    1.1832438659E+00    1.2585130910E-01    1.0430114037E+01    1.8058279338E-01
    2.2559800000E-04    1.1837578811E+00    1.2614841714E-01    1.0436126069E+01    1.8074560684E-01
    2.2569800000E-04    1.1842761888E+00    1.2644277243E-01    1.0442146780E+01    1.8090831507E-01
    2.2579800000E-04    1.1847988024E+00    1.2673433727E-01    1.0448176151E+01    1.8107091351E-01
    2.2589800000E-04    1.1853257350E+00    1.2702307361E-01    1.0454214160E+01    1.8123339760E-01
    2.2599800000E-04    1.1858569996E+00    1.2730894307E-01    1.0460260786E+01    1.8139576272E-01
    2.2609800000E-04    1.1863926088E+00    1.2759190694E-01    1.0466316006E+01    1.8155800423E-01
    2.2619800000E-04    1.1869325750E+00    1.2787192621E-01    1.0472379800E+01    1.8172011744E-01
    2.2629800000E-04    1.1874769104E+00    1.2814896153E-01    1.0478452144E+01    1.8188209765E-01
    2.2639800000E-04    1.1880256270E+00    1.2842297322E-01    1.0484533017E+01    1.8204394012E-01
    2.2649800000E-04    1.1885787364E+00    1.2869392131E-01    1.0490622396E+01    1.8220564006E-01
    2.2659800000E-04    1.1891362498E+00    1.2896176549E-01    1.0496720258E+01    1.8236719269E-01
    2.2669800000E-04    1.1896981785E+00    1.2922646514E-01    1.0502826580E+01    1.8252859315E-01
    2.2679800000E-04    1.1902645331E+00    1.2948797935E-01    1.0508941338E+01    1.8268983658E-01
    2.2689800000E-04    1.1908353241E+00    1.2974626689E-01    1.0515064509E+01    1.8285091808E-01
    2.2699800000E-04    1.1914105617E+00    1.3000128623E-01    1.0521196069E+01    1.8301183271E-01
    2.2709800000E-04    1.1919902557E+00    1.3025299554E-01    1.0527335993E+01    1.8317257552E-01
    2.2719800000E-04    1.1925744156E+00    1.3050135272E-01    1.0533484258E+01    1.8333314151E-01
    2.2729800000E-04    1.1931630506E+00    1.3074631535E-01    1.0539640837E+01    1.8349352565E-01
    2.2739800000E-04    1.1937561694E+00    1.3098784075E-01    1.0545805707E+01    1.8365372289E-01
    2.2749800000E-04    1.1943537806E+00    1.3122588593E-01    1.0551978841E+01    1.8381372815E-01
    2.2759800000E-04    1.1949558920E+00    1.3146040764E-01    1.0558160214E+01    1.8397353633E-01
    2.2769800000E-04    1.1955625116E+00    1.3169136237E-01    1.0564349801E+01    1.8413314227E-01
    2.2779800000E-04    1.1961736464E+00    1.3191870632E-01    1.0570547574E+01    1.8429254080E-01
    2.2789800000E-04    1.1967893035E+00    1.3214239543E-01    1.0576753508E+01    1.8445172674E-01
    2.2799800000E-04    1.1974094894E+00    1.3236238539E-01    1.0582967575E+01    1.8461069486E-01
    2.2809800000E-04    1.1980342100E+00    1.3257863165E-01    1.0589189748E+01    1.8476943990E-01
    2.2819800000E-04    1.1986634711E+00    1.3279108941E-01    1.0595420001E+01    1.8492795660E-01
    2.2829800000E-04    1.1992972777E+00    1.3299971360E-01    1.0601658304E+01    1.8508623964E-01
    2.2839800000E-04    1.1999356347E+00    1.3320445897E-01    1.0607904630E+01    1.8524428369E-01
    2.2849800000E-04    1.2005785463E+00    1.3340527998E-01    1.0614158950E+01    1.8540208341E-01
    2.2859800000E-04    1.2012260164E+00    1.3360213092E-01    1.0620421237E+01    1.8555963342E-01
    2.2869800000E-04    1.2018780481E+00    1.3379496582E-01    1.0626691459E+01    1.8571692830E-01
    2.2879800000E-04    1.2025346444E+00    1.3398373852E-01    1.0632969589E+01    1.8587396265E-01
    2.2889800000E-04    1.2031958076E+00    1.3416840267E-01    1.0639255596E+01    1.8603073100E-01
    2.2899800000E-04    1.2038615394E+00    1.3434891172E-01    1.0645549451E+01    1.8618722789E-01
    2.2909800000E-04    1.2045318411E+00    1.3452521891E-01    1.0651851122E+01    1.8634344782E-01
    2.2919800000E-04    1.2052067134E+00    1.3469727733E-01    1.0658160579E+01    1.8649938528E-01
    2.2929800000E-04    1.2058861565E+00    1.3486503988E-01    1.0664477790E+01    1.8665503474E-01
    2.2939800000E-04    1.2065701700E+00    1.3502845930E-01    1.0670802725E+01    1.8681039063E-01
    2.2949800000E-04    1.2072587529E+00    1.3518748819E-01    1.0677135351E+01    1.8696544739E-01
    2.2959800000E-04    1.2079519036E+00    1.3534207899E-01    1.0683475636E+01    1.8712019942E-01
    2.2969800000E-04    1.2086496200E+00    1.3549218399E-01    1.0689823548E+01    1.8727464110E-01
    2.2979800000E-04    1.2093518993E+00    1.3563775537E-01    1.0696179053E+01    1.8742876681E-01
    2.2989800000E-04    1.2100587381E+00    1.3577874517E-01    1.0702542118E+01    1.8758257090E-01
    2.2999800000E-04    1.2107701323E+00    1.3591510533E-01    1.0708912709E+01    1.8773604770E-01
    2.3009800000E-04    1.2114860774E+00    1.3604678767E-01    1.0715290792E+01    1.8788919153E-01
    2.3019800000E-04    1.2122065680E+00    1.3617374392E-01    1.0721676333E+01    1.8804199668E-01
    2.3029800000E-04    1.2129315980E+00    1.3629592573E-01    1.0728069297E+01    1.8819445745E-01
    2.3039800000E-04    1.2136611608E+00    1.3641328465E-01    1.0734469648E+01    1.8834656811E-01
    2.3049800000E-04    1.2143952491E+00    1.3652577214E-01    1.0740877351E+01    1.8849832291E-01
    2.3059800000E-04    1.2151338548E+00    1.3663333961E-01    1.0747292370E+01    1.8864971610E-01
    2.3069800000E-04    1.2158769691E+00    1.3673593839E-01    1.0753714668E+01    1.8880074190E-01
    2.3079800000E-04    1.2166245826E+00    1.3683351978E-01    1.0760144209E+01    1.8895139452E-01
    2.3089800000E-04    1.2173766850E+00    1.3692603506E-01    1.0766580954E+01    1.8910166817E-01
    2.3099800000E-04    1.2181332654E+00    1.3701343549E-01    1.0773024867E+01    1.8925155703E-01
    2.3109800000E-04    1.2188943121E+00    1.3709567231E-01    1.0779475910E+01    1.8940105529E-01
    2.3119800000E-04    1.2196598125E+00    1.3717269677E-01    1.0785934044E+01    1.8955015711E-01
    2.3129800000E-04    1.2204297534E+00    1.3724446014E-01    1.0792399230E+01    1.8969885663E-01
    2.3139800000E-04    1.2212041207E+00    1.3731091370E-01    1.0798871428E+01    1.8984714802E-01
    2.3149800000E-04    1.2219828996E+00    1.3737200884E-01    1.0805350601E+01    1.8999502538E-01
    2.3159800000E-04    1.2227660743E+00    1.3742769708E-01    1.0811836706E+01    1.9014248286E-01
    2.3169800000E-04    1.2235536282E+00    1.3747792999E-01    1.0818329705E+01    1.9028951455E-01
    2.3179800000E-04    1.2243455441E+00    1.3752265922E-01    1.0824829555E+01    1.9043611457E-01
    2.3189800000E-04    1.2251418036E+00    1.3756183648E-01    1.0831336217E+01    1.9058227700E-01
    2.3199800000E-04    1.2259423877E+00    1.3759541360E-01    1.0837849648E+01    1.9072799594E-01
    2.3209800000E-04    1.2267472764E+00    1.3762334251E-01    1.0844369806E+01    1.9087326546E-01
    2.3219800000E-04    1.2275564490E+00    1.3764557524E-01    1.0850896649E+01    1.9101807963E-01
    2.3229800000E-04    1.2283698838E+00    1.3766206397E-01    1.0857430134E+01    1.9116243252E-01
    2.3239800000E-04    1.2291875582E+00    1.3767276099E-01    1.0863970218E+01    1.9130631818E-01
    2.3249800000E-04    1.2300094487E+00    1.3767761874E-01    1.0870516857E+01    1.9144973065E-01
    2.3259800000E-04    1.2308355312E+00    1.3767658947E-01    1.0877070008E+01    1.9159266399E-01
    2.3269800000E-04    1.2316657806E+00    1.3766962543E-01    1.0883629625E+01    1.9173511222E-01
    2.3279800000E-04    1.2325001709E+00    1.3765667905E-01    1.0890195665E+01    1.9187706937E-01
    2.3289800000E-04    1.2333386752E+00    1.3763770298E-01    1.0896768082E+01    1.9201852946E-01
    2.3299800000E-04    1.2341812657E+00    1.3761265008E-01    1.0903346830E+01    1.9215948651E-01
    2.3309800000E-04    1.2350279136E+00    1.3758147341E-01    1.0909931864E+01    1.9229993453E-01
    2.3319800000E-04    1.2358785892E+00    1.3754412631E-01    1.0916523137E+01    1.9243986751E-01
    2.3329800000E-04    1.2367332616E+00    1.3750056235E-01    1.0923120602E+01    1.9257927946E-01
    2.3339800000E-04    1.2375918994E+00    1.3745073536E-01    1.0929724213E+01    1.9271816437E-01
    2.3349800000E-04    1.2384544698E+00    1.3739459945E-01    1.0936333923E+01    1.9285651622E-01
    2.3359800000E-04    1.2393209393E+00    1.3733210916E-01    1.0942949682E+01    1.9299432901E-01
    2.3369800000E-04    1.2401912726E+00    1.3726322044E-01    1.0949571444E+01    1.9313159671E-01
    2.3379800000E-04    1.2410654334E+00    1.3718789028E-01    1.0956199161E+01    1.9326831330E-01
    2.3389800000E-04    1.2419433842E+00    1.3710607599E-01    1.0962832783E+01    1.9340447277E-01
    2.3399800000E-04    1.2428250869E+00    1.3701773523E-01    1.0969472261E+01    1.9354006910E-01
    2.3409800000E-04    1.2437105019E+00    1.3692282600E-01    1.0976117548E+01    1.9367509629E-01
    2.3419800000E-04    1.2445995889E+00    1.3682130671E-01    1.0982768592E+01    1.9380954832E-01
    2.3429800000E-04    1.2454923065E+00    1.3671313611E-01    1.0989425344E+01    1.9394341919E-01
    2.3439800000E-04    1.2463886123E+00    1.3659827337E-01    1.0996087755E+01    1.9407670290E-01
    2.3449800000E-04    1.2472884631E+00    1.3647667806E-01    1.1002755773E+01    1.9420939344E-01
    2.3459800000E-04    1.2481918142E+00    1.3634831018E-01    1.1009429347E+01    1.9434148483E-01
    2.3469800000E-04    1.2490986204E+00    1.3621313015E-01    1.1016108428E+01    1.9447297107E-01
    2.3479800000E-04    1.2500088359E+00    1.3607109714E-01    1.1022792962E+01    1.9460384619E-01
    2.3489800000E-04    1.2509224158E+00    1.3592216632E-01    1.1029482898E+01    1.9473410421E-01
    2.3499800000E-04    1.2518393145E+00    1.3576629265E-01    1.1036178183E+01    1.9486373913E-01
    2.3509800000E-04    1.2527594851E+00    1.3560343157E-01    1.1042878763E+01    1.9499274496E-01
    2.3519800000E-04    1.2536828799E+00    1.3543353905E-01    1.1049584586E+01    1.9512111570E-01
    2.3529800000E-04    1.2546094502E+00    1.3525657160E-01    1.1056295597E+01    1.9524884534E-01
    2.3539800000E-04    1.2555391459E+00    1.3507248626E-01    1.1063011743E+01    1.9537592789E-01
    2.3549800000E-04    1.2564719163E+00    1.3488124061E-01    1.1069732970E+01    1.9550235734E-01
    2.3559800000E-04    1.2574077092E+00    1.3468279285E-01    1.1076459222E+01    1.9562812767E-01
    2.3569800000E-04    1.2583464716E+00    1.3447710173E-01    1.1083190445E+01    1.9575323289E-01
    2.3579800000E-04    1.2592881495E+00    1.3426412662E-01    1.1089926584E+01    1.9587766699E-01
    2.3589800000E-04    1.2602326876E+00    1.3404382749E-01    1.1096667584E+01    1.9600142396E-01
    2.3599800000E-04    1.2611800285E+00    1.3381616820E-01    1.1103413389E+01    1.9612449782E-01
    2.3609800000E-04    1.2621301073E+00    1.3358112881E-01    1.1110163947E+01    1.9624688259E-01
    2.3619800000E-04    1.2630828563E+00    1.3333869472E-01    1.1116919204E+01    1.9636857236E-01
    2.3629800000E-04    1.2640382069E+00    1.3308885187E-01    1.1123679108E+01    1.9648956126E-01
    2.3639800000E-04    1.2649960896E+00    1.3283158679E-01    1.1130443606E+01    1.9660984348E-01
    2.3649800000E-04    1.2659564342E+00    1.3256688657E-01    1.1137212644E+01    1.9672941328E-01
    2.3659800000E-04    1.2669191694E+00    1.3229473889E-01    1.1143986170E+01    1.9684826495E-01
    2.3669800000E-04    1.2678842233E+00    1.3201513203E-01    1.1150764129E+01    1.9696639285E-01
    2.3679800000E-04    1.2688515230E+00    1.3172805488E-01    1.1157546469E+01    1.9708379140E-01
    2.3689800000E-04    1.2698209947E+00    1.3143349690E-01    1.1164333135E+01    1.9720045507E-01
    2.3699800000E-04    1.2707925640E+00    1.3113144821E-01    1.1171124074E+01    1.9731637840E-01
    2.3709800000E-04    1.2717661557E+00    1.3082189951E-01    1.1177919233E+01    1.9743155598E-01
    2.3719800000E-04    1.2727416935E+00    1.3050484215E-01    1.1184718557E+01    1.9754598246E-01
