 sig=    1.000000000000000      inputfile=
 /home/rjrj524/Finished/vmec_gc_tracer/revised_251128/nc/wout_pwO_nfp2_A6.nc                                                                                                                             
 dt=   2.0000000000000000E-008
 steps=      4000000
 x0=   7.0000000000000007E-002   -1.930000000000000      
   -3.140000000000000     
 u=    571.0000000000000     
 v_perp=    11500.00000000000     
 
time(s)         x0(1)       x0(2)        x0(3)      r
    3.9980000000E-05    9.0885973165E-01    1.1282228374E-01   -3.1136272494E+00    7.0077425180E-02
    7.9980000000E-05    9.0596885216E-01    1.2046186067E-01   -3.0795635560E+00    7.0152432315E-02
    1.1998000000E-04    9.0278435243E-01    1.2985545343E-01   -3.0379954194E+00    7.0224430219E-02
    1.5998000000E-04    8.9954514715E-01    1.4097581591E-01   -2.9891538433E+00    7.0292912592E-02
    1.9998000000E-04    8.9652621680E-01    1.5376100754E-01   -2.9333349795E+00    7.0357400229E-02
    2.3998000000E-04    8.9402947209E-01    1.6810322963E-01   -2.8709111570E+00    7.0417419032E-02
    2.7998000000E-04    8.9237102591E-01    1.8383918845E-01   -2.8023424547E+00    7.0472484764E-02
    3.1998000000E-04    8.9186512565E-01    2.0074347489E-01   -2.7281866170E+00    7.0522100800E-02
    3.5998000000E-04    8.9280518435E-01    2.1852657348E-01   -2.6491045488E+00    7.0565766404E-02
    3.9998000000E-04    8.9544317283E-01    2.3683873037E-01   -2.5658593500E+00    7.0602989125E-02
    4.3998000000E-04    8.9996922066E-01    2.5528003886E-01   -2.4793089537E+00    7.0633295566E-02
    4.7998000000E-04    9.0649320035E-01    2.7341621316E-01   -2.3903944944E+00    7.0656231867E-02
    5.1998000000E-04    9.1502956106E-01    2.9079915632E-01   -2.3001269023E+00    7.0671339081E-02
    5.5998000000E-04    9.2548650449E-01    3.0699157915E-01   -2.2095726608E+00    7.0678098209E-02
    5.9998000000E-04    9.3766124230E-01    3.2159498357E-01   -2.1198373398E+00    7.0675875032E-02
    6.3998000000E-04    9.5124396179E-01    3.3427964467E-01   -2.0320440753E+00    7.0663924971E-02
    6.7998000000E-04    9.6583288459E-01    3.4481368159E-01   -1.9473054146E+00    7.0641495551E-02
    7.1998000000E-04    9.8096042209E-01    3.5308661920E-01   -1.8666916956E+00    7.0607991874E-02
    7.5998000000E-04    9.9612657513E-01    3.5912249280E-01   -1.7912044302E+00    7.0563118935E-02
    7.9998000000E-04    1.0108329426E+00    3.6307946068E-01   -1.7217630434E+00    7.0506942316E-02
    8.3998000000E-04    1.0246113077E+00    3.6523592405E-01   -1.6592055285E+00    7.0439883735E-02
    8.7998000000E-04    1.0370441164E+00    3.6596506137E-01   -1.6042942280E+00    7.0362704207E-02
    9.1998000000E-04    1.0477771870E+00    3.6569991561E-01   -1.5577157239E+00    7.0276496420E-02
    9.5998000000E-04    1.0565259115E+00    3.6489122279E-01   -1.5200702492E+00    7.0182664471E-02
    9.9998000000E-04    1.0630757115E+00    3.6396161226E-01   -1.4918543520E+00    7.0082868131E-02
    1.0399800000E-03    1.0672774274E+00    3.6326186717E-01   -1.4734439074E+00    6.9978940241E-02
    1.0799800000E-03    1.0690398465E+00    3.6303474381E-01   -1.4650823071E+00    6.9872805742E-02
    1.1199800000E-03    1.0683227641E+00    3.6339006104E-01   -1.4668745705E+00    6.9766423414E-02
    1.1599800000E-03    1.0651334961E+00    3.6429328371E-01   -1.4787856559E+00    6.9661748844E-02
    1.1999800000E-03    1.0595279959E+00    3.6556898118E-01   -1.5006414321E+00    6.9560702167E-02
    1.2399800000E-03    1.0516160532E+00    3.6691899776E-01   -1.5321326603E+00    6.9465120680E-02
    1.2799800000E-03    1.0415684009E+00    3.6795363893E-01   -1.5728237685E+00    6.9376688084E-02
    1.3199800000E-03    1.0296229064E+00    3.6823215373E-01   -1.6221675806E+00    6.9296851774E-02
    1.3599800000E-03    1.0160871978E+00    3.6730747739E-01   -1.6795238617E+00    6.9226755741E-02
    1.3999800000E-03    1.0013361032E+00    3.6476982319E-01   -1.7441756964E+00    6.9167210443E-02
    1.4399800000E-03    9.8580316560E-01    3.6028468998E-01   -1.8153372747E+00    6.9118692612E-02
    1.4799800000E-03    9.6996563502E-01    3.5362241241E-01   -1.8921519642E+00    6.9081347038E-02
    1.5199800000E-03    9.5432215708E-01    3.4467763213E-01   -1.9736872064E+00    6.9054981965E-02
    1.5599800000E-03    9.3936356328E-01    3.3347748249E-01   -2.0589358882E+00    6.9039092215E-02
    1.5999800000E-03    9.2553985064E-01    3.2017784998E-01   -2.1468294429E+00    6.9032948661E-02
    1.6399800000E-03    9.1322892421E-01    3.0504838078E-01   -2.2362607066E+00    6.9035739051E-02
    1.6799800000E-03    9.0271306056E-01    2.8844849246E-01   -2.3261110236E+00    6.9046692060E-02
    1.7199800000E-03    8.9416656261E-01    2.7079804103E-01   -2.4152771672E+00    6.9065127533E-02
    1.7599800000E-03    8.8765448607E-01    2.5254682057E-01   -2.5026956405E+00    6.9090438622E-02
    1.7999800000E-03    8.8313968509E-01    2.3414653910E-01   -2.5873628196E+00    6.9122057224E-02
    1.8399800000E-03    8.8049475708E-01    2.1602748235E-01   -2.6683502985E+00    6.9159442531E-02
    1.8799800000E-03    8.7951677290E-01    1.9858042365E-01   -2.7448161292E+00    6.9202090002E-02
    1.9199800000E-03    8.7994428865E-01    1.8214357774E-01   -2.8160129129E+00    6.9249536021E-02
    1.9599800000E-03    8.8147650679E-01    1.6699463327E-01   -2.8812924671E+00    6.9301346572E-02
    1.9999800000E-03    8.8379357178E-01    1.5334818604E-01   -2.9401058562E+00    6.9357099139E-02
    2.0399800000E-03    8.8657605914E-01    1.4135850047E-01   -2.9919983595E+00    6.9416370251E-02
    2.0799800000E-03    8.8952174749E-01    1.3112668918E-01   -3.0366006870E+00    6.9478730426E-02
    2.1199800000E-03    8.9235856528E-01    1.2271079411E-01   -3.0736187816E+00    6.9543740617E-02
    2.1599800000E-03    8.9485379694E-01    1.1613714567E-01   -3.1028242066E+00    6.9610945825E-02
    2.1999800000E-03    8.9682015060E-01    1.1141163592E-01   -3.1240461338E+00    6.9679867324E-02
    2.2399800000E-03    8.9811938422E-01    1.0852982708E-01   -3.1371651659E+00    6.9749998096E-02
    2.2799800000E-03    8.9866425111E-01    1.0748502715E-01   -3.1421088987E+00    6.9820804752E-02
    2.3199800000E-03    8.9841937893E-01    1.0827366133E-01   -3.1388491341E+00    6.9891736161E-02
    2.3599800000E-03    8.9740155341E-01    1.1089748813E-01   -3.1274007212E+00    6.9962236761E-02
    2.3999800000E-03    8.9567964334E-01    1.1536247364E-01   -3.1078220101E+00    7.0031760584E-02
    2.4399800000E-03    8.9337404293E-01    1.2167442402E-01   -3.0802168909E+00    7.0099782008E-02
    2.4799800000E-03    8.9065528076E-01    1.2983173798E-01   -3.0447384296E+00    7.0165800632E-02
    2.5199800000E-03    8.8774112972E-01    1.3981586775E-01   -3.0015942751E+00    7.0229339159E-02
    2.5599800000E-03    8.8489151753E-01    1.5158026268E-01   -2.9510541061E+00    7.0289936493E-02
    2.5999800000E-03    8.8240054541E-01    1.6503875788E-01   -2.8934592212E+00    7.0347141171E-02
    2.6399800000E-03    8.8058503866E-01    1.8005462968E-01   -2.8292336485E+00    7.0400508383E-02
    2.6799800000E-03    8.7976946215E-01    1.9643184213E-01   -2.7588949360E+00    7.0449598076E-02
    2.7199800000E-03    8.8026754051E-01    2.1391019389E-01   -2.6830618317E+00    7.0493966895E-02
    2.7599800000E-03    8.8236145648E-01    2.3216589732E-01   -2.6024563515E+00    7.0533151223E-02
    2.7999800000E-03    8.8628044705E-01    2.5081834587E-01   -2.5178994825E+00    7.0566651858E-02
    2.8399800000E-03    8.9218080368E-01    2.6944288949E-01   -2.4303018303E+00    7.0593934389E-02
    2.8799800000E-03    9.0012883789E-01    2.8758891714E-01   -2.3406511320E+00    7.0614440225E-02
    2.9199800000E-03    9.1008795565E-01    3.0480253106E-01   -2.2499975448E+00    7.0627582304E-02
    2.9599800000E-03    9.2191121169E-01    3.2065307218E-01   -2.1594363310E+00    7.0632713176E-02
    2.9999800000E-03    9.3534140282E-01    3.3476224399E-01   -2.0700868829E+00    7.0629098938E-02
    3.0399800000E-03    9.5002095531E-01    3.4683355486E-01   -1.9830672039E+00    7.0615956396E-02
    3.0799800000E-03    9.6551258100E-01    3.5667855028E-01   -1.8994649112E+00    7.0592571419E-02
    3.1199800000E-03    9.8132878040E-01    3.6423551687E-01   -1.8203098816E+00    7.0558445986E-02
    3.1599800000E-03    9.9696513446E-01    3.6957698224E-01   -1.7465564169E+00    7.0513396805E-02
    3.1999800000E-03    1.0119312624E+00    3.7290450552E-01   -1.6790794537E+00    7.0457578377E-02
    3.2399800000E-03    1.0257752904E+00    3.7453147211E-01   -1.6186805959E+00    7.0391468589E-02
    3.2799800000E-03    1.0381008524E+00    3.7485543585E-01   -1.5660931639E+00    7.0315862421E-02
    3.3199800000E-03    1.0485774481E+00    3.7432149197E-01   -1.5219773725E+00    7.0231874316E-02
    3.3599800000E-03    1.0569448608E+00    3.7337895095E-01   -1.4869050445E+00    7.0140917298E-02
    3.3999800000E-03    1.0630116577E+00    3.7243597304E-01   -1.4613401864E+00    7.0044642291E-02
    3.4399800000E-03    1.0666490171E+00    3.7181777165E-01   -1.4456226453E+00    6.9944854602E-02
    3.4799800000E-03    1.0677824788E+00    3.7173364992E-01   -1.4399581601E+00    6.9843437537E-02
    3.5199800000E-03    1.0663854578E+00    3.7225563160E-01   -1.4444142025E+00    6.9742298999E-02
    3.5599800000E-03    1.0624767579E+00    3.7331107993E-01   -1.4589192382E+00    6.9643335306E-02
    3.5999800000E-03    1.0561230761E+00    3.7468990447E-01   -1.4832642620E+00    6.9548394328E-02
    3.6399800000E-03    1.0474453316E+00    3.7606606888E-01   -1.5171075239E+00    6.9459220346E-02
    3.6799800000E-03    1.0366263425E+00    3.7703123669E-01   -1.5599846422E+00    6.9377377680E-02
    3.7199800000E-03    1.0239167656E+00    3.7713662012E-01   -1.6113250400E+00    6.9304170330E-02
    3.7599800000E-03    1.0096367868E+00    3.7593771561E-01   -1.6704718260E+00    6.9240587186E-02
    3.7999800000E-03    9.9417235377E-01    3.7303644949E-01   -1.7366984174E+00    6.9187288832E-02
    3.8399800000E-03    9.7796553932E-01    3.6811670950E-01   -1.8092154483E+00    6.9144620033E-02
    3.8799800000E-03    9.6149876256E-01    3.6097090976E-01   -1.8871675364E+00    6.9112616629E-02
    3.9199800000E-03    9.4527234167E-01    3.5151653823E-01   -1.9696269559E+00    6.9091003230E-02
    3.9599800000E-03    9.2977589765E-01    3.3980202810E-01   -2.0555935799E+00    6.9079219038E-02
    3.9999800000E-03    9.1545651303E-01    3.2600168904E-01   -2.1440058591E+00    6.9076504904E-02
    4.0399800000E-03    9.0268871118E-01    3.1040036439E-01   -2.2337612585E+00    6.9082030081E-02
    4.0799800000E-03    8.9175156756E-01    2.9336972762E-01   -2.3237419284E+00    6.9094994304E-02
    4.1199800000E-03    8.8281626534E-01    2.7533933394E-01   -2.4128421051E+00    6.9114661289E-02
    4.1599800000E-03    8.7594430746E-01    2.5676635591E-01   -2.4999942903E+00    6.9140341326E-02
    4.1999800000E-03    8.7109406650E-01    2.3810779049E-01   -2.5841910713E+00    6.9171377173E-02
    4.2399800000E-03    8.6813258575E-01    2.1979752722E-01   -2.6645007565E+00    6.9207164145E-02
    4.2799800000E-03    8.6685053208E-01    2.0222880789E-01   -2.7400777826E+00    6.9247184600E-02
    4.3199800000E-03    8.6697965053E-01    1.8574166104E-01   -2.8101700720E+00    6.9291017069E-02
    4.3599800000E-03    8.6821249114E-01    1.7061520471E-01   -2.8741239367E+00    6.9338306537E-02
    4.3999800000E-03    8.7022335508E-01    1.5706522329E-01   -2.9313851520E+00    6.9388717903E-02
    4.4399800000E-03    8.7268847842E-01    1.4524713003E-01   -2.9814950289E+00    6.9441902136E-02
    4.4799800000E-03    8.7530344310E-01    1.3526348633E-01   -3.0240822584E+00    6.9497486178E-02
    4.5199800000E-03    8.7779665586E-01    1.2717446415E-01   -3.0588528741E+00    6.9555078379E-02
    4.5599800000E-03    8.7993900014E-01    1.2100944969E-01   -3.0855806724E+00    6.9614276475E-02
    4.5999800000E-03    8.8155026034E-01    1.1677827052E-01   -3.1040994399E+00    6.9674671457E-02
    4.6399800000E-03    8.8250309425E-01    1.1448088993E-01   -3.1142973219E+00    6.9735847902E-02
    4.6799800000E-03    8.8272525628E-01    1.1411470997E-01   -3.1161131485E+00    6.9797383969E-02
    4.7199800000E-03    8.8220067065E-01    1.1567887129E-01   -3.1095344292E+00    6.9858853013E-02
    4.7599800000E-03    8.8096968229E-01    1.1917519227E-01   -3.0945968396E+00    6.9919826653E-02
    4.7999800000E-03    8.7912851466E-01    1.2460567051E-01   -3.0713851665E+00    6.9979877527E-02
    4.8399800000E-03    8.7682776927E-01    1.3196675781E-01   -3.0400358154E+00    7.0038580491E-02
    4.8799800000E-03    8.7426959006E-01    1.4124087704E-01   -3.0007411635E+00    7.0095513283E-02
    4.9199800000E-03    8.7170286239E-01    1.5238587521E-01   -2.9537561606E+00    7.0150259819E-02
    4.9599800000E-03    8.6941550652E-01    1.6532337281E-01   -2.8994073490E+00    7.0202418215E-02
    4.9999800000E-03    8.6772335942E-01    1.7992728664E-01   -2.8381035849E+00    7.0251610475E-02
    5.0399800000E-03    8.6695518969E-01    1.9601418426E-01   -2.7703465039E+00    7.0297482869E-02
    5.0799800000E-03    8.6743411334E-01    2.1333731272E-01   -2.6967378865E+00    7.0339683886E-02
    5.1199800000E-03    8.6945658074E-01    2.3158582123E-01   -2.6179816601E+00    7.0377820186E-02
    5.1599800000E-03    8.7327070490E-01    2.5038986668E-01   -2.5348803041E+00    7.0411414376E-02
    5.1999800000E-03    8.7905562152E-01    2.6933149218E-01   -2.4483271925E+00    7.0439896437E-02
    5.2399800000E-03    8.8690350130E-01    2.8796081888E-01   -2.3592961302E+00    7.0462633976E-02
    5.2799800000E-03    8.9680556358E-01    3.0581717311E-01   -2.2688276786E+00    7.0478966541E-02
    5.3199800000E-03    9.0864351273E-01    3.2245461154E-01   -2.1780111456E+00    7.0488205745E-02
    5.3599800000E-03    9.2218827794E-01    3.3747048937E-01   -2.0879621225E+00    7.0489610363E-02
    5.3999800000E-03    9.3710794415E-01    3.5053467401E-01   -1.9997965741E+00    7.0482391957E-02
    5.4399800000E-03    9.5298574049E-01    3.6141619026E-01   -1.9146031951E+00    7.0465793247E-02
    5.4799800000E-03    9.6934673388E-01    3.7000366967E-01   -1.8334175802E+00    7.0439216450E-02
    5.5199800000E-03    9.8568921577E-01    3.7631633443E-01   -1.7572041945E+00    7.0402331905E-02
    5.5599800000E-03    1.0015153931E+00    3.8050366260E-01   -1.6868510469E+00    7.0355120066E-02
    5.5999800000E-03    1.0163571071E+00    3.8283366597E-01   -1.6231753160E+00    7.0297864451E-02
    5.6399800000E-03    1.0297950388E+00    3.8367057780E-01   -1.5669307493E+00    7.0231144434E-02
    5.6799800000E-03    1.0414717831E+00    3.8344277182E-01   -1.5188066810E+00    7.0155846020E-02
    5.7199800000E-03    1.0510988358E+00    3.8260285164E-01   -1.4794151628E+00    7.0073164187E-02
    5.7599800000E-03    1.0584574432E+00    3.8158338650E-01   -1.4492710252E+00    6.9984566704E-02
    5.7999800000E-03    1.0633938155E+00    3.8075358797E-01   -1.4287728215E+00    6.9891721345E-02
    5.8399800000E-03    1.0658111403E+00    3.8038195078E-01   -1.4181899546E+00    6.9796414128E-02
    5.8799800000E-03    1.0656616970E+00    3.8060902019E-01   -1.4176564987E+00    6.9700482832E-02
    5.9199800000E-03    1.0629418965E+00    3.8143334760E-01   -1.4271693403E+00    6.9605771439E-02
    5.9599800000E-03    1.0576923160E+00    3.8271152193E-01   -1.4465886141E+00    6.9514093160E-02
    5.9999800000E-03    1.0500024455E+00    3.8417265384E-01   -1.4756402864E+00    6.9427183751E-02
    6.0399800000E-03    1.0400185544E+00    3.8544571603E-01   -1.5139229342E+00    6.9346634124E-02
    6.0799800000E-03    1.0279514010E+00    3.8609723702E-01   -1.5609208848E+00    6.9273809286E-02
    6.1199800000E-03    1.0140807651E+00    3.8567469409E-01   -1.6160234107E+00    6.9209779553E-02
    6.1599800000E-03    9.9875473396E-01    3.8375013901E-01   -1.6785451775E+00    6.9155290735E-02
    6.1999800000E-03    9.8238310424E-01    3.7995906463E-01   -1.7477403683E+00    6.9110774835E-02
    6.2399800000E-03    9.6542518790E-01    3.7403108425E-01   -1.8228055694E+00    6.9076371839E-02
    6.2799800000E-03    9.4837197778E-01    3.6581105769E-01   -1.9028737317E+00    6.9051935747E-02
    6.3199800000E-03    9.3172250409E-01    3.5527034435E-01   -1.9870075977E+00    6.9037038003E-02
    6.3599800000E-03    9.1595532746E-01    3.4250814159E-01   -2.0742007045E+00    6.9031009476E-02
    6.3999800000E-03    9.0149814063E-01    3.2774311160E-01   -2.1633887408E+00    6.9033036673E-02
    6.4399800000E-03    8.8870017271E-01    3.1129597536E-01   -2.2534694536E+00    6.9042273880E-02
    6.4799800000E-03    8.7781199129E-01    2.9356470643E-01   -2.3433283075E+00    6.9057912500E-02
    6.5199800000E-03    8.6897535328E-01    2.7499524414E-01   -2.4318671677E+00    6.9079187017E-02
    6.5599800000E-03    8.6222310798E-01    2.5605170419E-01   -2.5180318607E+00    6.9105355324E-02
    6.5999800000E-03    8.5748695936E-01    2.3718997281E-01   -2.6008336408E+00    6.9135708823E-02
    6.6399800000E-03    8.5461019946E-01    2.1883685343E-01   -2.6793624319E+00    6.9169625802E-02
    6.6799800000E-03    8.5336350097E-01    2.0137474229E-01   -2.7527943049E+00    6.9206626207E-02
    6.7199800000E-03    8.5346318575E-01    1.8513094287E-01   -2.8203970691E+00    6.9246377261E-02
    6.7599800000E-03    8.5459166199E-01    1.7037140086E-01   -2.8815350684E+00    6.9288641891E-02
    6.7999800000E-03    8.5641882740E-01    1.5729941551E-01   -2.9356711636E+00    6.9333206164E-02
    6.8399800000E-03    8.5862234920E-01    1.4605958252E-01   -2.9823638413E+00    6.9379827418E-02
    6.8799800000E-03    8.6090486414E-01    1.3674613075E-01   -3.0212597327E+00    6.9428218684E-02
    6.9199800000E-03    8.6300713916E-01    1.2941391377E-01   -3.0520838461E+00    6.9478058980E-02
    6.9599800000E-03    8.6471723687E-01    1.2409011575E-01   -3.0746300930E+00    6.9529010999E-02
    6.9999800000E-03    8.6587649614E-01    1.2078504382E-01   -3.0887536829E+00    6.9580734040E-02
    7.0399800000E-03    8.6638316887E-01    1.1950083876E-01   -3.0943658459E+00    6.9632889145E-02
    7.0799800000E-03    8.6619439021E-01    1.2023731857E-01   -3.0914307048E+00    6.9685138603E-02
    7.1199800000E-03    8.6532692583E-01    1.2299447619E-01   -3.0799639847E+00    6.9737142870E-02
    7.1599800000E-03    8.6385684331E-01    1.2777143668E-01   -3.0600333988E+00    6.9788557197E-02
    7.1999800000E-03    8.6191811623E-01    1.3456196158E-01   -3.0317607814E+00    6.9839030128E-02
    7.2399800000E-03    8.5969982793E-01    1.4334686098E-01   -2.9953262859E+00    6.9888206973E-02
    7.2799800000E-03    8.5744137464E-01    1.5408395084E-01   -2.9509750185E+00    6.9935741298E-02
    7.3199800000E-03    8.5542495327E-01    1.6669652036E-01   -2.8990260767E+00    6.9981313950E-02
    7.3599800000E-03    8.5396449987E-01    1.8106169674E-01   -2.8398829642E+00    7.0024650507E-02
    7.3999800000E-03    8.5339048584E-01    1.9700053600E-01   -2.7740430580E+00    7.0065518693E-02
    7.4399800000E-03    8.5403075799E-01    2.1427181825E-01   -2.7021032344E+00    7.0103688848E-02
    7.4799800000E-03    8.5618897050E-01    2.3257097719E-01   -2.6247600022E+00    7.0138862652E-02
    7.5199800000E-03    8.6012269637E-01    2.5153452426E-01   -2.5428051397E+00    7.0170607547E-02
    7.5599800000E-03    8.6602289223E-01    2.7074956604E-01   -2.4571193006E+00    7.0198343230E-02
    7.5999800000E-03    8.7399577550E-01    2.8976817087E-01   -2.3686643429E+00    7.0221390073E-02
    7.6399800000E-03    8.8404816966E-01    3.0812688508E-01   -2.2784719598E+00    7.0239034719E-02
    7.6799800000E-03    8.9607814513E-01    3.2537135632E-01   -2.1876256828E+00    7.0250556030E-02
    7.7199800000E-03    9.0987323041E-01    3.4108456585E-01   -2.0972364366E+00    7.0255205397E-02
    7.7599800000E-03    9.2511782501E-01    3.5491579148E-01   -2.0084148498E+00    7.0252194724E-02
    7.7999800000E-03    9.4141001655E-01    3.6660701107E-01   -1.9222438094E+00    7.0240746175E-02
    7.8399800000E-03    9.5828626042E-01    3.7601369298E-01   -1.8397543687E+00    7.0220199630E-02
    7.8799800000E-03    9.7525060454E-01    3.8311736721E-01   -1.7619091331E+00    7.0190119641E-02
    7.9199800000E-03    9.9180410739E-01    3.8802820440E-01   -1.6895970845E+00    7.0150349027E-02
    7.9599800000E-03    1.0074706840E+00    3.9097702345E-01   -1.6236391168E+00    7.0101010969E-02
    7.9999800000E-03    1.0218174740E+00    3.9229706024E-01   -1.5647966652E+00    7.0042502885E-02
    8.0399800000E-03    1.0344694144E+00    3.9239616394E-01   -1.5137733014E+00    6.9975510331E-02
    8.0799800000E-03    1.0451179464E+00    3.9172067937E-01   -1.4712041715E+00    6.9901024327E-02
    8.1199800000E-03    1.0535237990E+00    3.9071336314E-01   -1.4376365307E+00    6.9820327340E-02
    8.1599800000E-03    1.0595141045E+00    3.8976959288E-01   -1.4135092780E+00    6.9734936228E-02
    8.1999800000E-03    1.0629751370E+00    3.8919760594E-01   -1.3991378167E+00    6.9646522073E-02
    8.2399800000E-03    1.0638436814E+00    3.8918759140E-01   -1.3947060111E+00    6.9556835349E-02
    8.2799800000E-03    1.0621001919E+00    3.8979314527E-01   -1.4002633051E+00    6.9467650556E-02
    8.3199800000E-03    1.0577664926E+00    3.9092625303E-01   -1.4157244840E+00    6.9380725307E-02
    8.3599800000E-03    1.0509089236E+00    3.9236591722E-01   -1.4408711237E+00    6.9297757088E-02
    8.3999800000E-03    1.0416456065E+00    3.9377997175E-01   -1.4753560129E+00    6.9220323158E-02
    8.4399800000E-03    1.0301552895E+00    3.9475792036E-01   -1.5187132185E+00    6.9149802705E-02
    8.4799800000E-03    1.0166839979E+00    3.9485175843E-01   -1.5703750196E+00    6.9087300572E-02
    8.5199800000E-03    1.0015467737E+00    3.9361960921E-01   -1.6296931097E+00    6.9033602661E-02
    8.5599800000E-03    9.8512337172E-01    3.9066660641E-01   -1.6959572941E+00    6.8989177836E-02
    8.5999800000E-03    9.6784829383E-01    3.8567860938E-01   -1.7684046277E+00    6.8954207419E-02
    8.6399800000E-03    9.5019607665E-01    3.7844641682E-01   -1.8462172561E+00    6.8928606767E-02
    8.6799800000E-03    9.3266173386E-01    3.6888046103E-01   -1.9285143202E+00    6.8912029079E-02
    8.7199800000E-03    9.1573625651E-01    3.5701650491E-01   -2.0143464492E+00    6.8903881655E-02
    8.7599800000E-03    8.9987852398E-01    3.4301259491E-01   -2.1026986214E+00    6.8903388215E-02
    8.7999800000E-03    8.8548687670E-01    3.2713741985E-01   -2.1925024200E+00    6.8909689720E-02
    8.8399800000E-03    8.7287459033E-01    3.0975061918E-01   -2.2826564781E+00    6.8921934959E-02
    8.8799800000E-03    8.6225299752E-01    2.9127656821E-01   -2.3720537373E+00    6.8939315685E-02
    8.9199800000E-03    8.5372430603E-01    2.7217470457E-01   -2.4596123815E+00    6.8961050363E-02
    8.9599800000E-03    8.4728387160E-01    2.5291074041E-01   -2.5443039387E+00    6.8986370323E-02
    8.9999800000E-03    8.4282972572E-01    2.3393267279E-01   -2.6251720191E+00    6.9014558638E-02
    9.0399800000E-03    8.4017660987E-01    2.1565309996E-01   -2.7013407817E+00    6.9045032602E-02
    9.0799800000E-03    8.3907278355E-01    1.9843688811E-01   -2.7720183692E+00    6.9077407166E-02
    9.1199800000E-03    8.3921913005E-01    1.8259276312E-01   -2.8365009249E+00    6.9111485816E-02
    9.1599800000E-03    8.4029016289E-01    1.6836865706E-01   -2.8941780083E+00    6.9147183331E-02
    9.1999800000E-03    8.4195558406E-01    1.5595163897E-01   -2.9445361076E+00    6.9184430695E-02
    9.2399800000E-03    8.4390024735E-01    1.4547283460E-01   -2.9871571416E+00    6.9223110609E-02
    9.2799800000E-03    8.4584067306E-01    1.3701644883E-01   -3.0217118460E+00    6.9263038957E-02
    9.3199800000E-03    8.4753734976E-01    1.3063101837E-01   -3.0479504039E+00    6.9303978387E-02
    9.3599800000E-03    8.4880310706E-01    1.2634084187E-01   -3.0656931011E+00    6.9345661879E-02
    9.3999800000E-03    8.4950837642E-01    1.2415591961E-01   -3.0748228169E+00    6.9387811257E-02
    9.4399800000E-03    8.4958420471E-01    1.2407926528E-01   -3.0752799945E+00    6.9430145903E-02
    9.4799800000E-03    8.4902365864E-01    1.2611090765E-01   -3.0670600636E+00    6.9472383785E-02
    9.5199800000E-03    8.4788192777E-01    1.3024825396E-01   -3.0502131465E+00    6.9514239532E-02
    9.5599800000E-03    8.4627519855E-01    1.3648279307E-01   -3.0248460347E+00    6.9555424981E-02
    9.5999800000E-03    8.4437802802E-01    1.4479341093E-01   -2.9911266202E+00    6.9595657249E-02
    9.6399800000E-03    8.4241867361E-01    1.5513692197E-01   -2.9492909209E+00    6.9634677216E-02
    9.6799800000E-03    8.4067160605E-01    1.6743683443E-01   -2.8996522781E+00    6.9672275037E-02
    9.7199800000E-03    8.3944637058E-01    1.8157187242E-01   -2.8426111867E+00    6.9708308808E-02
    9.7599800000E-03    8.3907228126E-01    1.9736621798E-01   -2.7786630537E+00    6.9742693689E-02
    9.7999800000E-03    8.3987925101E-01    2.1458344866E-01   -2.7084011613E+00    6.9775343998E-02
    9.8399800000E-03    8.4217607040E-01    2.3292542228E-01   -2.6325141610E+00    6.9806078491E-02
    9.8799800000E-03    8.4622819416E-01    2.5203614996E-01   -2.5517805603E+00    6.9834535923E-02
    9.9199800000E-03    8.5223691004E-01    2.7150997910E-01   -2.4670637439E+00    6.9860157198E-02
    9.9599800000E-03    8.6032102119E-01    2.9090393809E-01   -2.3793078647E+00    6.9882247591E-02
    9.9999800000E-03    8.7050198883E-01    3.0975513427E-01   -2.2895300581E+00    6.9900067528E-02
    1.0039980000E-02    8.8269418729E-01    3.2760390348E-01   -2.1988036571E+00    6.9912880674E-02
    1.0079980000E-02    8.9670251309E-01    3.4402147740E-01   -2.1082321080E+00    6.9919940192E-02
    1.0119980000E-02    9.1222898478E-01    3.5863888674E-01   -2.0189187986E+00    6.9920463325E-02
    1.0159980000E-02    9.2888835146E-01    3.7117333278E-01   -1.9319387499E+00    6.9913656679E-02
    1.0199980000E-02    9.4623101150E-01    3.8144908893E-01   -1.8483157149E+00    6.9898803055E-02
    1.0239980000E-02    9.6377023513E-01    3.8941094050E-01   -1.7690071305E+00    6.9875363911E-02
    1.0279980000E-02    9.8101001276E-01    3.9512888590E-01   -1.6948993304E+00    6.9843043452E-02
    1.0319980000E-02    9.9747022687E-01    3.9879355796E-01   -1.6268127197E+00    6.9801802169E-02
    1.0359980000E-02    1.0127072866E+00    4.0070235652E-01   -1.5655110591E+00    6.9751853024E-02
    1.0399980000E-02    1.0263298413E+00    4.0123632329E-01   -1.5117055857E+00    6.9693675117E-02
    1.0439980000E-02    1.0380095722E+00    4.0082797432E-01   -1.4660476402E+00    6.9628041151E-02
    1.0479980000E-02    1.0474865138E+00    3.9992169669E-01   -1.4291109118E+00    6.9556024497E-02
    1.0519980000E-02    1.0545681595E+00    3.9893086083E-01   -1.4013702291E+00    6.9478961995E-02
    1.0559980000E-02    1.0591232041E+00    3.9819704330E-01   -1.3831841850E+00    6.9398381835E-02
    1.0599980000E-02    1.0610725274E+00    3.9795649264E-01   -1.3747848590E+00    6.9315924659E-02
    1.0639980000E-02    1.0603808546E+00    3.9831750220E-01   -1.3762736059E+00    6.9233279271E-02
    1.0679980000E-02    1.0570524610E+00    3.9925006886E-01   -1.3876202533E+00    6.9152135160E-02
    1.0719980000E-02    1.0511322870E+00    4.0058867871E-01   -1.4086638317E+00    6.9074139121E-02
    1.0759980000E-02    1.0427120769E+00    4.0204802677E-01   -1.4391152910E+00    6.9000840388E-02
    1.0799980000E-02    1.0319394412E+00    4.0325044492E-01   -1.4785645840E+00    6.8933617564E-02
    1.0839980000E-02    1.0190259164E+00    4.0376319561E-01   -1.5264942584E+00    6.8873599226E-02
    1.0879980000E-02    1.0042510434E+00    4.0314083079E-01   -1.5822991578E+00    6.8821606103E-02
    1.0919980000E-02    9.8796074156E-01    4.0096691211E-01   -1.6453074124E+00    6.8778138088E-02
    1.0959980000E-02    9.7055995324E-01    3.9689004941E-01   -1.7147953262E+00    6.8743401474E-02
    1.0999980000E-02    9.5250050779E-01    3.9065127403E-01   -1.7899911748E+00    6.8717344202E-02
    1.1039980000E-02    9.3426471909E-01    3.8210218712E-01   -1.8700693262E+00    6.8699672523E-02
    1.1079980000E-02    9.1634458037E-01    3.7121455000E-01   -1.9541415677E+00    6.8689858297E-02
    1.1119980000E-02    8.9921707776E-01    3.5808179776E-01   -2.0412529559E+00    6.8687170959E-02
    1.1159980000E-02    8.8331742538E-01    3.4291269175E-01   -2.1303858395E+00    6.8690752808E-02
    1.1199980000E-02    8.6901317689E-01    3.2601725577E-01   -2.2204725956E+00    6.8699715865E-02
    1.1239980000E-02    8.5658265481E-01    3.0778540087E-01   -2.3104172545E+00    6.8713211741E-02
    1.1279980000E-02    8.4620077291E-01    2.8865971106E-01   -2.3991254697E+00    6.8730441572E-02
    1.1319980000E-02    8.3793414332E-01    2.6910578355E-01   -2.4855379744E+00    6.8750626601E-02
    1.1359980000E-02    8.3174533670E-01    2.4958495790E-01   -2.5686580683E+00    6.8773003543E-02
    1.1399980000E-02    8.2750404784E-01    2.3053329207E-01   -2.6475657708E+00    6.8796888248E-02
    1.1439980000E-02    8.2500227070E-01    2.1234740339E-01   -2.7214202098E+00    6.8821778508E-02
    1.1479980000E-02    8.2397178121E-01    1.9537511793E-01   -2.7894588941E+00    6.8847418370E-02
    1.1519980000E-02    8.2410363594E-01    1.7990898418E-01   -2.8510009774E+00    6.8873771932E-02
    1.1559980000E-02    8.2506938947E-01    1.6618265613E-01   -2.9054544698E+00    6.8900922917E-02
    1.1599980000E-02    8.2654259136E-01    1.5437139249E-01   -2.9523223652E+00    6.8928960666E-02
    1.1639980000E-02    8.2821835458E-01    1.4459732206E-01   -2.9912033277E+00    6.8957904780E-02
    1.1679980000E-02    8.2982921482E-01    1.3693859935E-01   -3.0217863978E+00    6.8987682901E-02
    1.1719980000E-02    8.3115666501E-01    1.3144047517E-01   -3.0438421885E+00    6.9018145526E-02
    1.1759980000E-02    8.3203878043E-01    1.2812612969E-01   -3.0572136784E+00    6.9049093613E-02
    1.1799980000E-02    8.3237481308E-01    1.2700555683E-01   -3.0618087714E+00    6.9080302394E-02
    1.1839980000E-02    8.3212759676E-01    1.2808138924E-01   -3.0575955960E+00    6.9111536104E-02
    1.1879980000E-02    8.3132434550E-01    1.3135106917E-01   -3.0446007832E+00    6.9142556281E-02
    1.1919980000E-02    8.3005604620E-01    1.3680517214E-01   -3.0229107418E+00    6.9173129965E-02
    1.1959980000E-02    8.2847529064E-01    1.4442204333E-01   -2.9926759362E+00    6.9203044266E-02
    1.1999980000E-02    8.2679205492E-01    1.5415929414E-01   -2.9541179948E+00    6.9232130576E-02
    1.2039980000E-02    8.2526664173E-01    1.6594319231E-01   -2.9075388014E+00    6.9260293935E-02
    1.2079980000E-02    8.2419891129E-01    1.7965755535E-01   -2.8533295507E+00    6.9287531684E-02
    1.2119980000E-02    8.2391325795E-01    1.9513422144E-01   -2.7919767022E+00    6.9313916705E-02
    1.2159980000E-02    8.2473965864E-01    2.1214710721E-01   -2.7240621530E+00    6.9339526948E-02
    1.2199980000E-02    8.2699222512E-01    2.3041093676E-01   -2.6502577159E+00    6.9364332679E-02
    1.2239980000E-02    8.3094729173E-01    2.4958430378E-01   -2.5713178607E+00    6.9388092788E-02
    1.2279980000E-02    8.3682266817E-01    2.6927601549E-01   -2.4880758420E+00    6.9410324214E-02
    1.2319980000E-02    8.4475886613E-01    2.8905460034E-01   -2.4014438939E+00    6.9430366218E-02
    1.2359980000E-02    8.5480313543E-01    3.0846255080E-01   -2.3124110636E+00    6.9447488930E-02
    1.2399980000E-02    8.6689825614E-01    3.2703700747E-01   -2.2220301069E+00    6.9460963233E-02
    1.2439980000E-02    8.8087869565E-01    3.4433624193E-01   -2.1313912441E+00    6.9470056125E-02
    1.2479980000E-02    8.9647575300E-01    3.5996844228E-01   -2.0415893118E+00    6.9473994799E-02
    1.2519980000E-02    9.1333135948E-01    3.7361846416E-01   -1.9536932878E+00    6.9471969602E-02
    1.2559980000E-02    9.3101868425E-01    3.8506942442E-01   -1.8687231554E+00    6.9463201003E-02
    1.2599980000E-02    9.4906691458E-01    3.9421751581E-01   -1.7876352870E+00    6.9447035993E-02
    1.2639980000E-02    9.6698722007E-01    4.0107922737E-01   -1.7113170200E+00    6.9423021384E-02
    1.2679980000E-02    9.8429713173E-01    4.0579052160E-01   -1.6405904433E+00    6.9390930857E-02
    1.2719980000E-02    1.0005415705E+00    4.0859769681E-01   -1.5762217467E+00    6.9350765719E-02
    1.2759980000E-02    1.0153098995E+00    4.0983962540E-01   -1.5189283867E+00    6.9302765463E-02
    1.2799980000E-02    1.0282487361E+00    4.0992114307E-01   -1.4693766070E+00    6.9247439507E-02
    1.2839980000E-02    1.0390699411E+00    4.0927816406E-01   -1.4281675173E+00    6.9185595137E-02
    1.2879980000E-02    1.0475527748E+00    4.0833724724E-01   -1.3958165961E+00    6.9118328784E-02
    1.2919980000E-02    1.0535400602E+00    4.0747443649E-01   -1.3727341277E+00    6.9046973164E-02
    1.2959980000E-02    1.0569301193E+00    4.0697866287E-01   -1.3592117437E+00    6.8973020808E-02
    1.2999980000E-02    1.0576676574E+00    4.0702400857E-01   -1.3554158171E+00    6.8898050188E-02
    1.3039980000E-02    1.0557367876E+00    4.0765366359E-01   -1.3613854118E+00    6.8823667348E-02
    1.3079980000E-02    1.0511590710E+00    4.0877597958E-01   -1.3770324063E+00    6.8751458555E-02
    1.3119980000E-02    1.0439970788E+00    4.1017295589E-01   -1.4021429077E+00    6.8682939998E-02
    1.3159980000E-02    1.0343620246E+00    4.1152088811E-01   -1.4363812693E+00    6.8619493299E-02
    1.3199980000E-02    1.0224230074E+00    4.1242119370E-01   -1.4792994071E+00    6.8562288343E-02
    1.3239980000E-02    1.0084141505E+00    4.1243866169E-01   -1.5303528437E+00    6.8512212260E-02
    1.3279980000E-02    9.9263671346E-01    4.1114252836E-01   -1.5889214221E+00    6.8469832254E-02
    1.3319980000E-02    9.7545513345E-01    4.0814496144E-01   -1.6543287080E+00    6.8435405770E-02
    1.3359980000E-02    9.5728757261E-01    4.0313272387E-01   -1.7258531861E+00    6.8408921293E-02
    1.3399980000E-02    9.3859220070E-01    3.9589000628E-01   -1.8027283078E+00    6.8390135876E-02
    1.3439980000E-02    9.1985001021E-01    3.8631243641E-01   -1.8841346995E+00    6.8378591876E-02
    1.3479980000E-02    9.0154437393E-01    3.7441319242E-01   -1.9691915096E+00    6.8373628544E-02
    1.3519980000E-02    8.8413772597E-01    3.6032204388E-01   -2.0569526920E+00    6.8374419123E-02
    1.3559980000E-02    8.6804679380E-01    3.4427757255E-01   -2.1464106629E+00    6.8380047090E-02
    1.3599980000E-02    8.5361880801E-01    3.2661242254E-01   -2.2365083628E+00    6.8389599868E-02
    1.3639980000E-02    8.4111159075E-01    3.0773157074E-01   -2.3261615175E+00    6.8402232318E-02
    1.3679980000E-02    8.3068038734E-01    2.8808490361E-01   -2.4142911478E+00    6.8417166731E-02
    1.3719980000E-02    8.2237358235E-01    2.6813781548E-01   -2.4998596018E+00    6.8433654352E-02
    1.3759980000E-02    8.1613760258E-01    2.4834522988E-01   -2.5818977134E+00    6.8450970391E-02
    1.3799980000E-02    8.1182892578E-01    2.2913302776E-01   -2.6595147352E+00    6.8468486982E-02
    1.3839980000E-02    8.0922999948E-01    2.1088685707E-01   -2.7318947388E+00    6.8485787006E-02
    1.3879980000E-02    8.0806701602E-01    1.9394525397E-01   -2.7982914822E+00    6.8502732922E-02
    1.3919980000E-02    8.0802923673E-01    1.7859445760E-01   -2.8580308425E+00    6.8519435931E-02
    1.3959980000E-02    8.0878984672E-01    1.6506491705E-01   -2.9105204766E+00    6.8536143478E-02
    1.3999980000E-02    8.1002717389E-01    1.5353119431E-01   -2.9552599554E+00    6.8553109457E-02
    1.4039980000E-02    8.1144414118E-01    1.4411642369E-01   -2.9918452212E+00    6.8570503948E-02
    1.4079980000E-02    8.1278408923E-01    1.3690073800E-01   -3.0199658197E+00    6.8588380929E-02
    1.4119980000E-02    8.1384224200E-01    1.3193171042E-01   -3.0393972580E+00    6.8606689728E-02
    1.4159980000E-02    8.1447317488E-01    1.2923453715E-01   -3.0499920544E+00    6.8625305493E-02
    1.4199980000E-02    8.1459516354E-01    1.2882011417E-01   -3.0516722801E+00    6.8644060461E-02
    1.4239980000E-02    8.1419226907E-01    1.3068982537E-01   -3.0444251176E+00    6.8662769319E-02
    1.4279980000E-02    8.1331469317E-01    1.3483645888E-01   -3.0283020222E+00    6.8681250738E-02
    1.4319980000E-02    8.1207751110E-01    1.4124115854E-01   -3.0034215708E+00    6.8699350870E-02
    1.4359980000E-02    8.1065745453E-01    1.4986677924E-01   -2.9699756724E+00    6.8716973105E-02
    1.4399980000E-02    8.0928703667E-01    1.6064855211E-01   -2.9282380782E+00    6.8734111598E-02
    1.4439980000E-02    8.0824512009E-01    1.7348360143E-01   -2.8785729436E+00    6.8750874927E-02
    1.4479980000E-02    8.0784324775E-01    1.8822141905E-01   -2.8214400426E+00    6.8767476114E-02
    1.4519980000E-02    8.0840786348E-01    2.0465746157E-01   -2.7573934458E+00    6.8784167227E-02
    1.4559980000E-02    8.1025968539E-01    2.2253114942E-01   -2.6870733049E+00    6.8801121334E-02
    1.4599980000E-02    8.1369224146E-01    2.4152789540E-01   -2.6111951702E+00    6.8818305217E-02
    1.4639980000E-02    8.1895122317E-01    2.6128360615E-01   -2.5305441303E+00    6.8835411812E-02
    1.4679980000E-02    8.2621525212E-01    2.8139083669E-01   -2.4459774975E+00    6.8851896216E-02
    1.4719980000E-02    8.3557839421E-01    3.0140817656E-01   -2.3584305224E+00    6.8867087703E-02
    1.4759980000E-02    8.4703608956E-01    3.2087591968E-01   -2.2689129463E+00    6.8880291681E-02
    1.4799980000E-02    8.6047762284E-01    3.3933927330E-01   -2.1784882659E+00    6.8890813245E-02
    1.4839980000E-02    8.7568765457E-01    3.5637643226E-01   -2.0882396984E+00    6.8897917130E-02
    1.4879980000E-02    8.9235680677E-01    3.7162646196E-01   -1.9992349637E+00    6.8900799846E-02
    1.4919980000E-02    9.1009914432E-01    3.8481282659E-01   -1.9124993616E+00    6.8898627092E-02
    1.4959980000E-02    9.2847387809E-01    3.9576070633E-01   -1.8289992391E+00    6.8890621336E-02
    1.4999980000E-02    9.4700891647E-01    4.0440764984E-01   -1.7496344343E+00    6.8876146997E-02
    1.5039980000E-02    9.6522416419E-01    4.1080735531E-01   -1.6752388634E+00    6.8854756790E-02
    1.5079980000E-02    9.8265289793E-01    4.1512626658E-01   -1.6065878994E+00    6.8826202307E-02
    1.5119980000E-02    9.9886028620E-01    4.1763254385E-01   -1.5444078575E+00    6.8790439068E-02
    1.5159980000E-02    1.0134586300E+00    4.1867685927E-01   -1.4893803325E+00    6.8747651759E-02
    1.5199980000E-02    1.0261187028E+00    4.1866480707E-01   -1.4421360841E+00    6.8698295181E-02
    1.5239980000E-02    1.0365760090E+00    4.1802210898E-01   -1.4032389720E+00    6.8643120420E-02
    1.5279980000E-02    1.0446311977E+00    4.1715556638E-01   -1.3731657721E+00    6.8583159765E-02
    1.5319980000E-02    1.0501449863E+00    4.1641443665E-01   -1.3522886351E+00    6.8519670653E-02
    1.5359980000E-02    1.0530295456E+00    4.1605728850E-01   -1.3408638574E+00    6.8454060749E-02
    1.5399980000E-02    1.0532396405E+00    4.1622795225E-01   -1.3390267591E+00    6.8387817069E-02
    1.5439980000E-02    1.0507668029E+00    4.1694240064E-01   -1.3467903440E+00    6.8322447998E-02
    1.5479980000E-02    1.0456385239E+00    4.1808729950E-01   -1.3640456398E+00    6.8259432341E-02
    1.5519980000E-02    1.0379226732E+00    4.1943031992E-01   -1.3905633807E+00    6.8200163321E-02
    1.5559980000E-02    1.0277357316E+00    4.2064146696E-01   -1.4259987052E+00    6.8145879451E-02
    1.5599980000E-02    1.0152518129E+00    4.2132395186E-01   -1.4699012441E+00    6.8097587514E-02
    1.5639980000E-02    1.0007090697E+00    4.2105150156E-01   -1.5217315497E+00    6.8055998486E-02
    1.5679980000E-02    9.8441092968E-01    4.1940749824E-01   -1.5808813217E+00    6.8021501705E-02
    1.5719980000E-02    9.6672131893E-01    4.1602101010E-01   -1.6466914466E+00    6.7994186330E-02
    1.5759980000E-02    9.4805469996E-01    4.1059594042E-01   -1.7184616462E+00    6.7973890845E-02
    1.5799980000E-02    9.2886244808E-01    4.0293161518E-01   -1.7954496014E+00    6.7960247291E-02
    1.5839980000E-02    9.0961653438E-01    3.9293509579E-01   -1.8768630086E+00    6.7952701969E-02
    1.5879980000E-02    8.9079073586E-01    3.8062633077E-01   -1.9618508792E+00    6.7950523839E-02
    1.5919980000E-02    8.7283958386E-01    3.6613706526E-01   -2.0494989226E+00    6.7952830339E-02
    1.5959980000E-02    8.5617595073E-01    3.4970384532E-01   -2.1388308309E+00    6.7958654017E-02
    1.5999980000E-02    8.4114883996E-01    3.3165487405E-01   -2.2288168514E+00    6.7967040993E-02
    1.6039980000E-02    8.2802341090E-01    3.1239018098E-01   -2.3183931473E+00    6.7977132014E-02
    1.6079980000E-02    8.1696600536E-01    2.9235548167E-01   -2.4064942351E+00    6.7988174803E-02
    1.6119980000E-02    8.0803741368E-01    2.7201290307E-01   -2.4920922700E+00    6.7999477268E-02
    1.6159980000E-02    8.0119614255E-01    2.5181454566E-01   -2.5742280964E+00    6.8010378170E-02
    1.6199980000E-02    7.9631007434E-01    2.3218411436E-01   -2.6520217620E+00    6.8020299939E-02
    1.6239980000E-02    7.9317256437E-01    2.1350719294E-01   -2.7246647712E+00    6.8028863316E-02
    1.6279980000E-02    7.9151990027E-01    1.9612636621E-01   -2.7914087132E+00    6.8035977631E-02
    1.6319980000E-02    7.9104959141E-01    1.8033717644E-01   -2.8515637444E+00    6.8041835948E-02
    1.6359980000E-02    7.9144010841E-01    1.6638405627E-01   -2.9045092050E+00    6.8046814162E-02
    1.6399980000E-02    7.9237167411E-01    1.5445820110E-01   -2.9497089205E+00    6.8051330982E-02
    1.6439980000E-02    7.9354622177E-01    1.4469951983E-01   -2.9867222368E+00    6.8055733114E-02
    1.6479980000E-02    7.9470433903E-01    1.3720299171E-01   -3.0152065854E+00    6.8060238246E-02
    1.6519980000E-02    7.9563796209E-01    1.3202787053E-01   -3.0349127817E+00    6.8064931747E-02
    1.6559980000E-02    7.9619882316E-01    1.2920736505E-01   -3.0456769208E+00    6.8069794828E-02
    1.6599980000E-02    7.9630341628E-01    1.2875663942E-01   -3.0474126386E+00    6.8074743057E-02
    1.6639980000E-02    7.9593537611E-01    1.3067766127E-01   -3.0401062029E+00    6.8079664317E-02
    1.6679980000E-02    7.9514587113E-01    1.3496014752E-01   -3.0238155813E+00    6.8084454820E-02
    1.6719980000E-02    7.9405213853E-01    1.4157848666E-01   -2.9986736653E+00    6.8089056279E-02
    1.6759980000E-02    7.9283378874E-01    1.5048511766E-01   -2.9648949373E+00    6.8093495441E-02
    1.6799980000E-02    7.9172611352E-01    1.6160151428E-01   -2.9227837005E+00    6.8097919463E-02
    1.6839980000E-02    7.9100952839E-01    1.7480863422E-01   -2.8727405862E+00    6.8102609746E-02
    1.6879980000E-02    7.9099469619E-01    1.8993915302E-01   -2.8152632676E+00    6.8107950421E-02
    1.6919980000E-02    7.9200387473E-01    2.0677348531E-01   -2.7509387008E+00    6.8114337132E-02
    1.6959980000E-02    7.9435016645E-01    2.2504016412E-01   -2.6804286905E+00    6.8122042563E-02
    1.6999980000E-02    7.9831673709E-01    2.4441918855E-01   -2.6044562372E+00    6.8131093414E-02
    1.7039980000E-02    8.0413722350E-01    2.6454613731E-01   -2.5238017807E+00    6.8141225732E-02
    1.7079980000E-02    8.1197734980E-01    2.8501657018E-01   -2.4393117993E+00    6.8151945957E-02
    1.7119980000E-02    8.2191796103E-01    3.0539349619E-01   -2.3519102153E+00    6.8162651408E-02
    1.7159980000E-02    8.3394163154E-01    3.2522206840E-01   -2.2625965539E+00    6.8172718209E-02
    1.7199980000E-02    8.4792650758E-01    3.4405283748E-01   -2.1724222368E+00    6.8181500153E-02
    1.7239980000E-02    8.6364976124E-01    3.6146997019E-01   -2.0824522080E+00    6.8188273384E-02
    1.7279980000E-02    8.8079980886E-01    3.7711843442E-01   -1.9937278528E+00    6.8192213507E-02
    1.7319980000E-02    8.9899429293E-01    3.9072586909E-01   -1.9072419282E+00    6.8192449519E-02
    1.7359980000E-02    9.1780090097E-01    4.0211792476E-01   -1.8239259265E+00    6.8188161168E-02
    1.7399980000E-02    9.3675899037E-01    4.1122741325E-01   -1.7446459618E+00    6.8178658960E-02
    1.7439980000E-02    9.5540054104E-01    4.1809755482E-01   -1.6702049482E+00    6.8163418417E-02
    1.7479980000E-02    9.7326938831E-01    4.2287913276E-01   -1.6013499146E+00    6.8142083333E-02
    1.7519980000E-02    9.8993824684E-01    4.2582098010E-01   -1.5387810236E+00    6.8114471177E-02
    1.7559980000E-02    1.0050232785E+00    4.2725300580E-01   -1.4831563312E+00    6.8080602832E-02
    1.7599980000E-02    1.0181955369E+00    4.2756127787E-01   -1.4350873599E+00    6.8040750655E-02
    1.7639980000E-02    1.0291879746E+00    4.2715596237E-01   -1.3951252329E+00    6.7995475561E-02
    1.7679980000E-02    1.0377968162E+00    4.2643484179E-01   -1.3637419981E+00    6.7945625478E-02
    1.7719980000E-02    1.0438773690E+00    4.2574664451E-01   -1.3413133446E+00    6.7892290766E-02
    1.7759980000E-02    1.0473360247E+00    4.2535876847E-01   -1.3281067183E+00    6.7836734438E-02
    1.7799980000E-02    1.0481214596E+00    4.2543295272E-01   -1.3242753194E+00    6.7780319701E-02
    1.7839980000E-02    1.0462181875E+00    4.2601088871E-01   -1.3298561530E+00    6.7724446716E-02
    1.7879980000E-02    1.0416446901E+00    4.2701051860E-01   -1.3447701169E+00    6.7670496724E-02
    1.7919980000E-02    1.0344566665E+00    4.2823323306E-01   -1.3688234265E+00    6.7619774152E-02
    1.7959980000E-02    1.0247543258E+00    4.2938156519E-01   -1.4017114779E+00    6.7573438876E-02
    1.7999980000E-02    1.0126911975E+00    4.3008620146E-01   -1.4430272195E+00    6.7532431404E-02
    1.8039980000E-02    9.9848122656E-01    4.2993984657E-01   -1.4922752857E+00    6.7497407542E-02
    1.8079980000E-02    9.8240144281E-01    4.2853397461E-01   -1.5488904459E+00    6.7468705928E-02
    1.8119980000E-02    9.6478898951E-01    4.2549382602E-01   -1.6122557023E+00    6.7446361591E-02
    1.8159980000E-02    9.4603297022E-01    4.2050779161E-01   -1.6817142044E+00    6.7430155046E-02
    1.8199980000E-02    9.2656249631E-01    4.1334920387E-01   -1.7565716051E+00    6.7419667834E-02
    1.8239980000E-02    9.0683225099E-01    4.0389039827E-01   -1.8360902416E+00    6.7414318011E-02
    1.8279980000E-02    8.8730616748E-01    3.9210996666E-01   -1.9194800860E+00    6.7413370122E-02
    1.8319980000E-02    8.6843917457E-01    3.7809428869E-01   -2.0058913335E+00    6.7415940048E-02
    1.8359980000E-02    8.5065719247E-01    3.6203388675E-01   -2.0944109880E+00    6.7421030531E-02
    1.8399980000E-02    8.3433628941E-01    3.4421439858E-01   -2.1840647700E+00    6.7427619163E-02
    1.8439980000E-02    8.1978254312E-01    3.2500125944E-01   -2.2738282419E+00    6.7434770899E-02
    1.8479980000E-02    8.0721469076E-01    3.0481733043E-01   -2.3626527715E+00    6.7441704430E-02
    1.8519980000E-02    7.9675239284E-01    2.8411493096E-01   -2.4495055222E+00    6.7447770336E-02
    1.8559980000E-02    7.8841297101E-01    2.6334747305E-01   -2.5334098454E+00    6.7452386916E-02
    1.8599980000E-02    7.8211745958E-01    2.4294753310E-01   -2.6134671984E+00    6.7455025788E-02
    1.8639980000E-02    7.7770368437E-01    2.2331486602E-01   -2.6888533181E+00    6.7455285814E-02
    1.8679980000E-02    7.7494265862E-01    2.0481196817E-01   -2.7588001307E+00    6.7453003396E-02
    1.8719980000E-02    7.7355609245E-01    1.8776171291E-01   -2.8225829487E+00    6.7448312208E-02
    1.8759980000E-02    7.7323499928E-01    1.7244352077E-01   -2.8795243924E+00    6.7441604917E-02
    1.8799980000E-02    7.7365976693E-01    1.5908867289E-01   -2.9290121570E+00    6.7433415799E-02
    1.8839980000E-02    7.7452076912E-01    1.4787774755E-01   -2.9705194886E+00    6.7424283501E-02
    1.8879980000E-02    7.7553741180E-01    1.3894245105E-01   -3.0036186433E+00    6.7414648716E-02
    1.8919980000E-02    7.7647368704E-01    1.3237181440E-01   -3.0279841212E+00    6.7404809474E-02
    1.8959980000E-02    7.7714941790E-01    1.2822084987E-01   -3.0433881200E+00    6.7394926212E-02
    1.8999980000E-02    7.7744744500E-01    1.2651915328E-01   -3.0496928643E+00    6.7385055810E-02
    1.9039980000E-02    7.7731756903E-01    1.2727733223E-01   -3.0468439219E+00    6.7375196639E-02
    1.9079980000E-02    7.7677803032E-01    1.3048993049E-01   -3.0348670356E+00    6.7365335661E-02
    1.9119980000E-02    7.7591490619E-01    1.3613432410E-01   -3.0138694300E+00    6.7355495637E-02
    1.9159980000E-02    7.7487927013E-01    1.4416581259E-01   -2.9840451824E+00    6.7345781807E-02
    1.9199980000E-02    7.7388147455E-01    1.5450989913E-01   -2.9456827742E+00    6.7336422347E-02
    1.9239980000E-02    7.7318169904E-01    1.6705356030E-01   -2.8991712903E+00    6.7327788030E-02
    1.9279980000E-02    7.7307619974E-01    1.8163791046E-01   -2.8450005957E+00    6.7320370040E-02
    1.9319980000E-02    7.7387962000E-01    1.9805452859E-01   -2.7837517564E+00    6.7314700943E-02
    1.9359980000E-02    7.7590493713E-01    2.1604634428E-01   -2.7160783772E+00    6.7311228486E-02
    1.9399980000E-02    7.7944323130E-01    2.3531170025E-01   -2.6426862956E+00    6.7310186482E-02
    1.9439980000E-02    7.8474471674E-01    2.5550864089E-01   -2.5643232949E+00    6.7311525089E-02
    1.9479980000E-02    7.9200091574E-01    2.7625758206E-01   -2.4817861664E+00    6.7314939166E-02
    1.9519980000E-02    8.0132739646E-01    2.9714429470E-01   -2.3959392930E+00    6.7319971931E-02
    1.9559980000E-02    8.1274836887E-01    3.1772841049E-01   -2.3077265203E+00    6.7326114300E-02
    1.9599980000E-02    8.2618699419E-01    3.3756154384E-01   -2.2181593308E+00    6.7332824292E-02
    1.9639980000E-02    8.4146521233E-01    3.5621365232E-01   -2.1282809557E+00    6.7339468430E-02
    1.9679980000E-02    8.5831350466E-01    3.7330133462E-01   -2.0391230835E+00    6.7345268427E-02
    1.9719980000E-02    8.7638747801E-01    3.8851175135E-01   -1.9516732220E+00    6.7349330374E-02
    1.9759980000E-02    8.9528738751E-01    4.0161956574E-01   -1.8668585425E+00    6.7350747514E-02
    1.9799980000E-02    9.1457803471E-01    4.1249745398E-01   -1.7855414195E+00    6.7348703935E-02
    1.9839980000E-02    9.3380781651E-01    4.2112135975E-01   -1.7085209540E+00    6.7342525202E-02
    1.9879980000E-02    9.5252642018E-01    4.2757085120E-01   -1.6365383987E+00    6.7331680472E-02
    1.9919980000E-02    9.7030105377E-01    4.3202411761E-01   -1.5702853535E+00    6.7315774871E-02
    1.9959980000E-02    9.8673116952E-01    4.3474675664E-01   -1.5104113262E+00    6.7294565015E-02
    1.9999980000E-02    1.0014612321E+00    4.3607355880E-01   -1.4575257069E+00    6.7268004091E-02
    2.0039980000E-02    1.0141904212E+00    4.3638315735E-01   -1.4121910706E+00    6.7236296695E-02
    2.0079980000E-02    1.0246778284E+00    4.3606679376E-01   -1.3749089801E+00    6.7199932651E-02
    2.0119980000E-02    1.0327422510E+00    4.3549412559E-01   -1.3461029329E+00    6.7159679409E-02
    2.0159980000E-02    1.0382570687E+00    4.3498009275E-01   -1.3261035280E+00    6.7116535009E-02
    2.0199980000E-02    1.0411422363E+00    4.3475674933E-01   -1.3151386494E+00    6.7071659949E-02
    2.0239980000E-02    1.0413563083E+00    4.3495287466E-01   -1.3133286230E+00    6.7026306930E-02
    2.0279980000E-02    1.0388912042E+00    4.3558290531E-01   -1.3206847011E+00    6.6981757119E-02
    2.0319980000E-02    1.0337714475E+00    4.3654570346E-01   -1.3371093953E+00    6.6939260420E-02
    2.0359980000E-02    1.0260581119E+00    4.3763315446E-01   -1.3623984415E+00    6.6899972227E-02
    2.0399980000E-02    1.0158561626E+00    4.3854814584E-01   -1.3962455644E+00    6.6864882325E-02
    2.0439980000E-02    1.0033226812E+00    4.3893069141E-01   -1.4382516998E+00    6.6834741972E-02
    2.0479980000E-02    9.8867302239E-01    4.3838976110E-01   -1.4879392048E+00    6.6810006990E-02
    2.0519980000E-02    9.7218255483E-01    4.3653718296E-01   -1.5447690086E+00    6.6790818286E-02
    2.0559980000E-02    9.5418309445E-01    4.3301955049E-01   -1.6081561419E+00    6.6777029315E-02
    2.0599980000E-02    9.3505469227E-01    4.2754484961E-01   -1.6774787655E+00    6.6768267389E-02
    2.0639980000E-02    9.1521423071E-01    4.1990216805E-01   -1.7520785867E+00    6.6763998020E-02
    2.0679980000E-02    8.9510207631E-01    4.0997442532E-01   -1.8312547963E+00    6.6763561595E-02
    2.0719980000E-02    8.7516729332E-01    3.9774492032E-01   -1.9142562370E+00    6.6766171560E-02
    2.0759980000E-02    8.5585149070E-01    3.8329862717E-01   -2.0002754304E+00    6.6770896987E-02
    2.0799980000E-02    8.3757151239E-01    3.6681898643E-01   -2.0884449075E+00    6.6776680832E-02
    2.0839980000E-02    8.2070130814E-01    3.4858044276E-01   -2.1778357360E+00    6.6782433214E-02
    2.0879980000E-02    8.0555317265E-01    3.2893584091E-01   -2.2674629036E+00    6.6787172928E-02
    2.0919980000E-02    7.9235922291E-01    3.0829688632E-01   -2.3563066330E+00    6.6790127170E-02
    2.0959980000E-02    7.8125631126E-01    2.8710761666E-01   -2.4433524158E+00    6.6790723609E-02
    2.0999980000E-02    7.7227932761E-01    2.6581561601E-01   -2.5276360704E+00    6.6788510772E-02
    2.1039980000E-02    7.6536568686E-01    2.4484906070E-01   -2.6082705399E+00    6.6783106754E-02
    2.1079980000E-02    7.6036867770E-01    2.2460485563E-01   -2.6844423537E+00    6.6774233632E-02
    2.1119980000E-02    7.5707436099E-01    2.0544596393E-01   -2.7553883880E+00    6.6761806178E-02
    2.1159980000E-02    7.5521842808E-01    1.8770131870E-01   -2.8203760324E+00    6.6745999509E-02
    2.1199980000E-02    7.5450301455E-01    1.7166309991E-01   -2.8787030136E+00    6.6727241640E-02
    2.1239980000E-02    7.5461493672E-01    1.5758108912E-01   -2.9297165919E+00    6.6706128758E-02
    2.1279980000E-02    7.5524549393E-01    1.4565746298E-01   -2.9728401231E+00    6.6683303270E-02
    2.1319980000E-02    7.5611002514E-01    1.3604546148E-01   -3.0075942286E+00    6.6659345262E-02
    2.1359980000E-02    7.5696480985E-01    1.2885299482E-01   -3.0336064574E+00    6.6634709645E-02
    2.1399980000E-02    7.5761979707E-01    1.2414978481E-01   -3.0506105256E+00    6.6609713526E-02
    2.1439980000E-02    7.5794698789E-01    1.2197546716E-01   -3.0584399782E+00    6.6584560120E-02
    2.1479980000E-02    7.5788517062E-01    1.2234620539E-01   -3.0570213352E+00    6.6559381912E-02
    2.1519980000E-02    7.5744186819E-01    1.2525814879E-01   -3.0463701996E+00    6.6534291047E-02
    2.1559980000E-02    7.5669300413E-01    1.3068698482E-01   -3.0265918711E+00    6.6509431064E-02
    2.1599980000E-02    7.5578021800E-01    1.3858371648E-01   -2.9978861858E+00    6.6485026005E-02
    2.1639980000E-02    7.5490521788E-01    1.4886767764E-01   -2.9605544573E+00    6.6461419468E-02
    2.1679980000E-02    7.5432029499E-01    1.6141868772E-01   -2.9150044857E+00    6.6439089642E-02
    2.1719980000E-02    7.5431447055E-01    1.7607088179E-01   -2.8617483992E+00    6.6418623056E-02
    2.1759980000E-02    7.5519583528E-01    1.9261054944E-01   -2.8013892473E+00    6.6400637833E-02
    2.1799980000E-02    7.5727182657E-01    2.1077874314E-01   -2.7345972114E+00    6.6385669709E-02
    2.1839980000E-02    7.6082980100E-01    2.3027685098E-01   -2.6620838885E+00    6.6374061000E-02
    2.1879980000E-02    7.6611923668E-01    2.5077150005E-01   -2.5845881690E+00    6.6365902737E-02
    2.1919980000E-02    7.7333494241E-01    2.7189626768E-01   -2.5028832029E+00    6.6361057891E-02
    2.1959980000E-02    7.8260001521E-01    2.9325197658E-01   -2.4177996929E+00    6.6359245322E-02
    2.1999980000E-02    7.9394959706E-01    3.1441160345E-01   -2.3302455103E+00    6.6360118800E-02
    2.2039980000E-02    8.0731998896E-01    3.3493541282E-01   -2.2412000806E+00    6.6363273392E-02
    2.2079980000E-02    8.2254809509E-01    3.5439593587E-01   -2.1516793330E+00    6.6368173895E-02
    2.2119980000E-02    8.3938184640E-01    3.7240603976E-01   -2.0626888460E+00    6.6374083928E-02
    2.2159980000E-02    8.5749722847E-01    3.8864260547E-01   -1.9751881564E+00    6.6380087258E-02
    2.2199980000E-02    8.7651671138E-01    4.0286284097E-01   -1.8900753011E+00    6.6385207769E-02
    2.2239980000E-02    8.9602675446E-01    4.1491439181E-01   -1.8081851792E+00    6.6388544859E-02
    2.2279980000E-02    9.1559449725E-01    4.2474097083E-01   -1.7302923393E+00    6.6389342800E-02
    2.2319980000E-02    9.3478392885E-01    4.3238384936E-01   -1.6571147288E+00    6.6386985402E-02
    2.2359980000E-02    9.5317118363E-01    4.3797863538E-01   -1.5893191698E+00    6.6380965262E-02
    2.2399980000E-02    9.7035848580E-01    4.4174665977E-01   -1.5275281087E+00    6.6370878155E-02
    2.2439980000E-02    9.8598638160E-01    4.4398040952E-01   -1.4723242183E+00    6.6356459570E-02
    2.2479980000E-02    9.9974363392E-01    4.4502274698E-01   -1.4242489397E+00    6.6337646926E-02
    2.2519980000E-02    1.0113736860E+00    4.4524049385E-01   -1.3837937290E+00    6.6314635216E-02
    2.2559980000E-02    1.0206766224E+00    4.4499428937E-01   -1.3513863584E+00    6.6287898541E-02
    2.2599980000E-02    1.0275064269E+00    4.4460782521E-01   -1.3273765441E+00    6.6258168716E-02
    2.2639980000E-02    1.0317647021E+00    4.4433994304E-01   -1.3120245087E+00    6.6226381284E-02
    2.2679980000E-02    1.0333931196E+00    4.4436252714E-01   -1.3054939034E+00    6.6193607297E-02
    2.2719980000E-02    1.0323671747E+00    4.4474607385E-01   -1.3078485546E+00    6.6160984724E-02
    2.2759980000E-02    1.0286932716E+00    4.4545383991E-01   -1.3190517844E+00    6.6129653507E-02
    2.2799980000E-02    1.0224100276E+00    4.4634483620E-01   -1.3389675758E+00    6.6100690787E-02
    2.2839980000E-02    1.0135933811E+00    4.4718545647E-01   -1.3673639414E+00    6.6075041746E-02
    2.2879980000E-02    1.0023638551E+00    4.4766901287E-01   -1.4039196193E+00    6.6053447505E-02
    2.2919980000E-02    9.8889349333E-01    4.4744168103E-01   -1.4482348972E+00    6.6036381541E-02
    2.2959980000E-02    9.7341004276E-01    4.4613226719E-01   -1.4998457810E+00    6.6024013696E-02
    2.2999980000E-02    9.5619680265E-01    4.4338248291E-01   -1.5582385093E+00    6.6016217917E-02
    2.3039980000E-02    9.3758791586E-01    4.3887447084E-01   -1.6228602026E+00    6.6012624011E-02
    2.3079980000E-02    9.1795999420E-01    4.3235327303E-01   -1.6931225984E+00    6.6012692331E-02
    2.3119980000E-02    8.9772128703E-01    4.2364325825E-01   -1.7683991515E+00    6.6015776067E-02
    2.3159980000E-02    8.7729919003E-01    4.1265853660E-01   -1.8480190762E+00    6.6021139342E-02
    2.3199980000E-02    8.5712643207E-01    3.9940786075E-01   -1.9312623855E+00    6.6027927027E-02
    2.3239980000E-02    8.3762632349E-01    3.8399479866E-01   -2.0173567768E+00    6.6035127788E-02
    2.3279980000E-02    8.1919761374E-01    3.6661423746E-01   -2.1054736694E+00    6.6041601028E-02
    2.3319980000E-02    8.0219887492E-01    3.4754578215E-01   -2.1947227853E+00    6.6046204186E-02
    2.3359980000E-02    7.8693135335E-01    3.2714268555E-01   -2.2841533340E+00    6.6047965841E-02
    2.3399980000E-02    7.7362024964E-01    3.0581340476E-01   -2.3727750325E+00    6.6046192141E-02
    2.3439980000E-02    7.6239819113E-01    2.8399529921E-01   -2.4596016383E+00    6.6040447209E-02
    2.3479980000E-02    7.5329736437E-01    2.6212615932E-01   -2.5436985183E+00    6.6030460314E-02
    2.3519980000E-02    7.4625391398E-01    2.4062284324E-01   -2.6242069986E+00    6.6016057900E-02
    2.3559980000E-02    7.4112177175E-01    2.1987219280E-01   -2.7003345421E+00    6.5997166430E-02
    2.3599980000E-02    7.3768968833E-01    2.0023108142E-01   -2.7713257510E+00    6.5973862112E-02
    2.3639980000E-02    7.3569753603E-01    1.8202781222E-01   -2.8364405180E+00    6.5946417095E-02
    2.3679980000E-02    7.3485217316E-01    1.6555930928E-01   -2.8949559227E+00    6.5915303231E-02
    2.3719980000E-02    7.3484481948E-01    1.5108417135E-01   -2.9461901166E+00    6.5881141566E-02
    2.3759980000E-02    7.3537038781E-01    1.3881557986E-01   -2.9895343337E+00    6.5844614761E-02
    2.3799980000E-02    7.3614698031E-01    1.2891808510E-01   -3.0244788160E+00    6.5806376778E-02
    2.3839980000E-02    7.3693296127E-01    1.2150970976E-01   -3.0506257548E+00    6.5766990489E-02
    2.3879980000E-02    7.3753992226E-01    1.1666808819E-01   -3.0676902623E+00    6.5726905589E-02
    2.3919980000E-02    7.3784122737E-01    1.1443799539E-01   -3.0754946259E+00    6.5686471716E-02
    2.3959980000E-02    7.3777676515E-01    1.1483766575E-01   -3.0739614823E+00    6.5645973983E-02
    2.3999980000E-02    7.3735484353E-01    1.1786211581E-01   -3.0631098649E+00    6.5605679021E-02
    2.4039980000E-02    7.3665176357E-01    1.2348266881E-01   -3.0430558854E+00    6.5565883288E-02
    2.4079980000E-02    7.3580899793E-01    1.3164284260E-01   -3.0140176836E+00    6.5526956588E-02
    2.4119980000E-02    7.3502734345E-01    1.4225172459E-01   -2.9763221385E+00    6.5489371449E-02
    2.4159980000E-02    7.3455721574E-01    1.5517689665E-01   -2.9304087356E+00    6.5453705659E-02
    2.4199980000E-02    7.3468465429E-01    1.7023957024E-01   -2.8768248356E+00    6.5420606919E-02
    2.4239980000E-02    7.3571348519E-01    1.8721422013E-01   -2.8162081420E+00    6.5390720141E-02
    2.4279980000E-02    7.3794562275E-01    2.0583321687E-01   -2.7492577862E+00    6.5364597584E-02
    2.4319980000E-02    7.4166200034E-01    2.2579415748E-01   -2.6767036775E+00    6.5342626592E-02
    2.4359980000E-02    7.4710547959E-01    2.4676567928E-01   -2.5992891112E+00    6.5325004661E-02
    2.4399980000E-02    7.5446496220E-01    2.6838877407E-01   -2.5177774482E+00    6.5311766729E-02
    2.4439980000E-02    7.6385913945E-01    2.9027530104E-01   -2.4329786196E+00    6.5302839789E-02
    2.4479980000E-02    7.7532070772E-01    3.1201029956E-01   -2.3457741819E+00    6.5298079586E-02
    2.4519980000E-02    7.8878581095E-01    3.3316483797E-01   -2.2571160739E+00    6.5297246564E-02
    2.4559980000E-02    8.0409422671E-01    3.5331985959E-01   -2.1679917783E+00    6.5299919824E-02
    2.4599980000E-02    8.2100104473E-01    3.7209392180E-01   -2.0793742026E+00    6.5305416392E-02
    2.4639980000E-02    8.3919456171E-01    3.8916618784E-01   -1.9921837616E+00    6.5312807819E-02
    2.4679980000E-02    8.5831408602E-01    4.0429120029E-01   -1.9072752024E+00    6.5321054657E-02
    2.4719980000E-02    8.7796534046E-01    4.1730734514E-01   -1.8254412512E+00    6.5329175988E-02
    2.4759980000E-02    8.9773472516E-01    4.2814171770E-01   -1.7474191208E+00    6.5336348957E-02
    2.4799980000E-02    9.1720375061E-01    4.3681194537E-01   -1.6738936917E+00    6.5341906736E-02
    2.4839980000E-02    9.3596332762E-01    4.4342400541E-01   -1.6054993978E+00    6.5345285102E-02
    2.4879980000E-02    9.5362688467E-01    4.4816513431E-01   -1.5428237923E+00    6.5345987101E-02
    2.4919980000E-02    9.6984164596E-01    4.5129147699E-01   -1.4864120435E+00    6.5343599935E-02
    2.4959980000E-02    9.8429771326E-01    4.5311049034E-01   -1.4367688663E+00    6.5337854173E-02
    2.4999980000E-02    9.9673439754E-01    4.5395855154E-01   -1.3943550771E+00    6.5328692105E-02
    2.5039980000E-02    1.0069430382E+00    4.5417503124E-01   -1.3595788133E+00    6.5316312751E-02
    2.5079980000E-02    1.0147659040E+00    4.5407504513E-01   -1.3327840070E+00    6.5301176580E-02
    2.5119980000E-02    1.0200917021E+00    4.5392366322E-01   -1.3142393997E+00    6.5283971893E-02
    2.5159980000E-02    1.0228492393E+00    4.5391422038E-01   -1.3041303338E+00    6.5265556696E-02
    2.5199980000E-02    1.0230013241E+00    4.5415268139E-01   -1.3025539260E+00    6.5246891062E-02
    2.5239980000E-02    1.0205408510E+00    4.5464917686E-01   -1.3095171374E+00    6.5228968594E-02
    2.5279980000E-02    1.0154902675E+00    4.5531715969E-01   -1.3249371168E+00    6.5212748305E-02
    2.5319980000E-02    1.0079045596E+00    4.5598017868E-01   -1.3486437396E+00    6.5199084830E-02
    2.5359980000E-02    9.9787680972E-01    4.5638585319E-01   -1.3803848531E+00    6.5188657391E-02
    2.5399980000E-02    9.8554454101E-01    4.5622605951E-01   -1.4198347450E+00    6.5181905033E-02
    2.5439980000E-02    9.7109477442E-01    4.5516157717E-01   -1.4666054148E+00    6.5178983248E-02
    2.5479980000E-02    9.5476612893E-01    4.5284873947E-01   -1.5202586327E+00    6.5179758667E-02
    2.5519980000E-02    9.3684724361E-01    4.4896538867E-01   -1.5803155358E+00    6.5183849345E-02
    2.5559980000E-02    9.1767176640E-01    4.4323387485E-01   -1.6462608836E+00    6.5190699611E-02
    2.5599980000E-02    8.9761057909E-01    4.3543971179E-01   -1.7175415098E+00    6.5199658369E-02
    2.5639980000E-02    8.7706172805E-01    4.2544524887E-01   -1.7935617919E+00    6.5210020035E-02
    2.5679980000E-02    8.5643829748E-01    4.1319805290E-01   -1.8736805026E+00    6.5221001872E-02
    2.5719980000E-02    8.3615489064E-01    3.9873403815E-01   -1.9572108844E+00    6.5231676820E-02
    2.5759980000E-02    8.1661416329E-01    3.8217631099E-01   -2.0434203018E+00    6.5240934501E-02
    2.5799980000E-02    7.9819444123E-01    3.6373159205E-01   -2.1315235078E+00    6.5247549431E-02
    2.5839980000E-02    7.8123709423E-01    3.4368502868E-01   -2.2206708031E+00    6.5250360367E-02
    2.5879980000E-02    7.6603051615E-01    3.2239084287E-01   -2.3099453834E+00    6.5248463000E-02
    2.5919980000E-02    7.5279015760E-01    3.0025443813E-01   -2.3983868633E+00    6.5241299596E-02
    2.5959980000E-02    7.4164023033E-01    2.7770581653E-01   -2.4850396624E+00    6.5228620442E-02
    2.5999980000E-02    7.3260551567E-01    2.5517192688E-01   -2.5690003922E+00    6.5210386349E-02
    2.6039980000E-02    7.2561671001E-01    2.3305812947E-01   -2.6494353528E+00    6.5186685297E-02
    2.6079980000E-02    7.2052491928E-01    2.1174255490E-01   -2.7255629361E+00    6.5157687703E-02
    2.6119980000E-02    7.1711823233E-01    1.9157819307E-01   -2.7966220238E+00    6.5123637874E-02
    2.6159980000E-02    7.1513698528E-01    1.7289426291E-01   -2.8618536096E+00    6.5084873221E-02
    2.6199980000E-02    7.1428916557E-01    1.5599207586E-01   -2.9205090888E+00    6.5041850282E-02
    2.6239980000E-02    7.1426793431E-01    1.4113652579E-01   -2.9718800250E+00    6.4995147517E-02
    2.6279980000E-02    7.1477119451E-01    1.2854774550E-01   -3.0153339751E+00    6.4945429440E-02
    2.6319980000E-02    7.1552101514E-01    1.1839701155E-01   -3.0503422216E+00    6.4893385066E-02
    2.6359980000E-02    7.1628028122E-01    1.1080821604E-01   -3.0764931953E+00    6.4839669279E-02
    2.6399980000E-02    7.1686497922E-01    1.0586351277E-01   -3.0934932557E+00    6.4784869311E-02
    2.6439980000E-02    7.1715196980E-01    1.0361044259E-01   -3.1011605367E+00    6.4729502052E-02
    2.6479980000E-02    7.1708348646E-01    1.0406800081E-01   -3.0994177765E+00    6.4674035452E-02
    2.6519980000E-02    7.1666895642E-01    1.0722981723E-01   -3.0882882307E+00    6.4618923335E-02
    2.6559980000E-02    7.1598460918E-01    1.1306364351E-01   -3.0678964604E+00    6.4564643319E-02
    2.6599980000E-02    7.1517081548E-01    1.2150733701E-01   -3.0384735481E+00    6.4511727793E-02
    2.6639980000E-02    7.1442648610E-01    1.3246249872E-01   -3.0003640511E+00    6.4460777067E-02
    2.6679980000E-02    7.1399949446E-01    1.4578785225E-01   -2.9540298386E+00    6.4412444466E-02
    2.6719980000E-02    7.1417263341E-01    1.6129507140E-01   -2.9000447808E+00    6.4367390856E-02
    2.6759980000E-02    7.1524587457E-01    1.7874940031E-01   -2.8390758041E+00    6.4326221880E-02
    2.6799980000E-02    7.1751685623E-01    1.9787553906E-01   -2.7718514304E+00    6.4289436368E-02
    2.6839980000E-02    7.2126213126E-01    2.1836641841E-01   -2.6991271924E+00    6.4257412639E-02
    2.6879980000E-02    7.2672057616E-01    2.3989041184E-01   -2.6216631539E+00    6.4230434038E-02
    2.6919980000E-02    7.3407816112E-01    2.6209345229E-01   -2.5402258251E+00    6.4208725176E-02
    2.6959980000E-02    7.4345231545E-01    2.8459699393E-01   -2.4556130064E+00    6.4192464268E-02
    2.6999980000E-02    7.5487638884E-01    3.0699811889E-01   -2.3686823131E+00    6.4181755423E-02
    2.7039980000E-02    7.6828896543E-01    3.2887942522E-01   -2.2803566528E+00    6.4176561929E-02
    2.7079980000E-02    7.8353420172E-01    3.4983082322E-01   -2.1915937538E+00    6.4176612587E-02
    2.7119980000E-02    8.0037463011E-01    3.6947680888E-01   -2.1033344340E+00    6.4181321708E-02
    2.7159980000E-02    8.1851068512E-01    3.8749936910E-01   -2.0164603402E+00    6.4189793627E-02
    2.7199980000E-02    8.3759900332E-01    4.0365156158E-01   -1.9317803077E+00    6.4200949972E-02
    2.7239980000E-02    8.5726616495E-01    4.1776388245E-01   -1.8500393911E+00    6.4213723224E-02
    2.7279980000E-02    8.7711996432E-01    4.2974765674E-01   -1.7719319757E+00    6.4227202745E-02
    2.7319980000E-02    8.9676124481E-01    4.3959698342E-01   -1.6981071889E+00    6.4240664717E-02
    2.7359980000E-02    9.1579692612E-01    4.4738791170E-01   -1.6291675952E+00    6.4253512668E-02
    2.7399980000E-02    9.3385280510E-01    4.5327312695E-01   -1.5656675920E+00    6.4265207641E-02
    2.7439980000E-02    9.5058458831E-01    4.5747154336E-01   -1.5081149579E+00    6.4275248106E-02
    2.7479980000E-02    9.6568643351E-01    4.6025317235E-01   -1.4569740307E+00    6.4283208694E-02
    2.7519980000E-02    9.7889678086E-01    4.6192004433E-01   -1.4126669480E+00    6.4288809627E-02
    2.7559980000E-02    9.9000127213E-01    4.6278424358E-01   -1.3755707193E+00    6.4291980141E-02
    2.7599980000E-02    9.9883259293E-01    4.6314455905E-01   -1.3460104613E+00    6.4292890537E-02
    2.7639980000E-02    1.0052674818E+00    4.6326369044E-01   -1.3242509015E+00    6.4291945316E-02
    2.7679980000E-02    1.0092218159E+00    4.6334807072E-01   -1.3104884896E+00    6.4289744092E-02
    2.7719980000E-02    1.0106452324E+00    4.6353207152E-01   -1.3048456101E+00    6.4287023038E-02
    2.7759980000E-02    1.0095168708E+00    4.6386780508E-01   -1.3073673538E+00    6.4284587937E-02
    2.7799980000E-02    1.0058434721E+00    4.6432116612E-01   -1.3180207233E+00    6.4283244669E-02
    2.7839980000E-02    9.9966035947E-01    4.6477430031E-01   -1.3366961242E+00    6.4283728777E-02
    2.7879980000E-02    9.9103499317E-01    4.6503430990E-01   -1.3632112337E+00    6.4286635462E-02
    2.7919980000E-02    9.8007204018E-01    4.6484760083E-01   -1.3973173690E+00    6.4292355216E-02
    2.7959980000E-02    9.6691846513E-01    4.6391877657E-01   -1.4387079678E+00    6.4301026066E-02
    2.7999980000E-02    9.5176716774E-01    4.6193247778E-01   -1.4870277650E+00    6.4312516824E-02
    2.8039980000E-02    9.3485815419E-01    4.5857626173E-01   -1.5418802781E+00    6.4326451963E-02
    2.8079980000E-02    9.1647687028E-01    4.5356267391E-01   -1.6028312230E+00    6.4342276013E-02
    2.8119980000E-02    8.9694975173E-01    4.4664901803E-01   -1.6694071334E+00    6.4359336099E-02
    2.8159980000E-02    8.7663705968E-01    4.3765366883E-01   -1.7410913738E+00    6.4376943939E-02
    2.8199980000E-02    8.5592297667E-01    4.2646788469E-01   -1.8173219778E+00    6.4394377833E-02
    2.8239980000E-02    8.3520342858E-01    4.1306228322E-01   -1.8974945338E+00    6.4410816478E-02
    2.8279980000E-02    8.1487332641E-01    3.9748817751E-01   -1.9809676072E+00    6.4425254945E-02
    2.8319980000E-02    7.9531556977E-01    3.7987580965E-01   -2.0670619746E+00    6.4436494162E-02
    2.8359980000E-02    7.7689225737E-01    3.6043226385E-01   -2.1550467040E+00    6.4443262217E-02
    2.8399980000E-02    7.5993460682E-01    3.3943916567E-01   -2.2441187754E+00    6.4444424616E-02
    2.8439980000E-02    7.4472662864E-01    3.1724550761E-01   -2.3333977310E+00    6.4439165955E-02
    2.8479980000E-02    7.3148263301E-01    2.9425009010E-01   -2.4219530204E+00    6.4427059912E-02
    2.8519980000E-02    7.2032661528E-01    2.7087479516E-01   -2.5088555245E+00    6.4408039373E-02
    2.8559980000E-02    7.1128338046E-01    2.4753829880E-01   -2.5932214153E+00    6.4382315302E-02
    2.8599980000E-02    7.0428414357E-01    2.2464018364E-01   -2.6742224760E+00    6.4350263613E-02
    2.8639980000E-02    6.9918108536E-01    2.0255715342E-01   -2.7510654516E+00    6.4312296981E-02
    2.8679980000E-02    6.9576375625E-01    1.8164493552E-01   -2.8229647314E+00    6.4268775571E-02
    2.8719980000E-02    6.9377437181E-01    1.6223811435E-01   -2.8891320403E+00    6.4220008248E-02
    2.8759980000E-02    6.9292316662E-01    1.4464446602E-01   -2.9487913492E+00    6.4166331770E-02
    2.8799980000E-02    6.9290567504E-01    1.2913558585E-01   -3.0012115388E+00    6.4108198261E-02
    2.8839980000E-02    6.9342174646E-01    1.1593819078E-01   -3.0457421854E+00    6.4046207842E-02
    2.8879980000E-02    6.9419442958E-01    1.0522981700E-01   -3.0818401019E+00    6.3981075616E-02
    2.8919980000E-02    6.9498626914E-01    9.7140054350E-02   -3.1090815901E+00    6.3913566294E-02
    2.8959980000E-02    6.9561137778E-01    9.1755946475E-02   -3.1271623803E+00    6.3844436532E-02
    2.8999980000E-02    6.9594331074E-01    8.9129000998E-02   -3.1358908670E+00    6.3774406509E-02
    2.9039980000E-02    6.9591932858E-01    8.9281257644E-02   -3.1351803850E+00    6.3704161592E-02
    2.9079980000E-02    6.9554177148E-01    9.2208613491E-02   -3.1250445479E+00    6.3634373464E-02
    2.9119980000E-02    6.9487768226E-01    9.7880682934E-02   -3.1055975196E+00    6.3565726806E-02
    2.9159980000E-02    6.9405652470E-01    1.0623726051E-01   -3.0770589973E+00    6.3498937551E-02
    2.9199980000E-02    6.9326532586E-01    1.1718236414E-01   -3.0397616111E+00    6.3434749511E-02
    2.9239980000E-02    6.9274077605E-01    1.3057780310E-01   -2.9941563747E+00    6.3373900546E-02
    2.9279980000E-02    6.9275705919E-01    1.4623868546E-01   -2.9408104149E+00    6.3317061990E-02
    2.9319980000E-02    6.9360945449E-01    1.6393320514E-01   -2.8803920421E+00    6.3264776453E-02
    2.9359980000E-02    6.9559528950E-01    1.8338767099E-01   -2.8136425547E+00    6.3217435840E-02
    2.9399980000E-02    6.9899460026E-01    2.0429525023E-01   -2.7413412994E+00    6.3175329598E-02
    2.9439980000E-02    7.0405257139E-01    2.2632468930E-01   -2.6642767406E+00    6.3138744729E-02
    2.9479980000E-02    7.1096422972E-01    2.4912512753E-01   -2.5832365520E+00    6.3108047290E-02
    2.9519980000E-02    7.1985960412E-01    2.7232603944E-01   -2.4990209673E+00    6.3083674543E-02
    2.9559980000E-02    7.3078872677E-01    2.9553629867E-01   -2.4124685412E+00    6.3066031100E-02
    2.9599980000E-02    7.4370966975E-01    3.1834969790E-01   -2.3244710004E+00    6.3055349548E-02
    2.9639980000E-02    7.5848604447E-01    3.4036197207E-01   -2.2359566178E+00    6.3051578044E-02
    2.9679980000E-02    7.7489808780E-01    3.6119644183E-01   -2.1478437072E+00    6.3054315531E-02
    2.9719980000E-02    7.9266362837E-01    3.8052849659E-01   -2.0609909854E+00    6.3062805851E-02
    2.9759980000E-02    8.1145939895E-01    3.9810056283E-01   -1.9761740939E+00    6.3076020684E-02
    2.9799980000E-02    8.3093571499E-01    4.1372726686E-01   -1.8940942193E+00    6.3092831978E-02
    2.9839980000E-02    8.5072513271E-01    4.2729629805E-01   -1.8154005792E+00    6.3112200742E-02
    2.9879980000E-02    8.7045015726E-01    4.3876928951E-01   -1.7407055395E+00    6.3133283713E-02
    2.9919980000E-02    8.8973351149E-01    4.4818247942E-01   -1.6705853379E+00    6.3155421504E-02
    2.9959980000E-02    9.0821053668E-01    4.5564439340E-01   -1.6055729511E+00    6.3178057011E-02
    2.9999980000E-02    9.2554115986E-01    4.6132854579E-01   -1.5461523363E+00    6.3200664040E-02
    3.0039980000E-02    9.4141930197E-01    4.6546110277E-01   -1.4927579788E+00    6.3222734346E-02
    3.0079980000E-02    9.5557899529E-01    4.6830466949E-01   -1.4457779206E+00    6.3243820743E-02
    3.0119980000E-02    9.6779739121E-01    4.7013960935E-01   -1.4055564316E+00    6.3263604107E-02
    3.0159980000E-02    9.7789504299E-01    4.7124422600E-01   -1.3723937649E+00    6.3281950275E-02
    3.0199980000E-02    9.8573392158E-01    4.7187509040E-01   -1.3465427709E+00    6.3298936554E-02
    3.0239980000E-02    9.9121376176E-01    4.7224887047E-01   -1.3282037261E+00    6.3314843407E-02
    3.0279980000E-02    9.9426760499E-01    4.7252700141E-01   -1.3175191078E+00    6.3330117623E-02
    3.0319980000E-02    9.9485762088E-01    4.7280430773E-01   -1.3145696075E+00    6.3345317138E-02
    3.0359980000E-02    9.9297225032E-01    4.7310233105E-01   -1.3193720348E+00    6.3361046351E-02
    3.0399980000E-02    9.8862538513E-01    4.7336774437E-01   -1.3318793240E+00    6.3377887690E-02
    3.0439980000E-02    9.8185777522E-01    4.7347590170E-01   -1.3519826641E+00    6.3396333176E-02
    3.0479980000E-02    9.7274028607E-01    4.7323926605E-01   -1.3795156402E+00    6.3416720583E-02
    3.0519980000E-02    9.6137817590E-01    4.7242014323E-01   -1.4142599533E+00    6.3439181861E-02
    3.0559980000E-02    9.4791534939E-01    4.7074683105E-01   -1.4559516688E+00    6.3463614658E-02
    3.0599980000E-02    9.3253761451E-01    4.6793204596E-01   -1.5042862781E+00    6.3489687638E-02
    3.0639980000E-02    9.1547422877E-01    4.6369238961E-01   -1.5589206942E+00    6.3516883825E-02
    3.0679980000E-02    8.9699725493E-01    4.5776764501E-01   -1.6194712938E+00    6.3544572413E-02
    3.0719980000E-02    8.7741827267E-01    4.4993867863E-01   -1.6855094407E+00    6.3572081478E-02
    3.0759980000E-02    8.5708191040E-01    4.4004251702E-01   -1.7565585862E+00    6.3598731616E-02
    3.0799980000E-02    8.3635579306E-01    4.2798303909E-01   -1.8320975401E+00    6.3623800973E-02
    3.0839980000E-02    8.1561793507E-01    4.1373614413E-01   -1.9115704916E+00    6.3646435875E-02
    3.0879980000E-02    7.9524464884E-01    3.9735009832E-01   -1.9943964262E+00    6.3665577585E-02
    3.0919980000E-02    7.7560225582E-01    3.7894426542E-01   -2.0799653692E+00    6.3679989692E-02
    3.0959980000E-02    7.5704230959E-01    3.5870962285E-01   -2.1676154878E+00    6.3688406920E-02
    3.0999980000E-02    7.3989456180E-01    3.3691021457E-01   -2.2566036119E+00    6.3689731927E-02
    3.1039980000E-02    7.2445080372E-01    3.1387906296E-01   -2.3460958297E+00    6.3683183140E-02
    3.1079980000E-02    7.1093982930E-01    2.9000231483E-01   -2.4351946051E+00    6.3668367761E-02
    3.1119980000E-02    6.9950329478E-01    2.6569374417E-01   -2.5229885281E+00    6.3645308922E-02
    3.1159980000E-02    6.9018371575E-01    2.4136979057E-01   -2.6085918456E+00    6.3614411789E-02
    3.1199980000E-02    6.8292774291E-01    2.1743398508E-01   -2.6911538076E+00    6.3576312326E-02
    3.1239980000E-02    6.7759944575E-01    1.9427131465E-01   -2.7698452410E+00    6.3531633856E-02
    3.1279980000E-02    6.7399681290E-01    1.7224698488E-01   -2.8438433994E+00    6.3480793229E-02
    3.1319980000E-02    6.7186798902E-01    1.5170400182E-01   -2.9123307499E+00    6.3423986237E-02
    3.1359980000E-02    6.7092719141E-01    1.3295729977E-01   -2.9745113021E+00    6.3361343022E-02
    3.1399980000E-02    6.7087190802E-01    1.1628555143E-01   -3.0296389456E+00    6.3293125642E-02
    3.1439980000E-02    6.7140149111E-01    1.0192361771E-01   -3.0770479796E+00    6.3219841920E-02
    3.1479980000E-02    6.7223558978E-01    9.0058482287E-02   -3.1161767002E+00    6.3142237917E-02
    3.1519980000E-02    6.7313024842E-01    8.0829906741E-02   -3.1465793017E+00    6.3061213064E-02
    3.1559980000E-02    6.7388937849E-01    7.4334903829E-02   -3.1679266317E+00    6.2977724393E-02
    3.1599980000E-02    6.7437215964E-01    7.0634136083E-02   -3.1800000648E+00    6.2892722135E-02
    3.1639980000E-02    6.7449697072E-01    6.9757989090E-02   -3.1826835201E+00    6.2807126763E-02
    3.1679980000E-02    6.7424270114E-01    7.1710543951E-02   -3.1759576258E+00    6.2721836357E-02
    3.1719980000E-02    6.7364953716E-01    7.6470750820E-02   -3.1598983538E+00    6.2637748549E-02
    3.1759980000E-02    6.7281788935E-01    8.3990331248E-02   -3.1346803275E+00    6.2555780082E-02
    3.1799980000E-02    6.7190631802E-01    9.4189233661E-02   -3.1005834561E+00    6.2476865512E-02
    3.1839980000E-02    6.7112700732E-01    1.0694981355E-01   -3.0579997313E+00    6.2401919791E-02
    3.1879980000E-02    6.7073516835E-01    1.2211119100E-01   -3.0074355285E+00    6.2331757818E-02
    3.1919980000E-02    6.7101490929E-01    1.3946647224E-01   -2.9495052282E+00    6.2266995192E-02
    3.1959980000E-02    6.7226172888E-01    1.5876418585E-01   -2.8849138735E+00    6.2207988666E-02
    3.1999980000E-02    6.7476414990E-01    1.7971391198E-01   -2.8144311464E+00    6.2154881988E-02
    3.2039980000E-02    6.7878667962E-01    2.0199413380E-01   -2.7388635897E+00    6.2107772539E-02
    3.2079980000E-02    6.8455297615E-01    2.2525926396E-01   -2.6590335619E+00    6.2066917586E-02
    3.2119980000E-02    6.9222946578E-01    2.4914405374E-01   -2.5757714251E+00    6.2032837211E-02
    3.2159980000E-02    7.0190961142E-01    2.7326587022E-01   -2.4899215469E+00    6.2006219209E-02
    3.2199980000E-02    7.1360031486E-01    2.9722814169E-01   -2.4023542030E+00    6.1987675577E-02
    3.2239980000E-02    7.2721446840E-01    3.2062998535E-01   -2.3139675649E+00    6.1977509816E-02
    3.2279980000E-02    7.4257483346E-01    3.4308494739E-01   -2.2256652559E+00    6.1975614720E-02
    3.2319980000E-02    7.5943104414E-01    3.6424529776E-01   -2.1383121751E+00    6.1981490289E-02
    3.2359980000E-02    7.7748408011E-01    3.8382271119E-01   -2.0526928231E+00    6.1994314276E-02
    3.2399980000E-02    7.9640779795E-01    4.0159822963E-01   -1.9694980725E+00    6.2013046013E-02
    3.2439980000E-02    8.1586093999E-01    4.1742262183E-01   -1.8893435241E+00    6.2036574718E-02
    3.2479980000E-02    8.3549180100E-01    4.3121371536E-01   -1.8127992060E+00    6.2063878701E-02
    3.2519980000E-02    8.5494253725E-01    4.4295531867E-01   -1.7404081800E+00    6.2094122367E-02
    3.2559980000E-02    8.7385767815E-01    4.5269707421E-01   -1.6726867987E+00    6.2126651412E-02
    3.2599980000E-02    8.9189610163E-01    4.6055184966E-01   -1.6101140983E+00    6.2160918113E-02
    3.2639980000E-02    9.0874284418E-01    4.6668833063E-01   -1.5531214715E+00    6.2196405961E-02
    3.2679980000E-02    9.2411777940E-01    4.7131886228E-01   -1.5020886212E+00    6.2232603212E-02
    3.2719980000E-02    9.3778030352E-01    4.7468403597E-01   -1.4573453211E+00    6.2269030422E-02
    3.2759980000E-02    9.4953053909E-01    4.7703576407E-01   -1.4191753525E+00    6.2305296144E-02
    3.2799980000E-02    9.5920819967E-01    4.7862008374E-01   -1.3878194664E+00    6.2341149802E-02
    3.2839980000E-02    9.6669010060E-01    4.7966058397E-01   -1.3634761237E+00    6.2376511157E-02
    3.2879980000E-02    9.7188659077E-01    4.8034363413E-01   -1.3463001711E+00    6.2411469842E-02
    3.2919980000E-02    9.7473760026E-01    4.8080629561E-01   -1.3364005236E+00    6.2446258311E-02
    3.2959980000E-02    9.7520912418E-01    4.8112755899E-01   -1.3338380083E+00    6.2481205672E-02
    3.2999980000E-02    9.7329087075E-01    4.8132332319E-01   -1.3386242079E+00    6.2516680186E-02
    3.3039980000E-02    9.6899554884E-01    4.8134531367E-01   -1.3507217418E+00    6.2553026973E-02
    3.3079980000E-02    9.6235993965E-01    4.8108392189E-01   -1.3700460638E+00    6.2590506622E-02
    3.3119980000E-02    9.5344769215E-01    4.8037466488E-01   -1.3964685419E+00    6.2629240913E-02
    3.3159980000E-02    9.4235314879E-01    4.7900806729E-01   -1.4298199851E+00    6.2669173234E-02
    3.3199980000E-02    9.2920539319E-01    4.7674255831E-01   -1.4698933413E+00    6.2710052690E-02
    3.3239980000E-02    9.1417208825E-01    4.7331958210E-01   -1.5164442240E+00    6.2751448683E-02
    3.3279980000E-02    8.9746219164E-01    4.6848035253E-01   -1.5691881945E+00    6.2792795775E-02
    3.3319980000E-02    8.7932664682E-01    4.6198339295E-01   -1.6277953266E+00    6.2833456194E-02
    3.3359980000E-02    8.6005603781E-01    4.5362154185E-01   -1.6918850736E+00    6.2872772631E-02
    3.3399980000E-02    8.3997432018E-01    4.4323650127E-01   -1.7610264490E+00    6.2910077816E-02
    3.3439980000E-02    8.1942864490E-01    4.3072878370E-01   -1.8347474366E+00    6.2944644741E-02
    3.3479980000E-02    7.9877686677E-01    4.1606205416E-01   -1.9125512807E+00    6.2975605078E-02
    3.3519980000E-02    7.7837673828E-01    3.9926327852E-01   -1.9939286086E+00    6.3001904234E-02
    3.3559980000E-02    7.5858087039E-01    3.8042271821E-01   -2.0783509192E+00    6.3022350076E-02
    3.3599980000E-02    7.3973601033E-01    3.5969760087E-01   -2.1652406517E+00    6.3035741301E-02
    3.3639980000E-02    7.2217893862E-01    3.3731788223E-01   -2.2539337553E+00    6.3041000059E-02
    3.3679980000E-02    7.0622075943E-01    3.1358645642E-01   -2.3436633491E+00    6.3037264342E-02
    3.3719980000E-02    6.9211982022E-01    2.8886709492E-01   -2.4335795257E+00    6.3023983756E-02
    3.3759980000E-02    6.8005382322E-01    2.6356218174E-01   -2.5227902404E+00    6.3001054165E-02
    3.3799980000E-02    6.7010310793E-01    2.3808935899E-01   -2.6103949677E+00    6.2968888431E-02
    3.3839980000E-02    6.6224915769E-01    2.1286393735E-01   -2.6954993996E+00    6.2928264514E-02
    3.3879980000E-02    6.5638456670E-01    1.8828735568E-01   -2.7772203521E+00    6.2879968048E-02
    3.3919980000E-02    6.5232872106E-01    1.6473929748E-01   -2.8546918308E+00    6.2824466092E-02
    3.3959980000E-02    6.4984479327E-01    1.4257204710E-01   -2.9270741055E+00    6.2761843557E-02
    3.3999980000E-02    6.4865669716E-01    1.2210626226E-01   -2.9935646770E+00    6.2692016179E-02
    3.4039980000E-02    6.4846669351E-01    1.0362710588E-01   -3.0534125140E+00    6.2615038982E-02
    3.4079980000E-02    6.4897359737E-01    8.7380187306E-02   -3.1059363419E+00    6.2531312739E-02
    3.4119980000E-02    6.4989119192E-01    7.3568336657E-02   -3.1505438589E+00    6.2441611511E-02
    3.4159980000E-02    6.5096285981E-01    6.2350366556E-02   -3.1867459064E+00    6.2346980160E-02
    3.4199980000E-02    6.5197176838E-01    5.3842746084E-02   -3.2141620984E+00    6.2248591324E-02
    3.4239980000E-02    6.5274888829E-01    4.8124226637E-02   -3.2325187665E+00    6.2147631521E-02
    3.4279980000E-02    6.5317858775E-01    4.5241689720E-02   -3.2416426599E+00    6.2045241740E-02
    3.4319980000E-02    6.5320201743E-01    4.5215219960E-02   -3.2414545851E+00    6.1942510101E-02
    3.4359980000E-02    6.5281767379E-01    4.8040758856E-02   -3.2319656538E+00    6.1840498908E-02
    3.4399980000E-02    6.5208080885E-01    5.3690033606E-02   -3.2132775023E+00    6.1740282504E-02
    3.4439980000E-02    6.5110228775E-01    6.2108015032E-02   -3.1855862291E+00    6.1642974723E-02
    3.4479980000E-02    6.5004593857E-01    7.3208481085E-02   -3.1491883548E+00    6.1549722931E-02
    3.4519980000E-02    6.4912322645E-01    8.6868916076E-02   -3.1044856791E+00    6.1461650735E-02
    3.4559980000E-02    6.4858469630E-01    1.0292650653E-01   -3.0519851883E+00    6.1379744884E-02
    3.4599980000E-02    6.4870822292E-01    1.2117676802E-01   -2.9922911782E+00    6.1304717365E-02
    3.4639980000E-02    6.4978429908E-01    1.4137512390E-01   -2.9260899702E+00    6.1236913487E-02
    3.4679980000E-02    6.5209933240E-01    1.6324034620E-01   -2.8541317699E+00    6.1176353673E-02
    3.4719980000E-02    6.5591779029E-01    1.8645812456E-01   -2.7772156273E+00    6.1122945542E-02
    3.4759980000E-02    6.6146404623E-01    2.1068412849E-01   -2.6961799433E+00    6.1076785105E-02
    3.4799980000E-02    6.6890450537E-01    2.3554772105E-01   -2.6118952844E+00    6.1038357372E-02
    3.4839980000E-02    6.7833128492E-01    2.6065812815E-01   -2.5252550835E+00    6.1008465897E-02
    3.4879980000E-02    6.8974966621E-01    2.8561385503E-01   -2.4371640375E+00    6.0987905195E-02
    3.4919980000E-02    7.0307212076E-01    3.1001551320E-01   -2.3485254117E+00    6.0977098698E-02
    3.4959980000E-02    7.1812215315E-01    3.3348280198E-01   -2.2602227364E+00    6.0975942690E-02
    3.4999980000E-02    7.3464999596E-01    3.5567511545E-01   -2.1730899010E+00    6.0983893486E-02
    3.5039980000E-02    7.5235718915E-01    3.7631081126E-01   -2.0878767407E+00    6.1000142828E-02
    3.5079980000E-02    7.7092116743E-01    3.9517799655E-01   -2.0052311125E+00    6.1023744149E-02
    3.5119980000E-02    7.9001106830E-01    4.1213445115E-01   -1.9257114385E+00    6.1053689008E-02
    3.5159980000E-02    8.0929320411E-01    4.2710152092E-01   -1.8498203658E+00    6.1088987084E-02
    3.5199980000E-02    8.2843192769E-01    4.4005872790E-01   -1.7780358459E+00    6.1128750508E-02
    3.5239980000E-02    8.4709274457E-01    4.5104164309E-01   -1.7108227026E+00    6.1172238137E-02
    3.5279980001E-02    8.6495035413E-01    4.6014063216E-01   -1.6486247783E+00    6.1218836751E-02
    3.5319980001E-02    8.8169966825E-01    4.6749666636E-01   -1.5918490399E+00    6.1268004996E-02
    3.5359980001E-02    8.9706606464E-01    4.7329226422E-01   -1.5408530322E+00    6.1319226526E-02
    3.5399980001E-02    9.1081219108E-01    4.7773817242E-01   -1.4959405361E+00    6.1372000639E-02
    3.5439980001E-02    9.2274068014E-01    4.8105773146E-01   -1.4573641220E+00    6.1425867880E-02
    3.5479980001E-02    9.3269322691E-01    4.8347108611E-01   -1.4253305632E+00    6.1480450032E-02
    3.5519980001E-02    9.4054745095E-01    4.8518059070E-01   -1.4000058687E+00    6.1535483138E-02
    3.5559980001E-02    9.4621283595E-01    4.8635813760E-01   -1.3815184887E+00    6.1590830797E-02
    3.5599980001E-02    9.4962664062E-01    4.8713484590E-01   -1.3699606949E+00    6.1646474559E-02
    3.5639980001E-02    9.5075036843E-01    4.8759343655E-01   -1.3653888420E+00    6.1702484681E-02
    3.5679980001E-02    9.4956744487E-01    4.8776338712E-01   -1.3678234110E+00    6.1758977174E-02
    3.5719980001E-02    9.4608227753E-01    4.8761907063E-01   -1.3772493527E+00    6.1816063609E-02
    3.5759980001E-02    9.4032080972E-01    4.8708093002E-01   -1.3936169057E+00    6.1873800217E-02
    3.5799980001E-02    9.3233256617E-01    4.8601959849E-01   -1.4168426775E+00    6.1932142821E-02
    3.5839980001E-02    9.2219402421E-01    4.8426280129E-01   -1.4468103794E+00    6.1990914331E-02
    3.5879980001E-02    9.1001277659E-01    4.8160494454E-01   -1.4833702411E+00    6.2049791165E-02
    3.5919980001E-02    8.9593153238E-01    4.7781932911E-01   -1.5263360885E+00    6.2108313485E-02
    3.5959980001E-02    8.8013171418E-01    4.7267230310E-01   -1.5754801069E+00    6.2165918185E-02
    3.5999980001E-02    8.6283560017E-01    4.6593872709E-01   -1.6305265762E+00    6.2221983133E-02
    3.6039980001E-02    8.4430575157E-01    4.5741755925E-01   -1.6911479615E+00    6.2275860457E-02
    3.6079980001E-02    8.2484060169E-01    4.4694567816E-01   -1.7569680600E+00    6.2326874501E-02
    3.6119980001E-02    8.0476451817E-01    4.3440819973E-01   -1.8275744945E+00    6.2374278990E-02
    3.6159980001E-02    7.8441425020E-01    4.1974375821E-01   -1.9025371707E+00    6.2417206196E-02
    3.6199980001E-02    7.6412839275E-01    4.0294549778E-01   -1.9814217325E+00    6.2454659471E-02
    3.6239980001E-02    7.4424454412E-01    3.8406225077E-01   -2.0637834091E+00    6.2485569614E-02
    3.6279980001E-02    7.2510261182E-01    3.6320418254E-01   -2.1491365158E+00    6.2508869924E-02
    3.6319980001E-02    7.0704507677E-01    3.4055174364E-01   -2.2369145106E+00    6.2523522184E-02
    3.6359980001E-02    6.9040430910E-01    3.1636046502E-01   -2.3264469769E+00    6.2528509553E-02
    3.6399980001E-02    6.7547612956E-01    2.9095481116E-01   -2.4169664946E+00    6.2522923874E-02
    3.6439980001E-02    6.6248941947E-01    2.6471235351E-01   -2.5076316086E+00    6.2506220304E-02
    3.6479980001E-02    6.5158317424E-01    2.3804479015E-01   -2.5975458233E+00    6.2478471476E-02
    3.6519980001E-02    6.4279624255E-01    2.1137889584E-01   -2.6857738558E+00    6.2440329433E-02
    3.6559980001E-02    6.3606989278E-01    1.8513651220E-01   -2.7713698951E+00    6.2392630151E-02
    3.6599980001E-02    6.3126112727E-01    1.5971567860E-01   -2.8534164769E+00    6.2335924865E-02
    3.6639980001E-02    6.2816223481E-01    1.3547882817E-01   -2.9310532974E+00    6.2270293682E-02
    3.6679980001E-02    6.2652068246E-01    1.1275075789E-01   -3.0034822288E+00    6.2195539640E-02
    3.6719980001E-02    6.2605551348E-01    9.1822153147E-02   -3.0699572510E+00    6.2111571217E-02
    3.6759980001E-02    6.2647233280E-01    7.2952400765E-02   -3.1297789162E+00    6.2018703981E-02
    3.6799980001E-02    6.2747871335E-01    5.6368535353E-02   -3.1823035215E+00    6.1917742979E-02
    3.6839980001E-02    6.2879896348E-01    4.2261436411E-02   -3.2269624141E+00    6.1809874505E-02
    3.6879980001E-02    6.3018650376E-01    3.0782547320E-02   -3.2632805106E+00    6.1696480137E-02
    3.6919980001E-02    6.3143396363E-01    2.2043902054E-02   -3.2908863850E+00    6.1578970571E-02
    3.6959980001E-02    6.3238072874E-01    1.6121652610E-02   -3.3095127420E+00    6.1458687185E-02
    3.6999980001E-02    6.3291755213E-01    1.3061323719E-02   -3.3189906726E+00    6.1336874754E-02
    3.7039980001E-02    6.3298787165E-01    1.2882413429E-02   -3.3192423718E+00    6.1214702790E-02
    3.7079980001E-02    6.3258774564E-01    1.5581083384E-02   -3.3102763651E+00    6.1093308799E-02
    3.7119980001E-02    6.3176567304E-01    2.1130364527E-02   -3.2921874175E+00    6.0973846544E-02
    3.7159980001E-02    6.3062225193E-01    2.9477862018E-02   -3.2651611064E+00    6.0857528472E-02
    3.7199980001E-02    6.2930858810E-01    4.0541575907E-02   -3.2294808606E+00    6.0745645953E-02
    3.7239980001E-02    6.2802162265E-01    5.4205085886E-02   -3.1855333037E+00    6.0639542823E-02
    3.7279980001E-02    6.2699662864E-01    7.0314402754E-02   -3.1338071007E+00    6.0540523397E-02
    3.7319980001E-02    6.2649687688E-01    8.8678146150E-02   -3.0748817598E+00    6.0449699293E-02
    3.7359980001E-02    6.2680151579E-01    1.0907114879E-01   -3.0094076724E+00    6.0367822105E-02
    3.7399980001E-02    6.2819194054E-01    1.3123888994E-01   -2.9380853168E+00    6.0295193749E-02
    3.7439980001E-02    6.3093739468E-01    1.5489913050E-01   -2.8616553975E+00    6.0231752144E-02
    3.7479980001E-02    6.3527933385E-01    1.7973892774E-01   -2.7809059479E+00    6.0177349729E-02
    3.7519980001E-02    6.4141358544E-01    2.0541003705E-01   -2.6966874572E+00    6.0132098676E-02
    3.7559980001E-02    6.4947084453E-01    2.3152965324E-01   -2.6099148516E+00    6.0096549481E-02
    3.7599980001E-02    6.5949958260E-01    2.5769173815E-01   -2.5215415649E+00    6.0071528711E-02
    3.7639980001E-02    6.7145678307E-01    2.8348697170E-01   -2.4325144637E+00    6.0057704011E-02
    3.7679980001E-02    6.8520908023E-01    3.0852412083E-01   -2.3437340269E+00    6.0055184305E-02
    3.7719980001E-02    7.0054344198E-01    3.3244808616E-01   -2.2560326380E+00    6.0063443555E-02
    3.7759980001E-02    7.1718575065E-01    3.5495505177E-01   -2.1701622411E+00    6.0081566697E-02
    3.7799980001E-02    7.3482469946E-01    3.7580486628E-01   -2.0867817049E+00    6.0108561328E-02
    3.7839980001E-02    7.5313491637E-01    3.9482715647E-01   -2.0064512377E+00    6.0143512733E-02
    3.7879980001E-02    7.7179191491E-01    4.1191871993E-01   -1.9296465925E+00    6.0185577359E-02
    3.7919980001E-02    7.9047656559E-01    4.2703531285E-01   -1.8567906190E+00    6.0233938032E-02
    3.7959980001E-02    8.0887394563E-01    4.4018376667E-01   -1.7882844793E+00    6.0287801587E-02
    3.7999980001E-02    8.2667375042E-01    4.5141748922E-01   -1.7245223430E+00    6.0346428318E-02
    3.8039980001E-02    8.4357601940E-01    4.6083376943E-01   -1.6658868304E+00    6.0409150704E-02
    3.8079980001E-02    8.5930060538E-01    4.6856946653E-01   -1.6127337552E+00    6.0475365075E-02
    3.8119980001E-02    8.7359649745E-01    4.7479297425E-01   -1.5653771166E+00    6.0544512332E-02
    3.8159980001E-02    8.8624817481E-01    4.7969255607E-01   -1.5240809595E+00    6.0616069023E-02
    3.8199980001E-02    8.9707796017E-01    4.8346267836E-01   -1.4890588400E+00    6.0689556034E-02
    3.8239980001E-02    9.0594497931E-01    4.8629021923E-01   -1.4604782063E+00    6.0764557505E-02
    3.8279980001E-02    9.1274201095E-01    4.8834195147E-01   -1.4384664503E+00    6.0840737412E-02
    3.8319980001E-02    9.1739138079E-01    4.8975414507E-01   -1.4231163461E+00    6.0917844648E-02
    3.8359980001E-02    9.1984100645E-01    4.9062457413E-01   -1.4144900293E+00    6.0995703234E-02
    3.8399980001E-02    9.2006121124E-01    4.9100703346E-01   -1.4126215071E+00    6.1074189025E-02
    3.8439980001E-02    9.1804290526E-01    4.9090826637E-01   -1.4175181212E+00    6.1153197119E-02
    3.8479980001E-02    9.1379733715E-01    4.9028728322E-01   -1.4291612366E+00    6.1232604927E-02
    3.8519980001E-02    9.0735730383E-01    4.8905714730E-01   -1.4475060792E+00    6.1312236700E-02
    3.8559980001E-02    8.9877985811E-01    4.8708918558E-01   -1.4724804702E+00    6.1391835058E-02
    3.8599980001E-02    8.8815004347E-01    4.8421973648E-01   -1.5039819202E+00    6.1471044320E-02
    3.8639980001E-02    8.7558517988E-01    4.8025939485E-01   -1.5418728314E+00    6.1549408836E-02
    3.8679980001E-02    8.6123905771E-01    4.7500452141E-01   -1.5859743212E+00    6.1626384899E-02
    3.8719980001E-02    8.4530481544E-01    4.6825052682E-01   -1.6360604339E+00    6.1701358796E-02
    3.8759980001E-02    8.2801487230E-01    4.5980586101E-01   -1.6918559727E+00    6.1773658583E-02
    3.8799980001E-02    8.0963623716E-01    4.4950496255E-01   -1.7530415674E+00    6.1842551266E-02
    3.8839980001E-02    7.9046165766E-01    4.3721795015E-01   -1.8192676609E+00    6.1907231778E-02
    3.8879980001E-02    7.7079936706E-01    4.2285605177E-01   -1.8901731473E+00    6.1966826399E-02
    3.8919980001E-02    7.5096602443E-01    4.0637432411E-01   -1.9653977421E+00    6.2020430007E-02
    3.8959980001E-02    7.3128549523E-01    3.8777553673E-01   -2.0445757365E+00    6.2067158301E-02
    3.8999980001E-02    7.1209134351E-01    3.6711807171E-01   -2.1273086137E+00    6.2106151145E-02
    3.9039980001E-02    6.9372682710E-01    3.4452600290E-01   -2.2131307189E+00    6.2136476078E-02
    3.9079980001E-02    6.7653508421E-01    3.2019546015E-01   -2.3014883955E+00    6.2156996005E-02
    3.9119980001E-02    6.6083788829E-01    2.9439309102E-01   -2.3917376390E+00    6.2166394433E-02
    3.9159980001E-02    6.4690906791E-01    2.6744875861E-01   -2.4831437600E+00    6.2163487591E-02
    3.9199980001E-02    6.3495043351E-01    2.3974612341E-01   -2.5748717830E+00    6.2147657356E-02
    3.9239980001E-02    6.2507422922E-01    2.1170801492E-01   -2.6659879513E+00    6.2119029796E-02
    3.9279980001E-02    6.1729447657E-01    1.8377060990E-01   -2.7555026571E+00    6.2078208696E-02
    3.9319980001E-02    6.1153065848E-01    1.5635078310E-01   -2.8424471059E+00    6.2025780405E-02
    3.9359980001E-02    6.0762402392E-01    1.2982243971E-01   -2.9259350500E+00    6.1961984610E-02
    3.9399980001E-02    6.0535989888E-01    1.0451333065E-01   -3.0051709947E+00    6.1886751142E-02
    3.9439980001E-02    6.0448714074E-01    8.0717752032E-02   -3.0794142574E+00    6.1800002087E-02
    3.9479980001E-02    6.0473118069E-01    5.8710292117E-02   -3.1479403380E+00    6.1701981134E-02
    3.9519980001E-02    6.0580442089E-01    3.8749577606E-02   -3.2100330057E+00    6.1593421765E-02
    3.9559980001E-02    6.0741840448E-01    2.1071291189E-02   -3.2650102502E+00    6.1475507243E-02
    3.9599980001E-02    6.0929805714E-01    5.8769952683E-03   -3.3122643318E+00    6.1349700853E-02
    3.9639980001E-02    6.1119434215E-01   -6.6743242644E-03   -3.3512932914E+00    6.1217564846E-02
    3.9679980001E-02    6.1289508427E-01   -1.6467635862E-02   -3.3817135550E+00    6.1080635099E-02
    3.9719980001E-02    6.1423309150E-01   -2.3426863406E-02   -3.4032554101E+00    6.0940355711E-02
    3.9759980001E-02    6.1508968055E-01   -2.7507416426E-02   -3.4157488910E+00    6.0798067342E-02
    3.9799980001E-02    6.1539476004E-01   -2.8689286436E-02   -3.4191080859E+00    6.0655038199E-02
    3.9839980001E-02    6.1512741300E-01   -2.6971750124E-02   -3.4133201090E+00    6.0512506853E-02
    3.9879980001E-02    6.1431657513E-01   -2.2371422111E-02   -3.3984419219E+00    6.0371714597E-02
    3.9919980001E-02    6.1304035710E-01   -1.4924698765E-02   -3.3746056860E+00    6.0233932941E-02
    3.9959980001E-02    6.1142479533E-01   -4.6935087216E-03   -3.3420312719E+00    6.0100494613E-02
    3.9999980001E-02    6.0964232184E-01    8.2276684926E-03   -3.3010419222E+00    5.9972811647E-02
    4.0039980001E-02    6.0790729346E-01    2.3705360255E-02   -3.2520760897E+00    5.9852347987E-02
    4.0079980001E-02    6.0646618191E-01    4.1563730926E-02   -3.1956869148E+00    5.9740534146E-02
    4.0119980001E-02    6.0558539804E-01    6.1587923867E-02   -3.1325234366E+00    5.9638635683E-02
    4.0159980001E-02    6.0553879549E-01    8.3534113482E-02   -3.0632947539E+00    5.9547602735E-02
    4.0199980001E-02    6.0659546104E-01    1.0714099421E-01   -2.9887308145E+00    5.9467966759E-02
    4.0239980001E-02    6.0900729586E-01    1.3213454760E-01   -2.9095624396E+00    5.9399878223E-02
    4.0279980001E-02    6.1299774798E-01    1.5822183537E-01   -2.8265378122E+00    5.9343318179E-02
    4.0319980001E-02    6.1874770429E-01    1.8507682016E-01   -2.7404660812E+00    5.9298392121E-02
    4.0359980001E-02    6.2637669161E-01    2.1233042178E-01   -2.6522506244E+00    5.9265518360E-02
    4.0399980001E-02    6.3592377250E-01    2.3957796788E-01   -2.5628721546E+00    5.9245338069E-02
    4.0439980001E-02    6.4733737395E-01    2.6640591150E-01   -2.4733183317E+00    5.9238343284E-02
    4.0479980001E-02    6.6047919851E-01    2.9242480078E-01   -2.3845024228E+00    5.9244455445E-02
    4.0519980001E-02    6.7513848986E-01    3.1729277093E-01   -2.2972199275E+00    5.9262873557E-02
    4.0559980001E-02    6.9104978697E-01    3.4072556968E-01   -2.2121519674E+00    5.9292313132E-02
    4.0599980001E-02    7.0791124481E-01    3.6249992139E-01   -2.1298864676E+00    5.9331440509E-02
    4.0639980001E-02    7.2540327138E-01    3.8245573887E-01   -2.0509317256E+00    5.9379185400E-02
    4.0679980001E-02    7.4320499817E-01    4.0049599395E-01   -1.9757237529E+00    5.9434780172E-02
    4.0719980001E-02    7.6100445029E-01    4.1658174557E-01   -1.9046401051E+00    5.9497615277E-02
    4.0759980001E-02    7.7850138319E-01    4.3072371152E-01   -1.8380220267E+00    5.9567086225E-02
    4.0799980001E-02    7.9540664772E-01    4.4297404880E-01   -1.7761946632E+00    5.9642529366E-02
    4.0839980001E-02    8.1144304012E-01    4.5342020284E-01   -1.7194754506E+00    5.9723237571E-02
    4.0879980001E-02    8.2634988675E-01    4.6217974555E-01   -1.6681695797E+00    5.9808503323E-02
    4.0919980001E-02    8.3988978407E-01    4.6939411355E-01   -1.6225584403E+00    5.9897652176E-02
    4.0959980001E-02    8.5185458715E-01    4.7522015634E-01   -1.5828882090E+00    5.9990060781E-02
    4.0999980001E-02    8.6206901084E-01    4.7981975196E-01   -1.5493631824E+00    6.0085166120E-02
    4.1039980001E-02    8.7039148323E-01    4.8334860209E-01   -1.5221447707E+00    6.0182471485E-02
    4.1079980001E-02    8.7671293510E-01    4.8594543685E-01   -1.5013547218E+00    6.0281547968E-02
    4.1119980001E-02    8.8095393898E-01    4.8772278253E-01   -1.4870799848E+00    6.0382029794E-02
    4.1159980001E-02    8.8306144961E-01    4.8875982732E-01   -1.4793774469E+00    6.0483602947E-02
    4.1199980001E-02    8.8300610251E-01    4.8909756231E-01   -1.4782775182E+00    6.0585987208E-02
    4.1239980002E-02    8.8078073332E-01    4.8873617436E-01   -1.4837862246E+00    6.0688913003E-02
    4.1279980002E-02    8.7640030493E-01    4.8763468341E-01   -1.4958856749E+00    6.0792095685E-02
    4.1319980002E-02    8.6990320134E-01    4.8571284197E-01   -1.5145328481E+00    6.0895210912E-02
    4.1359980002E-02    8.6135375726E-01    4.8285530771E-01   -1.5396567445E+00    6.0997874372E-02
    4.1399980002E-02    8.5084570470E-01    4.7891807470E-01   -1.5711541917E+00    6.1099627419E-02
    4.1439980002E-02    8.3850578173E-01    4.7373706426E-01   -1.6088851192E+00    6.1199927279E-02
    4.1479980002E-02    8.2449612791E-01    4.6713851197E-01   -1.6526689377E+00    6.1298140384E-02
    4.1519980002E-02    8.0901417081E-01    4.5895020942E-01   -1.7022845828E+00    6.1393539080E-02
    4.1559980002E-02    7.9228940072E-01    4.4901218124E-01   -1.7574765482E+00    6.1485307490E-02
    4.1599980002E-02    7.7457762775E-01    4.3718548077E-01   -1.8179668106E+00    6.1572565960E-02
    4.1639980002E-02    7.5615426598E-01    4.2335877733E-01   -1.8834680696E+00    6.1654424568E-02
    4.1679980002E-02    7.3730949740E-01    4.0745388485E-01   -1.9536903073E+00    6.1730059479E-02
    4.1719980002E-02    7.1834768691E-01    3.8943245556E-01   -2.0283339872E+00    6.1798765690E-02
    4.1759980002E-02    6.9958942097E-01    3.6930505263E-01   -2.1070710019E+00    6.1859905328E-02
    4.1799980002E-02    6.8137034267E-01    3.4714040271E-01   -2.1895248199E+00    6.1912709386E-02
    4.1839980002E-02    6.6403179405E-01    3.2307048559E-01   -2.2752619108E+00    6.1956029779E-02
    4.1879980002E-02    6.4790409834E-01    2.9729055040E-01   -2.3637892761E+00    6.1988272514E-02
    4.1919980002E-02    6.3328806847E-01    2.7005917543E-01   -2.4545352408E+00    6.2007679116E-02
    4.1959980002E-02    6.2043706471E-01    2.4170142321E-01   -2.5468047778E+00    6.2012836283E-02
    4.1999980002E-02    6.0953751261E-01    2.1260609858E-01   -2.6397457306E+00    6.2003060956E-02
    4.2039980002E-02    6.0068934323E-01    1.8320267004E-01   -2.7323805615E+00    6.1978399106E-02
    4.2079980002E-02    5.9389589634E-01    1.5391882813E-01   -2.8237076539E+00    6.1939297768E-02
    4.2119980002E-02    5.8907164522E-01    1.2514163422E-01   -2.9128049097E+00    6.1886225140E-02
    4.2159980002E-02    5.8606325285E-01    9.7205870705E-02   -2.9988617803E+00    6.1819466866E-02
    4.2199980002E-02    5.8467021301E-01    7.0410504328E-02   -3.0811315055E+00    6.1739153796E-02
    4.2239980002E-02    5.8465709762E-01    4.5043485761E-02   -3.1588604030E+00    6.1645443456E-02
    4.2279980002E-02    5.8576017682E-01    2.1393668314E-02   -3.2312572803E+00    6.1538727717E-02
    4.2319980002E-02    5.8769557972E-01   -2.5743382074E-04   -3.2975236739E+00    6.1419760731E-02
    4.2359980002E-02    5.9017099999E-01   -1.9656930236E-02   -3.3569191770E+00    6.1289672134E-02
    4.2399980002E-02    5.9290173867E-01   -3.6600015778E-02   -3.4088221375E+00    6.1149891716E-02
    4.2439980002E-02    5.9562994520E-01   -5.0936734392E-02   -3.4527607045E+00    6.1002021468E-02
    4.2479980002E-02    5.9813611967E-01   -6.2568622773E-02   -3.4884090731E+00    6.0847703709E-02
    4.2519980002E-02    6.0023992454E-01   -7.1440593897E-02   -3.5155602202E+00    6.0688543582E-02
    4.2559980002E-02    6.0180246003E-01   -7.7527742118E-02   -3.5340936959E+00    6.0526084058E-02
    4.2599980002E-02    6.0273051173E-01   -8.0821589130E-02   -3.5439490654E+00    6.0361796295E-02
    4.2639980002E-02    6.0297507332E-01   -8.1322387952E-02   -3.5451065849E+00    6.0197088402E-02
    4.2679980002E-02    6.0252710242E-01   -7.9036773341E-02   -3.5375762928E+00    6.0033339104E-02
    4.2719980002E-02    6.0141833608E-01   -7.3976742504E-02   -3.5213977609E+00    5.9871941651E-02
    4.2759980002E-02    5.9972652119E-01   -6.6160121677E-02   -3.4966497157E+00    5.9714334803E-02
    4.2799980002E-02    5.9757424275E-01   -5.5618068762E-02   -3.4634657910E+00    5.9562009588E-02
    4.2839980002E-02    5.9512286264E-01   -4.2408267040E-02   -3.4220572531E+00    5.9416506171E-02
    4.2879980002E-02    5.9257234672E-01   -2.6626145177E-02   -3.3727436028E+00    5.9279391778E-02
    4.2919980002E-02    5.9016050184E-01   -8.4136009851E-03   -3.3159805959E+00    5.9152183356E-02
    4.2959980002E-02    5.8815241176E-01    1.2035403576E-02   -3.2523696118E+00    5.9036223286E-02
    4.2999980002E-02    5.8682389054E-01    3.4478835002E-02   -3.1826367581E+00    5.8932557246E-02
    4.3039980002E-02    5.8644557456E-01    5.8642821935E-02   -3.1075811554E+00    5.8841864197E-02
    4.3079980002E-02    5.8726859649E-01    8.4242020431E-02   -3.0280099486E+00    5.8764486611E-02
    4.3119980002E-02    5.8951390980E-01    1.1099183390E-01   -2.9446957807E+00    5.8700581077E-02
    4.3159980002E-02    5.9336575556E-01    1.3860402206E-01   -2.8583876548E+00    5.8650331668E-02
    4.3199980002E-02    5.9896364859E-01    1.6676768293E-01   -2.7698704147E+00    5.8614106321E-02
    4.3239980002E-02    6.0638748468E-01    1.9513060361E-01   -2.6800247497E+00    5.8592449046E-02
    4.3279980002E-02    6.1563911002E-01    2.2330047486E-01   -2.5898270410E+00    5.8585879067E-02
    4.3319980002E-02    6.2663305843E-01    2.5087373842E-01   -2.5002695827E+00    5.8594569578E-02
    4.3359980002E-02    6.3920467304E-01    2.7747775500E-01   -2.4122477626E+00    5.8618064947E-02
    4.3399980002E-02    6.5313069903E-01    3.0280180357E-01   -2.3264892788E+00    5.8655213270E-02
    4.3439980002E-02    6.6814993599E-01    3.2660476389E-01   -2.2435603358E+00    5.8704392773E-02
    4.3479980002E-02    6.8397689079E-01    3.4870729980E-01   -2.1639199608E+00    5.8763929165E-02
    4.3519980002E-02    7.0031074188E-01    3.6898308017E-01   -2.0879706052E+00    5.8832470311E-02
    4.3559980002E-02    7.1684485273E-01    3.8735544586E-01   -2.0160799050E+00    5.8909123771E-02
    4.3599980002E-02    7.3327741372E-01    4.0379634348E-01   -1.9485824533E+00    5.8993342766E-02
    4.3639980002E-02    7.4931977985E-01    4.1832279884E-01   -1.8857796149E+00    5.9084701843E-02
    4.3679980002E-02    7.6470061423E-01    4.3099009286E-01   -1.8279448766E+00    5.9182718391E-02
    4.3719980002E-02    7.7916741790E-01    4.4188356651E-01   -1.7753313158E+00    5.9286786054E-02
    4.3759980002E-02    7.9248799778E-01    4.5111064722E-01   -1.7281756583E+00    5.9396197830E-02
    4.3799980002E-02    8.0445283472E-01    4.5879328548E-01   -1.6866969278E+00    5.9510207542E-02
    4.3839980002E-02    8.1487780010E-01    4.6506032163E-01   -1.6510914832E+00    5.9628089620E-02
    4.3879980002E-02    8.2360649885E-01    4.7003947413E-01   -1.6215278332E+00    5.9749177931E-02
    4.3919980002E-02    8.3051157642E-01    4.7384913018E-01   -1.5981435737E+00    5.9872880240E-02
    4.3959980002E-02    8.3549451298E-01    4.7659053817E-01   -1.5810447694E+00    5.9998675227E-02
    4.3999980002E-02    8.3848438120E-01    4.7834107790E-01   -1.5703070534E+00    6.0126101442E-02
    4.4039980002E-02    8.3943637492E-01    4.7914908644E-01   -1.5659774787E+00    6.0254741809E-02
    4.4079980002E-02    8.3833075528E-01    4.7903050813E-01   -1.5680762725E+00    6.0384203282E-02
    4.4119980002E-02    8.3517245173E-01    4.7796752192E-01   -1.5765977561E+00    6.0514092520E-02
    4.4159980002E-02    8.2999148889E-01    4.7590920122E-01   -1.5915101318E+00    6.0643989923E-02
    4.4199980002E-02    8.2284418872E-01    4.7277417768E-01   -1.6127543208E+00    6.0773424784E-02
    4.4239980002E-02    8.1381484908E-01    4.6845518998E-01   -1.6402424687E+00    6.0901853100E-02
    4.4279980002E-02    8.0301732917E-01    4.6282527210E-01   -1.6738570359E+00    6.1028639019E-02
    4.4319980002E-02    7.9059574565E-01    4.5574513770E-01   -1.7134515360E+00    6.1153043267E-02
    4.4359980002E-02    7.7672375352E-01    4.4707113193E-01   -1.7588537987E+00    6.1274228613E-02
    4.4399980002E-02    7.6160259896E-01    4.3666318627E-01   -1.8098714825E+00    6.1391295936E-02
    4.4439980002E-02    7.4545875379E-01    4.2439263255E-01   -1.8662974679E+00    6.1503353516E-02
    4.4479980002E-02    7.2854190167E-01    4.1015024385E-01   -1.9279112532E+00    6.1609602321E-02
    4.4519980002E-02    7.1112408023E-01    3.9385507892E-01   -1.9944743196E+00    6.1709394707E-02
    4.4559980002E-02    6.9349923084E-01    3.7546391141E-01   -2.0657222485E+00    6.1802199736E-02
    4.4599980002E-02    6.7598001165E-01    3.5497906129E-01   -2.1413613222E+00    6.1887425814E-02
    4.4639980002E-02    6.5888923493E-01    3.3245158018E-01   -2.2210758140E+00    6.1964150397E-02
    4.4679980002E-02    6.4254798598E-01    3.0798035533E-01   -2.3045379555E+00    6.2030930807E-02
    4.4719980002E-02    6.2726576175E-01    2.8171406025E-01   -2.3913942919E+00    6.2085876978E-02
    4.4759980002E-02    6.1333344477E-01    2.5386274735E-01   -2.4812066829E+00    6.2126998830E-02
    4.4799980002E-02    6.0101285035E-01    2.2471384869E-01   -2.5733696678E+00    6.2152648464E-02
    4.4839980002E-02    5.9051652141E-01    1.9463314778E-01   -2.6670715755E+00    6.2161840186E-02
    4.4879980002E-02    5.8198214336E-01    1.6403483428E-01   -2.7613525874E+00    6.2154342463E-02
    4.4919980002E-02    5.7545659131E-01    1.3333042712E-01   -2.8552329086E+00    6.2130541466E-02
    4.4959980002E-02    5.7090025215E-01    1.0288856395E-01   -2.9478179478E+00    6.2091122470E-02
    4.4999980002E-02    5.6820610282E-01    7.3029861593E-02   -3.0383101567E+00    6.2036679655E-02
    4.5039980002E-02    5.6721817148E-01    4.4051033972E-02   -3.1259424327E+00    6.1967438824E-02
    4.5079980002E-02    5.6773971922E-01    1.6251045040E-02   -3.2099078819E+00    6.1883254600E-02
    4.5119980002E-02    5.6953459248E-01   -1.0063707361E-02   -3.2893500627E+00    6.1783896581E-02
    4.5159980002E-02    5.7233360340E-01   -3.4596615335E-02   -3.3634225590E+00    6.1669459990E-02
    4.5199980002E-02    5.7584971812E-01   -5.7087116346E-02   -3.4313747199E+00    6.1540660625E-02
    4.5239980002E-02    5.7979496730E-01   -7.7331761994E-02   -3.4926110328E+00    6.1398875556E-02
    4.5279980002E-02    5.8389577284E-01   -9.5190199231E-02   -3.5467040594E+00    6.1245960689E-02
    4.5319980002E-02    5.8790771569E-01   -1.1057518447E-01   -3.5933737628E+00    6.1083967729E-02
    4.5359980002E-02    5.9162164999E-01   -1.2343897376E-01   -3.6324501530E+00    6.0914891198E-02
    4.5399980002E-02    5.9486000330E-01   -1.3376359448E-01   -3.6638329310E+00    6.0740531553E-02
    4.5439980002E-02    5.9747869017E-01   -1.4154824797E-01   -3.6874642372E+00    6.0562463015E-02
    4.5479980002E-02    5.9936960469E-01   -1.4679974128E-01   -3.7033139685E+00    6.0382056655E-02
    4.5519980002E-02    6.0045920218E-01   -1.4952834800E-01   -3.7113700270E+00    6.0200533854E-02
    4.5559980002E-02    6.0070981376E-01   -1.4974294205E-01   -3.7116332136E+00    6.0019025531E-02
    4.5599980002E-02    6.0011952602E-01   -1.4744961664E-01   -3.7041159370E+00    5.9838625846E-02
    4.5639980002E-02    5.9871938746E-01   -1.4265445681E-01   -3.6888428846E+00    5.9660447834E-02
    4.5679980002E-02    5.9657553246E-01   -1.3536263181E-01   -3.6658538155E+00    5.9485680086E-02
    4.5719980002E-02    5.9378972543E-01   -1.2558024820E-01   -3.6352080991E+00    5.9315639517E-02
    4.5759980002E-02    5.9049625844E-01   -1.1332234980E-01   -3.5969947358E+00    5.9151821338E-02
    4.5799980002E-02    5.8686255975E-01   -9.8620125298E-02   -3.5513508021E+00    5.8995926173E-02
    4.5839980002E-02    5.8308823927E-01   -8.1530743295E-02   -3.4984855273E+00    5.8849824950E-02
    4.5879980002E-02    5.7940049891E-01   -6.2150817741E-02   -3.4387101923E+00    5.8715432792E-02
    4.5919980002E-02    5.7605154202E-01   -4.0625641493E-02   -3.3724715121E+00    5.8594483116E-02
    4.5959980002E-02    5.7331144217E-01   -1.7152995437E-02   -3.3003708446E+00    5.8488247083E-02
    4.5999980002E-02    5.7144890736E-01    8.0180124169E-03   -3.2231485873E+00    5.8397336399E-02
    4.6039980002E-02    5.7071189643E-01    3.4601565641E-02   -3.1416330226E+00    5.8321736671E-02
    4.6079980002E-02    5.7131533543E-01    6.2299257342E-02   -3.0566712088E+00    5.8261096703E-02
    4.6119980002E-02    5.7343430801E-01    9.0817504750E-02   -2.9690766679E+00    5.8215146004E-02
    4.6159980002E-02    5.7719906378E-01    1.1986560556E-01   -2.8796283957E+00    5.8184016695E-02
    4.6199980002E-02    5.8268831923E-01    1.4913707364E-01   -2.7891231110E+00    5.8168277479E-02
    4.6239980002E-02    5.8991729407E-01    1.7829054093E-01   -2.6984342407E+00    5.8168656768E-02
    4.6279980002E-02    5.9882493707E-01    2.0695117855E-01   -2.6085145349E+00    5.8185622566E-02
    4.6319980002E-02    6.0927137343E-01    2.3474091043E-01   -2.5203168712E+00    5.8219054988E-02
    4.6359980002E-02    6.2105244570E-01    2.6132324869E-01   -2.4346750378E+00    5.8268150426E-02
    4.6399980002E-02    6.3392529778E-01    2.8643653940E-01   -2.3522217141E+00    5.8331543008E-02
    4.6439980002E-02    6.4763084385E-01    3.0989983590E-01   -2.2733897791E+00    5.8407554644E-02
    4.6479980002E-02    6.6190413443E-01    3.3159703388E-01   -2.1984795146E+00    5.8494487853E-02
    4.6519980002E-02    6.7647616171E-01    3.5145697343E-01   -2.1277394399E+00    5.8590879762E-02
    4.6559980002E-02    6.9107445488E-01    3.6944141368E-01   -2.0614176661E+00    5.8695639854E-02
    4.6599980002E-02    7.0542665517E-01    3.8554168006E-01   -1.9997733992E+00    5.8808035846E-02
    4.6639980002E-02    7.1926733111E-01    3.9977886551E-01   -1.9430643343E+00    5.8927561385E-02
    4.6679980002E-02    7.3234629328E-01    4.1220278583E-01   -1.8915309144E+00    5.9053768763E-02
    4.6719980002E-02    7.4443514534E-01    4.2288741334E-01   -1.8453875380E+00    5.9186149376E-02
    4.6759980002E-02    7.5533063971E-01    4.3192346909E-01   -1.8048204536E+00    5.9324095382E-02
    4.6799980002E-02    7.6485586557E-01    4.3941002438E-01   -1.7699889553E+00    5.9466920925E-02
    4.6839980002E-02    7.7286072163E-01    4.4544643509E-01   -1.7410274494E+00    5.9613905818E-02
    4.6879980002E-02    7.7922186514E-01    4.5012502388E-01   -1.7180468574E+00    5.9764338060E-02
    4.6919980002E-02    7.8384227977E-01    4.5352472690E-01   -1.7011351244E+00    5.9917543331E-02
    4.6959980002E-02    7.8665075250E-01    4.5570587450E-01   -1.6903573755E+00    6.0072894593E-02
    4.6999980002E-02    7.8760142493E-01    4.5670622639E-01   -1.6857561672E+00    6.0229803482E-02
    4.7039980002E-02    7.8667342088E-01    4.5653834981E-01   -1.6873518092E+00    6.0387701719E-02
    4.7079980002E-02    7.8387063402E-01    4.5518842335E-01   -1.6951426345E+00    6.0546018277E-02
    4.7119980002E-02    7.7922192470E-01    4.5261655168E-01   -1.7091053336E+00    6.0704155355E-02
    4.7159980002E-02    7.7278171645E-01    4.4875858022E-01   -1.7291953864E+00    6.0861465960E-02
    4.7199980003E-02    7.6463065398E-01    4.4352927190E-01   -1.7553474478E+00    6.1017236965E-02
    4.7239980003E-02    7.5487632901E-01    4.3682679282E-01   -1.7874757717E+00    6.1170686736E-02
    4.7279980003E-02    7.4365419401E-01    4.2853854239E-01   -1.8254743789E+00    6.1320987615E-02
    4.7319980003E-02    7.3112819158E-01    4.1854817402E-01   -1.8692157582E+00    6.1467309685E-02
    4.7359980003E-02    7.1749090881E-01    4.0674366233E-01   -1.9185478261E+00    6.1608871449E-02
    4.7399980003E-02    7.0296350420E-01    3.9302636504E-01   -1.9732909546E+00    6.1744980424E-02
    4.7439980003E-02    6.8779420765E-01    3.7732004475E-01   -2.0332379833E+00    6.1875028551E-02
    4.7479980003E-02    6.7225314900E-01    3.5957732171E-01   -2.0981615004E+00    6.1998402155E-02
    4.7519980003E-02    6.5662354595E-01    3.3978148129E-01   -2.1678321763E+00    6.2114317531E-02
    4.7559980003E-02    6.4119258138E-01    3.1794481310E-01   -2.2420422724E+00    6.2221663184E-02
    4.7599980003E-02    6.2624560815E-01    2.9410850699E-01   -2.3206118353E+00    6.2318941204E-02
    4.7639980003E-02    6.1206527401E-01    2.6835123543E-01   -2.4033507435E+00    6.2404349664E-02
    4.7679980003E-02    5.9893414068E-01    2.4081109968E-01   -2.4899743143E+00    6.2475978833E-02
    4.7719980003E-02    5.8713103139E-01    2.1171150187E-01   -2.5800080921E+00    6.2532064646E-02
    4.7759980003E-02    5.7691133223E-01    1.8136816262E-01   -2.6727442310E+00    6.2571271168E-02
    4.7799980003E-02    5.6847582585E-01    1.5016171294E-01   -2.7672929128E+00    6.2592963661E-02
    4.7839980003E-02    5.6194580183E-01    1.1848642644E-01   -2.8627037765E+00    6.2597316969E-02
    4.7879980003E-02    5.5735884268E-01    8.6706418551E-02   -2.9580754737E+00    6.2585066436E-02
    4.7919980003E-02    5.5468192192E-01    5.5142949182E-02   -3.0525855152E+00    6.2556931315E-02
    4.7959980003E-02    5.5382709581E-01    2.4090332648E-02   -3.1454450435E+00    6.2513050135E-02
    4.7999980003E-02    5.5465940378E-01   -6.1613316217E-03   -3.2358409846E+00    6.2452834959E-02
    4.8039980003E-02    5.5699928143E-01   -3.5316242962E-02   -3.3229259934E+00    6.2375385102E-02
    4.8079980003E-02    5.6062709982E-01   -6.3081186664E-02   -3.4058661278E+00    6.2280203480E-02
    4.8119980003E-02    5.6529255611E-01   -8.9184752538E-02   -3.4839080753E+00    6.2167750484E-02
    4.8159980003E-02    5.7072470584E-01   -1.1339732807E-01   -3.5564206957E+00    6.2039525807E-02
    4.8199980003E-02    5.7664501287E-01   -1.3553876906E-01   -3.6229039237E+00    6.1897728836E-02
    4.8239980003E-02    5.8278167358E-01   -1.5547527401E-01   -3.6829794252E+00    6.1744769430E-02
    4.8279980003E-02    5.8887835918E-01   -1.7311690981E-01   -3.7363727268E+00    6.1582879168E-02
    4.8319980003E-02    5.9470033436E-01   -1.8841404716E-01   -3.7828953493E+00    6.1413933212E-02
    4.8359980003E-02    6.0004139044E-01   -2.0134866633E-01   -3.8224307712E+00    6.1239456388E-02
    4.8399980003E-02    6.0472540477E-01   -2.1192834977E-01   -3.8549166995E+00    6.1060711828E-02
    4.8439980003E-02    6.0860575202E-01   -2.2017969256E-01   -3.8803258867E+00    6.0878790319E-02
    4.8479980003E-02    6.1156946720E-01   -2.2613388404E-01   -3.8986549727E+00    6.0694684017E-02
    4.8519980003E-02    6.1353735916E-01   -2.2981848953E-01   -3.9099141780E+00    6.0509338164E-02
    4.8559980003E-02    6.1446015851E-01   -2.3125647373E-01   -3.9141162908E+00    6.0323673996E-02
    4.8599980003E-02    6.1431857653E-01   -2.3046200904E-01   -3.9112727764E+00    6.0138598548E-02
    4.8639980003E-02    6.1312480570E-01   -2.2743658957E-01   -3.9013943010E+00    5.9955013106E-02
    4.8679980003E-02    6.1092067660E-01   -2.2217217446E-01   -3.8844897925E+00    5.9773822492E-02
    4.8719980003E-02    6.0777588007E-01   -2.1465703085E-01   -3.8605687249E+00    5.9595945696E-02
    4.8759980003E-02    6.0379197605E-01   -2.0487580327E-01   -3.8296533953E+00    5.9422333133E-02
    4.8799980003E-02    5.9910398566E-01   -1.9281458143E-01   -3.7917919781E+00    5.9254006930E-02
    4.8839980003E-02    5.9387692912E-01   -1.7847391548E-01   -3.7470703599E+00    5.9092124473E-02
    4.8879980003E-02    5.8830425683E-01   -1.6187831126E-01   -3.6956302188E+00    5.8938053317E-02
    4.8919980003E-02    5.8260574197E-01   -1.4308332540E-01   -3.6376887841E+00    5.8793444431E-02
    4.8959980003E-02    5.7702071481E-01   -1.2218445285E-01   -3.5735543873E+00    5.8660249362E-02
    4.8999980003E-02    5.7180081240E-01   -9.9321261618E-02   -3.5036406348E+00    5.8540592324E-02
    4.9039980003E-02    5.6720318509E-01   -7.4674784516E-02   -3.4284769559E+00    5.8436458562E-02
    4.9079980003E-02    5.6347814208E-01   -4.8466144854E-02   -3.3487050326E+00    5.8349283240E-02
    4.9119980003E-02    5.6085543161E-01   -2.0951358708E-02   -3.2650607142E+00    5.8279636611E-02
    4.9159980003E-02    5.5953336553E-01    7.5918619382E-03   -3.1783405876E+00    5.8227223020E-02
    4.9199980003E-02    5.5967115086E-01    3.6880036933E-02   -3.0893584708E+00    5.8191266990E-02
    4.9239980003E-02    5.6138357443E-01    6.6632198568E-02   -2.9989124014E+00    5.8171098856E-02
    4.9279980003E-02    5.6473741741E-01    9.6565521937E-02   -2.9077868263E+00    5.8166585262E-02
    4.9319980003E-02    5.6974590072E-01    1.2638080944E-01   -2.8167887867E+00    5.8178143775E-02
    4.9359980003E-02    5.7635954745E-01    1.5575021220E-01   -2.7267840939E+00    5.8206362588E-02
    4.9399980003E-02    5.8445825380E-01    1.8432256668E-01   -2.6386888793E+00    5.8251499006E-02
    4.9439980003E-02    5.9385353333E-01    2.1175215390E-01   -2.5533987978E+00    5.8313171662E-02
    4.9479980003E-02    6.0430574778E-01    2.3773968224E-01   -2.4716855722E+00    5.8390375849E-02
    4.9519980003E-02    6.1555077389E-01    2.6206401016E-01   -2.3941180558E+00    5.8481716505E-02
    4.9559980003E-02    6.2732400077E-01    2.8458962805E-01   -2.3210487471E+00    5.8585672131E-02
    4.9599980003E-02    6.3937370059E-01    3.0525264572E-01   -2.2526660034E+00    5.8700781150E-02
    4.9639980003E-02    6.5146300647E-01    3.2403740622E-01   -2.1890763562E+00    5.8825738464E-02
    4.9679980003E-02    6.6336524938E-01    3.4095512160E-01   -2.1303750188E+00    5.8959428824E-02
    4.9719980003E-02    6.7485879170E-01    3.5603019486E-01   -2.0766816223E+00    5.9100922822E-02
    4.9759980003E-02    6.8572717303E-01    3.6929617669E-01   -2.0281460362E+00    5.9249443734E-02
    4.9799980003E-02    6.9576370663E-01    3.8079602877E-01   -1.9849366034E+00    5.9404311678E-02
    4.9839980003E-02    7.0477703834E-01    3.9058136398E-01   -1.9472220929E+00    5.9564885073E-02
    4.9879980003E-02    7.1259637568E-01    3.9870993829E-01   -1.9151568702E+00    5.9730517068E-02
    4.9919980003E-02    7.1907604875E-01    4.0524221732E-01   -1.8888736953E+00    5.9900534191E-02
    4.9959980003E-02    7.2409748273E-01    4.1023601487E-01   -1.8684807126E+00    6.0074236498E-02
    4.9999980003E-02    7.2756871860E-01    4.1373998301E-01   -1.8540597625E+00    6.0250906227E-02
    5.0039980003E-02    7.2942443048E-01    4.1578913184E-01   -1.8456679774E+00    6.0429814180E-02
    5.0079980003E-02    7.2962628316E-01    4.1640211238E-01   -1.8433408063E+00    6.0610224674E-02
    5.0119980003E-02    7.2816238872E-01    4.1557884269E-01   -1.8470929985E+00    6.0791397361E-02
    5.0159980003E-02    7.2504681350E-01    4.1329930909E-01   -1.8569183243E+00    6.0972582515E-02
    5.0199980003E-02    7.2032043165E-01    4.0952491600E-01   -1.8727900736E+00    6.1153016406E-02
    5.0239980003E-02    7.1405226282E-01    4.0420164489E-01   -1.8946609089E+00    6.1331924073E-02
    5.0279980003E-02    7.0633933498E-01    3.9726290854E-01   -1.9224596196E+00    6.1508526254E-02
    5.0319980003E-02    6.9730670221E-01    3.8863399790E-01   -1.9560890483E+00    6.1682047786E-02
    5.0359980003E-02    6.8710788862E-01    3.7823888360E-01   -1.9954281921E+00    6.1851725458E-02
    5.0399980003E-02    6.7592278924E-01    3.6600578890E-01   -2.0403370305E+00    6.2016802124E-02
    5.0439980003E-02    6.6395279499E-01    3.5187028300E-01   -2.0906669181E+00    6.2176497027E-02
    5.0479980003E-02    6.5141525279E-01    3.3577741779E-01   -2.1462794889E+00    6.2329958552E-02
    5.0519980003E-02    6.3853769169E-01    3.1768187278E-01   -2.2070669189E+00    6.2476212513E-02
    5.0559980003E-02    6.2555350971E-01    2.9754691028E-01   -2.2729614554E+00    6.2614125168E-02
    5.0599980003E-02    6.1270389384E-01    2.7535104792E-01   -2.3439232665E+00    6.2742387919E-02
    5.0639980003E-02    6.0024499054E-01    2.5110699213E-01   -2.4198920313E+00    6.2859509485E-02
    5.0679980003E-02    5.8845283731E-01    2.2488750608E-01   -2.5007024158E+00    6.2963826447E-02
    5.0719980003E-02    5.7761906012E-01    1.9685040651E-01   -2.5859988819E+00    6.3053581122E-02
    5.0759980003E-02    5.6803239873E-01    1.6724796362E-01   -2.6751967229E+00    6.3127125233E-02
    5.0799980003E-02    5.5994911930E-01    1.3640769954E-01   -2.7675159706E+00    6.3183243270E-02
    5.0839980003E-02    5.5356530658E-01    1.0468996366E-01   -2.8620735512E+00    6.3221435597E-02
    5.0879980003E-02    5.4900407758E-01    7.2444796886E-02   -2.9579813529E+00    6.3241911633E-02
    5.0919980003E-02    5.4631984363E-01    3.9989543697E-02   -3.0543989183E+00    6.3245192622E-02
    5.0959980003E-02    5.4551066288E-01    7.6117439540E-03   -3.1505290592E+00    6.3231536450E-02
    5.0999980003E-02    5.4652794281E-01   -2.4414087343E-02   -3.2455848233E+00    6.3200594613E-02
    5.1039980003E-02    5.4927901855E-01   -5.5810561842E-02   -3.3387649415E+00    6.3151587436E-02
    5.1079980003E-02    5.5362508148E-01   -8.6290483274E-02   -3.4292556012E+00    6.3083905291E-02
    5.1119980003E-02    5.5937951731E-01   -1.1556000627E-01   -3.5162541306E+00    6.2997715132E-02
    5.1159980003E-02    5.6631045623E-01   -1.4333099300E-01   -3.5990032023E+00    6.2894167732E-02
    5.1199980003E-02    5.7414949119E-01   -1.6934085431E-01   -3.6768294968E+00    6.2775139985E-02
    5.1239980003E-02    5.8260702858E-01   -1.9337427722E-01   -3.7491834031E+00    6.2642774147E-02
    5.1279980003E-02    5.9139156890E-01   -2.1527911237E-01   -3.8156687654E+00    6.2499102315E-02
    5.1319980003E-02    6.0022619882E-01   -2.3497429775E-01   -3.8760437566E+00    6.2345861368E-02
    5.1359980003E-02    6.0885972679E-01   -2.5244352734E-01   -3.9301949963E+00    6.2184481490E-02
    5.1399980003E-02    6.1707272189E-01   -2.6771488458E-01   -3.9781018372E+00    6.2016179543E-02
    5.1439980003E-02    6.2467719757E-01   -2.8084259085E-01   -4.0197960995E+00    6.1842037448E-02
    5.1479980003E-02    6.3151287719E-01   -2.9189495415E-01   -4.0553259694E+00    6.1663044176E-02
    5.1519980003E-02    6.3744441509E-01   -3.0094269384E-01   -4.0847360167E+00    6.1480140188E-02
    5.1559980003E-02    6.4235980201E-01   -3.0805101669E-01   -4.1080597941E+00    6.1294236610E-02
    5.1599980003E-02    6.4616951392E-01   -3.1327609818E-01   -4.1253184294E+00    6.1106211137E-02
    5.1639980003E-02    6.4880658106E-01   -3.1666248742E-01   -4.1365238281E+00    6.0916924515E-02
    5.1679980003E-02    6.5022720920E-01   -3.1824195285E-01   -4.1416840503E+00    6.0727237780E-02
    5.1719980003E-02    6.5041126377E-01   -3.1803359763E-01   -4.1408070365E+00    6.0537999538E-02
    5.1759980003E-02    6.4936237730E-01   -3.1604302710E-01   -4.1339022474E+00    6.0350042318E-02
    5.1799980003E-02    6.4710768600E-01   -3.1226230193E-01   -4.1209804305E+00    6.0164196931E-02
    5.1839980003E-02    6.4369732113E-01   -3.0667065288E-01   -4.1020517142E+00    5.9981293302E-02
    5.1879980003E-02    6.3920365895E-01   -2.9923471606E-01   -4.0771220394E+00    5.9802153877E-02
    5.1919980003E-02    6.3372046601E-01   -2.8991040226E-01   -4.0461884450E+00    5.9627610937E-02
    5.1959980003E-02    6.2736280094E-01   -2.7864618471E-01   -4.0092376362E+00    5.9458525369E-02
    5.1999980003E-02    6.2026810355E-01   -2.6538635491E-01   -3.9662508680E+00    5.9295782110E-02
    5.2039980003E-02    6.1259787493E-01   -2.5007883029E-01   -3.9172145785E+00    5.9140305355E-02
    5.2079980003E-02    6.0454004390E-01   -2.3268771442E-01   -3.8621426297E+00    5.8993106162E-02
    5.2119980003E-02    5.9631126923E-01   -2.1320798129E-01   -3.8011134656E+00    5.8855335250E-02
    5.2159980003E-02    5.8815617455E-01   -1.9168262919E-01   -3.7343138208E+00    5.8728336090E-02
    5.2199980003E-02    5.8034051327E-01   -1.6821899150E-01   -3.6620756089E+00    5.8613672086E-02
    5.2239980003E-02    5.7313788828E-01   -1.4299354155E-01   -3.5848943433E+00    5.8513054103E-02
    5.2279980003E-02    5.6681167793E-01   -1.1624139794E-01   -3.5034166133E+00    5.8428124527E-02
    5.2319980003E-02    5.6159617631E-01   -8.8236957858E-02   -3.4183954543E+00    5.8360148336E-02
    5.2359980003E-02    5.5768272195E-01   -5.9271824443E-02   -3.3306335978E+00    5.8309750286E-02
    5.2399980003E-02    5.5521365437E-01   -2.9635850508E-02   -3.2409375407E+00    5.8276885945E-02
    5.2439980003E-02    5.5428240623E-01    3.9332938044E-04   -3.1500938279E+00    5.8261126935E-02
    5.2479980003E-02    5.5493578307E-01    3.0549118881E-02   -3.0588674464E+00    5.8262107798E-02
    5.2519980003E-02    5.5717510353E-01    6.0566210763E-02   -2.9680186283E+00    5.8279827071E-02
    5.2559980003E-02    5.6095417357E-01    9.0167994796E-02   -2.8783276100E+00    5.8314589556E-02
    5.2599980003E-02    5.6617449756E-01    1.1905869113E-01   -2.7906106445E+00    5.8366647713E-02
    5.2639980003E-02    5.7268118474E-01    1.4692779960E-01   -2.7057099925E+00    5.8435812386E-02
    5.2679980003E-02    5.8026488468E-01    1.7346977195E-01   -2.6244496057E+00    5.8521284810E-02
    5.2719980003E-02    5.8867361632E-01    1.9841213497E-01   -2.5475645617E+00    5.8621763483E-02
    5.2759980003E-02    5.9763329979E-01    2.2154208528E-01   -2.4756339791E+00    5.8735703012E-02
    5.2799980003E-02    6.0687037811E-01    2.4272211718E-01   -2.4090496501E+00    5.8861565642E-02
    5.2839980003E-02    6.1612899560E-01    2.6188939541E-01   -2.3480313622E+00    5.8997968976E-02
    5.2879980003E-02    6.2517919334E-01    2.7903940546E-01   -2.2926723753E+00    5.9143713567E-02
    5.2919980003E-02    6.3381747412E-01    2.9420400136E-01   -2.2429933219E+00    5.9297749114E-02
    5.2959980003E-02    6.4186353255E-01    3.0743385628E-01   -2.1989894662E+00    5.9459133250E-02
    5.2999980003E-02    6.4915662925E-01    3.1878614586E-01   -2.1606606768E+00    5.9626990140E-02
    5.3039980003E-02    6.5555355388E-01    3.2831616251E-01   -2.1280224284E+00    5.9800477484E-02
    5.3079980003E-02    6.6092858200E-01    3.3607382543E-01   -2.1011058878E+00    5.9978779169E-02
    5.3119980003E-02    6.6517462358E-01    3.4210212193E-01   -2.0799531869E+00    6.0161103332E-02
    5.3159980004E-02    6.6820482863E-01    3.4643432719E-01   -2.0646090623E+00    6.0346665310E-02
    5.3199980004E-02    6.6995455328E-01    3.4909323406E-01   -2.0551134506E+00    6.0534677476E-02
    5.3239980004E-02    6.7038298812E-01    3.5009099587E-01   -2.0514965838E+00    6.0724350314E-02
    5.3279980004E-02    6.6947401136E-01    3.4942744740E-01   -2.0537754528E+00    6.0914890210E-02
    5.3319980004E-02    6.6723671199E-01    3.4708983452E-01   -2.0619526923E+00    6.1105494104E-02
    5.3359980004E-02    6.6370555512E-01    3.4305441917E-01   -2.0760181589E+00    6.1295348664E-02
    5.3399980004E-02    6.5893961396E-01    3.3728601069E-01   -2.0959514164E+00    6.1483633834E-02
    5.3439980004E-02    6.5302131726E-01    3.2973795533E-01   -2.1217268482E+00    6.1669515898E-02
    5.3479980004E-02    6.4605506092E-01    3.2035443749E-01   -2.1533217073E+00    6.1852136091E-02
    5.3519980004E-02    6.3816550757E-01    3.0907157292E-01   -2.1907244922E+00    6.2030610718E-02
    5.3559980004E-02    6.2949625111E-01    2.9581931302E-01   -2.2339431068E+00    6.2204024533E-02
    5.3599980004E-02    6.2020990537E-01    2.8052594299E-01   -2.2830074037E+00    6.2371405636E-02
    5.3639980004E-02    6.1049030628E-01    2.6312326657E-01   -2.3379574482E+00    6.2531715357E-02
    5.3679980004E-02    6.0054642190E-01    2.4355839505E-01   -2.3988178282E+00    6.2683827911E-02
    5.3719980004E-02    5.9061610158E-01    2.2181563297E-01   -2.4655575886E+00    6.2826449692E-02
    5.3759980004E-02    5.8096686904E-01    1.9793782919E-01   -2.5380336931E+00    6.2958042353E-02
    5.3799980004E-02    5.7188947977E-01    1.7204197125E-01   -2.6159393697E+00    6.3076813340E-02
    5.3839980004E-02    5.6368172129E-01    1.4432445586E-01   -2.6987844696E+00    6.3180806232E-02
    5.3879980004E-02    5.5662582845E-01    1.1504827602E-01   -2.7859163020E+00    6.3268153226E-02
    5.3919980004E-02    5.5096701866E-01    8.4514818525E-02   -2.8765708450E+00    6.3337464536E-02
    5.3959980004E-02    5.4689969475E-01    5.3034509649E-02   -2.9699327582E+00    6.3388154551E-02
    5.3999980004E-02    5.4456369226E-01    2.0907252722E-02   -3.0651813375E+00    6.3420439338E-02
    5.4039980004E-02    5.4404795058E-01   -1.1584363749E-02   -3.1615125186E+00    6.3434924711E-02
    5.4079980004E-02    5.4539591453E-01   -4.4169638321E-02   -3.2581395681E+00    6.3432031274E-02
    5.4119980004E-02    5.4860720269E-01   -7.6575292962E-02   -3.3542767391E+00    6.3411672194E-02
    5.4159980004E-02    5.5363263509E-01   -1.0850835730E-01   -3.4491138964E+00    6.3373414849E-02
    5.4199980004E-02    5.6036432934E-01   -1.3964665573E-01   -3.5418014172E+00    6.3316978546E-02
    5.4239980004E-02    5.6862791240E-01   -1.6964741605E-01   -3.6314712586E+00    6.3242690822E-02
    5.4279980004E-02    5.7818595672E-01   -1.9817695088E-01   -3.7173047442E+00    6.3151616014E-02
    5.4319980004E-02    5.8875673299E-01   -2.2495135278E-01   -3.7986229616E+00    6.3045347826E-02
    5.4359980004E-02    6.0004254032E-01   -2.4976949837E-01   -3.8749516214E+00    6.2925669396E-02
    5.4399980004E-02    6.1175525093E-01   -2.7252192037E-01   -3.9460278203E+00    6.2794292826E-02
    5.4439980004E-02    6.2362976242E-01   -2.9317517528E-01   -4.0117513624E+00    6.2652746694E-02
    5.4479980004E-02    6.3542527895E-01   -3.1174660018E-01   -4.0721071514E+00    6.2502363936E-02
    5.4519980004E-02    6.4692003427E-01   -3.2828144371E-01   -4.1270937660E+00    6.2344316726E-02
    5.4559980004E-02    6.5790510463E-01   -3.4283567302E-01   -4.1766838177E+00    6.2179661152E-02
    5.4599980004E-02    6.6818199804E-01   -3.5546807959E-01   -4.2208144742E+00    6.2009359127E-02
    5.4639980004E-02    6.7756510550E-01   -3.6624014911E-01   -4.2593936143E+00    6.1834292985E-02
    5.4679980004E-02    6.8588560302E-01   -3.7521509330E-01   -4.2923151227E+00    6.1655292424E-02
    5.4719980004E-02    6.9299553622E-01   -3.8245580361E-01   -4.3194750104E+00    6.1473159671E-02
    5.4759980004E-02    6.9877179856E-01   -3.8802324572E-01   -4.3407816620E+00    6.1288685808E-02
    5.4799980004E-02    7.0311804700E-01   -3.9197244582E-01   -4.3561624126E+00    6.1102658812E-02
    5.4839980004E-02    7.0596480077E-01   -3.9434731225E-01   -4.3655677819E+00    6.0915862619E-02
    5.4879980004E-02    7.0727031386E-01   -3.9517897520E-01   -4.3689707331E+00    6.0729073712E-02
    5.4919980004E-02    7.0702097927E-01   -3.9448472574E-01   -4.3663654631E+00    6.0543061165E-02
    5.4959980004E-02    7.0523024103E-01   -3.9226567736E-01   -4.3577690065E+00    6.0358586732E-02
    5.4999980004E-02    7.0193834256E-01   -3.8850725456E-01   -4.3432216404E+00    6.0176403241E-02
    5.5039980004E-02    6.9721281982E-01   -3.8318227083E-01   -4.3227859394E+00    5.9997253058E-02
    5.5079980004E-02    6.9114775358E-01   -3.7625336283E-01   -4.2965470501E+00    5.9821866398E-02
    5.5119980004E-02    6.8386190697E-01   -3.6767522363E-01   -4.2646119002E+00    5.9650960171E-02
    5.5159980004E-02    6.7549735293E-01   -3.5739945954E-01   -4.2271026047E+00    5.9485243273E-02
    5.5199980004E-02    6.6621667642E-01   -3.4537841961E-01   -4.1841464972E+00    5.9325431905E-02
    5.5239980004E-02    6.5619801967E-01   -3.3156563380E-01   -4.1358641476E+00    5.9172272812E-02
    5.5279980004E-02    6.4563089044E-01   -3.1591648838E-01   -4.0823547883E+00    5.9026573702E-02
    5.5319980004E-02    6.3471410890E-01   -2.9839031721E-01   -4.0236877188E+00    5.8889237619E-02
    5.5359980004E-02    6.2365652561E-01   -2.7895520503E-01   -3.9599115668E+00    5.8761291644E-02
    5.5399980004E-02    6.1268150667E-01   -2.5760074986E-01   -3.8910880146E+00    5.8643908530E-02
    5.5439980004E-02    6.0203253579E-01   -2.3436013384E-01   -3.8173514830E+00    5.8538420890E-02
    5.5479980004E-02    5.9197320315E-01   -2.0933421952E-01   -3.7389833938E+00    5.8446292721E-02
    5.5519980004E-02    5.8277596222E-01   -1.8270658696E-01   -3.6564694274E+00    5.8368992985E-02
    5.5559980004E-02    5.7470018968E-01   -1.5474110728E-01   -3.5705028620E+00    5.8307760951E-02
    5.5599980004E-02    5.6796611979E-01   -1.2575840448E-01   -3.4819247844E+00    5.8263340386E-02
    5.5639980004E-02    5.6273450567E-01   -9.6098768560E-02   -3.3916310028E+00    5.8235847172E-02
    5.5679980004E-02    5.5909909605E-01   -6.6089646957E-02   -3.3004934550E+00    5.8224922098E-02
    5.5719980004E-02    5.5709069936E-01   -3.6032070620E-02   -3.2093300773E+00    5.8230148287E-02
    5.5759980004E-02    5.5668547095E-01   -6.2061923302E-03   -3.1189218352E+00    5.8251489490E-02
    5.5799980004E-02    5.5781114062E-01    2.3114895184E-02   -3.0300463965E+00    5.8289439271E-02
    5.5839980004E-02    5.6035003648E-01    5.1655287103E-02   -2.9434957498E+00    5.8344744023E-02
    5.5879980004E-02    5.6414141554E-01    7.9136485773E-02   -2.8600653017E+00    5.8417858870E-02
    5.5919980004E-02    5.6898520391E-01    1.0528734378E-01   -2.7805246382E+00    5.8508484140E-02
    5.5959980004E-02    5.7464885676E-01    1.2985764327E-01   -2.7055841786E+00    5.8615450586E-02
    5.5999980004E-02    5.8087859497E-01    1.5262929538E-01   -2.6358640698E+00    5.8736960428E-02
    5.6039980004E-02    5.8741302140E-01    1.7342534449E-01   -2.5718703300E+00    5.8870986532E-02
    5.6079980004E-02    5.9399492446E-01    1.9211879296E-01   -2.5139862214E+00    5.9015613856E-02
    5.6119980004E-02    6.0038170913E-01    2.0863454530E-01   -2.4624779434E+00    5.9169204585E-02
    5.6159980004E-02    6.0635486763E-01    2.2294112443E-01   -2.4175096164E+00    5.9330400347E-02
    5.6199980004E-02    6.1172458959E-01    2.3504033113E-01   -2.3791678522E+00    5.9498052356E-02
    5.6239980004E-02    6.1633062657E-01    2.4495643165E-01   -2.3474890967E+00    5.9671146514E-02
    5.6279980004E-02    6.2004322699E-01    2.5272256389E-01   -2.3224799476E+00    5.9848739224E-02
    5.6319980004E-02    6.2276284282E-01    2.5837018650E-01   -2.3041320934E+00    6.0029920212E-02
    5.6359980004E-02    6.2441703336E-01    2.6192574461E-01   -2.2924366759E+00    6.0213800866E-02
    5.6399980004E-02    6.2495929256E-01    2.6340650773E-01   -2.2873914037E+00    6.0399498012E-02
    5.6439980004E-02    6.2436994313E-01    2.6281589102E-01   -2.2890007887E+00    6.0586122365E-02
    5.6479980004E-02    6.2265604157E-01    2.6014277624E-01   -2.2972769344E+00    6.0772781496E-02
    5.6519980004E-02    6.1985090345E-01    2.5536309623E-01   -2.3122407522E+00    6.0958575279E-02
    5.6559980004E-02    6.1601501250E-01    2.4844114322E-01   -2.3339196183E+00    6.1142588339E-02
    5.6599980004E-02    6.1123818092E-01    2.3933068867E-01   -2.3623417537E+00    6.1323890719E-02
    5.6639980004E-02    6.0563955110E-01    2.2798234720E-01   -2.3975316864E+00    6.1501522001E-02
    5.6679980004E-02    5.9936762575E-01    2.1435408024E-01   -2.4394997187E+00    6.1674455744E-02
    5.6719980004E-02    5.9260311167E-01    1.9841909791E-01   -2.4882198589E+00    6.1841550764E-02
    5.6759980004E-02    5.8555923538E-01    1.8017747640E-01   -2.5436054108E+00    6.2001466044E-02
    5.6799980004E-02    5.7847761430E-01    1.5967017554E-01   -2.6054868572E+00    6.2152556515E-02
    5.6839980004E-02    5.7162302308E-01    1.3698550151E-01   -2.6735918791E+00    6.2292813825E-02
    5.6879980004E-02    5.6527444867E-01    1.1226091852E-01   -2.7475348306E+00    6.2419925478E-02
    5.6919980004E-02    5.5971091697E-01    8.5685271564E-02   -2.8268154887E+00    6.2531545891E-02
    5.6959980004E-02    5.5520007639E-01    5.7492139628E-02   -2.9108161782E+00    6.2625795481E-02
    5.6999980004E-02    5.5198832115E-01    2.7946640270E-02   -2.9988084085E+00    6.2701760072E-02
    5.7039980004E-02    5.5028836730E-01   -2.6667585192E-03   -3.0899861193E+00    6.2759628730E-02
    5.7079980004E-02    5.5027027879E-01   -3.4057541404E-02   -3.1835173159E+00    6.2800290376E-02
    5.7119980004E-02    5.5205931791E-01   -6.5939181491E-02   -3.2785872958E+00    6.2824596025E-02
    5.7159980004E-02    5.5573584796E-01   -9.8025441665E-02   -3.3744043963E+00    6.2832761690E-02
    5.7199980004E-02    5.6133010977E-01   -1.3001194288E-01   -3.4701618050E+00    6.2824298768E-02
    5.7239980004E-02    5.6880898676E-01   -1.6155717645E-01   -3.5649908926E+00    6.2798477542E-02
    5.7279980004E-02    5.7806172673E-01   -1.9228435950E-01   -3.6579634787E+00    6.2754964459E-02
    5.7319980004E-02    5.8889804681E-01   -2.2181421392E-01   -3.7481717845E+00    6.2694206491E-02
    5.7359980004E-02    6.0106636025E-01   -2.4981503951E-01   -3.8348501595E+00    6.2617399308E-02
    5.7399980004E-02    6.1428495262E-01   -2.7604155103E-01   -3.9174607430E+00    6.2526200592E-02
    5.7439980004E-02    6.2826963855E-01   -3.0034305515E-01   -3.9956892531E+00    6.2422431854E-02
    5.7479980004E-02    6.4274532109E-01   -3.2264334458E-01   -4.0693656464E+00    6.2307867715E-02
    5.7519980004E-02    6.5744275198E-01   -3.4291138018E-01   -4.1383682858E+00    6.2184088635E-02
    5.7559980004E-02    6.7209293313E-01   -3.6114206972E-01   -4.2025586807E+00    6.2052387383E-02
    5.7599980004E-02    6.8642801635E-01   -3.7735129074E-01   -4.2617605922E+00    6.1913758868E-02
    5.7639980004E-02    7.0018748290E-01   -3.9157711434E-01   -4.3157732343E+00    6.1768973530E-02
    5.7679980004E-02    7.1312615722E-01   -4.0388049271E-01   -4.3643963656E+00    6.1618696041E-02
    5.7719980004E-02    7.2502208004E-01   -4.1434309905E-01   -4.4074486305E+00    6.1463594893E-02
    5.7759980004E-02    7.3568145220E-01   -4.2306138634E-01   -4.4447754267E+00    6.1304395941E-02
    5.7799980004E-02    7.4493989122E-01   -4.3013819244E-01   -4.4762503935E+00    6.1141877590E-02
    5.7839980004E-02    7.5266200705E-01   -4.3567441437E-01   -4.5017735250E+00    6.0976841434E-02
    5.7879980004E-02    7.5874102715E-01   -4.3976209616E-01   -4.5212675722E+00    6.0810080766E-02
    5.7919980004E-02    7.6309791629E-01   -4.4247861547E-01   -4.5346755096E+00    6.0642353174E-02
    5.7959980004E-02    7.6567997714E-01   -4.4388202070E-01   -4.5419599012E+00    6.0474368942E-02
    5.7999980004E-02    7.6645995316E-01   -4.4400799694E-01   -4.5431027199E+00    6.0306799880E-02
    5.8039980004E-02    7.6543557090E-01   -4.4286831244E-01   -4.5381052613E+00    6.0140297320E-02
    5.8079980004E-02    7.6262937637E-01   -4.4045064411E-01   -4.5269883900E+00    5.9975509041E-02
    5.8119980004E-02    7.5808891596E-01   -4.3671982446E-01   -4.5097932100E+00    5.9813093741E-02
    5.8159980004E-02    7.5188705463E-01   -4.3162042002E-01   -4.4865821426E+00    5.9653733172E-02
    5.8199980004E-02    7.4412269017E-01   -4.2508075449E-01   -4.4574399225E+00    5.9498133607E-02
    5.8239980004E-02    7.3492178023E-01   -4.1701836284E-01   -4.4224748394E+00    5.9347006773E-02
    5.8279980004E-02    7.2443784334E-01   -4.0734651151E-01   -4.3818211324E+00    5.9201036586E-02
    5.8319980004E-02    7.1285157103E-01   -3.9598149494E-01   -4.3356416450E+00    5.9060848801E-02
    5.8359980004E-02    7.0036949575E-01   -3.8285030427E-01   -4.2841280860E+00    5.8926998625E-02
    5.8399980004E-02    6.8722088451E-01   -3.6789749610E-01   -4.2274962066E+00    5.8799996258E-02
    5.8439980004E-02    6.7365144094E-01   -3.5108921128E-01   -4.1659743041E+00    5.8680389243E-02
    5.8479980004E-02    6.5991499511E-01   -3.3241364210E-01   -4.0997854659E+00    5.8568887331E-02
    5.8519980004E-02    6.4626717680E-01   -3.1188050967E-01   -4.0291314084E+00    5.8466474614E-02
    5.8559980004E-02    6.3296337749E-01   -2.8952409782E-01   -3.9541969642E+00    5.8374449635E-02
    5.8599980004E-02    6.2026034938E-01   -2.6541450090E-01   -3.8751929166E+00    5.8294364864E-02
    5.8639980004E-02    6.0841760359E-01   -2.3967795477E-01   -3.7924345278E+00    5.8227872392E-02
    5.8679980004E-02    5.9769245463E-01   -2.1251869343E-01   -3.7064219850E+00    5.8176501994E-02
    5.8719980004E-02    5.8832212291E-01   -1.8422513388E-01   -3.6178735713E+00    5.8141402489E-02
    5.8759980004E-02    5.8049677195E-01   -1.5514846317E-01   -3.5276782877E+00    5.8123108843E-02
    5.8799980004E-02    5.7433689106E-01   -1.2566059237E-01   -3.4367871477E+00    5.8121464523E-02
    5.8839980004E-02    5.6988611053E-01   -9.6114805673E-02   -3.3461099061E+00    5.8135822784E-02
    5.8879980004E-02    5.6711856084E-01   -6.6830053040E-02   -3.2564778075E+00    5.8165489715E-02
    5.8919980004E-02    5.6595071264E-01   -3.8100734620E-02   -3.1686772893E+00    5.8210170263E-02
    5.8959980004E-02    5.6624949683E-01   -1.0216050035E-02   -3.0835065131E+00    5.8270134027E-02
    5.8999980004E-02    5.6783680507E-01    1.6529925048E-02   -3.0017987072E+00    5.8345983987E-02
    5.9039980004E-02    5.7049548887E-01    4.1845677898E-02   -2.9243914171E+00    5.8438165470E-02
    5.9079980004E-02    5.7397886480E-01    6.5462813475E-02   -2.8520649541E+00    5.8546507741E-02
    5.9119980004E-02    5.7802388547E-01    8.7156184054E-02   -2.7854877215E+00    5.8670034520E-02
    5.9159980005E-02    5.8236826120E-01    1.0675140202E-01   -2.7251889969E+00    5.8807090915E-02
    5.9199980005E-02    5.8676647121E-01    1.2412052219E-01   -2.6715605808E+00    5.8955665679E-02
    5.9239980005E-02    5.9099451345E-01    1.3917761549E-01   -2.6248818087E+00    5.9113721408E-02
    5.9279980005E-02    5.9485238818E-01    1.5187097845E-01   -2.5853487834E+00    5.9279403125E-02
    5.9319980005E-02    5.9816867148E-01    1.6217226726E-01   -2.5530966592E+00    5.9451111646E-02
    5.9359980005E-02    6.0080143837E-01    1.7006962627E-01   -2.5282175335E+00    5.9627487137E-02
    5.9399980005E-02    6.0263928250E-01    1.7556090943E-01   -2.5107742217E+00    5.9807352595E-02
    5.9439980005E-02    6.0360676724E-01    1.7864331677E-01   -2.5008073938E+00    5.9989649979E-02
    5.9479980005E-02    6.0366287208E-01    1.7931195618E-01   -2.4983421778E+00    6.0173385992E-02
    5.9519980005E-02    6.0279641310E-01    1.7756282271E-01   -2.5033939959E+00    6.0357592229E-02
    5.9559980005E-02    6.0103048944E-01    1.7338758732E-01   -2.5159679380E+00    6.0541290723E-02
    5.9599980005E-02    5.9842434019E-01    1.6677282668E-01   -2.5360570299E+00    6.0723454842E-02
    5.9639980005E-02    5.9506975690E-01    1.5770661148E-01   -2.5636404048E+00    6.0902961756E-02
    5.9679980005E-02    5.9109172343E-01    1.4618180976E-01   -2.5986771403E+00    6.1078531510E-02
    5.9719980005E-02    5.8664973351E-01    1.3219955954E-01   -2.6410974581E+00    6.1248655564E-02
    5.9759980005E-02    5.8193309905E-01    1.1578042965E-01   -2.6907907553E+00    6.1411537223E-02
    5.9799980005E-02    5.7716084879E-01    9.6972851260E-02   -2.7475825067E+00    6.1565094953E-02
    5.9839980005E-02    5.7258166163E-01    7.5861447395E-02   -2.8112040581E+00    6.1707092275E-02
    5.9879980005E-02    5.6846592170E-01    5.2580641545E-02   -2.8812602398E+00    6.1835415840E-02
    5.9919980005E-02    5.6509647035E-01    2.7322940090E-02   -2.9571996874E+00    6.1948444265E-02
    5.9959980005E-02    5.6275569726E-01    3.3646522147E-04   -3.0383114036E+00    6.2045350006E-02
    5.9999980005E-02    5.6170677446E-01   -2.8089169833E-02   -3.1237683060E+00    6.2126127868E-02
    6.0039980005E-02    5.6217805863E-01   -5.7647256575E-02   -3.2127060478E+00    6.2191263159E-02
    6.0079980005E-02    5.6435754244E-01   -8.8036281466E-02   -3.3042929331E+00    6.2241194837E-02
    6.0119980005E-02    5.6839144702E-01   -1.1896146499E-01   -3.3977439821E+00    6.2275888572E-02
    6.0159980005E-02    5.7437752519E-01   -1.5011231915E-01   -3.4922684976E+00    6.2294775750E-02
    6.0199980005E-02    5.8234901914E-01   -1.8113570333E-01   -3.5869991793E+00    6.2297077689E-02
    6.0239980005E-02    5.9225663744E-01   -2.1163322884E-01   -3.6809798953E+00    6.2282295605E-02
    6.0279980005E-02    6.0396249087E-01   -2.4119517340E-01   -3.7732500570E+00    6.2250583401E-02
    6.0319980005E-02    6.1725449248E-01   -2.6945318043E-01   -3.8629772863E+00    6.2202863237E-02
    6.0359980005E-02    6.3187317338E-01   -2.9611809238E-01   -3.9495428208E+00    6.2140711167E-02
    6.0399980005E-02    6.4753457033E-01   -3.2098489290E-01   -4.0325263061E+00    6.2066081307E-02
    6.0439980005E-02    6.6394124785E-01   -3.4391512229E-01   -4.1116209378E+00    6.1980935430E-02
    6.0479980005E-02    6.8078597326E-01   -3.6481849257E-01   -4.1865511045E+00    6.1886900237E-02
    6.0519980005E-02    6.9775651792E-01   -3.8364552605E-01   -4.2570370368E+00    6.1785105959E-02
    6.0559980005E-02    7.1454490048E-01   -4.0038836041E-01   -4.3228004625E+00    6.1676268587E-02
    6.0599980005E-02    7.3085807248E-01   -4.1508130183E-01   -4.3835814609E+00    6.1560923775E-02
    6.0639980005E-02    7.4642505925E-01   -4.2779632757E-01   -4.4391469703E+00    6.1439645278E-02
    6.0679980005E-02    7.6099959334E-01   -4.3863456857E-01   -4.4892892918E+00    6.1313143887E-02
    6.0719980005E-02    7.7436080340E-01   -4.4771674921E-01   -4.5338210630E+00    6.1182253359E-02
    6.0759980005E-02    7.8631400536E-01   -4.5517421327E-01   -4.5725722438E+00    6.1047861147E-02
    6.0799980005E-02    7.9669172364E-01   -4.6114071898E-01   -4.6053908685E+00    6.0910833377E-02
    6.0839980005E-02    8.0535455589E-01   -4.6574481320E-01   -4.6321460897E+00    6.0771961369E-02
    6.0879980005E-02    8.1219159972E-01   -4.6910272445E-01   -4.6527311209E+00    6.0631940200E-02
    6.0919980005E-02    8.1712019375E-01   -4.7131194698E-01   -4.6670648364E+00    6.0491372557E-02
    6.0959980005E-02    8.2008499642E-01   -4.7244587546E-01   -4.6750921580E+00    6.0350785385E-02
    6.0999980005E-02    8.2105684652E-01   -4.7254986414E-01   -4.6767838203E+00    6.0210652626E-02
    6.1039980005E-02    8.2003193140E-01   -4.7163896128E-01   -4.6721360467E+00    6.0071421699E-02
    6.1079980005E-02    8.1703148602E-01   -4.6969744049E-01   -4.6611705969E+00    5.9933541062E-02
    6.1119980005E-02    8.1210205979E-01   -4.6668015743E-01   -4.6439353425E+00    5.9797485061E-02
    6.1159980005E-02    8.0531625423E-01   -4.6251567476E-01   -4.6205051476E+00    5.9663774010E-02
    6.1199980005E-02    7.9677362974E-01   -4.5711100049E-01   -4.5909825595E+00    5.9532990022E-02
    6.1239980005E-02    7.8660122827E-01   -4.5035763870E-01   -4.5554977141E+00    5.9405785215E-02
    6.1279980005E-02    7.7495335951E-01   -4.4213853082E-01   -4.5142068876E+00    5.9282873472E-02
    6.1319980005E-02    7.6201072857E-01   -4.3233549975E-01   -4.4672898144E+00    5.9164998659E-02
    6.1359980005E-02    7.4797905131E-01   -4.2083696902E-01   -4.4149471219E+00    5.9052881466E-02
    6.1399980005E-02    7.3308744869E-01   -4.0754594160E-01   -4.3573997921E+00    5.8947157497E-02
    6.1439980005E-02    7.1758708974E-01   -3.9238834435E-01   -4.2948914803E+00    5.8848336903E-02
    6.1479980005E-02    7.0174937662E-01   -3.7532136431E-01   -4.2276922372E+00    5.8756833242E-02
    6.1519980005E-02    6.8586166681E-01   -3.5634027745E-01   -4.1560994676E+00    5.8673099144E-02
    6.1559980005E-02    6.7021956899E-01   -3.3548194902E-01   -4.0804325973E+00    5.8597839927E-02
    6.1599980005E-02    6.5511784313E-01   -3.1282550315E-01   -4.0010266198E+00    5.8532190095E-02
    6.1639980005E-02    6.4084305502E-01   -2.8849460357E-01   -3.9182425746E+00    5.8477711746E-02
    6.1679980005E-02    6.2766821111E-01   -2.6266649933E-01   -3.8325124808E+00    5.8436160195E-02
    6.1719980005E-02    6.1584511925E-01   -2.3558624136E-01   -3.7444090474E+00    5.8409105960E-02
    6.1759980005E-02    6.0558859672E-01   -2.0757332458E-01   -3.6546938770E+00    5.8397592379E-02
    6.1799980005E-02    5.9705339079E-01   -1.7900556997E-01   -3.5642928291E+00    5.8401980475E-02
    6.1839980005E-02    5.9031450817E-01   -1.5027992081E-01   -3.4741961309E+00    5.8422029765E-02
    6.1879980005E-02    5.8536273482E-01   -1.2177064336E-01   -3.3853451149E+00    5.8457160712E-02
    6.1919980005E-02    5.8211638531E-01   -9.3809690922E-02   -3.2985799261E+00    5.8506775067E-02
    6.1959980005E-02    5.8043888321E-01   -6.6695920822E-02   -3.2146692175E+00    5.8570488079E-02
    6.1999980005E-02    5.8015106380E-01   -4.0717788823E-02   -3.1343786769E+00    5.8648169170E-02
    6.2039980005E-02    5.8103593116E-01   -1.6167622619E-02   -3.0585154390E+00    5.8739784194E-02
    6.2079980005E-02    5.8284243666E-01    6.6634936531E-03   -2.9879144411E+00    5.8845133436E-02
    6.2119980005E-02    5.8529808688E-01    2.7504092432E-02   -2.9233764557E+00    5.8963633305E-02
    6.2159980005E-02    5.8812783737E-01    4.6122717717E-02   -2.8655978632E+00    5.9094250926E-02
    6.2199980005E-02    5.9106995062E-01    6.2341850131E-02   -2.8151285055E+00    5.9235585077E-02
    6.2239980005E-02    5.9388827449E-01    7.6039306805E-02   -2.7723666634E+00    5.9386016195E-02
    6.2279980005E-02    5.9638291650E-01    8.7137958958E-02   -2.7375798250E+00    5.9543861709E-02
    6.2319980005E-02    5.9839444244E-01    9.5592539868E-02   -2.7109374151E+00    5.9707491285E-02
    6.2359980005E-02    5.9980015673E-01    1.0137981895E-01   -2.6925446787E+00    5.9875374450E-02
    6.2399980005E-02    6.0051362548E-01    1.0448896056E-01   -2.6824669236E+00    6.0046075814E-02
    6.2439980005E-02    6.0048965384E-01    1.0491219429E-01   -2.6807415522E+00    6.0218230334E-02
    6.2479980005E-02    5.9972419829E-01    1.0264157738E-01   -2.6873853582E+00    6.0390503874E-02
    6.2519980005E-02    5.9825078300E-01    9.7670322536E-02   -2.7023986727E+00    6.0561542369E-02
    6.2559980005E-02    5.9614065907E-01    8.9995049661E-02   -2.7257614707E+00    6.0729921991E-02
    6.2599980005E-02    5.9350660723E-01    7.9619393590E-02   -2.7574202408E+00    6.0894111563E-02
    6.2639980005E-02    5.9050367110E-01    6.6562817331E-02   -2.7972676966E+00    6.1052465794E-02
    6.2679980005E-02    5.8732417193E-01    5.0875877721E-02   -2.8451146725E+00    6.1203252728E-02
    6.2719980005E-02    5.8419738876E-01    3.2653643574E-02   -2.9006526197E+00    6.1344719151E-02
    6.2759980005E-02    5.8138949455E-01    1.2044734007E-02   -2.9634192088E+00    6.1475224597E-02
    6.2799980005E-02    5.7919005046E-01   -1.0743026489E-02   -3.0327891287E+00    6.1593414391E-02
    6.2839980005E-02    5.7789180824E-01   -3.5449100703E-02   -3.1080033520E+00    6.1698341614E-02
    6.2879980005E-02    5.7777432382E-01   -6.1782134643E-02   -3.1882344211E+00    6.1789481721E-02
    6.2919980005E-02    5.7909164285E-01   -8.9444723316E-02   -3.2726624591E+00    6.1866621416E-02
    6.2959980005E-02    5.8206503025E-01   -1.1814475865E-01   -3.3605157396E+00    6.1929651018E-02
    6.2999980005E-02    5.8687811223E-01   -1.4758435291E-01   -3.4510437176E+00    6.1978355261E-02
    6.3039980005E-02    5.9366634928E-01   -1.7743324561E-01   -3.5434414123E+00    6.2012316963E-02
    6.3079980005E-02    6.0249703033E-01   -2.0730931399E-01   -3.6367932280E+00    6.2031001752E-02
    6.3119980005E-02    6.1334869685E-01   -2.3678887467E-01   -3.7301011008E+00    6.2034017300E-02
    6.3159980005E-02    6.2610507346E-01   -2.6544752479E-01   -3.8223936991E+00    6.2021459466E-02
    6.3199980005E-02    6.4056802710E-01   -2.9290620975E-01   -3.9128389674E+00    6.1994168835E-02
    6.3239980005E-02    6.5647954754E-01   -3.1885578304E-01   -4.0007817502E+00    6.1953696906E-02
    6.3279980005E-02    6.7354094943E-01   -3.4305697833E-01   -4.0857030123E+00    6.1901930961E-02
    6.3319980005E-02    6.9142746404E-01   -3.6533219752E-01   -4.1671596373E+00    6.1840587433E-02
    6.3359980005E-02    7.0980280110E-01   -3.8556213358E-01   -4.2447533725E+00    6.1770898405E-02
    6.3399980005E-02    7.2833441199E-01   -4.0368607334E-01   -4.3181281153E+00    6.1693644611E-02
    6.3439980005E-02    7.4670440256E-01   -4.1969908197E-01   -4.3869699626E+00    6.1609409415E-02
    6.3479980005E-02    7.6461316614E-01   -4.3364425497E-01   -4.4509963730E+00    6.1518820165E-02
    6.3519980005E-02    7.8177851563E-01   -4.4560329650E-01   -4.5099406043E+00    6.1422645111E-02
    6.3559980005E-02    7.9793567820E-01   -4.5568840117E-01   -4.5635425729E+00    6.1321761640E-02
    6.3599980005E-02    8.1284028469E-01   -4.6403551169E-01   -4.6115507440E+00    6.1217073982E-02
    6.3639980005E-02    8.2627329786E-01   -4.7079745279E-01   -4.6537315960E+00    6.1109439996E-02
    6.3679980005E-02    8.3804578365E-01   -4.7613576964E-01   -4.6898801143E+00    6.0999628578E-02
    6.3719980005E-02    8.4800195156E-01   -4.8021120636E-01   -4.7198264463E+00    6.0888306286E-02
    6.3759980005E-02    8.5601963905E-01   -4.8317370745E-01   -4.7434375687E+00    6.0776041732E-02
    6.3799980005E-02    8.6200851036E-01   -4.8515311760E-01   -4.7606153896E+00    6.0663317572E-02
    6.3839980005E-02    8.6590718350E-01   -4.8625142971E-01   -4.7712932719E+00    6.0550544927E-02
    6.3879980005E-02    8.6768040279E-01   -4.8653701652E-01   -4.7754325723E+00    6.0438081034E-02
    6.3919980005E-02    8.6731696085E-01   -4.8604101490E-01   -4.7730201821E+00    6.0326250482E-02
    6.3959980005E-02    8.6482872393E-01   -4.8475591695E-01   -4.7640675903E+00    6.0215368905E-02
    6.3999980005E-02    8.6025099966E-01   -4.8263635775E-01   -4.7486116120E+00    6.0105766758E-02
    6.4039980005E-02    8.5364411779E-01   -4.7960211559E-01   -4.7267167504E+00    5.9997811077E-02
    6.4079980005E-02    8.4509580955E-01   -4.7554330874E-01   -4.6984787982E+00    5.9891922999E-02
    6.4119980005E-02    8.3472356693E-01   -4.7032767618E-01   -4.6640288943E+00    5.9788588980E-02
    6.4159980005E-02    8.2267648090E-01   -4.6380950104E-01   -4.6235364509E+00    5.9688364906E-02
    6.4199980005E-02    8.0913562513E-01   -4.5583952322E-01   -4.5772092923E+00    5.9591874881E-02
    6.4239980005E-02    7.9431218054E-01   -4.4627488507E-01   -4.5252896054E+00    5.9499803299E-02
    6.4279980005E-02    7.7844293739E-01   -4.3498807219E-01   -4.4680457928E+00    5.9412873550E-02
    6.4319980005E-02    7.6178477928E-01   -4.2187419400E-01   -4.4057626379E+00    5.9331804855E-02
    6.4359980005E-02    7.4461046650E-01   -4.0685713119E-01   -4.3387351498E+00    5.9257256016E-02
    6.4399980005E-02    7.2720703026E-01   -3.8989605976E-01   -4.2672717502E+00    5.9189791861E-02
    6.4439980005E-02    7.0987550092E-01   -3.7099339045E-01   -4.1917078276E+00    5.9129926972E-02
    6.4479980005E-02    6.9292892396E-01   -3.5020307157E-01   -4.1124228435E+00    5.9078276162E-02
    6.4519980005E-02    6.7668524420E-01   -3.2763647071E-01   -4.0298520775E+00    5.9035754140E-02
    6.4559980005E-02    6.6145461789E-01   -3.0346435479E-01   -3.9444933430E+00    5.9003664054E-02
    6.4599980005E-02    6.4752408337E-01   -2.7791732086E-01   -3.8569219103E+00    5.8983519854E-02
    6.4639980005E-02    6.3514189810E-01   -2.5128746336E-01   -3.7678224905E+00    5.8976628604E-02
    6.4679980005E-02    6.2450058041E-01   -2.2392720503E-01   -3.6780188254E+00    5.8983684718E-02
    6.4719980005E-02    6.1571854915E-01   -1.9623482281E-01   -3.5884601981E+00    5.9004661547E-02
    6.4759980005E-02    6.0882659465E-01   -1.6862273823E-01   -3.5001478669E+00    5.9039063194E-02
    6.4799980005E-02    6.0376758285E-01   -1.4148112885E-01   -3.4140392595E+00    5.9086329183E-02
    6.4839980005E-02    6.0041041795E-01   -1.1515691444E-01   -3.3309925197E+00    5.9146111755E-02
    6.4879980005E-02    5.9856997479E-01   -8.9956672925E-02   -3.2517792002E+00    5.9218290225E-02
    6.4919980005E-02    5.9802364680E-01   -6.6163820989E-02   -3.1771374423E+00    5.9302778518E-02
    6.4959980005E-02    5.9852192162E-01   -4.4052851987E-02   -3.1078147163E+00    5.9399280367E-02
    6.4999980005E-02    5.9979654185E-01   -2.3889958003E-02   -3.0445686108E+00    5.9507131233E-02
    6.5039980005E-02    6.0157249205E-01   -5.9219967268E-03   -2.9881286511E+00    5.9625287355E-02
    6.5079980005E-02    6.0358355118E-01    9.6378600520E-03   -2.9391455876E+00    5.9752434027E-02
    6.5119980006E-02    6.0558614155E-01    2.2620390698E-02   -2.8981547623E+00    5.9887126401E-02
    6.5159980006E-02    6.0736919214E-01    3.2902553672E-02   -2.8655647608E+00    6.0027889290E-02
    6.5199980006E-02    6.0876310372E-01    4.0401171009E-02   -2.8416664006E+00    6.0173272603E-02
    6.5239980006E-02    6.0964571594E-01    4.5062985038E-02   -2.8266518522E+00    6.0321884325E-02
    6.5279980006E-02    6.0994187715E-01    4.6856794663E-02   -2.8206352032E+00    6.0472391615E-02
    6.5319980006E-02    6.0962201424E-01    4.5768028136E-02   -2.8236677229E+00    6.0623490976E-02
    6.5359980006E-02    6.0870380941E-01    4.1795382895E-02   -2.8357441183E+00    6.0773873779E-02
    6.5399980006E-02    6.0725384305E-01    3.4951653805E-02   -2.8567991524E+00    6.0922203773E-02
    6.5439980006E-02    6.0538607474E-01    2.5270066096E-02   -2.8866953247E+00    6.1067097074E-02
    6.5479980006E-02    6.0325981437E-01    1.2813661716E-02   -2.9252032346E+00    6.1207093942E-02
    6.5519980006E-02    6.0107957852E-01   -2.3159768999E-03   -2.9719795167E+00    6.1340648038E-02
    6.5559980006E-02    5.9909033962E-01   -1.9971699094E-02   -3.0265524127E+00    6.1466173891E-02
    6.5599980006E-02    5.9756550337E-01   -3.9958577648E-02   -3.0883258550E+00    6.1582154057E-02
    6.5639980006E-02    5.9679247980E-01   -6.2040887365E-02   -3.1566079844E+00    6.1687286178E-02
    6.5679980006E-02    5.9705909124E-01   -8.5956755280E-02   -3.2306586761E+00    6.1780639217E-02
    6.5719980006E-02    5.9864083521E-01   -1.1143166404E-01   -3.3097347921E+00    6.1861738784E-02
    6.5759980006E-02    6.0179099332E-01   -1.3818127314E-01   -3.3931032688E+00    6.1930489484E-02
    6.5799980006E-02    6.0673102868E-01   -1.6589942023E-01   -3.4800084724E+00    6.1986926699E-02
    6.5839980006E-02    6.1363548188E-01   -1.9423890527E-01   -3.5696170657E+00    6.2030918734E-02
    6.5879980006E-02    6.2261002701E-01   -2.2280248755E-01   -3.6609921773E+00    6.2062026314E-02
    6.5919980006E-02    6.3367076506E-01   -2.5115794668E-01   -3.7531344477E+00    6.2079680852E-02
    6.5959980006E-02    6.4673559016E-01   -2.7887283194E-01   -3.8450715868E+00    6.2083627554E-02
    6.5999980006E-02    6.6163058955E-01   -3.0554913115E-01   -3.9359341916E+00    6.2074318121E-02
    6.6039980006E-02    6.7810613801E-01   -3.3084309069E-01   -4.0249755135E+00    6.2052917605E-02
    6.6079980006E-02    6.9585750038E-01   -3.5447270579E-01   -4.1115517225E+00    6.2020912713E-02
    6.6119980006E-02    7.1454827393E-01   -3.7622230853E-01   -4.1951038086E+00    6.1979656635E-02
    6.6159980006E-02    7.3383340439E-01   -3.9594609023E-01   -4.2751537868E+00    6.1930180198E-02
    6.6199980006E-02    7.5337534271E-01   -4.1356614106E-01   -4.3512972959E+00    6.1873294067E-02
    6.6239980006E-02    7.7284976671E-01   -4.2906408492E-01   -4.4231796938E+00    6.1809775949E-02
    6.6279980006E-02    7.9194367222E-01   -4.4247109181E-01   -4.4904657895E+00    6.1740466487E-02
    6.6319980006E-02    8.1035324395E-01   -4.5386088951E-01   -4.5528214132E+00    6.1666250951E-02
    6.6359980006E-02    8.2778690670E-01   -4.6334578798E-01   -4.6099144529E+00    6.1587997349E-02
    6.6399980006E-02    8.4397339917E-01   -4.7107248902E-01   -4.6614293487E+00    6.1506512818E-02
    6.6439980006E-02    8.5867105084E-01   -4.7721486983E-01   -4.7070837436E+00    6.1422531787E-02
    6.6479980006E-02    8.7167417643E-01   -4.8196337457E-01   -4.7466393787E+00    6.1336717464E-02
    6.6519980006E-02    8.8281545460E-01   -4.8551231368E-01   -4.7799049251E+00    6.1249659779E-02
    6.6559980006E-02    8.9196480027E-01   -4.8804690642E-01   -4.8067328061E+00    6.1161867502E-02
    6.6599980006E-02    8.9902610127E-01   -4.8973151091E-01   -4.8270133384E+00    6.1073761045E-02
    6.6639980006E-02    9.0393298871E-01   -4.9069995310E-01   -4.8406689619E+00    6.0985673140E-02
    6.6679980006E-02    9.0664474367E-01   -4.9104829487E-01   -4.8476499605E+00    6.0897860252E-02
    6.6719980006E-02    9.0714311058E-01   -4.9083006363E-01   -4.8479319704E+00    6.0810524202E-02
    6.6759980006E-02    9.0543063395E-01   -4.9005379463E-01   -4.8415149863E+00    6.0723840978E-02
    6.6799980006E-02    9.0153061042E-01   -4.8868286371E-01   -4.8284236309E+00    6.0637992742E-02
    6.6839980006E-02    8.9548848661E-01   -4.8663767812E-01   -4.8087086603E+00    6.0553197928E-02
    6.6879980006E-02    8.8737455206E-01   -4.8380025249E-01   -4.7824497953E+00    6.0469734572E-02
    6.6919980006E-02    8.7728745884E-01   -4.8002122841E-01   -4.7497600233E+00    6.0387952868E-02
    6.6959980006E-02    8.6535807367E-01   -4.7512922485E-01   -4.7107911019E+00    6.0308275475E-02
    6.6999980006E-02    8.5175272485E-01   -4.6894224215E-01   -4.6657392689E+00    6.0231188257E-02
    6.7039980006E-02    8.3667464357E-01   -4.6128041902E-01   -4.6148490112E+00    6.0157228822E-02
    6.7079980006E-02    8.2036189972E-01   -4.5197898275E-01   -4.5584121278E+00    6.0086981210E-02
    6.7119980006E-02    8.0308139267E-01   -4.4089954163E-01   -4.4967596633E+00    6.0021078745E-02
    6.7159980006E-02    7.8512016784E-01   -4.2793813236E-01   -4.4302475426E+00    5.9960206696E-02
    6.7199980006E-02    7.6677719806E-01   -4.1302992047E-01   -4.3592420767E+00    5.9905090268E-02
    6.7239980006E-02    7.4835902726E-01   -3.9615265612E-01   -4.2841155140E+00    5.9856466420E-02
    6.7279980006E-02    7.3017954174E-01   -3.7733205800E-01   -4.2052596168E+00    5.9815067518E-02
    6.7319980006E-02    7.1256057125E-01   -3.5665019848E-01   -4.1231143057E+00    5.9781659033E-02
    6.7359980006E-02    6.9582751667E-01   -3.3425396951E-01   -4.0381967149E+00    5.9757131264E-02
    6.7399980006E-02    6.8029595967E-01   -3.1035859779E-01   -3.9511159382E+00    5.9742547355E-02
    6.7439980006E-02    6.6625089243E-01   -2.8524396460E-01   -3.8625733596E+00    5.9739003411E-02
    6.7479980006E-02    6.5392429690E-01   -2.5924602706E-01   -3.7733606634E+00    5.9747286465E-02
    6.7519980006E-02    6.4347578182E-01   -2.3274528482E-01   -3.6843581565E+00    5.9767552567E-02
    6.7559980006E-02    6.3497859668E-01   -2.0614983394E-01   -3.5965166626E+00    5.9799316249E-02
    6.7599980006E-02    6.2841389847E-01   -1.7987122661E-01   -3.5108100335E+00    5.9841805494E-02
    6.7639980006E-02    6.2367648688E-01   -1.5429932251E-01   -3.4281751087E+00    5.9894420082E-02
    6.7679980006E-02    6.2059101014E-01   -1.2978699223E-01   -3.3494740310E+00    5.9956963523E-02
    6.7719980006E-02    6.1893242188E-01   -1.0664930923E-01   -3.2754957802E+00    6.0029532126E-02
    6.7759980006E-02    6.1844416810E-01   -8.5171320353E-02   -3.2069811682E+00    6.0112196436E-02
    6.7799980006E-02    6.1885229319E-01   -6.5614496990E-02   -3.1446420400E+00    6.0204700105E-02
    6.7839980006E-02    6.1987818905E-01   -4.8216564206E-02   -3.0891575964E+00    6.0306330127E-02
    6.7879980006E-02    6.2125202389E-01   -3.3186031162E-02   -3.0411514826E+00    6.0415976778E-02
    6.7919980006E-02    6.2272653675E-01   -2.0696183821E-02   -3.0011645123E+00    6.0532299962E-02
    6.7959980006E-02    6.2408812016E-01   -1.0882039346E-02   -2.9696362310E+00    6.0653895728E-02
    6.7999980006E-02    6.2516484937E-01   -3.8416465853E-03   -2.9468995442E+00    6.0779402462E-02
    6.8039980006E-02    6.2583160173E-01    3.5946790256E-04   -2.9331854314E+00    6.0907541951E-02
    6.8079980006E-02    6.2601342000E-01    1.6828448050E-03   -2.9286316827E+00    6.1037113093E-02
    6.8119980006E-02    6.2568721677E-01    1.1297071084E-04   -2.9332904099E+00    6.1166955625E-02
    6.8159980006E-02    6.2488209149E-01   -4.3440685493E-03   -2.9471310745E+00    6.1295899991E-02
    6.8199980006E-02    6.2367881474E-01   -1.1658799499E-02   -2.9700377644E+00    6.1422720580E-02
    6.8239980006E-02    6.2220843774E-01   -2.1773881566E-02   -3.0018015759E+00    6.1546101579E-02
    6.8279980006E-02    6.2065030412E-01   -3.4598558051E-02   -3.0421112414E+00    6.1664624608E-02
    6.8319980006E-02    6.1922767366E-01   -5.0003886255E-02   -3.0905476315E+00    6.1776803680E-02
    6.8359980006E-02    6.1819922919E-01   -6.7820790352E-02   -3.1465882146E+00    6.1881197694E-02
    6.8399980006E-02    6.1784688618E-01   -8.7842404248E-02   -3.2096243029E+00    6.1976595797E-02
    6.8439980006E-02    6.1846248032E-01   -1.0982995880E-01   -3.2789865753E+00    6.2062209285E-02
    6.8479980006E-02    6.2033478805E-01   -1.3351807792E-01   -3.3539664968E+00    6.2137757196E-02
    6.8519980006E-02    6.2373607424E-01   -1.5861440024E-01   -3.4338198495E+00    6.2203348693E-02
    6.8559980006E-02    6.2890695204E-01   -1.8479274926E-01   -3.5177497489E+00    6.2259159627E-02
    6.8599980006E-02    6.3603830157E-01   -2.1168600013E-01   -3.6048865854E+00    6.2305062779E-02
    6.8639980006E-02    6.4525120098E-01   -2.3888824917E-01   -3.6942923829E+00    6.2340479157E-02
    6.8679980006E-02    6.5657860516E-01   -2.6597063098E-01   -3.7850004598E+00    6.2364621319E-02
    6.8719980006E-02    6.6995469565E-01   -2.9250527166E-01   -3.8760688786E+00    6.2376991835E-02
    6.8759980006E-02    6.8521572205E-01   -3.1808803791E-01   -3.9666163548E+00    6.2377749484E-02
    6.8799980006E-02    7.0211325059E-01   -3.4235681965E-01   -4.0558354217E+00    6.2367670615E-02
    6.8839980006E-02    7.2033885379E-01   -3.6500753886E-01   -4.1430019671E+00    6.2347820971E-02
    6.8879980006E-02    7.3955442270E-01   -3.8580672901E-01   -4.2274890759E+00    6.2319272281E-02
    6.8919980006E-02    7.5941683273E-01   -4.0459542352E-01   -4.3087690785E+00    6.2283034932E-02
    6.8959980006E-02    7.7958846933E-01   -4.2128334799E-01   -4.3863901643E+00    6.2240109075E-02
    6.8999980006E-02    7.9973592607E-01   -4.3583956700E-01   -4.4599381606E+00    6.2191500011E-02
    6.9039980006E-02    8.1952739732E-01   -4.4828609576E-01   -4.5290070512E+00    6.2138167311E-02
    6.9079980006E-02    8.3863631930E-01   -4.5869546542E-01   -4.5931924596E+00    6.2080973063E-02
    6.9119980006E-02    8.5675072847E-01   -4.6718889997E-01   -4.6521048699E+00    6.2020678219E-02
    6.9159980006E-02    8.7358445855E-01   -4.7393123284E-01   -4.7053889405E+00    6.1957975769E-02
    6.9199980006E-02    8.8888615815E-01   -4.7912106886E-01   -4.7527371870E+00    6.1893520528E-02
    6.9239980006E-02    9.0244415972E-01   -4.8297718862E-01   -4.7938939669E+00    6.1827929843E-02
    6.9279980006E-02    9.1408750357E-01   -4.8572318142E-01   -4.8286518532E+00    6.1761758032E-02
    6.9319980006E-02    9.2368367034E-01   -4.8757251880E-01   -4.8568451052E+00    6.1695462815E-02
    6.9359980006E-02    9.3113439353E-01   -4.8871542329E-01   -4.8783438346E+00    6.1629380652E-02
    6.9399980006E-02    9.3637107131E-01   -4.8930800393E-01   -4.8930502970E+00    6.1563720649E-02
    6.9439980006E-02    9.3935058797E-01   -4.8946389952E-01   -4.9008973389E+00    6.1498578615E-02
    6.9479980006E-02    9.4005226317E-01   -4.8924842900E-01   -4.9018482196E+00    6.1433967696E-02
    6.9519980006E-02    9.3847620944E-01   -4.8867534311E-01   -4.8958970367E+00    6.1369860023E-02
    6.9559980006E-02    9.3464311000E-01   -4.8770633230E-01   -4.8830692998E+00    6.1306232832E-02
    6.9599980006E-02    9.2859550505E-01   -4.8625328303E-01   -4.8634224926E+00    6.1243112613E-02
    6.9639980006E-02    9.2040050299E-01   -4.8418323341E-01   -4.8370468573E+00    6.1180611044E-02
    6.9679980006E-02    9.1015339057E-01   -4.8132607557E-01   -4.8040670586E+00    6.1118946776E-02
    6.9719980006E-02    8.9798166741E-01   -4.7748483830E-01   -4.7646453387E+00    6.1058448187E-02
    6.9759980006E-02    8.8404889768E-01   -4.7244822591E-01   -4.7189863670E+00    6.0999536185E-02
    6.9799980006E-02    8.6855731630E-01   -4.6600494321E-01   -4.6673430326E+00    6.0942692981E-02
    6.9839980006E-02    8.5174802768E-01   -4.5795881343E-01   -4.6100208005E+00    6.0888431390E-02
    6.9879980006E-02    8.3389758900E-01   -4.4814313134E-01   -4.5473770290E+00    6.0837284535E-02
    6.9919980006E-02    8.1531009342E-01   -4.3643237689E-01   -4.4798124580E+00    6.0789828221E-02
    6.9959980006E-02    7.9630632976E-01   -4.2274953521E-01   -4.4077558209E+00    6.0746725515E-02
    6.9999980006E-02    7.7721356642E-01   -4.0706918556E-01   -4.3316492654E+00    6.0708759604E-02
    7.0039980006E-02    7.5835979467E-01   -3.8941912243E-01   -4.2519468447E+00    6.0676822339E-02
    7.0079980006E-02    7.4007307664E-01   -3.6988426172E-01   -4.1691342230E+00    6.0651862037E-02
    7.0119980006E-02    7.2268120251E-01   -3.4861378373E-01   -4.0837635533E+00    6.0634830684E-02
    7.0159980006E-02    7.0650397266E-01   -3.2582718044E-01   -3.9964830629E+00    6.0626650497E-02
    7.0199980006E-02    6.9183428526E-01   -3.0181247329E-01   -3.9080418979E+00    6.0628145941E-02
    7.0239980006E-02    6.7891251211E-01   -2.7691409154E-01   -3.8192700367E+00    6.0639869227E-02
    7.0279980006E-02    6.6790342621E-01   -2.5151458999E-01   -3.7310504299E+00    6.0661875006E-02
    7.0319980006E-02    6.5888233418E-01   -2.2601590337E-01   -3.6442962709E+00    6.0693650569E-02
    7.0359980006E-02    6.5183190154E-01   -2.0082225066E-01   -3.5599306675E+00    6.0734348352E-02
    7.0399980006E-02    6.4664852638E-01   -1.7632492589E-01   -3.4788633088E+00    6.0783204892E-02
    7.0439980006E-02    6.4315609816E-01   -1.5289074209E-01   -3.4019690857E+00    6.0839849470E-02
    7.0479980006E-02    6.4112385950E-01   -1.3085602442E-01   -3.3300770005E+00    6.0904300193E-02
    7.0519980006E-02    6.4028502423E-01   -1.1052503518E-01   -3.2639682142E+00    6.0976695281E-02
    7.0559980006E-02    6.4035440507E-01   -9.2169351199E-02   -3.2043735016E+00    6.1056970760E-02
    7.0599980006E-02    6.4104500453E-01   -7.6025816208E-02   -3.1519628610E+00    6.1144673146E-02
    7.0639980006E-02    6.4208369455E-01   -6.2293562407E-02   -3.1073288428E+00    6.1238961243E-02
    7.0679980006E-02    6.4322512775E-01   -5.1132161908E-02   -3.0709707240E+00    6.1338732605E-02
    7.0719980006E-02    6.4426269662E-01   -4.2662397783E-02   -3.0432854733E+00    6.1442775113E-02
    7.0759980006E-02    6.4503621948E-01   -3.6969645568E-02   -3.0245667766E+00    6.1549875827E-02
    7.0799980006E-02    6.4543689125E-01   -3.4108627047E-02   -3.0150094927E+00    6.1658870114E-02
    7.0839980006E-02    6.4541027085E-01   -3.4107833322E-02   -3.0147155207E+00    6.1768640871E-02
    7.0879980006E-02    6.4495750467E-01   -3.6972040567E-02   -3.0236977055E+00    6.1878088087E-02
    7.0919980006E-02    6.4413516249E-01   -4.2682122027E-02   -3.0418799221E+00    6.1986086889E-02
    7.0959980006E-02    6.4305421420E-01   -5.1192287826E-02   -3.0690932247E+00    6.2091452614E-02
    7.0999980006E-02    6.4187852746E-01   -6.2425698320E-02   -3.1050696874E+00    6.2192932424E-02
    7.1039980006E-02    6.4082103106E-01   -7.6269460718E-02   -3.1494370782E+00    6.2289249748E-02
    7.1079980007E-02    6.4013509578E-01   -9.2570254919E-02   -3.2017182188E+00    6.2379218653E-02
    7.1119980007E-02    6.4010190974E-01   -1.1113235050E-01   -3.2613376926E+00    6.2461912580E-02
    7.1159980007E-02    6.4101720943E-01   -1.3171902276E-01   -3.3276353344E+00    6.2536810125E-02
    7.1199980007E-02    6.4317687424E-01   -1.5405571589E-01   -3.3998824713E+00    6.2603811950E-02
    7.1239980007E-02    6.4686127261E-01   -1.7783269070E-01   -3.4772949231E+00    6.2663058139E-02
    7.1279980007E-02    6.5231684820E-01   -2.0270621365E-01   -3.5590409216E+00    6.2714596047E-02
    7.1319980007E-02    6.5973673705E-01   -2.2830058258E-01   -3.6442483407E+00    6.2758090683E-02
    7.1359980007E-02    6.6924233526E-01   -2.5421393492E-01   -3.7320171640E+00    6.2792801878E-02
    7.1399980007E-02    6.8086748391E-01   -2.8002849770E-01   -3.8214361267E+00    6.2817887027E-02
    7.1439980007E-02    6.9454829744E-01   -3.0532410640E-01   -3.9115972161E+00    6.2832822795E-02
    7.1479980007E-02    7.1012276968E-01   -3.2969504903E-01   -4.0016097014E+00    6.2837641161E-02
    7.1519980007E-02    7.2734417997E-01   -3.5277117660E-01   -4.0906248199E+00    6.2832873263E-02
    7.1559980007E-02    7.4590715734E-01   -3.7423990137E-01   -4.1778717638E+00    6.2819361368E-02
    7.1599980007E-02    7.6547676961E-01   -3.9386078035E-01   -4.2626835098E+00    6.2798126240E-02
    7.1639980007E-02    7.8570862641E-01   -4.1146757669E-01   -4.3444900520E+00    6.2770302596E-02
    7.1679980007E-02    8.0625589294E-01   -4.2696183330E-01   -4.4227828789E+00    6.2737058840E-02
    7.1719980007E-02    8.2676916379E-01   -4.4030647953E-01   -4.4970774255E+00    6.2699484879E-02
    7.1759980007E-02    8.4689800707E-01   -4.5152394779E-01   -4.5668967664E+00    6.2658512832E-02
    7.1799980007E-02    8.6629847183E-01   -4.6069663352E-01   -4.6317792392E+00    6.2614919831E-02
    7.1839980007E-02    8.8464492086E-01   -4.6796475220E-01   -4.6912967899E+00    6.2569391156E-02
    7.1879980007E-02    9.0164179385E-01   -4.7351853289E-01   -4.7450695574E+00    6.2522581917E-02
    7.1919980007E-02    9.1703212426E-01   -4.7758485300E-01   -4.7927702599E+00    6.2475133170E-02
    7.1959980007E-02    9.3060157376E-01   -4.8041055704E-01   -4.8341203443E+00    6.2427640547E-02
    7.1999980007E-02    9.4217777360E-01   -4.8224542041E-01   -4.8688836396E+00    6.2380600016E-02
    7.2039980007E-02    9.5162708501E-01   -4.8332612871E-01   -4.8968615383E+00    6.2334359027E-02
    7.2079980007E-02    9.5885038909E-01   -4.8386189206E-01   -4.9178912401E+00    6.2289091146E-02
    7.2119980007E-02    9.6377883871E-01   -4.8402210364E-01   -4.9318466570E+00    6.2244799484E-02
    7.2159980007E-02    9.6637004632E-01   -4.8392654706E-01   -4.9386407835E+00    6.2201345285E-02
    7.2199980007E-02    9.6660517521E-01   -4.8363859714E-01   -4.9382282725E+00    6.2158493980E-02
    7.2239980007E-02    9.6448773660E-01   -4.8316147640E-01   -4.9306071530E+00    6.2115971178E-02
    7.2279980007E-02    9.6004373704E-01   -4.8243820200E-01   -4.9158195019E+00    6.2073521747E-02
    7.2319980007E-02    9.5332333883E-01   -4.8135515892E-01   -4.8939509693E+00    6.2030965582E-02
    7.2359980007E-02    9.4440382863E-01   -4.7974910880E-01   -4.8651294771E+00    6.1988243599E-02
    7.2399980007E-02    9.3339342815E-01   -4.7741730788E-01   -4.8295238243E+00    6.1945446771E-02
    7.2439980007E-02    9.2043535202E-01   -4.7413027070E-01   -4.7873432431E+00    6.1902821376E-02
    7.2479980007E-02    9.0571137779E-01   -4.6964664519E-01   -4.7388389370E+00    6.1860747027E-02
    7.2519980007E-02    8.8944383116E-01   -4.6372964223E-01   -4.6843079608E+00    6.1819691952E-02
    7.2559980007E-02    8.7189512797E-01   -4.5616392622E-01   -4.6240980133E+00    6.1780161937E-02
    7.2599980007E-02    8.5336390071E-01   -4.4677147679E-01   -4.5586098318E+00    6.1742670361E-02
    7.2639980007E-02    8.3417708273E-01   -4.3542453569E-01   -4.4882933067E+00    6.1707754836E-02
    7.2679980007E-02    8.1467879480E-01   -4.2205386328E-01   -4.4136361741E+00    6.1676041329E-02
    7.2719980007E-02    7.9521879864E-01   -4.0665201242E-01   -4.3351506280E+00    6.1648316685E-02
    7.2759980007E-02    7.7614407320E-01   -3.8927384732E-01   -4.2533693651E+00    6.1625547525E-02
    7.2799980007E-02    7.5779485962E-01   -3.7003800131E-01   -4.1688609615E+00    6.1608810035E-02
    7.2839980007E-02    7.4050167076E-01   -3.4913084253E-01   -4.0822611677E+00    6.1599157931E-02
    7.2879980007E-02    7.2457630250E-01   -3.2680926593E-01   -3.9942997813E+00    6.1597490353E-02
    7.2919980007E-02    7.1029264047E-01   -3.0339534868E-01   -3.9057998116E+00    6.1604445456E-02
    7.2959980007E-02    6.9786138356E-01   -2.7925961392E-01   -3.8176449791E+00    6.1620298278E-02
    7.2999980007E-02    6.8740892648E-01   -2.5479782326E-01   -3.7307362858E+00    6.1644879240E-02
    7.3039980007E-02    6.7896822770E-01   -2.3041019578E-01   -3.6459626051E+00    6.1677611014E-02
    7.3079980007E-02    6.7248195255E-01   -2.0648810588E-01   -3.5641926245E+00    6.1717728575E-02
    7.3119980007E-02    6.6781339098E-01   -1.8340719967E-01   -3.4862784377E+00    6.1764585121E-02
    7.3159980007E-02    6.6476094491E-01   -1.6152329190E-01   -3.4130583667E+00    6.1817842338E-02
    7.3199980007E-02    6.6307425612E-01   -1.4116817735E-01   -3.3453520226E+00    6.1877426154E-02
    7.3239980007E-02    6.6247157219E-01   -1.2264413231E-01   -3.2839456842E+00    6.1943308415E-02
    7.3279980007E-02    6.6265841590E-01   -1.0621752389E-01   -3.2295699317E+00    6.2015278154E-02
    7.3319980007E-02    6.6334661417E-01   -9.2113220108E-02   -3.1828751386E+00    6.2092828860E-02
    7.3359980007E-02    6.6427087081E-01   -8.0511580893E-02   -3.1444119102E+00    6.2175181125E-02
    7.3399980007E-02    6.6520243231E-01   -7.1549225798E-02   -3.1146208511E+00    6.2261382628E-02
    7.3439980007E-02    6.6595889379E-01   -6.5323044124E-02   -3.0938318075E+00    6.2350414161E-02
    7.3479980007E-02    6.6641054893E-01   -6.1895807538E-02   -3.0822691154E+00    6.2441261090E-02
    7.3519980007E-02    6.6648559067E-01   -6.1301736390E-02   -3.0800581845E+00    6.2532938837E-02
    7.3559980007E-02    6.6617185659E-01   -6.3549795644E-02   -3.0872301612E+00    6.2624481957E-02
    7.3599980007E-02    6.6551777083E-01   -6.8624274213E-02   -3.1037225440E+00    6.2714916178E-02
    7.3639980007E-02    6.6463161910E-01   -7.6482310893E-02   -3.1293755860E+00    6.2803232845E-02
    7.3679980007E-02    6.6367861808E-01   -8.7048876641E-02   -3.1639256348E+00    6.2888391227E-02
    7.3719980007E-02    6.6287569312E-01   -1.0021058013E-01   -3.2069979733E+00    6.2969365128E-02
    7.3759980007E-02    6.6248183712E-01   -1.1580992414E-01   -3.2581034118E+00    6.3045238041E-02
    7.3799980007E-02    6.6278567373E-01   -1.3364243301E-01   -3.3166428096E+00    6.3115320091E-02
    7.3839980007E-02    6.6408954991E-01   -1.5345772863E-01   -3.3819220949E+00    6.3179223237E-02
    7.3879980007E-02    6.6669149842E-01   -1.7496436353E-01   -3.4531761706E+00    6.3236820519E-02
    7.3919980007E-02    6.7086702844E-01   -1.9783672327E-01   -3.5295958653E+00    6.3288063885E-02
    7.3959980007E-02    6.7685173035E-01   -2.2172169752E-01   -3.6103504384E+00    6.3332741971E-02
    7.3999980007E-02    6.8482486753E-01   -2.4624356971E-01   -3.6945994690E+00    6.3370342131E-02
    7.4039980007E-02    6.9489309516E-01   -2.7100715999E-01   -3.7814917235E+00    6.3400139782E-02
    7.4079980007E-02    7.0707495646E-01   -2.9560165525E-01   -3.8701553308E+00    6.3421470927E-02
    7.4119980007E-02    7.2129046403E-01   -3.1960989080E-01   -3.9596932137E+00    6.3434000844E-02
    7.4159980007E-02    7.3736268190E-01   -3.4262702022E-01   -4.0492011792E+00    6.3437839360E-02
    7.4199980007E-02    7.5503488030E-01   -3.6428612001E-01   -4.1378109639E+00    6.3433517741E-02
    7.4239980007E-02    7.7399745018E-01   -3.8428107044E-01   -4.2247348058E+00    6.3421920342E-02
    7.4279980007E-02    7.9391222896E-01   -4.0237793936E-01   -4.3092811749E+00    6.3404193384E-02
    7.4319980007E-02    8.1442601243E-01   -4.1841522962E-01   -4.3908349733E+00    6.3381597887E-02
    7.4359980007E-02    8.3517528067E-01   -4.3230051665E-01   -4.4688239755E+00    6.3355330474E-02
    7.4399980007E-02    8.5578988657E-01   -4.4400945901E-01   -4.5426978071E+00    6.3326401077E-02
    7.4439980007E-02    8.7590103385E-01   -4.5358689191E-01   -4.6119282528E+00    6.3295626308E-02
    7.4479980007E-02    8.9515320653E-01   -4.6114591188E-01   -4.6760217885E+00    6.3263708343E-02
    7.4519980007E-02    9.1321646577E-01   -4.6686171149E-01   -4.7345309014E+00    6.3231317680E-02
    7.4559980007E-02    9.2979596480E-01   -4.7095978223E-01   -4.7870574273E+00    6.3199119031E-02
    7.4599980007E-02    9.4463757850E-01   -4.7370004924E-01   -4.8332492425E+00    6.3167733592E-02
    7.4639980007E-02    9.5753000897E-01   -4.7535888570E-01   -4.8727952675E+00    6.3137668656E-02
    7.4679980007E-02    9.6830418079E-01   -4.7621054244E-01   -4.9054228443E+00    6.3109251768E-02
    7.4719980007E-02    9.7683076450E-01   -4.7650905494E-01   -4.9308988250E+00    6.3082593504E-02
    7.4759980007E-02    9.8301649276E-01   -4.7647160450E-01   -4.9490335549E+00    6.3057586195E-02
    7.4799980007E-02    9.8679998034E-01   -4.7626432649E-01   -4.9596860515E+00    6.3033933852E-02
    7.4839980007E-02    9.8814788876E-01   -4.7599148003E-01   -4.9627688132E+00    6.3011203381E-02
    7.4879980007E-02    9.8705227816E-01   -4.7568869097E-01   -4.9582512602E+00    6.2988887280E-02
    7.4919980007E-02    9.8352976868E-01   -4.7532071542E-01   -4.9461613398E+00    6.2966470615E-02
    7.4959980007E-02    9.7762272613E-01   -4.7478389853E-01   -4.9265851702E+00    6.2943497297E-02
    7.4999980007E-02    9.6940220451E-01   -4.7391322855E-01   -4.8996648166E+00    6.2919630869E-02
    7.5039980007E-02    9.5897195831E-01   -4.7249358998E-01   -4.8655946041E+00    6.2894703114E-02
    7.5079980007E-02    9.4647258981E-01   -4.7027451416E-01   -4.8246168525E+00    6.2868741580E-02
    7.5119980007E-02    9.3208495105E-01   -4.6698741345E-01   -4.7770184176E+00    6.2841967235E-02
    7.5159980007E-02    9.1603216888E-01   -4.6236409731E-01   -4.7231295120E+00    6.2814759029E-02
    7.5199980007E-02    8.9857958338E-01   -4.5615550507E-01   -4.6633255563E+00    6.2787593857E-02
    7.5239980007E-02    8.8003190585E-01   -4.4814949640E-01   -4.5980308839E+00    6.2760985875E-02
    7.5279980007E-02    8.6072681162E-01   -4.3818633457E-01   -4.5277209553E+00    6.2735459640E-02
    7.5319980007E-02    8.4102473007E-01   -4.2617020454E-01   -4.4529192820E+00    6.2711582888E-02
    7.5359980007E-02    8.2129619538E-01   -4.1207544016E-01   -4.3741886482E+00    6.2690048190E-02
    7.5399980007E-02    8.0190991396E-01   -3.9594782817E-01   -4.2921229233E+00    6.2671744308E-02
    7.5439980007E-02    7.8322444454E-01   -3.7790372604E-01   -4.2073502224E+00    6.2657741646E-02
    7.5479980007E-02    7.6558267319E-01   -3.5813013380E-01   -4.1205526976E+00    6.2649164384E-02
    7.5519980007E-02    7.4930363251E-01   -3.3688522110E-01   -4.0324922213E+00    6.2647004265E-02
    7.5559980007E-02    7.3466625562E-01   -3.1449369073E-01   -3.9440180481E+00    6.2651967521E-02
    7.5599980007E-02    7.2188643020E-01   -2.9133125132E-01   -3.8560400134E+00    6.2664401278E-02
    7.5639980007E-02    7.1109614882E-01   -2.6779980434E-01   -3.7694779170E+00    6.2684287479E-02
    7.5679980007E-02    7.0233360009E-01   -2.4430274930E-01   -3.6852182351E+00    6.2711296550E-02
    7.5719980007E-02    6.9554605425E-01   -2.2122946342E-01   -3.6041014503E+00    6.2744916066E-02
    7.5759980007E-02    6.9060112399E-01   -1.9895037075E-01   -3.5269371446E+00    6.2784628575E-02
    7.5799980007E-02    6.8730124844E-01   -1.7781717857E-01   -3.4545257652E+00    6.2830045470E-02
    7.5839980007E-02    6.8539907111E-01   -1.5816181138E-01   -3.3876668465E+00    6.2880913854E-02
    7.5879980007E-02    6.8461384824E-01   -1.4029098085E-01   -3.3271459664E+00    6.2937006692E-02
    7.5919980007E-02    6.8464922492E-01   -1.2447751939E-01   -3.2737056144E+00    6.2997987224E-02
    7.5959980007E-02    6.8521179663E-01   -1.1095201953E-01   -3.2280119405E+00    6.3063336460E-02
    7.5999980007E-02    6.8602955344E-01   -9.9898245668E-02   -3.1906286068E+00    6.3132368771E-02
    7.6039980007E-02    6.8686788275E-01   -9.1453634954E-02   -3.1620033881E+00    6.3204300471E-02
    7.6079980007E-02    6.8754158964E-01   -8.5713890957E-02   -3.1424667038E+00    6.3278321281E-02
    7.6119980007E-02    6.8792301775E-01   -8.2739426347E-02   -3.1322373117E+00    6.3353637531E-02
    7.6159980007E-02    6.8794629453E-01   -8.2561129470E-02   -3.1314297342E+00    6.3429481203E-02
    7.6199980007E-02    6.8760911082E-01   -8.5183745295E-02   -3.1400592282E+00    6.3505095004E-02
    7.6239980007E-02    6.8697292197E-01   -9.0585988750E-02   -3.1580420845E+00    6.3579708463E-02
    7.6279980007E-02    6.8616124318E-01   -9.8717243148E-02   -3.1851910282E+00    6.3652520703E-02
    7.6319980007E-02    6.8535596206E-01   -1.0949170415E-01   -3.2212074378E+00    6.3722704809E-02
    7.6359980007E-02    6.8479065627E-01   -1.2278159684E-01   -3.2656741773E+00    6.3789444420E-02
    7.6399980007E-02    6.8473940210E-01   -1.3841172379E-01   -3.3180545349E+00    6.3852000981E-02
    7.6439980007E-02    6.8550116057E-01   -1.5615784943E-01   -3.3777027017E+00    6.3909786424E-02
    7.6479980007E-02    6.8738087372E-01   -1.7575032389E-01   -3.4438880793E+00    6.3962394231E-02
    7.6519980007E-02    6.9067000801E-01   -1.9688217864E-01   -3.5158293387E+00    6.4009548527E-02
    7.6559980007E-02    6.9562903550E-01   -2.1921848531E-01   -3.5927273765E+00    6.4050982432E-02
    7.6599980007E-02    7.0247198117E-01   -2.4240283521E-01   -3.6737836985E+00    6.4086324702E-02
    7.6639980007E-02    7.1135131119E-01   -2.6605878866E-01   -3.7581958553E+00    6.4115088339E-02
    7.6679980007E-02    7.2234172892E-01   -2.8978868111E-01   -3.8451346739E+00    6.4136784290E-02
    7.6719980007E-02    7.3542524822E-01   -3.1317665377E-01   -3.9337232710E+00    6.4151089556E-02
    7.6759980007E-02    7.5048449236E-01   -3.3580274346E-01   -4.0230424353E+00    6.4157981750E-02
    7.6799980007E-02    7.6731060168E-01   -3.5726793563E-01   -4.1121701239E+00    6.4157813615E-02
    7.6839980007E-02    7.8562414881E-01   -3.7722117469E-01   -4.2002337701E+00    6.4151334878E-02
    7.6879980007E-02    8.0509909483E-01   -3.9537779310E-01   -4.2864418404E+00    6.4139635871E-02
    7.6919980007E-02    8.2538026729E-01   -4.1152660418E-01   -4.3700803862E+00    6.4123986355E-02
    7.6959980007E-02    8.4609306628E-01   -4.2553102517E-01   -4.4504896796E+00    6.4105623037E-02
    7.6999980007E-02    8.6685065692E-01   -4.3733011413E-01   -4.5270454211E+00    6.4085599962E-02
    7.7039980008E-02    8.8726344556E-01   -4.4694039982E-01   -4.5991556046E+00    6.4064769970E-02
    7.7079980008E-02    9.0695129480E-01   -4.5445556744E-01   -4.6662674107E+00    6.4043862411E-02
    7.7119980008E-02    9.2555599910E-01   -4.6004122044E-01   -4.7278734048E+00    6.4023566153E-02
    7.7159980008E-02    9.4275164568E-01   -4.6392408877E-01   -4.7835117735E+00    6.4004551524E-02
    7.7199980008E-02    9.5825194008E-01   -4.6637662703E-01   -4.8327624400E+00    6.3987424353E-02
    7.7239980008E-02    9.7181456281E-01   -4.6769832582E-01   -4.8752437858E+00    6.3972646261E-02
    7.7279980008E-02    9.8324279321E-01   -4.6819496546E-01   -4.9106133254E+00    6.3960462302E-02
    7.7319980008E-02    9.9238456410E-01   -4.6815710101E-01   -4.9385727484E+00    6.3950862607E-02
    7.7359980008E-02    9.9912929108E-01   -4.6783930394E-01   -4.9588755966E+00    6.3943585383E-02
    7.7399980008E-02    1.0034032681E+00   -4.6744181177E-01   -4.9713352578E+00    6.3938154225E-02
    7.7439980008E-02    1.0051648462E+00   -4.6709607827E-01   -4.9758315533E+00    6.3933936637E-02
    7.7479980008E-02    1.0044007320E+00   -4.6685533044E-01   -4.9723151407E+00    6.3930211979E-02
    7.7519980008E-02    1.0011244580E+00   -4.6669079544E-01   -4.9608095966E+00    6.3926241816E-02
    7.7559980008E-02    9.9537747852E-01   -4.6649386835E-01   -4.9414112240E+00    6.3921339724E-02
    7.7599980008E-02    9.8723260947E-01   -4.6608413833E-01   -4.9142865391E+00    6.3914938356E-02
    7.7639980008E-02    9.7679886229E-01   -4.6522279326E-01   -4.8796674266E+00    6.3906648683E-02
    7.7679980008E-02    9.6422632170E-01   -4.6363044016E-01   -4.8378443989E+00    6.3896301780E-02
    7.7719980008E-02    9.4970971621E-01   -4.6100788988E-01   -4.7891592420E+00    6.3883961210E-02
    7.7759980008E-02    9.3348970415E-01   -4.5705814538E-01   -4.7339990954E+00    6.3869898047E-02
    7.7799980008E-02    9.1585141030E-01   -4.5150785007E-01   -4.6727939142E+00    6.3854532561E-02
    7.7839980008E-02    8.9712007123E-01   -4.4412673414E-01   -4.6060177733E+00    6.3838363719E-02
    7.7879980008E-02    8.7765370930E-01   -4.3474385732E-01   -4.5341920064E+00    6.3821921794E-02
    7.7919980008E-02    8.5783291065E-01   -4.2325953445E-01   -4.4578865000E+00    6.3805776973E-02
    7.7959980008E-02    8.3804845658E-01   -4.0965211575E-01   -4.3777169382E+00    6.3790606128E-02
    7.7999980008E-02    8.1868862926E-01   -3.9397983535E-01   -4.2943408771E+00    6.3777268379E-02
    7.8039980008E-02    8.0012815969E-01   -3.7637953841E-01   -4.2084601555E+00    6.3766807999E-02
    7.8079980008E-02    7.8271867670E-01   -3.5706448848E-01   -4.1208341804E+00    6.3760337001E-02
    7.8119980008E-02    7.6677728448E-01   -3.3632088776E-01   -4.0322959410E+00    6.3758840378E-02
    7.8159980008E-02    7.5256957872E-01   -3.1449885044E-01   -3.9437509164E+00    6.3763012840E-02
    7.8199980008E-02    7.4028849440E-01   -2.9199357191E-01   -3.8561450344E+00    6.3773205949E-02
    7.8239980008E-02    7.3003678164E-01   -2.6921883942E-01   -3.7704124585E+00    6.3789476003E-02
    7.8279980008E-02    7.2182117897E-01   -2.4658214890E-01   -3.6874338264E+00    6.3811675949E-02
    7.8319980008E-02    7.1555945217E-01   -2.2447032214E-01   -3.6080283430E+00    6.3839550632E-02
    7.8359980008E-02    7.1109471052E-01   -2.0324662799E-01   -3.5329760798E+00    6.3872811950E-02
    7.8399980008E-02    7.0821089285E-01   -1.8325294039E-01   -3.4630463006E+00    6.3911168172E-02
    7.8439980008E-02    7.0664742816E-01   -1.6480944381E-01   -3.3990082849E+00    6.3954297051E-02
    7.8479980008E-02    7.0611483771E-01   -1.4820886886E-01   -3.3416165836E+00    6.4001791183E-02
    7.8519980008E-02    7.0631272961E-01   -1.3370744704E-01   -3.2915787341E+00    6.4053124698E-02
    7.8559980008E-02    7.0694940550E-01   -1.2151708297E-01   -3.2495205282E+00    6.4107669087E-02
    7.8599980008E-02    7.0776066442E-01   -1.1180216206E-01   -3.2159610462E+00    6.4164746604E-02
    7.8639980008E-02    7.0852539969E-01   -1.0468166214E-01   -3.1913018309E+00    6.4223688459E-02
    7.8679980008E-02    7.0907676891E-01   -1.0023487053E-01   -3.1758276032E+00    6.4283871242E-02
    7.8719980008E-02    7.0930922233E-01   -9.8508063622E-02   -3.1697127250E+00    6.4344723320E-02
    7.8759980008E-02    7.0918239600E-01   -9.9519756468E-02   -3.1730278250E+00    6.4405707022E-02
    7.8799980008E-02    7.0872256840E-01   -1.0326291332E-01   -3.1857428908E+00    6.4466287536E-02
    7.8839980008E-02    7.0802208542E-01   -1.0970349126E-01   -3.2077253556E+00    6.4525899921E-02
    7.8879980008E-02    7.0723652325E-01   -1.1877563837E-01   -3.2387338946E+00    6.4583925672E-02
    7.8919980008E-02    7.0657865011E-01   -1.3037481932E-01   -3.2784108891E+00    6.4639690403E-02
    7.8959980008E-02    7.0630805019E-01   -1.4435109349E-01   -3.3262787062E+00    6.4692490948E-02
    7.8999980008E-02    7.0671640700E-01   -1.6050538884E-01   -3.3817460009E+00    6.4741648848E-02
    7.9039980008E-02    7.0810931877E-01   -1.7859100575E-01   -3.4441283861E+00    6.4786569577E-02
    7.9079980008E-02    7.1078694628E-01   -1.9832051983E-01   -3.5126818028E+00    6.4826775481E-02
    7.9119980008E-02    7.1502598346E-01   -2.1937525935E-01   -3.5866384365E+00    6.4861892896E-02
    7.9159980008E-02    7.2106373405E-01   -2.4141258555E-01   -3.6652294103E+00    6.4891609130E-02
    7.9199980008E-02    7.2908252884E-01   -2.6406753443E-01   -3.7476820309E+00    6.4915642247E-02
    7.9239980008E-02    7.3919299630E-01   -2.8695029914E-01   -3.8331937584E+00    6.4933755830E-02
    7.9279980008E-02    7.5141766575E-01   -3.0964649803E-01   -3.9209033773E+00    6.4945816777E-02
    7.9319980008E-02    7.6568065956E-01   -3.3172815154E-01   -4.0098869914E+00    6.4951879047E-02
    7.9359980008E-02    7.8180996710E-01   -3.5277697833E-01   -4.0991908357E+00    6.4952280214E-02
    7.9399980008E-02    7.9955261447E-01   -3.7241253694E-01   -4.1878836213E+00    6.4947715980E-02
    7.9439980008E-02    8.1859533775E-01   -3.9031487797E-01   -4.2750961303E+00    6.4939222616E-02
    7.9479980008E-02    8.3858246934E-01   -4.0623736344E-01   -4.3600305744E+00    6.4928030179E-02
    7.9519980008E-02    8.5912886698E-01   -4.2001268860E-01   -4.4419488333E+00    6.4915353005E-02
    7.9559980008E-02    8.7983108738E-01   -4.3155655745E-01   -4.5201593660E+00    6.4902241723E-02
    7.9599980008E-02    9.0027979696E-01   -4.4087010429E-01   -4.5940130378E+00    6.4889562536E-02
    7.9639980008E-02    9.2007328346E-01   -4.4803938180E-01   -4.6629048028E+00    6.4878063576E-02
    7.9679980008E-02    9.3883025445E-01   -4.5323020223E-01   -4.7262742534E+00    6.4868439373E-02
    7.9719980008E-02    9.5620066780E-01   -4.5667779426E-01   -4.7836025405E+00    6.4861334940E-02
    7.9759980008E-02    9.7187431697E-01   -4.5867149990E-01   -4.8344084691E+00    6.4857288876E-02
    7.9799980008E-02    9.8558705206E-01   -4.5953502844E-01   -4.8782479834E+00    6.4856651179E-02
    7.9839980008E-02    9.9712416794E-01   -4.5960319734E-01   -4.9147191151E+00    6.4859515716E-02
    7.9879980008E-02    1.0063204578E+00   -4.5919678391E-01   -4.9434713912E+00    6.4865692133E-02
    7.9919980008E-02    1.0130570300E+00   -4.5859773275E-01   -4.9642168719E+00    6.4874721685E-02
    7.9959980008E-02    1.0172559026E+00   -4.5802712525E-01   -4.9767400456E+00    6.4885926250E-02
    7.9999980008E-02    1.0188740969E+00   -4.5762795051E-01   -4.9809050535E+00    6.4898474448E-02
