 sig=    1.000000000000000      inputfile=
 /home/rjrj524/Finished/vmec_gc_tracer/revised_251128/nc/wout_pwO_nfp2_A6.nc                                                                                                                             
 dt=   2.0000000000000000E-008
 steps=      4000000
 x0=   4.0000000000000001E-002   -2.630000000000000      
   -3.140000000000000     
 u=   -1260.000000000000     
 v_perp=    9360.000000000000     
 
time(s)         x0(1)       x0(2)        x0(3)      r
    3.9980000000E-05    9.4715638867E-01    3.4164878519E-02   -3.1881395650E+00    4.0028802554E-02
    7.9980000000E-05    9.4947591293E-01    2.4206239812E-02   -3.2341393877E+00    4.0061330714E-02
    1.1998000000E-04    9.5195511599E-01    1.4811428310E-02   -3.2778526885E+00    4.0097610642E-02
    1.5998000000E-04    9.5453773171E-01    6.0102111132E-03   -3.3191912748E+00    4.0137623092E-02
    1.9998000000E-04    9.5717300851E-01   -2.1790046204E-03   -3.3580922436E+00    4.0181264358E-02
    2.3998000000E-04    9.5981544640E-01   -9.7464686858E-03   -3.3945075847E+00    4.0228341084E-02
    2.7998000000E-04    9.6242405996E-01   -1.6688405065E-02   -3.4283944274E+00    4.0278584258E-02
    3.1998000000E-04    9.6496156675E-01   -2.3004979965E-02   -3.4597075376E+00    4.0331675120E-02
    3.5998000000E-04    9.6739363190E-01   -2.8698881839E-02   -3.4883949399E+00    4.0387273624E-02
    3.9998000000E-04    9.6968829360E-01   -3.3774338437E-02   -3.5143966825E+00    4.0445042609E-02
    4.3998000000E-04    9.7181568453E-01   -3.8236522515E-02   -3.5376460730E+00    4.0504664286E-02
    4.7998000000E-04    9.7374803379E-01   -4.2091169072E-02   -3.5580725237E+00    4.0565848667E-02
    5.1998000000E-04    9.7545985692E-01   -4.5344088762E-02   -3.5756052474E+00    4.0628335245E-02
    5.5998000000E-04    9.7692834174E-01   -4.8000901026E-02   -3.5901770063E+00    4.0691890027E-02
    5.9998000000E-04    9.7813380621E-01   -5.0066909031E-02   -3.6017274660E+00    4.0756300593E-02
    6.3998000000E-04    9.7906010723E-01   -5.1546813198E-02   -3.6102060054E+00    4.0821370623E-02
    6.7998000000E-04    9.7969498710E-01   -5.2444401482E-02   -3.6155738701E+00    4.0886914738E-02
    7.1998000000E-04    9.8003034837E-01   -5.2762376370E-02   -3.6178056471E+00    4.0952754242E-02
    7.5998000000E-04    9.8006241209E-01   -5.2502127873E-02   -3.6168901877E+00    4.1018713895E-02
    7.9998000000E-04    9.7979175877E-01   -5.1663518561E-02   -3.6128310089E+00    4.1084618777E-02
    8.3998000000E-04    9.7922327151E-01   -5.0244899990E-02   -3.6056461134E+00    4.1150291013E-02
    8.7998000000E-04    9.7836596547E-01   -4.8243246021E-02   -3.5953672428E+00    4.1215546078E-02
    9.1998000000E-04    9.7723269314E-01   -4.5654286985E-02   -3.5820385533E+00    4.1280188172E-02
    9.5998000000E-04    9.7583977214E-01   -4.2472835820E-02   -3.5657145895E+00    4.1344004520E-02
    9.9998000000E-04    9.7420656418E-01   -3.8693191590E-02   -3.5464575691E+00    4.1406759450E-02
    1.0399800000E-03    9.7235503267E-01   -3.4309448926E-02   -3.5243340755E+00    4.1468188788E-02
    1.0799800000E-03    9.7030935582E-01   -2.9315764561E-02   -3.4994112930E+00    4.1527995970E-02
    1.1199800000E-03    9.6809569737E-01   -2.3706640736E-02   -3.4717530965E+00    4.1585852218E-02
    1.1599800000E-03    9.6574214418E-01   -1.7477001454E-02   -3.4414166360E+00    4.1641403574E-02
    1.1999800000E-03    9.6327888761E-01   -1.0622322413E-02   -3.4084501623E+00    4.1694286686E-02
    1.2399800000E-03    9.6073878569E-01   -3.1392823088E-03   -3.3728930159E+00    4.1744154134E-02
    1.2799800000E-03    9.5815829094E-01    4.9729344158E-03   -3.3347787634E+00    4.1790706615E-02
    1.3199800000E-03    9.5557864655E-01    1.3710528955E-02   -3.2941419517E+00    4.1833724786E-02
    1.3599800000E-03    9.5304714687E-01    2.3062185550E-02   -3.2510280017E+00    4.1873090105E-02
    1.3999800000E-03    9.5061806174E-01    3.3005834477E-02   -3.2055046678E+00    4.1908784240E-02
    1.4399800000E-03    9.4835259040E-01    4.3506013822E-02   -3.1576726347E+00    4.1940862822E-02
    1.4799800000E-03    9.4631765483E-01    5.4512248785E-02   -3.1076724330E+00    4.1969409873E-02
    1.5199800000E-03    9.4458348412E-01    6.5958944462E-02   -3.0556859955E+00    4.1994489184E-02
    1.5599800000E-03    9.4322027638E-01    7.7766824241E-02   -3.0019328754E+00    4.2016111359E-02
    1.5999800000E-03    9.4229446530E-01    8.9845497429E-02   -2.9466627647E+00    4.2034227177E-02
    1.6399800000E-03    9.4186515690E-01    1.0209651665E-01   -2.8901467648E+00    4.2048744320E-02
    1.6799800000E-03    9.4198115742E-01    1.1441633424E-01   -2.8326696814E+00    4.2059554058E-02
    1.7199800000E-03    9.4267877875E-01    1.2669879491E-01   -2.7745248029E+00    4.2066553100E-02
    1.7599800000E-03    9.4398038778E-01    1.3883706943E-01   -2.7160116587E+00    4.2069652621E-02
    1.7999800000E-03    9.4589352143E-01    1.5072515098E-01   -2.6574364663E+00    4.2068775616E-02
    1.8399800000E-03    9.4841034029E-01    1.6225917806E-01   -2.5991144046E+00    4.2063849780E-02
    1.8799800000E-03    9.5150723463E-01    1.7333891354E-01   -2.5413724983E+00    4.2054803681E-02
    1.9199800000E-03    9.5514450971E-01    1.8386968711E-01   -2.4845517695E+00    4.2041570463E-02
    1.9599800000E-03    9.5926622796E-01    1.9376497981E-01   -2.4290074780E+00    4.2024098614E-02
    1.9999800000E-03    9.6380042378E-01    2.0294960304E-01   -2.3751067494E+00    4.2002366027E-02
    2.0399800000E-03    9.6865997434E-01    2.1136315460E-01   -2.3232235666E+00    4.1976392929E-02
    2.0799800000E-03    9.7374436665E-01    2.1896321462E-01   -2.2737317733E+00    4.1946250632E-02
    2.1199800000E-03    9.7894244941E-01    2.2572766585E-01   -2.2269971764E+00    4.1912065269E-02
    2.1599800000E-03    9.8413604703E-01    2.3165562135E-01   -2.1833698979E+00    4.1874017357E-02
    2.1999800000E-03    9.8920412381E-01    2.3676668187E-01   -2.1431778603E+00    4.1832338678E-02
    2.2399800000E-03    9.9402711006E-01    2.4109850346E-01   -2.1067218379E+00    4.1787307822E-02
    2.2799800000E-03    9.9849113215E-01    2.4470275092E-01   -2.0742720753E+00    4.1739245147E-02
    2.3199800000E-03    1.0024914298E+00    2.4764034333E-01   -2.0460662055E+00    4.1688507442E-02
    2.3599800000E-03    1.0059349397E+00    2.4997632665E-01   -2.0223080848E+00    4.1635482376E-02
    2.3999800000E-03    1.0087422408E+00    2.5177455554E-01   -2.0031671918E+00    4.1580582868E-02
    2.4399800000E-03    1.0108489151E+00    2.5309259515E-01   -1.9887783279E+00    4.1524241480E-02
    2.4799800000E-03    1.0122064337E+00    2.5397720506E-01   -1.9792414610E+00    4.1466905039E-02
    2.5199800000E-03    1.0127825141E+00    2.5446094875E-01   -1.9746216297E+00    4.1409029596E-02
    2.5599800000E-03    1.0125614926E+00    2.5455959726E-01   -1.9749488774E+00    4.1351075809E-02
    2.5999800000E-03    1.0115446232E+00    2.5427070725E-01   -1.9802182295E+00    4.1293504488E-02
    2.6399800000E-03    1.0097500630E+00    2.5357382835E-01   -1.9903897480E+00    4.1236772172E-02
    2.6799800000E-03    1.0072127296E+00    2.5243206954E-01   -2.0053886854E+00    4.1181326581E-02
    2.7199800000E-03    1.0039840249E+00    2.5079486377E-01   -2.0251057253E+00    4.1127601843E-02
    2.7599800000E-03    1.0001314115E+00    2.4860166074E-01   -2.0493972905E+00    4.1076013494E-02
    2.7999800000E-03    9.9573737137E-01    2.4578675739E-01   -2.0780858909E+00    4.1026953436E-02
    2.8399800000E-03    9.9089787342E-01    2.4228462407E-01   -2.1109605332E+00    4.0980785091E-02
    2.8799800000E-03    9.8572025072E-01    2.3803536240E-01   -2.1477773046E+00    4.0937838858E-02
    2.9199800000E-03    9.8032037901E-01    2.3298995508E-01   -2.1882603896E+00    4.0898407940E-02
    2.9599800000E-03    9.7481919206E-01    2.2711486459E-01   -2.2321039193E+00    4.0862744475E-02
    2.9999800000E-03    9.6933868989E-01    2.2039554048E-01   -2.2789751075E+00    4.0831055868E-02
    3.0399800000E-03    9.6399773890E-01    2.1283844813E-01   -2.3285190268E+00    4.0803501437E-02
    3.0799800000E-03    9.5890800116E-01    2.0447145018E-01   -2.3803650701E+00    4.0780189861E-02
    3.1199800000E-03    9.5417030613E-01    1.9534264689E-01   -2.4341346648E+00    4.0761178573E-02
    3.1599800000E-03    9.4987183445E-01    1.8551791097E-01   -2.4894492999E+00    4.0746476468E-02
    3.1999800000E-03    9.4608429467E-01    1.7507760294E-01   -2.5459376286E+00    4.0736050897E-02
    3.2399800000E-03    9.4286304550E-01    1.6411306426E-01   -2.6032404906E+00    4.0729838587E-02
    3.2799800000E-03    9.4024693139E-01    1.5272341097E-01   -2.6610131870E+00    4.0727758190E-02
    3.3199800000E-03    9.3825852209E-01    1.4101292745E-01   -2.7189250903E+00    4.0729720689E-02
    3.3599800000E-03    9.3690450457E-01    1.2908907751E-01   -2.7766574044E+00    4.0735633951E-02
    3.3999800000E-03    9.3617612848E-01    1.1706092117E-01   -2.8339003405E+00    4.0745400048E-02
    3.4399800000E-03    9.3604977991E-01    1.0503762395E-01   -2.8903510238E+00    4.0758907759E-02
    3.4799800000E-03    9.3648787481E-01    9.3126781963E-02   -2.9457131414E+00    4.0776026269E-02
    3.5199800000E-03    9.3744028294E-01    8.1432411036E-02   -2.9996988468E+00    4.0796606964E-02
    3.5599800000E-03    9.3884641575E-01    7.0052602621E-02   -3.0520329139E+00    4.0820496995E-02
    3.5999800000E-03    9.4063796855E-01    5.9076991677E-02   -3.1024586341E+00    4.0847561854E-02
    3.6399800000E-03    9.4274213427E-01    4.8584308410E-02   -3.1507444937E+00    4.0877707738E-02
    3.6799800000E-03    9.4508493988E-01    3.8640396343E-02   -3.1966902971E+00    4.0910892373E-02
    3.7199800000E-03    9.4759438312E-01    2.9296980606E-02   -3.2401312146E+00    4.0947117157E-02
    3.7599800000E-03    9.5020296269E-01    2.0591466579E-02   -3.2809385806E+00    4.0986401906E-02
    3.7999800000E-03    9.5284931528E-01    1.2547863469E-02   -3.3190170631E+00    4.1028751399E-02
    3.8399800000E-03    9.5547891663E-01    5.1786393774E-03   -3.3542987934E+00    4.1074125629E-02
    3.8799800000E-03    9.5804399986E-01   -1.5128709452E-03   -3.3867358112E+00    4.1122422535E-02
    3.9199800000E-03    9.6050296475E-01   -7.5299371000E-03   -3.4162924320E+00    4.1173475773E-02
    3.9599800000E-03    9.6281957022E-01   -1.2880129560E-02   -3.4429388659E+00    4.1227064535E-02
    3.9999800000E-03    9.6496212652E-01   -1.7573399049E-02   -3.4666468640E+00    4.1282929625E-02
    4.0399800000E-03    9.6690285638E-01   -2.1620622975E-02   -3.4873875261E+00    4.1340790378E-02
    4.0799800000E-03    9.6861750617E-01   -2.5032632539E-02   -3.5051309019E+00    4.1400358946E-02
    4.1199800000E-03    9.7008515555E-01   -2.7819557460E-02   -3.5198468611E+00    4.1461350251E-02
    4.1599800000E-03    9.7128817531E-01   -2.9990374361E-02   -3.5315066826E+00    4.1523487493E-02
    4.1999800000E-03    9.7221232832E-01   -3.1552716650E-02   -3.5400848373E+00    4.1586504155E-02
    4.2399800000E-03    9.7284688397E-01   -3.2512701129E-02   -3.5455606882E+00    4.1650143843E-02
    4.2799800000E-03    9.7318464353E-01   -3.2874546603E-02   -3.5479199677E+00    4.1714158161E-02
    4.3199800000E-03    9.7322200205E-01   -3.2640401127E-02   -3.5471557463E+00    4.1778303312E-02
    4.3599800000E-03    9.7295896974E-01   -3.1810253057E-02   -3.5432688525E+00    4.1842336155E-02
    4.3999800000E-03    9.7239908684E-01   -3.0381781488E-02   -3.5362677419E+00    4.1906009981E-02
    4.4399800000E-03    9.7154928873E-01   -2.8350318803E-02   -3.5261677513E+00    4.1969070016E-02
    4.4799800000E-03    9.7041984547E-01   -2.5709194380E-02   -3.5129896862E+00    4.2031249988E-02
    4.5199800000E-03    9.6902423158E-01   -2.2449950706E-02   -3.4967580429E+00    4.2092270464E-02
    4.5599800000E-03    9.6737903415E-01   -1.8562610791E-02   -3.4774990057E+00    4.2151839661E-02
    4.5999800000E-03    9.6550397752E-01   -1.4036068051E-02   -3.4552385263E+00    4.2209657894E-02
    4.6399800000E-03    9.6342211374E-01   -8.8586155755E-03   -3.4300009462E+00    4.2265426963E-02
    4.6799800000E-03    9.6116018802E-01   -3.0186316521E-03   -3.4018087391E+00    4.2318864594E-02
    4.7199800000E-03    9.5874929660E-01    3.4942690546E-03   -3.3706839169E+00    4.2369722888E-02
    4.7599800000E-03    9.5622579883E-01    1.0687561653E-02   -3.3366516066E+00    4.2417807825E-02
    4.7999800000E-03    9.5363236534E-01    1.8563600071E-02   -3.2997459053E+00    4.2462994245E-02
    4.8399800000E-03    9.5101894800E-01    2.7116980545E-02   -3.2600174974E+00    4.2505229342E-02
    4.8799800000E-03    9.4844340007E-01    3.6331745801E-02   -3.2175418049E+00    4.2544519160E-02
    4.9199800000E-03    9.4597126566E-01    4.6179073310E-02   -3.1724260685E+00    4.2580898087E-02
    4.9599800000E-03    9.4367453607E-01    5.6615833009E-02   -3.1248136593E+00    4.2614389121E-02
    4.9999800000E-03    9.4162939506E-01    6.7584257575E-02   -3.0748846438E+00    4.2644968481E-02
    5.0399800000E-03    9.3991315483E-01    7.9012767403E-02   -3.0228527537E+00    4.2672547908E-02
    5.0799800000E-03    9.3860078225E-01    9.0817692831E-02   -2.9689598564E+00    4.2696980325E-02
    5.1199800000E-03    9.3776145920E-01    1.0290549945E-01   -2.9134694577E+00    4.2718083529E-02
    5.1599800000E-03    9.3745553534E-01    1.1517514640E-01   -2.8566606412E+00    4.2735669044E-02
    5.1999800000E-03    9.3773207353E-01    1.2752032735E-01   -2.7988234226E+00    4.2749563300E-02
    5.2399800000E-03    9.3862702110E-01    1.3983147580E-01   -2.7402560621E+00    4.2759615027E-02
    5.2799800000E-03    9.4016190839E-01    1.5199752432E-01   -2.6812645066E+00    4.2765691171E-02
    5.3199800000E-03    9.4234290383E-01    1.6390750182E-01   -2.6221637592E+00    4.2767668986E-02
    5.3599800000E-03    9.4516005578E-01    1.7545214867E-01   -2.5632805228E+00    4.2765432105E-02
    5.3999800000E-03    9.4858662431E-01    1.8652580499E-01   -2.5049560092E+00    4.2758874517E-02
    5.4399800000E-03    9.5257853389E-01    1.9702883007E-01   -2.4475475681E+00    4.2747911434E-02
    5.4799800000E-03    9.5707411800E-01    2.0687069146E-01   -2.3914279469E+00    4.2732492775E-02
    5.5199800000E-03    9.6199442825E-01    2.1597362322E-01   -2.3369815885E+00    4.2712614605E-02
    5.5599800000E-03    9.6724439494E-01    2.2427646370E-01   -2.2845982059E+00    4.2688325736E-02
    5.5999800000E-03    9.7271503128E-01    2.3173806078E-01   -2.2346646240E+00    4.2659729290E-02
    5.6399800000E-03    9.7828668699E-01    2.3833957930E-01   -2.1875562450E+00    4.2626980787E-02
    5.6799800000E-03    9.8383313865E-01    2.4408519264E-01   -2.1436293881E+00    4.2590284715E-02
    5.7199800000E-03    9.8922613246E-01    2.4900092697E-01   -2.1032152828E+00    4.2549890937E-02
    5.7599800000E-03    9.9433992891E-01    2.5313174353E-01   -2.0666159179E+00    4.2506091387E-02
    5.7999800000E-03    9.9905544786E-01    2.5653718959E-01   -2.0341014917E+00    4.2459216850E-02
    5.8399800000E-03    1.0032637933E+00    2.5928601834E-01   -2.0059089872E+00    4.2409633421E-02
    5.8799800000E-03    1.0068689646E+00    2.6145035511E-01   -1.9822413951E+00    4.2357738315E-02
    5.9199800000E-03    1.0097896503E+00    2.6310002909E-01   -1.9632672335E+00    4.2303955013E-02
    5.9599800000E-03    1.0119604558E+00    2.6429718236E-01   -1.9491201743E+00    4.2248727961E-02
    5.9999800000E-03    1.0133326570E+00    2.6509155959E-01   -1.9398987113E+00    4.2192517079E-02
    6.0399800000E-03    1.0138746168E+00    2.6551678534E-01   -1.9356658828E+00    4.2135792317E-02
    6.0799800000E-03    1.0135719450E+00    2.6558792047E-01   -1.9364490883E+00    4.2079028414E-02
    6.1199800000E-03    1.0124275259E+00    2.6530041039E-01   -1.9422400275E+00    4.2022699846E-02
    6.1599800000E-03    1.0104615802E+00    2.6463033171E-01   -1.9529947818E+00    4.1967275790E-02
    6.1999800000E-03    1.0077115624E+00    2.6353615593E-01   -1.9686340422E+00    4.1913214924E-02
    6.2399800000E-03    1.0042319132E+00    2.6196181203E-01   -1.9890434640E+00    4.1860960036E-02
    6.2799800000E-03    1.0000935858E+00    2.5984082638E-01   -2.0140741057E+00    4.1810932562E-02
    6.3199800000E-03    9.9538333101E-01    2.5710114977E-01   -2.0435429035E+00    4.1763527340E-02
    6.3599800000E-03    9.9020243739E-01    2.5367057201E-01   -2.0772331614E+00    4.1719108008E-02
    6.3999800000E-03    9.8466444993E-01    2.4948275765E-01   -2.1148951037E+00    4.1678003382E-02
    6.4399800000E-03    9.7889222618E-01    2.4448294871E-01   -2.1562466861E+00    4.1640504865E-02
    6.4799800000E-03    9.7301422611E-01    2.3863302732E-01   -2.2009750427E+00    4.1606864653E-02
    6.5199800000E-03    9.6716017413E-01    2.3191547185E-01   -2.2487390881E+00    4.1577294226E-02
    6.5599800000E-03    9.6145640891E-01    2.2433575854E-01   -2.2991737865E+00    4.1551962500E-02
    6.5999800000E-03    9.5602135141E-01    2.1592291757E-01   -2.3518963402E+00    4.1530993294E-02
    6.6399800000E-03    9.5096154556E-01    2.0672822613E-01   -2.4065140444E+00    4.1514462521E-02
    6.6799800000E-03    9.4636863374E-01    1.9682235117E-01   -2.4626329396E+00    4.1502396460E-02
    6.7199800000E-03    9.4231744064E-01    1.8629153223E-01   -2.5198659143E+00    4.1494773095E-02
    6.7599800000E-03    9.3886511614E-01    1.7523351016E-01   -2.5778388423E+00    4.1491528080E-02
    6.7999800000E-03    9.3605110248E-01    1.6375381122E-01   -2.6361937922E+00    4.1492565215E-02
    6.8399800000E-03    9.3389762335E-01    1.5196271545E-01   -2.6945891846E+00    4.1497768939E-02
    6.8799800000E-03    9.3241037060E-01    1.3997295856E-01   -2.7526976849E+00    4.1507014543E-02
    6.9199800000E-03    9.3157921485E-01    1.2789794348E-01   -2.8102032083E+00    4.1520172063E-02
    6.9599800000E-03    9.3137892784E-01    1.1585014446E-01   -2.8667984962E+00    4.1537102402E-02
    6.9999800000E-03    9.3177003922E-01    1.0393945005E-01   -2.9221843183E+00    4.1557648417E-02
    7.0399800000E-03    9.3270005915E-01    9.2271310952E-02   -2.9760706958E+00    4.1581627271E-02
    7.0799800000E-03    9.3410527642E-01    8.0944711008E-02   -3.0281799313E+00    4.1608831022E-02
    7.1199800000E-03    9.3591322520E-01    7.0050085602E-02   -3.0782508518E+00    4.1639039167E-02
    7.1599800000E-03    9.3804573461E-01    5.9667368997E-02   -3.1260435355E+00    4.1672040756E-02
    7.1999800000E-03    9.4042229882E-01    4.9864375923E-02   -3.1713437773E+00    4.1707658021E-02
    7.2399800000E-03    9.4296339416E-01    4.0695726243E-02   -3.2139665622E+00    4.1745761534E-02
    7.2799800000E-03    9.4559335871E-01    3.2202493085E-02   -3.2537578730E+00    4.1786270177E-02
    7.3199800000E-03    9.4824254181E-01    2.4412673987E-02   -3.2905943705E+00    4.1829135844E-02
    7.3599800000E-03    9.5084862205E-01    1.7342419782E-02   -3.3243808746E+00    4.1874318992E-02
    7.3999800000E-03    9.5335708069E-01    1.0997896531E-02   -3.3550461248E+00    4.1921763636E-02
    7.4399800000E-03    9.5572088824E-01    5.3776652608E-03   -3.3825377489E+00    4.1971378964E-02
    7.4799800000E-03    9.5789994263E-01    4.7498642432E-04   -3.4068171858E+00    4.2023030731E-02
    7.5199800000E-03    9.5986038555E-01   -3.7201041583E-03   -3.4278553207E+00    4.2076541591E-02
    7.5599800000E-03    9.6157392890E-01   -7.2190492895E-03   -3.4456292529E+00    4.2131697385E-02
    7.5999800000E-03    9.6301728477E-01   -1.0033393180E-02   -3.4601202704E+00    4.2188256008E-02
    7.6399800000E-03    9.6417176425E-01   -1.2173792731E-02   -3.4713128315E+00    4.2245956311E-02
    7.6799800000E-03    9.6502296932E-01   -1.3649259776E-02   -3.4791942822E+00    4.2304525548E-02
    7.7199800000E-03    9.6556056045E-01   -1.4466575655E-02   -3.4837550003E+00    4.2363684536E-02
    7.7599800000E-03    9.6577811953E-01   -1.4629904495E-02   -3.4849886742E+00    4.2423150797E-02
    7.7999800000E-03    9.6567307101E-01   -1.4140561790E-02   -3.4828925130E+00    4.2482640272E-02
    7.8399800000E-03    9.6524662179E-01   -1.2996886601E-02   -3.4774672801E+00    4.2541868332E-02
    7.8799800000E-03    9.6450373876E-01   -1.1194252941E-02   -3.4687171175E+00    4.2600550735E-02
    7.9199800000E-03    9.6345327325E-01   -8.7253739958E-03   -3.4566491774E+00    4.2658405689E-02
    7.9599800000E-03    9.6210812903E-01   -5.5807097968E-03   -3.4412732876E+00    4.2715157894E-02
    7.9999800000E-03    9.6048554177E-01   -1.7490623887E-03   -3.4226018687E+00    4.2770544943E-02
    8.0399800000E-03    9.5860751331E-01    2.7815794341E-03   -3.4006504117E+00    4.2824326109E-02
    8.0799800000E-03    9.5650139431E-01    8.0229201750E-03   -3.3754388550E+00    4.2876292785E-02
    8.1199800000E-03    9.5420053660E-01    1.3984977673E-02   -3.3469941179E+00    4.2926278563E-02
    8.1599800000E-03    9.5174505374E-01    2.0674278323E-02   -3.3153538124E+00    4.2974165095E-02
    8.1999800000E-03    9.4918256610E-01    2.8091686781E-02   -3.2805709702E+00    4.3019879855E-02
    8.2399800000E-03    9.4656870942E-01    3.6230071190E-02   -3.2427192339E+00    4.3063382916E-02
    8.2799800000E-03    9.4396718009E-01    4.5072065928E-02   -3.2018976493E+00    4.3104642947E-02
    8.3199800000E-03    9.4144912092E-01    5.4588231007E-02   -3.1582341476E+00    4.3143607480E-02
    8.3599800000E-03    9.3909179247E-01    6.4735819962E-02   -3.1118870552E+00    4.3180176656E-02
    8.3999800000E-03    9.3697631217E-01    7.5458484570E-02   -3.0630445910E+00    4.3214190388E-02
    8.4399800000E-03    9.3518468640E-01    8.6686803998E-02   -3.0119226360E+00    4.3245434424E-02
    8.4799800000E-03    9.3379655531E-01    9.8339380430E-02   -2.9587613252E+00    4.3273662404E-02
    8.5199800000E-03    9.3288589827E-01    1.1032439342E-01   -2.9038211003E+00    4.3298624077E-02
    8.5599800000E-03    9.3251799774E-01    1.2254145529E-01   -2.8473787178E+00    4.3320088098E-02
    8.5999800000E-03    9.3274689939E-01    1.3488361245E-01   -2.7897236837E+00    4.3337852085E-02
    8.6399800000E-03    9.3361349040E-01    1.4723933172E-01   -2.7311556859E+00    4.3351740042E-02
    8.6799800000E-03    9.3514416036E-01    1.5949433846E-01   -2.6719836160E+00    4.3361593504E-02
    8.7199800000E-03    9.3734985803E-01    1.7153327855E-01   -2.6125264958E+00    4.3367264600E-02
    8.7599800000E-03    9.4022528738E-01    1.8324135151E-01   -2.5531159990E+00    4.3368616546E-02
    8.7999800000E-03    9.4374804889E-01    1.9450622580E-01   -2.4940995176E+00    4.3365532132E-02
    8.8399800000E-03    9.4787772092E-01    2.0522059287E-01   -2.4358422231E+00    4.3357926410E-02
    8.8799800000E-03    9.5255511403E-01    2.1528557036E-01   -2.3787266457E+00    4.3345758337E-02
    8.9199800000E-03    9.5770211079E-01    2.2461485118E-01   -2.3231489607E+00    4.3329037484E-02
    8.9599800000E-03    9.6322252996E-01    2.3313912899E-01   -2.2695121839E+00    4.3307825013E-02
    8.9999800000E-03    9.6900429936E-01    2.4081007399E-01   -2.2182173918E+00    4.3282230690E-02
    9.0399800000E-03    9.7492293892E-01    2.4760309964E-01   -2.1696545308E+00    4.3252408770E-02
    9.0799800000E-03    9.8084605551E-01    2.5351836171E-01   -2.1241942411E+00    4.3218554842E-02
    9.1199800000E-03    9.8663834774E-01    2.5857976791E-01   -2.0821815615E+00    4.3180904315E-02
    9.1599800000E-03    9.9216657082E-01    2.6283211608E-01   -2.0439317105E+00    4.3139731977E-02
    9.1999800000E-03    9.9730401311E-01    2.6633671106E-01   -2.0097276211E+00    4.3095351558E-02
    9.2399800000E-03    1.0019342893E+00    2.6916582681E-01   -1.9798186687E+00    4.3048114346E-02
    9.2799800000E-03    1.0059540813E+00    2.7139680082E-01   -1.9544200444E+00    4.2998406327E-02
    9.3199800000E-03    1.0092749700E+00    2.7310612104E-01   -1.9337123758E+00    4.2946643972E-02
    9.3599800000E-03    1.0118247059E+00    2.7436364213E-01   -1.9178413861E+00    4.2893268984E-02
    9.3999800000E-03    1.0135479852E+00    2.7522738595E-01   -1.9069175328E+00    4.2838742429E-02
    9.4399800000E-03    1.0144068780E+00    2.7573926091E-01   -1.9010156557E+00    4.2783538669E-02
    9.4799800000E-03    1.0143810146E+00    2.7592200978E-01   -1.9001747102E+00    4.2728139387E-02
    9.5199800000E-03    1.0134676546E+00    2.7577756011E-01   -1.9043976367E+00    4.2673027869E-02
    9.5599800000E-03    1.0116817421E+00    2.7528682921E-01   -1.9136514041E+00    4.2618683305E-02
    9.5999800000E-03    1.0090558509E+00    2.7441111422E-01   -1.9278672538E+00    4.2565574957E-02
    9.6399800000E-03    1.0056400361E+00    2.7309489395E-01   -1.9469411252E+00    4.2514156166E-02
    9.6799800000E-03    1.0015015103E+00    2.7126984993E-01   -1.9707341879E+00    4.2464858298E-02
    9.7199800000E-03    9.9672405395E-01    2.6885981199E-01   -1.9990733890E+00    4.2418084887E-02
    9.7599800000E-03    9.9140700353E-01    2.6578634142E-01   -2.0317519281E+00    4.2374206438E-02
    9.7999800000E-03    9.8566347545E-01    2.6197482359E-01   -2.0685296269E+00    4.2333556471E-02
    9.8399800000E-03    9.7961785642E-01    2.5736049436E-01   -2.1091333054E+00    4.2296429261E-02
    9.8799800000E-03    9.7340246508E-01    2.5189401507E-01   -2.1532574737E+00    4.2263079383E-02
    9.9199800000E-03    9.6715341460E-01    2.4554615303E-01   -2.2005658706E+00    4.2233722754E-02
    9.9599800000E-03    9.6100586992E-01    2.3831110399E-01   -2.2506944985E+00    4.2208538278E-02
    9.9999800000E-03    9.5508906022E-01    2.3020806098E-01   -2.3032567038E+00    4.2187668787E-02
    1.0039980000E-02    9.4952153549E-01    2.2128081635E-01   -2.3578504521E+00    4.2171220050E-02
    1.0079980000E-02    9.4440718217E-01    2.1159548265E-01   -2.4140672774E+00    4.2159257561E-02
    1.0119980000E-02    9.3983239680E-01    2.0123676513E-01   -2.4715016743E+00    4.2151802358E-02
    1.0159980000E-02    9.3586457621E-01    1.9030349094E-01   -2.5297592749E+00    4.2148828555E-02
    1.0199980000E-02    9.3255179582E-01    1.7890417158E-01   -2.5884622989E+00    4.2150265455E-02
    1.0239980000E-02    9.2992332350E-01    1.6715320072E-01   -2.6472515243E+00    4.2156005504E-02
    1.0279980000E-02    9.2799054160E-01    1.5516793814E-01   -2.7057851270E+00    4.2165916493E-02
    1.0319980000E-02    9.2674794127E-01    1.4306655801E-01   -2.7637357072E+00    4.2179853719E-02
    1.0359980000E-02    9.2617405804E-01    1.3096630235E-01   -2.8207872434E+00    4.2197667071E-02
    1.0399980000E-02    9.2623243526E-01    1.1898175817E-01   -2.8766334432E+00    4.2219200002E-02
    1.0439980000E-02    9.2687283513E-01    1.0722293921E-01   -2.9309781773E+00    4.2244281342E-02
    1.0479980000E-02    9.2803291659E-01    9.5793188537E-02   -2.9835377967E+00    4.2272715109E-02
    1.0519980000E-02    9.2964048442E-01    8.4787101199E-02   -3.0340445315E+00    4.2304275275E-02
    1.0559980000E-02    9.3161625026E-01    7.4288724786E-02   -3.0822500388E+00    4.2338710725E-02
    1.0599980000E-02    9.3387690841E-01    6.4370240848E-02   -3.1279284098E+00    4.2375760791E-02
    1.0639980000E-02    9.3633825723E-01    5.5091227924E-02   -3.1708783035E+00    4.2415176483E-02
    1.0679980000E-02    9.3891809356E-01    4.6498522792E-02   -3.2109241186E+00    4.2456739528E-02
    1.0719980000E-02    9.4153865764E-01    3.8626649637E-02   -3.2479161863E+00    4.2500272269E-02
    1.0759980000E-02    9.4412851835E-01    3.1498735804E-02   -3.2817299464E+00    4.2545635502E-02
    1.0799980000E-02    9.4662368678E-01    2.5127952997E-02   -3.3122642043E+00    4.2592716166E-02
    1.0839980000E-02    9.4896808976E-01    1.9519312153E-02   -3.3394386027E+00    4.2641410164E-02
    1.0879980000E-02    9.5111360281E-01    1.4671593147E-02   -3.3631905646E+00    4.2691605830E-02
    1.0919980000E-02    9.5301974300E-01    1.0579282683E-02   -3.3834721078E+00    4.2743171837E-02
    1.0959980000E-02    9.5465317225E-01    7.2343825351E-03   -3.4002469007E+00    4.2795950963E-02
    1.0999980000E-02    9.5598714726E-01    4.6279835095E-03   -3.4134878096E+00    4.2849759147E-02
    1.1039980000E-02    9.5700103949E-01    2.7515240117E-03   -3.4231750097E+00    4.2904388415E-02
    1.1079980000E-02    9.5767989328E-01    1.5978051498E-03   -3.4292946461E+00    4.2959611869E-02
    1.1119980000E-02    9.5801405117E-01    1.1617711173E-03   -3.4318379811E+00    4.3015189392E-02
    1.1159980000E-02    9.5799890363E-01    1.4410214991E-03   -3.4308009053E+00    4.3070873534E-02
    1.1199980000E-02    9.5763476359E-01    2.4360657389E-03   -3.4261837082E+00    4.3126415397E-02
    1.1239980000E-02    9.5692684804E-01    4.1503397704E-03   -3.4179910699E+00    4.3181570600E-02
    1.1279980000E-02    9.5588539909E-01    6.5899443988E-03   -3.4062323051E+00    4.3236105317E-02
    1.1319980000E-02    9.5452605120E-01    9.7629931617E-03   -3.3909219319E+00    4.3289802475E-02
    1.1359980000E-02    9.5287029635E-01    1.3678707691E-02   -3.3720807360E+00    4.3342467639E-02
    1.1399980000E-02    9.5094606344E-01    1.8346217113E-02   -3.3497374258E+00    4.3393933337E-02
    1.1439980000E-02    9.4878837753E-01    2.3773053984E-02   -3.3239309335E+00    4.3444060050E-02
    1.1479980000E-02    9.4643999455E-01    2.9963398856E-02   -3.2947133030E+00    4.3492731944E-02
    1.1519980000E-02    9.4395183113E-01    3.6916195425E-02   -3.2621529390E+00    4.3539846150E-02
    1.1559980000E-02    9.4138315754E-01    4.4623167102E-02   -3.2263377783E+00    4.3585296051E-02
    1.1599980000E-02    9.3880134897E-01    5.3066946143E-02   -3.1873780076E+00    4.3628951662E-02
    1.1639980000E-02    9.3628105187E-01    6.2219495176E-02   -3.1454080104E+00    4.3670642862E-02
    1.1679980000E-02    9.3390271633E-01    7.2040939621E-02   -3.1005873885E+00    4.3710151857E-02
    1.1719980000E-02    9.3175051426E-01    8.2478884295E-02   -3.0531010833E+00    4.3747218883E-02
    1.1759980000E-02    9.2990973467E-01    9.3468251458E-02   -3.0031586906E+00    4.3781560188E-02
    1.1799980000E-02    9.2846380145E-01    1.0493167218E-01   -2.9509929997E+00    4.3812892014E-02
    1.1839980000E-02    9.2749108961E-01    1.1678047040E-01   -2.8968577327E+00    4.3840951637E-02
    1.1879980000E-02    9.2706189676E-01    1.2891614340E-01   -2.8410245408E+00    4.3865508218E-02
    1.1919980000E-02    9.2723586008E-01    1.4123218260E-01   -2.7837797020E+00    4.3886361576E-02
    1.1959980000E-02    9.2805993495E-01    1.5361603297E-01   -2.7254213796E+00    4.3903333057E-02
    1.1999980000E-02    9.2956690356E-01    1.6595096722E-01   -2.6662584218E+00    4.3916256059E-02
    1.2039980000E-02    9.3177421291E-01    1.7811777827E-01   -2.6066113090E+00    4.3924972942E-02
    1.2079980000E-02    9.3468287017E-01    1.8999642224E-01   -2.5468150113E+00    4.3929340797E-02
    1.2119980000E-02    9.3827620822E-01    2.0146796294E-01   -2.4872225461E+00    4.3929243655E-02
    1.2159980000E-02    9.4251855374E-01    2.1241724244E-01   -2.4282074095E+00    4.3924605563E-02
    1.2199980000E-02    9.4735409254E-01    2.2273654690E-01   -2.3701631490E+00    4.3915399201E-02
    1.2239980000E-02    9.5270641034E-01    2.3233018129E-01   -2.3134991725E+00    4.3901647493E-02
    1.2279980000E-02    9.5847919737E-01    2.4111944722E-01   -2.2586331044E+00    4.3883419378E-02
    1.2319980000E-02    9.6455842094E-01    2.4904722084E-01   -2.2059810575E+00    4.3860823240E-02
    1.2359980000E-02    9.7081595418E-01    2.5608128524E-01   -2.1559476604E+00    4.3834001691E-02
    1.2399980000E-02    9.7711432454E-01    2.6221579229E-01   -2.1089174475E+00    4.3803129702E-02
    1.2439980000E-02    9.8331203028E-01    2.6747060061E-01   -2.0652485097E+00    4.3768415936E-02
    1.2479980000E-02    9.8926884630E-01    2.7188858630E-01   -2.0252685095E+00    4.3730105717E-02
    1.2519980000E-02    9.9485064046E-01    2.7553127895E-01   -1.9892725899E+00    4.3688483736E-02
    1.2559980000E-02    9.9993324627E-01    2.7847346908E-01   -1.9575224668E+00    4.3643875116E-02
    1.2599980000E-02    1.0044054261E+00    2.8079714032E-01   -1.9302460530E+00    4.3596644266E-02
    1.2639980000E-02    1.0081709851E+00    2.8258514510E-01   -1.9076371753E+00    4.3547191559E-02
    1.2679980000E-02    1.0111501520E+00    2.8391503502E-01   -1.8898551770E+00    4.3495948267E-02
    1.2719980000E-02    1.0132803906E+00    2.8485341786E-01   -1.8770243911E+00    4.3443370366E-02
    1.2759980000E-02    1.0145168058E+00    2.8545118623E-01   -1.8692335718E+00    4.3389931808E-02
    1.2799980000E-02    1.0148323050E+00    2.8573990462E-01   -1.8665353994E+00    4.3336117746E-02
    1.2839980000E-02    1.0142176560E+00    2.8572956473E-01   -1.8689461579E+00    4.3282417859E-02
    1.2879980000E-02    1.0126814711E+00    2.8540790902E-01   -1.8764456597E+00    4.3229319736E-02
    1.2919980000E-02    1.0102501800E+00    2.8474131899E-01   -1.8889774494E+00    4.3177302226E-02
    1.2959980000E-02    1.0069679736E+00    2.8367719383E-01   -1.9064492659E+00    4.3126828647E-02
    1.2999980000E-02    1.0028966600E+00    2.8214763935E-01   -1.9287336968E+00    4.3078339877E-02
    1.3039980000E-02    9.9811539255E-01    2.8007414149E-01   -1.9556689287E+00    4.3032247559E-02
    1.3079980000E-02    9.9271993854E-01    2.7737315371E-01   -1.9870594557E+00    4.2988927966E-02
    1.3119980000E-02    9.8682134876E-01    2.7396223524E-01   -2.0226766098E+00    4.2948717240E-02
    1.3159980000E-02    9.8054389919E-01    2.6976635002E-01   -2.0622588641E+00    4.2911908638E-02
    1.3199980000E-02    9.7402215528E-01    2.6472396585E-01   -2.1055120460E+00    4.2878752277E-02
    1.3239980000E-02    9.6739711546E-01    2.5879252243E-01   -2.1521098567E+00    4.2849457487E-02
    1.3279980000E-02    9.6081153236E-01    2.5195278602E-01   -2.2016953516E+00    4.2824197191E-02
    1.3319980000E-02    9.5440469203E-01    2.4421160158E-01   -2.2538841716E+00    4.2803112863E-02
    1.3359980000E-02    9.4830710832E-01    2.3560264860E-01   -2.3082701655E+00    4.2786318000E-02
    1.3399980000E-02    9.4263570438E-01    2.2618504111E-01   -2.3644335210E+00    4.2773898160E-02
    1.3439980000E-02    9.3748997545E-01    2.1604001760E-01   -2.4219506993E+00    4.2765906941E-02
    1.3479980000E-02    9.3294949389E-01    2.0526631095E-01   -2.4804046432E+00    4.2762359454E-02
    1.3519980000E-02    9.2907290335E-01    1.9397499533E-01   -2.5393932997E+00    4.2763226778E-02
    1.3559980000E-02    9.2589818420E-01    1.8228466211E-01   -2.5985348023E+00    4.2768435273E-02
    1.3599980000E-02    9.2344373559E-01    1.7031752076E-01   -2.6574686596E+00    4.2777872897E-02
    1.3639980000E-02    9.2170977482E-01    1.5819658677E-01   -2.7158536102E+00    4.2791401366E-02
    1.3679980000E-02    9.2067970307E-01    1.4604370326E-01   -2.7733638474E+00    4.2808869843E-02
    1.3719980000E-02    9.2032136345E-01    1.3397790886E-01   -2.8296856390E+00    4.2830124559E-02
    1.3759980000E-02    9.2058825123E-01    1.2211376323E-01   -2.8845159088E+00    4.2855010286E-02
    1.3799980000E-02    9.2142089102E-01    1.1055945108E-01   -2.9375633371E+00    4.2883363350E-02
    1.3839980000E-02    9.2274867956E-01    9.9414714717E-02   -2.9885514600E+00    4.2915000103E-02
    1.3879980000E-02    9.2449231187E-01    8.8768890581E-02   -3.0372225881E+00    4.2949707254E-02
    1.3919980000E-02    9.2656670856E-01    7.8699371904E-02   -3.0833413011E+00    4.2987239832E-02
    1.3959980000E-02    9.2888419153E-01    6.9270728506E-02   -3.1266966961E+00    4.3027329121E-02
    1.3999980000E-02    9.3135758661E-01    6.0534558849E-02   -3.1671031544E+00    4.3069698317E-02
    1.4039980000E-02    9.3390296590E-01    5.2530011456E-02   -3.2043998454E+00    4.3114080447E-02
    1.4079980000E-02    9.3644186305E-01    4.5284825164E-02   -3.2384493607E+00    4.3160232523E-02
    1.4119980000E-02    9.3890294058E-01    3.8816698325E-02   -3.2691358212E+00    4.3207941952E-02
    1.4159980000E-02    9.4122278522E-01    3.3135047205E-02   -3.2963628491E+00    4.3257024669E-02
    1.4199980000E-02    9.4334623894E-01    2.8242857007E-02   -3.3200514620E+00    4.3307317443E-02
    1.4239980000E-02    9.4522642575E-01    2.4138491148E-02   -3.3401379644E+00    4.3358667736E-02
    1.4279980000E-02    9.4682452928E-01    2.0817403878E-02   -3.3565719541E+00    4.3410924238E-02
    1.4319980000E-02    9.4810943132E-01    1.8273680785E-02   -3.3693145450E+00    4.3463930040E-02
    1.4359980000E-02    9.4905730502E-01    1.6501350368E-02   -3.3783368846E+00    4.3517519163E-02
    1.4399980000E-02    9.4965125363E-01    1.5495418521E-02   -3.3836189893E+00    4.3571516202E-02
    1.4439980000E-02    9.4988101530E-01    1.5252625384E-02   -3.3851489097E+00    4.3625738309E-02
    1.4479980000E-02    9.4974275872E-01    1.5771917610E-02   -3.3829222434E+00    4.3679998707E-02
    1.4519980000E-02    9.4923901416E-01    1.7054612151E-02   -3.3769419760E+00    4.3734110961E-02
    1.4559980000E-02    9.4837874847E-01    1.9104246450E-02   -3.3672186470E+00    4.3787893229E-02
    1.4599980000E-02    9.4717759185E-01    2.1926104778E-02   -3.3537708510E+00    4.3841171656E-02
    1.4639980000E-02    9.4565821698E-01    2.5526409886E-02   -3.3366261047E+00    4.3893781966E-02
    1.4679980000E-02    9.4385079661E-01    2.9911218084E-02   -3.3158221043E+00    4.3945568312E-02
    1.4719980000E-02    9.4179347809E-01    3.5085049749E-02   -3.2914083207E+00    4.3996378644E-02
    1.4759980000E-02    9.3953278227E-01    4.1049309286E-02   -3.2634478476E+00    4.4046056472E-02
    1.4799980000E-02    9.3712380780E-01    4.7800573005E-02   -3.2320193859E+00    4.4094430083E-02
    1.4839980000E-02    9.3463006802E-01    5.5328864263E-02   -3.1972192479E+00    4.4141301715E-02
    1.4879980000E-02    9.3212280811E-01    6.3616030682E-02   -3.1591632900E+00    4.4186440420E-02
    1.4919980000E-02    9.2968012279E-01    7.2634089758E-02   -3.1179885942E+00    4.4229581985E-02
    1.4959980000E-02    9.2738553671E-01    8.2343807841E-02   -3.0738549933E+00    4.4270437692E-02
    1.4999980000E-02    9.2532603993E-01    9.2693613683E-02   -3.0269462907E+00    4.4308710697E-02
    1.5039980000E-02    9.2358963196E-01    1.0361897272E-01   -2.9774708526E+00    4.4344115386E-02
    1.5079980000E-02    9.2226245035E-01    1.1504238794E-01   -2.9256611489E+00    4.4376393146E-02
    1.5119980000E-02    9.2142565034E-01    1.2687414671E-01   -2.8717719333E+00    4.4405319144E-02
    1.5159980000E-02    9.2115229980E-01    1.3901379474E-01   -2.8160771761E+00    4.4430698644E-02
    1.5199980000E-02    9.2150456840E-01    1.5135214001E-01   -2.7588664892E+00    4.4452356408E-02
    1.5239980000E-02    9.2253156690E-01    1.6377335608E-01   -2.7004422548E+00    4.4470126003E-02
    1.5279980000E-02    9.2426782463E-01    1.7615685505E-01   -2.6411187228E+00    4.4483845562E-02
    1.5319980000E-02    9.2673201685E-01    1.8837891515E-01   -2.5812236770E+00    4.4493362965E-02
    1.5359980000E-02    9.2992563468E-01    2.0031429324E-01   -2.5211020820E+00    4.4498548441E-02
    1.5399980000E-02    9.3383140665E-01    2.1183831781E-01   -2.4611200168E+00    4.4499308971E-02
    1.5439980000E-02    9.3841158761E-01    2.2282997309E-01   -2.4016667092E+00    4.4495598296E-02
    1.5479980000E-02    9.4360656205E-01    2.3317620287E-01   -2.3431528918E+00    4.4487418900E-02
    1.5519980000E-02    9.4933439105E-01    2.4277718148E-01   -2.2860048887E+00    4.4474816451E-02
    1.5559980000E-02    9.5549185823E-01    2.5155183158E-01   -2.2306552661E+00    4.4457870572E-02
    1.5599980000E-02    9.6195725529E-01    2.5944262905E-01   -2.1775319081E+00    4.4436686874E-02
    1.5639980000E-02    9.6859472884E-01    2.6641882172E-01   -2.1270476127E+00    4.4411393681E-02
    1.5679980000E-02    9.7525968741E-01    2.7247750727E-01   -2.0795917726E+00    4.4382144118E-02
    1.5719980000E-02    9.8180458477E-01    2.7764246050E-01   -2.0355247951E+00    4.4349121852E-02
    1.5759980000E-02    9.8808430552E-01    2.8196109205E-01   -1.9951750531E+00    4.4312547740E-02
    1.5799980000E-02    9.9396080679E-01    2.8549990041E-01   -1.9588376449E+00    4.4272685055E-02
    1.5839980000E-02    9.9930684765E-01    2.8833884802E-01   -1.9267741191E+00    4.4229841883E-02
    1.5879980000E-02    1.0040087924E+00    2.9056508784E-01   -1.8992124721E+00    4.4184370355E-02
    1.5919980000E-02    1.0079685750E+00    2.9226644342E-01   -1.8763470043E+00    4.4136663073E-02
    1.5959980000E-02    1.0111049608E+00    2.9352503382E-01   -1.8583378939E+00    4.4087147451E-02
    1.5999980000E-02    1.0133542691E+00    2.9441141797E-01   -1.8453105430E+00    4.4036278760E-02
    1.6039980000E-02    1.0146707446E+00    2.9497958345E-01   -1.8373548424E+00    4.3984532644E-02
    1.6079980000E-02    1.0150266721E+00    2.9526316536E-01   -1.8345245091E+00    4.3932397522E-02
    1.6119980000E-02    1.0144123449E+00    2.9527315144E-01   -1.8368366501E+00    4.3880367110E-02
    1.6159980000E-02    1.0128360255E+00    2.9499715568E-01   -1.8442716509E+00    4.3828933052E-02
    1.6199980000E-02    1.0103239328E+00    2.9440029582E-01   -1.8567734170E+00    4.3778577534E-02
    1.6239980000E-02    1.0069202336E+00    2.9342760860E-01   -1.8742499430E+00    4.3729765753E-02
    1.6279980000E-02    1.0026869839E+00    2.9200780931E-01   -1.8965741336E+00    4.3682938251E-02
    1.6319980000E-02    9.9770387293E-01    2.9005818468E-01   -1.9235847450E+00    4.3638503383E-02
    1.6359980000E-02    9.9206758943E-01    2.8749035576E-01   -1.9550872563E+00    4.3596830498E-02
    1.6399980000E-02    9.8589065582E-01    2.8421656234E-01   -1.9908544802E+00    4.3558244490E-02
    1.6439980000E-02    9.7929956364E-01    2.8015612328E-01   -2.0306267944E+00    4.3523022571E-02
    1.6479980000E-02    9.7243206474E-01    2.7524171168E-01   -2.0741120481E+00    4.3491393981E-02
    1.6519980000E-02    9.6543353271E-01    2.6942505513E-01   -2.1209854743E+00    4.3463543118E-02
    1.6559980000E-02    9.5845241734E-01    2.6268162620E-01   -2.1708902586E+00    4.3439615806E-02
    1.6599980000E-02    9.5163497686E-01    2.5501385360E-01   -2.2234396591E+00    4.3419727442E-02
    1.6639980000E-02    9.4511969100E-01    2.4645239865E-01   -2.2782215676E+00    4.3403970615E-02
    1.6679980000E-02    9.3903187479E-01    2.3705525202E-01   -2.3348059854E+00    4.3392419365E-02
    1.6719980000E-02    9.3347909437E-01    2.2690470756E-01   -2.3927550614E+00    4.3385128038E-02
    1.6759980000E-02    9.2854796838E-01    2.1610263163E-01   -2.4516343247E+00    4.3382124875E-02
    1.6799980000E-02    9.2430264001E-01    2.0476484545E-01   -2.5110230013E+00    4.3383403187E-02
    1.6839980000E-02    9.2078481264E-01    1.9301559966E-01   -2.5705212788E+00    4.3388914706E-02
    1.6879980000E-02    9.1801490045E-01    1.8098295159E-01   -2.6297532390E+00    4.3398569353E-02
    1.6919980000E-02    9.1599370330E-01    1.6879541306E-01   -2.6883656081E+00    4.3412242986E-02
    1.6959980000E-02    9.1470411918E-01    1.5657972150E-01   -2.7460238638E+00    4.3429790963E-02
    1.6999980000E-02    9.1411268201E-01    1.4445923276E-01   -2.8024079584E+00    4.3451062437E-02
    1.7039980000E-02    9.1417101942E-01    1.3255236923E-01   -2.8572097052E+00    4.3475909608E-02
    1.7079980000E-02    9.1481745732E-01    1.2097079481E-01   -2.9101329044E+00    4.3504188255E-02
    1.7119980000E-02    9.1597895724E-01    1.0981734568E-01   -2.9608960562E+00    4.3535749756E-02
    1.7159980000E-02    9.1757359526E-01    9.9183956033E-02   -3.0092365064E+00    4.3570428659E-02
    1.7199980000E-02    9.1951351435E-01    8.9149976585E-02   -3.0549145325E+00    4.3608031770E-02
    1.7239980000E-02    9.2170810924E-01    7.9781213956E-02   -3.0977161643E+00    4.3648333836E-02
    1.7279980000E-02    9.2406713249E-01    7.1129831730E-02   -3.1374541917E+00    4.3691081820E-02
    1.7319980000E-02    9.2650344558E-01    6.3235056519E-02   -3.1739674633E+00    4.3736006143E-02
    1.7359980000E-02    9.2893524117E-01    5.6124501024E-02   -3.2071189905E+00    4.3782834883E-02
    1.7399980000E-02    9.3128772056E-01    4.9815852874E-02   -3.2367934522E+00    4.3831306513E-02
    1.7439980000E-02    9.3349417701E-01    4.4318754811E-02   -3.2628946184E+00    4.3881178139E-02
    1.7479980000E-02    9.3549646873E-01    3.9636764157E-02   -3.2853430361E+00    4.3932228386E-02
    1.7519980000E-02    9.3724521083E-01    3.5769184156E-02   -3.3040740353E+00    4.3984255867E-02
    1.7559980000E-02    9.3869973158E-01    3.2712723058E-02   -3.3190360863E+00    4.4037075012E-02
    1.7599980000E-02    9.3982787978E-01    3.0462936273E-02   -3.3301894892E+00    4.4090511095E-02
    1.7639980000E-02    9.4060575249E-01    2.9015423430E-02   -3.3375053705E+00    4.4144395791E-02
    1.7679980000E-02    9.4101739180E-01    2.8366766247E-02   -3.3409649567E+00    4.4198563938E-02
    1.7719980000E-02    9.4105464773E-01    2.8515121815E-02   -3.3405590252E+00    4.4252851532E-02
    1.7759980000E-02    9.4071706008E-01    2.9460544333E-02   -3.3362876071E+00    4.4307094563E-02
    1.7799980000E-02    9.4001182621E-01    3.1205003040E-02   -3.3281599400E+00    4.4361128179E-02
    1.7839980000E-02    9.3895388982E-01    3.3752078265E-02   -3.3161946646E+00    4.4414785462E-02
    1.7879980000E-02    9.3756616379E-01    3.7106325889E-02   -3.3004202665E+00    4.4467895173E-02
    1.7919980000E-02    9.3587993888E-01    4.1272280883E-02   -3.2808757678E+00    4.4520277999E-02
    1.7959980000E-02    9.3393517449E-01    4.6253237480E-02   -3.2576117940E+00    4.4571741407E-02
    1.7999980000E-02    9.3178073864E-01    5.2049771964E-02   -3.2306919620E+00    4.4622074064E-02
    1.8039980000E-02    9.2947450867E-01    5.8658051749E-02   -3.2001945943E+00    4.4671041425E-02
    1.8079980000E-02    9.2708318939E-01    6.6068004318E-02   -3.1662147860E+00    4.4718384637E-02
    1.8119980000E-02    9.2468172627E-01    7.4261426062E-02   -3.1288667991E+00    4.4763824651E-02
    1.8159980000E-02    9.2235216100E-01    8.3210159021E-02   -3.0882866578E+00    4.4807072206E-02
    1.8199980000E-02    9.2018201653E-01    9.2874414346E-02   -3.0446345965E+00    4.4847842202E-02
    1.8239980000E-02    9.1826217266E-01    1.0320144632E-01   -2.9980968780E+00    4.4885868766E-02
    1.8279980000E-02    9.1668413732E-01    1.1412486436E-01   -2.9488864092E+00    4.4920916280E-02
    1.8319980000E-02    9.1553693746E-01    1.2556473855E-01   -2.8972416410E+00    4.4952782471E-02
    1.8359980000E-02    9.1490390356E-01    1.3742854593E-01   -2.8434237028E+00    4.4981292658E-02
    1.8399980000E-02    9.1485966608E-01    1.4961280299E-01   -2.7877124198E+00    4.5006288198E-02
    1.8439980000E-02    9.1546761724E-01    1.6200504333E-01   -2.7304025083E+00    4.5027615036E-02
    1.8479980000E-02    9.1677790742E-01    1.7448574492E-01   -2.6718014762E+00    4.5045118418E-02
    1.8519980000E-02    9.1882581361E-01    1.8692996432E-01   -2.6122302821E+00    4.5058646964E-02
    1.8559980000E-02    9.2163015921E-01    1.9920876373E-01   -2.5520267059E+00    4.5068064799E-02
    1.8599980000E-02    9.2519149364E-01    2.1119087160E-01   -2.4915500590E+00    4.5073266593E-02
    1.8639980000E-02    9.2948998161E-01    2.2274519914E-01   -2.4311849350E+00    4.5074189135E-02
    1.8679980000E-02    9.3448331934E-01    2.3374469567E-01   -2.3713416730E+00    4.5070814847E-02
    1.8719980000E-02    9.4010531862E-01    2.4407157019E-01   -2.3124521734E+00    4.5063166611E-02
    1.8759980000E-02    9.4626585237E-01    2.5362334933E-01   -2.2549612763E+00    4.5051297266E-02
    1.8799980000E-02    9.5285263518E-01    2.6231881196E-01   -2.1993153735E+00    4.5035279214E-02
    1.8839980000E-02    9.5973488507E-01    2.7010274268E-01   -2.1459506316E+00    4.5015198858E-02
    1.8879980000E-02    9.6676844540E-01    2.7694871762E-01   -2.0952829600E+00    4.4991157864E-02
    1.8919980000E-02    9.7380167573E-01    2.8285957963E-01   -2.0477009263E+00    4.4963280168E-02
    1.8959980000E-02    9.8068138576E-01    2.8786568795E-01   -2.0035617391E+00    4.4931721681E-02
    1.8999980000E-02    9.8725824167E-01    2.9202130129E-01   -1.9631896291E+00    4.4896679444E-02
    1.9039980000E-02    9.9339130670E-01    2.9539955613E-01   -1.9268756337E+00    4.4858397934E-02
    1.9079980000E-02    9.9895159283E-01    2.9808649454E-01   -1.8948778715E+00    4.4817171574E-02
    1.9119980000E-02    1.0038246522E+00    3.0017455285E-01   -1.8674216852E+00    4.4773343507E-02
    1.9159980000E-02    1.0079123233E+00    3.0175588932E-01   -1.8446993775E+00    4.4727301339E-02
    1.9199980000E-02    1.0111337916E+00    3.0291591320E-01   -1.8268695383E+00    4.4679470708E-02
    1.9239980000E-02    1.0134261549E+00    3.0372735692E-01   -1.8140561207E+00    4.4630307567E-02
    1.9279980000E-02    1.0147446180E+00    3.0424529296E-01   -1.8063474745E+00    4.4580289901E-02
    1.9319980000E-02    1.0150624735E+00    3.0450340587E-01   -1.8037955417E+00    4.4529909351E-02
    1.9359980000E-02    1.0143710262E+00    3.0451172699E-01   -1.8064153590E+00    4.4479662999E-02
    1.9399980000E-02    1.0126795440E+00    3.0425597625E-01   -1.8141849484E+00    4.4430045260E-02
    1.9439980000E-02    1.0100152603E+00    3.0369855588E-01   -1.8270456143E+00    4.4381539768E-02
    1.9479980000E-02    1.0064233917E+00    3.0278112428E-01   -1.8449026270E+00    4.4334611127E-02
    1.9519980000E-02    1.0019671876E+00    3.0142846032E-01   -1.8676262328E+00    4.4289696590E-02
    1.9559980000E-02    9.9672777803E-01    2.9955349028E-01   -1.8950528299E+00    4.4247197960E-02
    1.9599980000E-02    9.9080365420E-01    2.9706318318E-01   -1.9269860950E+00    4.4207474222E-02
    1.9639980000E-02    9.8430963263E-01    2.9386495401E-01   -1.9631978231E+00    4.4170835640E-02
    1.9679980000E-02    9.7737512700E-01    2.8987324233E-01   -2.0034282775E+00    4.4137540151E-02
    1.9719980000E-02    9.7014156841E-01    2.8501593374E-01   -2.0473859913E+00    4.4107792899E-02
    1.9759980000E-02    9.6275886273E-01    2.7924027079E-01   -2.0947472348E+00    4.4081749566E-02
    1.9799980000E-02    9.5538085562E-01    2.7251786006E-01   -2.1451557368E+00    4.4059523565E-02
    1.9839980000E-02    9.4816004163E-01    2.6484823038E-01   -2.1982236066E+00    4.4041196129E-02
    1.9879980000E-02    9.4124180078E-01    2.5626052229E-01   -2.2535345589E+00    4.4026826985E-02
    1.9919980000E-02    9.3475859135E-01    2.4681301127E-01   -2.3106502977E+00    4.4016462451E-02
    1.9959980000E-02    9.2882480342E-01    2.3659031747E-01   -2.3691201529E+00    4.4010138092E-02
    1.9999980000E-02    9.2353293244E-01    2.2569861059E-01   -2.4284929284E+00    4.4007874877E-02
    2.0039980000E-02    9.1895150532E-01    2.1425957598E-01   -2.4883288555E+00    4.4009670552E-02
    2.0079980000E-02    9.1512480101E-01    2.0240418968E-01   -2.5482091241E+00    4.4015490405E-02
    2.0119980000E-02    9.1207400146E-01    1.9026729254E-01   -2.6077410353E+00    4.4025262249E-02
    2.0159980000E-02    9.0979915990E-01    1.7798355386E-01   -2.6665582365E+00    4.4038878889E-02
    2.0199980000E-02    9.0828137897E-01    1.6568485022E-01   -2.7243171587E+00    4.4056208024E-02
    2.0239980000E-02    9.0748481902E-01    1.5349861289E-01   -2.7806919360E+00    4.4077106203E-02
    2.0279980000E-02    9.0735847474E-01    1.4154650847E-01   -2.8353702829E+00    4.4101431513E-02
    2.0319980000E-02    9.0783794378E-01    1.2994293560E-01   -2.8880520377E+00    4.4129050101E-02
    2.0359980000E-02    9.0884739609E-01    1.1879319910E-01   -2.9384508009E+00    4.4159834171E-02
    2.0399980000E-02    9.1030186219E-01    1.0819156879E-01   -2.9862978811E+00    4.4193652716E-02
    2.0439980000E-02    9.1211007025E-01    9.8219530406E-02   -3.0313469867E+00    4.4230359138E-02
    2.0479980000E-02    9.1417766219E-01    8.8944641124E-02   -3.0733781124E+00    4.4269780838E-02
    2.0519980000E-02    9.1641047681E-01    8.0420250391E-02   -3.1121996075E+00    4.4311714697E-02
    2.0559980000E-02    9.1871756086E-01    7.2686128166E-02   -3.1476481620E+00    4.4355929666E-02
    2.0599980000E-02    9.2101365097E-01    6.5769852850E-02   -3.1795870673E+00    4.4402175034E-02
    2.0639980000E-02    9.2322101936E-01    5.9688702181E-02   -3.2079034151E+00    4.4450191327E-02
    2.0679980000E-02    9.2527080712E-01    5.4451739583E-02   -3.2325048919E+00    4.4499720621E-02
    2.0719980000E-02    9.2710358068E-01    5.0061996797E-02   -3.2533167930E+00    4.4550514082E-02
    2.0759980000E-02    9.2866943643E-01    4.6518526789E-02   -3.2702795215E+00    4.4602336019E-02
    2.0799980000E-02    9.2992797137E-01    4.3818169568E-02   -3.2833466131E+00    4.4654964760E-02
    2.0839980000E-02    9.3084813150E-01    4.1957016440E-02   -3.2924832836E+00    4.4708191191E-02
    2.0879980000E-02    9.3140801894E-01    4.0931550025E-02   -3.2976654237E+00    4.4761815909E-02
    2.0919980000E-02    9.3159467706E-01    4.0739464695E-02   -3.2988789716E+00    4.4815645731E-02
    2.0959980000E-02    9.3140396516E-01    4.1380139837E-02   -3.2961195655E+00    4.4869489981E-02
    2.0999980000E-02    9.3084059056E-01    4.2854748874E-02   -3.2893924207E+00    4.4923156686E-02
    2.1039980000E-02    9.2991817701E-01    4.5166046761E-02   -3.2787124733E+00    4.4976448706E-02
    2.1079980000E-02    9.2865941997E-01    4.8317814811E-02   -3.2641047971E+00    4.5029159879E-02
    2.1119980000E-02    9.2709630525E-01    5.2313964494E-02   -3.2456053387E+00    4.5081071454E-02
    2.1159980000E-02    9.2527039803E-01    5.7157288658E-02   -3.2232620271E+00    4.5131949375E-02
    2.1199980000E-02    9.2323307376E-01    6.2847896028E-02   -3.1971363580E+00    4.5181543365E-02
    2.1239980000E-02    9.2104543115E-01    6.9381419751E-02   -3.1673055499E+00    4.5229588953E-02
    2.1279980000E-02    9.1877796072E-01    7.6746997837E-02   -3.1338651872E+00    4.5275813252E-02
    2.1319980000E-02    9.1650978158E-01    8.4925153156E-02   -3.0969322184E+00    4.5319944418E-02
    2.1359980000E-02    9.1432732389E-01    9.3885738170E-02   -3.0566479718E+00    4.5361723340E-02
    2.1399980000E-02    9.1232239961E-01    1.0358616064E-01   -3.0131806438E+00    4.5400914723E-02
    2.1439980000E-02    9.1058970993E-01    1.1397013048E-01   -2.9667265913E+00    4.5437314100E-02
    2.1479980000E-02    9.0922402901E-01    1.2496710575E-01   -2.9175098458E+00    4.5470747977E-02
    2.1519980000E-02    9.0831711827E-01    1.3649260995E-01   -2.8657797059E+00    4.5501066665E-02
    2.1559980000E-02    9.0795453185E-01    1.4844940635E-01   -2.8118068574E+00    4.5528132402E-02
    2.1599980000E-02    9.0821265470E-01    1.6072923726E-01   -2.7558791375E+00    4.5551807796E-02
    2.1639980000E-02    9.0915614075E-01    1.7321472811E-01   -2.6982985030E+00    4.5571949926E-02
    2.1679980000E-02    9.1083572979E-01    1.8578110580E-01   -2.6393805757E+00    4.5588413269E-02
    2.1719980000E-02    9.1328624031E-01    1.9829763710E-01   -2.5794572483E+00    4.5601060766E-02
    2.1759980000E-02    9.1652446867E-01    2.1062906785E-01   -2.5188814894E+00    4.5609778634E-02
    2.1799980000E-02    9.2054685149E-01    2.2263765004E-01   -2.4580322543E+00    4.5614488851E-02
    2.1839980000E-02    9.2532705115E-01    2.3418638430E-01   -2.3973168988E+00    4.5615154296E-02
    2.1879980000E-02    9.3081397018E-01    2.4514379442E-01   -2.3371690440E+00    4.5611774922E-02
    2.1919980000E-02    9.3693089738E-01    2.5538998745E-01   -2.2780413125E+00    4.5604377349E-02
    2.1959980000E-02    9.4357639435E-01    2.6482319095E-01   -2.2203941013E+00    4.5593003060E-02
    2.1999980000E-02    9.5062716151E-01    2.7336566684E-01   -2.1646827922E+00    4.5577700656E-02
    2.2039980000E-02    9.5794264353E-01    2.8096799853E-01   -2.1113460107E+00    4.5558525432E-02
    2.2079980000E-02    9.6537076274E-01    2.8761114418E-01   -2.0607967901E+00    4.5535546286E-02
    2.2119980000E-02    9.7275403437E-01    2.9330612789E-01   -2.0134172795E+00    4.5508857233E-02
    2.2159980000E-02    9.7993540862E-01    2.9809160814E-01   -1.9695565375E+00    4.5478589766E-02
    2.2199980000E-02    9.8676339950E-01    3.0202974323E-01   -1.9295303482E+00    4.5444922858E-02
    2.2239980000E-02    9.9309628496E-01    3.0520080469E-01   -1.8936219048E+00    4.5408088872E-02
    2.2279980000E-02    9.9880533364E-01    3.0769695214E-01   -1.8620824724E+00    4.5368375002E-02
    2.2319980000E-02    1.0037771309E+00    3.0961553188E-01   -1.8351315398E+00    4.5326120827E-02
    2.2359980000E-02    1.0079151587E+00    3.1105221639E-01   -1.8129563398E+00    4.5281712896E-02
    2.2399980000E-02    1.0111406744E+00    3.1209445904E-01   -1.7957108654E+00    4.5235577380E-02
    2.2439980000E-02    1.0133930682E+00    3.1281562211E-01   -1.7835146478E+00    4.5188171631E-02
    2.2479980000E-02    1.0146299154E+00    3.1327008282E-01   -1.7764515730E+00    4.5139975319E-02
    2.2519980000E-02    1.0148268833E+00    3.1348961609E-01   -1.7745689539E+00    4.5091481549E-02
    2.2559980000E-02    1.0139776221E+00    3.1348128817E-01   -1.7778769958E+00    4.5043188139E-02
    2.2599980000E-02    1.0120936951E+00    3.1322702458E-01   -1.7863487248E+00    4.4995589022E-02
    2.2639980000E-02    1.0092046267E+00    3.1268481111E-01   -1.7999204037E+00    4.4949165639E-02
    2.2679980000E-02    1.0053580221E+00    3.1179144648E-01   -1.8184924013E+00    4.4904378195E-02
    2.2719980000E-02    1.0006196060E+00    3.1046672563E-01   -1.8419304074E+00    4.4861656859E-02
    2.2759980000E-02    9.9507307262E-01    3.0861874753E-01   -1.8700668310E+00    4.4821393192E-02
    2.2799980000E-02    9.8881959192E-01    3.0615001432E-01   -1.9027021434E+00    4.4783932365E-02
    2.2839980000E-02    9.8197681318E-01    3.0296397328E-01   -1.9396058772E+00    4.4749566861E-02
    2.2879980000E-02    9.7467720023E-01    2.9897166757E-01   -1.9805170174E+00    4.4718532559E-02
    2.2919980000E-02    9.6706552850E-01    2.9409819775E-01   -2.0251436560E+00    4.4691008082E-02
    2.2959980000E-02    9.5929551022E-01    2.8828860373E-01   -2.0731620659E+00    4.4667118239E-02
    2.2999980000E-02    9.5152547166E-01    2.8151285488E-01   -2.1242157439E+00    4.4646941782E-02
    2.3039980000E-02    9.4391310325E-01    2.7376957789E-01   -2.1779153969E+00    4.4630522709E-02
    2.3079980000E-02    9.3660953019E-01    2.6508805059E-01   -2.2338411173E+00    4.4617883000E-02
    2.3119980000E-02    9.2975318149E-01    2.5552802441E-01   -2.2915478649E+00    4.4609033609E-02
    2.3159980000E-02    9.2346414970E-01    2.4517714356E-01   -2.3505746715E+00    4.4603980492E-02
    2.3199980000E-02    9.1783979975E-01    2.3414614281E-01   -2.4104567877E+00    4.4602723896E-02
    2.3239980000E-02    9.1295220685E-01    2.2256252060E-01   -2.4707387151E+00    4.4605251628E-02
    2.3279980000E-02    9.0884759357E-01    2.1056377402E-01   -2.5309853667E+00    4.4611529613E-02
    2.3319980000E-02    9.0554745210E-01    1.9829132770E-01   -2.5907889394E+00    4.4621494284E-02
    2.3359980000E-02    9.0305069525E-01    1.8588592895E-01   -2.6497704548E+00    4.4635050710E-02
    2.3399980000E-02    9.0133612821E-01    1.7348467617E-01   -2.7075767397E+00    4.4652077953E-02
    2.3439980000E-02    9.0036476057E-01    1.6121927973E-01   -2.7638750552E+00    4.4672440073E-02
    2.3479980000E-02    9.0008183755E-01    1.4921486801E-01   -2.8183480621E+00    4.4695998828E-02
    2.3519980000E-02    9.0041877338E-01    1.3758872274E-01   -2.8706912199E+00    4.4722623337E-02
    2.3559980000E-02    9.0129529237E-01    1.2644865761E-01   -2.9206134422E+00    4.4752193157E-02
    2.3599980000E-02    9.0262201348E-01    1.1589114424E-01   -2.9678404783E+00    4.4784593885E-02
    2.3639980000E-02    9.0430345177E-01    1.0599957902E-01   -3.0121196104E+00    4.4819707229E-02
    2.3679980000E-02    9.0624130121E-01    9.6843108845E-02   -3.0532240387E+00    4.4857399508E-02
    2.3719980000E-02    9.0833779829E-01    8.8476294177E-02   -3.0909557097E+00    4.4897512599E-02
    2.3759980000E-02    9.1049881496E-01    8.0939711785E-02   -3.1251460680E+00    4.4939860005E-02
    2.3799980000E-02    9.1263643045E-01    7.4261379363E-02   -3.1556548836E+00    4.4984228538E-02
    2.3839980000E-02    9.1467086190E-01    6.8458752157E-02   -3.1823677272E+00    4.5030384246E-02
    2.3879980000E-02    9.1653175817E-01    6.3541003731E-02   -3.2051927872E+00    4.5078080320E-02
    2.3919980000E-02    9.1815899916E-01    5.9511321292E-02   -3.2240576131E+00    4.5127064757E-02
    2.3959980000E-02    9.1950307289E-01    5.6369040255E-02   -3.2389062018E+00    4.5177086235E-02
    2.3999980000E-02    9.2052503328E-01    5.4111527901E-02   -3.2496966701E+00    4.5227897564E-02
    2.4039980000E-02    9.2119640816E-01    5.2735681568E-02   -3.2563995009E+00    4.5279256786E-02
    2.4079980000E-02    9.2149908069E-01    5.2239029104E-02   -3.2589963399E+00    4.5330926364E-02
    2.4119980000E-02    9.2142519635E-01    5.2620422588E-02   -3.2574792810E+00    4.5382671078E-02
    2.4159980000E-02    9.2097710585E-01    5.3880329644E-02   -3.2518505927E+00    4.5434255233E-02
    2.4199980000E-02    9.2016724997E-01    5.6020752587E-02   -3.2421228799E+00    4.5485439827E-02
    2.4239980000E-02    9.1901836749E-01    5.9044677545E-02   -3.2283195782E+00    4.5535980252E-02
    2.4279980000E-02    9.1756371092E-01    6.2955128224E-02   -3.2104759137E+00    4.5585625091E-02
    2.4319980000E-02    9.1584719079E-01    6.7753836760E-02   -3.1886404147E+00    4.5634116692E-02
    2.4359980000E-02    9.1392344248E-01    7.3439533743E-02   -3.1628770136E+00    4.5681194085E-02
    2.4399980000E-02    9.1185771028E-01    8.0005905521E-02   -3.1332677379E+00    4.5726598451E-02
    2.4439980000E-02    9.0972547863E-01    8.7439294760E-02   -3.0999158494E+00    4.5770080709E-02
    2.4479980000E-02    9.0761153607E-01    9.5716348769E-02   -3.0629491481E+00    4.5811409948E-02
    2.4519980000E-02    9.0560816888E-01    1.0480190509E-01   -3.0225229081E+00    4.5850380588E-02
    2.4559980000E-02    9.0381279049E-01    1.1464730330E-01   -2.9788216623E+00    4.5886815786E-02
    2.4599980000E-02    9.0232496761E-01    1.2518942799E-01   -2.9320592058E+00    4.5920565292E-02
    2.4639980000E-02    9.0124305356E-01    1.3635065999E-01   -2.8824764979E+00    4.5951497761E-02
    2.4679980000E-02    9.0066076732E-01    1.4803971523E-01   -2.8303377698E+00    4.5979489805E-02
    2.4719980000E-02    9.0066405882E-01    1.6015312150E-01   -2.7759259006E+00    4.6004415860E-02
    2.4759980000E-02    9.0132845938E-01    1.7257692319E-01   -2.7195386698E+00    4.6026143081E-02
    2.4799980000E-02    9.0271687213E-01    1.8518822025E-01   -2.6614874805E+00    4.6044533729E-02
    2.4839980000E-02    9.0487752583E-01    1.9785638157E-01   -2.6020993896E+00    4.6059454474E-02
    2.4879980000E-02    9.0784172039E-01    2.1044415947E-01   -2.5417219503E+00    4.6070789108E-02
    2.4919980000E-02    9.1162118107E-01    2.2280926695E-01   -2.4807289621E+00    4.6078449676E-02
    2.4959980000E-02    9.1620514135E-01    2.3480711821E-01   -2.4195243978E+00    4.6082381654E-02
    2.4999980000E-02    9.2155762188E-01    2.4629523583E-01   -2.3585419952E+00    4.6082561334E-02
    2.5039980000E-02    9.2761566178E-01    2.5713928856E-01   -2.2982393080E+00    4.6078986928E-02
    2.5079980000E-02    9.3428925276E-01    2.6722008488E-01   -2.2390868842E+00    4.6071667579E-02
    2.5119980000E-02    9.4146340521E-01    2.7644040097E-01   -2.1815548617E+00    4.6060615289E-02
    2.5159980000E-02    9.4900226780E-01    2.8473047311E-01   -2.1260998945E+00    4.6045843450E-02
    2.5199980000E-02    9.5675475364E-01    2.9205132374E-01   -2.0731548039E+00    4.6027372905E-02
    2.5239980000E-02    9.6456086962E-01    2.9839562448E-01   -2.0231220811E+00    4.6005243654E-02
    2.5279980000E-02    9.7225800691E-01    3.0378623488E-01   -1.9763710411E+00    4.5979528670E-02
    2.5319980000E-02    9.7968663930E-01    3.0827282213E-01   -1.9332375618E+00    4.5950346294E-02
    2.5359980000E-02    9.8669508804E-01    3.1192706552E-01   -1.8940250810E+00    4.5917868851E-02
    2.5399980000E-02    9.9314325322E-01    3.1483687896E-01   -1.8590057426E+00    4.5882326650E-02
    2.5439980000E-02    9.9890535500E-01    3.1710000559E-01   -1.8284210061E+00    4.5844007657E-02
    2.5479980000E-02    1.0038718047E+00    3.1881729180E-01   -1.8024814784E+00    4.5803253702E-02
    2.5519980000E-02    1.0079503557E+00    3.2008594873E-01   -1.7813660456E+00    4.5760454140E-02
    2.5559980000E-02    1.0110666952E+00    3.2099313639E-01   -1.7652205643E+00    4.5716037826E-02
    2.5599980000E-02    1.0131646196E+00    3.2161025034E-01   -1.7541564203E+00    4.5670464154E-02
    2.5639980000E-02    1.0142059243E+00    3.2198830038E-01   -1.7482492217E+00    4.5624213766E-02
    2.5679980000E-02    1.0141703254E+00    3.2215449126E-01   -1.7475378542E+00    4.5577779264E-02
    2.5719980000E-02    1.0130553837E+00    3.2211039360E-01   -1.7520239917E+00    4.5531656077E-02
    2.5759980000E-02    1.0108764963E+00    3.2183183398E-01   -1.7616721200E+00    4.5486333464E-02
    2.5799980000E-02    1.0076669868E+00    3.2127048008E-01   -1.7764100889E+00    4.5442285549E-02
    2.5839980000E-02    1.0034782421E+00    3.2035699958E-01   -1.7961301573E+00    4.5399962300E-02
    2.5879980000E-02    9.9837979652E-01    3.1900556416E-01   -1.8206904353E+00    4.5359780567E-02
    2.5919980000E-02    9.9245922268E-01    3.1711939789E-01   -1.8499165395E+00    4.5322115455E-02
    2.5959980000E-02    9.8582157326E-01    3.1459712389E-01   -1.8836031752E+00    4.5287292572E-02
    2.5999980000E-02    9.7858833377E-01    3.1133942189E-01   -1.9215153315E+00    4.5255581910E-02
    2.6039980000E-02    9.7089575203E-01    3.0725566006E-01   -1.9633887692E+00    4.5227194134E-02
    2.6079980000E-02    9.6289239129E-01    3.0227023551E-01   -2.0089296040E+00    4.5202280110E-02
    2.6119980000E-02    9.5473579604E-01    2.9632835631E-01   -2.0578130644E+00    4.5180934424E-02
    2.6159980000E-02    9.4658819842E-01    2.8940097837E-01   -2.1096819293E+00    4.5163203178E-02
    2.6199980000E-02    9.3861128521E-01    2.8148853501E-01   -2.1641456419E+00    4.5149095414E-02
    2.6239980000E-02    9.3096021718E-01    2.7262300421E-01   -2.2207814694E+00    4.5138596288E-02
    2.6279980000E-02    9.2377733562E-01    2.6286783866E-01   -2.2791390615E+00    4.5131679149E-02
    2.6319980000E-02    9.1718623608E-01    2.5231545019E-01   -2.3387491200E+00    4.5128313558E-02
    2.6359980000E-02    9.1128700580E-01    2.4108234239E-01   -2.3991356466E+00    4.5128467457E-02
    2.6399980000E-02    9.0615329112E-01    2.2930253144E-01   -2.4598297899E+00    4.5132103671E-02
    2.6439980000E-02    9.0183147072E-01    2.1712035139E-01   -2.5203823731E+00    4.5139172983E-02
    2.6479980000E-02    8.9834170102E-01    2.0468385743E-01   -2.5803723248E+00    4.5149607231E-02
    2.6519980000E-02    8.9568020002E-01    1.9213972342E-01   -2.6394095361E+00    4.5163315695E-02
    2.6559980000E-02    8.9382201915E-01    1.7962991893E-01   -2.6971325660E+00    4.5180186672E-02
    2.6599980000E-02    8.9272373668E-01    1.6728983550E-01   -2.7532032545E+00    4.5200094013E-02
    2.6639980000E-02    8.9232585698E-01    1.5524717760E-01   -2.8073010090E+00    4.5222906401E-02
    2.6679980000E-02    8.9255502851E-01    1.4362094351E-01   -2.8591191236E+00    4.5248496067E-02
    2.6719980000E-02    8.9332635972E-01    1.3252011636E-01   -2.9083643059E+00    4.5276743721E-02
    2.6759980000E-02    8.9454607979E-01    1.2204207662E-01   -2.9547592077E+00    4.5307537901E-02
    2.6799980000E-02    8.9611462143E-01    1.1227104820E-01   -2.9980467379E+00    4.5340769017E-02
    2.6839980000E-02    8.9793000162E-01    1.0327699440E-01   -3.0379945699E+00    4.5376320231E-02
    2.6879980000E-02    8.9989123452E-01    9.5115292518E-02   -3.0743985077E+00    4.5414058226E-02
    2.6919980000E-02    9.0190141092E-01    8.7827330792E-02   -3.1070840055E+00    4.5453826557E-02
    2.6959980000E-02    9.0387032387E-01    8.1441919156E-02   -3.1359057617E+00    4.5495443037E-02
    2.6999980000E-02    9.0571660928E-01    7.5977275868E-02   -3.1607457607E+00    4.5538701104E-02
    2.7039980000E-02    9.0736924300E-01    7.1443343529E-02   -3.1815103971E+00    4.5583373992E-02
    2.7079980000E-02    9.0876845893E-01    6.7844161976E-02   -3.1981272935E+00    4.5629220132E-02
    2.7119980000E-02    9.0986621288E-01    6.5180077343E-02   -3.2105422890E+00    4.5675988366E-02
    2.7159980000E-02    9.1062633932E-01    6.3449631644E-02   -3.2187168925E+00    4.5723422062E-02
    2.7199980000E-02    9.1102461409E-01    6.2651021224E-02   -3.2226263303E+00    4.5771261792E-02
    2.7239980000E-02    9.1104878962E-01    6.2783078025E-02   -3.2222582473E+00    4.5819246657E-02
    2.7279980000E-02    9.1069840655E-01    6.3845798280E-02   -3.2176121274E+00    4.5867114767E-02
    2.7319980000E-02    9.0998480062E-01    6.5840336734E-02   -3.2086993288E+00    4.5914603506E-02
    2.7359980000E-02    9.0893119371E-01    6.8768490100E-02   -3.1955437516E+00    4.5961450217E-02
    2.7399980000E-02    9.0757280101E-01    7.2631685889E-02   -3.1781831511E+00    4.6007393877E-02
    2.7439980000E-02    9.0595687489E-01    7.7429503695E-02   -3.1566711005E+00    4.6052178193E-02
    2.7479980000E-02    9.0414252108E-01    8.3157794745E-02   -3.1310795593E+00    4.6095556198E-02
    2.7519980000E-02    9.0220023656E-01    8.9806480895E-02   -3.1015018786E+00    4.6137295881E-02
    2.7559980000E-02    9.0021113808E-01    9.7357160486E-02   -3.0680559230E+00    4.6177185825E-02
    2.7599980000E-02    8.9826553982E-01    1.0578078253E-01   -3.0308868781E+00    4.6215039308E-02
    2.7639980000E-02    8.9646086710E-01    1.1503564976E-01   -2.9901691126E+00    4.6250695282E-02
    2.7679980000E-02    8.9489892930E-01    1.2506603265E-01   -2.9461064788E+00    4.6284015178E-02
    2.7719980000E-02    8.9368269264E-01    1.3580161162E-01   -2.8989306794E+00    4.6314875780E-02
    2.7759980000E-02    8.9291281397E-01    1.4715780831E-01   -2.8488978396E+00    4.6343160020E-02
    2.7799980000E-02    8.9268425391E-01    1.5903685117E-01   -2.7962841039E+00    4.6368748716E-02
    2.7839980000E-02    8.9308322659E-01    1.7132922893E-01   -2.7413816752E+00    4.6391516355E-02
    2.7879980000E-02    8.9418458834E-01    1.8391511545E-01   -2.6844968864E+00    4.6411332665E-02
    2.7919980000E-02    8.9604952966E-01    1.9666549294E-01   -2.6259514177E+00    4.6428069453E-02
    2.7959980000E-02    8.9872319766E-01    2.0944306373E-01   -2.5660866392E+00    4.6441610079E-02
    2.7999980000E-02    9.0223196052E-01    2.2210342280E-01   -2.5052696222E+00    4.6451857929E-02
    2.8039980000E-02    9.0658027886E-01    2.3449721448E-01   -2.4438982448E+00    4.6458740654E-02
    2.8079980000E-02    9.1174754224E-01    2.4647392614E-01   -2.3824025953E+00    4.6462208661E-02
    2.8119980000E-02    9.1768558412E-01    2.5788753264E-01   -2.3212408220E+00    4.6462228670E-02
    2.8159980000E-02    9.2431770803E-01    2.6860354640E-01   -2.2608893871E+00    4.6458775196E-02
    2.8199980000E-02    9.3153983844E-01    2.7850644246E-01   -2.2018295975E+00    4.6451823728E-02
    2.8239980000E-02    9.3922392265E-01    2.8750619486E-01   -2.1445334211E+00    4.6441348903E-02
    2.8279980000E-02    9.4722316947E-01    2.9554287453E-01   -2.0894514921E+00    4.6427329174E-02
    2.8319980000E-02    9.5537834992E-01    3.0258877529E-01   -2.0370050672E+00    4.6409757208E-02
    2.8359980000E-02    9.6352431598E-01    3.0864808234E-01   -1.9875821831E+00    4.6388653440E-02
    2.8399980000E-02    9.7149606444E-01    3.1375446160E-01   -1.9415370871E+00    4.6364079507E-02
    2.8439980000E-02    9.7913394702E-01    3.1796706678E-01   -1.8991914877E+00    4.6336148864E-02
    2.8479980000E-02    9.8628786806E-01    3.2136541794E-01   -1.8608362632E+00    4.6305033182E-02
    2.8519980000E-02    9.9282047689E-01    3.2404350146E-01   -1.8267326924E+00    4.6270964335E-02
    2.8559980000E-02    9.9860948726E-01    3.2610332693E-01   -1.7971127812E+00    4.6234232577E-02
    2.8599980000E-02    1.0035492392E+00    3.2764820309E-01   -1.7721786614E+00    4.6195181746E-02
    2.8639980000E-02    1.0075516270E+00    3.2877603632E-01   -1.7521012995E+00    4.6154202327E-02
    2.8679980000E-02    1.0105465291E+00    3.2957300114E-01   -1.7370188559E+00    4.6111723093E-02
    2.8719980000E-02    1.0124818864E+00    3.3010795820E-01   -1.7270350365E+00    4.6068201952E-02
    2.8759980000E-02    1.0133235858E+00    3.3042797812E-01   -1.7222177028E+00    4.6024116517E-02
    2.8799980000E-02    1.0130553139E+00    3.3055524646E-01   -1.7225979249E+00    4.5979954686E-02
    2.8839980000E-02    1.0116784600E+00    3.3048559945E-01   -1.7281695681E+00    4.5936205358E-02
    2.8879980000E-02    1.0092120869E+00    3.3018883184E-01   -1.7388894451E+00    4.5893349221E-02
    2.8919980000E-02    1.0056930410E+00    3.2961066470E-01   -1.7546780405E+00    4.5851849524E-02
    2.8959980000E-02    1.0011760993E+00    3.2867626353E-01   -1.7754207519E+00    4.5812142806E-02
    2.8999980000E-02    9.9573403267E-01    3.2729506306E-01   -1.8009695314E+00    4.5774629807E-02
    2.9039980000E-02    9.8945744078E-01    3.2536656749E-01   -1.8311447320E+00    4.5739666952E-02
    2.9079980000E-02    9.8245422075E-01    3.2278674822E-01   -1.8657368733E+00    4.5707559004E-02
    2.9119980000E-02    9.7484854715E-01    3.1945465934E-01   -1.9045079744E+00    4.5678553480E-02
    2.9159980000E-02    9.6677929007E-01    3.1527891199E-01   -1.9471921076E+00    4.5652837496E-02
    2.9199980000E-02    9.5839771500E-01    3.1018379904E-01   -1.9934949234E+00    4.5630537606E-02
    2.9239980000E-02    9.4986429307E-01    3.0411490615E-01   -2.0430921575E+00    4.5611723224E-02
    2.9279980000E-02    9.4134453513E-01    2.9704396178E-01   -2.0956275712E+00    4.5596413916E-02
    2.9319980000E-02    9.3300381233E-01    2.8897260679E-01   -2.1507113111E+00    4.5584590036E-02
    2.9359980000E-02    9.2500129469E-01    2.7993462712E-01   -2.2079201383E+00    4.5576205190E-02
    2.9399980000E-02    9.1748340759E-01    2.6999611646E-01   -2.2668010671E+00    4.5571198232E-02
    2.9439980000E-02    9.1057750334E-01    2.5925315630E-01   -2.3268793929E+00    4.5569502476E-02
    2.9479980000E-02    9.0438662700E-01    2.4782699274E-01   -2.3876708241E+00    4.5571050604E-02
    2.9519980000E-02    8.9898617387E-01    2.3585727490E-01   -2.4486958614E+00    4.5575775068E-02
    2.9559980000E-02    8.9442284573E-01    2.2349445572E-01   -2.5094934113E+00    4.5583605048E-02
    2.9599980000E-02    8.9071574271E-01    2.1089266032E-01   -2.5696305703E+00    4.5594461826E-02
    2.9639980000E-02    8.8785892809E-01    1.9820406327E-01   -2.6287067197E+00    4.5608254718E-02
    2.9679980000E-02    8.8582459846E-01    1.8557519954E-01   -2.6863520221E+00    4.5624879330E-02
    2.9719980000E-02    8.8456614231E-01    1.7314495946E-01   -2.7422222149E+00    4.5644219068E-02
    2.9759980000E-02    8.8402075982E-01    1.6104358035E-01   -2.7959924968E+00    4.5666149593E-02
    2.9799980000E-02    8.8411173121E-01    1.4939188611E-01   -2.8473530636E+00    4.5690544737E-02
    2.9839980000E-02    8.8475067417E-01    1.3830028846E-01   -2.8960077412E+00    4.5717281661E-02
    2.9879980000E-02    8.8584013002E-01    1.2786746814E-01   -2.9416757733E+00    4.5746243169E-02
    2.9919980000E-02    8.8727668193E-01    1.1817898597E-01   -2.9840957098E+00    4.5777316073E-02
    2.9959980000E-02    8.8895457443E-01    1.0930622782E-01   -3.0230298423E+00    4.5810385955E-02
    2.9999980000E-02    8.9076937223E-01    1.0130607925E-01   -3.0582678262E+00    4.5845329969E-02
    3.0039980000E-02    8.9262134453E-01    9.4221482551E-02   -3.0896286564E+00    4.5882009910E-02
    3.0079980000E-02    8.9441832942E-01    8.8082819086E-02   -3.1169608008E+00    4.5920267302E-02
    3.0119980000E-02    8.9607795267E-01    8.2909903870E-02   -3.1401407892E+00    4.5959921409E-02
    3.0159980000E-02    8.9752919991E-01    7.8714307134E-02   -3.1590708074E+00    4.6000770011E-02
    3.0199980000E-02    8.9871342925E-01    7.5501719996E-02   -3.1736758831E+00    4.6042592196E-02
    3.0239980000E-02    8.9958492613E-01    7.3274133303E-02   -3.1839011533E+00    4.6085152189E-02
    3.0279980000E-02    9.0011113601E-01    7.2031658228E-02   -3.1897095503E+00    4.6128203447E-02
    3.0319980000E-02    9.0027286476E-01    7.1773853015E-02   -3.1910800654E+00    4.6171492511E-02
    3.0359980000E-02    9.0006434488E-01    7.2500517723E-02   -3.1880067298E+00    4.6214762504E-02
    3.0399980000E-02    8.9949326267E-01    7.4211915920E-02   -3.1804983477E+00    4.6257756415E-02
    3.0439980000E-02    8.9858078196E-01    7.6908411169E-02   -3.1685789891E+00    4.6300220470E-02
    3.0479980000E-02    8.9736153859E-01    8.0589531751E-02   -3.1522892253E+00    4.6341907838E-02
    3.0519980000E-02    8.9588353810E-01    8.5252504221E-02   -3.1316880485E+00    4.6382582749E-02
    3.0559980000E-02    8.9420788840E-01    9.0890327948E-02   -3.1068553389E+00    4.6422024746E-02
    3.0599980000E-02    8.9240812493E-01    9.7489537528E-02   -3.0778946486E+00    4.6460032444E-02
    3.0639980000E-02    8.9056898568E-01    1.0502784967E-01   -3.0449359041E+00    4.6496425995E-02
    3.0679980000E-02    8.8878463101E-01    1.1347192962E-01   -3.0081374759E+00    4.6531047250E-02
    3.0719980000E-02    8.8715622613E-01    1.2277556523E-01   -2.9676870497E+00    4.6563757030E-02
    3.0759980000E-02    8.8578895683E-01    1.3287850360E-01   -2.9238008420E+00    4.6594429707E-02
    3.0799980000E-02    8.8478866703E-01    1.4370610106E-01   -2.8767210572E+00    4.6622946333E-02
    3.0839980000E-02    8.8425838617E-01    1.5516976215E-01   -2.8267120396E+00    4.6649188330E-02
    3.0879980000E-02    8.8429501251E-01    1.6716794539E-01   -2.7740561802E+00    4.6673033810E-02
    3.0919980000E-02    8.8498631327E-01    1.7958737980E-01   -2.7190510381E+00    4.6694357775E-02
    3.0959980000E-02    8.8640821657E-01    1.9230415572E-01   -2.6620090345E+00    4.6713036012E-02
    3.0999980000E-02    8.8862219344E-01    2.0518456772E-01   -2.6032603441E+00    4.6728951074E-02
    3.1039980000E-02    8.9167247866E-01    2.1808593494E-01   -2.5431583562E+00    4.6741997974E-02
    3.1079980000E-02    8.9558293648E-01    2.3085799119E-01   -2.4820857501E+00    4.6752087297E-02
    3.1119980000E-02    9.0035366717E-01    2.4334559334E-01   -2.4204584065E+00    4.6759144516E-02
    3.1159980000E-02    9.0595785272E-01    2.5539329058E-01   -2.3587245798E+00    4.6763105822E-02
    3.1199980000E-02    9.1233963997E-01    2.6685174335E-01   -2.2973580930E+00    4.6763912211E-02
    3.1239980000E-02    9.1941386574E-01    2.7758529164E-01   -2.2368463212E+00    4.6761504341E-02
    3.1279980000E-02    9.2706808219E-01    2.8747947041E-01   -2.1776755021E+00    4.6755820650E-02
    3.1319980000E-02    9.3516677781E-01    2.9644720154E-01   -2.1203166490E+00    4.6746800333E-02
    3.1359980000E-02    9.4355717467E-01    3.0443276357E-01   -2.0652147629E+00    4.6734391391E-02
    3.1399980000E-02    9.5207573265E-01    3.1141322762E-01   -2.0127825834E+00    4.6718562458E-02
    3.1439980000E-02    9.6055455429E-01    3.1739756026E-01   -1.9633985662E+00    4.6699316019E-02
    3.1479980000E-02    9.6882714241E-01    3.2242385779E-01   -1.9174077510E+00    4.6676700441E-02
    3.1519980000E-02    9.7673325769E-01    3.2655519110E-01   -1.8751239070E+00    4.6650818824E-02
    3.1559980000E-02    9.8412283331E-01    3.2987443026E-01   -1.8368316229E+00    4.6621833806E-02
    3.1599980000E-02    9.9085896378E-01    3.3247834866E-01   -1.8027875379E+00    4.6589968436E-02
    3.1639980000E-02    9.9682005742E-01    3.3447123298E-01   -1.7732204392E+00    4.6555503763E-02
    3.1679980000E-02    1.0019012647E+00    3.3595822713E-01   -1.7483303421E+00    4.6518773901E-02
    3.1719980000E-02    1.0060152993E+00    3.3703869273E-01   -1.7282868834E+00    4.6480159210E-02
    3.1759980000E-02    1.0090927829E+00    3.3779992595E-01   -1.7132274234E+00    4.6440078169E-02
    3.1799980000E-02    1.0110822581E+00    3.3831160279E-01   -1.7032552116E+00    4.6398978408E-02
    3.1839980000E-02    1.0119500243E+00    3.3862131461E-01   -1.6984378807E+00    4.6357327361E-02
    3.1879980000E-02    1.0116799266E+00    3.3875151397E-01   -1.6988064294E+00    4.6315602823E-02
    3.1919980000E-02    1.0102732149E+00    3.3869808225E-01   -1.7043547751E+00    4.6274283575E-02
    3.1959980000E-02    1.0077485796E+00    3.3843056185E-01   -1.7150399162E+00    4.6233840062E-02
    3.1999980000E-02    1.0041422915E+00    3.3789410679E-01   -1.7307826868E+00    4.6194725094E-02
    3.2039980000E-02    9.9950838821E-01    3.3701298802E-01   -1.7514690686E+00    4.6157364637E-02
    3.2079980000E-02    9.9391879692E-01    3.3569539524E-01   -1.7769519626E+00    4.6122148902E-02
    3.2119980000E-02    9.8746324708E-01    3.3383920121E-01   -1.8070532372E+00    4.6089424116E-02
    3.2159980000E-02    9.8024883136E-01    3.3133831304E-01   -1.8415657697E+00    4.6059485428E-02
    3.2199980000E-02    9.7239908533E-01    3.2808924146E-01   -1.8802551044E+00    4.6032571460E-02
    3.2239980000E-02    9.6405247378E-01    3.2399757226E-01   -1.9228603153E+00    4.6008861013E-02
    3.2279980000E-02    9.5536017070E-01    3.1898410464E-01   -1.9690937321E+00    4.5988472467E-02
    3.2319980000E-02    9.4648305994E-01    3.1299044777E-01   -2.0186394212E+00    4.5971466392E-02
    3.2359980000E-02    9.3758787490E-01    3.0598388699E-01   -2.0711507298E+00    4.5957851560E-02
    3.2399980000E-02    9.2884239807E-01    2.9796128067E-01   -2.1262477630E+00    4.5947593927E-02
    3.2439980000E-02    9.2040975982E-01    2.8895159905E-01   -2.1835162269E+00    4.5940627467E-02
    3.2479980000E-02    9.1244209508E-01    2.7901659396E-01   -2.2425093388E+00    4.5936865191E-02
    3.2519980000E-02    9.0507411288E-01    2.6824912186E-01   -2.3027541518E+00    4.5936208819E-02
    3.2559980000E-02    8.9841738689E-01    2.5676894069E-01   -2.3637625197E+00    4.5938556081E-02
    3.2599980000E-02    8.9255621906E-01    2.4471634323E-01   -2.4250453157E+00    4.5943805308E-02
    3.2639980000E-02    8.8754566170E-01    2.3224457286E-01   -2.4861270910E+00    4.5951857369E-02
    3.2679980000E-02    8.8341177295E-01    2.1951229892E-01   -2.5465579038E+00    4.5962615254E-02
    3.2719980000E-02    8.8015364675E-01    2.0667731166E-01   -2.6059198916E+00    4.5975981827E-02
    3.2759980000E-02    8.7774644719E-01    1.9389207373E-01   -2.6638279681E+00    4.5991856751E-02
    3.2799980000E-02    8.7614469983E-01    1.8130109479E-01   -2.7199259537E+00    4.6010133860E-02
    3.2839980000E-02    8.7528537996E-01    1.6903958381E-01   -2.7738806709E+00    4.6030700196E-02
    3.2879980000E-02    8.7509070813E-01    1.5723266077E-01   -2.8253766591E+00    4.6053437175E-02
    3.2919980000E-02    8.7547084352E-01    1.4599456659E-01   -2.8741133450E+00    4.6078223373E-02
    3.2959980000E-02    8.7632669067E-01    1.3542766316E-01   -2.9198052510E+00    4.6104937530E-02
    3.2999980000E-02    8.7755299509E-01    1.2562133508E-01   -2.9621846703E+00    4.6133460194E-02
    3.3039980000E-02    8.7904176670E-01    1.1665109766E-01   -3.0010055584E+00    4.6163672948E-02
    3.3079980000E-02    8.8068585595E-01    1.0857824391E-01   -3.0360472981E+00    4.6195455173E-02
    3.3119980000E-02    8.8238241721E-01    1.0145023761E-01   -3.0671173446E+00    4.6228679306E-02
    3.3159980000E-02    8.8403599889E-01    9.5301875156E-02   -3.0940523006E+00    4.6263205989E-02
    3.3199980000E-02    8.8556108246E-01    9.0157072749E-02   -3.1167174744E+00    4.6298880431E-02
    3.3239980000E-02    8.8688400376E-01    8.6031033443E-02   -3.1350053078E+00    4.6335530693E-02
    3.3279980000E-02    8.8794429151E-01    8.2932517635E-02   -3.1488331870E+00    4.6372968051E-02
    3.3319980000E-02    8.8869554377E-01    8.0865961544E-02   -3.1581411294E+00    4.6410989070E-02
    3.3359980000E-02    8.8910594849E-01    7.9833244244E-02   -3.1628897382E+00    4.6449378826E-02
    3.3399980000E-02    8.8915851404E-01    7.9834965272E-02   -3.1630587028E+00    4.6487914875E-02
    3.3439980000E-02    8.8885118912E-01    8.0871134697E-02   -3.1586459865E+00    4.6526371607E-02
    3.3479980000E-02    8.8819689629E-01    8.2941235874E-02   -3.1496677724E+00    4.6564524723E-02
    3.3519980000E-02    8.8722347454E-01    8.6043658285E-02   -3.1361591704E+00    4.6602155677E-02
    3.3559980000E-02    8.8597348375E-01    9.0174536578E-02   -3.1181756203E+00    4.6639055867E-02
    3.3599980000E-02    8.8450378362E-01    9.5326076232E-02   -3.0957948414E+00    4.6675030229E-02
    3.3639980000E-02    8.8288477077E-01    1.0148449878E-01   -3.0691190806E+00    4.6709899771E-02
    3.3679980000E-02    8.8119914854E-01    1.0862779770E-01   -3.0382772847E+00    4.6743502538E-02
    3.3719980000E-02    8.7954017847E-01    1.1672354047E-01   -3.0034267213E+00    4.6775692555E-02
    3.3759980000E-02    8.7800930984E-01    1.2572699490E-01   -2.9647535478E+00    4.6806336583E-02
    3.3799980000E-02    8.7671321159E-01    1.3557983592E-01   -2.9224719342E+00    4.6835309381E-02
    3.3839980000E-02    8.7576037662E-01    1.4620959339E-01   -2.8768216454E+00    4.6862488796E-02
    3.3879980000E-02    8.7525754715E-01    1.5752984348E-01   -2.8280644836E+00    4.6887752237E-02
    3.3919980000E-02    8.7530623889E-01    1.6944095705E-01   -2.7764805431E+00    4.6910975754E-02
    3.3959980000E-02    8.7599956271E-01    1.8183107895E-01   -2.7223656096E+00    4.6932035969E-02
    3.3999980000E-02    8.7741936180E-01    1.9457701426E-01   -2.6660309852E+00    4.6950813856E-02
    3.4039980000E-02    8.7963347221E-01    2.0754489178E-01   -2.6078063714E+00    4.6967198526E-02
    3.4079980000E-02    8.8269279931E-01    2.2059082418E-01   -2.5480452763E+00    4.6981089138E-02
    3.4119980000E-02    8.8662799019E-01    2.3356214555E-01   -2.4871311046E+00    4.6992393913E-02
    3.4159980000E-02    8.9144579302E-01    2.4629997892E-01   -2.4254812118E+00    4.7001026552E-02
    3.4199980000E-02    8.9712561670E-01    2.5864370810E-01   -2.3635463040E+00    4.7006901477E-02
    3.4239980000E-02    9.0361712521E-01    2.7043739245E-01   -2.3018038035E+00    4.7009929827E-02
    3.4279980000E-02    9.1083971667E-01    2.8153746475E-01   -2.2407457906E+00    4.7010017891E-02
    3.4319980000E-02    9.1868438248E-01    2.9182051355E-01   -2.1808640038E+00    4.7007068956E-02
    3.4359980000E-02    9.2701785683E-01    3.0118983818E-01   -2.1226352622E+00    4.7000988824E-02
    3.4399980000E-02    9.3568842178E-01    3.0957981510E-01   -2.0665102036E+00    4.6991694586E-02
    3.4439980000E-02    9.4453246059E-01    3.1695771854E-01   -2.0129067689E+00    4.6979125655E-02
    3.4479980000E-02    9.5338091233E-01    3.2332319084E-01   -1.9622082092E+00    4.6963255501E-02
    3.4519980000E-02    9.6206505885E-01    3.2870585262E-01   -1.9147642489E+00    4.6944102356E-02
    3.4559980000E-02    9.7042139318E-01    3.3316156286E-01   -1.8708936800E+00    4.6921737373E-02
    3.4599980000E-02    9.7829554675E-01    3.3676770300E-01   -1.8308869328E+00    4.6896289472E-02
    3.4639980000E-02    9.8554535746E-01    3.3961771316E-01   -1.7950077245E+00    4.6867946845E-02
    3.4679980000E-02    9.9204317727E-01    3.4181503841E-01   -1.7634934546E+00    4.6836955543E-02
    3.4719980000E-02    9.9767750140E-01    3.4346666323E-01   -1.7365544340E+00    4.6803615714E-02
    3.4759980000E-02    1.0023539935E+00    3.4467648493E-01   -1.7143722718E+00    4.6768275913E-02
    3.4799980000E-02    1.0059959949E+00    3.4553885756E-01   -1.6970978364E+00    4.6731325904E-02
    3.4839980000E-02    1.0085446351E+00    3.4613268674E-01   -1.6848491792E+00    4.6693188337E-02
    3.4879980000E-02    1.0099586961E+00    3.4651645086E-01   -1.6777097285E+00    4.6654309727E-02
    3.4919980000E-02    1.0102144072E+00    3.4672446267E-01   -1.6757269595E+00    4.6615151115E-02
    3.4959980000E-02    1.0093052189E+00    3.4676471895E-01   -1.6789116337E+00    4.6576178659E-02
    3.4999980000E-02    1.0072417296E+00    3.4661840205E-01   -1.6872376653E+00    4.6537854276E-02
    3.5039980000E-02    1.0040517846E+00    3.4624106674E-01   -1.7006426193E+00    4.6500626336E-02
    3.5079980000E-02    9.9978068077E-01    3.4556544739E-01   -1.7190288151E+00    4.6464920443E-02
    3.5119980000E-02    9.9449137192E-01    3.4450568518E-01   -1.7422649744E+00    4.6431130530E-02
    3.5159980000E-02    9.8826453024E-01    3.4296267623E-01   -1.7701882857E+00    4.6399610581E-02
    3.5199980000E-02    9.8119831920E-01    3.4083017323E-01   -1.8026066608E+00    4.6370667437E-02
    3.5239980000E-02    9.7340774805E-01    3.3800125063E-01   -1.8393008564E+00    4.6344555109E-02
    3.5279980001E-02    9.6502351012E-01    3.3437477317E-01   -1.8800260492E+00    4.6321470955E-02
    3.5319980001E-02    9.5619026215E-01    3.2986155957E-01   -1.9245124423E+00    4.6301554027E-02
    3.5359980001E-02    9.4706423890E-01    3.2439008644E-01   -1.9724645699E+00    4.6284885848E-02
    3.5399980001E-02    9.3781010689E-01    3.1791161227E-01   -2.0235592484E+00    4.6271493811E-02
    3.5439980001E-02    9.2859695934E-01    3.1040457563E-01   -2.0774425986E+00    4.6261357082E-02
    3.5479980001E-02    9.1959337452E-01    3.0187801746E-01   -2.1337271837E+00    4.6254414381E-02
    3.5519980001E-02    9.1096158399E-01    2.9237360547E-01   -2.1919908710E+00    4.6250572719E-02
    3.5559980001E-02    9.0285104325E-01    2.8196571734E-01   -2.2517792058E+00    4.6249716198E-02
    3.5599980001E-02    8.9539201413E-01    2.7075911737E-01   -2.3126125431E+00    4.6251714455E-02
    3.5639980001E-02    8.8869001447E-01    2.5888412762E-01   -2.3739978678E+00    4.6256430699E-02
    3.5679980001E-02    8.8282199399E-01    2.4648978123E-01   -2.4354435364E+00    4.6263729159E-02
    3.5719980001E-02    8.7783477378E-01    2.3373600930E-01   -2.4964738772E+00    4.6273481129E-02
    3.5759980001E-02    8.7374573969E-01    2.2078616104E-01   -2.5566404042E+00    4.6285568402E-02
    3.5799980001E-02    8.7054525126E-01    2.0780094051E-01   -2.6155275249E+00    4.6299883194E-02
    3.5839980001E-02    8.6819995719E-01    1.9493426547E-01   -2.6727525295E+00    4.6316324762E-02
    3.5879980001E-02    8.6665628096E-01    1.8233089982E-01   -2.7279614618E+00    4.6334794196E-02
    3.5919980001E-02    8.6584366057E-01    1.7012526824E-01   -2.7808234354E+00    4.6355189490E-02
    3.5959980001E-02    8.6567749636E-01    1.5844076450E-01   -2.8310258534E+00    4.6377402643E-02
    3.5999980001E-02    8.6606200621E-01    1.4738906608E-01   -2.8782720644E+00    4.6401319465E-02
    3.6039980001E-02    8.6689324501E-01    1.3706930080E-01   -2.9222817862E+00    4.6426821390E-02
    3.6079980001E-02    8.6806243799E-01    1.2756720600E-01   -2.9627936311E+00    4.6453787833E-02
    3.6119980001E-02    8.6945957121E-01    1.1895457196E-01   -2.9995685688E+00    4.6482097578E-02
    3.6159980001E-02    8.7097703457E-01    1.1128924044E-01   -3.0323931717E+00    4.6511628406E-02
    3.6199980001E-02    8.7251305793E-01    1.0461579612E-01   -3.0610818486E+00    4.6542255076E-02
    3.6239980001E-02    8.7397471729E-01    9.8966921117E-02   -3.0854777450E+00    4.6573846442E-02
    3.6279980001E-02    8.7528037932E-01    9.4365245504E-02   -3.1054524045E+00    4.6606262748E-02
    3.6319980001E-02    8.7636155403E-01    9.0825449580E-02   -3.1209045376E+00    4.6639353914E-02
    3.6359980001E-02    8.7716420554E-01    8.8356357283E-02   -3.1317583416E+00    4.6672959260E-02
    3.6399980001E-02    8.7764961631E-01    8.6962787375E-02   -3.1379617887E+00    4.6706908711E-02
    3.6439980001E-02    8.7779491103E-01    8.6646978860E-02   -3.1394852114E+00    4.6741025270E-02
    3.6479980001E-02    8.7759333380E-01    8.7409463411E-02   -3.1363204116E+00    4.6775128419E-02
    3.6519980001E-02    8.7705434062E-01    8.9249312693E-02   -3.1284804135E+00    4.6809037865E-02
    3.6559980001E-02    8.7620351840E-01    9.2163741209E-02   -3.1159998937E+00    4.6842577256E-02
    3.6599980001E-02    8.7508229927E-01    9.6147095826E-02   -3.0989362292E+00    4.6875577409E-02
    3.6639980001E-02    8.7374739827E-01    1.0118931675E-01   -3.0773710113E+00    4.6907878620E-02
    3.6679980001E-02    8.7226987179E-01    1.0727401263E-01   -3.0514117643E+00    4.6939331621E-02
    3.6719980001E-02    8.7073368562E-01    1.1437635040E-01   -3.0211935046E+00    4.6969796943E-02
    3.6759980001E-02    8.6923370580E-01    1.2246100735E-01   -2.9868796985E+00    4.6999142804E-02
    3.6799980001E-02    8.6787308859E-01    1.3148044854E-01   -2.9486621919E+00    4.7027242090E-02
    3.6839980001E-02    8.6676014203E-01    1.4137375614E-01   -2.9067598356E+00    4.7053969469E-02
    3.6879980001E-02    8.6600487669E-01    1.5206612675E-01   -2.8614158569E+00    4.7079199837E-02
    3.6919980001E-02    8.6571547626E-01    1.6346900079E-01   -2.8128944971E+00    4.7102808931E-02
    3.6959980001E-02    8.6599488858E-01    1.7548062952E-01   -2.7614778944E+00    4.7124675877E-02
    3.6999980001E-02    8.6693765532E-01    1.8798678919E-01   -2.7074644324E+00    4.7144686494E-02
    3.7039980001E-02    8.6862691555E-01    2.0086140252E-01   -2.6511695838E+00    4.7162735477E-02
    3.7079980001E-02    8.7113136504E-01    2.1396704687E-01   -2.5929295501E+00    4.7178725890E-02
    3.7119980001E-02    8.7450192331E-01    2.2715566084E-01   -2.5331068556E+00    4.7192565442E-02
    3.7159980001E-02    8.7876802091E-01    2.4027006374E-01   -2.4720958770E+00    4.7204160551E-02
    3.7199980001E-02    8.8393375285E-01    2.5314699129E-01   -2.4103256390E+00    4.7213410338E-02
    3.7239980001E-02    8.8997452190E-01    2.6562209781E-01   -2.3482575384E+00    4.7220202875E-02
    3.7279980001E-02    8.9683502145E-01    2.7753680406E-01   -2.2863770631E+00    4.7224415250E-02
    3.7319980001E-02    9.0442931472E-01    2.8874619702E-01   -2.2251805774E+00    4.7225917620E-02
    3.7359980001E-02    9.1264333864E-01    2.9912672937E-01   -2.1651599564E+00    4.7224580342E-02
    3.7399980001E-02    9.2133956858E-01    3.0858245419E-01   -2.1067884699E+00    4.7220282903E-02
    3.7439980001E-02    9.3036309713E-01    3.1704895427E-01   -2.0505105879E+00    4.7212923605E-02
    3.7479980001E-02    9.3954820313E-01    3.2449474635E-01   -1.9967367820E+00    4.7202429346E-02
    3.7519980001E-02    9.4872462892E-01    3.3092045690E-01   -1.9458427575E+00    4.7188764899E-02
    3.7559980001E-02    9.5772309618E-01    3.3635630127E-01   -1.8981715303E+00    4.7171940931E-02
    3.7599980001E-02    9.6637989616E-01    3.4085836716E-01   -1.8540365525E+00    4.7152020007E-02
    3.7639980001E-02    9.7454058307E-01    3.4450403815E-01   -1.8137244752E+00    4.7129120106E-02
    3.7679980001E-02    9.8206287043E-01    3.4738673612E-01   -1.7774967562E+00    4.7103415637E-02
    3.7719980001E-02    9.8881882695E-01    3.4961009137E-01   -1.7455898930E+00    4.7075136195E-02
    3.7759980001E-02    9.9469644397E-01    3.5128167400E-01   -1.7182144552E+00    4.7044563409E-02
    3.7799980001E-02    9.9960063592E-01    3.5250650441E-01   -1.6955532924E+00    4.7012026097E-02
    3.7839980001E-02    1.0034537391E+00    3.5338066357E-01   -1.6777593503E+00    4.6977893908E-02
    3.7879980001E-02    1.0061956089E+00    3.5398538513E-01   -1.6649534805E+00    4.6942569730E-02
    3.7919980001E-02    1.0077835194E+00    3.5438194993E-01   -1.6572225495E+00    4.6906481156E-02
    3.7959980001E-02    1.0081919235E+00    3.5460782442E-01   -1.6546180191E+00    4.6870071373E-02
    3.7999980001E-02    1.0074122332E+00    3.5467430181E-01   -1.6571551001E+00    4.6833789817E-02
    3.8039980001E-02    1.0054527265E+00    3.5456579617E-01   -1.6648125242E+00    4.6798082782E-02
    3.8079980001E-02    1.0023386212E+00    3.5424083218E-01   -1.6775329426E+00    4.6763384103E-02
    3.8119980001E-02    9.9811227819E-01    3.5363465297E-01   -1.6952239408E+00    4.6730106039E-02
    3.8159980001E-02    9.9283343743E-01    3.5266325375E-01   -1.7177596290E+00    4.6698630554E-02
    3.8199980001E-02    9.8657935163E-01    3.5122854796E-01   -1.7449827116E+00    4.6669301349E-02
    3.8239980001E-02    9.7944469237E-01    3.4922428689E-01   -1.7767068515E+00    4.6642417033E-02
    3.8279980001E-02    9.7154102387E-01    3.4654241482E-01   -1.8127190198E+00    4.6618225811E-02
    3.8319980001E-02    9.6299576528E-01    3.4307946965E-01   -1.8527814318E+00    4.6596922002E-02
    3.8359980001E-02    9.5395061943E-01    3.3874269802E-01   -1.8966326231E+00    4.6578644529E-02
    3.8399980001E-02    9.4455940609E-01    3.3345570707E-01   -1.9439872496E+00    4.6563477464E-02
    3.8439980001E-02    9.3498524395E-01    3.2716354619E-01   -1.9945344019E+00    4.6551452555E-02
    3.8479980001E-02    9.2539699015E-01    3.1983713716E-01   -2.0479346304E+00    4.6542553490E-02
    3.8519980001E-02    9.1596482518E-01    3.1147689567E-01   -2.1038164760E+00    4.6536721339E-02
    3.8559980001E-02    9.0685492439E-01    3.0211521853E-01   -2.1617739505E+00    4.6533860548E-02
    3.8599980001E-02    8.9822334059E-01    2.9181733376E-01   -2.2213668130E+00    4.6533845243E-02
    3.8639980001E-02    8.9020952991E-01    2.8067997229E-01   -2.2821252720E+00    4.6536526192E-02
    3.8679980001E-02    8.8293027698E-01    2.6882755346E-01   -2.3435597108E+00    4.6541739188E-02
    3.8719980001E-02    8.7647493124E-01    2.5640608986E-01   -2.4051743984E+00    4.6549315096E-02
    3.8759980001E-02    8.7090270383E-01    2.4357562928E-01   -2.4664825719E+00    4.6559090576E-02
    3.8799980001E-02    8.6624230454E-01    2.3050246405E-01   -2.5270195739E+00    4.6570917225E-02
    3.8839980001E-02    8.6249362180E-01    2.1735232259E-01   -2.5863513348E+00    4.6584666690E-02
    3.8879980001E-02    8.5963073655E-01    2.0428531236E-01   -2.6440771390E+00    4.6600230373E-02
    3.8919980001E-02    8.5760548017E-01    1.9145273936E-01   -2.6998275299E+00    4.6617514219E-02
    3.8959980001E-02    8.5635097064E-01    1.7899539110E-01   -2.7532595260E+00    4.6636430734E-02
    3.8999980001E-02    8.5578491526E-01    1.6704263713E-01   -2.8040516274E+00    4.6656891084E-02
    3.9039980001E-02    8.5581276133E-01    1.5571178910E-01   -2.8519004804E+00    4.6678799653E-02
    3.9079980001E-02    8.5633089570E-01    1.4510743918E-01   -2.8965199935E+00    4.6702052132E-02
    3.9119980001E-02    8.5723005142E-01    1.3532079081E-01   -2.9376426739E+00    4.6726536715E-02
    3.9159980001E-02    8.5839893204E-01    1.2642918375E-01   -2.9750223044E+00    4.6752136975E-02
    3.9199980001E-02    8.5972787645E-01    1.1849605631E-01   -3.0084369236E+00    4.6778734754E-02
    3.9239980001E-02    8.6111237149E-01    1.1157149457E-01   -3.0376912675E+00    4.6806211845E-02
    3.9279980001E-02    8.6245622591E-01    1.0569338343E-01   -3.0626182078E+00    4.6834450092E-02
    3.9319980001E-02    8.6367426418E-01    1.0088904474E-01   -3.0830791060E+00    4.6863330304E-02
    3.9359980001E-02    8.6469447396E-01    9.7177159179E-02   -3.0989632811E+00    4.6892730735E-02
    3.9399980001E-02    8.6545961372E-01    9.4569731695E-02   -3.1101869322E+00    4.6922525907E-02
    3.9439980001E-02    8.6592833802E-01    9.3073868806E-02   -3.1166918859E+00    4.6952586259E-02
    3.9479980001E-02    8.6607592176E-01    9.2693173757E-02   -3.1184444862E+00    4.6982778773E-02
    3.9519980001E-02    8.6589466063E-01    9.3428618449E-02   -3.1154348604E+00    4.7012968418E-02
    3.9559980001E-02    8.6539399101E-01    9.5278809242E-02   -3.1076766973E+00    4.7043020038E-02
    3.9599980001E-02    8.6460033654E-01    9.8239622808E-02   -3.0952075737E+00    4.7072800174E-02
    3.9639980001E-02    8.6355671712E-01    1.0230324377E-01   -3.0780897624E+00    4.7102178413E-02
    3.9679980001E-02    8.6232199548E-01    1.0745670028E-01   -3.0564113692E+00    4.7131027945E-02
    3.9719980001E-02    8.6096968954E-01    1.1368004953E-01   -3.0302875431E+00    4.7159225153E-02
    3.9759980001E-02    8.5958627873E-01    1.2094441798E-01   -2.9998614194E+00    4.7186648406E-02
    3.9799980001E-02    8.5826895884E-01    1.2921013439E-01   -2.9653044240E+00    4.7213176617E-02
    3.9839980001E-02    8.5712286333E-01    1.3842519194E-01   -2.9268156232E+00    4.7238688386E-02
    3.9879980001E-02    8.5625784822E-01    1.4852422263E-01   -2.8846199943E+00    4.7263062503E-02
    3.9919980001E-02    8.5578500920E-01    1.5942806089E-01   -2.8389658099E+00    4.7286180164E-02
    3.9959980001E-02    8.5581312893E-01    1.7104383285E-01   -2.7901217375E+00    4.7307928397E-02
    3.9999980001E-02    8.5644521480E-01    1.8326538184E-01   -2.7383745980E+00    4.7328203305E-02
    4.0039980001E-02    8.5777517912E-01    1.9597379546E-01   -2.6840288261E+00    4.7346911285E-02
    4.0079980001E-02    8.5988457065E-01    2.0903789186E-01   -2.6274083462E+00    4.7363966745E-02
    4.0119980001E-02    8.6283918530E-01    2.2231475489E-01   -2.5688607775E+00    4.7379286082E-02
    4.0159980001E-02    8.6668539812E-01    2.3565071691E-01   -2.5087627781E+00    4.7392779262E-02
    4.0199980001E-02    8.7144624724E-01    2.4888342386E-01   -2.4475243512E+00    4.7404341610E-02
    4.0239980001E-02    8.7711765390E-01    2.6184559968E-01   -2.3855895809E+00    4.7413848760E-02
    4.0279980001E-02    8.8366549107E-01    2.7437077174E-01   -2.3234319303E+00    4.7421156821E-02
    4.0319980001E-02    8.9102433262E-01    2.8630060388E-01   -2.2615438575E+00    4.7426108059E-02
    4.0359980001E-02    8.9909849241E-01    2.9749286279E-01   -2.2004224613E+00    4.7428540652E-02
    4.0399980001E-02    9.0776544614E-01    3.0782872611E-01   -2.1405542651E+00    4.7428300090E-02
    4.0439980001E-02    9.1688114482E-01    3.1721828988E-01   -2.0824024033E+00    4.7425250056E-02
    4.0479980001E-02    9.2628634810E-01    3.2560365834E-01   -2.0263983807E+00    4.7419281708E-02
    4.0519980001E-02    9.3581307035E-01    3.3295961492E-01   -1.9729388687E+00    4.7410321262E-02
    4.0559980001E-02    9.4529048091E-01    3.3929230218E-01   -1.9223865004E+00    4.7398336217E-02
    4.0599980001E-02    9.5454994720E-01    3.4463646356E-01   -1.8750728743E+00    4.7383340367E-02
    4.0639980001E-02    9.6342918491E-01    3.4905168898E-01   -1.8313020056E+00    4.7365397479E-02
    4.0679980001E-02    9.7177561173E-01    3.5261791337E-01   -1.7913529855E+00    4.7344623457E-02
    4.0719980001E-02    9.7944901600E-01    3.5543027353E-01   -1.7554812607E+00    4.7321186892E-02
    4.0759980001E-02    9.8632362211E-01    3.5759338208E-01   -1.7239184779E+00    4.7295308035E-02
    4.0799980001E-02    9.9228956244E-01    3.5921516465E-01   -1.6968711698E+00    4.7267256194E-02
    4.0839980001E-02    9.9725379109E-01    3.6040048571E-01   -1.6745187064E+00    4.7237345564E-02
    4.0879980001E-02    1.0011405213E+00    3.6124486396E-01   -1.6570109585E+00    4.7205929519E-02
    4.0919980001E-02    1.0038912831E+00    3.6182865871E-01   -1.6444660437E+00    4.7173393525E-02
    4.0959980001E-02    1.0054647398E+00    3.6221211460E-01   -1.6369684264E+00    4.7140146973E-02
    4.0999980001E-02    1.0058364152E+00    3.6243160982E-01   -1.6345675305E+00    4.7106614306E-02
    4.1039980001E-02    1.0049984737E+00    3.6249737249E-01   -1.6372769445E+00    4.7073225773E-02
    4.1079980001E-02    1.0029596456E+00    3.6239282605E-01   -1.6450742436E+00    4.7040408063E-02
    4.1119980001E-02    9.9974532954E-01    3.6207560925E-01   -1.6579014313E+00    4.7008574995E-02
    4.1159980001E-02    9.9539781488E-01    3.6148020854E-01   -1.6756659828E+00    4.6978118500E-02
    4.1199980001E-02    9.8997651300E-01    3.6052202089E-01   -1.6982424518E+00    4.6949400188E-02
    4.1239980002E-02    9.8355810967E-01    3.5910250079E-01   -1.7254745612E+00    4.6922743893E-02
    4.1279980002E-02    9.7623644989E-01    3.5711506860E-01   -1.7571776035E+00    4.6898429560E-02
    4.1319980002E-02    9.6812203723E-01    3.5445137789E-01   -1.7931408788E+00    4.6876688808E-02
    4.1359980002E-02    9.5934106635E-01    3.5100756806E-01   -1.8331297945E+00    4.6857702277E-02
    4.1399980002E-02    9.5003394142E-01    3.4669021260E-01   -1.8768871778E+00    4.6841598742E-02
    4.1439980002E-02    9.4035324961E-01    3.4142178504E-01   -1.9241333596E+00    4.6828455857E-02
    4.1479980002E-02    9.3046114510E-01    3.3514556649E-01   -1.9745647401E+00    4.6818302248E-02
    4.1519980002E-02    9.2052605927E-01    3.2782995637E-01   -2.0278509014E+00    4.6811120541E-02
    4.1559980002E-02    9.1071861741E-01    3.1947208182E-01   -2.0836308981E+00    4.6806850765E-02
    4.1599980002E-02    9.0120666781E-01    3.1010043259E-01   -2.1415100343E+00    4.6805393782E-02
    4.1639980002E-02    8.9214947212E-01    2.9977605197E-01   -2.2010589357E+00    4.6806615015E-02
    4.1679980002E-02    8.8369137931E-01    2.8859172825E-01   -2.2618166953E+00    4.6810349638E-02
    4.1719980002E-02    8.7595562914E-01    2.7666879539E-01   -2.3232990376E+00    4.6816410667E-02
    4.1759980002E-02    8.6903914379E-01    2.6415160206E-01   -2.3850109255E+00    4.6824600618E-02
    4.1799980002E-02    8.6300910986E-01    2.5120030288E-01   -2.4464613931E+00    4.6834725570E-02
    4.1839980002E-02    8.5790179500E-01    2.3798309173E-01   -2.5071774219E+00    4.6846608704E-02
    4.1879980002E-02    8.5372352195E-01    2.2466908881E-01   -2.5667139410E+00    4.6860099826E-02
    4.1919980002E-02    8.5045327200E-01    2.1142275999E-01   -2.6246584272E+00    4.6875078405E-02
    4.1959980002E-02    8.4804619312E-01    1.9840016437E-01   -2.6806304382E+00    4.6891449837E-02
    4.1999980002E-02    8.4643737813E-01    1.8574677607E-01   -2.7342778782E+00    4.6909136748E-02
    4.2039980002E-02    8.4554554712E-01    1.7359632383E-01   -2.7852723482E+00    4.6928068458E-02
    4.2079980002E-02    8.4527655395E-01    1.6207009326E-01   -2.8333055521E+00    4.6948171805E-02
    4.2119980002E-02    8.4552681683E-01    1.5127634821E-01   -2.8780877946E+00    4.6969365496E-02
    4.2159980002E-02    8.4618680606E-01    1.4130979743E-01   -2.9193486068E+00    4.6991558596E-02
    4.2199980002E-02    8.4714464537E-01    1.3225123199E-01   -2.9568388372E+00    4.7014652319E-02
    4.2239980002E-02    8.4828975785E-01    1.2416752924E-01   -2.9903332799E+00    4.7038543455E-02
    4.2279980002E-02    8.4951639514E-01    1.1711217032E-01   -3.0196330262E+00    4.7063127744E-02
    4.2319980002E-02    8.5072692947E-01    1.1112630084E-01   -3.0445670296E+00    4.7088302113E-02
    4.2359980002E-02    8.5183471859E-01    1.0624025019E-01   -3.0649927344E+00    4.7113965498E-02
    4.2399980002E-02    8.5276643789E-01    1.0247532887E-01   -3.0807958908E+00    4.7140018562E-02
    4.2439980002E-02    8.5346386233E-01    9.9845678002E-02   -3.0918898380E+00    4.7166362882E-02
    4.2479980002E-02    8.5388513711E-01    9.8359946800E-02   -3.0982145724E+00    4.7192900133E-02
    4.2519980002E-02    8.5400560485E-01    9.8022607098E-02   -3.0997358894E+00    4.7219531587E-02
    4.2559980002E-02    8.5381825696E-01    9.8834764595E-02   -3.0964448076E+00    4.7246157966E-02
    4.2599980002E-02    8.5333385565E-01    1.0079438490E-01   -3.0883573990E+00    4.7272679524E-02
    4.2639980002E-02    8.5258074047E-01    1.0389591276E-01   -3.0755150537E+00    4.7298996092E-02
    4.2679980002E-02    8.5160429726E-01    1.0812932357E-01   -3.0579851188E+00    4.7325006885E-02
    4.2719980002E-02    8.5046604007E-01    1.1347870611E-01   -3.0358617589E+00    4.7350609992E-02
    4.2759980002E-02    8.4924225170E-01    1.1992053101E-01   -3.0092668031E+00    4.7375701715E-02
    4.2799980002E-02    8.4802209234E-01    1.2742180733E-01   -2.9783502853E+00    4.7400176195E-02
    4.2839980002E-02    8.4690515556E-01    1.3593835376E-01   -2.9432903697E+00    4.7423925832E-02
    4.2879980002E-02    8.4599852408E-01    1.4541339834E-01   -2.9042924288E+00    4.7446843021E-02
    4.2919980002E-02    8.4541341809E-01    1.5577666261E-01   -2.8615872377E+00    4.7468823249E-02
    4.2959980002E-02    8.4526160043E-01    1.6694398140E-01   -2.8154285551E+00    4.7489768918E-02
    4.2999980002E-02    8.4565172280E-01    1.7881738177E-01   -2.7660907148E+00    4.7509592499E-02
    4.3039980002E-02    8.4668575010E-01    1.9128544427E-01   -2.7138671146E+00    4.7528217268E-02
    4.3079980002E-02    8.4845548887E-01    2.0422375851E-01   -2.6590704838E+00    4.7545574233E-02
    4.3119980002E-02    8.5103911689E-01    2.1749540929E-01   -2.6020353746E+00    4.7561594983E-02
    4.3159980002E-02    8.5449754618E-01    2.3095167881E-01   -2.5431224690E+00    4.7576201705E-02
    4.3199980002E-02    8.5887053371E-01    2.4443343232E-01   -2.4827232339E+00    4.7589297023E-02
    4.3239980002E-02    8.6417270779E-01    2.5777381010E-01   -2.4212626661E+00    4.7600756802E-02
    4.3279980002E-02    8.7039002497E-01    2.7080272531E-01   -2.3591978224E+00    4.7610428596E-02
    4.3319980002E-02    8.7747743570E-01    2.8335322007E-01   -2.2970108256E+00    4.7618136815E-02
    4.3359980002E-02    8.8535852834E-01    2.9526910020E-01   -2.2351967991E+00    4.7623693637E-02
    4.3399980002E-02    8.9392756793E-01    3.0641273826E-01   -2.1742490024E+00    4.7626913020E-02
    4.3439980002E-02    9.0305377031E-01    3.1667177909E-01   -2.1146444200E+00    4.7627624544E-02
    4.3479980002E-02    9.1258712025E-01    3.2596378372E-01   -2.0568327407E+00    4.7625684669E-02
    4.3519980002E-02    9.2236479486E-01    3.3423843648E-01   -2.0012302803E+00    4.7620984552E-02
    4.3559980002E-02    9.3221735516E-01    3.4147751315E-01   -1.9482186938E+00    4.7613454976E-02
    4.3599980002E-02    9.4197419543E-01    3.4769312966E-01   -1.8981470618E+00    4.7603069524E-02
    4.3639980002E-02    9.5146809028E-01    3.5292480976E-01   -1.8513354762E+00    4.7589846847E-02
    4.3679980002E-02    9.6053890845E-01    3.5723573657E-01   -1.8080785051E+00    4.7573852399E-02
    4.3719980002E-02    9.6903663537E-01    3.6070834837E-01   -1.7686475292E+00    4.7555199605E-02
    4.3759980002E-02    9.7682381409E-01    3.6343931830E-01   -1.7332915774E+00    4.7534050266E-02
    4.3799980002E-02    9.8377745101E-01    3.6553395365E-01   -1.7022367578E+00    4.7510613981E-02
    4.3839980002E-02    9.8979039223E-01    3.6710013435E-01   -1.6756846382E+00    4.7485146296E-02
    4.3879980002E-02    9.9477217898E-01    3.6824202616E-01   -1.6538100184E+00    4.7457945319E-02
    4.3919980002E-02    9.9864942822E-01    3.6905390331E-01   -1.6367585191E+00    4.7429346687E-02
    4.3959980002E-02    1.0013658366E+00    3.6961446798E-01   -1.6246443276E+00    4.7399716965E-02
    4.3999980002E-02    1.0028819494E+00    3.6998205052E-01   -1.6175483374E+00    4.7369445780E-02
    4.4039980002E-02    1.0031748538E+00    3.7019102348E-01   -1.6155168176E+00    4.7338937098E-02
    4.4079980002E-02    1.0022379418E+00    3.7024967483E-01   -1.6185606721E+00    4.7308600017E-02
    4.4119980002E-02    1.0000808456E+00    3.7013967840E-01   -1.6266553102E+00    4.7278839385E-02
    4.4159980002E-02    9.9672955359E-01    3.6981721194E-01   -1.6397411234E+00    4.7250046489E-02
    4.4199980002E-02    9.9222667246E-01    3.6921563039E-01   -1.6577245609E+00    4.7222590126E-02
    4.4239980002E-02    9.8663172198E-01    3.6824950930E-01   -1.6804797688E+00    4.7196808409E-02
    4.4279980002E-02    9.8002130842E-01    3.6681977738E-01   -1.7078507095E+00    4.7173001763E-02
    4.4319980002E-02    9.7248902323E-01    3.6481957965E-01   -1.7396535996E+00    4.7151427571E-02
    4.4359980002E-02    9.6414494236E-01    3.6214047755E-01   -1.7756794050E+00    4.7132296715E-02
    4.4399980002E-02    9.5511465111E-01    3.5867861129E-01   -1.8156960321E+00    4.7115772039E-02
    4.4439980002E-02    9.4553776878E-01    3.5434052523E-01   -1.8594497835E+00    4.7101968465E-02
    4.4479980002E-02    9.3556597346E-01    3.4904847299E-01   -1.9066656402E+00    4.7090954255E-02
    4.4519980002E-02    9.2536051336E-01    3.4274513519E-01   -1.9570460520E+00    4.7082752813E-02
    4.4559980002E-02    9.1508913999E-01    3.3539774420E-01   -2.0102682192E+00    4.7077344396E-02
    4.4599980002E-02    9.0492234030E-01    3.2700156640E-01   -2.0659803630E+00    4.7074667275E-02
    4.4639980002E-02    8.9502873674E-01    3.1758253743E-01   -2.1237981309E+00    4.7074618483E-02
    4.4679980002E-02    8.8556962581E-01    3.0719863956E-01   -2.1833028365E+00    4.7077055184E-02
    4.4719980002E-02    8.7669286356E-01    2.9593948308E-01   -2.2440433393E+00    4.7081798561E-02
    4.4759980002E-02    8.6852662995E-01    2.8392364504E-01   -2.3055427513E+00    4.7088642049E-02
    4.4799980002E-02    8.6117387906E-01    2.7129369081E-01   -2.3673098014E+00    4.7097364470E-02
    4.4839980002E-02    8.5470834046E-01    2.5820936360E-01   -2.4288530622E+00    4.7107746417E-02
    4.4879980002E-02    8.4917268545E-01    2.4483993625E-01   -2.4896950829E+00    4.7119586480E-02
    4.4919980002E-02    8.4457897336E-01    2.3135692167E-01   -2.5493834079E+00    4.7132713532E-02
    4.4959980002E-02    8.4091096503E-01    2.1792811904E-01   -2.6074965888E+00    4.7146992492E-02
    4.4999980002E-02    8.3812757122E-01    2.0471344299E-01   -2.6636450729E+00    4.7162323010E-02
    4.5039980002E-02    8.3616670835E-01    1.9186240551E-01   -2.7174684439E+00    4.7178632380E-02
    4.5079980002E-02    8.3494909303E-01    1.7951274662E-01   -2.7686312578E+00    4.7195865168E-02
    4.5119980002E-02    8.3438184022E-01    1.6778964388E-01   -2.8168195185E+00    4.7213972402E-02
    4.5159980002E-02    8.3436196386E-01    1.5680511086E-01   -2.8617389880E+00    4.7232902781E-02
    4.5199980002E-02    8.3477993990E-01    1.4665746601E-01   -2.9031155235E+00    4.7252597359E-02
    4.5239980002E-02    8.3552340970E-01    1.3743096987E-01   -2.9406968806E+00    4.7272987982E-02
    4.5279980002E-02    8.3648096525E-01    1.2919581418E-01   -2.9742551176E+00    4.7293998663E-02
    4.5319980002E-02    8.3754585152E-01    1.2200860795E-01   -3.0035888042E+00    4.7315548525E-02
    4.5359980002E-02    8.3861938720E-01    1.1591339381E-01   -3.0285245390E+00    4.7337554952E-02
    4.5399980002E-02    8.3961394491E-01    1.1094310713E-01   -3.0489176176E+00    4.7359936010E-02
    4.5439980002E-02    8.4045539969E-01    1.0712130097E-01   -3.0646519544E+00    4.7382611778E-02
    4.5479980002E-02    8.4108499161E-01    1.0446391876E-01   -3.0756395129E+00    4.7405504667E-02
    4.5519980002E-02    8.4146067285E-01    1.0298089663E-01   -3.0818195305E+00    4.7428539026E-02
    4.5559980002E-02    8.4155799579E-01    1.0267741191E-01   -3.0831577959E+00    4.7451640385E-02
    4.5599980002E-02    8.4137059721E-01    1.0355464284E-01   -3.0796461668E+00    4.7474734544E-02
    4.5639980002E-02    8.4091031826E-01    1.0560996159E-01   -3.0713024368E+00    4.7497746651E-02
    4.5679980002E-02    8.4020697011E-01    1.0883654184E-01   -3.0581705750E+00    4.7520600300E-02
    4.5719980002E-02    8.3930772396E-01    1.1322242237E-01   -3.0403212797E+00    4.7543216734E-02
    4.5759980002E-02    8.3827607855E-01    1.1874912675E-01   -3.0178527058E+00    4.7565514315E-02
    4.5799980002E-02    8.3719034650E-01    1.2538999380E-01   -2.9908911494E+00    4.7587408585E-02
    4.5839980002E-02    8.3614161017E-01    1.3310841625E-01   -2.9595914202E+00    4.7608813268E-02
    4.5879980002E-02    8.3523113234E-01    1.4185620589E-01   -2.9241366286E+00    4.7629642484E-02
    4.5919980002E-02    8.3456726527E-01    1.5157228787E-01   -2.8847371920E+00    4.7649814062E-02
    4.5959980002E-02    8.3426197012E-01    1.6218186613E-01   -2.8416290644E+00    4.7669253268E-02
    4.5999980002E-02    8.3442710741E-01    1.7359609887E-01   -2.7950714821E+00    4.7687895648E-02
    4.6039980002E-02    8.3517068872E-01    1.8571220221E-01   -2.7453448552E+00    4.7705687406E-02
    4.6079980002E-02    8.3659320530E-01    1.9841381549E-01   -2.6927496495E+00    4.7722582030E-02
    4.6119980002E-02    8.3878401583E-01    2.1157147784E-01   -2.6376070270E+00    4.7738532820E-02
    4.6159980002E-02    8.4181768714E-01    2.2504320961E-01   -2.5802615064E+00    4.7753482381E-02
    4.6199980002E-02    8.4575015331E-01    2.3867544576E-01   -2.5210850083E+00    4.7767351331E-02
    4.6239980002E-02    8.5061469405E-01    2.5230481951E-01   -2.4604806518E+00    4.7780029201E-02
    4.6279980002E-02    8.5641802195E-01    2.6576138093E-01   -2.3988840478E+00    4.7791370256E-02
    4.6319980002E-02    8.6313709545E-01    2.7887362654E-01   -2.3367600560E+00    4.7801196031E-02
    4.6359980002E-02    8.7071744945E-01    2.9147521384E-01   -2.2745941911E+00    4.7809304699E-02
    4.6399980002E-02    8.7907369673E-01    3.0341262537E-01   -2.2128796732E+00    4.7815485566E-02
    4.6439980002E-02    8.8809239899E-01    3.1455262257E-01   -2.1521027218E+00    4.7819535501E-02
    4.6479980002E-02    8.9763692375E-01    3.2478831482E-01   -2.0927292943E+00    4.7821273815E-02
    4.6519980002E-02    9.0755347044E-01    3.3404306718E-01   -2.0351957995E+00    4.7820553077E-02
    4.6559980002E-02    9.1767734652E-01    3.4227206314E-01   -1.9799047986E+00    4.7817265234E-02
    4.6599980002E-02    9.2783878602E-01    3.4946183562E-01   -1.9272251009E+00    4.7811344083E-02
    4.6639980002E-02    9.3786795713E-01    3.5562830371E-01   -1.8774946385E+00    4.7802765817E-02
    4.6679980002E-02    9.4759911416E-01    3.6081380398E-01   -1.8310242796E+00    4.7791549119E-02
    4.6719980002E-02    9.5687401125E-01    3.6508341139E-01   -1.7881011307E+00    4.7777755511E-02
    4.6759980002E-02    9.6554471665E-01    3.6852065391E-01   -1.7489905175E+00    4.7761490000E-02
    4.6799980002E-02    9.7347591141E-01    3.7122262733E-01   -1.7139364393E+00    4.7742901698E-02
    4.6839980002E-02    9.8054669290E-01    3.7329453167E-01   -1.6831606899E+00    4.7722183885E-02
    4.6879980002E-02    9.8665187238E-01    3.7484374399E-01   -1.6568610418E+00    4.7699573010E-02
    4.6919980002E-02    9.9170276712E-01    3.7597366193E-01   -1.6352089338E+00    4.7675346151E-02
    4.6959980002E-02    9.9562753010E-01    3.7677765152E-01   -1.6183470587E+00    4.7649816707E-02
    4.6999980002E-02    9.9837110837E-01    3.7733348974E-01   -1.6063871578E+00    4.7623328351E-02
    4.7039980002E-02    9.9989498752E-01    3.7769866593E-01   -1.5994082283E+00    4.7596247529E-02
    4.7079980002E-02    1.0001768779E+00    3.7790687055E-01   -1.5974552564E+00    4.7568954903E-02
    4.7119980002E-02    9.9921046606E-01    3.7796593227E-01   -1.6005385192E+00    4.7541836186E-02
    4.7159980002E-02    9.9700533938E-01    3.7785732883E-01   -1.6086334697E+00    4.7515272730E-02
    4.7199980003E-02    9.9358711334E-01    3.7753730021E-01   -1.6216812028E+00    4.7489632201E-02
    4.7239980003E-02    9.8899771102E-01    3.7693948522E-01   -1.6395894952E+00    4.7465259703E-02
    4.7279980003E-02    9.8329568312E-01    3.7597889864E-01   -1.6622343929E+00    4.7442469751E-02
    4.7319980003E-02    9.7655641689E-01    3.7455697148E-01   -1.6894622767E+00    4.7421539620E-02
    4.7359980003E-02    9.6887207772E-01    3.7256730524E-01   -1.7210922641E+00    4.7402704504E-02
    4.7399980003E-02    9.6035115479E-01    3.6990175590E-01   -1.7569187128E+00    4.7386154763E-02
    4.7439980003E-02    9.5111753262E-01    3.6645647938E-01   -1.7967134925E+00    4.7372035225E-02
    4.7479980003E-02    9.4130906619E-01    3.6213763915E-01   -1.8402276149E+00    4.7360446140E-02
    4.7519980003E-02    9.3107567625E-01    3.5686658677E-01   -1.8871917882E+00    4.7351445069E-02
    4.7559980003E-02    9.2057698272E-01    3.5058444305E-01   -1.9373155472E+00    4.7345048806E-02
    4.7599980003E-02    9.0997944951E-01    3.4325608408E-01   -1.9902848539E+00    4.7341234431E-02
    4.7639980003E-02    8.9945293969E-01    3.3487352303E-01   -2.0457585173E+00    4.7339938988E-02
    4.7679980003E-02    8.8916652629E-01    3.2545855481E-01   -2.1033643880E+00    4.7341058140E-02
    4.7719980003E-02    8.7928344515E-01    3.1506433144E-01   -2.1626968665E+00    4.7344445353E-02
    4.7759980003E-02    8.6995526955E-01    3.0377536844E-01   -2.2233175119E+00    4.7349914062E-02
    4.7799980003E-02    8.6131571484E-01    2.9170549056E-01   -2.2847601379E+00    4.7357245050E-02
    4.7839980003E-02    8.5347482054E-01    2.7899350785E-01   -2.3465406458E+00    4.7366199701E-02
    4.7879980003E-02    8.4651441402E-01    2.6579693034E-01   -2.4081702807E+00    4.7376537362E-02
    4.7919980003E-02    8.4048559426E-01    2.5228457564E-01   -2.4691696730E+00    4.7388033280E-02
    4.7959980003E-02    8.3540851046E-01    2.3862922632E-01   -2.5290806360E+00    4.7400493290E-02
    4.7999980003E-02    8.3127415571E-01    2.2500138377E-01   -2.5874734995E+00    4.7413762672E-02
    4.8039980003E-02    8.2804750954E-01    2.1156469811E-01   -2.6439493918E+00    4.7427728334E-02
    4.8079980003E-02    8.2567129365E-01    1.9847307071E-01   -2.6981385614E+00    4.7442314965E-02
    4.8119980003E-02    8.2406981500E-01    1.8586899849E-01   -2.7496968155E+00    4.7457476711E-02
    4.8159980003E-02    8.2315268799E-01    1.7388259994E-01   -2.7983021724E+00    4.7473186427E-02
    4.8199980003E-02    8.2281847713E-01    1.6263090114E-01   -2.8436530940E+00    4.7489424747E-02
    4.8239980003E-02    8.2295838999E-01    1.5221722138E-01   -2.8854686655E+00    4.7506170999E-02
    4.8279980003E-02    8.2346009385E-01    1.4273072583E-01   -2.9234902789E+00    4.7523397294E-02
    4.8319980003E-02    8.2421160725E-01    1.3424631840E-01   -2.9574839930E+00    4.7541066143E-02
    4.8359980003E-02    8.2510511365E-01    1.2682502315E-01   -2.9872427618E+00    4.7559130998E-02
    4.8399980003E-02    8.2604050518E-01    1.2051489807E-01   -3.0125880093E+00    4.7577538554E-02
    4.8439980003E-02    8.2692849088E-01    1.1535240334E-01   -3.0333703635E+00    4.7596231586E-02
    4.8479980003E-02    8.2769316890E-01    1.1136405373E-01   -3.0494696405E+00    4.7615151395E-02
    4.8519980003E-02    8.2827403343E-01    1.0856813940E-01   -3.0607943224E+00    4.7634239404E-02
    4.8559980003E-02    8.2862744082E-01    1.0697629888E-01   -3.0672808152E+00    4.7653437836E-02
    4.8599980003E-02    8.2872758741E-01    1.0659475871E-01   -3.0688927435E+00    4.7672689640E-02
    4.8639980003E-02    8.2856705360E-01    1.0742510276E-01   -3.0656204706E+00    4.7691937936E-02
    4.8679980003E-02    8.2815695178E-01    1.0946449066E-01   -3.0574809516E+00    4.7711125255E-02
    4.8719980003E-02    8.2752668914E-01    1.1270530394E-01   -3.0445179493E+00    4.7730192840E-02
    4.8759980003E-02    8.2672332794E-01    1.1713425827E-01   -3.0268025584E+00    4.7749080282E-02
    4.8799980003E-02    8.2581050100E-01    1.2273107827E-01   -3.0044339071E+00    4.7767725798E-02
    4.8839980003E-02    8.2486682937E-01    1.2946688662E-01   -2.9775398277E+00    4.7786067412E-02
    4.8879980003E-02    8.2398379876E-01    1.3730250176E-01   -2.9462772290E+00    4.7804045175E-02
    4.8919980003E-02    8.2326308557E-01    1.4618686109E-01   -2.9108318963E+00    4.7821604249E-02
    4.8959980003E-02    8.2281338025E-01    1.5605577135E-01   -2.8714175171E+00    4.7838698177E-02
    4.8999980003E-02    8.2274682110E-01    1.6683112864E-01   -2.8282739236E+00    4.7855291219E-02
    4.9039980003E-02    8.2317520090E-01    1.7842064698E-01   -2.7816648420E+00    4.7871358346E-02
    4.9079980003E-02    8.2420611213E-01    1.9071801733E-01   -2.7318757718E+00    4.7886881750E-02
    4.9119980003E-02    8.2593913586E-01    2.0360333840E-01   -2.6792128307E+00    4.7901843539E-02
    4.9159980003E-02    8.2846207254E-01    2.1694367983E-01   -2.6240033018E+00    4.7916215416E-02
    4.9199980003E-02    8.3184711841E-01    2.3059378996E-01   -2.5665980806E+00    4.7929947221E-02
    4.9239980003E-02    8.3614689617E-01    2.4439721067E-01   -2.5073753090E+00    4.7942956721E-02
    4.9279980003E-02    8.4139041006E-01    2.5818829257E-01   -2.4467435144E+00    4.7955123005E-02
    4.9319980003E-02    8.4757928931E-01    2.7179565359E-01   -2.3851420516E+00    4.7966285229E-02
    4.9359980003E-02    8.5468497401E-01    2.8504737744E-01   -2.3230370077E+00    4.7976247675E-02
    4.9399980003E-02    8.6264759309E-01    2.9777773849E-01   -2.2609120339E+00    4.7984790971E-02
    4.9439980003E-02    8.7137705865E-01    3.0983467009E-01   -2.1992553457E+00    4.7991687935E-02
    4.9479980003E-02    8.8075640360E-01    3.2108684740E-01   -2.1385455598E+00    4.7996721147E-02
    4.9519980003E-02    8.9064683799E-01    3.3142931764E-01   -2.0792394053E+00    4.7999698691E-02
    4.9559980003E-02    9.0089368400E-01    3.4078702644E-01   -2.0217635424E+00    4.8000465227E-02
    4.9599980003E-02    9.1133235201E-01    3.4911614217E-01   -1.9665111998E+00    4.7998907418E-02
    4.9639980003E-02    9.2179377764E-01    3.5640351303E-01   -1.9138428746E+00    4.7994954756E-02
    4.9679980003E-02    9.3210907952E-01    3.6266476110E-01   -1.8640894656E+00    4.7988577981E-02
    4.9719980003E-02    9.4211345779E-01    3.6794144752E-01   -1.8175560932E+00    4.7979787224E-02
    4.9759980003E-02    9.5164946823E-01    3.7229755275E-01   -1.7745252759E+00    4.7968631123E-02
    4.9799980003E-02    9.6056978447E-01    3.7581535106E-01   -1.7352587565E+00    4.7955197134E-02
    4.9839980003E-02    9.6873948152E-01    3.7859068988E-01   -1.6999978254E+00    4.7939612593E-02
    4.9879980003E-02    9.7603783827E-01    3.8072769252E-01   -1.6689623603E+00    4.7922045696E-02
    4.9919980003E-02    9.8235963223E-01    3.8233299475E-01   -1.6423489801E+00    4.7902705584E-02
    4.9959980003E-02    9.8761592183E-01    3.8350973843E-01   -1.6203287389E+00    4.7881840861E-02
    4.9999980003E-02    9.9173435981E-01    3.8435163916E-01   -1.6030447416E+00    4.7859736174E-02
    5.0039980003E-02    9.9465913590E-01    3.8493749654E-01   -1.5906099707E+00    4.7836706831E-02
    5.0079980003E-02    9.9635069104E-01    3.8532651377E-01   -1.5831055155E+00    4.7813091743E-02
    5.0119980003E-02    9.9678536375E-01    3.8555474640E-01   -1.5805793084E+00    4.7789245100E-02
    5.0159980003E-02    9.9595511523E-01    3.8563292084E-01   -1.5830454092E+00    4.7765527290E-02
    5.0199980003E-02    9.9386743424E-01    3.8554576719E-01   -1.5904838449E+00    4.7742295451E-02
    5.0239980003E-02    9.9054545556E-01    3.8525290919E-01   -1.6028410007E+00    4.7719894064E-02
    5.0279980003E-02    9.8602825022E-01    3.8469125121E-01   -1.6200305553E+00    4.7698645985E-02
    5.0319980003E-02    9.8037117984E-01    3.8377870216E-01   -1.6419349408E+00    4.7678844394E-02
    5.0359980003E-02    9.7364616379E-01    3.8241898331E-01   -1.6684072711E+00    4.7660746199E-02
    5.0399980003E-02    9.6594169614E-01    3.8050719299E-01   -1.6992736235E+00    4.7644567401E-02
    5.0439980003E-02    9.5736247433E-01    3.7793575608E-01   -1.7343354750E+00    4.7630480722E-02
    5.0479980003E-02    9.4802858206E-01    3.7460036643E-01   -1.7733720122E+00    4.7618615459E-02
    5.0519980003E-02    9.3807418279E-01    3.7040562788E-01   -1.8161419467E+00    4.7609059090E-02
    5.0559980003E-02    9.2764574748E-01    3.6527018331E-01   -1.8623844274E+00    4.7601859748E-02
    5.0599980003E-02    9.1689985616E-01    3.5913124044E-01   -1.9118186808E+00    4.7597028437E-02
    5.0639980003E-02    9.0600057541E-01    3.5194849963E-01   -1.9641421784E+00    4.7594539827E-02
    5.0679980003E-02    8.9511634111E-01    3.4370750724E-01   -2.0190274879E+00    4.7594330989E-02
    5.0719980003E-02    8.8441620467E-01    3.3442236929E-01   -2.0761184940E+00    4.7596298481E-02
    5.0759980003E-02    8.7406529597E-01    3.2413758236E-01   -2.1350272654E+00    4.7600295612E-02
    5.0799980003E-02    8.6421947904E-01    3.1292855302E-01   -2.1953332315E+00    4.7606132780E-02
    5.0839980003E-02    8.5501944105E-01    3.0090031167E-01   -2.2565862196E+00    4.7613583584E-02
    5.0879980003E-02    8.4658478668E-01    2.8818409600E-01   -2.3183140952E+00    4.7622397608E-02
    5.0919980003E-02    8.3900895523E-01    2.7493189640E-01   -2.3800343771E+00    4.7632318102E-02
    5.0959980003E-02    8.3235577558E-01    2.6130958576E-01   -2.4412677593E+00    4.7643100811E-02
    5.0999980003E-02    8.2665816666E-01    2.4748965796E-01   -2.5015506667E+00    4.7654530048E-02
    5.1039980003E-02    8.2191898677E-01    2.3364465853E-01   -2.5604442590E+00    4.7666429556E-02
    5.1079980003E-02    8.1811356244E-01    2.1994206764E-01   -2.6175386149E+00    4.7678667577E-02
    5.1119980003E-02    8.1519319754E-01    2.0654085062E-01   -2.6724525297E+00    4.7691156652E-02
    5.1159980003E-02    8.1308903550E-01    1.9358939341E-01   -2.7248306753E+00    4.7703849024E-02
    5.1199980003E-02    8.1171590984E-01    1.8122429213E-01   -2.7743402821E+00    4.7716728577E-02
    5.1239980003E-02    8.1097610573E-01    1.6956951042E-01   -2.8206690285E+00    4.7729800475E-02
    5.1279980003E-02    8.1076312234E-01    1.5873564964E-01   -2.8635248659E+00    4.7743080150E-02
    5.1319980003E-02    8.1096553307E-01    1.4881933468E-01   -2.9026375680E+00    4.7756583440E-02
    5.1359980003E-02    8.1147094192E-01    1.3990287595E-01   -2.9377612271E+00    4.7770319390E-02
    5.1399980003E-02    8.1216991752E-01    1.3205438612E-01   -2.9686768106E+00    4.7784286374E-02
    5.1439980003E-02    8.1295971808E-01    1.2532844172E-01   -2.9951941192E+00    4.7798471297E-02
    5.1479980003E-02    8.1374762403E-01    1.1976725090E-01   -3.0171528522E+00    4.7812850955E-02
    5.1519980003E-02    8.1445374962E-01    1.1540217811E-01   -3.0344228101E+00    4.7827394443E-02
    5.1559980003E-02    8.1501327818E-01    1.1225541283E-01   -3.0469034709E+00    4.7842065666E-02
    5.1599980003E-02    8.1537812854E-01    1.1034155705E-01   -3.0545232487E+00    4.7856825383E-02
    5.1639980003E-02    8.1551809713E-01    1.0966893115E-01   -3.0572387275E+00    4.7871632578E-02
    5.1679980003E-02    8.1542153051E-01    1.1024044510E-01   -3.0550340912E+00    4.7886445262E-02
    5.1719980003E-02    8.1509557125E-01    1.1205393929E-01   -3.0479208880E+00    4.7901220933E-02
    5.1759980003E-02    8.1456599527E-01    1.1510195960E-01   -3.0359381776E+00    4.7915917049E-02
    5.1799980003E-02    8.1387662968E-01    1.1937099251E-01   -3.0191530262E+00    4.7930491830E-02
    5.1839980003E-02    8.1308831403E-01    1.2484024628E-01   -2.9976612238E+00    4.7944905693E-02
    5.1879980003E-02    8.1227735417E-01    1.3148012179E-01   -2.9715880184E+00    4.7959123442E-02
    5.1919980003E-02    8.1153342316E-01    1.3925056508E-01   -2.9410885840E+00    4.7973117074E-02
    5.1959980003E-02    8.1095689469E-01    1.4809952178E-01   -2.9063479183E+00    4.7986868682E-02
    5.1999980003E-02    8.1065565135E-01    1.5796170639E-01   -2.8675799196E+00    4.8000372479E-02
    5.2039980003E-02    8.1074147623E-01    1.6875784396E-01   -2.8250255804E+00    4.8013634769E-02
    5.2079980003E-02    8.1132617520E-01    1.8039444004E-01   -2.7789505431E+00    4.8026670761E-02
    5.2119980003E-02    8.1251761123E-01    1.9276401000E-01   -2.7296426238E+00    4.8039497806E-02
    5.2159980003E-02    8.1441577215E-01    2.0574560530E-01   -2.6774101676E+00    4.8052125610E-02
    5.2199980003E-02    8.1710889171E-01    2.1920547804E-01   -2.6225820412E+00    4.8064544981E-02
    5.2239980003E-02    8.2066955256E-01    2.3299786454E-01   -2.5655095573E+00    4.8076717133E-02
    5.2279980003E-02    8.2515070098E-01    2.4696611458E-01   -2.5065697212E+00    4.8088565429E-02
    5.2319980003E-02    8.3058165529E-01    2.6094462980E-01   -2.4461681998E+00    4.8099970825E-02
    5.2359980003E-02    8.3696446407E-01    2.7476214186E-01   -2.3847398603E+00    4.8110771766E-02
    5.2399980003E-02    8.4427123532E-01    2.8824664165E-01   -2.3227450377E+00    4.8120769052E-02
    5.2439980003E-02    8.5244313277E-01    3.0123179237E-01   -2.2606609355E+00    4.8129736019E-02
    5.2479980003E-02    8.6139151027E-01    3.1356411292E-01   -2.1989692827E+00    4.8137433580E-02
    5.2519980003E-02    8.7100118663E-01    3.2510987223E-01   -2.1381427609E+00    4.8143628195E-02
    5.2559980003E-02    8.8113536035E-01    3.3576066521E-01   -2.0786331100E+00    4.8148109333E-02
    5.2599980003E-02    8.9164135926E-01    3.4543701939E-01   -2.0208630760E+00    4.8150702793E-02
    5.2639980003E-02    9.0235642343E-01    3.5408990255E-01   -1.9652229486E+00    4.8151277683E-02
    5.2679980003E-02    9.1311296530E-01    3.6170042240E-01   -1.9120710348E+00    4.8149747318E-02
    5.2719980003E-02    9.2374307715E-01    3.6827819072E-01   -1.8617365681E+00    4.8146066280E-02
    5.2759980003E-02    9.3408231006E-01    3.7385877347E-01   -1.8145233974E+00    4.8140226502E-02
    5.2799980003E-02    9.4397286187E-01    3.7850047509E-01   -1.7707131659E+00    4.8132254547E-02
    5.2839980003E-02    9.5326630073E-01    3.8228053379E-01   -1.7305672573E+00    4.8122210950E-02
    5.2879980003E-02    9.6182587845E-01    3.8529071656E-01   -1.6943273176E+00    4.8110191332E-02
    5.2919980003E-02    9.6952841651E-01    3.8763231530E-01   -1.6622145221E+00    4.8096328290E-02
    5.2959980003E-02    9.7626571646E-01    3.8941063135E-01   -1.6344279352E+00    4.8080792895E-02
    5.2999980003E-02    9.8194546217E-01    3.9072914813E-01   -1.6111423613E+00    4.8063794752E-02
    5.3039980003E-02    9.8649163246E-01    3.9168368816E-01   -1.5925060468E+00    4.8045580023E-02
    5.3079980003E-02    9.8984450487E-01    3.9235690638E-01   -1.5786385244E+00    4.8026427202E-02
    5.3119980003E-02    9.9196038494E-01    3.9281347711E-01   -1.5696288006E+00    4.8006640857E-02
    5.3159980004E-02    9.9281122277E-01    3.9309629406E-01   -1.5655340016E+00    4.7986543788E-02
    5.3199980004E-02    9.9238427419E-01    3.9322393271E-01   -1.5663785324E+00    4.7966468131E-02
    5.3239980004E-02    9.9068192902E-01    3.9318953477E-01   -1.5721537606E+00    4.7946745902E-02
    5.3279980004E-02    9.8772175685E-01    3.9296118987E-01   -1.5828182220E+00    4.7927699441E-02
    5.3319980004E-02    9.8353675968E-01    3.9248378312E-01   -1.5982983391E+00    4.7909632197E-02
    5.3359980004E-02    9.7817574190E-01    3.9168219109E-01   -1.6184896378E+00    4.7892820356E-02
    5.3399980004E-02    9.7170365772E-01    3.9046561707E-01   -1.6432584240E+00    4.7877505876E-02
    5.3439980004E-02    9.6420177597E-01    3.8873277540E-01   -1.6724438374E+00    4.7863891471E-02
    5.3479980004E-02    9.5576751341E-01    3.8637758028E-01   -1.7058601337E+00    4.7852137988E-02
    5.3519980004E-02    9.4651382950E-01    3.8329497661E-01   -1.7432989712E+00    4.7842364213E-02
    5.3559980004E-02    9.3656813553E-01    3.7938658209E-01   -1.7845314018E+00    4.7834648740E-02
    5.3599980004E-02    9.2607073038E-01    3.7456588859E-01   -1.8293092121E+00    4.7829032987E-02
    5.3639980004E-02    9.1517281142E-01    3.6876288166E-01   -1.8773652516E+00    4.7825524037E-02
    5.3679980004E-02    9.0403410342E-01    3.6192804561E-01   -1.9284124657E+00    4.7824095889E-02
    5.3719980004E-02    8.9282009635E-01    3.5403578313E-01   -1.9821415737E+00    4.7824688129E-02
    5.3759980004E-02    8.8169880255E-01    3.4508725424E-01   -2.0382177305E+00    4.7827202181E-02
    5.3799980004E-02    8.7083688309E-01    3.3511251859E-01   -2.0962770303E+00    4.7831496867E-02
    5.3839980004E-02    8.6039501412E-01    3.2417168714E-01   -2.1559242165E+00    4.7837386472E-02
    5.3879980004E-02    8.5052251865E-01    3.1235464752E-01   -2.2167331728E+00    4.7844644566E-02
    5.3919980004E-02    8.4135157233E-01    2.9977893848E-01   -2.2782514497E+00    4.7853015215E-02
    5.3959980004E-02    8.3299161426E-01    2.8658559353E-01   -2.3400091107E+00    4.7862230226E-02
    5.3999980004E-02    8.2552479373E-01    2.7293322299E-01   -2.4015307983E+00    4.7872028589E-02
    5.4039980004E-02    8.1900321161E-01    2.5899109155E-01   -2.4623486772E+00    4.7882173740E-02
    5.4079980004E-02    8.1344834218E-01    2.4493223947E-01   -2.5220134540E+00    4.7892465866E-02
    5.4119980004E-02    8.0885249612E-01    2.3092761968E-01   -2.5801013205E+00    4.7902748855E-02
    5.4159980004E-02    8.0518175464E-01    2.1714180519E-01   -2.6362161713E+00    4.7912912888E-02
    5.4199980004E-02    8.0237965811E-01    2.0373026739E-01   -2.6899880886E+00    4.7922893736E-02
    5.4239980004E-02    8.0037108401E-01    1.9083780178E-01   -2.7410701137E+00    4.7932669063E-02
    5.4279980004E-02    7.9906605281E-01    1.7859754178E-01   -2.7891354015E+00    4.7942251640E-02
    5.4319980004E-02    7.9836346867E-01    1.6713014142E-01   -2.8338761244E+00    4.7951679731E-02
    5.4359980004E-02    7.9815491620E-01    1.5654298273E-01   -2.8750044505E+00    4.7961005820E-02
    5.4399980004E-02    7.9832859065E-01    1.4692950791E-01   -2.9122550554E+00    4.7970285487E-02
    5.4439980004E-02    7.9877331455E-01    1.3836888749E-01   -2.9453882159E+00    4.7979568303E-02
    5.4479980004E-02    7.9938248058E-01    1.3092620216E-01   -2.9741925871E+00    4.7988891903E-02
    5.4519980004E-02    8.0005771410E-01    1.2465319317E-01   -2.9984870994E+00    4.7998279451E-02
    5.4559980004E-02    8.0071207596E-01    1.1958949672E-01   -3.0181218152E+00    4.8007739878E-02
    5.4599980004E-02    8.0127269943E-01    1.1576417518E-01   -3.0329778993E+00    4.8017269890E-02
    5.4639980004E-02    8.0168282773E-01    1.1319731193E-01   -3.0429670241E+00    4.8026856744E-02
    5.4679980004E-02    8.0190327601E-01    1.1190144212E-01   -3.0480305591E+00    4.8036481110E-02
    5.4719980004E-02    8.0191337001E-01    1.1188263075E-01   -3.0481388473E+00    4.8046119672E-02
    5.4759980004E-02    8.0171141351E-01    1.1314106687E-01   -3.0432907731E+00    4.8055747445E-02
    5.4799980004E-02    8.0131471740E-01    1.1567110596E-01   -3.0335137295E+00    4.8065339986E-02
    5.4839980004E-02    8.0075919377E-01    1.1946075737E-01   -3.0188639887E+00    4.8074875742E-02
    5.4879980004E-02    8.0009848881E-01    1.2449067842E-01   -2.9994273792E+00    4.8084338742E-02
    5.4919980004E-02    7.9940260668E-01    1.3073279981E-01   -2.9753200726E+00    4.8093721614E-02
    5.4959980004E-02    7.9875597339E-01    1.3814876390E-01   -2.9466891897E+00    4.8103028664E-02
    5.4999980004E-02    7.9825491112E-01    1.4668839788E-01   -2.9137128789E+00    4.8112278311E-02
    5.5039980004E-02    7.9800454331E-01    1.5628845237E-01   -2.8765995426E+00    4.8121503893E-02
    5.5079980004E-02    7.9811522059E-01    1.6687179529E-01   -2.8355860429E+00    4.8130751769E-02
    5.5119980004E-02    7.9869862491E-01    1.7834715516E-01   -2.7909350150E+00    4.8140075976E-02
    5.5159980004E-02    7.9986374059E-01    1.9060937491E-01   -2.7429318178E+00    4.8149529543E-02
    5.5199980004E-02    8.0171284918E-01    2.0354001527E-01   -2.6918819937E+00    4.8159153551E-02
    5.5239980004E-02    8.0433761092E-01    2.1700810733E-01   -2.6381101896E+00    4.8168965848E-02
    5.5279980004E-02    8.0781518810E-01    2.3087095088E-01   -2.5819611141E+00    4.8178951378E-02
    5.5319980004E-02    8.1220432699E-01    2.4497508479E-01   -2.5238022697E+00    4.8189055420E-02
    5.5359980004E-02    8.1754141863E-01    2.5915782264E-01   -2.4640271568E+00    4.8199180068E-02
    5.5399980004E-02    8.2383680155E-01    2.7324989298E-01   -2.4030568861E+00    4.8209183692E-02
    5.5439980004E-02    8.3107184630E-01    2.8707960730E-01   -2.3413381565E+00    4.8218883458E-02
    5.5479980004E-02    8.3919749636E-01    3.0047857792E-01   -2.2793365393E+00    4.8228061718E-02
    5.5519980004E-02    8.4813479826E-01    3.1328847024E-01   -2.2175256367E+00    4.8236477381E-02
    5.5559980004E-02    8.5777754802E-01    3.2536785160E-01   -2.1563742110E+00    4.8243882199E-02
    5.5599980004E-02    8.6799668662E-01    3.3659810462E-01   -2.0963340741E+00    4.8250039674E-02
    5.5639980004E-02    8.7864572394E-01    3.4688763873E-01   -2.0378311027E+00    4.8254742465E-02
    5.5679980004E-02    8.8956639664E-01    3.5617410599E-01   -1.9812605191E+00    4.8257824277E-02
    5.5719980004E-02    9.0059394719E-01    3.6442477488E-01   -1.9269861868E+00    4.8259164328E-02
    5.5759980004E-02    9.1156171261E-01    3.7163547096E-01   -1.8753427053E+00    4.8258685469E-02
    5.5799980004E-02    9.2230498318E-01    3.7782851711E-01   -1.8266387510E+00    4.8256348981E-02
    5.5839980004E-02    9.3266424708E-01    3.8304997341E-01   -1.7811603304E+00    4.8252149373E-02
    5.5879980004E-02    9.4248796454E-01    3.8736630173E-01   -1.7391730945E+00    4.8246111386E-02
    5.5919980004E-02    9.5163496075E-01    3.9086045819E-01   -1.7009233778E+00    4.8238289788E-02
    5.5959980004E-02    9.5997644743E-01    3.9362738857E-01   -1.6666380051E+00    4.8228771289E-02
    5.5999980004E-02    9.6739762876E-01    3.9576895914E-01   -1.6365231274E+00    4.8217677195E-02
    5.6039980004E-02    9.7379883802E-01    3.9738845864E-01   -1.6107624285E+00    4.8205165375E-02
    5.6079980004E-02    9.7909618562E-01    3.9858491325E-01   -1.5895150400E+00    4.8191430454E-02
    5.6119980004E-02    9.8322175824E-01    3.9944753115E-01   -1.5729134547E+00    4.8176701648E-02
    5.6159980004E-02    9.8612347060E-01    4.0005062233E-01   -1.5610616567E+00    4.8161238173E-02
    5.6199980004E-02    9.8776471584E-01    4.0044932229E-01   -1.5540336170E+00    4.8145322576E-02
    5.6239980004E-02    9.8812397505E-01    4.0067639601E-01   -1.5518722353E+00    4.8129252497E-02
    5.6279980004E-02    9.8719452813E-01    4.0074032430E-01   -1.5545887606E+00    4.8113331459E-02
    5.6319980004E-02    9.8498436027E-01    4.0062479028E-01   -1.5621626956E+00    4.8097859212E-02
    5.6359980004E-02    9.8151629188E-01    4.0028959601E-01   -1.5745421799E+00    4.8083122150E-02
    5.6399980004E-02    9.7682828834E-01    3.9967295082E-01   -1.5916448393E+00    4.8069384308E-02
    5.6439980004E-02    9.7097384364E-01    3.9869498607E-01   -1.6133590776E+00    4.8056879526E-02
    5.6479980004E-02    9.6402229227E-01    3.9726226910E-01   -1.6395457596E+00    4.8045805393E-02
    5.6519980004E-02    9.5605889407E-01    3.9527302061E-01   -1.6700401902E+00    4.8036319507E-02
    5.6559980004E-02    9.4718455942E-01    3.9262269786E-01   -1.7046542336E+00    4.8028538365E-02
    5.6599980004E-02    9.3751513065E-01    3.8920960235E-01   -1.7431783594E+00    4.8022538737E-02
    5.6639980004E-02    9.2718019653E-01    3.8494021383E-01   -1.7853833430E+00    4.8018360821E-02
    5.6679980004E-02    9.1632147053E-01    3.7973403734E-01   -1.8310213133E+00    4.8016011905E-02
    5.6719980004E-02    9.0509078969E-01    3.7352785794E-01   -1.8798258394E+00    4.8015468883E-02
    5.6759980004E-02    8.9364777311E-01    3.6627939506E-01   -1.9315108395E+00    4.8016678138E-02
    5.6799980004E-02    8.8215711747E-01    3.5797039432E-01   -1.9857682954E+00    4.8019552153E-02
    5.6839980004E-02    8.7078542348E-01    3.4860915789E-01   -2.0422651253E+00    4.8023963903E-02
    5.6879980004E-02    8.5969739136E-01    3.3823238977E-01   -2.1006400298E+00    4.8029741890E-02
    5.6919980004E-02    8.4905125800E-01    3.2690606290E-01   -2.1605015786E+00    4.8036669789E-02
    5.6959980004E-02    8.3899351691E-01    3.1472488862E-01   -2.2214289875E+00    4.8044493784E-02
    5.6999980004E-02    8.2965325218E-01    3.0180999642E-01   -2.2829767274E+00    4.8052937949E-02
    5.7039980004E-02    8.2113672948E-01    2.8830468491E-01   -2.3446831878E+00    4.8061724500E-02
    5.7079980004E-02    8.1352306108E-01    2.7436854711E-01   -2.4060823005E+00    4.8070593783E-02
    5.7119980004E-02    8.0686166138E-01    2.6017073888E-01   -2.4667158394E+00    4.8079319497E-02
    5.7159980004E-02    8.0117182700E-01    2.4588341622E-01   -2.5261436905E+00    4.8087717492E-02
    5.7199980004E-02    7.9644426619E-01    2.3167626027E-01   -2.5839500525E+00    4.8095649273E-02
    5.7239980004E-02    7.9264400588E-01    2.1771257367E-01   -2.6397450329E+00    4.8103022541E-02
    5.7279980004E-02    7.8971398834E-01    2.0414688314E-01   -2.6931627264E+00    4.8109790304E-02
    5.7319980004E-02    7.8757883497E-01    1.9112358002E-01   -2.7438578584E+00    4.8115948579E-02
    5.7359980004E-02    7.8614855438E-01    1.7877602341E-01   -2.7915031002E+00    4.8121531742E-02
    5.7399980004E-02    7.8532222522E-01    1.6722569702E-01   -2.8357883845E+00    4.8126604759E-02
    5.7439980004E-02    7.8499178149E-01    1.5658130498E-01   -2.8764224683E+00    4.8131252665E-02
    5.7479980004E-02    7.8504597056E-01    1.4693794391E-01   -2.9131360969E+00    4.8135568776E-02
    5.7519980004E-02    7.8537442167E-01    1.3837659804E-01   -2.9456857180E+00    4.8139643720E-02
    5.7559980004E-02    7.8587164752E-01    1.3096416024E-01   -2.9738567695E+00    4.8143557049E-02
    5.7599980004E-02    7.8644075805E-01    1.2475404593E-01   -2.9974659409E+00    4.8147372319E-02
    5.7639980004E-02    7.8699669796E-01    1.1978731491E-01   -3.0163622521E+00    4.8151135568E-02
    5.7679980004E-02    7.8746889498E-01    1.1609410566E-01   -3.0304271346E+00    4.8154876462E-02
    5.7719980004E-02    7.8780328703E-01    1.1369513858E-01   -3.0395738806E+00    4.8158611121E-02
    5.7759980004E-02    7.8796375490E-01    1.1260305181E-01   -3.0437468553E+00    4.8162345792E-02
    5.7799980004E-02    7.8793301373E-01    1.1282337781E-01   -3.0429208048E+00    4.8166080818E-02
    5.7839980004E-02    7.8771301455E-01    1.1435503085E-01   -3.0371004828E+00    4.8169814659E-02
    5.7879980004E-02    7.8732488425E-01    1.1719024544E-01   -3.0263207013E+00    4.8173547927E-02
    5.7919980004E-02    7.8680840140E-01    1.2131397565E-01   -3.0106467852E+00    4.8177287461E-02
    5.7959980004E-02    7.8622097510E-01    1.2670283572E-01   -2.9901752925E+00    4.8181050355E-02
    5.7999980004E-02    7.8563607609E-01    1.3332372950E-01   -2.9650347423E+00    4.8184867638E-02
    5.8039980004E-02    7.8514107339E-01    1.4113237372E-01   -2.9353859944E+00    4.8188786931E-02
    5.8079980004E-02    7.8483446274E-01    1.5007195456E-01   -2.9014218835E+00    4.8192873200E-02
    5.8119980004E-02    7.8482253561E-01    1.6007214857E-01   -2.8633657847E+00    4.8197206606E-02
    5.8159980004E-02    7.8521561408E-01    1.7104867346E-01   -2.8214690138E+00    4.8201876836E-02
    5.8199980004E-02    7.8612403914E-01    1.8290341034E-01   -2.7760073514E+00    4.8206974101E-02
    5.8239980004E-02    7.8765411126E-01    1.9552499003E-01   -2.7272774202E+00    4.8212577953E-02
    5.8279980004E-02    7.8990412081E-01    2.0878962427E-01   -2.6755939504E+00    4.8218745932E-02
    5.8319980004E-02    7.9296049204E-01    2.2256196505E-01   -2.6212889060E+00    4.8225504073E-02
    5.8359980004E-02    7.9689396424E-01    2.3669593009E-01   -2.5647128681E+00    4.8232840539E-02
    5.8399980004E-02    8.0175573620E-01    2.5103570481E-01   -2.5062380817E+00    4.8240702321E-02
    5.8439980004E-02    8.0757365805E-01    2.6541739090E-01   -2.4462615286E+00    4.8248993966E-02
    5.8479980004E-02    8.1434882668E-01    2.7967185303E-01   -2.3852058320E+00    4.8257577369E-02
    5.8519980004E-02    8.2205318365E-01    2.9362910523E-01   -2.3235161527E+00    4.8266272896E-02
    5.8559980004E-02    8.3062875401E-01    3.0712411569E-01   -2.2616525003E+00    4.8274863682E-02
    5.8599980004E-02    8.3998891306E-01    3.2000338944E-01   -2.2000785592E+00    4.8283105399E-02
    5.8639980004E-02    8.5002161211E-01    3.3213136604E-01   -2.1392494028E+00    4.8290742218E-02
    5.8679980004E-02    8.6059404671E-01    3.4339569751E-01   -2.0796007566E+00    4.8297526709E-02
    5.8719980004E-02    8.7155801681E-01    3.5371080858E-01   -2.0215417142E+00    4.8303238948E-02
    5.8759980004E-02    8.8275527175E-01    3.6301959769E-01   -1.9654515061E+00    4.8307699891E-02
    5.8799980004E-02    8.9402236981E-01    3.7129350521E-01   -1.9116797072E+00    4.8310776511E-02
    5.8839980004E-02    9.0519486420E-01    3.7853134382E-01   -1.8605485862E+00    4.8312379527E-02
    5.8879980004E-02    9.1611083977E-01    3.8475725987E-01   -1.8123562001E+00    4.8312457107E-02
    5.8919980004E-02    9.2661392177E-01    3.9001805859E-01   -1.7673791583E+00    4.8310988378E-02
    5.8959980004E-02    9.3655587738E-01    3.9437997518E-01   -1.7258744451E+00    4.8307979464E-02
    5.8999980004E-02    9.4579886981E-01    3.9792488326E-01   -1.6880801125E+00    4.8303462912E-02
    5.9039980004E-02    9.5421735588E-01    4.0074592465E-01   -1.6542149403E+00    4.8297499800E-02
    5.9079980004E-02    9.6169958035E-01    4.0294260400E-01   -1.6244773096E+00    4.8290182988E-02
    5.9119980004E-02    9.6814861635E-01    4.0461549087E-01   -1.5990435757E+00    4.8281639854E-02
    5.9159980005E-02    9.7348293774E-01    4.0586076651E-01   -1.5780662162E+00    4.8272033230E-02
    5.9199980005E-02    9.7763656622E-01    4.0676491722E-01   -1.5616719893E+00    4.8261559865E-02
    5.9239980005E-02    9.8055889330E-01    4.0739989810E-01   -1.5499602838E+00    4.8250446298E-02
    5.9279980005E-02    9.8221431804E-01    4.0781907185E-01   -1.5430017883E+00    4.8238942462E-02
    5.9319980005E-02    9.8258185429E-01    4.0805417663E-01   -1.5408375530E+00    4.8227313572E-02
    5.9359980005E-02    9.8165484259E-01    4.0811350789E-01   -1.5434784800E+00    4.8215830912E-02
    5.9399980005E-02    9.7944085656E-01    4.0798142135E-01   -1.5509052501E+00    4.8204762116E-02
    5.9439980005E-02    9.7596183062E-01    4.0761918489E-01   -1.5630686844E+00    4.8194361491E-02
    5.9479980005E-02    9.7125436815E-01    4.0696712675E-01   -1.5798905235E+00    4.8184860988E-02
    5.9519980005E-02    9.6537013009E-01    4.0594794887E-01   -1.6012646008E+00    4.8176462425E-02
    5.9559980005E-02    9.5837616534E-01    4.0447099912E-01   -1.6270583527E+00    4.8169331638E-02
    5.9599980005E-02    9.5035503412E-01    4.0243723207E-01   -1.6571145769E+00    4.8163595127E-02
    5.9639980005E-02    9.4140459605E-01    3.9974454598E-01   -1.6912533021E+00    4.8159339503E-02
    5.9679980005E-02    9.3163737940E-01    3.9629317542E-01   -1.7292735927E+00    4.8156613543E-02
    5.9719980005E-02    9.2117950563E-01    3.9199085231E-01   -1.7709550710E+00    4.8155432024E-02
    5.9759980005E-02    9.1016919350E-01    3.8675752114E-01   -1.8160589188E+00    4.8155779835E-02
    5.9799980005E-02    8.9875489312E-01    3.8052949152E-01   -1.8643281158E+00    4.8157614485E-02
    5.9839980005E-02    8.8709308811E-01    3.7326300321E-01   -1.9154867199E+00    4.8160865336E-02
    5.9879980005E-02    8.7534575565E-01    3.6493723238E-01   -1.9692381247E+00    4.8165429031E-02
    5.9919980005E-02    8.6367740749E-01    3.5555675115E-01   -2.0252624816E+00    4.8171162510E-02
    5.9959980005E-02    8.5225158552E-01    3.4515336119E-01   -2.0832138432E+00    4.8177877116E-02
    5.9999980005E-02    8.4122669611E-01    3.3378707925E-01   -2.1427180048E+00    4.8185338309E-02
    6.0039980005E-02    8.3075117537E-01    3.2154592549E-01   -2.2033723218E+00    4.8193274340E-02
    6.0079980005E-02    8.2095818837E-01    3.0854414217E-01   -2.2647487292E+00    4.8201393942E-02
    6.0119980005E-02    8.1196033559E-01    2.9491863004E-01   -2.3264005813E+00    4.8209409100E-02
    6.0159980005E-02    8.0384505890E-01    2.8082374301E-01   -2.3878728042E+00    4.8217056722E-02
    6.0199980005E-02    7.9667147357E-01    2.6642502458E-01   -2.4487135795E+00    4.8224113955E-02
    6.0239980005E-02    7.9046912277E-01    2.5189280181E-01   -2.5084849961E+00    4.8230405244E-02
    6.0279980005E-02    7.8523871537E-01    2.3739658382E-01   -2.5667703250E+00    4.8235802918E-02
    6.0319980005E-02    7.8095446085E-01    2.2310089233E-01   -2.6231767952E+00    4.8240224786E-02
    6.0359980005E-02    7.7756736566E-01    2.0916262915E-01   -2.6773344114E+00    4.8243631607E-02
    6.0399980005E-02    7.7500889508E-01    1.9572961202E-01   -2.7288926566E+00    4.8246025293E-02
    6.0439980005E-02    7.7319465358E-01    1.8293969163E-01   -2.7775173221E+00    4.8247446802E-02
    6.0479980005E-02    7.7202802141E-01    1.7091994531E-01   -2.8228891778E+00    4.8247971991E-02
    6.0519980005E-02    7.7140385448E-01    1.5978572042E-01   -2.8647051331E+00    4.8247704326E-02
    6.0559980005E-02    7.7121235765E-01    1.4963959924E-01   -2.9026814899E+00    4.8246764708E-02
    6.0599980005E-02    7.7134312824E-01    1.4057053864E-01   -2.9365582461E+00    4.8245279986E-02
    6.0639980005E-02    7.7168923084E-01    1.3265345285E-01   -2.9661033035E+00    4.8243372249E-02
    6.0679980005E-02    7.7215108413E-01    1.2594939250E-01   -2.9911157355E+00    4.8241150690E-02
    6.0719980005E-02    7.7263994133E-01    1.2050630849E-01   -3.0114277493E+00    4.8238706948E-02
    6.0759980005E-02    7.7308080970E-01    1.1636024548E-01   -3.0269054071E+00    4.8236113913E-02
    6.0799980005E-02    7.7341473974E-01    1.1353672855E-01   -3.0374484484E+00    4.8233427340E-02
    6.0839980005E-02    7.7360048764E-01    1.1205209007E-01   -3.0429896494E+00    4.8230689371E-02
    6.0879980005E-02    7.7361559578E-01    1.1191451683E-01   -3.0434941253E+00    4.8227933192E-02
    6.0919980005E-02    7.7345694441E-01    1.1312465865E-01   -3.0389588687E+00    4.8225188221E-02
    6.0959980005E-02    7.7314081090E-01    1.1567571276E-01   -3.0294126875E+00    4.8222485496E-02
    6.0999980005E-02    7.7270244202E-01    1.1955297514E-01   -3.0149165541E+00    4.8219862977E-02
    6.1039980005E-02    7.7219511313E-01    1.2473292653E-01   -2.9955642404E+00    4.8217370450E-02
    6.1079980005E-02    7.7168862645E-01    1.3118199481E-01   -2.9714829695E+00    4.8215073508E-02
    6.1119980005E-02    7.7126720123E-01    1.3885519921E-01   -2.9428337019E+00    4.8213055863E-02
    6.1159980005E-02    7.7102673979E-01    1.4769492195E-01   -2.9098106176E+00    4.8211419102E-02
    6.1199980005E-02    7.7107151615E-01    1.5763004869E-01   -2.8726394220E+00    4.8210279105E-02
    6.1239980005E-02    7.7151041420E-01    1.6857565357E-01   -2.8315743393E+00    4.8209758954E-02
    6.1279980005E-02    7.7245291069E-01    1.8043327555E-01   -2.7868940583E+00    4.8209978982E-02
    6.1319980005E-02    7.7400501595E-01    1.9309167140E-01   -2.7388973813E+00    4.8211045617E-02
    6.1359980005E-02    7.7626532734E-01    2.0642780168E-01   -2.6878996792E+00    4.8213041144E-02
    6.1399980005E-02    7.7932123180E-01    2.2030778926E-01   -2.6342312555E+00    4.8216016163E-02
    6.1439980005E-02    7.8324517927E-01    2.3458773462E-01   -2.5782381812E+00    4.8219985369E-02
    6.1479980005E-02    7.8809093085E-01    2.4911454891E-01   -2.5202851793E+00    4.8224925761E-02
    6.1519980005E-02    7.9388982456E-01    2.6372725440E-01   -2.4607590268E+00    4.8230775507E-02
    6.1559980005E-02    8.0064737015E-01    2.7825933069E-01   -2.4000702730E+00    4.8237432035E-02
    6.1599980005E-02    8.0834074427E-01    2.9254252659E-01   -2.3386512716E+00    4.8244749537E-02
    6.1639980005E-02    8.1691782847E-01    3.0641212561E-01   -2.2769496922E+00    4.8252538248E-02
    6.1679980005E-02    8.2629820907E-01    3.1971312787E-01   -2.2154183401E+00    4.8260568933E-02
    6.1719980005E-02    8.3637610809E-01    3.3230645030E-01   -2.1545034883E+00    4.8268585090E-02
    6.1759980005E-02    8.4702475567E-01    3.4407422402E-01   -2.0946343447E+00    4.8276322187E-02
    6.1799980005E-02    8.5810146843E-01    3.5492356320E-01   -2.0362156262E+00    4.8283529739E-02
    6.1839980005E-02    8.6945274223E-01    3.6478861178E-01   -1.9796239510E+00    4.8289990240E-02
    6.1879980005E-02    8.8091891056E-01    3.7363103377E-01   -1.9252075505E+00    4.8295530201E-02
    6.1919980005E-02    8.9233820014E-01    3.8143928633E-01   -1.8732881102E+00    4.8300022015E-02
    6.1959980005E-02    9.0355021187E-01    3.8822700762E-01   -1.8241634428E+00    4.8303378904E-02
    6.1999980005E-02    9.1439893493E-01    3.9403074150E-01   -1.7781099928E+00    4.8305547168E-02
    6.2039980005E-02    9.2473539154E-01    3.9890709425E-01   -1.7353845986E+00    4.8306499658E-02
    6.2079980005E-02    9.3441995636E-01    4.0292933381E-01   -1.6962253202E+00    4.8306232721E-02
    6.2119980005E-02    9.4332433767E-01    4.0618342305E-01   -1.6608513886E+00    4.8304766826E-02
    6.2159980005E-02    9.5133317337E-01    4.0876351887E-01   -1.6294624566E+00    4.8302149625E-02
    6.2199980005E-02    9.5834519191E-01    4.1076704629E-01   -1.6022373699E+00    4.8298459624E-02
    6.2239980005E-02    9.6427391641E-01    4.1228953986E-01   -1.5793326726E+00    4.8293808775E-02
    6.2279980005E-02    9.6904793730E-01    4.1341951113E-01   -1.5608810389E+00    4.8288342843E-02
    6.2319980005E-02    9.7261083201E-01    4.1423363352E-01   -1.5469897906E+00    4.8282239097E-02
    6.2359980005E-02    9.7492085273E-01    4.1479253261E-01   -1.5377396274E+00    4.8275701393E-02
    6.2399980005E-02    9.7595052503E-01    4.1513743532E-01   -1.5331836565E+00    4.8268953109E-02
    6.2439980005E-02    9.7568629528E-01    4.1528787625E-01   -1.5333467745E+00    4.8262228542E-02
    6.2479980005E-02    9.7412833351E-01    4.1524059252E-01   -1.5382254264E+00    4.8255763420E-02
    6.2519980005E-02    9.7129054736E-01    4.1496966807E-01   -1.5477877470E+00    4.8249785132E-02
    6.2559980005E-02    9.6720080182E-01    4.1442791714E-01   -1.5619740768E+00    4.8244503326E-02
    6.2599980005E-02    9.6190127943E-01    4.1354942575E-01   -1.5806978280E+00    4.8240101503E-02
    6.2639980005E-02    9.5544886949E-01    4.1225310155E-01   -1.6038466584E+00    4.8236730315E-02
    6.2679980005E-02    9.4791544937E-01    4.1044701910E-01   -1.6312838810E+00    4.8234503217E-02
    6.2719980005E-02    9.3938792301E-01    4.0803329846E-01   -1.6628500097E+00    4.8233494942E-02
    6.2759980005E-02    9.2996790780E-01    4.0491322799E-01   -1.6983643103E+00    4.8233742842E-02
    6.2799980005E-02    9.1977100548E-01    4.0099234754E-01   -1.7376262098E+00    4.8235250498E-02
    6.2839980005E-02    9.0892564108E-01    3.9618524789E-01   -1.7804164057E+00    4.8237992278E-02
    6.2879980005E-02    8.9757149288E-01    3.9041991100E-01   -1.8264975100E+00    4.8241916878E-02
    6.2919980005E-02    8.8585755442E-01    3.8364149667E-01   -1.8756140671E+00    4.8246947865E-02
    6.2959980005E-02    8.7393986062E-01    3.7581555214E-01   -1.9274918142E+00    4.8252980009E-02
    6.2999980005E-02    8.6197887924E-01    3.6693065637E-01   -1.9818361358E+00    4.8259872047E-02
    6.3039980005E-02    8.5013652577E-01    3.5700049383E-01   -2.0383298540E+00    4.8267438859E-02
    6.3079980005E-02    8.3857272262E-01    3.4606527830E-01   -2.0966308104E+00    4.8275447769E-02
    6.3119980005E-02    8.2744141875E-01    3.3419233492E-01   -2.1563700933E+00    4.8283623510E-02
    6.3159980005E-02    8.1688604956E-01    3.2147554373E-01   -2.2171520939E+00    4.8291663674E-02
    6.3199980005E-02    8.0703458042E-01    3.0803332782E-01   -2.2785575686E+00    4.8299262206E-02
    6.3239980005E-02    7.9799452728E-01    2.9400501212E-01   -2.3401503161E+00    4.8306134871E-02
    6.3279980005E-02    7.8984859243E-01    2.7954570778E-01   -2.4014869476E+00    4.8312039805E-02
    6.3319980005E-02    7.8265163568E-01    2.6482029791E-01   -2.4621279520E+00    4.8316788736E-02
    6.3359980005E-02    7.7642950322E-01    2.4999741286E-01   -2.5216475120E+00    4.8320248566E-02
    6.3399980005E-02    7.7117981042E-01    2.3524428988E-01   -2.5796398277E+00    4.8322336496E-02
    6.3439980005E-02    7.6687430218E-01    2.2072307545E-01   -2.6357210055E+00    4.8323013067E-02
    6.3479980005E-02    7.6346214747E-01    2.0658860155E-01   -2.6895272403E+00    4.8322276517E-02
    6.3519980005E-02    7.6087356837E-01    1.9298721138E-01   -2.7407112562E+00    4.8320159665E-02
    6.3559980005E-02    7.5902346483E-01    1.8005602372E-01   -2.7889392645E+00    4.8316728399E-02
    6.3599980005E-02    7.5781498919E-01    1.6792214016E-01   -2.8338900824E+00    4.8312079670E-02
    6.3639980005E-02    7.5714319308E-01    1.5670159823E-01   -2.8752569443E+00    4.8306337099E-02
    6.3679980005E-02    7.5689886480E-01    1.4649818049E-01   -2.9127514864E+00    4.8299643494E-02
    6.3719980005E-02    7.5697255355E-01    1.3740236837E-01   -2.9461087616E+00    4.8292151083E-02
    6.3759980005E-02    7.5725863837E-01    1.2949073609E-01   -2.9750920671E+00    4.8284011298E-02
    6.3799980005E-02    7.5765921338E-01    1.2282595456E-01   -2.9994967053E+00    4.8275366097E-02
    6.3839980005E-02    7.5808756228E-01    1.1745739995E-01   -3.0191523044E+00    4.8266342210E-02
    6.3879980005E-02    7.5847106177E-01    1.1342221019E-01   -3.0339237849E+00    4.8257048803E-02
    6.3919980005E-02    7.5875344229E-01    1.1074654802E-01   -3.0437113423E+00    4.8247578277E-02
    6.3959980005E-02    7.5889640905E-01    1.0944681191E-01   -3.0484499197E+00    4.8238009477E-02
    6.3999980005E-02    7.5888066796E-01    1.0953057249E-01   -3.0481086009E+00    4.8228412485E-02
    6.4039980005E-02    7.5870640755E-01    1.1099707741E-01   -3.0426902327E+00    4.8218854290E-02
    6.4079980005E-02    7.5839326934E-01    1.1383724666E-01   -3.0322314324E+00    4.8209404704E-02
    6.4119980005E-02    7.5797980692E-01    1.1803316298E-01   -3.0168029683E+00    4.8200141996E-02
    6.4159980005E-02    7.5752240266E-01    1.2355714447E-01   -2.9965103389E+00    4.8191157625E-02
    6.4199980005E-02    7.5709359381E-01    1.3037056340E-01   -2.9714942217E+00    4.8182559324E-02
    6.4239980005E-02    7.5677976860E-01    1.3842263724E-01   -2.9419303540E+00    4.8174471724E-02
    6.4279980005E-02    7.5667823488E-01    1.4764944765E-01   -2.9080283766E+00    4.8167033814E-02
    6.4319980005E-02    7.5689373688E-01    1.5797341857E-01   -2.8700293015E+00    4.8160393045E-02
    6.4359980005E-02    7.5753457866E-01    1.6930339217E-01   -2.8282015730E+00    4.8154696675E-02
    6.4399980005E-02    7.5870857201E-01    1.8153528783E-01   -2.7828361646E+00    4.8150081865E-02
    6.4439980005E-02    7.6051902235E-01    1.9455316007E-01   -2.7342416493E+00    4.8146666579E-02
    6.4479980005E-02    7.6306088337E-01    2.0823036087E-01   -2.6827404745E+00    4.8144543033E-02
    6.4519980005E-02    7.6641707884E-01    2.2243053850E-01   -2.6286675200E+00    4.8143774326E-02
    6.4559980005E-02    7.7065488656E-01    2.3700839970E-01   -2.5723713309E+00    4.8144393304E-02
    6.4599980005E-02    7.7582229494E-01    2.5181046901E-01   -2.5142173238E+00    4.8146401572E-02
    6.4639980005E-02    7.8194442157E-01    2.6667635810E-01   -2.4545912006E+00    4.8149766571E-02
    6.4679980005E-02    7.8902036810E-01    2.8144113627E-01   -2.3939002875E+00    4.8154415992E-02
    6.4719980005E-02    7.9702111927E-01    2.9593917034E-01   -2.3325709589E+00    4.8160230976E-02
    6.4759980005E-02    8.0588909889E-01    3.1000932849E-01   -2.2710416416E+00    4.8167041628E-02
    6.4799980005E-02    8.1553969698E-01    3.2350092920E-01   -2.2097525879E+00    4.8174628992E-02
    6.4839980005E-02    8.2586459475E-01    3.3627952109E-01   -2.1491348073E+00    4.8182736250E-02
    6.4879980005E-02    8.3673628151E-01    3.4823164243E-01   -2.0896006977E+00    4.8191088480E-02
    6.4919980005E-02    8.4801299337E-01    3.5926806306E-01   -2.0315380189E+00    4.8199416635E-02
    6.4959980005E-02    8.5954344288E-01    3.6932544086E-01   -1.9753075127E+00    4.8207479302E-02
    6.4999980005E-02    8.7117101397E-01    3.7836662742E-01   -1.9212433602E+00    4.8215076750E-02
    6.5039980005E-02    8.8273738064E-01    3.8637995320E-01   -1.8696551907E+00    4.8222055107E-02
    6.5079980005E-02    8.9408566001E-01    3.9337775979E-01   -1.8208304548E+00    4.8228302342E-02
    6.5119980006E-02    9.0506322765E-01    3.9939432423E-01   -1.7750363932E+00    4.8233740239E-02
    6.5159980006E-02    9.1552426297E-01    4.0448321757E-01   -1.7325212645E+00    4.8238316738E-02
    6.5199980006E-02    9.2533202059E-01    4.0871409334E-01   -1.6935148099E+00    4.8242001524E-02
    6.5239980006E-02    9.3436077419E-01    4.1216891131E-01   -1.6582280777E+00    4.8244785629E-02
    6.5279980006E-02    9.4249736661E-01    4.1493765182E-01   -1.6268527748E+00    4.8246684057E-02
    6.5319980006E-02    9.4964231684E-01    4.1711364310E-01   -1.5995603017E+00    4.8247739610E-02
    6.5359980006E-02    9.5571047280E-01    4.1878869002E-01   -1.5765006038E+00    4.8248026063E-02
    6.5399980006E-02    9.6063124614E-01    4.2004824128E-01   -1.5578009607E+00    4.8247649354E-02
    6.5439980006E-02    9.6434851134E-01    4.2096685496E-01   -1.5435648224E+00    4.8246746131E-02
    6.5479980006E-02    9.6682028624E-01    4.2160421711E-01   -1.5338707871E+00    4.8245479601E-02
    6.5519980006E-02    9.6801832766E-01    4.2200193858E-01   -1.5287718007E+00    4.8244033085E-02
    6.5559980006E-02    9.6792777022E-01    4.2218130870E-01   -1.5282946300E+00    4.8242601833E-02
    6.5599980006E-02    9.6654690898E-01    4.2214212735E-01   -1.5324396430E+00    4.8241383809E-02
    6.5639980006E-02    9.6388718263E-01    4.2186267645E-01   -1.5411809069E+00    4.8240570074E-02
    6.5679980006E-02    9.5997335998E-01    4.2130083025E-01   -1.5544665981E+00    4.8240335470E-02
    6.5719980006E-02    9.5484387921E-01    4.2039624213E-01   -1.5722196982E+00    4.8240830274E-02
    6.5759980006E-02    9.4855124529E-01    4.1907348663E-01   -1.5943389330E+00    4.8242173558E-02
    6.5799980006E-02    9.4116236396E-01    4.1724597961E-01   -1.6206998855E+00    4.8244448901E-02
    6.5839980006E-02    9.3275868491E-01    4.1482045482E-01   -1.6511561984E+00    4.8247702953E-02
    6.5879980006E-02    9.2343604198E-01    4.1170174628E-01   -1.6855407710E+00    4.8251946855E-02
    6.5919980006E-02    9.1330410894E-01    4.0779762090E-01   -1.7236668545E+00    4.8257159947E-02
    6.5959980006E-02    9.0248542866E-01    4.0302342690E-01   -1.7653289660E+00    4.8263294362E-02
    6.5999980006E-02    8.9111401096E-01    3.9730636792E-01   -1.8103035410E+00    4.8270278521E-02
    6.6039980006E-02    8.7933352579E-01    3.9058927255E-01   -1.8583492388E+00    4.8278017453E-02
    6.6079980006E-02    8.6729513802E-01    3.8283379173E-01   -1.9092067843E+00    4.8286388740E-02
    6.6119980006E-02    8.5515503511E-01    3.7402300833E-01   -1.9625982098E+00    4.8295234760E-02
    6.6159980006E-02    8.4307168214E-01    3.6416346916E-01   -2.0182254074E+00    4.8304354318E-02
    6.6199980006E-02    8.3120279410E-01    3.5328663350E-01   -2.0757680968E+00    4.8313498520E-02
    6.6239980006E-02    8.1970195269E-01    3.4144966136E-01   -2.1348816923E+00    4.8322375634E-02
    6.6279980006E-02    8.0871475468E-01    3.2873535131E-01   -2.1951960319E+00    4.8330666996E-02
    6.6319980006E-02    7.9837442029E-01    3.1525093799E-01   -2.2563162542E+00    4.8338051807E-02
    6.6359980006E-02    7.8879701093E-01    3.0112545965E-01   -2.3178269425E+00    4.8344234873E-02
    6.6399980006E-02    7.8007673407E-01    2.8650561097E-01   -2.3792997920E+00    4.8348970101E-02
    6.6439980006E-02    7.7228207303E-01    2.7155038996E-01   -2.4403037108E+00    4.8352074430E-02
    6.6479980006E-02    7.6545347666E-01    2.5642526449E-01   -2.5004150940E+00    4.8353430534E-02
    6.6519980006E-02    7.5960300875E-01    2.4129678045E-01   -2.5592257184E+00    4.8352980285E-02
    6.6559980006E-02    7.5471584141E-01    2.2632836575E-01   -2.6163465684E+00    4.8350713194E-02
    6.6599980006E-02    7.5075305334E-01    2.1167761972E-01   -2.6714075074E+00    4.8346654466E-02
    6.6639980006E-02    7.4765506463E-01    1.9749485351E-01   -2.7240542458E+00    4.8340856259E-02
    6.6679980006E-02    7.4534520765E-01    1.8392231492E-01   -2.7739448413E+00    4.8333393532E-02
    6.6719980006E-02    7.4373323995E-01    1.7109350463E-01   -2.8207477684E+00    4.8324363536E-02
    6.6759980006E-02    7.4271885943E-01    1.5913222008E-01   -2.8641426739E+00    4.8313886377E-02
    6.6799980006E-02    7.4219537105E-01    1.4815129138E-01   -2.9038238009E+00    4.8302103938E-02
    6.6839980006E-02    7.4205357975E-01    1.3825123815E-01   -2.9395051717E+00    4.8289175634E-02
    6.6879980006E-02    7.4218584742E-01    1.2951918121E-01   -2.9709262475E+00    4.8275271222E-02
    6.6919980006E-02    7.4249012589E-01    1.2202828419E-01   -2.9978569129E+00    4.8260562279E-02
    6.6959980006E-02    7.4287371020E-01    1.1583783814E-01   -3.0201010821E+00    4.8245214398E-02
    6.6999980006E-02    7.4325649948E-01    1.1099392362E-01   -3.0374987497E+00    4.8229381702E-02
    6.7039980006E-02    7.4357363680E-01    1.0753045229E-01   -3.0499267204E+00    4.8213204447E-02
    6.7079980006E-02    7.4377748877E-01    1.0547033010E-01   -3.0572984723E+00    4.8196809631E-02
    6.7119980006E-02    7.4383899023E-01    1.0482649048E-01   -3.0595636461E+00    4.8180314016E-02
    6.7159980006E-02    7.4374840602E-01    1.0560259731E-01   -3.0567075686E+00    4.8163828755E-02
    6.7199980006E-02    7.4351555574E-01    1.0779329348E-01   -3.0487510670E+00    4.8147464791E-02
    6.7239980006E-02    7.4316952005E-01    1.1138395601E-01   -3.0357506538E+00    4.8131338226E-02
    6.7279980006E-02    7.4275781278E-01    1.1635000612E-01   -3.0177989787E+00    4.8115574859E-02
    6.7319980006E-02    7.4234497743E-01    1.2265590663E-01   -2.9950252726E+00    4.8100313060E-02
    6.7359980006E-02    7.4201056149E-01    1.3025405175E-01   -2.9675953596E+00    4.8085704182E-02
    6.7399980006E-02    7.4184644973E-01    1.3908380058E-01   -2.9357107461E+00    4.8071909954E-02
    6.7439980006E-02    7.4195359837E-01    1.4907090426E-01   -2.8996063541E+00    4.8059096882E-02
    6.7479980006E-02    7.4243829578E-01    1.6012750919E-01   -2.8595467101E+00    4.8047428511E-02
    6.7519980006E-02    7.4340815037E-01    1.7215278197E-01   -2.8158208371E+00    4.8037057297E-02
    6.7559980006E-02    7.4496803569E-01    1.8503402649E-01   -2.7687366122E+00    4.8028118178E-02
    6.7599980006E-02    7.4721617647E-01    1.9864801474E-01   -2.7186157762E+00    4.8020725354E-02
    6.7639980006E-02    7.5024044450E-01    2.1286221094E-01   -2.6657908424E+00    4.8014972304E-02
    6.7679980006E-02    7.5411480701E-01    2.2753568956E-01   -2.6106047087E+00    4.8010933235E-02
    6.7719980006E-02    7.5889581787E-01    2.4251981586E-01   -2.5534128433E+00    4.8008662990E-02
    6.7759980006E-02    7.6461913492E-01    2.5765907191E-01   -2.4945867903E+00    4.8008192851E-02
    6.7799980006E-02    7.7129627889E-01    2.7279261137E-01   -2.4345169019E+00    4.8009521504E-02
    6.7839980006E-02    7.7891211657E-01    2.8775707018E-01   -2.3736121265E+00    4.8012602974E-02
    6.7879980006E-02    7.8742368093E-01    3.0239081265E-01   -2.3122955634E+00    4.8017335439E-02
    6.7919980006E-02    7.9676079897E-01    3.1653927779E-01   -2.2509960744E+00    4.8023555571E-02
    6.7959980006E-02    8.0682859445E-01    3.3006065332E-01   -2.1901377940E+00    4.8031042132E-02
    6.7999980006E-02    8.1751144982E-01    3.4283096794E-01   -2.1301301469E+00    4.8039530065E-02
    6.8039980006E-02    8.2867769697E-01    3.5474791190E-01   -2.0713605796E+00    4.8048732972E-02
    6.8079980006E-02    8.4018430408E-01    3.6573312324E-01   -2.0141909724E+00    4.8058368767E-02
    6.8119980006E-02    8.5188108525E-01    3.7573307297E-01   -1.9589573258E+00    4.8068182081E-02
    6.8159980006E-02    8.6361429710E-01    3.8471888018E-01   -1.9059714667E+00    4.8077958336E-02
    6.8199980006E-02    8.7522972627E-01    3.9268537269E-01   -1.8555233993E+00    4.8087527745E-02
    6.8239980006E-02    8.8657544590E-01    3.9964957696E-01   -1.8078833192E+00    4.8096761167E-02
    6.8279980006E-02    8.9750436519E-01    4.0564868582E-01   -1.7633028591E+00    4.8105561976E-02
    6.8319980006E-02    9.0787659518E-01    4.1073748011E-01   -1.7220155592E+00    4.8113858293E-02
    6.8359980006E-02    9.1756157354E-01    4.1498517911E-01   -1.6842367580E+00    4.8121598403E-02
    6.8399980006E-02    9.2643985757E-01    4.1847174243E-01   -1.6501631282E+00    4.8128750141E-02
    6.8439980006E-02    9.3440450602E-01    4.2128371163E-01   -1.6199720175E+00    4.8135303291E-02
    6.8479980006E-02    9.4136200872E-01    4.2350974342E-01   -1.5938206875E+00    4.8141273229E-02
    6.8519980006E-02    9.4723277317E-01    4.2523603387E-01   -1.5718455020E+00    4.8146703982E-02
    6.8559980006E-02    9.5195122504E-01    4.2654186006E-01   -1.5541611060E+00    4.8151669384E-02
    6.8599980006E-02    9.5546561833E-01    4.2749547044E-01   -1.5408596447E+00    4.8156271681E-02
    6.8639980006E-02    9.5773767457E-01    4.2815054033E-01   -1.5320100787E+00    4.8160637521E-02
    6.8679980006E-02    9.5874217677E-01    4.2854337755E-01   -1.5276576529E+00    4.8164911677E-02
    6.8719980006E-02    9.5846663122E-01    4.2869102100E-01   -1.5278235645E+00    4.8169249105E-02
    6.8759980006E-02    9.5691108184E-01    4.2859032657E-01   -1.5325048612E+00    4.8173805997E-02
    6.8799980006E-02    9.5408812035E-01    4.2821808350E-01   -1.5416745815E+00    4.8178730530E-02
    6.8839980006E-02    9.5002308864E-01    4.2753215315E-01   -1.5552821254E+00    4.8184154030E-02
    6.8879980006E-02    9.4475442419E-01    4.2647357060E-01   -1.5732538277E+00    4.8190183274E-02
    6.8919980006E-02    9.3833406175E-01    4.2496950082E-01   -1.5954936830E+00    4.8196894641E-02
    6.8959980006E-02    9.3082778109E-01    4.2293689559E-01   -1.6218841582E+00    4.8204330741E-02
    6.8999980006E-02    9.2231538306E-01    4.2028666023E-01   -1.6522870240E+00    4.8212499852E-02
    6.9039980006E-02    9.1289058435E-01    4.1692811447E-01   -1.6865441488E+00    4.8221378034E-02
    6.9079980006E-02    9.0266054222E-01    4.1277352291E-01   -1.7244782247E+00    4.8230913070E-02
    6.9119980006E-02    8.9174495007E-01    4.0774247986E-01   -1.7658934250E+00    4.8241028673E-02
    6.9159980006E-02    8.8027468128E-01    4.0176595973E-01   -1.8105759992E+00    4.8251626897E-02
    6.9199980006E-02    8.6839000095E-01    3.9478988577E-01   -1.8582947793E+00    4.8262586914E-02
    6.9239980006E-02    8.5623841000E-01    3.8677812586E-01   -1.9088014757E+00    4.8273759477E-02
    6.9279980006E-02    8.4397222119E-01    3.7771488703E-01   -1.9618305278E+00    4.8284958473E-02
    6.9319980006E-02    8.3174596694E-01    3.6760653810E-01   -2.0170982267E+00    4.8295953244E-02
    6.9359980006E-02    8.1971368075E-01    3.5648291192E-01   -2.0743009641E+00    4.8306466590E-02
    6.9399980006E-02    8.0802597750E-01    3.4439809046E-01   -2.1331128734E+00    4.8316182567E-02
    6.9439980006E-02    7.9682674433E-01    3.3143054784E-01   -2.1931837362E+00    4.8324765144E-02
    6.9479980006E-02    7.8624923050E-01    3.1768237169E-01   -2.2541385413E+00    4.8331884839E-02
    6.9519980006E-02    7.7641153035E-01    3.0327721179E-01   -2.3155800892E+00    4.8337247420E-02
    6.9559980006E-02    7.6741184289E-01    2.8835675043E-01   -2.3770952583E+00    4.8340618130E-02
    6.9599980006E-02    7.5932424356E-01    2.7307587255E-01   -2.4382641606E+00    4.8341836509E-02
    6.9639980006E-02    7.5219580003E-01    2.5759716548E-01   -2.4986700955E+00    4.8340819570E-02
    6.9679980006E-02    7.4604558454E-01    2.4208564038E-01   -2.5579077336E+00    4.8337553840E-02
    6.9719980006E-02    7.4086561170E-01    2.2670446896E-01   -2.6155876504E+00    4.8332079282E-02
    6.9759980006E-02    7.3662324728E-01    2.1161211107E-01   -2.6713368346E+00    4.8324470061E-02
    6.9799980006E-02    7.3326442590E-01    1.9696069467E-01   -2.7247963293E+00    4.8314817869E-02
    6.9839980006E-02    7.3071712365E-01    1.8289514616E-01   -2.7756180538E+00    4.8303222157E-02
    6.9879980006E-02    7.2889481736E-01    1.6955248637E-01   -2.8234628331E+00    4.8289788502E-02
    6.9919980006E-02    7.2769993369E-01    1.5706088206E-01   -2.8680009150E+00    4.8274632851E-02
    6.9959980006E-02    7.2702743899E-01    1.4553834734E-01   -2.9089151943E+00    4.8257887391E-02
    6.9999980006E-02    7.2676867592E-01    1.3509127065E-01   -2.9459064398E+00    4.8239703954E-02
    7.0039980006E-02    7.2681540875E-01    1.2581308951E-01   -2.9786993134E+00    4.8220252919E-02
    7.0079980006E-02    7.2706389985E-01    1.1778342046E-01   -3.0070479694E+00    4.8199717960E-02
    7.0119980006E-02    7.2741876914E-01    1.1106781549E-01   -3.0307403842E+00    4.8178288639E-02
    7.0159980006E-02    7.2779640457E-01    1.0571813834E-01   -3.0496010845E+00    4.8156153260E-02
    7.0199980006E-02    7.2812776955E-01    1.0177340278E-01   -3.0634923999E+00    4.8133493781E-02
    7.0239980006E-02    7.2836054716E-01    9.9260830591E-02   -3.0723146498E+00    4.8110483586E-02
    7.0279980006E-02    7.2846063544E-01    9.8196872352E-02   -3.0760057719E+00    4.8087288048E-02
    7.0319980006E-02    7.2841304571E-01    9.8587972705E-02   -3.0745408464E+00    4.8064067212E-02
    7.0359980006E-02    7.2822225675E-01    1.0043093247E-01   -3.0679318287E+00    4.8040979696E-02
    7.0399980006E-02    7.2791205447E-01    1.0371280436E-01   -3.0562276261E+00    4.8018186824E-02
    7.0439980006E-02    7.2752485136E-01    1.0841034822E-01   -3.0395144603E+00    4.7995855976E-02
    7.0479980006E-02    7.2712045070E-01    1.1448915837E-01   -3.0179162736E+00    4.7974162204E-02
    7.0519980006E-02    7.2677422117E-01    1.2190265358E-01   -2.9915947746E+00    4.7953287325E-02
    7.0559980006E-02    7.2657462291E-01    1.3059116829E-01   -2.9607486314E+00    4.7933416118E-02
    7.0599980006E-02    7.2662009077E-01    1.4048139498E-01   -2.9256113429E+00    4.7914730011E-02
    7.0639980006E-02    7.2701540384E-01    1.5148637816E-01   -2.8864475387E+00    4.7897399674E-02
    7.0679980006E-02    7.2786771200E-01    1.6350613292E-01   -2.8435478440E+00    4.7881578804E-02
    7.0719980006E-02    7.2928244819E-01    1.7642879407E-01   -2.7972229560E+00    4.7867401506E-02
    7.0759980006E-02    7.3135933654E-01    1.9013204478E-01   -2.7477980192E+00    4.7854984537E-02
    7.0799980006E-02    7.3418861332E-01    2.0448450430E-01   -2.6956085409E+00    4.7844433449E-02
    7.0839980006E-02    7.3784745448E-01    2.1934683042E-01   -2.6409987797E+00    4.7835849170E-02
    7.0879980006E-02    7.4239652498E-01    2.3457251550E-01   -2.5843227690E+00    4.7829330337E-02
    7.0919980006E-02    7.4787660698E-01    2.5000864988E-01   -2.5259471080E+00    4.7824967747E-02
    7.0959980006E-02    7.5430544423E-01    2.6549715935E-01   -2.4662537621E+00    4.7822830412E-02
    7.0999980006E-02    7.6167518837E-01    2.8087705668E-01   -2.4056407862E+00    4.7822946499E-02
    7.1039980006E-02    7.6995100265E-01    2.9598801065E-01   -2.3445193982E+00    4.7825284893E-02
    7.1079980007E-02    7.7907132046E-01    3.1067509084E-01   -2.2833071152E+00    4.7829743226E-02
    7.1119980007E-02    7.8894992737E-01    3.2479408235E-01   -2.2224182241E+00    4.7836146262E-02
    7.1159980007E-02    7.9947956313E-01    3.3821651445E-01   -2.1622539486E+00    4.7844255795E-02
    7.1199980007E-02    8.1053636632E-01    3.5083364197E-01   -2.1031947302E+00    4.7853790403E-02
    7.1239980007E-02    8.2198440412E-01    3.6255898821E-01   -2.0455960638E+00    4.7864451086E-02
    7.1279980007E-02    8.3367975043E-01    3.7332948745E-01   -1.9897878855E+00    4.7875947240E-02
    7.1319980007E-02    8.4547393222E-01    3.8310553862E-01   -1.9360763781E+00    4.7888017377E-02
    7.1359980007E-02    8.5721685031E-01    3.9187032384E-01   -1.8847466542E+00    4.7900440838E-02
    7.1399980007E-02    8.6875938903E-01    3.9962862192E-01   -1.8360650794E+00    4.7913039893E-02
    7.1439980007E-02    8.7995587809E-01    4.0640518464E-01   -1.7902806285E+00    4.7925674667E-02
    7.1479980007E-02    8.9066644981E-01    4.1224263822E-01   -1.7476252498E+00    4.7938235010E-02
    7.1519980007E-02    9.0075923012E-01    4.1719885162E-01   -1.7083135454E+00    4.7950633233E-02
    7.1559980007E-02    9.1011225399E-01    4.2134375780E-01   -1.6725421300E+00    4.7962800090E-02
    7.1599980007E-02    9.1861500314E-01    4.2475568446E-01   -1.6404889383E+00    4.7974684441E-02
    7.1639980007E-02    9.2616950547E-01    4.2751731925E-01   -1.6123126046E+00    4.7986255562E-02
    7.1679980007E-02    9.3269098815E-01    4.2971148418E-01   -1.5881519331E+00    4.7997506370E-02
    7.1719980007E-02    9.3810812578E-01    4.3141692197E-01   -1.5681254346E+00    4.8008455912E-02
    7.1759980007E-02    9.4236296595E-01    4.3270430217E-01   -1.5523309009E+00    4.8019149955E-02
    7.1799980007E-02    9.4541063720E-01    4.3363264648E-01   -1.5408450158E+00    4.8029659139E-02
    7.1839980007E-02    9.4721895448E-01    4.3424634872E-01   -1.5337230237E+00    4.8040074711E-02
    7.1879980007E-02    9.4776803470E-01    4.3457293078E-01   -1.5309984895E+00    4.8050502222E-02
    7.1919980007E-02    9.4705001566E-01    4.3462163758E-01   -1.5326831838E+00    4.8061053762E-02
    7.1959980007E-02    9.4506894129E-01    4.3438293253E-01   -1.5387671149E+00    4.8071839445E-02
    7.1999980007E-02    9.4184083798E-01    4.3382891361E-01   -1.5492187128E+00    4.8082958836E-02
    7.2039980007E-02    9.3739396618E-01    4.3291462883E-01   -1.5639851461E+00    4.8094493067E-02
    7.2079980007E-02    9.3176919372E-01    4.3158022900E-01   -1.5829927369E+00    4.8106498378E-02
    7.2119980007E-02    9.2502040691E-01    4.2975385739E-01   -1.6061474238E+00    4.8119001707E-02
    7.2159980007E-02    9.1721485520E-01    4.2735514025E-01   -1.6333352222E+00    4.8131998821E-02
    7.2199980007E-02    9.0843331685E-01    4.2429911210E-01   -1.6644226527E+00    4.8145455031E-02
    7.2239980007E-02    8.9876997550E-01    4.2050038778E-01   -1.6992571412E+00    4.8159308027E-02
    7.2279980007E-02    8.8833191199E-01    4.1587737993E-01   -1.7376674442E+00    4.8173471623E-02
    7.2319980007E-02    8.7723814269E-01    4.1035635950E-01   -1.7794641837E+00    4.8187838680E-02
    7.2359980007E-02    8.6561818075E-01    4.0387517113E-01   -1.8244405573E+00    4.8202281323E-02
    7.2399980007E-02    8.5361015891E-01    3.9638645031E-01   -1.8723731868E+00    4.8216647317E-02
    7.2439980007E-02    8.4135862467E-01    3.8786025270E-01   -1.9230228884E+00    4.8230752999E-02
    7.2479980007E-02    8.2901216942E-01    3.7828609184E-01   -1.9761349506E+00    4.8244375294E-02
    7.2519980007E-02    8.1672104233E-01    3.6767446572E-01   -2.0314384314E+00    4.8257246924E-02
    7.2559980007E-02    8.0463479199E-01    3.5605798600E-01   -2.0886441939E+00    4.8269059045E-02
    7.2599980007E-02    7.9289979482E-01    3.4349215480E-01   -2.1474419554E+00    4.8279473740E-02
    7.2639980007E-02    7.8165636259E-01    3.3005565776E-01   -2.2074973852E+00    4.8288145659E-02
    7.2679980007E-02    7.7103511820E-01    3.1584983905E-01   -2.2684508566E+00    4.8294749208E-02
    7.2719980007E-02    7.6115258391E-01    3.0099694599E-01   -2.3299193724E+00    4.8299006291E-02
    7.2759980007E-02    7.5210637622E-01    2.8563690730E-01   -2.3915022476E+00    4.8300709777E-02
    7.2799980007E-02    7.4397080746E-01    2.6992282073E-01   -2.4527896665E+00    4.8299738641E-02
    7.2839980007E-02    7.3679378771E-01    2.5401577373E-01   -2.5133720041E+00    4.8296061480E-02
    7.2879980007E-02    7.3059561040E-01    2.3807984724E-01   -2.5728475088E+00    4.8289726566E-02
    7.2919980007E-02    7.2536966212E-01    2.2227802611E-01   -2.6308267276E+00    4.8280839801E-02
    7.2959980007E-02    7.2108462138E-01    2.0676934443E-01   -2.6869334436E+00    4.8269536292E-02
    7.2999980007E-02    7.1768751670E-01    1.9170714337E-01   -2.7408031842E+00    4.8255954258E-02
    7.3039980007E-02    7.1510711732E-01    1.7723801466E-01   -2.7920810498E+00    4.8240219177E-02
    7.3079980007E-02    7.1325739076E-01    1.6350093134E-01   -2.8404205762E+00    4.8222441645E-02
    7.3119980007E-02    7.1204100897E-01    1.5062620499E-01   -2.8854847374E+00    4.8202726584E-02
    7.3159980007E-02    7.1135300414E-01    1.3873415896E-01   -2.9269493299E+00    4.8181187451E-02
    7.3199980007E-02    7.1108464816E-01    1.2793365142E-01   -2.9645081736E+00    4.8157958584E-02
    7.3239980007E-02    7.1112750984E-01    1.1832072690E-01   -2.9978790789E+00    4.8133201208E-02
    7.3279980007E-02    7.1137751825E-01    1.0997768107E-01   -3.0268094623E+00    4.8107102268E-02
    7.3319980007E-02    7.1173879532E-01    1.0297271397E-01   -3.0510807797E+00    4.8079868068E-02
    7.3359980007E-02    7.1212703560E-01    9.7360185645E-02   -3.0705114089E+00    4.8051715909E-02
    7.3399980007E-02    7.1247228586E-01    9.3181340999E-02   -3.0849580572E+00    4.8022866549E-02
    7.3439980007E-02    7.1272106824E-01    9.0465280452E-02   -3.0943160660E+00    4.7993539158E-02
    7.3479980007E-02    7.1283786479E-01    8.9229929517E-02   -3.0985191056E+00    4.7963949244E-02
    7.3519980007E-02    7.1280602078E-01    8.9482791601E-02   -3.0975387130E+00    4.7934309076E-02
    7.3559980007E-02    7.1262812384E-01    9.1221333506E-02   -3.0913839999E+00    4.7904829674E-02
    7.3599980007E-02    7.1232590068E-01    9.4432934964E-02   -3.0801016814E+00    4.7875723160E-02
    7.3639980007E-02    7.1193962105E-01    9.9094417769E-02   -3.0637763877E+00    4.7847204287E-02
    7.3679980007E-02    7.1152696728E-01    1.0517125609E-01   -3.0425310292E+00    4.7819490026E-02
    7.3719980007E-02    7.1116131542E-01    1.1261664563E-01   -3.0165268304E+00    4.7792796410E-02
    7.3759980007E-02    7.1092938562E-01    1.2137066116E-01   -2.9859625521E+00    4.7767332470E-02
    7.3799980007E-02    7.1092826567E-01    1.3135974213E-01   -2.9510724521E+00    4.7743292178E-02
    7.3839980007E-02    7.1126188705E-01    1.4249669570E-01   -2.9121227286E+00    4.7720846546E-02
    7.3879980007E-02    7.1203711458E-01    1.5468129330E-01   -2.8694065597E+00    4.7700139066E-02
    7.3919980007E-02    7.1335966528E-01    1.6780138137E-01   -2.8232383202E+00    4.7681287467E-02
    7.3959980007E-02    7.1533006597E-01    1.8173428510E-01   -2.7739479525E+00    4.7664392991E-02
    7.3999980007E-02    7.1803978671E-01    1.9634822063E-01   -2.7218765987E+00    4.7649555044E-02
    7.4039980007E-02    7.2156758237E-01    2.1150349578E-01   -2.6673743307E+00    4.7636885572E-02
    7.4079980007E-02    7.2597601197E-01    2.2705346708E-01   -2.6108001630E+00    4.7626515841E-02
    7.4119980007E-02    7.3130809558E-01    2.4284546514E-01   -2.5525236788E+00    4.7618590077E-02
    7.4159980007E-02    7.3758423007E-01    2.5872210055E-01   -2.4929268709E+00    4.7613245380E-02
    7.4199980007E-02    7.4479970294E-01    2.7452340751E-01   -2.4324044762E+00    4.7610583282E-02
    7.4239980007E-02    7.5292330216E-01    2.9009011709E-01   -2.3713613873E+00    4.7610642045E-02
    7.4279980007E-02    7.6189750119E-01    3.0526800007E-01   -2.3102066613E+00    4.7613378272E-02
    7.4319980007E-02    7.7164043164E-01    3.1991280689E-01   -2.2493449433E+00    4.7618662320E-02
    7.4359980007E-02    7.8204941319E-01    3.3389504784E-01   -2.1891672483E+00    4.7626287252E-02
    7.4399980007E-02    7.9300539872E-01    3.4710385879E-01   -2.1300434045E+00    4.7635987914E-02
    7.4439980007E-02    8.0437753101E-01    3.5944949449E-01   -2.0723178285E+00    4.7647465670E-02
    7.4479980007E-02    8.1602717612E-01    3.7086442204E-01   -2.0163089855E+00    4.7660414340E-02
    7.4519980007E-02    8.2781117894E-01    3.8130332249E-01   -1.9623115920E+00    4.7674543077E-02
    7.4559980007E-02    8.3958444964E-01    3.9074241182E-01   -1.9105999415E+00    4.7689592662E-02
    7.4599980007E-02    8.5120218111E-01    3.9917837895E-01   -1.8614308590E+00    4.7705343309E-02
    7.4639980007E-02    8.6252199567E-01    4.0662702754E-01   -1.8150454365E+00    4.7721614453E-02
    7.4679980007E-02    8.7340613502E-01    4.1312155886E-01   -1.7716694298E+00    4.7738259133E-02
    7.4719980007E-02    8.8372363815E-01    4.1871038534E-01   -1.7315126887E+00    4.7755156553E-02
    7.4759980007E-02    8.9335235597E-01    4.2345440922E-01   -1.6947681556E+00    4.7772205973E-02
    7.4799980007E-02    9.0218064190E-01    4.2742378883E-01   -1.6616108692E+00    4.7789323595E-02
    7.4839980007E-02    9.1010860986E-01    4.3069430066E-01   -1.6321972114E+00    4.7806442553E-02
    7.4879980007E-02    9.1704892505E-01    4.3334346310E-01   -1.6066644447E+00    4.7823514904E-02
    7.4919980007E-02    9.2292715993E-01    4.3544661460E-01   -1.5851304768E+00    4.7840514079E-02
    7.4959980007E-02    9.2768179566E-01    4.3707314120E-01   -1.5676937588E+00    4.7857436420E-02
    7.4999980007E-02    9.3126397526E-01    4.3828303427E-01   -1.5544332377E+00    4.7874300862E-02
    7.5039980007E-02    9.3363712400E-01    4.3912393599E-01   -1.5454083254E+00    4.7891146424E-02
    7.5079980007E-02    9.3477654682E-01    4.3962880142E-01   -1.5406588806E+00    4.7908027597E-02
    7.5119980007E-02    9.3466909699E-01    4.3981427453E-01   -1.5402052176E+00    4.7925008053E-02
    7.5159980007E-02    9.3331298504E-01    4.3967984261E-01   -1.5440481615E+00    4.7942153276E-02
    7.5199980007E-02    9.3071776603E-01    4.3920780115E-01   -1.5521691564E+00    4.7959522813E-02
    7.5239980007E-02    9.2690450904E-01    4.3836402854E-01   -1.5645304218E+00    4.7977162845E-02
    7.5279980007E-02    9.2190611797E-01    4.3709953838E-01   -1.5810751306E+00    4.7995099816E-02
    7.5319980007E-02    9.1576774481E-01    4.3535274446E-01   -1.6017275773E+00    4.8013335744E-02
    7.5359980007E-02    9.0854720737E-01    4.3305234530E-01   -1.6263933052E+00    4.8031845694E-02
    7.5399980007E-02    9.0031530315E-01    4.3012070723E-01   -1.6549591856E+00    4.8050577560E-02
    7.5439980007E-02    8.9115590491E-01    4.2647759482E-01   -1.6872934899E+00    4.8069453828E-02
    7.5479980007E-02    8.8116572172E-01    4.2204407457E-01   -1.7232460500E+00    4.8088374409E-02
    7.5519980007E-02    8.7045362628E-01    4.1674639797E-01   -1.7626486472E+00    4.8107219120E-02
    7.5559980007E-02    8.5913949051E-01    4.1051966296E-01   -1.8053157625E+00    4.8125848199E-02
    7.5599980007E-02    8.4735254160E-01    4.0331106838E-01   -1.8510457165E+00    4.8144099758E-02
    7.5639980007E-02    8.3522934341E-01    3.9508262836E-01   -1.8996220161E+00    4.8161784252E-02
    7.5679980007E-02    8.2291159398E-01    3.8581330672E-01   -1.9508144565E+00    4.8178677742E-02
    7.5719980007E-02    8.1054395835E-01    3.7550064582E-01   -2.0043793236E+00    4.8194517106E-02
    7.5759980007E-02    7.9827207471E-01    3.6416204947E-01   -2.0600581024E+00    4.8209000653E-02
    7.5799980007E-02    7.8624067320E-01    3.5183586774E-01   -2.1175745374E+00    4.8221796358E-02
    7.5839980007E-02    7.7459150079E-01    3.3858228376E-01   -2.1766306778E+00    4.8232557797E-02
    7.5879980007E-02    7.6346060345E-01    3.2448376114E-01   -2.2369033447E+00    4.8240945941E-02
    7.5919980007E-02    7.5297462765E-01    3.0964461392E-01   -2.2980427985E+00    4.8246654267E-02
    7.5959980007E-02    7.4324619795E-01    2.9418927128E-01   -2.3596748996E+00    4.8249434792E-02
    7.5999980007E-02    7.3436893931E-01    2.7825909214E-01   -2.4214068337E+00    4.8249122035E-02
    7.6039980007E-02    7.2641305585E-01    2.6200802017E-01   -2.4828351270E+00    4.8245650000E-02
    7.6079980007E-02    7.1942233826E-01    2.4559772248E-01   -2.5435539287E+00    4.8239055481E-02
    7.6119980007E-02    7.1341307594E-01    2.2919294223E-01   -2.6031617302E+00    4.8229462686E-02
    7.6159980007E-02    7.0837482926E-01    2.1295761093E-01   -2.6612655643E+00    4.8217050505E-02
    7.6199980007E-02    7.0427263003E-01    1.9705194624E-01   -2.7174827374E+00    4.8202011731E-02
    7.6239980007E-02    7.0105004821E-01    1.8163045595E-01   -2.7714408965E+00    4.8184518023E-02
    7.6279980007E-02    6.9863265984E-01    1.6684056827E-01   -2.8227775886E+00    4.8164702020E-02
    7.6319980007E-02    6.9693165882E-01    1.5282154128E-01   -2.8711404640E+00    4.8142660322E-02
    7.6359980007E-02    6.9584755024E-01    1.3970336796E-01   -2.9161889457E+00    4.8118472429E-02
    7.6399980007E-02    6.9527396367E-01    1.2760555429E-01   -2.9575976340E+00    4.8092225641E-02
    7.6439980007E-02    6.9510161039E-01    1.1663583661E-01   -2.9950610960E+00    4.8064036044E-02
    7.6479980007E-02    6.9522231880E-01    1.0688903840E-01   -3.0282992480E+00    4.8034059657E-02
    7.6519980007E-02    6.9553298511E-01    9.8446294594E-02   -3.0570624061E+00    4.8002492879E-02
    7.6559980007E-02    6.9593922999E-01    9.1374793223E-02   -3.0811352822E+00    4.7969565169E-02
    7.6599980007E-02    6.9635857020E-01    8.5728049167E-02   -3.1003395811E+00    4.7935528295E-02
    7.6639980007E-02    6.9672297391E-01    8.1546591915E-02   -3.1145352528E+00    4.7900645979E-02
    7.6679980007E-02    6.9698080258E-01    7.8858872689E-02   -3.1236207375E+00    4.7865186201E-02
    7.6719980007E-02    6.9709817027E-01    7.7682165503E-02   -3.1275326564E+00    4.7829416910E-02
    7.6759980007E-02    6.9705976293E-01    7.8023259823E-02   -3.1262453718E+00    4.7793604672E-02
    7.6799980007E-02    6.9686917157E-01    7.9878805013E-02   -3.1197707197E+00    4.7758015137E-02
    7.6839980007E-02    6.9654876913E-01    8.3235244768E-02   -3.1081580460E+00    4.7722913909E-02
    7.6879980007E-02    6.9613912486E-01    8.8068363203E-02   -3.0914944961E+00    4.7688566340E-02
    7.6919980007E-02    6.9569791720E-01    9.4342544997E-02   -3.0699053235E+00    4.7655234954E-02
    7.6959980007E-02    6.9529829680E-01    1.0200992193E-01   -3.0435538448E+00    4.7623173629E-02
    7.6999980007E-02    6.9502663458E-01    1.1100961651E-01   -3.0126405940E+00    4.7592618574E-02
    7.7039980008E-02    6.9497962352E-01    1.2126729387E-01   -2.9774012781E+00    4.7563777536E-02
    7.7079980008E-02    6.9526087456E-01    1.3269519212E-01   -2.9381033614E+00    4.7536820354E-02
    7.7119980008E-02    6.9597712753E-01    1.4519267348E-01   -2.8950414552E+00    4.7511875151E-02
    7.7159980008E-02    6.9723426002E-01    1.5864720387E-01   -2.8485321030E+00    4.7489034116E-02
    7.7199980008E-02    6.9913327164E-01    1.7293556172E-01   -2.7989088386E+00    4.7468370267E-02
    7.7239980008E-02    7.0176635791E-01    1.8792505629E-01   -2.7465183927E+00    4.7449962003E-02
    7.7279980008E-02    7.0521311056E-01    2.0347463085E-01   -2.6917185570E+00    4.7433917326E-02
    7.7319980008E-02    7.0953684653E-01    2.1943590185E-01   -2.6348776081E+00    4.7420387144E-02
    7.7359980008E-02    7.1478112094E-01    2.3565436507E-01   -2.5763745696E+00    4.7409559233E-02
    7.7399980008E-02    7.2096661596E-01    2.5197109664E-01   -2.5165992139E+00    4.7401631525E-02
    7.7439980008E-02    7.2808876259E-01    2.6822524339E-01   -2.4559506751E+00    4.7396772273E-02
    7.7479980008E-02    7.3611655380E-01    2.8425743549E-01   -2.3948338714E+00    4.7395080714E-02
    7.7519980008E-02    7.4499295419E-01    2.9991400116E-01   -2.3336535331E+00    4.7396561242E-02
    7.7559980008E-02    7.5463705982E-01    3.1505158228E-01   -2.2728064325E+00    4.7401117488E-02
    7.7599980008E-02    7.6494776495E-01    3.2954153901E-01   -2.2126732027E+00    4.7408564304E-02
    7.7639980008E-02    7.7580830829E-01    3.4327350193E-01   -2.1536115582E+00    4.7418650545E-02
    7.7679980008E-02    7.8709089453E-01    3.5615763418E-01   -2.0959524655E+00    4.7431085231E-02
    7.7719980008E-02    7.9866071880E-01    3.6812552931E-01   -2.0399998466E+00    4.7445562287E-02
    7.7759980008E-02    8.1037908884E-01    3.7913001228E-01   -1.9860331864E+00    4.7461781458E-02
    7.7799980008E-02    8.2210574105E-01    3.8914426913E-01   -1.9343115554E+00    4.7479464096E-02
    7.7839980008E-02    8.3370069256E-01    3.9816066559E-01   -1.8850774262E+00    4.7498362847E-02
    7.7879980008E-02    8.4502598966E-01    4.0618941437E-01   -1.8385591584E+00    4.7518265010E-02
    7.7919980008E-02    8.5594756377E-01    4.1325705334E-01   -1.7949718088E+00    4.7538990563E-02
    7.7959980008E-02    8.6633720592E-01    4.1940459508E-01   -1.7545165726E+00    4.7560387035E-02
    7.7999980008E-02    8.7607452316E-01    4.2468522153E-01   -1.7173794850E+00    4.7582323795E-02
    7.8039980008E-02    8.8504868671E-01    4.2916148425E-01   -1.6837300034E+00    4.7604687805E-02
    7.8079980008E-02    8.9315981288E-01    4.3290207505E-01   -1.6537198849E+00    4.7627381740E-02
    7.8119980008E-02    9.0031989403E-01    4.3597831229E-01   -1.6274825176E+00    4.7650324254E-02
    7.8159980008E-02    9.0645327901E-01    4.3846052967E-01   -1.6051326788E+00    4.7673451380E-02
    7.8199980008E-02    9.1149676181E-01    4.4041456322E-01   -1.5867665878E+00    4.7696717874E-02
    7.8239980008E-02    9.1539940225E-01    4.4189850151E-01   -1.5724621225E+00    4.7720097469E-02
    7.8279980008E-02    9.1812218121E-01    4.4295985387E-01   -1.5622790842E+00    4.7743581467E-02
    7.8319980008E-02    9.1963759498E-01    4.4363325973E-01   -1.5562594438E+00    4.7767175501E-02
    7.8359980008E-02    9.1992929716E-01    4.4393882023E-01   -1.5544275462E+00    4.7790894668E-02
    7.8399980008E-02    9.1899186267E-01    4.4388111021E-01   -1.5567902713E+00    4.7814757510E-02
    7.8439980008E-02    9.1683071889E-01    4.4344890283E-01   -1.5633371511E+00    4.7838779417E-02
    7.8479980008E-02    9.1346225840E-01    4.4261561479E-01   -1.5740404379E+00    4.7862966125E-02
    7.8519980008E-02    9.0891411556E-01    4.4134045614E-01   -1.5888551117E+00    4.7887307970E-02
    7.8559980008E-02    9.0322555910E-01    4.3957024495E-01   -1.6077188100E+00    4.7911775479E-02
    7.8599980008E-02    8.9644792441E-01    4.3724182206E-01   -1.6305516757E+00    4.7936316717E-02
    7.8639980008E-02    8.8864498560E-01    4.3428497438E-01   -1.6572561512E+00    4.7960856543E-02
    7.8679980008E-02    8.7989315078E-01    4.3062574517E-01   -1.6877167976E+00    4.7985297497E-02
    7.8719980008E-02    8.7028136608E-01    4.2618997586E-01   -1.7218002809E+00    4.8009521606E-02
    7.8759980008E-02    8.5991062512E-01    4.2090689682E-01   -1.7593557076E+00    4.8033391966E-02
    7.8799980008E-02    8.4889295144E-01    4.1471259405E-01   -1.8002154483E+00    4.8056752918E-02
    7.8839980008E-02    8.3734990283E-01    4.0755313529E-01   -1.8441965093E+00    4.8079428058E-02
    7.8879980008E-02    8.2541070572E-01    3.9938721051E-01   -1.8911022558E+00    4.8101216261E-02
    7.8919980008E-02    8.1321022773E-01    3.9018823856E-01   -1.9407239869E+00    4.8121887093E-02
    7.8959980008E-02    8.0088704422E-01    3.7994601654E-01   -1.9928416205E+00    4.8141177823E-02
    7.8999980008E-02    7.8858178015E-01    3.6866809287E-01   -2.0472227564E+00    4.8158794164E-02
    7.9039980008E-02    7.7643569900E-01    3.5638105581E-01   -2.1036197850E+00    4.8174415826E-02
    7.9079980008E-02    7.6458923055E-01    3.4313179802E-01   -2.1617654696E+00    4.8187706711E-02
    7.9119980008E-02    7.5317992637E-01    3.2898857485E-01   -2.2213682632E+00    4.8198329097E-02
    7.9159980008E-02    7.4233936847E-01    3.1404144573E-01   -2.2821090720E+00    4.8205962077E-02
    7.9199980008E-02    7.3218889560E-01    2.9840163194E-01   -2.3436408824E+00    4.8210325443E-02
    7.9239980008E-02    7.2283452766E-01    2.8219951560E-01   -2.4055916997E+00    4.8211208846E-02
    7.9279980008E-02    7.1436189915E-01    2.6558135209E-01   -2.4675701315E+00    4.8208501187E-02
    7.9319980008E-02    7.0683212682E-01    2.4870507728E-01   -2.5291723225E+00    4.8202209495E-02
    7.9359980008E-02    7.0027930325E-01    2.3173572193E-01   -2.5899890141E+00    4.8192455349E-02
    7.9399980008E-02    6.9470988711E-01    2.1484091481E-01   -2.6496119305E+00    4.8179443975E-02
    7.9439980008E-02    6.9010385460E-01    1.9818686286E-01   -2.7076390352E+00    4.8163413589E-02
    7.9479980008E-02    6.8641721007E-01    1.8193508891E-01   -2.7636783669E+00    4.8144582838E-02
    7.9519980008E-02    6.8358535622E-01    1.6624005722E-01   -2.8173503822E+00    4.8123115379E-02
    7.9559980008E-02    6.8152687920E-01    1.5124761266E-01   -2.8682891516E+00    4.8099112401E-02
    7.9599980008E-02    6.8014745855E-01    1.3709397160E-01   -2.9161431973E+00    4.8072631432E-02
    7.9639980008E-02    6.7934378547E-01    1.2390493624E-01   -2.9605769062E+00    4.8043720140E-02
    7.9679980008E-02    6.7900748320E-01    1.1179509767E-01   -3.0012731236E+00    4.8012450766E-02
    7.9719980008E-02    6.7902903359E-01    1.0086698294E-01   -3.0379369339E+00    4.7978944216E-02
    7.9759980008E-02    6.7930165311E-01    9.1210273463E-02   -3.0703000727E+00    4.7943379292E-02
    7.9799980008E-02    6.7972496720E-01    8.2901286097E-02   -3.0981251698E+00    4.7905988627E-02
    7.9839980008E-02    6.8020830843E-01    7.6002860171E-02   -3.1212091368E+00    4.7867046412E-02
    7.9879980008E-02    6.8067354067E-01    7.0564684970E-02   -3.1393853659E+00    4.7826853625E-02
    7.9919980008E-02    6.8105731314E-01    6.6623968553E-02   -3.1525247650E+00    4.7785725042E-02
    7.9959980008E-02    6.8131272932E-01    6.4206268659E-02   -3.1605359300E+00    4.7743980214E-02
    7.9999980008E-02    6.8141046977E-01    6.3326283232E-02   -3.1633648600E+00    4.7701938690E-02
