 sig=    1.000000000000000      inputfile=
 /home/rjrj524/Finished/vmec_gc_tracer/revised_251128/nc/wout_pwO_nfp2_A6.nc                                                                                                                             
 dt=   2.0000000000000000E-008
 steps=      4000000
 x0=   7.0000000000000007E-002   0.5740000000000000      
   -3.140000000000000     
 u=    107.0000000000000     
 v_perp=    7140.000000000000     
 
time(s)         x0(1)       x0(2)        x0(3)      r
    3.9980000000E-05    5.8057362546E-01   -5.7875896300E-02   -3.1361955807E+00    7.0045010668E-02
    7.9980000000E-05    5.8058616837E-01   -5.7452030833E-02   -3.1347219810E+00    7.0090278572E-02
    1.1998000000E-04    5.8058376118E-01   -5.7792221162E-02   -3.1355896432E+00    7.0135613429E-02
    1.5998000000E-04    5.8056799097E-01   -5.8896055233E-02   -3.1387973134E+00    7.0180846808E-02
    1.9998000000E-04    5.8054383431E-01   -6.0760063455E-02   -3.1443345662E+00    7.0225810748E-02
    2.3998000000E-04    5.8051959729E-01   -6.3377760955E-02   -3.1521819750E+00    7.0270338876E-02
    2.7998000000E-04    5.8050680595E-01   -6.6739725985E-02   -3.1623114172E+00    7.0314267629E-02
    3.1998000000E-04    5.8052004939E-01   -7.0833715519E-02   -3.1746865146E+00    7.0357437624E-02
    3.5998000000E-04    5.8057676553E-01   -7.5644812404E-02   -3.1892632124E+00    7.0399695171E-02
    3.9998000000E-04    5.8069697393E-01   -8.1155599637E-02   -3.2059904799E+00    7.0440893858E-02
    4.3998000000E-04    5.8090306004E-01   -8.7346386604E-02   -3.2248110628E+00    7.0480896201E-02
    4.7998000000E-04    5.8121950846E-01   -9.4195429280E-02   -3.2456622736E+00    7.0519575254E-02
    5.1998000000E-04    5.8167261043E-01   -1.0167912520E-01   -3.2684767315E+00    7.0556816016E-02
    5.5998000000E-04    5.8229015933E-01   -1.0977215329E-01   -3.2931829466E+00    7.0592516436E-02
    5.9998000000E-04    5.8310113044E-01   -1.1844752138E-01   -3.3197056380E+00    7.0626587783E-02
    6.3998000000E-04    5.8413533462E-01   -1.2767648763E-01   -3.3479656859E+00    7.0658954198E-02
    6.7998000000E-04    5.8542302806E-01   -1.3742833481E-01   -3.3778796546E+00    7.0689551260E-02
    7.1998000000E-04    5.8699445510E-01   -1.4766999899E-01   -3.4093588912E+00    7.0718323517E-02
    7.5998000000E-04    5.8887929762E-01   -1.5836558473E-01   -3.4423082929E+00    7.0745221079E-02
    7.9998000000E-04    5.9110602502E-01   -1.6947583906E-01   -3.4766249376E+00    7.0770195600E-02
    8.3998000000E-04    5.9370114599E-01   -1.8095768628E-01   -3.5121968658E+00    7.0793196184E-02
    8.7998000000E-04    5.9668837906E-01   -1.9276394143E-01   -3.5489023554E+00    7.0814165981E-02
    9.1998000000E-04    6.0008779018E-01   -2.0484331595E-01   -3.5866100069E+00    7.0833040306E-02
    9.5998000000E-04    6.0391496844E-01   -2.1714079252E-01   -3.6251798434E+00    7.0849747080E-02
    9.9998000000E-04    6.0818032021E-01   -2.2959838093E-01   -3.6644654291E+00    7.0864210079E-02
    1.0399800000E-03    6.1288855186E-01   -2.4215618714E-01   -3.7043167776E+00    7.0876354934E-02
    1.0799800000E-03    6.1803838087E-01   -2.5475365661E-01   -3.7445836044E+00    7.0886117194E-02
    1.1199800000E-03    6.2362247288E-01   -2.6733081595E-01   -3.7851183797E+00    7.0893451057E-02
    1.1599800000E-03    6.2962756420E-01   -2.7982935037E-01   -3.8257786841E+00    7.0898337055E-02
    1.1999800000E-03    6.3603471067E-01   -2.9219341672E-01   -3.8664285751E+00    7.0900786973E-02
    1.2399800000E-03    6.4281961190E-01   -3.0437018042E-01   -3.9069389576E+00    7.0900844825E-02
    1.2799800000E-03    6.4995299091E-01   -3.1631014665E-01   -3.9471872282E+00    7.0898583618E-02
    1.3199800000E-03    6.5740104423E-01   -3.2796739994E-01   -3.9870566258E+00    7.0894098602E-02
    1.3599800000E-03    6.6512599863E-01   -3.3929985864E-01   -4.0264357199E+00    7.0887498545E-02
    1.3999800000E-03    6.7308680312E-01   -3.5026959929E-01   -4.0652183211E+00    7.0878896910E-02
    1.4399800000E-03    6.8123995140E-01   -3.6084323665E-01   -4.1033038665E+00    7.0868404656E-02
    1.4799800000E-03    6.8954038458E-01   -3.7099228860E-01   -4.1405981168E+00    7.0856125736E-02
    1.5199800000E-03    6.9794238808E-01   -3.8069343316E-01   -4.1770138717E+00    7.0842155554E-02
    1.5599800000E-03    7.0640038548E-01   -3.8992858084E-01   -4.2124714035E+00    7.0826581885E-02
    1.5999800000E-03    7.1486955012E-01   -3.9868472941E-01   -4.2468984062E+00    7.0809487283E-02
    1.6399800000E-03    7.2330619490E-01   -4.0695361813E-01   -4.2802294056E+00    7.0790951934E-02
    1.6799800000E-03    7.3166794699E-01   -4.1473123777E-01   -4.3124047228E+00    7.0771056095E-02
    1.7199800000E-03    7.3991375293E-01   -4.2201727078E-01   -4.3433691763E+00    7.0749881632E-02
    1.7599800000E-03    7.4800378177E-01   -4.2881453178E-01   -4.3730707472E+00    7.0727512538E-02
    1.7999800000E-03    7.5589929757E-01   -4.3512845967E-01   -4.4014594024E+00    7.0704034579E-02
    1.8399800000E-03    7.6356256131E-01   -4.4096668703E-01   -4.4284862171E+00    7.0679534371E-02
    1.8799800000E-03    7.7095680152E-01   -4.4633868823E-01   -4.4541028599E+00    7.0654098218E-02
    1.9199800000E-03    7.7804627251E-01   -4.5125549031E-01   -4.4782614374E+00    7.0627810981E-02
    1.9599800000E-03    7.8479639985E-01   -4.5572942076E-01   -4.5009146445E+00    7.0600755174E-02
    1.9999800000E-03    7.9117398757E-01   -4.5977386753E-01   -4.5220161440E+00    7.0573010342E-02
    2.0399800000E-03    7.9714746501E-01   -4.6340302948E-01   -4.5415210834E+00    7.0544652745E-02
    2.0799800000E-03    8.0268714836E-01   -4.6663164362E-01   -4.5593866668E+00    7.0515755287E-02
    2.1199800000E-03    8.0776549383E-01   -4.6947468390E-01   -4.5755727145E+00    7.0486387618E-02
    2.1599800000E-03    8.1235732504E-01   -4.7194703402E-01   -4.5900421641E+00    7.0456616348E-02
    2.1999800000E-03    8.1644002391E-01   -4.7406314264E-01   -4.6027614885E+00    7.0426505317E-02
    2.2399800000E-03    8.1999368025E-01   -4.7583667313E-01   -4.6137010206E+00    7.0396115879E-02
    2.2799800000E-03    8.2300120109E-01   -4.7728016155E-01   -4.6228351909E+00    7.0365507184E-02
    2.3199800000E-03    8.2544838271E-01   -4.7840469684E-01   -4.6301426894E+00    7.0334736463E-02
    2.3599800000E-03    8.2732394145E-01   -4.7921963842E-01   -4.6356065737E+00    7.0303859291E-02
    2.3999800000E-03    8.2861954132E-01   -4.7973237481E-01   -4.6392143245E+00    7.0272929852E-02
    2.4399800000E-03    8.2932981107E-01   -4.7994813472E-01   -4.6409578702E+00    7.0242001227E-02
    2.4799800000E-03    8.2945234362E-01   -4.7986986011E-01   -4.6408336005E+00    7.0211125690E-02
    2.5199800000E-03    8.2898769130E-01   -4.7949814350E-01   -4.6388423724E+00    7.0180355021E-02
    2.5599800000E-03    8.2793935955E-01   -4.7883123127E-01   -4.6349895134E+00    7.0149740798E-02
    2.5999800000E-03    8.2631379932E-01   -4.7786509299E-01   -4.6292848211E+00    7.0119334699E-02
    2.6399800000E-03    8.2412039638E-01   -4.7659355453E-01   -4.6217425570E+00    7.0089188773E-02
    2.6799800000E-03    8.2137145334E-01   -4.7500849094E-01   -4.6123814248E+00    7.0059355706E-02
    2.7199800000E-03    8.1808215870E-01   -4.7310007276E-01   -4.6012245232E+00    7.0029889071E-02
    2.7599800000E-03    8.1427054015E-01   -4.7085705657E-01   -4.5882992563E+00    7.0000843567E-02
    2.7999800000E-03    8.0995739531E-01   -4.6826710955E-01   -4.5736371865E+00    6.9972275288E-02
    2.8399800000E-03    8.0516616437E-01   -4.6531716181E-01   -4.5572738287E+00    6.9944241992E-02
    2.8799800000E-03    7.9992277246E-01   -4.6199376563E-01   -4.5392483581E+00    6.9916803375E-02
    2.9199800000E-03    7.9425543516E-01   -4.5828344960E-01   -4.5196032307E+00    6.9890021342E-02
    2.9599800000E-03    7.8819442801E-01   -4.5417305634E-01   -4.4983837263E+00    6.9863960265E-02
    2.9999800000E-03    7.8177183048E-01   -4.4965005499E-01   -4.4756374362E+00    6.9838687172E-02
    3.0399800000E-03    7.7502126084E-01   -4.4470282508E-01   -4.4514137392E+00    6.9814271819E-02
    3.0799800000E-03    7.6797762356E-01   -4.3932091532E-01   -4.4257633254E+00    6.9790786579E-02
    3.1199800000E-03    7.6067689343E-01   -4.3349528878E-01   -4.3987378437E+00    6.9768306113E-02
    3.1599800000E-03    7.5315595869E-01   -4.2721857329E-01   -4.3703897564E+00    6.9746906792E-02
    3.1999800000E-03    7.4545253844E-01   -4.2048534002E-01   -4.3407724752E+00    6.9726665937E-02
    3.2399800000E-03    7.3760517669E-01   -4.1329243311E-01   -4.3099408305E+00    6.9707660985E-02
    3.2799800000E-03    7.2965329820E-01   -4.0563936554E-01   -4.2779518811E+00    6.9689968769E-02
    3.3199800000E-03    7.2163729147E-01   -3.9752878180E-01   -4.2448660113E+00    6.9673665156E-02
    3.3599800000E-03    7.1359855937E-01   -3.8896696780E-01   -4.2107482050E+00    6.9658825243E-02
    3.3999800000E-03    7.0557948292E-01   -3.7996436425E-01   -4.1756693168E+00    6.9645524216E-02
    3.4399800000E-03    6.9762323882E-01   -3.7053602298E-01   -4.1397071435E+00    6.9633838791E-02
    3.4799800000E-03    6.8977342889E-01   -3.6070193902E-01   -4.1029471120E+00    6.9623848867E-02
    3.5199800000E-03    6.8207351203E-01   -3.5048720214E-01   -4.0654824730E+00    6.9615638787E-02
    3.5599800000E-03    6.7456606824E-01   -3.3992194027E-01   -4.0274139991E+00    6.9609297428E-02
    3.5999800000E-03    6.6729195949E-01   -3.2904106753E-01   -3.9888493121E+00    6.9604916432E-02
    3.6399800000E-03    6.6028947130E-01   -3.1788388839E-01   -3.9499020570E+00    6.9602586205E-02
    3.6799800000E-03    6.5359351577E-01   -3.0649363161E-01   -3.9106911626E+00    6.9602389919E-02
    3.7199800000E-03    6.4723495302E-01   -2.9491698283E-01   -3.8713403620E+00    6.9604396333E-02
    3.7599800000E-03    6.4124005280E-01   -2.8320365284E-01   -3.8319780070E+00    6.9608652794E-02
    3.7999800000E-03    6.3563008837E-01   -2.7140597301E-01   -3.7927370481E+00    6.9615179927E-02
    3.8399800000E-03    6.3042104037E-01   -2.5957846912E-01   -3.7537549315E+00    6.9623969230E-02
    3.8799800000E-03    6.2562339399E-01   -2.4777734863E-01   -3.7151731367E+00    6.9634984235E-02
    3.9199800000E-03    6.2124203114E-01   -2.3605985301E-01   -3.6771361542E+00    6.9648165029E-02
    3.9599800000E-03    6.1727623886E-01   -2.2448346929E-01   -3.6397898630E+00    6.9663435224E-02
    3.9999800000E-03    6.1371986283E-01   -2.1310504693E-01   -3.6032794481E+00    6.9680709954E-02
    4.0399800000E-03    6.1056162768E-01   -2.0197990685E-01   -3.5677471320E+00    6.9699903387E-02
    4.0799800000E-03    6.0778562483E-01   -1.9116104420E-01   -3.5333300513E+00    6.9720934510E-02
    4.1199800000E-03    6.0537194469E-01   -1.8069851183E-01   -3.5001585616E+00    6.9743730431E-02
    4.1599800000E-03    6.0329740615E-01   -1.7063903336E-01   -3.4683551447E+00    6.9768227065E-02
    4.1999800000E-03    6.0153632914E-01   -1.6102584910E-01   -3.4380339489E+00    6.9794367548E-02
    4.2399800000E-03    6.0006130198E-01   -1.5189875907E-01   -3.4093008687E+00    6.9822099054E-02
    4.2799800000E-03    5.9884390571E-01   -1.4329430133E-01   -3.3822539908E+00    6.9851368825E-02
    4.3199800000E-03    5.9785537343E-01   -1.3524599654E-01   -3.3569842077E+00    6.9882120157E-02
    4.3599800000E-03    5.9706717757E-01   -1.2778459666E-01   -3.3335758197E+00    6.9914288906E-02
    4.3999800000E-03    5.9645154790E-01   -1.2093829276E-01   -3.3121069960E+00    6.9947800879E-02
    4.4399800000E-03    5.9598192911E-01   -1.1473285666E-01   -3.2926500245E+00    6.9982570250E-02
    4.4799800000E-03    5.9563338764E-01   -1.0919170936E-01   -3.2752713354E+00    7.0018498963E-02
    4.5199800000E-03    5.9538297698E-01   -1.0433592374E-01   -3.2600313234E+00    7.0055476990E-02
    4.5599800000E-03    5.9521007927E-01   -1.0018418004E-01   -3.2469840168E+00    7.0093383243E-02
    4.5999800000E-03    5.9509669812E-01   -9.6752684844E-02   -3.2361766607E+00    7.0132086927E-02
    4.6399800000E-03    5.9502770377E-01   -9.4055071181E-02   -3.2276492735E+00    7.0171449110E-02
    4.6799800000E-03    5.9499104601E-01   -9.2102300014E-02   -3.2214342199E+00    7.0211324341E-02
    4.7199800000E-03    5.9497792669E-01   -9.0902572278E-02   -3.2175558402E+00    7.0251562252E-02
    4.7599800000E-03    5.9498292887E-01   -9.0461258658E-02   -3.2160301622E+00    7.0292009084E-02
    4.7999800000E-03    5.9500410075E-01   -9.0780851135E-02   -3.2168647090E+00    7.0332509144E-02
    4.8399800000E-03    5.9504299200E-01   -9.1860938080E-02   -3.2200584122E+00    7.0372906222E-02
    4.8799800000E-03    5.9510462690E-01   -9.3698199075E-02   -3.2256016378E+00    7.0413045005E-02
    4.9199800000E-03    5.9519744673E-01   -9.6286428918E-02   -3.2334763123E+00    7.0452772506E-02
    4.9599800000E-03    5.9533322946E-01   -9.9616591181E-02   -3.2436561416E+00    7.0491939625E-02
    4.9999800000E-03    5.9552694561E-01   -1.0367688523E-01   -3.2561069220E+00    7.0530402836E-02
    5.0399800000E-03    5.9579657050E-01   -1.0845282584E-01   -3.2707869148E+00    7.0568025957E-02
    5.0799800000E-03    5.9616285639E-01   -1.1392732635E-01   -3.2876472539E+00    7.0604681926E-02
    5.1199800000E-03    5.9664906643E-01   -1.2008077190E-01   -3.3066323400E+00    7.0640254446E-02
    5.1599800000E-03    5.9728067084E-01   -1.2689106607E-01   -3.3276801687E+00    7.0674639303E-02
    5.1999800000E-03    5.9808500411E-01   -1.3433363275E-01   -3.3507225344E+00    7.0707745122E-02
    5.2399800000E-03    5.9909087734E-01   -1.4238135650E-01   -3.3756850571E+00    7.0739493318E-02
    5.2799800000E-03    6.0032813461E-01   -1.5100445135E-01   -3.4024870034E+00    7.0769816997E-02
    5.3199800000E-03    6.0182715424E-01   -1.6017026398E-01   -3.4310409038E+00    7.0798658707E-02
    5.3599800000E-03    6.0361828216E-01   -1.6984303133E-01   -3.4612520243E+00    7.0825967075E-02
    5.3999800000E-03    6.0573118996E-01   -1.7998363263E-01   -3.4930178109E+00    7.0851692632E-02
    5.4399800000E-03    6.0819416053E-01   -1.9054939423E-01   -3.5262274707E+00    7.0875783335E-02
    5.4799800000E-03    6.1103331733E-01   -2.0149401505E-01   -3.5607618816E+00    7.0898180574E-02
    5.5199800000E-03    6.1427182818E-01   -2.1276767503E-01   -3.5964940018E+00    7.0918816536E-02
    5.5599800000E-03    6.1792912738E-01   -2.2431736650E-01   -3.6332898728E+00    7.0937613809E-02
    5.5999800000E-03    6.2202020511E-01   -2.3608744959E-01   -3.6710101937E+00    7.0954487756E-02
    5.6399800000E-03    6.2655500816E-01   -2.4802038749E-01   -3.7095122978E+00    7.0969351739E-02
    5.6799800000E-03    6.3153798019E-01   -2.6005757982E-01   -3.7486522531E+00    7.0982124557E-02
    5.7199800000E-03    6.3696774937E-01   -2.7214019717E-01   -3.7882867621E+00    7.0992738865E-02
    5.7599800000E-03    6.4283695464E-01   -2.8420993583E-01   -3.8282745972E+00    7.1001148941E-02
    5.7999800000E-03    6.4913219795E-01   -2.9620965503E-01   -3.8684774593E+00    7.1007336164E-02
    5.8399800000E-03    6.5583412049E-01   -3.0808391335E-01   -3.9087603377E+00    7.1011311063E-02
    5.8799800000E-03    6.6291762023E-01   -3.1977946331E-01   -3.9489916194E+00    7.1013111611E-02
    5.9199800000E-03    6.7035224305E-01   -3.3124577352E-01   -3.9890432583E+00    7.1012798340E-02
    5.9599800000E-03    6.7810277665E-01   -3.4243562103E-01   -4.0287912574E+00    7.1010447655E-02
    5.9999800000E-03    6.8613004754E-01   -3.5330574279E-01   -4.0681165546E+00    7.1006144960E-02
    6.0399800000E-03    6.9439187668E-01   -3.6381748002E-01   -4.1069061962E+00    7.0999979073E-02
    6.0799800000E-03    7.0284410394E-01   -3.7393731599E-01   -4.1450545312E+00    7.0992038769E-02
    6.1199800000E-03    7.1144156591E-01   -3.8363721194E-01   -4.1824640954E+00    7.0982411525E-02
    6.1599800000E-03    7.2013891618E-01   -3.9289468368E-01   -4.2190459262E+00    7.0971183939E-02
    6.1999800000E-03    7.2889121196E-01   -4.0169261773E-01   -4.2547191877E+00    7.0958442941E-02
    6.2399800000E-03    7.3765424367E-01   -4.1001887794E-01   -4.2894101635E+00    7.0944276976E-02
    6.2799800000E-03    7.4638463715E-01   -4.1786578672E-01   -4.3230508112E+00    7.0928776555E-02
    6.3199800000E-03    7.5503979652E-01   -4.2522957134E-01   -4.3555771457E+00    7.0912034000E-02
    6.3599800000E-03    7.6357777353E-01   -4.3210984944E-01   -4.3869277219E+00    7.0894142442E-02
    6.3999800000E-03    7.7195714476E-01   -4.3850919852E-01   -4.4170424231E+00    7.0875194405E-02
    6.4399800000E-03    7.8013695854E-01   -4.4443282149E-01   -4.4458616810E+00    7.0855280301E-02
    6.4799800000E-03    7.8807678630E-01   -4.4988829360E-01   -4.4733261552E+00    7.0834487150E-02
    6.5199800000E-03    7.9573688503E-01   -4.5488535946E-01   -4.4993768269E+00    7.0812897699E-02
    6.5599800000E-03    8.0307845553E-01   -4.5943574308E-01   -4.5239554126E+00    7.0790590017E-02
    6.5999800000E-03    8.1006396672E-01   -4.6355293733E-01   -4.5470049791E+00    7.0767637490E-02
    6.6399800000E-03    8.1665751036E-01   -4.6725194899E-01   -4.5684706465E+00    7.0744109144E-02
    6.6799800000E-03    8.2282515234E-01   -4.7054898722E-01   -4.5883002837E+00    7.0720070116E-02
    6.7199800000E-03    8.2853525279E-01   -4.7346109533E-01   -4.6064451279E+00    7.0695582188E-02
    6.7599800000E-03    8.3375873654E-01   -4.7600573470E-01   -4.6228602915E+00    7.0670704259E-02
    6.7999800000E-03    8.3846930918E-01   -4.7820033504E-01   -4.6375051380E+00    7.0645492739E-02
    6.8399800000E-03    8.4264361007E-01   -4.8006183148E-01   -4.6503435386E+00    7.0620001838E-02
    6.8799800000E-03    8.4626130147E-01   -4.8160620983E-01   -4.6613440290E+00    7.0594283771E-02
    6.9199800000E-03    8.4930511826E-01   -4.8284807353E-01   -4.6704798835E+00    7.0568388910E-02
    6.9599800000E-03    8.5176088397E-01   -4.8380024889E-01   -4.6777291324E+00    7.0542365919E-02
    6.9999800000E-03    8.5361750416E-01   -4.8447344172E-01   -4.6830745459E+00    7.0516261920E-02
    7.0399800000E-03    8.5486694727E-01   -4.8487595523E-01   -4.6865036024E+00    7.0490122692E-02
    7.0799800000E-03    8.5550422206E-01   -4.8501347659E-01   -4.6880084568E+00    7.0463992927E-02
    7.1199800000E-03    8.5552735818E-01   -4.8488893726E-01   -4.6875859170E+00    7.0437916523E-02
    7.1599800000E-03    8.5493739432E-01   -4.8450245024E-01   -4.6852374350E+00    7.0411936909E-02
    7.1999800000E-03    8.5373837585E-01   -4.8385132554E-01   -4.6809691165E+00    7.0386097387E-02
    7.2399800000E-03    8.5193736129E-01   -4.8293016359E-01   -4.6747917451E+00    7.0360441443E-02
    7.2799800000E-03    8.4954443262E-01   -4.8173102502E-01   -4.6667208216E+00    7.0335013043E-02
    7.3199800000E-03    8.4657269614E-01   -4.8024367554E-01   -4.6567766107E+00    7.0309856866E-02
    7.3599800000E-03    8.4303829262E-01   -4.7845589102E-01   -4.6449841743E+00    7.0285018482E-02
    7.3999800000E-03    8.3896039066E-01   -4.7635382049E-01   -4.6313733832E+00    7.0260544505E-02
    7.4399800000E-03    8.3436114876E-01   -4.7392239775E-01   -4.6159788910E+00    7.0236482719E-02
    7.4799800000E-03    8.2926564077E-01   -4.7114578631E-01   -4.5988400480E+00    7.0212882235E-02
    7.5199800000E-03    8.2370173528E-01   -4.6800784203E-01   -4.5800007316E+00    7.0189793693E-02
    7.5599800000E-03    8.1769992205E-01   -4.6449257570E-01   -4.5595090746E+00    7.0167269566E-02
    7.5999800000E-03    8.1129308291E-01   -4.6058459759E-01   -4.5374170799E+00    7.0145364570E-02
    7.6399800000E-03    8.0451621057E-01   -4.5626952697E-01   -4.5137801221E+00    7.0124136187E-02
    7.6799800000E-03    7.9740608648E-01   -4.5153435380E-01   -4.4886563570E+00    7.0103645243E-02
    7.7199800000E-03    7.9000093654E-01   -4.4636774609E-01   -4.4621060825E+00    7.0083956470E-02
    7.7599800000E-03    7.8234009086E-01   -4.4076030550E-01   -4.4341911220E+00    7.0065138923E-02
    7.7999800000E-03    7.7446367755E-01   -4.3470478432E-01   -4.4049743216E+00    7.0047266133E-02
    7.8399800000E-03    7.6641238028E-01   -4.2819628717E-01   -4.3745192668E+00    7.0030415890E-02
    7.8799800000E-03    7.5822728086E-01   -4.2123248750E-01   -4.3428903190E+00    7.0014669591E-02
    7.9199800000E-03    7.4994979363E-01   -4.1381389045E-01   -4.3101530477E+00    7.0000111200E-02
    7.9599800000E-03    7.4162168825E-01   -4.0594416455E-01   -4.2763750747E+00    6.9986825956E-02
    7.9999800000E-03    7.3328516013E-01   -3.9763055060E-01   -4.2416272870E+00    6.9974899049E-02
    8.0399800000E-03    7.2498288749E-01   -3.8888433054E-01   -4.2059852849E+00    6.9964414531E-02
    8.0799800000E-03    7.1675800256E-01   -3.7972131071E-01   -4.1695308635E+00    6.9955454668E-02
    8.1199800000E-03    7.0865390537E-01   -3.7016224958E-01   -4.1323532804E+00    6.9948099765E-02
    8.1599800000E-03    7.0071386867E-01   -3.6023314919E-01   -4.0945500717E+00    6.9942428293E-02
    8.1999800000E-03    6.9298041955E-01   -3.4996533835E-01   -4.0562272529E+00    6.9938516878E-02
    8.2399800000E-03    6.8549452965E-01   -3.3939530603E-01   -4.0174988600E+00    6.9936439567E-02
    8.2799800000E-03    6.7829468914E-01   -3.2856428914E-01   -3.9784859372E+00    6.9936265837E-02
    8.3199800000E-03    6.7141596570E-01   -3.1751766600E-01   -3.9393151915E+00    6.9938057122E-02
    8.3599800000E-03    6.6488915088E-01   -3.0630423915E-01   -3.9001175913E+00    6.9941862090E-02
    8.3999800000E-03    6.5874007236E-01   -2.9497549730E-01   -3.8610271469E+00    6.9947711477E-02
    8.4399800000E-03    6.5298911239E-01   -2.8358492421E-01   -3.8221799965E+00    6.9955613606E-02
    8.4799800000E-03    6.4765093459E-01   -2.7218738316E-01   -3.7837137809E+00    6.9965551783E-02
    8.5199800000E-03    6.4273439584E-01   -2.6083856618E-01   -3.7457671686E+00    6.9977484404E-02
    8.5599800000E-03    6.3824261206E-01   -2.4959447368E-01   -3.7084793455E+00    6.9991348000E-02
    8.5999800000E-03    6.3417315247E-01   -2.3851088898E-01   -3.6719893126E+00    7.0007062740E-02
    8.6399800000E-03    6.3051834781E-01   -2.2764283166E-01   -3.6364349238E+00    7.0024539363E-02
    8.6799800000E-03    6.2726570610E-01   -2.1704400038E-01   -3.6019517067E+00    7.0043686218E-02
    8.7199800000E-03    6.2439843066E-01   -2.0676623869E-01   -3.5686715876E+00    7.0064415191E-02
    8.7599800000E-03    6.2189602401E-01   -1.9685906569E-01   -3.5367216815E+00    7.0086645609E-02
    8.7999800000E-03    6.1973495779E-01   -1.8736930763E-01   -3.5062232825E+00    7.0110305780E-02
    8.8399800000E-03    6.1788938456E-01   -1.7834084904E-01   -3.4772911333E+00    7.0135332269E-02
    8.8799800000E-03    6.1633186100E-01   -1.6981450093E-01   -3.4500329843E+00    7.0161667438E-02
    8.9199800000E-03    6.1503405558E-01   -1.6182796491E-01   -3.4245493941E+00    7.0189255954E-02
    8.9599800000E-03    6.1396742006E-01   -1.5441586257E-01   -3.4009336896E+00    7.0218040978E-02
    8.9999800000E-03    6.1310381162E-01   -1.4760979744E-01   -3.3792719945E+00    7.0247960670E-02
    9.0399800000E-03    6.1241605932E-01   -1.4143842180E-01   -3.3596432537E+00    7.0278945402E-02
    9.0799800000E-03    6.1187847334E-01   -1.3592748992E-01   -3.3421192008E+00    7.0310915912E-02
    9.1199800000E-03    6.1146729824E-01   -1.3109988812E-01   -3.3267642507E+00    7.0343782415E-02
    9.1599800000E-03    6.1116111243E-01   -1.2697564047E-01   -3.3136353177E+00    7.0377444578E-02
    9.1999800000E-03    6.1094117705E-01   -1.2357189447E-01   -3.3027815795E+00    7.0411792179E-02
    9.2399800000E-03    6.1079173021E-01   -1.2090289221E-01   -3.2942442153E+00    7.0446706236E-02
    9.2799800000E-03    6.1070023076E-01   -1.1897993518E-01   -3.2880561462E+00    7.0482060469E-02
    9.3199800000E-03    6.1065755348E-01   -1.1781134924E-01   -3.2842418004E+00    7.0517722931E-02
    9.3599800000E-03    6.1065813308E-01   -1.1740245417E-01   -3.2828169256E+00    7.0553557735E-02
    9.3999800000E-03    6.1070005640E-01   -1.1775554058E-01   -3.2837884597E+00    7.0589426799E-02
    9.4399800000E-03    6.1078510184E-01   -1.1886985596E-01   -3.2871544697E+00    7.0625191610E-02
    9.4799800000E-03    6.1091872568E-01   -1.2074160030E-01   -3.2929041596E+00    7.0660715009E-02
    9.5199800000E-03    6.1110999505E-01   -1.2336393081E-01   -3.3010179469E+00    7.0695862997E-02
    9.5599800000E-03    6.1137146668E-01   -1.2672697409E-01   -3.3114676004E+00    7.0730506552E-02
    9.5999800000E-03    6.1171901229E-01   -1.3081784321E-01   -3.3242164276E+00    7.0764523443E-02
    9.6399800000E-03    6.1217159283E-01   -1.3562065607E-01   -3.3392194938E+00    7.0797799881E-02
    9.6799800000E-03    6.1275098086E-01   -1.4111654963E-01   -3.3564238532E+00    7.0830231923E-02
    9.7199800000E-03    6.1348143142E-01   -1.4728368383E-01   -3.3757687654E+00    7.0861726406E-02
    9.7599800000E-03    6.1438930084E-01   -1.5409722947E-01   -3.3971858757E+00    7.0892201219E-02
    9.7999800000E-03    6.1550261214E-01   -1.6152933627E-01   -3.4205993406E+00    7.0921584704E-02
    9.8399800000E-03    6.1685056532E-01   -1.6954908223E-01   -3.4459258976E+00    7.0949814045E-02
    9.8799800000E-03    6.1846299080E-01   -1.7812241233E-01   -3.4730748981E+00    7.0976832626E-02
    9.9199800000E-03    6.2036974623E-01   -1.8721208346E-01   -3.5019483476E+00    7.1002586532E-02
    9.9599800000E-03    6.2260006032E-01   -1.9677764008E-01   -3.5324410202E+00    7.1027020576E-02
    9.9999800000E-03    6.2518183256E-01   -2.0677545017E-01   -3.5644407268E+00    7.1050074466E-02
    1.0039980000E-02    6.2814090597E-01   -2.1715882940E-01   -3.5978288057E+00    7.1071679857E-02
    1.0079980000E-02    6.3150033568E-01   -2.2787827165E-01   -3.6324808687E+00    7.1091759069E-02
    1.0119980000E-02    6.3527967786E-01   -2.3888178687E-01   -3.6682677806E+00    7.1110226061E-02
    1.0159980000E-02    6.3949432277E-01   -2.5011532745E-01   -3.7050567830E+00    7.1126989891E-02
    1.0199980000E-02    6.4415489133E-01   -2.6152326902E-01   -3.7427126216E+00    7.1141960370E-02
    1.0239980000E-02    6.4926670899E-01   -2.7304890788E-01   -3.7810985292E+00    7.1155055073E-02
    1.0279980000E-02    6.5482936957E-01   -2.8463495054E-01   -3.8200769599E+00    7.1166206443E-02
    1.0319980000E-02    6.6083640749E-01   -2.9622399641E-01   -3.8595100716E+00    7.1175367626E-02
    1.0359980000E-02    6.6727510949E-01   -3.0775904412E-01   -3.8992600681E+00    7.1182515926E-02
    1.0399980000E-02    6.7412651047E-01   -3.1918406874E-01   -3.9391896056E+00    7.1187653345E-02
    1.0439980000E-02    6.8136562129E-01   -3.3044471008E-01   -3.9791624804E+00    7.1190804430E-02
    1.0479980000E-02    6.8896192100E-01   -3.4148907782E-01   -4.0190447378E+00    7.1192012299E-02
    1.0519980000E-02    6.9688010797E-01   -3.5226862855E-01   -4.0587061866E+00    7.1191334074E-02
    1.0559980000E-02    7.0508105330E-01   -3.6273902249E-01   -4.0980221241E+00    7.1188836855E-02
    1.0599980000E-02    7.1352285228E-01   -3.7286084536E-01   -4.1368749566E+00    7.1184594941E-02
    1.0639980000E-02    7.2216184426E-01   -3.8260009391E-01   -4.1751553680E+00    7.1178688398E-02
    1.0679980000E-02    7.3095347895E-01   -3.9192836971E-01   -4.2127627810E+00    7.1171202575E-02
    1.0719980000E-02    7.3985294595E-01   -4.0082278614E-01   -4.2496050167E+00    7.1162227921E-02
    1.0759980000E-02    7.4881554151E-01   -4.0926564920E-01   -4.2855972416E+00    7.1151859503E-02
    1.0799980000E-02    7.5779680321E-01   -4.1724400563E-01   -4.3206604391E+00    7.1140195877E-02
    1.0839980000E-02    7.6675248515E-01   -4.2474915659E-01   -4.3547197091E+00    7.1127337313E-02
    1.0879980000E-02    7.7563846461E-01   -4.3177621549E-01   -4.3877026966E+00    7.1113383601E-02
    1.0919980000E-02    7.8441066626E-01   -4.3832375489E-01   -4.4195383752E+00    7.1098431826E-02
    1.0959980000E-02    7.9302506824E-01   -4.4439355079E-01   -4.4501563129E+00    7.1082574478E-02
    1.0999980000E-02    8.0143782427E-01   -4.4999040350E-01   -4.4794864407E+00    7.1065898168E-02
    1.1039980000E-02    8.0960550539E-01   -4.5512199609E-01   -4.5074592614E+00    7.1048483046E-02
    1.1079980000E-02    8.1748544102E-01   -4.5979874689E-01   -4.5340063806E+00    7.1030402881E-02
    1.1119980000E-02    8.2503612369E-01   -4.6403361791E-01   -4.5590612255E+00    7.1011725632E-02
    1.1159980000E-02    8.3221763674E-01   -4.6784185310E-01   -4.5825598211E+00    7.0992514302E-02
    1.1199980000E-02    8.3899206387E-01   -4.7124063628E-01   -4.6044415250E+00    7.0972827849E-02
    1.1239980000E-02    8.4532385849E-01   -4.7424866876E-01   -4.6246496479E+00    7.0952722001E-02
    1.1279980000E-02    8.5118015181E-01   -4.7688567966E-01   -4.6431319305E+00    7.0932249866E-02
    1.1319980000E-02    8.5653098583E-01   -4.7917189071E-01   -4.6598408720E+00    7.0911462304E-02
    1.1359980000E-02    8.6134947387E-01   -4.8112745756E-01   -4.6747339268E+00    7.0890408100E-02
    1.1399980000E-02    8.6561189596E-01   -4.8277191050E-01   -4.6877735952E+00    7.0869133983E-02
    1.1439980000E-02    8.6929774046E-01   -4.8412361553E-01   -4.6989274379E+00    7.0847684571E-02
    1.1479980000E-02    8.7238970514E-01   -4.8519927346E-01   -4.7081680424E+00    7.0826102330E-02
    1.1519980000E-02    8.7487367119E-01   -4.8601347180E-01   -4.7154729658E+00    7.0804427577E-02
    1.1559980000E-02    8.7673866230E-01   -4.8657830062E-01   -4.7208246707E+00    7.0782698602E-02
    1.1599980000E-02    8.7797679959E-01   -4.8690304112E-01   -4.7242104677E+00    7.0760951894E-02
    1.1639980000E-02    8.7858326084E-01   -4.8699393295E-01   -4.7256224710E+00    7.0739222480E-02
    1.1679980000E-02    8.7855625010E-01   -4.8685402459E-01   -4.7250575726E+00    7.0717544358E-02
    1.1719980000E-02    8.7789698171E-01   -4.8648310924E-01   -4.7225174353E+00    7.0695950982E-02
    1.1759980000E-02    8.7660968030E-01   -4.8587774722E-01   -4.7180085065E+00    7.0674475762E-02
    1.1799980000E-02    8.7470159773E-01   -4.8503137376E-01   -4.7115420497E+00    7.0653152540E-02
    1.1839980000E-02    8.7218304323E-01   -4.8393449078E-01   -4.7031341940E+00    7.0632015997E-02
    1.1879980000E-02    8.6906741667E-01   -4.8257494117E-01   -4.6928059981E+00    7.0611101966E-02
    1.1919980000E-02    8.6537124364E-01   -4.8093825783E-01   -4.6805835214E+00    7.0590447642E-02
    1.1959980000E-02    8.6111420136E-01   -4.7900808077E-01   -4.6664978934E+00    7.0570091673E-02
    1.1999980000E-02    8.5631912354E-01   -4.7676663262E-01   -4.6505853661E+00    7.0550074179E-02
    1.2039980000E-02    8.5101197220E-01   -4.7419524004E-01   -4.6328873333E+00    7.0530436732E-02
    1.2079980000E-02    8.4522176339E-01   -4.7127488515E-01   -4.6134502904E+00    7.0511222356E-02
    1.2119980000E-02    8.3898043539E-01   -4.6798676850E-01   -4.5923257111E+00    7.0492475639E-02
    1.2159980000E-02    8.3232265049E-01   -4.6431286252E-01   -4.5695698142E+00    7.0474243005E-02
    1.2199980000E-02    8.2528552674E-01   -4.6023643338E-01   -4.5452432024E+00    7.0456573222E-02
    1.2239980000E-02    8.1790830339E-01   -4.5574251042E-01   -4.5194103661E+00    7.0439518124E-02
    1.2279980000E-02    8.1023195302E-01   -4.5081828641E-01   -4.4921390704E+00    7.0423133522E-02
    1.2319980000E-02    8.0229876331E-01   -4.4545343977E-01   -4.4634996685E+00    7.0407480176E-02
    1.2359980000E-02    7.9415192004E-01   -4.3964038068E-01   -4.4335644165E+00    7.0392624649E-02
    1.2399980000E-02    7.8583512803E-01   -4.3337443632E-01   -4.4024068949E+00    7.0378639849E-02
    1.2439980000E-02    7.7739230511E-01   -4.2665400278E-01   -4.3701016563E+00    7.0365605042E-02
    1.2479980000E-02    7.6886737497E-01   -4.1948070013E-01   -4.3367242158E+00    7.0353605216E-02
    1.2519980000E-02    7.6030416714E-01   -4.1185956845E-01   -4.3023514692E+00    7.0342729750E-02
    1.2559980000E-02    7.5174640680E-01   -4.0379933346E-01   -4.2670625646E+00    7.0333070515E-02
    1.2599980000E-02    7.4323774439E-01   -3.9531275100E-01   -4.2309401679E+00    7.0324719624E-02
    1.2639980000E-02    7.3482176228E-01   -3.8641700818E-01   -4.1940719662E+00    7.0317767158E-02
    1.2679980000E-02    7.2654188116E-01   -3.7713412823E-01   -4.1565521705E+00    7.0312299147E-02
    1.2719980000E-02    7.1844109401E-01   -3.6749130003E-01   -4.1184827361E+00    7.0308396004E-02
    1.2759980000E-02    7.1056148240E-01   -3.5752104415E-01   -4.0799740356E+00    7.0306131361E-02
    1.2799980000E-02    7.0294351298E-01   -3.4726113980E-01   -4.0411448075E+00    7.0305571080E-02
    1.2839980000E-02    6.9562516264E-01   -3.3675427389E-01   -4.0021213409E+00    7.0306772029E-02
    1.2879980000E-02    6.8864096384E-01   -3.2604742489E-01   -3.9630360216E+00    7.0309780285E-02
    1.2919980000E-02    6.8202108464E-01   -3.1519104573E-01   -3.9240254946E+00    7.0314628634E-02
    1.2959980000E-02    6.7579055230E-01   -3.0423814492E-01   -3.8852287571E+00    7.0321333624E-02
    1.2999980000E-02    6.6996869929E-01   -2.9324337205E-01   -3.8467854648E+00    7.0329892802E-02
    1.3039980000E-02    6.6456886618E-01   -2.8226219270E-01   -3.8088346306E+00    7.0340282939E-02
    1.3079980000E-02    6.5959835334E-01   -2.7135019881E-01   -3.7715137525E+00    7.0352459985E-02
    1.3119980000E-02    6.5505858441E-01   -2.6056255906E-01   -3.7349582924E+00    7.0366361114E-02
    1.3159980000E-02    6.5094543169E-01   -2.4995358407E-01   -3.6993013559E+00    7.0381908740E-02
    1.3199980000E-02    6.4724965717E-01   -2.3957636950E-01   -3.6646734231E+00    7.0399015878E-02
    1.3239980000E-02    6.4395743926E-01   -2.2948248481E-01   -3.6312020193E+00    7.0417591915E-02
    1.3279980000E-02    6.4105096133E-01   -2.1972168921E-01   -3.5990112813E+00    7.0437547821E-02
    1.3319980000E-02    6.3850904475E-01   -2.1034167012E-01   -3.5682214306E+00    7.0458799970E-02
    1.3359980000E-02    6.3630781230E-01   -2.0138780879E-01   -3.5389481989E+00    7.0481272142E-02
    1.3399980000E-02    6.3442136789E-01   -1.9290297983E-01   -3.5113022540E+00    7.0504895623E-02
    1.3439980000E-02    6.3282247833E-01   -1.8492738879E-01   -3.4853886653E+00    7.0529607725E-02
    1.3479980000E-02    6.3148324299E-01   -1.7749844656E-01   -3.4613064223E+00    7.0555349200E-02
    1.3519980000E-02    6.3037573897E-01   -1.7065067476E-01   -3.4391480056E+00    7.0582061170E-02
    1.3559980000E-02    6.2947263168E-01   -1.6441563409E-01   -3.4189989960E+00    7.0609682103E-02
    1.3599980000E-02    6.2874774329E-01   -1.5882186771E-01   -3.4009377063E+00    7.0638145255E-02
    1.3639980000E-02    6.2817657353E-01   -1.5389485309E-01   -3.3850348265E+00    7.0667376829E-02
    1.3679980000E-02    6.2773676894E-01   -1.4965695892E-01   -3.3713530773E+00    7.0697294949E-02
    1.3719980000E-02    6.2740853517E-01   -1.4612740479E-01   -3.3599468781E+00    7.0727809409E-02
    1.3759980000E-02    6.2717499470E-01   -1.4332222459E-01   -3.3508620353E+00    7.0758822097E-02
    1.3799980000E-02    6.2702248941E-01   -1.4125423447E-01   -3.3441354621E+00    7.0790227935E-02
    1.3839980000E-02    6.2694082237E-01   -1.3993300529E-01   -3.3397949413E+00    7.0821916182E-02
    1.3879980000E-02    6.2692343848E-01   -1.3936484003E-01   -3.3378589374E+00    7.0853771985E-02
    1.3919980000E-02    6.2696754321E-01   -1.3955275622E-01   -3.3383364660E+00    7.0885678053E-02
    1.3959980000E-02    6.2707415898E-01   -1.4049647363E-01   -3.3412270238E+00    7.0917516413E-02
    1.3999980000E-02    6.2724811884E-01   -1.4219240681E-01   -3.3465205804E+00    7.0949170189E-02
    1.4039980000E-02    6.2749799740E-01   -1.4463366301E-01   -3.3541976322E+00    7.0980525351E-02
    1.4079980000E-02    6.2783597909E-01   -1.4781004563E-01   -3.3642293188E+00    7.1011472393E-02
    1.4119980000E-02    6.2827766499E-01   -1.5170806375E-01   -3.3765775953E+00    7.1041907853E-02
    1.4159980000E-02    6.2884181728E-01   -1.5631094767E-01   -3.3911954592E+00    7.1071735568E-02
    1.4199980000E-02    6.2955004146E-01   -1.6159867050E-01   -3.4080272241E+00    7.1100867519E-02
    1.4239980000E-02    6.3042641177E-01   -1.6754797637E-01   -3.4270088314E+00    7.1129224109E-02
    1.4279980000E-02    6.3149704108E-01   -1.7413241560E-01   -3.4480681956E+00    7.1156733724E-02
    1.4319980000E-02    6.3278959805E-01   -1.8132238787E-01   -3.4711255776E+00    7.1183331463E-02
    1.4359980000E-02    6.3433277539E-01   -1.8908519615E-01   -3.4960939874E+00    7.1208957057E-02
    1.4399980000E-02    6.3615571401E-01   -1.9738511580E-01   -3.5228796211E+00    7.1233552100E-02
    1.4439980000E-02    6.3828738883E-01   -2.0618348448E-01   -3.5513823398E+00    7.1257056914E-02
    1.4479980000E-02    6.4075596310E-01   -2.1543881879E-01   -3.5814961979E+00    7.1279407536E-02
    1.4519980000E-02    6.4358811917E-01   -2.2510696124E-01   -3.6131100160E+00    7.1300533407E-02
    1.4559980000E-02    6.4680837395E-01   -2.3514125736E-01   -3.6461079779E+00    7.1320356364E-02
    1.4599980000E-02    6.5043838757E-01   -2.4549275767E-01   -3.6803702090E+00    7.1338791397E-02
    1.4639980000E-02    6.5449627310E-01   -2.5611043645E-01   -3.7157732792E+00    7.1355749336E-02
    1.4679980000E-02    6.5899591589E-01   -2.6694142129E-01   -3.7521905756E+00    7.1371141254E-02
    1.4719980000E-02    6.6394632223E-01   -2.7793123732E-01   -3.7894925191E+00    7.1384883963E-02
    1.4759980000E-02    6.6935102351E-01   -2.8902408623E-01   -3.8275466596E+00    7.1396905660E-02
    1.4799980000E-02    6.7520757599E-01   -3.0016319772E-01   -3.8662177611E+00    7.1407150757E-02
    1.4839980000E-02    6.8150721234E-01   -3.1129130217E-01   -3.9053680524E+00    7.1415583053E-02
    1.4879980000E-02    6.8823470955E-01   -3.2235126702E-01   -3.9448578382E+00    7.1422186917E-02
    1.4919980000E-02    6.9536853045E-01   -3.3328691167E-01   -3.9845466136E+00    7.1426966630E-02
    1.4959980000E-02    7.0288126658E-01   -3.4404396937E-01   -4.0242947030E+00    7.1429944503E-02
    1.4999980000E-02    7.1074036280E-01   -3.5457111450E-01   -4.0639652769E+00    7.1431158582E-02
    1.5039980000E-02    7.1890904834E-01   -3.6482093748E-01   -4.1034264566E+00    7.1430660602E-02
    1.5079980000E-02    7.2734735599E-01   -3.7475074469E-01   -4.1425531379E+00    7.1428514498E-02
    1.5119980000E-02    7.3601309399E-01   -3.8432309010E-01   -4.1812281982E+00    7.1424795375E-02
    1.5159980000E-02    7.4486265403E-01   -3.9350600180E-01   -4.2193428824E+00    7.1419588517E-02
    1.5199980000E-02    7.5385158455E-01   -4.0227292903E-01   -4.2567963487E+00    7.1412988004E-02
    1.5239980000E-02    7.6293491888E-01   -4.1060248552E-01   -4.2934945336E+00    7.1405094622E-02
    1.5279980000E-02    7.7206730221E-01   -4.1847808838E-01   -4.3293486216E+00    7.1396013093E-02
    1.5319980000E-02    7.8120299747E-01   -4.2588758686E-01   -4.3642734461E+00    7.1385848872E-02
    1.5359980000E-02    7.9029586110E-01   -4.3282294786E-01   -4.3981861088E+00    7.1374704968E-02
    1.5399980000E-02    7.9929936803E-01   -4.3928002783E-01   -4.4310050171E+00    7.1362679234E-02
    1.5439980000E-02    8.0816673848E-01   -4.4525842461E-01   -4.4626494229E+00    7.1349862472E-02
    1.5479980000E-02    8.1685118640E-01   -4.5076137644E-01   -4.4930394435E+00    7.1336337511E-02
    1.5519980000E-02    8.2530627974E-01   -4.5579566306E-01   -4.5220964676E+00    7.1322179219E-02
    1.5559980000E-02    8.3348638384E-01   -4.6037146364E-01   -4.5497438073E+00    7.1307455236E-02
    1.5599980000E-02    8.4134714207E-01   -4.6450213818E-01   -4.5759074588E+00    7.1292227137E-02
    1.5639980000E-02    8.4884594814E-01   -4.6820391474E-01   -4.6005168516E+00    7.1276551712E-02
    1.5679980000E-02    8.5594238119E-01   -4.7149547706E-01   -4.6235054980E+00    7.1260482111E-02
    1.5719980000E-02    8.6259857757E-01   -4.7439746255E-01   -4.6448115011E+00    7.1244068689E-02
    1.5759980000E-02    8.6877952603E-01   -4.7693188960E-01   -4.6643779076E+00    7.1227359488E-02
    1.5799980000E-02    8.7445328359E-01   -4.7912153799E-01   -4.6821529202E+00    7.1210400378E-02
    1.5839980000E-02    8.7959111701E-01   -4.8098930752E-01   -4.6980899983E+00    7.1193234940E-02
    1.5879980000E-02    8.8416758011E-01   -4.8255757868E-01   -4.7121478789E+00    7.1175904206E-02
    1.5919980000E-02    8.8816053962E-01   -4.8384759677E-01   -4.7242905508E+00    7.1158446362E-02
    1.5959980000E-02    8.9155116305E-01   -4.8487889722E-01   -4.7344872054E+00    7.1140896530E-02
    1.5999980000E-02    8.9432388180E-01   -4.8566878714E-01   -4.7427121844E+00    7.1123286676E-02
    1.6039980000E-02    8.9646634095E-01   -4.8623189473E-01   -4.7489449343E+00    7.1105645719E-02
    1.6079980000E-02    8.9796934610E-01   -4.8657979592E-01   -4.7531699731E+00    7.1087999813E-02
    1.6119980000E-02    8.9882681507E-01   -4.8672072526E-01   -4.7553768707E+00    7.1070372825E-02
    1.6159980000E-02    8.9903574094E-01   -4.8665937623E-01   -4.7555602418E+00    7.1052786955E-02
    1.6199980000E-02    8.9859617031E-01   -4.8639679442E-01   -4.7537197488E+00    7.1035263448E-02
    1.6239980000E-02    8.9751119906E-01   -4.8593036533E-01   -4.7498601139E+00    7.1017823365E-02
    1.6279980000E-02    8.9578698565E-01   -4.8525389700E-01   -4.7439911379E+00    7.1000488322E-02
    1.6319980000E-02    8.9343277975E-01   -4.8435779630E-01   -4.7361277285E+00    7.0983281163E-02
    1.6359980000E-02    8.9046096201E-01   -4.8322933591E-01   -4.7262899351E+00    7.0966226517E-02
    1.6399980000E-02    8.8688709006E-01   -4.8185300662E-01   -4.7145029938E+00    7.0949351181E-02
    1.6439980000E-02    8.8272994254E-01   -4.8021094878E-01   -4.7007973793E+00    7.0932684329E-02
    1.6479980000E-02    8.7801155158E-01   -4.7828345397E-01   -4.6852088613E+00    7.0916257546E-02
    1.6519980000E-02    8.7275721283E-01   -4.7604952567E-01   -4.6677785559E+00    7.0900104713E-02
    1.6559980000E-02    8.6699546080E-01   -4.7348748524E-01   -4.6485529591E+00    7.0884261796E-02
    1.6599980000E-02    8.6075799690E-01   -4.7057560621E-01   -4.6275839400E+00    7.0868766647E-02
    1.6639980000E-02    8.5407955793E-01   -4.6729275742E-01   -4.6049286702E+00    7.0853658902E-02
    1.6679980000E-02    8.4699771533E-01   -4.6361903248E-01   -4.5806494586E+00    7.0838980085E-02
    1.6719980000E-02    8.3955259943E-01   -4.5953634203E-01   -4.5548134672E+00    7.0824774026E-02
    1.6759980000E-02    8.3178654986E-01   -4.5502894568E-01   -4.5274922934E+00    7.0811087609E-02
    1.6799980000E-02    8.2374370192E-01   -4.5008390388E-01   -4.4987614209E+00    7.0797971844E-02
    1.6839980000E-02    8.1546952905E-01   -4.4469143737E-01   -4.4686995744E+00    7.0785483124E-02
    1.6879980000E-02    8.0701037107E-01   -4.3884519273E-01   -4.4373880420E+00    7.0773684471E-02
    1.6919980000E-02    7.9841298457E-01   -4.3254242559E-01   -4.4049100644E+00    7.0762646479E-02
    1.6959980000E-02    7.8972415281E-01   -4.2578412747E-01   -4.3713504124E+00    7.0752447681E-02
    1.6999980000E-02    7.8099038493E-01   -4.1857513205E-01   -4.3367952742E+00    7.0743174081E-02
    1.7039980000E-02    7.7225771816E-01   -4.1092424038E-01   -4.3013325481E+00    7.0734917735E-02
    1.7079980000E-02    7.6357161208E-01   -4.0284439683E-01   -4.2650525776E+00    7.0727774422E-02
    1.7119980000E-02    7.5497689691E-01   -3.9435292843E-01   -4.2280492760E+00    7.0721840646E-02
    1.7159980000E-02    7.4651771300E-01   -3.8547183125E-01   -4.1904214919E+00    7.0717210307E-02
    1.7199980000E-02    7.3823736587E-01   -3.7622805465E-01   -4.1522743743E+00    7.0713971485E-02
    1.7239980000E-02    7.3017802596E-01   -3.6665370731E-01   -4.1137204504E+00    7.0712203676E-02
    1.7279980000E-02    7.2238022812E-01   -3.5678609816E-01   -4.0748801391E+00    7.0711975655E-02
    1.7319980000E-02    7.1488216946E-01   -3.4666753713E-01   -4.0358815115E+00    7.0713343953E-02
    1.7359980000E-02    7.0771885531E-01   -3.3634485742E-01   -3.9968592518E+00    7.0716351702E-02
    1.7399980000E-02    7.0092118695E-01   -3.2586867308E-01   -3.9579529417E+00    7.0721027599E-02
    1.7439980000E-02    6.9451510821E-01   -3.1529243937E-01   -3.9193049320E+00    7.0727384816E-02
    1.7479980000E-02    6.8852092244E-01   -3.0467142116E-01   -3.8810581380E+00    7.0735419929E-02
    1.7519980000E-02    6.8295285995E-01   -2.9406168515E-01   -3.8433540782E+00    7.0745112194E-02
    1.7559980000E-02    6.7781892936E-01   -2.8351921339E-01   -3.8063313781E+00    7.0756423610E-02
    1.7599980000E-02    6.7312104031E-01   -2.7309919675E-01   -3.7701248247E+00    7.0769300156E-02
    1.7639980000E-02    6.6885535060E-01   -2.6285552260E-01   -3.7348649274E+00    7.0783674349E-02
    1.7679980000E-02    6.6501277602E-01   -2.5284043409E-01   -3.7006778469E+00    7.0799468909E-02
    1.7719980000E-02    6.6157960192E-01   -2.4310431693E-01   -3.6676855221E+00    7.0816601044E-02
    1.7759980000E-02    6.5853814789E-01   -2.3369556483E-01   -3.6360058377E+00    7.0834986677E-02
    1.7799980000E-02    6.5586745199E-01   -2.2466048164E-01   -3.6057527165E+00    7.0854543967E-02
    1.7839980000E-02    6.5354395511E-01   -2.1604319126E-01   -3.5770360754E+00    7.0875195653E-02
    1.7879980000E-02    6.5154217526E-01   -2.0788553960E-01   -3.5499616253E+00    7.0896870009E-02
    1.7919980000E-02    6.4983536704E-01   -2.0022698294E-01   -3.5246305283E+00    7.0919500469E-02
    1.7959980000E-02    6.4839616296E-01   -1.9310446415E-01   -3.5011389385E+00    7.0943024215E-02
    1.7999980000E-02    6.4719719329E-01   -1.8655228117E-01   -3.4795774627E+00    7.0967380130E-02
    1.8039980000E-02    6.4621168022E-01   -1.8060195365E-01   -3.4600305722E+00    7.0992506537E-02
    1.8079980000E-02    6.4541400050E-01   -1.7528209323E-01   -3.4425759969E+00    7.1018339111E-02
    1.8119980000E-02    6.4478020958E-01   -1.7061828246E-01   -3.4272841287E+00    7.1044809227E-02
    1.8159980000E-02    6.4428852482E-01   -1.6663296627E-01   -3.4142174531E+00    7.1071842873E-02
    1.8199980000E-02    6.4391975875E-01   -1.6334535842E-01   -3.4034300309E+00    7.1099360191E-02
    1.8239980000E-02    6.4365769409E-01   -1.6077136356E-01   -3.3949670415E+00    7.1127275574E-02
    1.8279980000E-02    6.4348939775E-01   -1.5892351503E-01   -3.3888643978E+00    7.1155498255E-02
    1.8319980000E-02    6.4340547041E-01   -1.5781092725E-01   -3.3851484402E+00    7.1183933251E-02
    1.8359980000E-02    6.4340022870E-01   -1.5743926126E-01   -3.3838357093E+00    7.1212482572E-02
    1.8399980000E-02    6.4347181822E-01   -1.5781070152E-01   -3.3849328018E+00    7.1241046598E-02
    1.8439980000E-02    6.4362225617E-01   -1.5892394298E-01   -3.3884363081E+00    7.1269525527E-02
    1.8479980000E-02    6.4385740331E-01   -1.6077418796E-01   -3.3943328323E+00    7.1297820841E-02
    1.8519980000E-02    6.4418686540E-01   -1.6335315359E-01   -3.4025990964E+00    7.1325836704E-02
    1.8559980000E-02    6.4462382605E-01   -1.6664909149E-01   -3.4132021288E+00    7.1353481223E-02
    1.8599980000E-02    6.4518481566E-01   -1.7064682211E-01   -3.4260995388E+00    7.1380667458E-02
    1.8639980000E-02    6.4588940979E-01   -1.7532778498E-01   -3.4412398785E+00    7.1407314087E-02
    1.8679980000E-02    6.4675986706E-01   -1.8067010732E-01   -3.4585630872E+00    7.1433345607E-02
    1.8719980000E-02    6.4782071183E-01   -1.8664869192E-01   -3.4780010127E+00    7.1458691978E-02
    1.8759980000E-02    6.4909826626E-01   -1.9323532338E-01   -3.4994779972E+00    7.1483287653E-02
    1.8799980000E-02    6.5062013781E-01   -2.0039879020E-01   -3.5229115103E+00    7.1507070016E-02
    1.8839980000E-02    6.5241466827E-01   -2.0810501841E-01   -3.5482128059E+00    7.1529977384E-02
    1.8879980000E-02    6.5451034978E-01   -2.1631721015E-01   -3.5752875708E+00    7.1551946795E-02
    1.8919980000E-02    6.5693521175E-01   -2.2499597948E-01   -3.6040365265E+00    7.1572911975E-02
    1.8959980000E-02    6.5971618104E-01   -2.3409947657E-01   -3.6343559397E+00    7.1592801894E-02
    1.8999980000E-02    6.6287841600E-01   -2.4358349261E-01   -3.6661379936E+00    7.1611540318E-02
    1.9039980000E-02    6.6644461457E-01   -2.5340154155E-01   -3.6992709795E+00    7.1629046649E-02
    1.9079980000E-02    6.7043429869E-01   -2.6350492298E-01   -3.7336392872E+00    7.1645238123E-02
    1.9119980000E-02    6.7486308342E-01   -2.7384278298E-01   -3.7691232113E+00    7.1660033168E-02
    1.9159980000E-02    6.7974195199E-01   -2.8436220624E-01   -3.8055986447E+00    7.1673355462E-02
    1.9199980000E-02    6.8507657111E-01   -2.9500838821E-01   -3.8429367930E+00    7.1685138068E-02
    1.9239980000E-02    6.9086669969E-01   -3.0572494570E-01   -3.8810040973E+00    7.1695327004E-02
    1.9279980000E-02    6.9710576444E-01   -3.1645441888E-01   -3.9196625651E+00    7.1703883795E-02
    1.9319980000E-02    7.0378067494E-01   -3.2713899355E-01   -3.9587706705E+00    7.1710786860E-02
    1.9359980000E-02    7.1087193316E-01   -3.3772142996E-01   -3.9981848766E+00    7.1716031878E-02
    1.9399980000E-02    7.1835405349E-01   -3.4814613324E-01   -4.0377616830E+00    7.1719631553E-02
    1.9439980000E-02    7.2619625646E-01   -3.5836025703E-01   -4.0773599451E+00    7.1721615135E-02
    1.9479980000E-02    7.3436334665E-01   -3.6831471148E-01   -4.1168431055E+00    7.1722027941E-02
    1.9519980000E-02    7.4281665150E-01   -3.7796496053E-01   -4.1560809669E+00    7.1720930781E-02
    1.9559980000E-02    7.5151489384E-01   -3.8727153746E-01   -4.1949507250E+00    7.1718399004E-02
    1.9599980000E-02    7.6041489975E-01   -3.9620026859E-01   -4.2333371458E+00    7.1714520832E-02
    1.9639980000E-02    7.6947209414E-01   -4.0472225270E-01   -4.2711319622E+00    7.1709394749E-02
    1.9679980000E-02    7.7864079314E-01   -4.1281368151E-01   -4.3082327169E+00    7.1703126029E-02
    1.9719980000E-02    7.8787434840E-01   -4.2045559596E-01   -4.3445413646E+00    7.1695822711E-02
    1.9759980000E-02    7.9712522294E-01   -4.2763365666E-01   -4.3799629444E+00    7.1687591556E-02
    1.9799980000E-02    8.0634507923E-01   -4.3433797379E-01   -4.4144045619E+00    7.1678534523E-02
    1.9839980000E-02    8.1548494122E-01   -4.4056300449E-01   -4.4477748173E+00    7.1668746199E-02
    1.9879980000E-02    8.2449546304E-01   -4.4630749480E-01   -4.4799836999E+00    7.1658312415E-02
    1.9919980000E-02    8.3332730618E-01   -4.5157442471E-01   -4.5109428791E+00    7.1647310016E-02
    1.9959980000E-02    8.4193160092E-01   -4.5637091128E-01   -4.5405662692E+00    7.1635807573E-02
    1.9999980000E-02    8.5026045692E-01   -4.6070803031E-01   -4.5687707257E+00    7.1623866675E-02
    2.0039980000E-02    8.5826748291E-01   -4.6460053134E-01   -4.5954767466E+00    7.1611543416E-02
    2.0079980000E-02    8.6590827339E-01   -4.6806643948E-01   -4.6206090892E+00    7.1598889757E-02
    2.0119980000E-02    8.7314083519E-01   -4.7112655041E-01   -4.6440972515E+00    7.1585954533E-02
    2.0159980000E-02    8.7992593754E-01   -4.7380383617E-01   -4.6658758053E+00    7.1572784001E-02
    2.0199980000E-02    8.8622738008E-01   -4.7612278523E-01   -4.6858845953E+00    7.1559421943E-02
    2.0239980000E-02    8.9201218186E-01   -4.7810870278E-01   -4.7040688355E+00    7.1545909426E-02
    2.0279980000E-02    8.9725069998E-01   -4.7978699659E-01   -4.7203791374E+00    7.1532284348E-02
    2.0319980000E-02    9.0191668976E-01   -4.8118247136E-01   -4.7347715031E+00    7.1518580914E-02
    2.0359980000E-02    9.0598731932E-01   -4.8231865197E-01   -4.7472073097E+00    7.1504829192E-02
    2.0399980000E-02    9.0944315120E-01   -4.8321715282E-01   -4.7576532998E+00    7.1491054828E-02
    2.0439980000E-02    9.1226810286E-01   -4.8389710805E-01   -4.7660815874E+00    7.1477279005E-02
    2.0479980000E-02    9.1444939655E-01   -4.8437467504E-01   -4.7724696786E+00    7.1463518656E-02
    2.0519980000E-02    9.1597750729E-01   -4.8466262139E-01   -4.7768005050E+00    7.1449786941E-02
    2.0559980000E-02    9.1684611652E-01   -4.8477000390E-01   -4.7790624612E+00    7.1436093951E-02
    2.0599980000E-02    9.1705207696E-01   -4.8470194588E-01   -4.7792494425E+00    7.1422447591E-02
    2.0639980000E-02    9.1659539257E-01   -4.8445951744E-01   -4.7773608740E+00    7.1408854587E-02
    2.0679980000E-02    9.1547921552E-01   -4.8403972103E-01   -4.7734017298E+00    7.1395321538E-02
    2.0719980000E-02    9.1370986020E-01   -4.8343558290E-01   -4.7673825399E+00    7.1381855952E-02
    2.0759980000E-02    9.1129683235E-01   -4.8263634847E-01   -4.7593193853E+00    7.1368467193E-02
    2.0799980000E-02    9.0825286931E-01   -4.8162777809E-01   -4.7492338870E+00    7.1355167277E-02
    2.0839980000E-02    9.0459398601E-01   -4.8039253691E-01   -4.7371531921E+00    7.1341971471E-02
    2.0879980000E-02    9.0033951937E-01   -4.7891067115E-01   -4.7231099632E+00    7.1328898646E-02
    2.0919980000E-02    8.9551216270E-01   -4.7716016039E-01   -4.7071423753E+00    7.1315971391E-02
    2.0959980000E-02    8.9013798104E-01   -4.7511753338E-01   -4.6892941204E+00    7.1303215890E-02
    2.0999980000E-02    8.8424639554E-01   -4.7275853374E-01   -4.6696144159E+00    7.1290661626E-02
    2.1039980000E-02    8.7787012505E-01   -4.7005881871E-01   -4.6481580063E+00    7.1278340979E-02
    2.1079980000E-02    8.7104507392E-01   -4.6699467169E-01   -4.6249851375E+00    7.1266288850E-02
    2.1119980000E-02    8.6381015521E-01   -4.6354370688E-01   -4.6001614795E+00    7.1254542435E-02
    2.1159980000E-02    8.5620704081E-01   -4.5968554276E-01   -4.5737579673E+00    7.1243141287E-02
    2.1199980000E-02    8.4827983518E-01   -4.5540242015E-01   -4.5458505331E+00    7.1232127763E-02
    2.1239980000E-02    8.4007467533E-01   -4.5067974222E-01   -4.5165197151E+00    7.1221547889E-02
    2.1279980000E-02    8.3163926968E-01   -4.4550651837E-01   -4.4858501476E+00    7.1211452600E-02
    2.1319980000E-02    8.2302239746E-01   -4.3987570218E-01   -4.4539299688E+00    7.1201899158E-02
    2.1359980000E-02    8.1427339999E-01   -4.3378442532E-01   -4.4208502154E+00    7.1192952494E-02
    2.1399980000E-02    8.0544169991E-01   -4.2723414314E-01   -4.3867043064E+00    7.1184686109E-02
    2.1439980000E-02    7.9657638289E-01   -4.2023072068E-01   -4.3515877327E+00    7.1177182193E-02
    2.1479980000E-02    7.8772586585E-01   -4.1278449575E-01   -4.3155980637E+00    7.1170530695E-02
    2.1519980000E-02    7.7893765661E-01   -4.0491035527E-01   -4.2788353400E+00    7.1164827236E-02
    2.1559980000E-02    7.7025818420E-01   -3.9662784859E-01   -4.2414028510E+00    7.1160169983E-02
    2.1599980000E-02    7.6173265375E-01   -3.8796133820E-01   -4.2034081989E+00    7.1156655808E-02
    2.1639980000E-02    7.5340486153E-01   -3.7894015760E-01   -4.1649644571E+00    7.1154376200E-02
    2.1679980000E-02    7.4531690265E-01   -3.6959871657E-01   -4.1261911596E+00    7.1153413467E-02
    2.1719980000E-02    7.3750872071E-01   -3.5997647600E-01   -4.0872148408E+00    7.1153837631E-02
    2.1759980000E-02    7.3001748432E-01   -3.5011771642E-01   -4.0481688984E+00    7.1155704275E-02
    2.1799980000E-02    7.2287682228E-01   -3.4007105064E-01   -4.0091926754E+00    7.1159053307E-02
    2.1839980000E-02    7.1611599481E-01   -3.2988867668E-01   -3.9704298158E+00    7.1163908487E-02
    2.1879980000E-02    7.0975910711E-01   -3.1962542088E-01   -3.9320261076E+00    7.1170277430E-02
    2.1919980000E-02    7.0382447550E-01   -3.0933766549E-01   -3.8941271364E+00    7.1178151936E-02
    2.1959980000E-02    6.9832423276E-01   -2.9908227741E-01   -3.8568760928E+00    7.1187508603E-02
    2.1999980000E-02    6.9326421722E-01   -2.8891564754E-01   -3.8204120176E+00    7.1198309839E-02
    2.2039980000E-02    6.8864414274E-01   -2.7889291884E-01   -3.7848686455E+00    7.1210505449E-02
    2.2079980000E-02    6.8445800765E-01   -2.6906743692E-01   -3.7503738657E+00    7.1224034850E-02
    2.2119980000E-02    6.8069467870E-01   -2.5949041312E-01   -3.7170496998E+00    7.1238829855E-02
    2.2159980000E-02    6.7733858154E-01   -2.5021075898E-01   -3.6850126233E+00    7.1254817716E-02
    2.2199980000E-02    6.7437043897E-01   -2.4127503514E-01   -3.6543740392E+00    7.1271924073E-02
    2.2239980000E-02    6.7176801460E-01   -2.3272745777E-01   -3.6252407335E+00    7.1290075401E-02
    2.2279980000E-02    6.6950683675E-01   -2.2460991592E-01   -3.5977151894E+00    7.1309200646E-02
    2.2319980000E-02    6.6756089134E-01   -2.1696196826E-01   -3.5718956926E+00    7.1329231939E-02
    2.2359980000E-02    6.6590328277E-01   -2.0982080339E-01   -3.5478762074E+00    7.1350104419E-02
    2.2399980000E-02    6.6450686596E-01   -2.0322116055E-01   -3.5257460392E+00    7.1371755342E-02
    2.2439980000E-02    6.6334483978E-01   -1.9719521584E-01   -3.5055893293E+00    7.1394122769E-02
    2.2479980000E-02    6.6239131135E-01   -1.9177244483E-01   -3.4874844292E+00    7.1417144098E-02
    2.2519980000E-02    6.6162182947E-01   -1.8697947436E-01   -3.4715032112E+00    7.1440754725E-02
    2.2559980000E-02    6.6101388184E-01   -1.8283993517E-01   -3.4577103647E+00    7.1464886988E-02
    2.2599980000E-02    6.6054735007E-01   -1.7937432479E-01   -3.4461627204E+00    7.1489469512E-02
    2.2639980000E-02    6.6020491541E-01   -1.7659988724E-01   -3.4369086347E+00    7.1514426987E-02
    2.2679980000E-02    6.5997240815E-01   -1.7453051309E-01   -3.4299874580E+00    7.1539680334E-02
    2.2719980000E-02    6.5983909460E-01   -1.7317666086E-01   -3.4254290991E+00    7.1565147209E-02
    2.2759980000E-02    6.5979789624E-01   -1.7254529905E-01   -3.4232536962E+00    7.1590742760E-02
    2.2799980000E-02    6.5984553739E-01   -1.7263986725E-01   -3.4234713945E+00    7.1616380564E-02
    2.2839980000E-02    6.5998261855E-01   -1.7346025494E-01   -3.4260822341E+00    7.1641973652E-02
    2.2879980000E-02    6.6021361388E-01   -1.7500279714E-01   -3.4310761473E+00    7.1667435572E-02
    2.2919980000E-02    6.6054678791E-01   -1.7726028649E-01   -3.4384330681E+00    7.1692681415E-02
    2.2959980000E-02    6.6099404371E-01   -1.8022200447E-01   -3.4481231514E+00    7.1717628733E-02
    2.2999980000E-02    6.6157070278E-01   -1.8387377313E-01   -3.4601071043E+00    7.1742198270E-02
    2.3039980000E-02    6.6229521344E-01   -1.8819802861E-01   -3.4743366273E+00    7.1766314439E-02
    2.3079980000E-02    6.6318879728E-01   -1.9317391777E-01   -3.4907549603E+00    7.1789905454E-02
    2.3119980000E-02    6.6427504030E-01   -1.9877741678E-01   -3.5092975167E+00    7.1812903079E-02
    2.3159980000E-02    6.6557943626E-01   -2.0498146785E-01   -3.5298925837E+00    7.1835241956E-02
    2.3199980000E-02    6.6712888892E-01   -2.1175612655E-01   -3.5524620528E+00    7.1856858571E-02
    2.3239980000E-02    6.6895117932E-01   -2.1906870926E-01   -3.5769221350E+00    7.1877689956E-02
    2.3279980000E-02    6.7107440131E-01   -2.2688392721E-01   -3.6031840037E+00    7.1897672335E-02
    2.3319980000E-02    6.7352636559E-01   -2.3516399296E-01   -3.6311543039E+00    7.1916739960E-02
    2.3359980000E-02    6.7633396937E-01   -2.4386868731E-01   -3.6607354687E+00    7.1934824417E-02
    2.3399980000E-02    6.7952252632E-01   -2.5295538017E-01   -3.6918257969E+00    7.1951854665E-02
    2.3439980000E-02    6.8311505263E-01   -2.6237901004E-01   -3.7243192742E+00    7.1967757930E-02
    2.3479980000E-02    6.8713151036E-01   -2.7209204139E-01   -3.7581051644E+00    7.1982461481E-02
    2.3519980000E-02    6.9158802012E-01   -2.8204443727E-01   -3.7930674533E+00    7.1995895099E-02
    2.3559980000E-02    6.9649607428E-01   -2.9218370136E-01   -3.8290842911E+00    7.2007993928E-02
    2.3599980000E-02    7.0186180320E-01   -3.0245505354E-01   -3.8660276263E+00    7.2018701348E-02
    2.3639980000E-02    7.0768536208E-01   -3.1280180033E-01   -3.9037632441E+00    7.2027971524E-02
    2.3679980000E-02    7.1396051476E-01   -3.2316594081E-01   -3.9421513878E+00    7.2035771469E-02
    2.3719980000E-02    7.2067448252E-01   -3.3348901008E-01   -3.9810480477E+00    7.2042082601E-02
    2.3759980000E-02    7.2780809578E-01   -3.4371311334E-01   -4.0203068636E+00    7.2046901934E-02
    2.3799980000E-02    7.3533624036E-01   -3.5378205680E-01   -4.0597814290E+00    7.2050243017E-02
    2.3839980000E-02    7.4322853783E-01   -3.6364245349E-01   -4.0993276697E+00    7.2052136645E-02
    2.3879980000E-02    7.5145015843E-01   -3.7324468303E-01   -4.1388059265E+00    7.2052631156E-02
    2.3919980000E-02    7.5996264830E-01   -3.8254361674E-01   -4.1780824263E+00    7.2051791997E-02
    2.3959980000E-02    7.6872466630E-01   -3.9149907255E-01   -4.2170299679E+00    7.2049700234E-02
    2.3999980000E-02    7.7769256488E-01   -4.0007602119E-01   -4.2555278260E+00    7.2046449849E-02
    2.4039980000E-02    7.8682080029E-01   -4.0824460829E-01   -4.2934610409E+00    7.2042143932E-02
    2.4079980000E-02    7.9606220420E-01   -4.1598007578E-01   -4.3307193657E+00    7.2036890180E-02
    2.4119980000E-02    8.0536817889E-01   -4.2326265852E-01   -4.3671961674E+00    7.2030796287E-02
    2.4159980000E-02    8.1468888658E-01   -4.3007750573E-01   -4.4027875310E+00    7.2023965866E-02
    2.4199980000E-02    8.2397349121E-01   -4.3641464321E-01   -4.4373917214E+00    7.2016495400E-02
    2.4239980000E-02    8.3317048690E-01   -4.4226896095E-01   -4.4709090498E+00    7.2008472498E-02
    2.4279980000E-02    8.4222811906E-01   -4.4764019151E-01   -4.5032420966E+00    7.1999975452E-02
    2.4319980000E-02    8.5109488010E-01   -4.5253283714E-01   -4.5342961869E+00    7.1991073853E-02
    2.4359980000E-02    8.5972004691E-01   -4.5695600922E-01   -4.5639799880E+00    7.1981829875E-02
    2.4399980000E-02    8.6805422205E-01   -4.6092315551E-01   -4.5922061148E+00    7.1972299803E-02
    2.4439980000E-02    8.7604984477E-01   -4.6445166612E-01   -4.6188916564E+00    7.1962535407E-02
    2.4479980000E-02    8.8366164432E-01   -4.6756236385E-01   -4.6439585803E+00    7.1952584945E-02
    2.4519980000E-02    8.9084702037E-01   -4.7027889457E-01   -4.6673340069E+00    7.1942493635E-02
    2.4559980000E-02    8.9756634658E-01   -4.7262703862E-01   -4.6889503708E+00    7.1932303646E-02
    2.4599980000E-02    9.0378319852E-01   -4.7463396840E-01   -4.7087455024E+00    7.1922053685E-02
    2.4639980000E-02    9.0946451245E-01   -4.7632747671E-01   -4.7266626669E+00    7.1911778364E-02
    2.4679980000E-02    9.1458068453E-01   -4.7773519945E-01   -4.7426505916E+00    7.1901507496E-02
    2.4719980000E-02    9.1910562092E-01   -4.7888385404E-01   -4.7566635039E+00    7.1891265472E-02
    2.4759980000E-02    9.2301674959E-01   -4.7979851305E-01   -4.7686611923E+00    7.1881070861E-02
    2.4799980000E-02    9.2629500404E-01   -4.8050193061E-01   -4.7786090930E+00    7.1870936276E-02
    2.4839980000E-02    9.2892478894E-01   -4.8101393728E-01   -4.7864783953E+00    7.1860868572E-02
    2.4879980000E-02    9.3089393662E-01   -4.8135091756E-01   -4.7922461583E+00    7.1850869350E-02
    2.4919980000E-02    9.3219366261E-01   -4.8152538215E-01   -4.7958954253E+00    7.1840935759E-02
    2.4959980000E-02    9.3281852705E-01   -4.8154564502E-01   -4.7974153244E+00    7.1831061533E-02
    2.4999980000E-02    9.3276640759E-01   -4.8141561309E-01   -4.7968011456E+00    7.1821238206E-02
    2.5039980000E-02    9.3203848707E-01   -4.8113469364E-01   -4.7940543876E+00    7.1811456422E-02
    2.5079980000E-02    9.3063925768E-01   -4.8069782190E-01   -4.7891827688E+00    7.1801707278E-02
    2.5119980000E-02    9.2857654077E-01   -4.8009560821E-01   -4.7822002043E+00    7.1791983613E-02
    2.5159980000E-02    9.2586151956E-01   -4.7931460149E-01   -4.7731267521E+00    7.1782281164E-02
    2.5199980000E-02    9.2250877992E-01   -4.7833766268E-01   -4.7619885351E+00    7.1772599540E-02
    2.5239980000E-02    9.1853635274E-01   -4.7714443947E-01   -4.7488176485E+00    7.1762942938E-02
    2.5279980000E-02    9.1396575015E-01   -4.7571193097E-01   -4.7336520646E+00    7.1753320579E-02
    2.5319980000E-02    9.0882198684E-01   -4.7401512910E-01   -4.7165355439E+00    7.1743746834E-02
    2.5359980000E-02    9.0313357688E-01   -4.7202772140E-01   -4.6975175623E+00    7.1734241069E-02
    2.5399980000E-02    8.9693249637E-01   -4.6972283852E-01   -4.6766532558E+00    7.1724827261E-02
    2.5439980000E-02    8.9025410137E-01   -4.6707382748E-01   -4.6540033802E+00    7.1715533459E-02
    2.5479980000E-02    8.8313699134E-01   -4.6405503086E-01   -4.6296342707E+00    7.1706391240E-02
    2.5519980000E-02    8.7562280850E-01   -4.6064254966E-01   -4.6036177803E+00    7.1697435292E-02
    2.5559980000E-02    8.6775596585E-01   -4.5681496680E-01   -4.5760311675E+00    7.1688703278E-02
    2.5599980000E-02    8.5958330010E-01   -4.5255400739E-01   -4.5469569042E+00    7.1680236118E-02
    2.5639980000E-02    8.5115365169E-01   -4.4784511354E-01   -4.5164823795E+00    7.1672078718E-02
    2.5679980000E-02    8.4251738194E-01   -4.4267791509E-01   -4.4846994949E+00    7.1664281129E-02
    2.5719980000E-02    8.3372584677E-01   -4.3704658540E-01   -4.4517041724E+00    7.1656899942E-02
    2.5759980000E-02    8.2483085467E-01   -4.3095008198E-01   -4.4175958314E+00    7.1649999639E-02
    2.5799980000E-02    8.1588414210E-01   -4.2439228507E-01   -4.3824769201E+00    7.1643653509E-02
    2.5839980000E-02    8.0693689890E-01   -4.1738205909E-01   -4.3464526071E+00    7.1637943749E-02
    2.5879980000E-02    7.9803936633E-01   -4.0993327077E-01   -4.3096307341E+00    7.1632960439E-02
    2.5919980000E-02    7.8924051121E-01   -4.0206479760E-01   -4.2721220921E+00    7.1628799252E-02
    2.5959980000E-02    7.8058775858E-01   -3.9380054779E-01   -4.2340410184E+00    7.1625558016E-02
    2.5999980000E-02    7.7212674264E-01   -3.8516949184E-01   -4.1955062161E+00    7.1623332479E-02
    2.6039980000E-02    7.6390102045E-01   -3.7620567696E-01   -4.1566416140E+00    7.1622211818E-02
    2.6079980000E-02    7.5595169348E-01   -3.6694817012E-01   -4.1175770179E+00    7.1622274501E-02
    2.6119980000E-02    7.4831690066E-01   -3.5744086096E-01   -4.0784482993E+00    7.1623585014E-02
    2.6159980000E-02    7.4103118191E-01   -3.4773206160E-01   -4.0393969265E+00    7.1626191793E-02
    2.6199980000E-02    7.3412475384E-01   -3.3787386868E-01   -4.0005687674E+00    7.1630126381E-02
    2.6239980000E-02    7.2762277782E-01   -3.2792129791E-01   -3.9621122474E+00    7.1635403659E-02
    2.6279980000E-02    7.2154472081E-01   -3.1793125075E-01   -3.9241760951E+00    7.1642022815E-02
    2.6319980000E-02    7.1590390489E-01   -3.0796141154E-01   -3.8869069963E+00    7.1649968757E-02
    2.6359980000E-02    7.1070731344E-01   -2.9806918821E-01   -3.8504474882E+00    7.1659213754E-02
    2.6399980000E-02    7.0595567959E-01   -2.8831079805E-01   -3.8149343543E+00    7.1669719220E-02
    2.6439980000E-02    7.0164383534E-01   -2.7874056586E-01   -3.7804976555E+00    7.1681437623E-02
    2.6479980000E-02    6.9776126900E-01   -2.6941045737E-01   -3.7472603972E+00    7.1694314517E-02
    2.6519980000E-02    6.9429282365E-01   -2.6036982920E-01   -3.7153387126E+00    7.1708290617E-02
    2.6559980000E-02    6.9121946897E-01   -2.5166534727E-01   -3.6848423804E+00    7.1723303775E-02
    2.6599980000E-02    6.8851909142E-01   -2.4334101236E-01   -3.6558754729E+00    7.1739290680E-02
    2.6639980000E-02    6.8616726600E-01   -2.3543823290E-01   -3.6285369584E+00    7.1756188099E-02
    2.6679980000E-02    6.8413798975E-01   -2.2799589664E-01   -3.6029211294E+00    7.1773933579E-02
    2.6719980000E-02    6.8240437047E-01   -2.2105040947E-01   -3.5791177853E+00    7.1792465596E-02
    2.6759980000E-02    6.8093927193E-01   -2.1463568614E-01   -3.5572121522E+00    7.1811723221E-02
    2.6799980000E-02    6.7971591968E-01   -2.0878309155E-01   -3.5372845617E+00    7.1831645486E-02
    2.6839980000E-02    6.7870847063E-01   -2.0352134086E-01   -3.5194099396E+00    7.1852170597E-02
    2.6879980000E-02    6.7789254759E-01   -1.9887637183E-01   -3.5036571654E+00    7.1873235167E-02
    2.6919980000E-02    6.7724573615E-01   -1.9487120404E-01   -3.4900883683E+00    7.1894773609E-02
    2.6959980000E-02    6.7674803932E-01   -1.9152579849E-01   -3.4787582169E+00    7.1916717754E-02
    2.6999980000E-02    6.7638228330E-01   -1.8885692805E-01   -3.4697132507E+00    7.1938996736E-02
    2.7039980000E-02    6.7613446713E-01   -1.8687806550E-01   -3.4629912890E+00    7.1961537121E-02
    2.7079980000E-02    6.7599404960E-01   -1.8559929312E-01   -3.4586209410E+00    7.1984263267E-02
    2.7119980000E-02    6.7595416963E-01   -1.8502723510E-01   -3.4566212327E+00    7.2007097841E-02
    2.7159980000E-02    6.7601179222E-01   -1.8516501243E-01   -3.4570013580E+00    7.2029962457E-02
    2.7199980000E-02    6.7616777397E-01   -1.8601221929E-01   -3.4597605595E+00    7.2052778377E-02
    2.7239980000E-02    6.7642685392E-01   -1.8756492125E-01   -3.4648881396E+00    7.2075467237E-02
    2.7279980000E-02    6.7679756722E-01   -1.8981567512E-01   -3.4723636015E+00    7.2097951733E-02
    2.7319980000E-02    6.7729208317E-01   -1.9275357150E-01   -3.4821569211E+00    7.2120156239E-02
    2.7359980000E-02    6.7792597107E-01   -1.9636430089E-01   -3.4942289452E+00    7.2142007293E-02
    2.7399980000E-02    6.7871789903E-01   -2.0063024342E-01   -3.5085319074E+00    7.2163433908E-02
    2.7439980000E-02    6.7968927193E-01   -2.0553058071E-01   -3.5250100458E+00    7.2184367666E-02
    2.7479980000E-02    6.8086381584E-01   -2.1104142524E-01   -3.5436002955E+00    7.2204742564E-02
    2.7519980000E-02    6.8226711581E-01   -2.1713595895E-01   -3.5642330164E+00    7.2224494628E-02
    2.7559980000E-02    6.8392611300E-01   -2.2378456931E-01   -3.5868327029E+00    7.2243561326E-02
    2.7599980000E-02    6.8586856479E-01   -2.3095496786E-01   -3.6113186135E+00    7.2261880884E-02
    2.7639980000E-02    6.8812246801E-01   -2.3861227529E-01   -3.6376052496E+00    7.2279391636E-02
    2.7679980000E-02    6.9071544216E-01   -2.4671905968E-01   -3.6656026187E+00    7.2296031569E-02
    2.7719980000E-02    6.9367406683E-01   -2.5523532076E-01   -3.6952162339E+00    7.2311738229E-02
    2.7759980000E-02    6.9702316824E-01   -2.6411842491E-01   -3.7263468325E+00    7.2326449088E-02
    2.7799980000E-02    7.0078505460E-01   -2.7332301148E-01   -3.7588898462E+00    7.2340102440E-02
    2.7839980000E-02    7.0497870642E-01   -2.8280090937E-01   -3.7927347130E+00    7.2352638765E-02
    2.7879980000E-02    7.0961894828E-01   -2.9250111999E-01   -3.8277641858E+00    7.2364002449E-02
    2.7919980000E-02    7.1471564914E-01   -3.0236993251E-01   -3.8638538332E+00    7.2374143699E-02
    2.7959980000E-02    7.2027301586E-01   -3.1235123438E-01   -3.9008719492E+00    7.2383020510E-02
    2.7999980000E-02    7.2628905511E-01   -3.2238706032E-01   -3.9386800466E+00    7.2390600613E-02
    2.8039980000E-02    7.3275527322E-01   -3.3241838656E-01   -3.9771340243E+00    7.2396863386E-02
    2.8079980000E-02    7.3965665906E-01   -3.4238613014E-01   -4.0160859593E+00    7.2401801741E-02
    2.8119980000E-02    7.4697195417E-01   -3.5223226895E-01   -4.0553863327E+00    7.2405423951E-02
    2.8159980000E-02    7.5467416646E-01   -3.6190096924E-01   -4.0948863833E+00    7.2407755211E-02
    2.8199980000E-02    7.6273124400E-01   -3.7133960578E-01   -4.1344402383E+00    7.2408838614E-02
    2.8239980000E-02    7.7110680573E-01   -3.8049958663E-01   -4.1739065222E+00    7.2408735132E-02
    2.8279980000E-02    7.7976083358E-01   -3.8933694093E-01   -4.2131492648E+00    7.2407522276E-02
    2.8319980000E-02    7.8865026144E-01   -3.9781268007E-01   -4.2520380983E+00    7.2405291318E-02
    2.8359980000E-02    7.9772943978E-01   -4.0589298225E-01   -4.2904478803E+00    7.2402143295E-02
    2.8399980000E-02    8.0695049600E-01   -4.1354926941E-01   -4.3282579823E+00    7.2398184282E-02
    2.8439980000E-02    8.1626363784E-01   -4.2075824033E-01   -4.3653515068E+00    7.2393520590E-02
    2.8479980000E-02    8.2561745553E-01   -4.2750190139E-01   -4.4016146531E+00    7.2388254592E-02
    2.8519980000E-02    8.3495926862E-01   -4.3376760704E-01   -4.4369363677E+00    7.2382481644E-02
    2.8559980000E-02    8.4423554292E-01   -4.3954809547E-01   -4.4712083174E+00    7.2376288390E-02
    2.8599980000E-02    8.5339237884E-01   -4.4484148836E-01   -4.5043251377E+00    7.2369752359E-02
    2.8639980000E-02    8.6237605321E-01   -4.4965121842E-01   -4.5361848635E+00    7.2362942598E-02
    2.8679980000E-02    8.7113358468E-01   -4.5398585429E-01   -4.5666894293E+00    7.2355920904E-02
    2.8719980000E-02    8.7961329013E-01   -4.5785880396E-01   -4.5957451465E+00    7.2348743212E-02
    2.8759980000E-02    8.8776530376E-01   -4.6128789134E-01   -4.6232630942E+00    7.2341460763E-02
    2.8799980000E-02    8.9554203848E-01   -4.6429481303E-01   -4.6491593999E+00    7.2334120845E-02
    2.8839980000E-02    9.0289857839E-01   -4.6690449073E-01   -4.6733554164E+00    7.2326766993E-02
    2.8879980000E-02    9.0979299864E-01   -4.6914434025E-01   -4.6957778236E+00    7.2319438709E-02
    2.8919980000E-02    9.1618661499E-01   -4.7104348005E-01   -4.7163586916E+00    7.2312170830E-02
    2.8959980000E-02    9.2204416840E-01   -4.7263190264E-01   -4.7350355398E+00    7.2304992717E-02
    2.8999980000E-02    9.2733395221E-01   -4.7393963159E-01   -4.7517514181E+00    7.2297927437E-02
    2.9039980000E-02    9.3202788980E-01   -4.7499588585E-01   -4.7664550257E+00    7.2290991102E-02
    2.9079980000E-02    9.3610157141E-01   -4.7582827259E-01   -4.7791008694E+00    7.2284192474E-02
    2.9119980000E-02    9.3953425847E-01   -4.7646202872E-01   -4.7896494556E+00    7.2277532908E-02
    2.9159980000E-02    9.4230886449E-01   -4.7691933028E-01   -4.7980675015E+00    7.2271006660E-02
    2.9199980000E-02    9.4441192180E-01   -4.7721868754E-01   -4.8043281507E+00    7.2264601550E-02
    2.9239980000E-02    9.4583354270E-01   -4.7737444177E-01   -4.8084111735E+00    7.2258299950E-02
    2.9279980000E-02    9.4656738303E-01   -4.7739637742E-01   -4.8103031368E+00    7.2252080025E-02
    2.9319980000E-02    9.4661061486E-01   -4.7728946065E-01   -4.8099975315E+00    7.2245917180E-02
    2.9359980000E-02    9.4596391267E-01   -4.7705371143E-01   -4.8074948464E+00    7.2239785611E-02
    2.9399980000E-02    9.4463145565E-01   -4.7668421338E-01   -4.8028025856E+00    7.2233659901E-02
    2.9439980000E-02    9.4262094533E-01   -4.7617126094E-01   -4.7959352270E+00    7.2227516567E-02
    2.9479980000E-02    9.3994363597E-01   -4.7550064030E-01   -4.7869141279E+00    7.2221335490E-02
    2.9519980000E-02    9.3661437203E-01   -4.7465403606E-01   -4.7757673840E+00    7.2215101144E-02
    2.9559980000E-02    9.3265162586E-01   -4.7360955292E-01   -4.7625296560E+00    7.2208803579E-02
    2.9599980000E-02    9.2807752694E-01   -4.7234233782E-01   -4.7472419762E+00    7.2202439076E-02
    2.9639980000E-02    9.2291787380E-01   -4.7082528628E-01   -4.7299515546E+00    7.2196010487E-02
    2.9679980000E-02    9.1720211947E-01   -4.6902981419E-01   -4.7107115982E+00    7.2189527215E-02
    2.9719980000E-02    9.1096332142E-01   -4.6692667529E-01   -4.6895811574E+00    7.2183004904E-02
    2.9759980000E-02    9.0423804770E-01   -4.6448680358E-01   -4.6666250065E+00    7.2176464897E-02
    2.9799980000E-02    8.9706623113E-01   -4.6168215928E-01   -4.6419135551E+00    7.2169933577E-02
    2.9839980000E-02    8.8949096429E-01   -4.5848655639E-01   -4.6155227789E+00    7.2163441737E-02
    2.9879980000E-02    8.8155822884E-01   -4.5487644963E-01   -4.5875341463E+00    7.2157024152E-02
    2.9919980000E-02    8.7331655498E-01   -4.5083165834E-01   -4.5580345111E+00    7.2150719487E-02
    2.9959980000E-02    8.6481661031E-01   -4.4633600585E-01   -4.5271159404E+00    7.2144570644E-02
    2.9999980000E-02    8.5611072273E-01   -4.4137785546E-01   -4.4948754570E+00    7.2138625569E-02
    3.0039980000E-02    8.4725234959E-01   -4.3595052902E-01   -4.4614146926E+00    7.2132938397E-02
    3.0079980000E-02    8.3829551302E-01   -4.3005260270E-01   -4.4268394790E+00    7.2127570695E-02
    3.0119980000E-02    8.2929422803E-01   -4.2368808492E-01   -4.3912594335E+00    7.2122592458E-02
    3.0159980000E-02    8.2030195248E-01   -4.1686649304E-01   -4.3547876204E+00    7.2118082436E-02
    3.0199980000E-02    8.1137108384E-01   -4.0960285480E-01   -4.3175403773E+00    7.2114127432E-02
    3.0239980000E-02    8.0255251624E-01   -4.0191766340E-01   -4.2796373750E+00    7.2110820360E-02
    3.0279980000E-02    7.9389525299E-01   -3.9383680947E-01   -4.2412019269E+00    7.2108257059E-02
    3.0319980000E-02    7.8544605031E-01   -3.8539149715E-01   -4.2023614912E+00    7.2106532162E-02
    3.0359980000E-02    7.7724905240E-01   -3.7661812892E-01   -4.1632482229E+00    7.2105734522E-02
    3.0399980000E-02    7.6934537462E-01   -3.6755812024E-01   -4.1239993705E+00    7.2105942850E-02
    3.0439980000E-02    7.6177260320E-01   -3.5825759040E-01   -4.0847572918E+00    7.2107222186E-02
    3.0479980000E-02    7.5456420780E-01   -3.4876687732E-01   -4.0456689042E+00    7.2109621630E-02
    3.0519980000E-02    7.4774889895E-01   -3.3913984573E-01   -4.0068844884E+00    7.2113173512E-02
    3.0559980000E-02    7.4134999670E-01   -3.2943299593E-01   -3.9685559037E+00    7.2117893857E-02
    3.0599980000E-02    7.3538489660E-01   -3.1970442468E-01   -3.9308344121E+00    7.2123783812E-02
    3.0639980000E-02    7.2986471773E-01   -3.1001272608E-01   -3.8938684026E+00    7.2130831617E-02
    3.0679980000E-02    7.2479419401E-01   -3.0041593709E-01   -3.8578013289E+00    7.2139014735E-02
    3.0719980000E-02    7.2017183228E-01   -2.9097062430E-01   -3.8227701197E+00    7.2148301893E-02
    3.0759980000E-02    7.1599032018E-01   -2.8173117913E-01   -3.7889042058E+00    7.2158654930E-02
    3.0799980000E-02    7.1223713496E-01   -2.7274934743E-01   -3.7563251818E+00    7.2170030395E-02
    3.0839980000E-02    7.0889528745E-01   -2.6407397904E-01   -3.7251469987E+00    7.2182380922E-02
    3.0879980000E-02    7.0594413478E-01   -2.5575095266E-01   -3.6954765141E+00    7.2195656349E-02
    3.0919980000E-02    7.0336020677E-01   -2.4782321591E-01   -3.6674141975E+00    7.2209804576E-02
    3.0959980000E-02    7.0111800785E-01   -2.4033088000E-01   -3.6410548095E+00    7.2224772132E-02
    3.0999980000E-02    6.9919077389E-01   -2.3331131861E-01   -3.6164879151E+00    7.2240504447E-02
    3.1039980000E-02    6.9755117655E-01   -2.2679923664E-01   -3.5937981528E+00    7.2256945864E-02
    3.1079980000E-02    6.9617197658E-01   -2.2082669127E-01   -3.5730652331E+00    7.2274039456E-02
    3.1119980000E-02    6.9502663023E-01   -2.1542306240E-01   -3.5543636863E+00    7.2291726736E-02
    3.1159980000E-02    6.9408985277E-01   -2.1061497992E-01   -3.5377624091E+00    7.2309947358E-02
    3.1199980000E-02    6.9333813812E-01   -2.0642622064E-01   -3.5233240751E+00    7.2328638872E-02
    3.1239980000E-02    6.9275023732E-01   -2.0287758988E-01   -3.5111044747E+00    7.2347736604E-02
    3.1279980000E-02    6.9230759281E-01   -1.9998680118E-01   -3.5011518474E+00    7.2367173675E-02
    3.1319980000E-02    6.9199471695E-01   -1.9776836480E-01   -3.4935062558E+00    7.2386881156E-02
    3.1359980000E-02    6.9179950960E-01   -1.9623349198E-01   -3.4881990424E+00    7.2406788354E-02
    3.1399980000E-02    6.9171350849E-01   -1.9539001919E-01   -3.4852523913E+00    7.2426823186E-02
    3.1439980000E-02    6.9173206674E-01   -1.9524235405E-01   -3.4846790160E+00    7.2446912625E-02
    3.1479980000E-02    6.9185445377E-01   -1.9579144329E-01   -3.4864819795E+00    7.2466983182E-02
    3.1519980000E-02    6.9208387733E-01   -1.9703476291E-01   -3.4906546522E+00    7.2486961408E-02
    3.1559980000E-02    6.9242742612E-01   -1.9896633039E-01   -3.4971808101E+00    7.2506774390E-02
    3.1599980000E-02    6.9289593470E-01   -2.0157673942E-01   -3.5060348696E+00    7.2526350217E-02
    3.1639980000E-02    6.9350377372E-01   -2.0485321720E-01   -3.5171822548E+00    7.2545618403E-02
    3.1679980000E-02    6.9426857049E-01   -2.0877970357E-01   -3.5305798843E+00    7.2564510228E-02
    3.1719980000E-02    6.9521086592E-01   -2.1333694924E-01   -3.5461767577E+00    7.2582958987E-02
    3.1759980000E-02    6.9635371452E-01   -2.1850262769E-01   -3.5639146097E+00    7.2600900118E-02
    3.1799980000E-02    6.9772223388E-01   -2.2425145140E-01   -3.5837285874E+00    7.2618271208E-02
    3.1839980000E-02    6.9934310860E-01   -2.3055527999E-01   -3.6055478923E+00    7.2635011887E-02
    3.1879980000E-02    7.0124405171E-01   -2.3738320494E-01   -3.6292963196E+00    7.2651063653E-02
    3.1919980000E-02    7.0345321593E-01   -2.4470159593E-01   -3.6548926267E+00    7.2666369687E-02
    3.1959980000E-02    7.0599855685E-01   -2.5247409745E-01   -3.6822506654E+00    7.2680874733E-02
    3.1999980000E-02    7.0890714489E-01   -2.6066157249E-01   -3.7112792407E+00    7.2694525117E-02
    3.2039980000E-02    7.1220441931E-01   -2.6922200319E-01   -3.7418816937E+00    7.2707268978E-02
    3.2079980000E-02    7.1591338644E-01   -2.7811037530E-01   -3.7739552609E+00    7.2719056723E-02
    3.2119980000E-02    7.2005377615E-01   -2.8727859114E-01   -3.8073903244E+00    7.2729841737E-02
    3.2159980000E-02    7.2464118791E-01   -2.9667547031E-01   -3.8420697195E+00    7.2739581318E-02
    3.2199980000E-02    7.2968627611E-01   -3.0624690274E-01   -3.8778683047E+00    7.2748237828E-02
    3.2239980000E-02    7.3519404003E-01   -3.1593621076E-01   -3.9146529941E+00    7.2755780095E-02
    3.2279980000E-02    7.4116328872E-01   -3.2568475170E-01   -3.9522833990E+00    7.2762185071E-02
    3.2319980000E-02    7.4758634115E-01   -3.3543275478E-01   -3.9906131210E+00    7.2767439801E-02
    3.2359980000E-02    7.5444899465E-01   -3.4512034170E-01   -4.0294916083E+00    7.2771543612E-02
    3.2399980000E-02    7.6173075516E-01   -3.5468864333E-01   -4.0687663543E+00    7.2774510339E-02
    3.2439980000E-02    7.6940528168E-01   -3.6408090591E-01   -4.1082851359E+00    7.2776370204E-02
    3.2479980000E-02    7.7744096663E-01   -3.7324348729E-01   -4.1478979771E+00    7.2777170890E-02
    3.2519980000E-02    7.8580156398E-01   -3.8212667396E-01   -4.1874585942E+00    7.2776977345E-02
    3.2559980000E-02    7.9444679047E-01   -3.9068529360E-01   -4.2268252092E+00    7.2775870072E-02
    3.2599980000E-02    8.0333285643E-01   -3.9887914057E-01   -4.2658607678E+00    7.2773941936E-02
    3.2639980000E-02    8.1241291978E-01   -4.0667326029E-01   -4.3044327165E+00    7.2771293874E-02
    3.2679980000E-02    8.2163748803E-01   -4.1403814645E-01   -4.3424125600E+00    7.2768030115E-02
    3.2719980000E-02    8.3095480914E-01   -4.2094989444E-01   -4.3796754145E+00    7.2764253644E-02
    3.2759980000E-02    8.4031129141E-01   -4.2739033167E-01   -4.4160997153E+00    7.2760062500E-02
    3.2799980000E-02    8.4965197853E-01   -4.3334712170E-01   -4.4515671563E+00    7.2755547323E-02
    3.2839980000E-02    8.5892108567E-01   -4.3881382039E-01   -4.4859628539E+00    7.2750790224E-02
    3.2879980000E-02    8.6806258368E-01   -4.4378985466E-01   -4.5191756719E+00    7.2745864780E-02
    3.2919980000E-02    8.7702080567E-01   -4.4828039601E-01   -4.5510986193E+00    7.2740836819E-02
    3.2959980000E-02    8.8574104639E-01   -4.5229610965E-01   -4.5816292349E+00    7.2735765510E-02
    3.2999980000E-02    8.9417012720E-01   -4.5585277194E-01   -4.6106699038E+00    7.2730704402E-02
    3.3039980000E-02    9.0225690715E-01   -4.5897075957E-01   -4.6381280810E+00    7.2725702105E-02
    3.3079980000E-02    9.0995272856E-01   -4.6167442253E-01   -4.6639164292E+00    7.2720802494E-02
    3.3119980000E-02    9.1721179325E-01   -4.6399135802E-01   -4.6879529009E+00    7.2716044432E-02
    3.3159980000E-02    9.2399147039E-01   -4.6595160538E-01   -4.7101608016E+00    7.2711461119E-02
    3.3199980000E-02    9.3025253987E-01   -4.6758678296E-01   -4.7304688709E+00    7.2707079238E-02
    3.3239980000E-02    9.3595937647E-01   -4.6892918875E-01   -4.7488114066E+00    7.2702918061E-02
    3.3279980000E-02    9.4108008025E-01   -4.7001088689E-01   -4.7651284466E+00    7.2698988695E-02
    3.3319980000E-02    9.4558655936E-01   -4.7086280271E-01   -4.7793660081E+00    7.2695293599E-02
    3.3359980000E-02    9.4945457203E-01   -4.7151384963E-01   -4.7914763722E+00    7.2691826438E-02
    3.3399980000E-02    9.5266373530E-01   -4.7199011145E-01   -4.8014183974E+00    7.2688572336E-02
    3.3439980000E-02    9.5519750941E-01   -4.7231410289E-01   -4.8091578374E+00    7.2685508522E-02
    3.3479980000E-02    9.5704316726E-01   -4.7250413002E-01   -4.8146676424E+00    7.2682605333E-02
    3.3519980000E-02    9.5819175855E-01   -4.7257377002E-01   -4.8179282208E+00    7.2679827519E-02
    3.3559980000E-02    9.5863807734E-01   -4.7253148626E-01   -4.8189276468E+00    7.2677135792E-02
    3.3599980000E-02    9.5838064033E-01   -4.7238039103E-01   -4.8176617985E+00    7.2674488537E-02
    3.3639980000E-02    9.5742168018E-01   -4.7211816351E-01   -4.8141344197E+00    7.2671843598E-02
    3.3679980000E-02    9.5576715569E-01   -4.7173712607E-01   -4.8083571034E+00    7.2669160067E-02
    3.3719980000E-02    9.5342677676E-01   -4.7122447661E-01   -4.8003491956E+00    7.2666400003E-02
    3.3759980000E-02    9.5041403942E-01   -4.7056267001E-01   -4.7901376296E+00    7.2663529987E-02
    3.3799980000E-02    9.4674626338E-01   -4.6972993714E-01   -4.7777566989E+00    7.2660522451E-02
    3.3839980000E-02    9.4244462267E-01   -4.6870092545E-01   -4.7632477871E+00    7.2657356720E-02
    3.3879980000E-02    9.3753415955E-01   -4.6744744203E-01   -4.7466590729E+00    7.2654019711E-02
    3.3919980000E-02    9.3204377137E-01   -4.6593927725E-01   -4.7280452324E+00    7.2650506263E-02
    3.3959980000E-02    9.2600616146E-01   -4.6414508545E-01   -4.7074671612E+00    7.2646819109E-02
    3.3999980000E-02    9.1945774596E-01   -4.6203329847E-01   -4.6849917349E+00    7.2642968522E-02
    3.4039980000E-02    9.1243851018E-01   -4.5957304785E-01   -4.6606916202E+00    7.2638971729E-02
    3.4079980000E-02    9.0499180912E-01   -4.5673507212E-01   -4.6346451392E+00    7.2634852196E-02
    3.4119980000E-02    8.9716410780E-01   -4.5349258649E-01   -4.6069361773E+00    7.2630638959E-02
    3.4159980000E-02    8.8900465792E-01   -4.4982209307E-01   -4.5776541126E+00    7.2626366135E-02
    3.4199980000E-02    8.8056510916E-01   -4.4570411120E-01   -4.5468937373E+00    7.2622072774E-02
    3.4239980000E-02    8.7189905584E-01   -4.4112380878E-01   -4.5147551375E+00    7.2617803120E-02
    3.4279980000E-02    8.6306152292E-01   -4.3607151948E-01   -4.4813435058E+00    7.2613607275E-02
    3.4319980000E-02    8.5410840206E-01   -4.3054313492E-01   -4.4467688811E+00    7.2609542126E-02
    3.4359980000E-02    8.4509585561E-01   -4.2454036822E-01   -4.4111458310E+00    7.2605672279E-02
    3.4399980000E-02    8.3607971084E-01   -4.1807089496E-01   -4.3745931243E+00    7.2602070630E-02
    3.4439980000E-02    8.2711486849E-01   -4.1114838689E-01   -4.3372334589E+00    7.2598818186E-02
    3.4479980000E-02    8.1825474611E-01   -4.0379246026E-01   -4.2991933134E+00    7.2596002825E-02
    3.4519980000E-02    8.0955076577E-01   -3.9602856147E-01   -4.2606029643E+00    7.2593716838E-02
    3.4559980000E-02    8.0105188131E-01   -3.8788780530E-01   -4.2215966615E+00    7.2592053378E-02
    3.4599980000E-02    7.9280412493E-01   -3.7940676585E-01   -4.1823128826E+00    7.2591102187E-02
    3.4639980000E-02    7.8485014422E-01   -3.7062720119E-01   -4.1428945225E+00    7.2590945184E-02
    3.4679980000E-02    7.7722870316E-01   -3.6159567658E-01   -4.1034888328E+00    7.2591652589E-02
    3.4719980000E-02    7.6997413639E-01   -3.5236304524E-01   -4.0642469335E+00    7.2593280147E-02
    3.4759980000E-02    7.6311577325E-01   -3.4298375639E-01   -4.0253227837E+00    7.2595867793E-02
    3.4799980000E-02    7.5667737751E-01   -3.3351498692E-01   -3.9868716133E+00    7.2599439783E-02
    3.4839980000E-02    7.5067667068E-01   -3.2401563014E-01   -3.9490479398E+00    7.2604006027E-02
    3.4879980000E-02    7.4512501320E-01   -3.1454521060E-01   -3.9120034059E+00    7.2609564165E-02
    3.4919980000E-02    7.4002730334E-01   -3.0516281666E-01   -3.8758847209E+00    7.2616101910E-02
    3.4959980000E-02    7.3538212505E-01   -2.9592614385E-01   -3.8408319704E+00    7.2623599240E-02
    3.4999980000E-02    7.3118213872E-01   -2.8689072272E-01   -3.8069774737E+00    7.2632030214E-02
    3.5039980000E-02    7.2741467602E-01   -2.7810936986E-01   -3.7744452526E+00    7.2641364313E-02
    3.5079980000E-02    7.2406248548E-01   -2.6963186201E-01   -3.7433510563E+00    7.2651567347E-02
    3.5119980000E-02    7.2110456229E-01   -2.6150480072E-01   -3.7138027983E+00    7.2662601997E-02
    3.5159980000E-02    7.1851700365E-01   -2.5377161461E-01   -3.6859012202E+00    7.2674428113E-02
    3.5199980000E-02    7.1627384705E-01   -2.4647263995E-01   -3.6597405949E+00    7.2687002814E-02
    3.5239980000E-02    7.1434786558E-01   -2.3964522654E-01   -3.6354093176E+00    7.2700280495E-02
    3.5279980001E-02    7.1271130855E-01   -2.3332382906E-01   -3.6129902838E+00    7.2714212773E-02
    3.5319980001E-02    7.1133658550E-01   -2.2754006068E-01   -3.5925610122E+00    7.2728748433E-02
    3.5359980001E-02    7.1019689689E-01   -2.2232270068E-01   -3.5741935152E+00    7.2743833407E-02
    3.5399980001E-02    7.0926681510E-01   -2.1769765935E-01   -3.5579539582E+00    7.2759410819E-02
    3.5439980001E-02    7.0852281781E-01   -2.1368791044E-01   -3.5439021663E+00    7.2775421118E-02
    3.5479980001E-02    7.0794377291E-01   -2.1031340447E-01   -3.5320910442E+00    7.2791802284E-02
    3.5519980001E-02    7.0751137141E-01   -2.0759097567E-01   -3.5225659742E+00    7.2808490115E-02
    3.5559980001E-02    7.0721050282E-01   -2.0553425316E-01   -3.5153642438E+00    7.2825418566E-02
    3.5599980001E-02    7.0702956663E-01   -2.0415358369E-01   -3.5105145450E+00    7.2842520119E-02
    3.5639980001E-02    7.0696071381E-01   -2.0345597050E-01   -3.5080365750E+00    7.2859726170E-02
    3.5679980001E-02    7.0700001287E-01   -2.0344503045E-01   -3.5079407578E+00    7.2876967416E-02
    3.5719980001E-02    7.0714753666E-01   -2.0412097011E-01   -3.5102280959E+00    7.2894174250E-02
    3.5759980001E-02    7.0740736782E-01   -2.0548058118E-01   -3.5148901598E+00    7.2911277142E-02
    3.5799980001E-02    7.0778752264E-01   -2.0751725511E-01   -3.5219092140E+00    7.2928207038E-02
    3.5839980001E-02    7.0829979486E-01   -2.1022101692E-01   -3.5312584757E+00    7.2944895753E-02
    3.5879980001E-02    7.0895952265E-01   -2.1357857752E-01   -3.5429024963E+00    7.2961276381E-02
    3.5919980001E-02    7.0978528115E-01   -2.1757340272E-01   -3.5567976480E+00    7.2977283692E-02
    3.5959980001E-02    7.1079851828E-01   -2.2218579478E-01   -3.5728926858E+00    7.2992854523E-02
    3.5999980001E-02    7.1202313121E-01   -2.2739297907E-01   -3.5911293463E+00    7.3007928130E-02
    3.6039980001E-02    7.1348498720E-01   -2.3316918556E-01   -3.6114429289E+00    7.3022446489E-02
    3.6079980001E-02    7.1521139496E-01   -2.3948571191E-01   -3.6337627983E+00    7.3036354537E-02
    3.6119980001E-02    7.1723052770E-01   -2.4631095494E-01   -3.6580127384E+00    7.3049600340E-02
    3.6159980001E-02    7.1957079567E-01   -2.5361039915E-01   -3.6841110969E+00    7.3062135202E-02
    3.6199980001E-02    7.2226016362E-01   -2.6134655812E-01   -3.7119706768E+00    7.3073913725E-02
    3.6239980001E-02    7.2532540945E-01   -2.6947887622E-01   -3.7414983660E+00    7.3084893845E-02
    3.6279980001E-02    7.2879132420E-01   -2.7796361293E-01   -3.7725945449E+00    7.3095036876E-02
    3.6319980001E-02    7.3267986359E-01   -2.8675374961E-01   -3.8051523690E+00    7.3104307617E-02
    3.6359980001E-02    7.3700927576E-01   -2.9579897244E-01   -3.8390570773E+00    7.3112674573E-02
    3.6399980001E-02    7.4179324725E-01   -3.0504579260E-01   -3.8741855161E+00    7.3120110404E-02
    3.6439980001E-02    7.4704012477E-01   -3.1443785936E-01   -3.9104060676E+00    7.3126592710E-02
    3.6479980001E-02    7.5275227870E-01   -3.2391650173E-01   -3.9475791333E+00    7.3132105263E-02
    3.6519980001E-02    7.5892566901E-01   -3.3342150085E-01   -3.9855582302E+00    7.3136639763E-02
    3.6559980001E-02    7.6554965466E-01   -3.4289205574E-01   -4.0241916408E+00    7.3140198033E-02
    3.6599980001E-02    7.7260705487E-01   -3.5226786856E-01   -4.0633244364E+00    7.3142794431E-02
    3.6639980001E-02    7.8007443403E-01   -3.6149025535E-01   -4.1028006100E+00    7.3144458046E-02
    3.6679980001E-02    7.8792255191E-01   -3.7050318871E-01   -4.1424650328E+00    7.3145234151E-02
    3.6719980001E-02    7.9611690647E-01   -3.7925420196E-01   -4.1821650036E+00    7.3145184428E-02
    3.6759980001E-02    8.0461830202E-01   -3.8769512084E-01   -4.2217512678E+00    7.3144385661E-02
    3.6799980001E-02    8.1338339776E-01   -3.9578262602E-01   -4.2610785132E+00    7.3142926923E-02
    3.6839980001E-02    8.2236522032E-01   -4.0347867683E-01   -4.3000054615E+00    7.3140905606E-02
    3.6879980001E-02    8.3151365051E-01   -4.1075083646E-01   -4.3383947332E+00    7.3138422911E-02
    3.6919980001E-02    8.4077590914E-01   -4.1757253194E-01   -4.3761126687E+00    7.3135579479E-02
    3.6959980001E-02    8.5009706813E-01   -4.2392326536E-01   -4.4130292397E+00    7.3132471784E-02
    3.6999980001E-02    8.5942060364E-01   -4.2978877276E-01   -4.4490181148E+00    7.3129189646E-02
    3.7039980001E-02    8.6868899244E-01   -4.3516111269E-01   -4.4839568748E+00    7.3125814974E-02
    3.7079980001E-02    8.7784433920E-01   -4.4003865955E-01   -4.5177273236E+00    7.3122421530E-02
    3.7119980001E-02    8.8682901265E-01   -4.4442597930E-01   -4.5502158227E+00    7.3119075404E-02
    3.7159980001E-02    8.9558626649E-01   -4.4833357193E-01   -4.5813135869E+00    7.3115835764E-02
    3.7199980001E-02    9.0406082368E-01   -4.5177747578E-01   -4.6109169038E+00    7.3112755544E-02
    3.7239980001E-02    9.1219940873E-01   -4.5477873744E-01   -4.6389272707E+00    7.3109881808E-02
    3.7279980001E-02    9.1995121917E-01   -4.5736275813E-01   -4.6652514698E+00    7.3107255701E-02
    3.7319980001E-02    9.2726833261E-01   -4.5955853231E-01   -4.6898016195E+00    7.3104911986E-02
    3.7359980001E-02    9.3410604942E-01   -4.6139779656E-01   -4.7124952408E+00    7.3102878288E-02
    3.7399980001E-02    9.4042317247E-01   -4.6291410897E-01   -4.7332553751E+00    7.3101174192E-02
    3.7439980001E-02    9.4618222642E-01   -4.6414188052E-01   -4.7520107736E+00    7.3099810387E-02
    3.7479980001E-02    9.5134961964E-01   -4.6511538212E-01   -4.7686961648E+00    7.3098787980E-02
    3.7519980001E-02    9.5589575284E-01   -4.6586775244E-01   -4.7832525930E+00    7.3098098123E-02
    3.7559980001E-02    9.5979507993E-01   -4.6643003349E-01   -4.7956278068E+00    7.3097722022E-02
    3.7599980001E-02    9.6302612889E-01   -4.6683026175E-01   -4.8057766732E+00    7.3097631357E-02
    3.7639980001E-02    9.6557149197E-01   -4.6709264248E-01   -4.8136615875E+00    7.3097789096E-02
    3.7679980001E-02    9.6741779640E-01   -4.6723683339E-01   -4.8192528528E+00    7.3098150689E-02
    3.7719980001E-02    9.6855566668E-01   -4.6727736125E-01   -4.8225290044E+00    7.3098665558E-02
    3.7759980001E-02    9.6897968938E-01   -4.6722319088E-01   -4.8234770601E+00    7.3099278814E-02
    3.7799980001E-02    9.6868838899E-01   -4.6707746136E-01   -4.8220926844E+00    7.3099933145E-02
    3.7839980001E-02    9.6768422042E-01   -4.6683739858E-01   -4.8183802563E+00    7.3100570762E-02
    3.7879980001E-02    9.6597357995E-01   -4.6649440746E-01   -4.8123528395E+00    7.3101135354E-02
    3.7919980001E-02    9.6356683248E-01   -4.6603434091E-01   -4.8040320563E+00    7.3101573963E-02
    3.7959980001E-02    9.6047834899E-01   -4.6543793683E-01   -4.7934478720E+00    7.3101838696E-02
    3.7999980001E-02    9.5672654526E-01   -4.6468140843E-01   -4.7806383031E+00    7.3101888211E-02
    3.8039980001E-02    9.5233391077E-01   -4.6373716863E-01   -4.7656490665E+00    7.3101688911E-02
    3.8079980001E-02    9.4732701628E-01   -4.6257466457E-01   -4.7485331932E+00    7.3101215783E-02
    3.8119980001E-02    9.4173648880E-01   -4.6116129594E-01   -4.7293506329E+00    7.3100452860E-02
    3.8159980001E-02    9.3559694459E-01   -4.5946338892E-01   -4.7081678778E+00    7.3099393303E-02
    3.8199980001E-02    9.2894687228E-01   -4.5744719722E-01   -4.6850576320E+00    7.3098039133E-02
    3.8239980001E-02    9.2182846080E-01   -4.5507990305E-01   -4.6600985457E+00    7.3096400703E-02
    3.8279980001E-02    9.1428736804E-01   -4.5233059217E-01   -4.6333750246E+00    7.3094496009E-02
    3.8319980001E-02    9.0637242737E-01   -4.4917117952E-01   -4.6049771090E+00    7.3092349997E-02
    3.8359980001E-02    8.9813528989E-01   -4.4557726391E-01   -4.5750004057E+00    7.3089994007E-02
    3.8399980001E-02    8.8963000098E-01   -4.4152889228E-01   -4.5435460399E+00    7.3087465494E-02
    3.8439980001E-02    8.8091251174E-01   -4.3701121600E-01   -4.5107205917E+00    7.3084808086E-02
    3.8479980001E-02    8.7204012875E-01   -4.3201502436E-01   -4.4766359823E+00    7.3082071993E-02
    3.8519980001E-02    8.6307091132E-01   -4.2653714464E-01   -4.4414092905E+00    7.3079314616E-02
    3.8559980001E-02    8.5406303075E-01   -4.2058070433E-01   -4.4051625011E+00    7.3076601129E-02
    3.8599980001E-02    8.4507411214E-01   -4.1415525895E-01   -4.3680222165E+00    7.3074004702E-02
    3.8639980001E-02    8.3616058134E-01   -4.0727679729E-01   -4.3301193787E+00    7.3071605996E-02
    3.8679980001E-02    8.2737703739E-01   -3.9996764212E-01   -4.2915890552E+00    7.3069491681E-02
    3.8719980001E-02    8.1877566241E-01   -3.9225626559E-01   -4.2525703244E+00    7.3067751841E-02
    3.8759980001E-02    8.1040566897E-01   -3.8417703298E-01   -4.2132062486E+00    7.3066476435E-02
    3.8799980001E-02    8.0231277290E-01   -3.7576987634E-01   -4.1736438667E+00    7.3065751196E-02
    3.8839980001E-02    7.9453867332E-01   -3.6707988425E-01   -4.1340340824E+00    7.3065653565E-02
    3.8879980001E-02    7.8712052535E-01   -3.5815678216E-01   -4.0945312942E+00    7.3066249298E-02
    3.8919980001E-02    7.8009040567E-01   -3.4905427603E-01   -4.0552926307E+00    7.3067590264E-02
    3.8959980001E-02    7.7347479402E-01   -3.3982924371E-01   -4.0164767177E+00    7.3069713708E-02
    3.8999980001E-02    7.6729411626E-01   -3.3054078459E-01   -3.9782420104E+00    7.3072642932E-02
    3.9039980001E-02    7.6156240876E-01   -3.2124916973E-01   -3.9407448315E+00    7.3076389021E-02
    3.9079980001E-02    7.5628716280E-01   -3.1201476288E-01   -3.9041373409E+00    7.3080953148E-02
    3.9119980001E-02    7.5146939044E-01   -3.0289699753E-01   -3.8685656936E+00    7.3086328890E-02
    3.9159980001E-02    7.4710392456E-01   -2.9395349002E-01   -3.8341686037E+00    7.3092504179E-02
    3.9199980001E-02    7.4317993476E-01   -2.8523934635E-01   -3.8010764501E+00    7.3099462667E-02
    3.9239980001E-02    7.3968161521E-01   -2.7680668655E-01   -3.7694109458E+00    7.3107184459E-02
    3.9279980001E-02    7.3658898731E-01   -2.6870437622E-01   -3.7392852935E+00    7.3115646347E-02
    3.9319980001E-02    7.3387875917E-01   -2.6097792743E-01   -3.7108046749E+00    7.3124821692E-02
    3.9359980001E-02    7.3152519293E-01   -2.5366951662E-01   -3.6840668989E+00    7.3134680143E-02
    3.9399980001E-02    7.2950094570E-01   -2.4681806504E-01   -3.6591630386E+00    7.3145187349E-02
    3.9439980001E-02    7.2777786387E-01   -2.4045933567E-01   -3.6361779299E+00    7.3156304748E-02
    3.9479980001E-02    7.2632772267E-01   -2.3462601393E-01   -3.6151904564E+00    7.3167989512E-02
    3.9519980001E-02    7.2512290959E-01   -2.2934775475E-01   -3.5962735941E+00    7.3180194656E-02
    3.9559980001E-02    7.2413705350E-01   -2.2465119161E-01   -3.5794942347E+00    7.3192869299E-02
    3.9599980001E-02    7.2334560068E-01   -2.2055991218E-01   -3.5649128336E+00    7.3205959057E-02
    3.9639980001E-02    7.2272633732E-01   -2.1709441040E-01   -3.5525829409E+00    7.3219406516E-02
    3.9679980001E-02    7.2225985571E-01   -2.1427202604E-01   -3.5425506798E+00    7.3233151752E-02
    3.9719980001E-02    7.2192995913E-01   -2.1210688199E-01   -3.5348542273E+00    7.3247132846E-02
    3.9759980001E-02    7.2172399977E-01   -2.1060982662E-01   -3.5295233434E+00    7.3261286370E-02
    3.9799980001E-02    7.2163314382E-01   -2.0978838632E-01   -3.5265789828E+00    7.3275547835E-02
    3.9839980001E-02    7.2165255942E-01   -2.0964673081E-01   -3.5260330130E+00    7.3289852079E-02
    3.9879980001E-02    7.2178152335E-01   -2.1018565212E-01   -3.5278880519E+00    7.3304133631E-02
    3.9919980001E-02    7.2202343930E-01   -2.1140255781E-01   -3.5321374337E+00    7.3318327046E-02
    3.9959980001E-02    7.2238577319E-01   -2.1329147828E-01   -3.5387653024E+00    7.3332367258E-02
    3.9999980001E-02    7.2287990566E-01   -2.1584308828E-01   -3.5477468311E+00    7.3346189963E-02
    4.0039980001E-02    7.2352090436E-01   -2.1904474199E-01   -3.5590485548E+00    7.3359732047E-02
    4.0079980001E-02    7.2432722089E-01   -2.2288051988E-01   -3.5726287987E+00    7.3372932079E-02
    4.0119980001E-02    7.2532031777E-01   -2.2733128363E-01   -3.5884381742E+00    7.3385730852E-02
    4.0159980001E-02    7.2652423149E-01   -2.3237473282E-01   -3.6064201011E+00    7.3398071947E-02
    4.0199980001E-02    7.2796507687E-01   -2.3798545421E-01   -3.6265113047E+00    7.3409902304E-02
    4.0239980001E-02    7.2967049636E-01   -2.4413495253E-01   -3.6486422268E+00    7.3421172736E-02
    4.0279980001E-02    7.3166905543E-01   -2.5079165202E-01   -3.6727372886E+00    7.3431838353E-02
    4.0319980001E-02    7.3398958309E-01   -2.5792086066E-01   -3.6987149489E+00    7.3441858839E-02
    4.0359980001E-02    7.3666045488E-01   -2.6548469706E-01   -3.7264875270E+00    7.3451198576E-02
    4.0399980001E-02    7.3970881723E-01   -2.7344199114E-01   -3.7559607909E+00    7.3459826581E-02
    4.0439980001E-02    7.4315975718E-01   -2.8174818466E-01   -3.7870333651E+00    7.3467716305E-02
    4.0479980001E-02    7.4703543143E-01   -2.9035527276E-01   -3.8195960613E+00    7.3474845358E-02
    4.0519980001E-02    7.5135418266E-01   -2.9921183927E-01   -3.8535312865E+00    7.3481195300E-02
    4.0559980001E-02    7.5612968624E-01   -3.0826324158E-01   -3.8887127050E+00    7.3486751662E-02
    4.0599980001E-02    7.6137018304E-01   -3.1745199206E-01   -3.9250053233E+00    7.3491504399E-02
    4.0639980001E-02    7.6707785823E-01   -3.2671836057E-01   -3.9622661117E+00    7.3495448930E-02
    4.0679980001E-02    7.7324841792E-01   -3.3600119007E-01   -4.0003451848E+00    7.3498587821E-02
    4.0719980001E-02    7.7987089512E-01   -3.4523888176E-01   -4.0390874558E+00    7.3500932977E-02
    4.0759980001E-02    7.8692768668E-01   -3.5437047733E-01   -4.0783345737E+00    7.3502508015E-02
    4.0799980001E-02    7.9439479245E-01   -3.6333675321E-01   -4.1179269032E+00    7.3503350308E-02
    4.0839980001E-02    8.0224220580E-01   -3.7208124782E-01   -4.1577053027E+00    7.3503512164E-02
    4.0879980001E-02    8.1043439692E-01   -3.8055116675E-01   -4.1975125279E+00    7.3503060668E-02
    4.0919980001E-02    8.1893083894E-01   -3.8869814180E-01   -4.2371941887E+00    7.3502076034E-02
    4.0959980001E-02    8.2768654627E-01   -3.9647884882E-01   -4.2765992946E+00    7.3500648589E-02
    4.0999980001E-02    8.3665261662E-01   -4.0385550639E-01   -4.3155805061E+00    7.3498874859E-02
    4.1039980001E-02    8.4577678492E-01   -4.1079628062E-01   -4.3539942384E+00    7.3496853372E-02
    4.1079980001E-02    8.5500400331E-01   -4.1727561226E-01   -4.3917007465E+00    7.3494680826E-02
    4.1119980001E-02    8.6427705791E-01   -4.2327446831E-01   -4.4285642733E+00    7.3492449079E-02
    4.1159980001E-02    8.7353722244E-01   -4.2878050721E-01   -4.4644532792E+00    7.3490243207E-02
    4.1199980001E-02    8.8272493746E-01   -4.3378813899E-01   -4.4992407286E+00    7.3488140570E-02
    4.1239980002E-02    8.9178049613E-01   -4.3829846168E-01   -4.5328043805E+00    7.3486210660E-02
    4.1279980002E-02    9.0064471448E-01   -4.4231905987E-01   -4.5650270344E+00    7.3484515383E-02
    4.1319980002E-02    9.0925956664E-01   -4.4586365921E-01   -4.5957967012E+00    7.3483109434E-02
    4.1359980002E-02    9.1756877064E-01   -4.4895163823E-01   -4.6250066978E+00    7.3482040502E-02
    4.1399980002E-02    9.2551831632E-01   -4.5160740529E-01   -4.6525556886E+00    7.3481349173E-02
    4.1439980002E-02    9.3305693146E-01   -4.5385965268E-01   -4.6783477124E+00    7.3481068483E-02
    4.1479980002E-02    9.4013648499E-01   -4.5574050297E-01   -4.7022922412E+00    7.3481223216E-02
    4.1519980002E-02    9.4671232744E-01   -4.5728456526E-01   -4.7243043052E+00    7.3481829055E-02
    4.1559980002E-02    9.5274356876E-01   -4.5852792165E-01   -4.7443047100E+00    7.3482891748E-02
    4.1599980002E-02    9.5819329434E-01   -4.5950706713E-01   -4.7622203513E+00    7.3484406439E-02
    4.1639980002E-02    9.6302872071E-01   -4.6025782978E-01   -4.7779846175E+00    7.3486357290E-02
    4.1679980002E-02    9.6722129477E-01   -4.6081430088E-01   -4.7915378577E+00    7.3488717469E-02
    4.1719980002E-02    9.7074674270E-01   -4.6120780686E-01   -4.8028278832E+00    7.3491449555E-02
    4.1759980002E-02    9.7358507787E-01   -4.6146595604E-01   -4.8118104703E+00    7.3494506358E-02
    4.1799980002E-02    9.7572057939E-01   -4.6161179180E-01   -4.8184498299E+00    7.3497832117E-02
    4.1839980002E-02    9.7714175447E-01   -4.6166308182E-01   -4.8227190170E+00    7.3501364026E-02
    4.1879980002E-02    9.7784129754E-01   -4.6163176837E-01   -4.8246002575E+00    7.3505034009E-02
    4.1919980002E-02    9.7781605760E-01   -4.6152359952E-01   -4.8240851754E+00    7.3508770679E-02
    4.1959980002E-02    9.7706702205E-01   -4.6133795466E-01   -4.8211749110E+00    7.3512501393E-02
    4.1999980002E-02    9.7559932097E-01   -4.6106787102E-01   -4.8158801254E+00    7.3516154333E-02
    4.2039980002E-02    9.7342225115E-01   -4.6070027027E-01   -4.8082208904E+00    7.3519660540E-02
    4.2079980002E-02    9.7054931425E-01   -4.6021637766E-01   -4.7982264705E+00    7.3522955818E-02
    4.2119980002E-02    9.6699825975E-01   -4.5959231876E-01   -4.7859350065E+00    7.3525982455E-02
    4.2159980002E-02    9.6279112041E-01   -4.5879987285E-01   -4.7713931183E+00    7.3528690660E-02
    4.2199980002E-02    9.5795422665E-01   -4.5780735663E-01   -4.7546554496E+00    7.3531039685E-02
    4.2239980002E-02    9.5251818700E-01   -4.5658060793E-01   -4.7357841847E+00    7.3532998569E-02
    4.2279980002E-02    9.4651782314E-01   -4.5508403679E-01   -4.7148485690E+00    7.3534546486E-02
    4.2319980002E-02    9.3999205093E-01   -4.5328171078E-01   -4.6919244671E+00    7.3535672733E-02
    4.2359980002E-02    9.3298370175E-01   -4.5113844252E-01   -4.6670939897E+00    7.3536376388E-02
    4.2399980002E-02    9.2553928084E-01   -4.4862085001E-01   -4.6404452082E+00    7.3536665752E-02
    4.2439980002E-02    9.1770866123E-01   -4.4569836339E-01   -4.6120719660E+00    7.3536557695E-02
    4.2479980002E-02    9.0954471274E-01   -4.4234415552E-01   -4.5820737751E+00    7.3536077037E-02
    4.2519980002E-02    9.0110286565E-01   -4.3853597660E-01   -4.5505557758E+00    7.3535256099E-02
    4.2559980002E-02    8.9244060955E-01   -4.3425687598E-01   -4.5176287183E+00    7.3534134500E-02
    4.2599980002E-02    8.8361692916E-01   -4.2949579676E-01   -4.4834089262E+00    7.3532759223E-02
    4.2639980002E-02    8.7469168250E-01   -4.2424803194E-01   -4.4480182060E+00    7.3531184871E-02
    4.2679980002E-02    8.6572493154E-01   -4.1851553548E-01   -4.4115836810E+00    7.3529473923E-02
    4.2719980002E-02    8.5677624097E-01   -4.1230708716E-01   -4.3742375553E+00    7.3527696732E-02
    4.2759980002E-02    8.4790396501E-01   -4.0563831746E-01   -4.3361168327E+00    7.3525930945E-02
    4.2799980002E-02    8.3916454318E-01   -3.9853160470E-01   -4.2973630283E+00    7.3524260103E-02
    4.2839980002E-02    8.3061182225E-01   -3.9101585987E-01   -4.2581219060E+00    7.3522771282E-02
    4.2879980002E-02    8.2229641384E-01   -3.8312621295E-01   -4.2185432444E+00    7.3521551878E-02
    4.2919980002E-02    8.1426508806E-01   -3.7490360715E-01   -4.1787805913E+00    7.3520685864E-02
    4.2959980002E-02    8.0656019717E-01   -3.6639429707E-01   -4.1389909207E+00    7.3520250032E-02
    4.2999980002E-02    7.9921912400E-01   -3.5764923800E-01   -4.0993340756E+00    7.3520310830E-02
    4.3039980002E-02    7.9227375900E-01   -3.4872335108E-01   -4.0599718900E+00    7.3520922305E-02
    4.3079980002E-02    7.8575002603E-01   -3.3967465851E-01   -4.0210669313E+00    7.3522125411E-02
    4.3119980002E-02    7.7966749385E-01   -3.3056330270E-01   -3.9827808872E+00    7.3523948685E-02
    4.3159980002E-02    7.7403912112E-01   -3.2145048914E-01   -3.9452727187E+00    7.3526409938E-02
    4.3199980002E-02    7.6887118124E-01   -3.1239741630E-01   -3.9086967708E+00    7.3529518470E-02
    4.3239980002E-02    7.6416339923E-01   -3.0346426768E-01   -3.8732010632E+00    7.3533277256E-02
    4.3279980002E-02    7.5990930799E-01   -2.9470933738E-01   -3.8389259562E+00    7.3537684690E-02
    4.3319980002E-02    7.5609680494E-01   -2.8618834033E-01   -3.8060033086E+00    7.3542735642E-02
    4.3359980002E-02    7.5270886782E-01   -2.7795392893E-01   -3.7745561522E+00    7.3548421822E-02
    4.3399980002E-02    7.4972437717E-01   -2.7005540677E-01   -3.7446988109E+00    7.3554731581E-02
    4.3439980002E-02    7.4711899158E-01   -2.6253860553E-01   -3.7165373286E+00    7.3561649389E-02
    4.3479980002E-02    7.4486603095E-01   -2.5544587726E-01   -3.6901700443E+00    7.3569155200E-02
    4.3519980002E-02    7.4293733468E-01   -2.4881615233E-01   -3.6656881604E+00    7.3577223932E-02
    4.3559980002E-02    7.4130407559E-01   -2.4268502055E-01   -3.6431761872E+00    7.3585825152E-02
    4.3599980002E-02    7.3993752024E-01   -2.3708480500E-01   -3.6227121946E+00    7.3594923054E-02
    4.3639980002E-02    7.3880973276E-01   -2.3204461203E-01   -3.6043678488E+00    7.3604476703E-02
    4.3679980002E-02    7.3789422212E-01   -2.2759035236E-01   -3.5882082511E+00    7.3614440508E-02
    4.3719980002E-02    7.3716653194E-01   -2.2374473640E-01   -3.5742916239E+00    7.3624764850E-02
    4.3759980002E-02    7.3660477182E-01   -2.2052725134E-01   -3.5626688972E+00    7.3635396785E-02
    4.3799980002E-02    7.3619008628E-01   -2.1795412860E-01   -3.5533832535E+00    7.3646280756E-02
    4.3839980002E-02    7.3590705581E-01   -2.1603830900E-01   -3.5464696831E+00    7.3657359245E-02
    4.3879980002E-02    7.3574402431E-01   -2.1478941119E-01   -3.5419545882E+00    7.3668573351E-02
    4.3919980002E-02    7.3569334732E-01   -2.1421370613E-01   -3.5398554673E+00    7.3679863264E-02
    4.3959980002E-02    7.3575155632E-01   -2.1431409925E-01   -3.5401806995E+00    7.3691168668E-02
    4.3999980002E-02    7.3591943598E-01   -2.1509012035E-01   -3.5429294394E+00    7.3702429081E-02
    4.4039980002E-02    7.3620201272E-01   -2.1653792144E-01   -3.5480916283E+00    7.3713584185E-02
    4.4079980002E-02    7.3660845479E-01   -2.1865028255E-01   -3.5556481209E+00    7.3724574185E-02
    4.4119980002E-02    7.3715188586E-01   -2.2141662530E-01   -3.5655709204E+00    7.3735340237E-02
    4.4159980002E-02    7.3784911575E-01   -2.2482303403E-01   -3.5778235095E+00    7.3745824963E-02
    4.4199980002E-02    7.3872029318E-01   -2.2885228256E-01   -3.5923612543E+00    7.3755973076E-02
    4.4239980002E-02    7.3978848616E-01   -2.3348386311E-01   -3.6091318495E+00    7.3765732092E-02
    4.4279980002E-02    7.4107919576E-01   -2.3869401134E-01   -3.6280757603E+00    7.3775053095E-02
    4.4319980002E-02    7.4261980814E-01   -2.4445571963E-01   -3.6491266092E+00    7.3783891496E-02
    4.4359980002E-02    7.4443898784E-01   -2.5073872998E-01   -3.6722114497E+00    7.3792207703E-02
    4.4399980002E-02    7.4656601382E-01   -2.5750949982E-01   -3.6972508737E+00    7.3799967638E-02
    4.4439980002E-02    7.4903005792E-01   -2.6473113940E-01   -3.7241589144E+00    7.3807142997E-02
    4.4479980002E-02    7.5185940616E-01   -2.7236332879E-01   -3.7528427375E+00    7.3813711234E-02
    4.4519980002E-02    7.5508062676E-01   -2.8036223501E-01   -3.7832021533E+00    7.3819655259E-02
    4.4559980002E-02    7.5871769610E-01   -2.8868046373E-01   -3.8151290340E+00    7.3824962915E-02
    4.4599980002E-02    7.6279110555E-01   -2.9726709121E-01   -3.8485067630E+00    7.3829626373E-02
    4.4639980002E-02    7.6731698517E-01   -3.0606782760E-01   -3.8832098755E+00    7.3833641672E-02
    4.4679980002E-02    7.7230629229E-01   -3.1502535708E-01   -3.9191040474E+00    7.3837008634E-02
    4.4719980002E-02    7.7776411904E-01   -3.2407988346E-01   -3.9560465513E+00    7.3839731374E-02
    4.4759980002E-02    7.8368916935E-01   -3.3316988268E-01   -3.9938872235E+00    7.3841819534E-02
    4.4799980002E-02    7.9007344139E-01   -3.4223303174E-01   -4.0324698925E+00    7.3843290145E-02
    4.4839980002E-02    7.9690212783E-01   -3.5120725626E-01   -4.0716341224E+00    7.3844169848E-02
    4.4879980002E-02    8.0415372072E-01   -3.6003182282E-01   -4.1112170696E+00    7.3844496986E-02
    4.4919980002E-02    8.1180028636E-01   -3.6864840315E-01   -4.1510552380E+00    7.3844323012E-02
    4.4959980002E-02    8.1980786537E-01   -3.7700205303E-01   -4.1909859661E+00    7.3843712742E-02
    4.4999980002E-02    8.2813695587E-01   -3.8504207340E-01   -4.2308485592E+00    7.3842743215E-02
    4.5039980002E-02    8.3674304969E-01   -3.9272274533E-01   -4.2704850748E+00    7.3841501219E-02
    4.5079980002E-02    8.4557720746E-01   -4.0000394685E-01   -4.3097408372E+00    7.3840079874E-02
    4.5119980002E-02    8.5458667029E-01   -4.0685166481E-01   -4.3484647924E+00    7.3838574810E-02
    4.5159980002E-02    8.6371551119E-01   -4.1323840978E-01   -4.3865098027E+00    7.3837080534E-02
    4.5199980002E-02    8.7290532607E-01   -4.1914353290E-01   -4.4237329439E+00    7.3835687438E-02
    4.5239980002E-02    8.8209595723E-01   -4.2455343426E-01   -4.4599958217E+00    7.3834479692E-02
    4.5279980002E-02    8.9122623413E-01   -4.2946164731E-01   -4.4951648853E+00    7.3833534007E-02
    4.5319980002E-02    9.0023471137E-01   -4.3386878477E-01   -4.5291117010E+00    7.3832919097E-02
    4.5359980002E-02    9.0906038346E-01   -4.3778233549E-01   -4.5617131524E+00    7.3832695563E-02
    4.5399980002E-02    9.1764335913E-01   -4.4121630854E-01   -4.5928515553E+00    7.3832915899E-02
    4.5439980002E-02    9.2592548329E-01   -4.4419072678E-01   -4.6224147004E+00    7.3833624422E-02
    4.5479980002E-02    9.3385089978E-01   -4.4673097730E-01   -4.6502958585E+00    7.3834856983E-02
    4.5519980002E-02    9.4136655162E-01   -4.4886702954E-01   -4.6763937947E+00    7.3836640450E-02
    4.5559980002E-02    9.4842261750E-01   -4.5063253512E-01   -4.7006128398E+00    7.3838992002E-02
    4.5599980002E-02    9.5497288315E-01   -4.5206382620E-01   -4.7228630539E+00    7.3841918354E-02
    4.5639980002E-02    9.6097504673E-01   -4.5319883304E-01   -4.7430605041E+00    7.3845415052E-02
    4.5679980002E-02    9.6639095728E-01   -4.5407594564E-01   -4.7611276544E+00    7.3849465952E-02
    4.5719980002E-02    9.7118678700E-01   -4.5473284897E-01   -4.7769938537E+00    7.3854043011E-02
    4.5759980002E-02    9.7533314069E-01   -4.5520536536E-01   -4.7905958889E+00    7.3859106458E-02
    4.5799980002E-02    9.7880510895E-01   -4.5552634066E-01   -4.8018785681E+00    7.3864605370E-02
    4.5839980002E-02    9.8158227562E-01   -4.5572461157E-01   -4.8107952930E+00    7.3870478670E-02
    4.5879980002E-02    9.8364869270E-01   -4.5582409078E-01   -4.8173085864E+00    7.3876656480E-02
    4.5919980002E-02    9.8499283766E-01   -4.5584300332E-01   -4.8213905428E+00    7.3883061788E-02
    4.5959980002E-02    9.8560756817E-01   -4.5579330239E-01   -4.8230231808E+00    7.3889612349E-02
    4.5999980002E-02    9.8549008688E-01   -4.5568028671E-01   -4.8221986807E+00    7.3896222749E-02
    4.6039980002E-02    9.8464192542E-01   -4.5550243383E-01   -4.8189194988E+00    7.3902806553E-02
    4.6079980002E-02    9.8306895161E-01   -4.5525145592E-01   -4.8131983524E+00    7.3909278466E-02
    4.6119980002E-02    9.8078139838E-01   -4.5491257626E-01   -4.8050580788E+00    7.3915556442E-02
    4.6159980002E-02    9.7779390750E-01   -4.5446501626E-01   -4.7945313722E+00    7.3921563667E-02
    4.6199980002E-02    9.7412557670E-01   -4.5388267520E-01   -4.7816604107E+00    7.3927230343E-02
    4.6239980002E-02    9.6979999620E-01   -4.5313497744E-01   -4.7664963924E+00    7.3932495206E-02
    4.6279980002E-02    9.6484525909E-01   -4.5218785630E-01   -4.7490990061E+00    7.3937306713E-02
    4.6319980002E-02    9.5929393123E-01   -4.5100483929E-01   -4.7295358696E+00    7.3941623857E-02
    4.6359980002E-02    9.5318296818E-01   -4.4954819738E-01   -4.7078819747E+00    7.3945416598E-02
    4.6399980002E-02    9.4655357081E-01   -4.4778012059E-01   -4.6842191764E+00    7.3948665917E-02
    4.6439980002E-02    9.3945097393E-01   -4.4566388458E-01   -4.6586357635E+00    7.3951363565E-02
    4.6479980002E-02    9.3192416583E-01   -4.4316497599E-01   -4.6312261341E+00    7.3953511596E-02
    4.6519980002E-02    9.2402553823E-01   -4.4025214925E-01   -4.6020905865E+00    7.3955121801E-02
    4.6559980002E-02    9.1581046710E-01   -4.3689839140E-01   -4.5713352155E+00    7.3956215159E-02
    4.6599980002E-02    9.0733682516E-01   -4.3308177589E-01   -4.5390718858E+00    7.3956821419E-02
    4.6639980002E-02    8.9866442711E-01   -4.2878618933E-01   -4.5054182414E+00    7.3956978843E-02
    4.6679980002E-02    8.8985441012E-01   -4.2400191769E-01   -4.4704977000E+00    7.3956734134E-02
    4.6719980002E-02    8.8096855522E-01   -4.1872608209E-01   -4.4344393908E+00    7.3956142406E-02
    4.6759980002E-02    8.7206855992E-01   -4.1296291752E-01   -4.3973780067E+00    7.3955267060E-02
    4.6799980002E-02    8.6321527769E-01   -4.0672389390E-01   -4.3594535650E+00    7.3954179292E-02
    4.6839980002E-02    8.5446794429E-01   -4.0002768448E-01   -4.3208110917E+00    7.3952957012E-02
    4.6879980002E-02    8.4588341227E-01   -3.9289999227E-01   -4.2816002575E+00    7.3951682996E-02
    4.6919980002E-02    8.3751541240E-01   -3.8537324802E-01   -4.2419749852E+00    7.3950442237E-02
    4.6959980002E-02    8.2941385521E-01   -3.7748619204E-01   -4.2020930290E+00    7.3949318685E-02
    4.6999980002E-02    8.2162417910E-01   -3.6928334682E-01   -4.1621154850E+00    7.3948391754E-02
    4.7039980002E-02    8.1418674798E-01   -3.6081438081E-01   -4.1222061651E+00    7.3947733112E-02
    4.7079980002E-02    8.0713630317E-01   -3.5213335896E-01   -4.0825307473E+00    7.3947404273E-02
    4.7119980002E-02    8.0050148285E-01   -3.4329787859E-01   -4.0432556390E+00    7.3947455382E-02
    4.7159980002E-02    7.9430443367E-01   -3.3436810022E-01   -4.0045465414E+00    7.3947925308E-02
    4.7199980003E-02    7.8856054994E-01   -3.2540570206E-01   -3.9665667786E+00    7.3948842855E-02
    4.7239980003E-02    7.8327837772E-01   -3.1647280704E-01   -3.9294755301E+00    7.3950228690E-02
    4.7279980003E-02    7.7845971445E-01   -3.0763094632E-01   -3.8934261486E+00    7.3952097429E-02
    4.7319980003E-02    7.7409991641E-01   -2.9894012541E-01   -3.8585647482E+00    7.3954459399E-02
    4.7359980003E-02    7.7018840473E-01   -2.9045804792E-01   -3.8250291983E+00    7.3957321747E-02
    4.7399980003E-02    7.6670933901E-01   -2.8223952883E-01   -3.7929485855E+00    7.3960688787E-02
    4.7439980003E-02    7.6364241365E-01   -2.7433610159E-01   -3.7624431142E+00    7.3964561684E-02
    4.7479980003E-02    7.6096372717E-01   -2.6679579787E-01   -3.7336243488E+00    7.3968937713E-02
    4.7519980003E-02    7.5864667877E-01   -2.5966306168E-01   -3.7065956585E+00    7.3973809355E-02
    4.7559980003E-02    7.5666285625E-01   -2.5297875286E-01   -3.6814527188E+00    7.3979163505E-02
    4.7599980003E-02    7.5498289091E-01   -2.4678019745E-01   -3.6582839485E+00    7.3984980949E-02
    4.7639980003E-02    7.5357726540E-01   -2.4110125197E-01   -3.6371707982E+00    7.3991236214E-02
    4.7679980003E-02    7.5241706777E-01   -2.3597236020E-01   -3.6181878554E+00    7.3997897792E-02
    4.7719980003E-02    7.5147468857E-01   -2.3142059262E-01   -3.6014027662E+00    7.4004928672E-02
    4.7759980003E-02    7.5072445887E-01   -2.2746966703E-01   -3.5868760061E+00    7.4012287094E-02
    4.7799980003E-02    7.5014322622E-01   -2.2413995417E-01   -3.5746605470E+00    7.4019927407E-02
    4.7839980003E-02    7.4971086430E-01   -2.2144847391E-01   -3.5648014711E+00    7.4027800939E-02
    4.7879980003E-02    7.4941071099E-01   -2.1940888741E-01   -3.5573355807E+00    7.4035856789E-02
    4.7919980003E-02    7.4922992869E-01   -2.1803148883E-01   -3.5522910428E+00    7.4044042518E-02
    4.7959980003E-02    7.4915978171E-01   -2.1732319836E-01   -3.5496870979E+00    7.4052304691E-02
    4.7999980003E-02    7.4919582560E-01   -2.1728755697E-01   -3.5495338526E+00    7.4060589318E-02
    4.8039980003E-02    7.4933800529E-01   -2.1792472248E-01   -3.5518321682E+00    7.4068842199E-02
    4.8079980003E-02    7.4959066002E-01   -2.1923146656E-01   -3.5565736505E+00    7.4077009251E-02
    4.8119980003E-02    7.4996243507E-01   -2.2120117255E-01   -3.5637407410E+00    7.4085036856E-02
    4.8159980003E-02    7.5046610163E-01   -2.2382383462E-01   -3.5733069043E+00    7.4092872292E-02
    4.8199980003E-02    7.5111828817E-01   -2.2708605870E-01   -3.5852369015E+00    7.4100464278E-02
    4.8239980003E-02    7.5193912785E-01   -2.3097106492E-01   -3.5994871301E+00    7.4107763671E-02
    4.8279980003E-02    7.5295182741E-01   -2.3545869016E-01   -3.6160060029E+00    7.4114724276E-02
    4.8319980003E-02    7.5418216373E-01   -2.4052538720E-01   -3.6347343278E+00    7.4121303759E-02
    4.8359980003E-02    7.5565791343E-01   -2.4614421557E-01   -3.6556056424E+00    7.4127464565E-02
    4.8399980003E-02    7.5740822034E-01   -2.5228481828E-01   -3.6785464510E+00    7.4133174755E-02
    4.8439980003E-02    7.5946290384E-01   -2.5891338056E-01   -3.7034763186E+00    7.4138408648E-02
    4.8479980003E-02    7.6185171056E-01   -2.6599257112E-01   -3.7303077866E+00    7.4143147162E-02
    4.8519980003E-02    7.6460351213E-01   -2.7348147499E-01   -3.7589461066E+00    7.4147377782E-02
    4.8559980003E-02    7.6774545512E-01   -2.8133553794E-01   -3.7892888222E+00    7.4151094148E-02
    4.8599980003E-02    7.7130207570E-01   -2.8950655435E-01   -3.8212252776E+00    7.4154295333E-02
    4.8639980003E-02    7.7529440160E-01   -2.9794274045E-01   -3.8546361688E+00    7.4156984976E-02
    4.8679980003E-02    7.7973907480E-01   -3.0658893817E-01   -3.8893932792E+00    7.4159170520E-02
    4.8719980003E-02    7.8464753887E-01   -3.1538698951E-01   -3.9253595381E+00    7.4160862831E-02
    4.8759980003E-02    7.9002533907E-01   -3.2427630504E-01   -3.9623895025E+00    7.4162076454E-02
    4.8799980003E-02    7.9587158030E-01   -3.3319462598E-01   -4.0003302958E+00    7.4162830613E-02
    4.8839980003E-02    8.0217857508E-01   -3.4207895113E-01   -4.0390229518E+00    7.4163150884E-02
    4.8879980003E-02    8.0893169469E-01   -3.5086657701E-01   -4.0783040349E+00    7.4163071232E-02
    4.8919980003E-02    8.1610941532E-01   -3.5949618611E-01   -4.1180073614E+00    7.4162635924E-02
    4.8959980003E-02    8.2368353444E-01   -3.6790891964E-01   -4.1579656427E+00    7.4161900792E-02
    4.8999980003E-02    8.3161952474E-01   -3.7604938377E-01   -4.1980119161E+00    7.4160933385E-02
    4.9039980003E-02    8.3987699437E-01   -3.8386655821E-01   -4.2379806972E+00    7.4159811832E-02
    4.9079980003E-02    8.4841023073E-01   -3.9131459365E-01   -4.2777088628E+00    7.4158622501E-02
    4.9119980003E-02    8.5716881430E-01   -3.9835349652E-01   -4.3170363243E+00    7.4157456813E-02
    4.9159980003E-02    8.6609829525E-01   -4.0494970245E-01   -4.3558065689E+00    7.4156407741E-02
    4.9199980003E-02    8.7514092590E-01   -4.1107653620E-01   -4.3938671353E+00    7.4155566484E-02
    4.9239980003E-02    8.8423643765E-01   -4.1671455018E-01   -4.4310700529E+00    7.4155019709E-02
    4.9279980003E-02    8.9332284469E-01   -4.2185172893E-01   -4.4672722443E+00    7.4154847540E-02
    4.9319980003E-02    9.0233725258E-01   -4.2648354668E-01   -4.5023358648E+00    7.4155122267E-02
    4.9359980003E-02    9.1121664857E-01   -4.3061286751E-01   -4.5361285527E+00    7.4155907627E-02
    4.9399980003E-02    9.1989865400E-01   -4.3424968313E-01   -4.5685235765E+00    7.4157258422E-02
    4.9439980003E-02    9.2832222438E-01   -4.3741068857E-01   -4.5993998889E+00    7.4159220254E-02
    4.9479980003E-02    9.3642828863E-01   -4.4011870057E-01   -4.6286421224E+00    7.4161829221E-02
    4.9519980003E-02    9.4416032348E-01   -4.4240192722E-01   -4.6561405744E+00    7.4165111476E-02
    4.9559980003E-02    9.5146486153E-01   -4.4429309982E-01   -4.6817912370E+00    7.4169082653E-02
    4.9599980003E-02    9.5829193181E-01   -4.4582848149E-01   -4.7054959188E+00    7.4173747202E-02
    4.9639980003E-02    9.6459543140E-01   -4.4704677054E-01   -4.7271624871E+00    7.4179097758E-02
    4.9679980003E-02    9.7033342626E-01   -4.4798792210E-01   -4.7467052430E+00    7.4185114625E-02
    4.9719980003E-02    9.7546838033E-01   -4.4869191662E-01   -4.7640454159E+00    7.4191765524E-02
    4.9759980003E-02    9.7996731384E-01   -4.4919751013E-01   -4.7791117499E+00    7.4199005679E-02
    4.9799980003E-02    9.8380189561E-01   -4.4954100506E-01   -4.7918411419E+00    7.4206778290E-02
    4.9839980003E-02    9.8694847814E-01   -4.4975508354E-01   -4.8021792878E+00    7.4215015421E-02
    4.9879980003E-02    9.8938808823E-01   -4.4986774520E-01   -4.8100812950E+00    7.4223639274E-02
    4.9919980003E-02    9.9110638894E-01   -4.4990138913E-01   -4.8155122233E+00    7.4232563791E-02
    4.9959980003E-02    9.9209362977E-01   -4.4987207507E-01   -4.8184475267E+00    7.4241696521E-02
    4.9999980003E-02    9.9234460079E-01   -4.4978899236E-01   -4.8188733769E+00    7.4250940684E-02
    5.0039980003E-02    9.9185860367E-01   -4.4965415696E-01   -4.8167868533E+00    7.4260197343E-02
    5.0079980003E-02    9.9063944630E-01   -4.4946234911E-01   -4.8121959961E+00    7.4269367627E-02
    5.0119980003E-02    9.8869546250E-01   -4.4920129426E-01   -4.8051197177E+00    7.4278354941E-02
    5.0159980003E-02    9.8603955291E-01   -4.4885207995E-01   -4.7955875783E+00    7.4287067081E-02
    5.0199980003E-02    9.8268923628E-01   -4.4838979297E-01   -4.7836394322E+00    7.4295418204E-02
    5.0239980003E-02    9.7866669652E-01   -4.4778435276E-01   -4.7693249617E+00    7.4303330568E-02
    5.0279980003E-02    9.7399880905E-01   -4.4700150911E-01   -4.7527031222E+00    7.4310735979E-02
    5.0319980003E-02    9.6871712951E-01   -4.4600396680E-01   -4.7338415301E+00    7.4317576898E-02
    5.0359980003E-02    9.6285783033E-01   -4.4475259598E-01   -4.7128158346E+00    7.4323807155E-02
    5.0399980003E-02    9.5646157410E-01   -4.4320768612E-01   -4.6897091174E+00    7.4329392295E-02
    5.0439980003E-02    9.4957331645E-01   -4.4133020254E-01   -4.6646113635E+00    7.4334309579E-02
    5.0479980003E-02    9.4224203525E-01   -4.3908300844E-01   -4.6376190400E+00    7.4338547725E-02
    5.0519980003E-02    9.3452038538E-01   -4.3643202021E-01   -4.6088348023E+00    7.4342106489E-02
    5.0559980003E-02    9.2646427983E-01   -4.3334726936E-01   -4.5783673312E+00    7.4344996195E-02
    5.0599980003E-02    9.1813239786E-01   -4.2980384968E-01   -4.5463312790E+00    7.4347237314E-02
    5.0639980003E-02    9.0958562109E-01   -4.2578273218E-01   -4.5128472835E+00    7.4348860136E-02
    5.0679980003E-02    9.0088639851E-01   -4.2127143378E-01   -4.4780419975E+00    7.4349904537E-02
    5.0719980003E-02    8.9209804390E-01   -4.1626452824E-01   -4.4420480775E+00    7.4350419767E-02
    5.0759980003E-02    8.8328397288E-01   -4.1076399072E-01   -4.4050040851E+00    7.4350464111E-02
    5.0799980003E-02    8.7450689296E-01   -4.0477937160E-01   -4.3670542744E+00    7.4350104245E-02
    5.0839980003E-02    8.6582796577E-01   -3.9832780032E-01   -4.3283482621E+00    7.4349414074E-02
    5.0879980003E-02    8.5730596498E-01   -3.9143382545E-01   -4.2890405952E+00    7.4348472922E-02
    5.0919980003E-02    8.4899645473E-01   -3.8412910255E-01   -4.2492902381E+00    7.4347363038E-02
    5.0959980003E-02    8.4095101037E-01   -3.7645194275E-01   -4.2092599923E+00    7.4346166570E-02
    5.0999980003E-02    8.3321649866E-01   -3.6844673459E-01   -4.1691158354E+00    7.4344962328E-02
    5.1039980003E-02    8.2583442924E-01   -3.6016324792E-01   -4.1290261434E+00    7.4343822794E-02
    5.1079980003E-02    8.1884038811E-01   -3.5165582628E-01   -4.0891607407E+00    7.4342811843E-02
    5.1119980003E-02    8.1226356623E-01   -3.4298247533E-01   -4.0496897325E+00    7.4341983556E-02
    5.1159980003E-02    8.0612640312E-01   -3.3420386269E-01   -4.0107821109E+00    7.4341382233E-02
    5.1199980003E-02    8.0044437108E-01   -3.2538225839E-01   -3.9726041841E+00    7.4341043474E-02
    5.1239980003E-02    7.9522592752E-01   -3.1658046015E-01   -3.9353179369E+00    7.4340995927E-02
    5.1279980003E-02    7.9047265647E-01   -3.0786075964E-01   -3.8990794743E+00    7.4341263190E-02
    5.1319980003E-02    7.8617960660E-01   -2.9928400787E-01   -3.8640377027E+00    7.4341865376E-02
    5.1359980003E-02    7.8233581508E-01   -2.9090882849E-01   -3.8303333680E+00    7.4342820010E-02
    5.1399980003E-02    7.7892498909E-01   -2.8279100832E-01   -3.7980985068E+00    7.4344142142E-02
    5.1439980003E-02    7.7592630474E-01   -2.7498307057E-01   -3.7674562904E+00    7.4345843788E-02
    5.1479980003E-02    7.7331527858E-01   -2.6753401346E-01   -3.7385211788E+00    7.4347932936E-02
    5.1519980003E-02    7.7106467038E-01   -2.6048918156E-01   -3.7113992636E+00    7.4350412436E-02
    5.1559980003E-02    7.6914538333E-01   -2.5389023004E-01   -3.6861886723E+00    7.4353279043E-02
    5.1599980003E-02    7.6752733785E-01   -2.4777514389E-01   -3.6629799228E+00    7.4356522815E-02
    5.1639980003E-02    7.6618030426E-01   -2.4217828198E-01   -3.6418561568E+00    7.4360126959E-02
    5.1679980003E-02    7.6507468509E-01   -2.3713042558E-01   -3.6228932150E+00    7.4364068111E-02
    5.1719980003E-02    7.6418224186E-01   -2.3265882102E-01   -3.6061595586E+00    7.4368316990E-02
    5.1759980003E-02    7.6347676167E-01   -2.2878721338E-01   -3.5917160632E+00    7.4372839274E-02
    5.1799980003E-02    7.6293465866E-01   -2.2553587238E-01   -3.5796157263E+00    7.4377596594E-02
    5.1839980003E-02    7.6253550465E-01   -2.2292161312E-01   -3.5699033353E+00    7.4382547512E-02
    5.1879980003E-02    7.6226248279E-01   -2.2095781400E-01   -3.5626151345E+00    7.4387648393E-02
    5.1919980003E-02    7.6210275790E-01   -2.1965443256E-01   -3.5577785273E+00    7.4392854135E-02
    5.1959980003E-02    7.6204775795E-01   -2.1901801875E-01   -3.5554118348E+00    7.4398118733E-02
    5.1999980003E-02    7.6209336216E-01   -2.1905172413E-01   -3.5555241287E+00    7.4403395705E-02
    5.2039980003E-02    7.6223999273E-01   -2.1975530551E-01   -3.5581151461E+00    7.4408638422E-02
    5.2079980003E-02    7.6249260854E-01   -2.2112512206E-01   -3.5631752901E+00    7.4413800414E-02
    5.2119980003E-02    7.6286060093E-01   -2.2315412602E-01   -3.5706857165E+00    7.4418835714E-02
    5.2159980003E-02    7.6335759332E-01   -2.2583184798E-01   -3.5806185014E+00    7.4423699302E-02
    5.2199980003E-02    7.6400114789E-01   -2.2914437839E-01   -3.5929368810E+00    7.4428347698E-02
    5.2239980003E-02    7.6481238405E-01   -2.3307434671E-01   -3.6075955461E+00    7.4432739726E-02
    5.2279980003E-02    7.6581551434E-01   -2.3760089873E-01   -3.6245409679E+00    7.4436837431E-02
    5.2319980003E-02    7.6703730432E-01   -2.4269967104E-01   -3.6437117196E+00    7.4440607100E-02
    5.2359980003E-02    7.6850646266E-01   -2.4834276043E-01   -3.6650387549E+00    7.4444020293E-02
    5.2399980003E-02    7.7025296719E-01   -2.5449868563E-01   -3.6884455965E+00    7.4447054769E-02
    5.2439980003E-02    7.7230733184E-01   -2.6113234053E-01   -3.7138483973E+00    7.4449695164E-02
    5.2479980003E-02    7.7469981897E-01   -2.6820494266E-01   -3.7411558468E+00    7.4451933304E-02
    5.2519980003E-02    7.7745960257E-01   -2.7567398854E-01   -3.7702689281E+00    7.4453768073E-02
    5.2559980003E-02    7.8061389139E-01   -2.8349323697E-01   -3.8010805596E+00    7.4455204833E-02
    5.2599980003E-02    7.8418702715E-01   -2.9161275209E-01   -3.8334752020E+00    7.4456254498E-02
    5.2639980003E-02    7.8819958198E-01   -2.9997904447E-01   -3.8673285398E+00    7.4456932453E-02
    5.2679980003E-02    7.9266748871E-01   -3.0853535017E-01   -3.9025073620E+00    7.4457257625E-02
    5.2719980003E-02    7.9760124523E-01   -3.1722207948E-01   -3.9388697609E+00    7.4457251978E-02
    5.2759980003E-02    8.0300523685E-01   -3.2597745078E-01   -3.9762657189E+00    7.4456940704E-02
    5.2799980003E-02    8.0887721560E-01   -3.3473830202E-01   -4.0145380959E+00    7.4456353159E-02
    5.2839980003E-02    8.1520796359E-01   -3.4344104853E-01   -4.0535239525E+00    7.4455524444E-02
    5.2879980003E-02    8.2198115075E-01   -3.5202273748E-01   -4.0930560872E+00    7.4454497248E-02
    5.2919980003E-02    8.2917338036E-01   -3.6042214092E-01   -4.1329646347E+00    7.4453323485E-02
    5.2959980003E-02    8.3675440347E-01   -3.6858083225E-01   -4.1730785861E+00    7.4452065202E-02
    5.2999980003E-02    8.4468747802E-01   -3.7644420321E-01   -4.2132271330E+00    7.4450794409E-02
    5.3039980003E-02    8.5292984962E-01   -3.8396239269E-01   -4.2532407988E+00    7.4449591713E-02
    5.3079980003E-02    8.6143333625E-01   -3.9109111198E-01   -4.2929523727E+00    7.4448543922E-02
    5.3119980003E-02    8.7014500308E-01   -3.9779235725E-01   -4.3321976921E+00    7.4447740981E-02
    5.3159980004E-02    8.7900791484E-01   -4.0403500118E-01   -4.3708163226E+00    7.4447272723E-02
    5.3199980004E-02    8.8796195008E-01   -4.0979525296E-01   -4.4086521631E+00    7.4447225841E-02
    5.3239980004E-02    8.9694465688E-01   -4.1505697327E-01   -4.4455539790E+00    7.4447681389E-02
    5.3279980004E-02    9.0589212506E-01   -4.1981183059E-01   -4.4813758448E+00    7.4448712905E-02
    5.3319980004E-02    9.1473984902E-01   -4.2405928794E-01   -4.5159774727E+00    7.4450385140E-02
    5.3359980004E-02    9.2342355765E-01   -4.2780641378E-01   -4.5492244141E+00    7.4452753240E-02
    5.3399980004E-02    9.3187999311E-01   -4.3106751659E-01   -4.5809881454E+00    7.4455862208E-02
    5.3439980004E-02    9.4004762648E-01   -4.3386360725E-01   -4.6111460703E+00    7.4459746477E-02
    5.3479980004E-02    9.4786730384E-01   -4.3622169685E-01   -4.6395814929E+00    7.4464429488E-02
    5.3519980004E-02    9.5528281985E-01   -4.3817394083E-01   -4.6661836217E+00    7.4469923201E-02
    5.3559980004E-02    9.6224141723E-01   -4.3975664294E-01   -4.6908476598E+00    7.4476227568E-02
    5.3599980004E-02    9.6869421096E-01   -4.4100913677E-01   -4.7134750221E+00    7.4483330007E-02
    5.3639980004E-02    9.7459653549E-01   -4.4197256739E-01   -4.7339736952E+00    7.4491204979E-02
    5.3679980004E-02    9.7990821381E-01   -4.4268860208E-01   -4.7522587363E+00    7.4499813788E-02
    5.3719980004E-02    9.8459374932E-01   -4.4319810539E-01   -4.7682528812E+00    7.4509104664E-02
    5.3759980004E-02    9.8862244425E-01   -4.4353981966E-01   -4.7818872231E+00    7.4519013233E-02
    5.3799980004E-02    9.9196845318E-01   -4.4374909570E-01   -4.7931019117E+00    7.4529463380E-02
    5.3839980004E-02    9.9461078419E-01   -4.4385672001E-01   -4.8018468268E+00    7.4540368491E-02
    5.3879980004E-02    9.9653326415E-01   -4.4388788301E-01   -4.8080821832E+00    7.4551633040E-02
    5.3919980004E-02    9.9772448604E-01   -4.4386132865E-01   -4.8117790361E+00    7.4563154451E-02
    5.3959980004E-02    9.9817775616E-01   -4.4378871892E-01   -4.8129196610E+00    7.4574825158E-02
    5.3999980004E-02    9.9789105559E-01   -4.4367423902E-01   -4.8114977961E+00    7.4586534795E-02
    5.4039980004E-02    9.9686702639E-01   -4.4351445814E-01   -4.8075187362E+00    7.4598172448E-02
    5.4079980004E-02    9.9511298642E-01   -4.4329845164E-01   -4.8009992775E+00    7.4609628911E-02
    5.4119980004E-02    9.9264096842E-01   -4.4300818052E-01   -4.7919675136E+00    7.4620798870E-02
    5.4159980004E-02    9.8946777388E-01   -4.4261911368E-01   -4.7804624912E+00    7.4631582970E-02
    5.4199980004E-02    9.8561502704E-01   -4.4210106823E-01   -4.7665337383E+00    7.4641889680E-02
    5.4239980004E-02    9.8110921127E-01   -4.4141923517E-01   -4.7502406891E+00    7.4651636894E-02
    5.4279980004E-02    9.7598166964E-01   -4.4053535060E-01   -4.7316520357E+00    7.4660753207E-02
    5.4319980004E-02    9.7026855324E-01   -4.3940896808E-01   -4.7108450509E+00    7.4669178828E-02
    5.4359980004E-02    9.6401070401E-01   -4.3799878599E-01   -4.6879049282E+00    7.4676866116E-02
    5.4399980004E-02    9.5725346347E-01   -4.3626398459E-01   -4.6629241879E+00    7.4683779780E-02
    5.4439980004E-02    9.5004640253E-01   -4.3416553156E-01   -4.6360021939E+00    7.4689896806E-02
    5.4479980004E-02    9.4244297066E-01   -4.3166741979E-01   -4.6072448059E+00    7.4695206204E-02
    5.4519980004E-02    9.3450006452E-01   -4.2873780775E-01   -4.5767641774E+00    7.4699708681E-02
    5.4559980004E-02    9.2627751649E-01   -4.2535003846E-01   -4.5446786794E+00    7.4703416309E-02
    5.4599980004E-02    9.1783750347E-01   -4.2148351801E-01   -4.5111129096E+00    7.4706352241E-02
    5.4639980004E-02    9.0924387687E-01   -4.1712443800E-01   -4.4761977297E+00    7.4708550429E-02
    5.4679980004E-02    9.0056141709E-01   -4.1226632910E-01   -4.4400702667E+00    7.4710055295E-02
    5.4719980004E-02    8.9185501982E-01   -4.0691043591E-01   -4.4028738211E+00    7.4710921188E-02
    5.4759980004E-02    8.8318882809E-01   -4.0106590654E-01   -4.3647576426E+00    7.4711211500E-02
    5.4799980004E-02    8.7462533042E-01   -3.9474979606E-01   -4.3258765600E+00    7.4710997259E-02
    5.4839980004E-02    8.6622445156E-01   -3.8798688834E-01   -4.2863904703E+00    7.4710355141E-02
    5.4879980004E-02    8.5804266452E-01   -3.8080934707E-01   -4.2464637100E+00    7.4709364909E-02
    5.4919980004E-02    8.5013215175E-01   -3.7325621032E-01   -4.2062643254E+00    7.4708106450E-02
    5.4959980004E-02    8.4254003919E-01   -3.6537274490E-01   -4.1659632471E+00    7.4706656752E-02
    5.4999980004E-02    8.3530772203E-01   -3.5720967581E-01   -4.1257333515E+00    7.4705087215E-02
    5.5039980004E-02    8.2847029745E-01   -3.4882230554E-01   -4.0857483822E+00    7.4703461727E-02
    5.5079980004E-02    8.2205611976E-01   -3.4026954002E-01   -4.0461817067E+00    7.4701835782E-02
    5.5119980004E-02    8.1608649494E-01   -3.3161284401E-01   -4.0072049165E+00    7.4700256705E-02
    5.5159980004E-02    8.1057553403E-01   -3.2291515909E-01   -3.9689863191E+00    7.4698764800E-02
    5.5199980004E-02    8.0553018336E-01   -3.1423982830E-01   -3.9316894206E+00    7.4697395003E-02
    5.5239980004E-02    8.0095044242E-01   -3.0564957855E-01   -3.8954715244E+00    7.4696178545E-02
    5.5279980004E-02    7.9682976849E-01   -2.9720561098E-01   -3.8604825697E+00    7.4695144177E-02
    5.5319980004E-02    7.9315565194E-01   -2.8896683899E-01   -3.8268643016E+00    7.4694318676E-02
    5.5359980004E-02    7.8991033299E-01   -2.8098929595E-01   -3.7947498048E+00    7.4693726574E-02
    5.5399980004E-02    7.8707162193E-01   -2.7332571337E-01   -3.7642633716E+00    7.4693389268E-02
    5.5439980004E-02    7.8461378295E-01   -2.6602525177E-01   -3.7355206252E+00    7.4693323777E-02
    5.5479980004E-02    7.8250844493E-01   -2.5913335405E-01   -3.7086287868E+00    7.4693541501E-02
    5.5519980004E-02    7.8072550984E-01   -2.5269168649E-01   -3.6836869797E+00    7.4694047231E-02
    5.5559980004E-02    7.7923403754E-01   -2.4673813514E-01   -3.6607864796E+00    7.4694838606E-02
    5.5599980004E-02    7.7800309259E-01   -2.4130683223E-01   -3.6400108545E+00    7.4695906090E-02
    5.5639980004E-02    7.7700254305E-01   -2.3642819585E-01   -3.6214359741E+00    7.4697233412E-02
    5.5679980004E-02    7.7620380413E-01   -2.3212897399E-01   -3.6051298950E+00    7.4698798374E-02
    5.5719980004E-02    7.7558051955E-01   -2.2843228927E-01   -3.5911526515E+00    7.4700573870E-02
    5.5759980004E-02    7.7510917390E-01   -2.2535768356E-01   -3.5795559887E+00    7.4702528976E-02
    5.5799980004E-02    7.7476962877E-01   -2.2292116205E-01   -3.5703830755E+00    7.4704629973E-02
    5.5839980004E-02    7.7454557543E-01   -2.2113523584E-01   -3.5636682303E+00    7.4706841235E-02
    5.5879980004E-02    7.7442489809E-01   -2.2000896034E-01   -3.5594366841E+00    7.4709125925E-02
    5.5919980004E-02    7.7439994190E-01   -2.1954796664E-01   -3.5577043973E+00    7.4711446512E-02
    5.5959980004E-02    7.7446768225E-01   -2.1975448216E-01   -3.5584779407E+00    7.4713765142E-02
    5.5999980004E-02    7.7462979241E-01   -2.2062733821E-01   -3.5617544442E+00    7.4716043915E-02
    5.6039980004E-02    7.7489260886E-01   -2.2216196333E-01   -3.5675216164E+00    7.4718245156E-02
    5.6079980004E-02    7.7526699457E-01   -2.2435036282E-01   -3.5757578326E+00    7.4720331753E-02
    5.6119980004E-02    7.7576810236E-01   -2.2718108682E-01   -3.5864322896E+00    7.4722267616E-02
    5.6159980004E-02    7.7641504185E-01   -2.3063918995E-01   -3.5995052163E+00    7.4724018319E-02
    5.6199980004E-02    7.7723045498E-01   -2.3470618616E-01   -3.6149281293E+00    7.4725551944E-02
    5.6239980004E-02    7.7824000626E-01   -2.3936000134E-01   -3.6326441103E+00    7.4726840079E-02
    5.6279980004E-02    7.7947179494E-01   -2.4457492563E-01   -3.6525880768E+00    7.4727858936E-02
    5.6319980004E-02    7.8095569640E-01   -2.5032156571E-01   -3.6746870102E+00    7.4728590447E-02
    5.6359980004E-02    7.8272264007E-01   -2.5656679785E-01   -3.6988601032E+00    7.4729023219E-02
    5.6399980004E-02    7.8480383078E-01   -2.6327372386E-01   -3.7250187967E+00    7.4729153181E-02
    5.6439980004E-02    7.8722992065E-01   -2.7040163676E-01   -3.7530666880E+00    7.4728983799E-02
    5.6479980004E-02    7.9003013987E-01   -2.7790600991E-01   -3.7828993219E+00    7.4728525785E-02
    5.6519980004E-02    7.9323139849E-01   -2.8573853184E-01   -3.8144039069E+00    7.4727796324E-02
    5.6559980004E-02    7.9685737671E-01   -2.9384721713E-01   -3.8474590352E+00    7.4726817943E-02
    5.6599980004E-02    8.0092762913E-01   -3.0217662791E-01   -3.8819345054E+00    7.4725617285E-02
    5.6639980004E-02    8.0545673572E-01   -3.1066823912E-01   -3.9176913606E+00    7.4724224079E-02
    5.6679980004E-02    8.1045353754E-01   -3.1926097112E-01   -3.9545822289E+00    7.4722670627E-02
    5.6719980004E-02    8.1592049579E-01   -3.2789189651E-01   -3.9924520157E+00    7.4720992011E-02
    5.6759980004E-02    8.2185320707E-01   -3.3649710740E-01   -4.0311389355E+00    7.4719227035E-02
    5.6799980004E-02    8.2824009717E-01   -3.4501271007E-01   -4.0704758128E+00    7.4717419719E-02
    5.6839980004E-02    8.3506230189E-01   -3.5337589978E-01   -4.1102915382E+00    7.4715620942E-02
    5.6879980004E-02    8.4229373105E-01   -3.6152606424E-01   -4.1504125583E+00    7.4713889743E-02
    5.6919980004E-02    8.4990130323E-01   -3.6940586798E-01   -4.1906642917E+00    7.4712293849E-02
    5.6959980004E-02    8.5784533499E-01   -3.7696227951E-01   -4.2308724097E+00    7.4710909142E-02
    5.6999980004E-02    8.6608006838E-01   -3.8414751335E-01   -4.2708639632E+00    7.4709818044E-02
    5.7039980004E-02    8.7455432102E-01   -3.9091986710E-01   -4.3104683712E+00    7.4709107039E-02
    5.7079980004E-02    8.8321224230E-01   -3.9724443688E-01   -4.3495182964E+00    7.4708863685E-02
    5.7119980004E-02    8.9199415567E-01   -4.0309369489E-01   -4.3878504284E+00    7.4709173549E-02
    5.7159980004E-02    9.0083746179E-01   -4.0844791269E-01   -4.4253061718E+00    7.4710117384E-02
    5.7199980004E-02    9.0967757338E-01   -4.1329541453E-01   -4.4617322213E+00    7.4711768805E-02
    5.7239980004E-02    9.1844885090E-01   -4.1763264846E-01   -4.4969810014E+00    7.4714192515E-02
    5.7279980004E-02    9.2708551053E-01   -4.2146406808E-01   -4.5309109551E+00    7.4717443058E-02
    5.7319980004E-02    9.3552248168E-01   -4.2480182337E-01   -4.5633866909E+00    7.4721563977E-02
    5.7359980004E-02    9.4369619779E-01   -4.2766526441E-01   -4.5942790188E+00    7.4726587235E-02
    5.7399980004E-02    9.5154531149E-01   -4.3008026544E-01   -4.6234649312E+00    7.4732532784E-02
    5.7439980004E-02    9.5901132945E-01   -4.3207837992E-01   -4.6508275939E+00    7.4739408153E-02
    5.7479980004E-02    9.6603916542E-01   -4.3369584028E-01   -4.6762564110E+00    7.4747208057E-02
    5.7519980004E-02    9.7257761071E-01   -4.3497241963E-01   -4.6996472123E+00    7.4755914012E-02
    5.7559980004E-02    9.7857972118E-01   -4.3595017813E-01   -4.7209025914E+00    7.4765494030E-02
    5.7599980004E-02    9.8400312047E-01   -4.3667212298E-01   -4.7399323927E+00    7.4775902488E-02
    5.7639980004E-02    9.8881022026E-01   -4.3718081813E-01   -4.7566543264E+00    7.4787080261E-02
    5.7679980004E-02    9.9296836143E-01   -4.3751698638E-01   -4.7709946683E+00    7.4798955195E-02
    5.7719980004E-02    9.9644988423E-01   -4.3771815151E-01   -4.7828889947E+00    7.4811442961E-02
    5.7759980004E-02    9.9923213984E-01   -4.3781737021E-01   -4.7922829003E+00    7.4824448283E-02
    5.7799980004E-02    1.0012974600E+00   -4.3784210260E-01   -4.7991326532E+00    7.4837866515E-02
    5.7839980004E-02    1.0026331039E+00   -4.3781326632E-01   -4.8034057485E+00    7.4851585487E-02
    5.7879980004E-02    1.0032312008E+00   -4.3774451212E-01   -4.8050813357E+00    7.4865487568E-02
    5.7919980004E-02    1.0030887054E+00   -4.3764175039E-01   -4.8041505008E+00    7.4879451856E-02
    5.7959980004E-02    1.0022073780E+00   -4.3750294781E-01   -4.8006163953E+00    7.4893356450E-02
    5.7999980004E-02    1.0005937937E+00   -4.3731820246E-01   -4.7944942062E+00    7.4907080722E-02
    5.8039980004E-02    9.9825937938E-01   -4.3707009458E-01   -4.7858109703E+00    7.4920507552E-02
    5.8079980004E-02    9.9522046810E-01   -4.3673429991E-01   -4.7746052366E+00    7.4933525448E-02
    5.8119980004E-02    9.9149835746E-01   -4.3628044029E-01   -4.7609265923E+00    7.4946030498E-02
    5.8159980004E-02    9.8711935283E-01   -4.3567313757E-01   -4.7448350728E+00    7.4957928075E-02
    5.8199980004E-02    9.8211477649E-01   -4.3487322918E-01   -4.7264004887E+00    7.4969134243E-02
    5.8239980004E-02    9.7652092456E-01   -4.3383909808E-01   -4.7057017136E+00    7.4979576805E-02
    5.8279980004E-02    9.7037895713E-01   -4.3252806739E-01   -4.6828259828E+00    7.4989195995E-02
    5.8319980004E-02    9.6373471120E-01   -4.3089781100E-01   -4.6578682573E+00    7.4997944837E-02
    5.8359980004E-02    9.5663843025E-01   -4.2890773483E-01   -4.6309306987E+00    7.5005789228E-02
    5.8399980004E-02    9.4914440753E-01   -4.2652028927E-01   -4.6021222889E+00    7.5012707853E-02
    5.8439980004E-02    9.4131054165E-01   -4.2370218029E-01   -4.5715586040E+00    7.5018692004E-02
    5.8479980004E-02    9.3319780412E-01   -4.2042545245E-01   -4.5393617250E+00    7.5023745381E-02
    5.8519980004E-02    9.2486961804E-01   -4.1666842281E-01   -4.5056602418E+00    7.5027883893E-02
    5.8559980004E-02    9.1639114880E-01   -4.1241644827E-01   -4.4705892886E+00    7.5031135401E-02
    5.8599980004E-02    9.0782850975E-01   -4.0766251170E-01   -4.4342905377E+00    7.5033539325E-02
    5.8639980004E-02    8.9924789148E-01   -4.0240761542E-01   -4.3969120886E+00    7.5035145962E-02
    5.8679980004E-02    8.9071462997E-01   -3.9666097407E-01   -4.3586082036E+00    7.5036015373E-02
    5.8719980004E-02    8.8229223723E-01   -3.9044000456E-01   -4.3195388691E+00    7.5036215746E-02
    5.8759980004E-02    8.7404142461E-01   -3.8377011723E-01   -4.2798691875E+00    7.5035821190E-02
    5.8799980004E-02    8.6601915267E-01   -3.7668431931E-01   -4.2397686204E+00    7.5034909054E-02
    5.8839980004E-02    8.5827774165E-01   -3.6922264739E-01   -4.1994101106E+00    7.5033556995E-02
    5.8879980004E-02    8.5086407224E-01   -3.6143144936E-01   -4.1589691001E+00    7.5031840120E-02
    5.8919980004E-02    8.4381890112E-01   -3.5336253755E-01   -4.1186224463E+00    7.5029828606E-02
    5.8959980004E-02    8.3717630974E-01   -3.4507223614E-01   -4.0785472323E+00    7.5027586128E-02
    5.8999980004E-02    8.3096330182E-01   -3.3662034801E-01   -4.0389194660E+00    7.5025169321E-02
    5.9039980004E-02    8.2519956269E-01   -3.2806907073E-01   -3.9999126898E+00    7.5022628235E-02
    5.9079980004E-02    8.1989739246E-01   -3.1948189877E-01   -3.9616965507E+00    7.5020007548E-02
    5.9119980004E-02    8.1506182116E-01   -3.1092255499E-01   -3.9244354174E+00    7.5017348092E-02
    5.9159980005E-02    8.1069090695E-01   -3.0245399739E-01   -3.8882871463E+00    7.5014688241E-02
    5.9199980005E-02    8.0677620829E-01   -2.9413754285E-01   -3.8534020885E+00    7.5012064741E-02
    5.9239980005E-02    8.0330340980E-01   -2.8603213821E-01   -3.8199223994E+00    7.5009512794E-02
    5.9279980005E-02    8.0025307215E-01   -2.7819379258E-01   -3.7879816608E+00    7.5007065406E-02
    5.9319980005E-02    7.9760147136E-01   -2.7067516716E-01   -3.7577047751E+00    7.5004752200E-02
    5.9359980005E-02    7.9532149235E-01   -2.6352530380E-01   -3.7292080539E+00    7.5002598021E-02
    5.9399980005E-02    7.9338354569E-01   -2.5678946512E-01   -3.7025994063E+00    7.5000621648E-02
    5.9439980005E-02    7.9175648240E-01   -2.5050905652E-01   -3.6779785372E+00    7.4998834882E-02
    5.9479980005E-02    7.9040848766E-01   -2.4472160364E-01   -3.6554370877E+00    7.4997242155E-02
    5.9519980005E-02    7.8930793927E-01   -2.3946076519E-01   -3.6350586814E+00    7.4995840687E-02
    5.9559980005E-02    7.8842421991E-01   -2.3475636783E-01   -3.6169188660E+00    7.4994621119E-02
    5.9599980005E-02    7.8772847335E-01   -2.3063445542E-01   -3.6010849674E+00    7.4993568466E-02
    5.9639980005E-02    7.8719429575E-01   -2.2711734810E-01   -3.5876158808E+00    7.4992663242E-02
    5.9679980005E-02    7.8679835319E-01   -2.2422370805E-01   -3.5765618333E+00    7.4991882590E-02
    5.9719980005E-02    7.8652091710E-01   -2.2196860820E-01   -3.5679641462E+00    7.4991201301E-02
    5.9759980005E-02    7.8634631024E-01   -2.2036359926E-01   -3.5618550202E+00    7.4990592648E-02
    5.9799980005E-02    7.8626325697E-01   -2.1941676950E-01   -3.5582573591E+00    7.4990029012E-02
    5.9839980005E-02    7.8626513307E-01   -2.1913279142E-01   -3.5571846407E+00    7.4989482307E-02
    5.9879980005E-02    7.8635011188E-01   -2.1951295053E-01   -3.5586408398E+00    7.4988924269E-02
    5.9919980005E-02    7.8652120494E-01   -2.2055515283E-01   -3.5626204040E+00    7.4988326665E-02
    5.9959980005E-02    7.8678619659E-01   -2.2225391004E-01   -3.5691082824E+00    7.4987661520E-02
    5.9999980005E-02    7.8715747347E-01   -2.2460030412E-01   -3.5780800078E+00    7.4986901421E-02
    6.0039980005E-02    7.8765175107E-01   -2.2758193465E-01   -3.5895018285E+00    7.4986019991E-02
    6.0079980005E-02    7.8828970115E-01   -2.3118285444E-01   -3.6033308861E+00    7.4984992559E-02
    6.0119980005E-02    7.8909548528E-01   -2.3538349902E-01   -3.6195154290E+00    7.4983797045E-02
    6.0159980005E-02    7.9009620120E-01   -2.4016061570E-01   -3.6379950444E+00    7.4982415027E-02
    6.0199980005E-02    7.9132124993E-01   -2.4548719650E-01   -3.6587008856E+00    7.4980832905E-02
    6.0239980005E-02    7.9280163238E-01   -2.5133241859E-01   -3.6815558663E+00    7.4979043038E-02
    6.0279980005E-02    7.9456918434E-01   -2.5766159555E-01   -3.7064747880E+00    7.4977044699E-02
    6.0319980005E-02    7.9665575898E-01   -2.6443614407E-01   -3.7333643791E+00    7.4974844673E-02
    6.0359980005E-02    7.9909236628E-01   -2.7161357497E-01   -3.7621232333E+00    7.4972457381E-02
    6.0399980005E-02    8.0190828027E-01   -2.7914752279E-01   -3.7926416613E+00    7.4969904450E-02
    6.0439980005E-02    8.0513012785E-01   -2.8698783547E-01   -3.8248014991E+00    7.4967213783E-02
    6.0479980005E-02    8.0878097820E-01   -2.9508075173E-01   -3.8584759433E+00    7.4964418295E-02
    6.0519980005E-02    8.1287945748E-01   -3.0336919590E-01   -3.8935295024E+00    7.4961554573E-02
    6.0559980005E-02    8.1743891980E-01   -3.1179321720E-01   -3.9298181562E+00    7.4958661804E-02
    6.0599980005E-02    8.2246670889E-01   -3.2029059023E-01   -3.9671897911E+00    7.4955781252E-02
    6.0639980005E-02    8.2796354470E-01   -3.2879757793E-01   -4.0054849420E+00    7.4952956462E-02
    6.0679980005E-02    8.3392306410E-01   -3.3724984060E-01   -4.0445378189E+00    7.4950234174E-02
    6.0719980005E-02    8.4033153603E-01   -3.4558345824E-01   -4.0841775525E+00    7.4947665694E-02
    6.0759980005E-02    8.4716776108E-01   -3.5373602312E-01   -4.1242295632E+00    7.4945308324E-02
    6.0799980005E-02    8.5440315571E-01   -3.6164775611E-01   -4.1645169577E+00    7.4943226385E-02
    6.0839980005E-02    8.6200201481E-01   -3.6926260388E-01   -4.2048618775E+00    7.4941491433E-02
    6.0879980005E-02    8.6992194189E-01   -3.7652927995E-01   -4.2450867578E+00    7.4940181472E-02
    6.0919980005E-02    8.7811443368E-01   -3.8340221994E-01   -4.2850154832E+00    7.4939379179E-02
    6.0959980005E-02    8.8652560250E-01   -3.8984242524E-01   -4.3244744478E+00    7.4939169372E-02
    6.0999980005E-02    8.9509701485E-01   -3.9581817201E-01   -4.3632935225E+00    7.4939636064E-02
    6.1039980005E-02    9.0376661875E-01   -4.0130556329E-01   -4.4013069241E+00    7.4940859483E-02
    6.1079980005E-02    9.1246972694E-01   -4.0628890437E-01   -4.4383539622E+00    7.4942913359E-02
    6.1119980005E-02    9.2114002004E-01   -4.1076088534E-01   -4.4742796365E+00    7.4945862681E-02
    6.1159980005E-02    9.2971053520E-01   -4.1472256071E-01   -4.5089350641E+00    7.4949761995E-02
    6.1199980005E-02    9.3811461050E-01   -4.1818312216E-01   -4.5421777341E+00    7.4954654210E-02
    6.1239980005E-02    9.4628676278E-01   -4.2115946698E-01   -4.5738716159E+00    7.4960569820E-02
    6.1279980005E-02    9.5416348470E-01   -4.2367556941E-01   -4.6038871739E+00    7.4967526405E-02
    6.1319980005E-02    9.6168395347E-01   -4.2576166572E-01   -4.6321013547E+00    7.4975528284E-02
    6.1359980005E-02    9.6879064840E-01   -4.2745326735E-01   -4.6583976211E+00    7.4984566236E-02
    6.1399980005E-02    9.7542987679E-01   -4.2879001971E-01   -4.6826660925E+00    7.4994617257E-02
    6.1439980005E-02    9.8155220843E-01   -4.2981442926E-01   -4.7048038330E+00    7.5005644365E-02
    6.1479980005E-02    9.8711281932E-01   -4.3057048775E-01   -4.7247152985E+00    7.5017596540E-02
    6.1519980005E-02    9.9207174643E-01   -4.3110222962E-01   -4.7423129283E+00    7.5030408877E-02
    6.1559980005E-02    9.9639405744E-01   -4.3145226597E-01   -4.7575178422E+00    7.5044003042E-02
    6.1599980005E-02    1.0000499432E+00   -4.3166034402E-01   -4.7702605944E+00    7.5058288080E-02
    6.1639980005E-02    1.0030147448E+00   -4.3176198468E-01   -4.7804819257E+00    7.5073161601E-02
    6.1679980005E-02    1.0052689322E+00   -4.3178725067E-01   -4.7881334653E+00    7.5088511302E-02
    6.1719980005E-02    1.0067980530E+00   -4.3175969439E-01   -4.7931783374E+00    7.5104216780E-02
    6.1759980005E-02    1.0075926721E+00   -4.3169552856E-01   -4.7955916420E+00    7.5120151563E-02
    6.1799980005E-02    1.0076483202E+00   -4.3160305344E-01   -4.7953607897E+00    7.5136185295E-02
    6.1839980005E-02    1.0069654644E+00   -4.3148236445E-01   -4.7924856778E+00    7.5152185993E-02
    6.1879980005E-02    1.0055495102E+00   -4.3132535215E-01   -4.7869787018E+00    7.5168022341E-02
    6.1919980005E-02    1.0034108314E+00   -4.3111599479E-01   -4.7788646031E+00    7.5183565950E-02
    6.1959980005E-02    1.0005648242E+00   -4.3083093185E-01   -4.7681801576E+00    7.5198693535E-02
    6.1999980005E-02    9.9703196830E-01   -4.3044029503E-01   -4.7549737155E+00    7.5213288945E-02
    6.2039980005E-02    9.9283787844E-01   -4.2990876317E-01   -4.7393046156E+00    7.5227244983E-02
    6.2079980005E-02    9.8801332576E-01   -4.2919679830E-01   -4.7212425033E+00    7.5240464932E-02
    6.2119980005E-02    9.8259421004E-01   -4.2826201380E-01   -4.7008665985E+00    7.5252863768E-02
    6.2159980005E-02    9.7662146549E-01   -4.2706062304E-01   -4.6782649644E+00    7.5264369004E-02
    6.2199980005E-02    9.7014088760E-01   -4.2554891658E-01   -4.6535338354E+00    7.5274921212E-02
    6.2239980005E-02    9.6320287281E-01   -4.2368471896E-01   -4.6267770564E+00    7.5284474268E-02
    6.2279980005E-02    9.5586206588E-01   -4.2142878154E-01   -4.5981056691E+00    7.5292995416E-02
    6.2319980005E-02    9.4817691190E-01   -4.1874607489E-01   -4.5676376611E+00    7.5300465239E-02
    6.2359980005E-02    9.4020911076E-01   -4.1560695029E-01   -4.5354978598E+00    7.5306877594E-02
    6.2399980005E-02    9.3202297274E-01   -4.1198814540E-01   -4.5018179263E+00    7.5312239532E-02
    6.2439980005E-02    9.2368467567E-01   -4.0787361315E-01   -4.4667363811E+00    7.5316571127E-02
    6.2479980005E-02    9.1526142761E-01   -4.0325515629E-01   -4.4303985825E+00    7.5319905108E-02
    6.2519980005E-02    9.0682054497E-01   -3.9813285337E-01   -4.3929565849E+00    7.5322286147E-02
    6.2559980005E-02    8.9842846409E-01   -3.9251526689E-01   -4.3545688221E+00    7.5323769649E-02
    6.2599980005E-02    8.9014971251E-01   -3.8641943065E-01   -4.3153995896E+00    7.5324419982E-02
    6.2639980005E-02    8.8204587374E-01   -3.7987062119E-01   -4.2756183332E+00    7.5324308134E-02
    6.2679980005E-02    8.7417458300E-01   -3.7290192684E-01   -4.2353987679E+00    7.5323508944E-02
    6.2719980005E-02    8.6658859191E-01   -3.6555363432E-01   -4.1949178678E+00    7.5322098162E-02
    6.2759980005E-02    8.5933493599E-01   -3.5787245831E-01   -4.1543547574E+00    7.5320149687E-02
    6.2799980005E-02    8.5245423300E-01   -3.4991064142E-01   -4.1138895270E+00    7.5317733347E-02
    6.2839980005E-02    8.4598013336E-01   -3.4172495360E-01   -4.0737019815E+00    7.5314913537E-02
    6.2879980005E-02    8.3993893871E-01   -3.3337562138E-01   -4.0339703324E+00    7.5311748850E-02
    6.2919980005E-02    8.3434939987E-01   -3.2492522061E-01   -3.9948698557E+00    7.5308292636E-02
    6.2959980005E-02    8.2922270145E-01   -3.1643757044E-01   -3.9565715607E+00    7.5304594176E-02
    6.2999980005E-02    8.2456263454E-01   -3.0797666979E-01   -3.9192409379E+00    7.5300700076E-02
    6.3039980005E-02    8.2036595128E-01   -2.9960571720E-01   -3.8830368645E+00    7.5296655397E-02
    6.3079980005E-02    8.1662288618E-01   -2.9138624975E-01   -3.8481107348E+00    7.5292504189E-02
    6.3119980005E-02    8.1331781995E-01   -2.8337742503E-01   -3.8146058544E+00    7.5288289268E-02
    6.3159980005E-02    8.1043005577E-01   -2.7563545579E-01   -3.7826570962E+00    7.5284051314E-02
    6.3199980005E-02    8.0793467493E-01   -2.6821319167E-01   -3.7523907753E+00    7.5279827513E-02
    6.3239980005E-02    8.0580344045E-01   -2.6115983079E-01   -3.7239246747E+00    7.5275650080E-02
    6.3279980005E-02    8.0400572138E-01   -2.5452073747E-01   -3.6973681402E+00    7.5271544991E-02
    6.3319980005E-02    8.0250941554E-01   -2.4833734129E-01   -3.6728221768E+00    7.5267531160E-02
    6.3359980005E-02    8.0128185329E-01   -2.4264709600E-01   -3.6503794947E+00    7.5263620181E-02
    6.3399980005E-02    8.0029066843E-01   -2.3748348186E-01   -3.6301244826E+00    7.5259816629E-02
    6.3439980005E-02    7.9950462397E-01   -2.3287604000E-01   -3.6121331077E+00    7.5256118814E-02
    6.3479980005E-02    7.9889438165E-01   -2.2885043134E-01   -3.5964727584E+00    7.5252519835E-02
    6.3519980005E-02    7.9843320448E-01   -2.2542851377E-01   -3.5832020541E+00    7.5249008739E-02
    6.3559980005E-02    7.9809758221E-01   -2.2262843182E-01   -3.5723706486E+00    7.5245571660E-02
    6.3599980005E-02    7.9786777071E-01   -2.2046471176E-01   -3.5640190450E+00    7.5242192788E-02
    6.3639980005E-02    7.9772823761E-01   -2.1894835399E-01   -3.5581784400E+00    7.5238855145E-02
    6.3679980005E-02    7.9766800832E-01   -2.1808691441E-01   -3.5548706012E+00    7.5235541119E-02
    6.3719980005E-02    7.9768090815E-01   -2.1788456666E-01   -3.5541077825E+00    7.5232232807E-02
    6.3759980005E-02    7.9776569773E-01   -2.1834213876E-01   -3.5558926768E+00    7.5228912216E-02
    6.3799980005E-02    7.9792610036E-01   -2.1945712034E-01   -3.5602184038E+00    7.5225561398E-02
    6.3839980005E-02    7.9817072091E-01   -2.2122363951E-01   -3.5670685339E+00    7.5222162605E-02
    6.3879980005E-02    7.9851285715E-01   -2.2363241171E-01   -3.5764171484E+00    7.5218698551E-02
    6.3919980005E-02    7.9897020538E-01   -2.2667066575E-01   -3.5882289362E+00    7.5215152832E-02
    6.3959980005E-02    7.9956446402E-01   -2.3032205447E-01   -3.6024593259E+00    7.5211510585E-02
    6.3999980005E-02    8.0032084045E-01   -2.3456655820E-01   -3.6190546508E+00    7.5207759352E-02
    6.4039980005E-02    8.0126746772E-01   -2.3938038983E-01   -3.6379523342E+00    7.5203890163E-02
    6.4079980005E-02    8.0243473997E-01   -2.4473590889E-01   -3.6590810817E+00    7.5199898707E-02
    6.4119980005E-02    8.0385457644E-01   -2.5060155130E-01   -3.6823610551E+00    7.5195786510E-02
    6.4159980005E-02    8.0555962522E-01   -2.5694178057E-01   -3.7077040054E+00    7.5191561903E-02
    6.4199980005E-02    8.0758241818E-01   -2.6371706680E-01   -3.7350133435E+00    7.5187240653E-02
    6.4239980005E-02    8.0995448896E-01   -2.7088390235E-01   -3.7641841381E+00    7.5182846082E-02
    6.4279980005E-02    8.1270546708E-01   -2.7839486729E-01   -3.7951030512E+00    7.5178408628E-02
    6.4319980005E-02    8.1586216295E-01   -2.8619876310E-01   -3.8276482464E+00    7.5173964872E-02
    6.4359980005E-02    8.1944766221E-01   -2.9424083758E-01   -3.8616893251E+00    7.5169556214E-02
    6.4399980005E-02    8.2348045181E-01   -3.0246312609E-01   -3.8970873674E+00    7.5165227462E-02
    6.4439980005E-02    8.2797360489E-01   -3.1080493086E-01   -3.9336951496E+00    7.5161025666E-02
    6.4479980005E-02    8.3293405419E-01   -3.1920345198E-01   -3.9713575984E+00    7.5156999488E-02
    6.4519980005E-02    8.3836198406E-01   -3.2759457052E-01   -4.0099125034E+00    7.5153199279E-02
    6.4559980005E-02    8.4425036790E-01   -3.3591376904E-01   -4.0491914752E+00    7.5149677842E-02
    6.4599980005E-02    8.5058467215E-01   -3.4409716122E-01   -4.0890210958E+00    7.5146491633E-02
    6.4639980005E-02    8.5734274086E-01   -3.5208259271E-01   -4.1292241903E+00    7.5143702022E-02
    6.4679980005E-02    8.6449486745E-01   -3.5981077116E-01   -4.1696211469E+00    7.5141376168E-02
    6.4719980005E-02    8.7200405476E-01   -3.6722638445E-01   -4.2100312291E+00    7.5139587136E-02
    6.4759980005E-02    8.7982645862E-01   -3.7427916873E-01   -4.2502738452E+00    7.5138413052E-02
    6.4799980005E-02    8.8791200453E-01   -3.8092489186E-01   -4.2901697610E+00    7.5137935330E-02
    6.4839980005E-02    8.9620516015E-01   -3.8712622023E-01   -4.3295422470E+00    7.5138236153E-02
    6.4879980005E-02    9.0464583762E-01   -3.9285343913E-01   -4.3682181449E+00    7.5139395551E-02
    6.4919980005E-02    9.1317039219E-01   -3.9808499932E-01   -4.4060288271E+00    7.5141488429E-02
    6.4959980005E-02    9.2171267707E-01   -4.0280786705E-01   -4.4428110142E+00    7.5144581845E-02
    6.4999980005E-02    9.3020511294E-01   -4.0701766084E-01   -4.4784074155E+00    7.5148732755E-02
    6.5039980005E-02    9.3857973270E-01   -4.1071856612E-01   -4.5126671736E+00    7.5153986327E-02
    6.5079980005E-02    9.4676916923E-01   -4.1392302657E-01   -4.5454461223E+00    7.5160374789E-02
    6.5119980006E-02    9.5470756236E-01   -4.1665121777E-01   -4.5766068933E+00    7.5167916741E-02
    6.5159980006E-02    9.6233137077E-01   -4.1893031384E-01   -4.6060189366E+00    7.5176616770E-02
    6.5199980006E-02    9.6958008209E-01   -4.2079356182E-01   -4.6335585296E+00    7.5186465245E-02
    6.5239980006E-02    9.7639681962E-01   -4.2227918172E-01   -4.6591088518E+00    7.5197438202E-02
    6.5279980006E-02    9.8272884699E-01   -4.2342911433E-01   -4.6825601827E+00    7.5209497259E-02
    6.5319980006E-02    9.8852797333E-01   -4.2428764429E-01   -4.7038102575E+00    7.5222589623E-02
    6.5359980006E-02    9.9375086205E-01   -4.2489993250E-01   -4.7227647825E+00    7.5236648227E-02
    6.5399980006E-02    9.9835924751E-01   -4.2531049963E-01   -4.7393380848E+00    7.5251592123E-02
    6.5439980006E-02    1.0023200673E+00   -4.2556170896E-01   -4.7534538518E+00    7.5267327170E-02
    6.5479980006E-02    1.0056055213E+00   -4.2569230144E-01   -4.7650459028E+00    7.5283747084E-02
    6.5519980006E-02    1.0081930720E+00   -4.2573603865E-01   -4.7740589362E+00    7.5300734836E-02
    6.5559980006E-02    1.0100654055E+00   -4.2572050752E-01   -4.7804492026E+00    7.5318164354E-02
    6.5599980006E-02    1.0112103729E+00   -4.2566613583E-01   -4.7841850639E+00    7.5335902476E-02
    6.5639980006E-02    1.0116209314E+00   -4.2558545929E-01   -4.7852474115E+00    7.5353811073E-02
    6.5679980006E-02    1.0112951036E+00   -4.2548267091E-01   -4.7836299254E+00    7.5371749288E-02
    6.5719980006E-02    1.0102359630E+00   -4.2535347147E-01   -4.7793391676E+00    7.5389575822E-02
    6.5759980006E-02    1.0084516526E+00   -4.2518522751E-01   -4.7723945036E+00    7.5407151220E-02
    6.5799980006E-02    1.0059554294E+00   -4.2495743050E-01   -4.7628278573E+00    7.5424340105E-02
    6.5839980006E-02    1.0027657256E+00   -4.2464243841E-01   -4.7506833067E+00    7.5441013309E-02
    6.5879980006E-02    9.9890620776E-01   -4.2420646923E-01   -4.7360165381E+00    7.5457049818E-02
    6.5919980006E-02    9.9440581582E-01   -4.2361080567E-01   -4.7188941875E+00    7.5472338481E-02
    6.5959980006E-02    9.8929875907E-01   -4.2281316247E-01   -4.6993931111E+00    7.5486779415E-02
    6.5999980006E-02    9.8362445252E-01   -4.2176916251E-01   -4.6775996353E+00    7.5500285067E-02
    6.6039980006E-02    9.7742737764E-01   -4.2043386683E-01   -4.6536088471E+00    7.5512780946E-02
    6.6079980006E-02    9.7075685654E-01   -4.1876330516E-01   -4.6275239817E+00    7.5524206063E-02
    6.6119980006E-02    9.6366673192E-01   -4.1671595895E-01   -4.5994559523E+00    7.5534513171E-02
    6.6159980006E-02    9.5621494699E-01   -4.1425415480E-01   -4.5695230435E+00    7.5543668895E-02
    6.6199980006E-02    9.4846302065E-01   -4.1134533329E-01   -4.5378507622E+00    7.5551653818E-02
    6.6239980006E-02    9.4047541384E-01   -4.0796316383E-01   -4.5045718017E+00    7.5558462556E-02
    6.6279980006E-02    9.3231878427E-01   -4.0408848073E-01   -4.4698260531E+00    7.5564103748E-02
    6.6319980006E-02    9.2406113095E-01   -3.9971001900E-01   -4.4337605786E+00    7.5568599838E-02
    6.6359980006E-02    9.1577083722E-01   -3.9482493147E-01   -4.3965294627E+00    7.5571986502E-02
    6.6399980006E-02    9.0751563073E-01   -3.8943907348E-01   -4.3582934782E+00    7.5574311533E-02
    6.6439980006E-02    8.9936148968E-01   -3.8356704824E-01   -4.3192195291E+00    7.5575633123E-02
    6.6479980006E-02    8.9137153433E-01   -3.7723201508E-01   -4.2794798726E+00    7.5576017534E-02
    6.6519980006E-02    8.8360494866E-01   -3.7046527299E-01   -4.2392511492E+00    7.5575536309E-02
    6.6559980006E-02    8.7611597803E-01   -3.6330564189E-01   -4.1987132685E+00    7.5574263296E-02
    6.6599980006E-02    8.6895304368E-01   -3.5579867169E-01   -4.1580482027E+00    7.5572271838E-02
    6.6639980006E-02    8.6215800649E-01   -3.4799571363E-01   -4.1174387267E+00    7.5569632499E-02
    6.6679980006E-02    8.5576560226E-01   -3.3995289049E-01   -4.0770671331E+00    7.5566411623E-02
    6.6719980006E-02    8.4980306104E-01   -3.3173000229E-01   -4.0371139408E+00    7.5562670863E-02
    6.6759980006E-02    8.4428991605E-01   -3.2338940422E-01   -3.9977566166E+00    7.5558467602E-02
    6.6799980006E-02    8.3923800192E-01   -3.1499489402E-01   -3.9591683412E+00    7.5553855989E-02
    6.6839980006E-02    8.3465163720E-01   -3.0661064618E-01   -3.9215168667E+00    7.5548888174E-02
    6.6879980006E-02    8.3052798103E-01   -2.9830022808E-01   -3.8849635170E+00    7.5543615307E-02
    6.6919980006E-02    8.2685754771E-01   -2.9012572811E-01   -3.8496623798E+00    7.5538087959E-02
    6.6959980006E-02    8.2362485707E-01   -2.8214701614E-01   -3.8157597162E+00    7.5532355819E-02
    6.6999980006E-02    8.2080919605E-01   -2.7442114484E-01   -3.7833935838E+00    7.5526466733E-02
    6.7039980006E-02    8.1838546250E-01   -2.6700188857E-01   -3.7526936399E+00    7.5520465306E-02
    6.7079980006E-02    8.1632506312E-01   -2.5993940731E-01   -3.7237810683E+00    7.5514391412E-02
    6.7119980006E-02    8.1459684030E-01   -2.5328001722E-01   -3.6967685699E+00    7.5508278918E-02
    6.7159980006E-02    8.1316800625E-01   -2.4706604846E-01   -3.6717603608E+00    7.5502154868E-02
    6.7199980006E-02    8.1200506594E-01   -2.4133577279E-01   -3.6488521409E+00    7.5496039243E-02
    6.7239980006E-02    8.1107471275E-01   -2.3612338704E-01   -3.6281310176E+00    7.5489945282E-02
    6.7279980006E-02    8.1034468240E-01   -2.3145904192E-01   -3.6096753860E+00    7.5483880254E-02
    6.7319980006E-02    8.0978455184E-01   -2.2736890742E-01   -3.5935547794E+00    7.5477846521E-02
    6.7359980006E-02    8.0936647025E-01   -2.2387526688E-01   -3.5798297101E+00    7.5471842697E-02
    6.7399980006E-02    8.0906581130E-01   -2.2099663057E-01   -3.5685515187E+00    7.5465864765E-02
    6.7439980006E-02    8.0886173680E-01   -2.1874785888E-01   -3.5597622430E+00    7.5459907027E-02
    6.7479980006E-02    8.0873766422E-01   -2.1714028378E-01   -3.5534945165E+00    7.5453962830E-02
    6.7519980006E-02    8.0868163254E-01   -2.1618181715E-01   -3.5497714935E+00    7.5448025059E-02
    6.7559980006E-02    8.0868656255E-01   -2.1587703563E-01   -3.5486068011E+00    7.5442086422E-02
    6.7599980006E-02    8.0875040936E-01   -2.1622723355E-01   -3.5500045127E+00    7.5436139590E-02
    6.7639980006E-02    8.0887620602E-01   -2.1723043874E-01   -3.5539591392E+00    7.5430177250E-02
    6.7679980006E-02    8.0907199775E-01   -2.1888138950E-01   -3.5604556384E+00    7.5424192179E-02
    6.7719980006E-02    8.0935066736E-01   -2.2117147504E-01   -3.5694694411E+00    7.5418177394E-02
    6.7759980006E-02    8.0972965304E-01   -2.2408864530E-01   -3.5809665007E+00    7.5412126475E-02
    6.7799980006E-02    8.1023056121E-01   -2.2761729887E-01   -3.5949033673E+00    7.5406034090E-02
    6.7839980006E-02    8.1087867846E-01   -2.3173815984E-01   -3.6112272904E+00    7.5399896766E-02
    6.7879980006E-02    8.1170238888E-01   -2.3642815500E-01   -3.6298763488E+00    7.5393713879E-02
    6.7919980006E-02    8.1273250508E-01   -2.4166030270E-01   -3.6507795996E+00    7.5387488796E-02
    6.7959980006E-02    8.1400152352E-01   -2.4740362305E-01   -3.6738572345E+00    7.5381230058E-02
    6.7999980006E-02    8.1554281628E-01   -2.5362307838E-01   -3.6990207251E+00    7.5374952440E-02
    6.8039980006E-02    8.1738977297E-01   -2.6027955161E-01   -3.7261729386E+00    7.5368677718E-02
    6.8079980006E-02    8.1957490695E-01   -2.6732987091E-01   -3.7552082124E+00    7.5362434974E-02
    6.8119980006E-02    8.2212894095E-01   -2.7472689122E-01   -3.7860123859E+00    7.5356260339E-02
    6.8159980006E-02    8.2507988785E-01   -2.8241964653E-01   -3.8184628091E+00    7.5350196183E-02
    6.8199980006E-02    8.2845214407E-01   -2.9035359030E-01   -3.8524283659E+00    7.5344289871E-02
    6.8239980006E-02    8.3226561526E-01   -2.9847094365E-01   -3.8877695655E+00    7.5338592314E-02
    6.8279980006E-02    8.3653489671E-01   -3.0671116979E-01   -3.9243387635E+00    7.5333156658E-02
    6.8319980006E-02    8.4126853295E-01   -3.1501158749E-01   -3.9619805628E+00    7.5328037395E-02
    6.8359980006E-02    8.4646838208E-01   -3.2330812734E-01   -4.0005324255E+00    7.5323290121E-02
    6.8399980006E-02    8.5212910954E-01   -3.3153622223E-01   -4.0398254963E+00    7.5318971974E-02
    6.8439980006E-02    8.5823783353E-01   -3.3963181155E-01   -4.0796856090E+00    7.5315142591E-02
    6.8479980006E-02    8.6477394057E-01   -3.4753242906E-01   -4.1199344293E+00    7.5311865243E-02
    6.8519980006E-02    8.7170908564E-01   -3.5517833768E-01   -4.1603906821E+00    7.5309207730E-02
    6.8559980006E-02    8.7900738658E-01   -3.6251367214E-01   -4.2008714199E+00    7.5307242644E-02
    6.8599980006E-02    8.8662581674E-01   -3.6948754938E-01   -4.2411933012E+00    7.5306046749E-02
    6.8639980006E-02    8.9451479192E-01   -3.7605510719E-01   -4.2811738599E+00    7.5305699416E-02
    6.8679980006E-02    9.0261893814E-01   -3.8217843236E-01   -4.3206327460E+00    7.5306280271E-02
    6.8719980006E-02    9.1087801439E-01   -3.8782734097E-01   -4.3593929092E+00    7.5307866318E-02
    6.8759980006E-02    9.1922795378E-01   -3.9297997699E-01   -4.3972816865E+00    7.5310528917E-02
    6.8799980006E-02    9.2760197760E-01   -3.9762320109E-01   -4.4341317450E+00    7.5314330934E-02
    6.8839980006E-02    9.3593173328E-01   -4.0175274991E-01   -4.4697818369E+00    7.5319324351E-02
    6.8879980006E-02    9.4414840972E-01   -4.0537315542E-01   -4.5040773400E+00    7.5325548451E-02
    6.8919980006E-02    9.5218379053E-01   -4.0849742389E-01   -4.5368705901E+00    7.5333028623E-02
    6.8959980006E-02    9.5997121656E-01   -4.1114648170E-01   -4.5680210392E+00    7.5341775694E-02
    6.8999980006E-02    9.6744644026E-01   -4.1334840155E-01   -4.5973953085E+00    7.5351785627E-02
    6.9039980006E-02    9.7454836441E-01   -4.1513742671E-01   -4.6248672156E+00    7.5363039455E-02
    6.9079980006E-02    9.8121966481E-01   -4.1655281450E-01   -4.6503178566E+00    7.5375503307E-02
    6.9119980006E-02    9.8740730041E-01   -4.1763752388E-01   -4.6736358090E+00    7.5389128477E-02
    6.9159980006E-02    9.9306291645E-01   -4.1843677755E-01   -4.6947174898E+00    7.5403851568E-02
    6.9199980006E-02    9.9814314658E-01   -4.1899653510E-01   -4.7134676747E+00    7.5419594758E-02
    6.9239980006E-02    1.0026098210E+00   -4.1936192169E-01   -4.7298001526E+00    7.5436266301E-02
    6.9279980006E-02    1.0064300897E+00   -4.1957566319E-01   -4.7436384683E+00    7.5453761323E-02
    6.9319980006E-02    1.0095764736E+00   -4.1967658387E-01   -4.7549166951E+00    7.5471962966E-02
    6.9359980006E-02    1.0120268589E+00   -4.1969822442E-01   -4.7635801797E+00    7.5490743856E-02
    6.9399980006E-02    1.0137644540E+00   -4.1966763589E-01   -4.7695862078E+00    7.5509967874E-02
    6.9439980006E-02    1.0147777309E+00   -4.1960439952E-01   -4.7729045497E+00    7.5529492151E-02
    6.9479980006E-02    1.0150603683E+00   -4.1951991369E-01   -4.7735178603E+00    7.5549169222E-02
    6.9519980006E-02    1.0146112162E+00   -4.1941697689E-01   -4.7714219143E+00    7.5568849273E-02
    6.9559980006E-02    1.0134342878E+00   -4.1928968611E-01   -4.7666256702E+00    7.5588382435E-02
    6.9599980006E-02    1.0115387806E+00   -4.1912365723E-01   -4.7591511607E+00    7.5607621065E-02
    6.9639980006E-02    1.0089391249E+00   -4.1889655420E-01   -4.7490332122E+00    7.5626421968E-02
    6.9679980006E-02    1.0056550444E+00   -4.1857890641E-01   -4.7363190056E+00    7.5644648510E-02
    6.9719980006E-02    1.0017116135E+00   -4.1813518018E-01   -4.7210674986E+00    7.5662172548E-02
    6.9759980006E-02    9.9713928835E-01   -4.1752506025E-01   -4.7033487431E+00    7.5678876111E-02
    6.9799980006E-02    9.9197389221E-01   -4.1670488916E-01   -4.6832431432E+00    7.5694652784E-02
    6.9839980006E-02    9.8625653740E-01   -4.1562920821E-01   -4.6608407102E+00    7.5709408759E-02
    6.9879980006E-02    9.8003346747E-01   -4.1425234299E-01   -4.6362403762E+00    7.5723063576E-02
    6.9919980006E-02    9.7335580872E-01   -4.1252997939E-01   -4.6095494228E+00    7.5735550612E-02
    6.9959980006E-02    9.6627922124E-01   -4.1042068128E-01   -4.5808830628E+00    7.5746817405E-02
    6.9999980006E-02    9.5886344153E-01   -4.0788730790E-01   -4.5503641884E+00    7.5756825910E-02
    7.0039980006E-02    9.5117170896E-01   -4.0489829461E-01   -4.5181232624E+00    7.5765552730E-02
    7.0079980006E-02    9.4327006984E-01   -4.0142876634E-01   -4.4842982968E+00    7.5772989308E-02
    7.0119980006E-02    9.3522655652E-01   -3.9746145603E-01   -4.4490348370E+00    7.5779141977E-02
    7.0159980006E-02    9.2711024522E-01   -3.9298740387E-01   -4.4124858589E+00    7.5784031700E-02
    7.0199980006E-02    9.1899020695E-01   -3.8800641690E-01   -4.3748114971E+00    7.5787693324E-02
    7.0239980006E-02    9.1093437807E-01   -3.8252727513E-01   -4.3361785448E+00    7.5790174194E-02
    7.0279980006E-02    9.0300838938E-01   -3.7656767920E-01   -4.2967597063E+00    7.5791532097E-02
    7.0319980006E-02    8.9527440228E-01   -3.7015394654E-01   -4.2567326197E+00    7.5791832625E-02
    7.0359980006E-02    8.8779000454E-01   -3.6332047521E-01   -4.2162786980E+00    7.5791146189E-02
    7.0399980006E-02    8.8060721601E-01   -3.5610900583E-01   -4.1755818533E+00    7.5789545046E-02
    7.0439980006E-02    8.7377164611E-01   -3.4856772013E-01   -4.1348271653E+00    7.5787100704E-02
    7.0479980006E-02    8.6732183300E-01   -3.4075021844E-01   -4.0941995456E+00    7.5783882057E-02
    7.0519980006E-02    8.6128878090E-01   -3.3271441960E-01   -4.0538824315E+00    7.5779954446E-02
    7.0559980006E-02    8.5569570053E-01   -3.2452142470E-01   -4.0140565314E+00    7.5775379647E-02
    7.0599980006E-02    8.5055794857E-01   -3.1623438390E-01   -3.9748986433E+00    7.5770216585E-02
    7.0639980006E-02    8.4588315621E-01   -3.0791740261E-01   -3.9365805704E+00    7.5764522403E-02
    7.0679980006E-02    8.4167153214E-01   -2.9963451950E-01   -3.8992681634E+00    7.5758353459E-02
    7.0719980006E-02    8.3791632246E-01   -2.9144878368E-01   -3.8631205188E+00    7.5751765878E-02
    7.0759980006E-02    8.3460440683E-01   -2.8342145065E-01   -3.8282893522E+00    7.5744815445E-02
    7.0799980006E-02    8.3171700830E-01   -2.7561130748E-01   -3.7949185443E+00    7.5737556816E-02
    7.0839980006E-02    8.2923049308E-01   -2.6807412821E-01   -3.7631438400E+00    7.5730042237E-02
    7.0879980006E-02    8.2711723679E-01   -2.6086225218E-01   -3.7330926592E+00    7.5722320055E-02
    7.0919980006E-02    8.2534653499E-01   -2.5402427319E-01   -3.7048839752E+00    7.5714433358E-02
    7.0959980006E-02    8.2388553715E-01   -2.4760482503E-01   -3.6786282178E+00    7.5706419004E-02
    7.0999980006E-02    8.2270018521E-01   -2.4164444992E-01   -3.6544271711E+00    7.5698307191E-02
    7.1039980006E-02    8.2175613851E-01   -2.3617953825E-01   -3.6323738529E+00    7.5690121613E-02
    7.1079980007E-02    8.2101966799E-01   -2.3124232961E-01   -3.6125523767E+00    7.5681880095E-02
    7.1119980007E-02    8.2045850316E-01   -2.2686096627E-01   -3.5950378075E+00    7.5673595557E-02
    7.1159980007E-02    8.2004261673E-01   -2.2305958967E-01   -3.5798960252E+00    7.5665277148E-02
    7.1199980007E-02    8.1974493324E-01   -2.1985846886E-01   -3.5671836099E+00    7.5656931345E-02
    7.1239980007E-02    8.1954195078E-01   -2.1727414846E-01   -3.5569477552E+00    7.5648562934E-02
    7.1279980007E-02    8.1941426688E-01   -2.1531960196E-01   -3.5492262111E+00    7.5640175768E-02
    7.1319980007E-02    8.1934700291E-01   -2.1400437612E-01   -3.5440472541E+00    7.5631773287E-02
    7.1359980007E-02    8.1933012308E-01   -2.1333471281E-01   -3.5414296743E+00    7.5623358825E-02
    7.1399980007E-02    8.1935864601E-01   -2.1331363692E-01   -3.5413827735E+00    7.5614935731E-02
    7.1439980007E-02    8.1943274793E-01   -2.1394100206E-01   -3.5439063664E+00    7.5606507386E-02
    7.1479980007E-02    8.1955775735E-01   -2.1521348973E-01   -3.5489907810E+00    7.5598077181E-02
    7.1519980007E-02    8.1974404111E-01   -2.1712456223E-01   -3.5566168571E+00    7.5589648536E-02
    7.1559980007E-02    8.2000678250E-01   -2.1966437351E-01   -3.5667559493E+00    7.5581225032E-02
    7.1599980007E-02    8.2036565250E-01   -2.2281964656E-01   -3.5793699384E+00    7.5572810720E-02
    7.1639980007E-02    8.2084437667E-01   -2.2657352877E-01   -3.5944112607E+00    7.5564410660E-02
    7.1679980007E-02    8.2147020173E-01   -2.3090543885E-01   -3.6118229628E+00    7.5556031684E-02
    7.1719980007E-02    8.2227326831E-01   -2.3579091972E-01   -3.6315387851E+00    7.5547683383E-02
    7.1759980007E-02    8.2328589899E-01   -2.4120151111E-01   -3.6534832733E+00    7.5539379224E-02
    7.1799980007E-02    8.2454181286E-01   -2.4710465448E-01   -3.6775719106E+00    7.5531137687E-02
    7.1839980007E-02    8.2607528024E-01   -2.5346364095E-01   -3.7037112589E+00    7.5522983248E-02
    7.1879980007E-02    8.2792023400E-01   -2.6023761130E-01   -3.7317990945E+00    7.5514947045E-02
    7.1919980007E-02    8.3010935369E-01   -2.6738161690E-01   -3.7617245287E+00    7.5507067066E-02
    7.1959980007E-02    8.3267313909E-01   -2.7484675119E-01   -3.7933681133E+00    7.5499387780E-02
    7.1999980007E-02    8.3563899029E-01   -2.8258036329E-01   -3.8266019432E+00    7.5491959230E-02
    7.2039980007E-02    8.3903031188E-01   -2.9052636770E-01   -3.8612897872E+00    7.5484835745E-02
    7.2079980007E-02    8.4286566019E-01   -2.9862566460E-01   -3.8972872864E+00    7.5478074519E-02
    7.2119980007E-02    8.4715795348E-01   -3.0681668391E-01   -3.9344422659E+00    7.5471734375E-02
    7.2159980007E-02    8.5191376682E-01   -3.1503606110E-01   -3.9725951958E+00    7.5465874993E-02
    7.2199980007E-02    8.5713273384E-01   -3.2321944492E-01   -4.0115798240E+00    7.5460556777E-02
    7.2239980007E-02    8.6280707803E-01   -3.3130242751E-01   -4.0512239770E+00    7.5455841349E-02
    7.2279980007E-02    8.6892129534E-01   -3.3922157729E-01   -4.0913505136E+00    7.5451792460E-02
    7.2319980007E-02    8.7545200848E-01   -3.4691554715E-01   -4.1317783992E+00    7.5448476965E-02
    7.2359980007E-02    8.8236801113E-01   -3.5432622397E-01   -4.1723238717E+00    7.5445965448E-02
    7.2399980007E-02    8.8963051571E-01   -3.6139988125E-01   -4.2128016747E+00    7.5444332160E-02
    7.2439980007E-02    8.9719361159E-01   -3.6808829360E-01   -4.2530263383E+00    7.5443654034E-02
    7.2479980007E-02    9.0500493046E-01   -3.7434976969E-01   -4.2928134856E+00    7.5444008808E-02
    7.2519980007E-02    9.1300650170E-01   -3.8015005945E-01   -4.3319811355E+00    7.5445472414E-02
    7.2559980007E-02    9.2113576642E-01   -3.8546309339E-01   -4.3703509542E+00    7.5448115961E-02
    7.2599980007E-02    9.2932670543E-01   -3.9027151635E-01   -4.4077493983E+00    7.5452002689E-02
    7.2639980007E-02    9.3751102800E-01   -3.9456698700E-01   -4.4440086898E+00    7.5457185228E-02
    7.2679980007E-02    9.4561936620E-01   -3.9835022474E-01   -4.4789675747E+00    7.5463703413E-02
    7.2719980007E-02    9.5358242452E-01   -4.0163079804E-01   -4.5124718468E+00    7.5471582772E-02
    7.2759980007E-02    9.6133204473E-01   -4.0442665841E-01   -4.5443746552E+00    7.5480833642E-02
    7.2799980007E-02    9.6880215900E-01   -4.0676343315E-01   -4.5745366461E+00    7.5491450802E-02
    7.2839980007E-02    9.7592961719E-01   -4.0867349574E-01   -4.6028260199E+00    7.5503413439E-02
    7.2879980007E-02    9.8265488495E-01   -4.1019483699E-01   -4.6291185913E+00    7.5516685273E-02
    7.2919980007E-02    9.8892261620E-01   -4.1136976357E-01   -4.6532979316E+00    7.5531214751E-02
    7.2959980007E-02    9.9468210701E-01   -4.1224345503E-01   -4.6752556487E+00    7.5546935270E-02
    7.2999980007E-02    9.9988763970E-01   -4.1286241607E-01   -4.6948918291E+00    7.5563765499E-02
    7.3039980007E-02    1.0044987266E+00   -4.1327286713E-01   -4.7121156288E+00    7.5581609863E-02
    7.3079980007E-02    1.0084802630E+00   -4.1351912483E-01   -4.7268459769E+00    7.5600359294E-02
    7.3119980007E-02    1.0118026021E+00   -4.1364202911E-01   -4.7390123358E+00    7.5619892302E-02
    7.3159980007E-02    1.0144415660E+00   -4.1367747630E-01   -4.7485554583E+00    7.5640076378E-02
    7.3199980007E-02    1.0163784137E+00   -4.1365511645E-01   -4.7554280831E+00    7.5660769692E-02
    7.3239980007E-02    1.0175997856E+00   -4.1359726867E-01   -4.7595955263E+00    7.5681823043E-02
    7.3279980007E-02    1.0180976445E+00   -4.1351810002E-01   -4.7610361311E+00    7.5703081973E-02
    7.3319980007E-02    1.0178692317E+00   -4.1342310274E-01   -4.7597415583E+00    7.5724388996E-02
    7.3359980007E-02    1.0169170492E+00   -4.1330889222E-01   -4.7557169034E+00    7.5745585877E-02
    7.3399980007E-02    1.0152488731E+00   -4.1316333423E-01   -4.7489806367E+00    7.5766515919E-02
    7.3439980007E-02    1.0128777948E+00   -4.1296599633E-01   -4.7395643696E+00    7.5787026209E-02
    7.3479980007E-02    1.0098222797E+00   -4.1268890460E-01   -4.7275124557E+00    7.5806969774E-02
    7.3519980007E-02    1.0061062262E+00   -4.1229757372E-01   -4.7128814465E+00    7.5826207583E-02
    7.3559980007E-02    1.0017590060E+00   -4.1175226753E-01   -4.6957394336E+00    7.5844610337E-02
    7.3599980007E-02    9.9681546395E-01   -4.1100943837E-01   -4.6761653208E+00    7.5862059971E-02
    7.3639980007E-02    9.9131585830E-01   -4.1002328793E-01   -4.6542480831E+00    7.5878450857E-02
    7.3679980007E-02    9.8530572532E-01   -4.0874739082E-01   -4.6300860738E+00    7.5893690689E-02
    7.3719980007E-02    9.7883565242E-01   -4.0713632477E-01   -4.6037864399E+00    7.5907701122E-02
    7.3759980007E-02    9.7196094789E-01   -4.0514725587E-01   -4.5754646860E+00    7.5920418240E-02
    7.3799980007E-02    9.6474119636E-01   -4.0274143243E-01   -4.5452444039E+00    7.5931792943E-02
    7.3839980007E-02    9.5723968981E-01   -3.9988554702E-01   -4.5132571460E+00    7.5941791322E-02
    7.3879980007E-02    9.4952272541E-01   -3.9655293127E-01   -4.4796423848E+00    7.5950394991E-02
    7.3919980007E-02    9.4165876586E-01   -3.9272455113E-01   -4.4445474753E+00    7.5957601280E-02
    7.3959980007E-02    9.3371746560E-01   -3.8838977362E-01   -4.4081275204E+00    7.5963423110E-02
    7.3999980007E-02    9.2576857831E-01   -3.8354688071E-01   -4.3705450512E+00    7.5967888349E-02
    7.4039980007E-02    9.1788077489E-01   -3.7820331283E-01   -4.3319694610E+00    7.5971038485E-02
    7.4079980007E-02    9.1012041537E-01   -3.7237563574E-01   -4.2925761693E+00    7.5972926570E-02
    7.4119980007E-02    9.0255032859E-01   -3.6608923753E-01   -4.2525455413E+00    7.5973614545E-02
    7.4159980007E-02    8.9522865802E-01   -3.5937777748E-01   -4.2120616180E+00    7.5973170196E-02
    7.4199980007E-02    8.8820782918E-01   -3.5228242133E-01   -4.1713107359E+00    7.5971664108E-02
    7.4239980007E-02    8.8153368415E-01   -3.4485090709E-01   -4.1304801120E+00    7.5969167037E-02
    7.4279980007E-02    8.7524481449E-01   -3.3713649020E-01   -4.0897564610E+00    7.5965748016E-02
    7.4319980007E-02    8.6937210806E-01   -3.2919681656E-01   -4.0493246857E+00    7.5961473404E-02
    7.4359980007E-02    8.6393851129E-01   -3.2109276900E-01   -4.0093666671E+00    7.5956406831E-02
    7.4399980007E-02    8.5895899778E-01   -3.1288732730E-01   -3.9700601669E+00    7.5950609845E-02
    7.4439980007E-02    8.5444072739E-01   -3.0464447665E-01   -3.9315778537E+00    7.5944142864E-02
    7.4479980007E-02    8.5038337618E-01   -2.9642819275E-01   -3.8940864598E+00    7.5937066023E-02
    7.4519980007E-02    8.4677961588E-01   -2.8830152593E-01   -3.8577460793E+00    7.5929439579E-02
    7.4559980007E-02    8.4361572116E-01   -2.8032579874E-01   -3.8227096048E+00    7.5921323670E-02
    7.4599980007E-02    8.4087228289E-01   -2.7255992428E-01   -3.7891222944E+00    7.5912777458E-02
    7.4639980007E-02    8.3852500645E-01   -2.6505984529E-01   -3.7571214449E+00    7.5903857831E-02
    7.4679980007E-02    8.3654557502E-01   -2.5787808858E-01   -3.7268361415E+00    7.5894617972E-02
    7.4719980007E-02    8.3490255848E-01   -2.5106342629E-01   -3.6983870509E+00    7.5885106097E-02
    7.4759980007E-02    8.3356234949E-01   -2.4466063451E-01   -3.6718862352E+00    7.5875364607E-02
    7.4799980007E-02    8.3249010805E-01   -2.3871034020E-01   -3.6474369704E+00    7.5865429781E-02
    7.4839980007E-02    8.3165069600E-01   -2.3324894836E-01   -3.6251335700E+00    7.5855332013E-02
    7.4879980007E-02    8.3100958263E-01   -2.2830864128E-01   -3.6050612188E+00    7.5845096497E-02
    7.4919980007E-02    8.3053370353E-01   -2.2391744107E-01   -3.5872958321E+00    7.5834744186E-02
    7.4959980007E-02    8.3019225631E-01   -2.2009932439E-01   -3.5719039472E+00    7.5824292872E-02
    7.4999980007E-02    8.2995741857E-01   -2.1687437612E-01   -3.5589426561E+00    7.5813758212E-02
    7.5039980007E-02    8.2980497646E-01   -2.1425896643E-01   -3.5484595783E+00    7.5803154601E-02
    7.5079980007E-02    8.2971485586E-01   -2.1226593422E-01   -3.5404928656E+00    7.5792495835E-02
    7.5119980007E-02    8.2967155078E-01   -2.1090476009E-01   -3.5350712296E+00    7.5781795536E-02
    7.5159980007E-02    8.2966444634E-01   -2.1018171288E-01   -3.5322139789E+00    7.5771067381E-02
    7.5199980007E-02    8.2968803525E-01   -2.1009995691E-01   -3.5319310520E+00    7.5760325153E-02
    7.5239980007E-02    8.2974202756E-01   -2.1065961036E-01   -3.5342230387E+00    7.5749582702E-02
    7.5279980007E-02    8.2983135391E-01   -2.1185774970E-01   -3.5390811829E+00    7.5738853865E-02
    7.5319980007E-02    8.2996606238E-01   -2.1368835994E-01   -3.5464873666E+00    7.5728152410E-02
    7.5359980007E-02    8.3016110909E-01   -2.1614223517E-01   -3.5564140805E+00    7.5717492082E-02
    7.5399980007E-02    8.3043604299E-01   -2.1920683808E-01   -3.5688243886E+00    7.5706886803E-02
    7.5439980007E-02    8.3081458614E-01   -2.2286613133E-01   -3.5836718988E+00    7.5696351073E-02
    7.5479980007E-02    8.3132411243E-01   -2.2710039588E-01   -3.6009007531E+00    7.5685900597E-02
    7.5519980007E-02    8.3199502999E-01   -2.3188605321E-01   -3.6204456474E+00    7.5675553129E-02
    7.5559980007E-02    8.3286007555E-01   -2.3719550805E-01   -3.6422318889E+00    7.5665329485E-02
    7.5599980007E-02    8.3395353204E-01   -2.4299702749E-01   -3.6661754923E+00    7.5655254620E-02
    7.5639980007E-02    8.3531038360E-01   -2.4925466968E-01   -3.6921833118E+00    7.5645358630E-02
    7.5679980007E-02    8.3696542425E-01   -2.5592827323E-01   -3.7201531972E+00    7.5635677510E-02
    7.5719980007E-02    8.3895233788E-01   -2.6297351645E-01   -3.7499741652E+00    7.5626253504E-02
    7.5759980007E-02    8.4130276738E-01   -2.7034205443E-01   -3.7815265785E+00    7.5617134943E-02
    7.5799980007E-02    8.4404539026E-01   -2.7798174233E-01   -3.8146823317E+00    7.5608375546E-02
    7.5839980007E-02    8.4720501823E-01   -2.8583695410E-01   -3.8493050587E+00    7.5600033293E-02
    7.5879980007E-02    8.5080173733E-01   -2.9384900695E-01   -3.8852503838E+00    7.5592169075E-02
    7.5919980007E-02    8.5485010652E-01   -3.0195670103E-01   -3.9223662457E+00    7.5584845414E-02
    7.5959980007E-02    8.5935843310E-01   -3.1009698145E-01   -3.9604933258E+00    7.5578125549E-02
    7.5999980007E-02    8.6432814506E-01   -3.1820572419E-01   -3.9994656021E+00    7.5572073076E-02
    7.6039980007E-02    8.6975328194E-01   -3.2621864068E-01   -4.0391110385E+00    7.5566752210E-02
    7.6079980007E-02    8.7562012677E-01   -3.3407228717E-01   -4.0792524095E+00    7.5562228498E-02
    7.6119980007E-02    8.8190700248E-01   -3.4170515760E-01   -4.1197082493E+00    7.5558569703E-02
    7.6159980007E-02    8.8858425544E-01   -3.4905883092E-01   -4.1602939156E+00    7.5555846442E-02
    7.6199980007E-02    8.9561444551E-01   -3.5607913754E-01   -4.2008227565E+00    7.5554132213E-02
    7.6239980007E-02    9.0295275603E-01   -3.6271730393E-01   -4.2411073702E+00    7.5553502568E-02
    7.6279980007E-02    9.1054762562E-01   -3.6893102935E-01   -4.2809609378E+00    7.5554033353E-02
    7.6319980007E-02    9.1834158949E-01   -3.7468544612E-01   -4.3201985937E+00    7.5555798171E-02
    7.6359980007E-02    9.2627230066E-01   -3.7995391486E-01   -4.3586387817E+00    7.5558865349E-02
    7.6399980007E-02    9.3427368567E-01   -3.8471861086E-01   -4.3961045247E+00    7.5563294815E-02
    7.6439980007E-02    9.4227717821E-01   -3.8897086652E-01   -4.4324245358E+00    7.5569135242E-02
    7.6479980007E-02    9.5021296976E-01   -3.9271124722E-01   -4.4674341096E+00    7.5576421772E-02
    7.6519980007E-02    9.5801122019E-01   -3.9594935164E-01   -4.5009757638E+00    7.5585174436E-02
    7.6559980007E-02    9.6560318152E-01   -3.9870334026E-01   -4.5328996380E+00    7.5595397280E-02
    7.6599980007E-02    9.7292220279E-01   -4.0099920663E-01   -4.5630637004E+00    7.5607078064E-02
    7.6639980007E-02    9.7990459849E-01   -4.0286981287E-01   -4.5913338421E+00    7.5620188315E-02
    7.6679980007E-02    9.8649037589E-01   -4.0435371648E-01   -4.6175839513E+00    7.5634683585E-02
    7.6719980007E-02    9.9262382540E-01   -4.0549381907E-01   -4.6416960528E+00    7.5650503762E-02
    7.6759980007E-02    9.9825398283E-01   -4.0633587201E-01   -4.6635605773E+00    7.5667573418E-02
    7.6799980007E-02    1.0033349746E+00   -4.0692687919E-01   -4.6830767862E+00    7.5685802228E-02
    7.6839980007E-02    1.0078262578E+00   -4.0731344346E-01   -4.7001533464E+00    7.5705085562E-02
    7.6879980007E-02    1.0116927670E+00   -4.0754010973E-01   -4.7147090179E+00    7.5725305320E-02
    7.6919980007E-02    1.0149049838E+00   -4.0764776276E-01   -4.7266733995E+00    7.5746331078E-02
    7.6959980007E-02    1.0174389440E+00   -4.0767214029E-01   -4.7359876712E+00    7.5768021554E-02
    7.6999980007E-02    1.0192762038E+00   -4.0764252073E-01   -4.7426052761E+00    7.5790226359E-02
    7.7039980008E-02    1.0204037843E+00   -4.0758063975E-01   -4.7464924959E+00    7.5812787971E-02
    7.7079980008E-02    1.0208141153E+00   -4.0749988151E-01   -4.7476288845E+00    7.5835543871E-02
    7.7119980008E-02    1.0205049951E+00   -4.0740477922E-01   -4.7460075393E+00    7.5858328780E-02
    7.7159980008E-02    1.0194795760E+00   -4.0729084632E-01   -4.7416351986E+00    7.5880976929E-02
    7.7199980008E-02    1.0177463805E+00   -4.0714474683E-01   -4.7345321601E+00    7.5903324341E-02
    7.7239980008E-02    1.0153193452E+00   -4.0694479462E-01   -4.7247320250E+00    7.5925211072E-02
    7.7279980008E-02    1.0122178808E+00   -4.0666176212E-01   -4.7122812794E+00    7.5946483351E-02
    7.7319980008E-02    1.0084669287E+00   -4.0625996586E-01   -4.6972387349E+00    7.5966995583E-02
    7.7359980008E-02    1.0040969962E+00   -4.0569858264E-01   -4.6796748648E+00    7.5986612124E-02
    7.7399980008E-02    9.9914414833E-01   -4.0493314247E-01   -4.6596710831E+00    7.6005208790E-02
    7.7439980008E-02    9.9364993689E-01   -4.0391713968E-01   -4.6373190253E+00    7.6022674066E-02
    7.7479980008E-02    9.8766124901E-01   -4.0260370238E-01   -4.6127198943E+00    7.6038910026E-02
    7.7519980008E-02    9.8123005973E-01   -4.0094726263E-01   -4.5859839257E+00    7.6053833027E-02
    7.7559980008E-02    9.7441307420E-01   -3.9890517462E-01   -4.5572300089E+00    7.6067374271E-02
    7.7599980008E-02    9.6727124597E-01   -3.9643923316E-01   -4.5265854644E+00    7.6079480309E-02
    7.7639980008E-02    9.5986915864E-01   -3.9351705009E-01   -4.4941859448E+00    7.6090113544E-02
    7.7679980008E-02    9.5227426121E-01   -3.9011324999E-01   -4.4601753856E+00    7.6099252662E-02
    7.7719980008E-02    9.4455595364E-01   -3.8621044925E-01   -4.4247059101E+00    7.6106892870E-02
    7.7759980008E-02    9.3678453038E-01   -3.8179998657E-01   -4.3879375867E+00    7.6113045719E-02
    7.7799980008E-02    9.2903000385E-01   -3.7688237873E-01   -4.3500379528E+00    7.6117738311E-02
    7.7839980008E-02    9.2136084670E-01   -3.7146748532E-01   -4.3111812588E+00    7.6121011735E-02
    7.7879980008E-02    9.1384270571E-01   -3.6557437985E-01   -4.2715474298E+00    7.6122918744E-02
    7.7919980008E-02    9.0653715002E-01   -3.5923094093E-01   -4.2313207917E+00    7.6123520847E-02
    7.7959980008E-02    8.9950051750E-01   -3.5247319388E-01   -4.1906886410E+00    7.6122885136E-02
    7.7999980008E-02    8.9278291600E-01   -3.4534444658E-01   -4.1498397520E+00    7.6121081281E-02
    7.8039980008E-02    8.8642742225E-01   -3.3789427213E-01   -4.1089629095E+00    7.6118179081E-02
    7.8079980008E-02    8.8046950311E-01   -3.3017739337E-01   -4.0682455336E+00    7.6114246869E-02
    7.8119980008E-02    8.7493666608E-01   -3.2225252141E-01   -4.0278724360E+00    7.6109350867E-02
    7.8159980008E-02    8.6984833108E-01   -3.1418119411E-01   -3.9880247238E+00    7.6103555379E-02
    7.8199980008E-02    8.6521590555E-01   -3.0602665200E-01   -3.9488788508E+00    7.6096923504E-02
    7.8239980008E-02    8.6104303976E-01   -2.9785278081E-01   -3.9106058068E+00    7.6089517982E-02
    7.8279980008E-02    8.5732603808E-01   -2.8972314204E-01   -3.8733704337E+00    7.6081401788E-02
    7.8319980008E-02    8.5405440263E-01   -2.8170010564E-01   -3.8373308555E+00    7.6072638194E-02
    7.8359980008E-02    8.5121148832E-01   -2.7384409257E-01   -3.8026380047E+00    7.6063290227E-02
    7.8399980008E-02    8.4877525003E-01   -2.6621292962E-01   -3.7694352269E+00    7.6053419626E-02
    7.8439980008E-02    8.4671906449E-01   -2.5886131494E-01   -3.7378579405E+00    7.6043085532E-02
    7.8479980008E-02    8.4501261036E-01   -2.5184039045E-01   -3.7080333339E+00    7.6032343210E-02
    7.8519980008E-02    8.4362278943E-01   -2.4519741643E-01   -3.6800800841E+00    7.6021243074E-02
    7.8559980008E-02    8.4251467141E-01   -2.3897554345E-01   -3.6541080951E+00    7.6009830172E-02
    7.8599980008E-02    8.4165244315E-01   -2.3321367719E-01   -3.6302182577E+00    7.5998144207E-02
    7.8639980008E-02    8.4100034226E-01   -2.2794643013E-01   -3.6085022443E+00    7.5986219999E-02
    7.8679980008E-02    8.4052355504E-01   -2.2320415285E-01   -3.5890423474E+00    7.5974088290E-02
    7.8719980008E-02    8.4018905960E-01   -2.1901303406E-01   -3.5719113747E+00    7.5961776705E-02
    7.8759980008E-02    8.3996639761E-01   -2.1539525567E-01   -3.5571726015E+00    7.5949310716E-02
    7.8799980008E-02    8.3982836108E-01   -2.1236918574E-01   -3.5448797769E+00    7.5936714503E-02
    7.8839980008E-02    8.3975158482E-01   -2.0994959043E-01   -3.5350771745E+00    7.5924011625E-02
    7.8879980008E-02    8.3971703836E-01   -2.0814784529E-01   -3.5277996685E+00    7.5911225478E-02
    7.8919980008E-02    8.3971041449E-01   -2.0697212723E-01   -3.5230728227E+00    7.5898379554E-02
    7.8959980008E-02    8.3972241341E-01   -2.0642757057E-01   -3.5209129701E+00    7.5885497533E-02
    7.8999980008E-02    8.3974892301E-01   -2.0651637438E-01   -3.5213272744E+00    7.5872603246E-02
    7.9039980008E-02    8.3979109587E-01   -2.0723785233E-01   -3.5243137594E+00    7.5859720572E-02
    7.9079980008E-02    8.3985532287E-01   -2.0858842106E-01   -3.5298613044E+00    7.5846873321E-02
    7.9119980008E-02    8.3995310492E-01   -2.1056152828E-01   -3.5379496055E+00    7.5834085156E-02
    7.9159980008E-02    8.4010082196E-01   -2.1314752636E-01   -3.5485491102E+00    7.5821379608E-02
    7.9199980008E-02    8.4031939822E-01   -2.1633350222E-01   -3.5616209352E+00    7.5808780236E-02
    7.9239980008E-02    8.4063386443E-01   -2.2010307782E-01   -3.5771167833E+00    7.5796310966E-02
    7.9279980008E-02    8.4107281955E-01   -2.2443619872E-01   -3.5949788769E+00    7.5783996643E-02
    7.9319980008E-02    8.4166779642E-01   -2.2930892976E-01   -3.6151399232E+00    7.5771863784E-02
    7.9359980008E-02    8.4245253964E-01   -2.3469327690E-01   -3.6375231251E+00    7.5759941480E-02
    7.9399980008E-02    8.4346220725E-01   -2.4055705337E-01   -3.6620422473E+00    7.5748262387E-02
    7.9439980008E-02    8.4473251119E-01   -2.4686380539E-01   -3.6886017372E+00    7.5736863641E-02
    7.9479980008E-02    8.4629881432E-01   -2.5357280975E-01   -3.7170968970E+00    7.5725787560E-02
    7.9519980008E-02    8.4819520294E-01   -2.6063915247E-01   -3.7474140964E+00    7.5715081980E-02
    7.9559980008E-02    8.5045355384E-01   -2.6801389523E-01   -3.7794310154E+00    7.5704800113E-02
    7.9599980008E-02    8.5310261414E-01   -2.7564433522E-01   -3.8130169106E+00    7.5694999908E-02
    7.9639980008E-02    8.5616711033E-01   -2.8347436395E-01   -3.8480329055E+00    7.5685743002E-02
    7.9679980008E-02    8.5966690221E-01   -2.9144493070E-01   -3.8843323127E+00    7.5677093477E-02
    7.9719980008E-02    8.6361619634E-01   -2.9949461658E-01   -3.9217610063E+00    7.5669116674E-02
    7.9759980008E-02    8.6802283524E-01   -3.0756032318E-01   -3.9601578622E+00    7.5661878351E-02
    7.9799980008E-02    8.7288767967E-01   -3.1557807694E-01   -3.9993552871E+00    7.5655444364E-02
    7.9839980008E-02    8.7820410486E-01   -3.2348394482E-01   -4.0391798494E+00    7.5649880915E-02
    7.9879980008E-02    8.8395763424E-01   -3.3121505046E-01   -4.0794530230E+00    7.5645255209E-02
    7.9919980008E-02    8.9012573672E-01   -3.3871067245E-01   -4.1199920531E+00    7.5641636229E-02
    7.9959980008E-02    8.9667781418E-01   -3.4591339848E-01   -4.1606109501E+00    7.5639095223E-02
    7.9999980008E-02    9.0357540298E-01   -3.5277030113E-01   -4.2011216160E+00    7.5637705566E-02
