 sig=    1.000000000000000      inputfile=
 /home/rjrj524/Finished/vmec_gc_tracer/revised_251128/nc/wout_pwO_nfp2_A6.nc                                                                                                                             
 dt=   1.0000000000000000E-008
 steps=      8000000
 x0=   5.9999999999999998E-002    0.000000000000000      
    6.410000000000000     
 u=    86900.00000000000     
 v_perp=    69600.00000000000     
 
time(s)         x0(1)       x0(2)        x0(3)      r
    3.9990000000E-05    7.7301612089E-01    1.5573949819E-01    9.6731327748E+00    5.2096471369E-02
    7.9990000000E-05    1.2504787457E+00   -1.4187985416E-01    1.2876776955E+01    4.7901588850E-02
    1.1999000000E-04    9.0197631593E-01    5.1331398086E-02    1.6362515872E+01    5.2534571284E-02
    1.5999000000E-04    1.1736419740E+00   -6.9791493816E-02    1.9302594652E+01    5.3684234187E-02
    1.9999000000E-04    8.0867466912E-01    2.7312131456E-01    2.2713896432E+01    4.9180169245E-02
    2.3999000000E-04    1.2056891276E+00   -2.8262356123E-01    2.5757383133E+01    4.6733807999E-02
    2.7999000000E-04    9.7118994207E-01    1.1610206547E-01    2.9356545593E+01    4.8589536580E-02
    3.1999000000E-04    1.1560629827E+00   -7.6391541049E-02    3.2210784408E+01    5.0978267434E-02
    3.5999000000E-04    8.8769762458E-01    3.6404124715E-01    3.5736625769E+01    5.0509829096E-02
    3.9999000000E-04    1.1269520811E+00   -3.8368691340E-01    3.8666294040E+01    4.8742309804E-02
    4.3999000000E-04    1.0333927330E+00    1.4824781551E-01    4.2331384413E+01    4.9416415763E-02
    4.7999000000E-04    1.1321002472E+00   -8.1064825038E-02    4.5132617655E+01    5.3377323453E-02
    5.1999000000E-04    9.9077552221E-01    4.1061464525E-01    4.8727781223E+01    5.5204688054E-02
    5.5999000000E-04    1.0213702500E+00   -4.3083877020E-01    5.1608773960E+01    5.3728440713E-02
    5.9999000000E-04    1.0855603126E+00    1.5084131839E-01    5.5279109492E+01    5.5168482935E-02
    6.3999000000E-04    1.0958434353E+00   -8.3252316843E-02    5.8063783750E+01    6.0021321117E-02
    6.7999000000E-04    1.0960451026E+00    4.0309553228E-01    6.1685157137E+01    6.1370033788E-02
    7.1999000000E-04    9.1135228437E-01   -4.1495804877E-01    6.4587359734E+01    6.0912122260E-02
    7.5999000000E-04    1.1291358352E+00    1.2089728214E-01    6.8191566269E+01    6.4298255931E-02
    7.9999000000E-04    1.0322617047E+00   -8.7852953183E-02    7.1002623297E+01    6.7275371751E-02
    8.3999000000E-04    1.1824059921E+00    3.4397917453E-01    7.4612717336E+01    6.5720775916E-02
    8.7999000000E-04    8.2748515902E-01   -3.4180660329E-01    7.7599990644E+01    6.7785721885E-02
    9.1999000000E-04    1.1621560222E+00    5.8618366762E-02    8.1065781122E+01    7.2412224609E-02
    9.5999000000E-04    9.3000293192E-01   -7.6748142682E-02    8.3957574436E+01    6.9377547321E-02
    9.9999000000E-04    1.2386699900E+00    2.4210914019E-01    8.7515527006E+01    6.4641770718E-02
    1.0399900000E-03    7.9508795450E-01   -2.2983976925E-01    9.0631531244E+01    6.9745530385E-02
    1.0799900000E-03    1.1808219793E+00   -1.2348916461E-02    9.3919035721E+01    7.2840879742E-02
    1.1199900000E-03    8.2853101178E-01   -1.2750966610E-02    9.6943642854E+01    6.4257729463E-02
    1.1599900000E-03    1.2635528823E+00    1.0217592260E-01    1.0039491508E+02    5.7984360231E-02
    1.1999900000E-03    8.1591228494E-01   -1.0629385083E-01    1.0365912938E+02    6.4993446733E-02
    1.2399900000E-03    1.1860282363E+00   -5.6018951408E-02    1.0678217762E+02    6.5697261567E-02
    1.2799900000E-03    7.7508747435E-01    9.5369435838E-02    1.0996619876E+02    5.6408569440E-02
    1.3199900000E-03    1.2616753189E+00   -6.0714541351E-02    1.1325871458E+02    5.1016330971E-02
    1.3599900000E-03    8.7044298960E-01    4.5076817969E-03    1.1667384996E+02    5.7154951941E-02
    1.3999900000E-03    1.1798191373E+00   -7.0646142840E-02    1.1966607665E+02    5.7418147346E-02
    1.4399900000E-03    7.8232206042E-01    2.1724073751E-01    1.2300924853E+02    5.0720516893E-02
    1.4799900000E-03    1.2327021145E+00   -2.1534843969E-01    1.2612997319E+02    4.7588609901E-02
    1.5199900000E-03    9.3976651240E-01    8.6053308603E-02    1.2967585274E+02    5.0768403255E-02
    1.5599900000E-03    1.1644872465E+00   -7.7994168587E-02    1.3256732270E+02    5.1968077888E-02
    1.5999900000E-03    8.4256113123E-01    3.2420452862E-01    1.3604591258E+02    4.9217005902E-02
    1.6399900000E-03    1.1705224614E+00   -3.3769837623E-01    1.3902550929E+02    4.7363379658E-02
    1.6799900000E-03    1.0067159834E+00    1.3346396045E-01    1.4266228469E+02    4.8299593922E-02
    1.7199900000E-03    1.1435180644E+00   -8.4368541599E-02    1.4548461051E+02    5.0928851274E-02
    1.7599900000E-03    9.3755452794E-01    3.9403908130E-01    1.4905590233E+02    5.1693579569E-02
    1.7999900000E-03    1.0759032415E+00   -4.1324001385E-01    1.5195256248E+02    5.0217218564E-02
    1.8399900000E-03    1.0627533872E+00    1.5159700761E-01    1.5562673467E+02    5.0895753971E-02
    1.8799900000E-03    1.1142405308E+00   -8.6312315266E-02    1.5841497412E+02    5.5098564180E-02
    1.9199900000E-03    1.0458730067E+00    4.1246378083E-01    1.6203138533E+02    5.6974351022E-02
    1.9599900000E-03    9.6347267389E-01   -4.2850954301E-01    1.6491516695E+02    5.5877959013E-02
    1.9999900000E-03    1.1092605285E+00    1.4109990090E-01    1.6856130099E+02    5.8157408081E-02
    2.0399900000E-03    1.0675943185E+00   -8.6425781784E-02    1.7135425083E+02    6.2593561293E-02
    2.0799900000E-03    1.1445746690E+00    3.7543556207E-01    1.7497374492E+02    6.2767763767E-02
    2.1199900000E-03    8.6127257486E-01   -3.8193563879E-01    1.7791412278E+02    6.3321342338E-02
    2.1599900000E-03    1.1468948919E+00    9.8487793306E-02    1.8145878690E+02    6.7844171791E-02
    2.1999900000E-03    9.8607882074E-01   -8.3943706333E-02    1.8430385344E+02    6.8827439434E-02
    2.2399900000E-03    1.2165437959E+00    2.9177809413E-01    1.8788867754E+02    6.5591710012E-02
    2.2799900000E-03    7.9999756608E-01   -2.8590487689E-01    1.9094197996E+02    6.9131418533E-02
    2.3199900000E-03    1.1729464352E+00    2.8675182481E-02    1.9432141491E+02    7.4017740885E-02
    2.3599900000E-03    8.7628788857E-01   -4.7152892080E-02    1.9727493544E+02    6.8381205679E-02
    2.3999900000E-03    1.2561821323E+00    1.6933396080E-01    2.0078059413E+02    6.2457331482E-02
    2.4399900000E-03    7.9758762061E-01   -1.6435742539E-01    2.0397649203E+02    6.8828566476E-02
    2.4799900000E-03    1.1845690192E+00   -3.5799477456E-02    2.0717515055E+02    7.1150458770E-02
    2.5199900000E-03    7.9340148920E-01    4.2941922531E-02    2.1028106887E+02    6.1736555996E-02
    2.5599900000E-03    1.2662871164E+00    1.5282019308E-02    2.1365186053E+02    5.5395546114E-02
    2.5999900000E-03    8.4209668904E-01   -4.5249529885E-02    2.1699875035E+02    6.2471669851E-02
    2.6399900000E-03    1.1836229040E+00   -6.7711048381E-02    2.2004659462E+02    6.2564571022E-02
    2.6799900000E-03    7.6971285418E-01    1.6218285329E-01    2.2331868133E+02    5.4186038554E-02
    2.7199900000E-03    1.2505333642E+00   -1.4611000444E-01    2.2651875007E+02    4.9986632371E-02
    2.7599900000E-03    9.0974793915E-01    5.0539115246E-02    2.3000692430E+02    5.4720420361E-02
    2.7999900000E-03    1.1714816510E+00   -7.9608519258E-02    2.3293910142E+02    5.4904764498E-02
    2.8399900000E-03    8.0699373053E-01    2.7950263728E-01    2.3636370079E+02    4.9818541968E-02
    2.8799900000E-03    1.2040255085E+00   -2.8490411666E-01    2.3940349721E+02    4.7650284684E-02
    2.9199900000E-03    9.8066353422E-01    1.1251822963E-01    2.4300158910E+02    4.9391588717E-02
    2.9599900000E-03    1.1524210563E+00   -8.7811071337E-02    2.4584992980E+02    5.0629630985E-02
    2.9999900000E-03    8.8959991239E-01    3.6846752990E-01    2.4939017315E+02    4.9642753764E-02
    3.0399900000E-03    1.1231448753E+00   -3.8334839991E-01    2.5231700679E+02    4.8251834623E-02
    3.0799900000E-03    1.0414623421E+00    1.4346334534E-01    2.5597846498E+02    4.8635467564E-02
    3.1199900000E-03    1.1268585346E+00   -9.1983342907E-02    2.5877729104E+02    5.1542801705E-02
    3.1599900000E-03    9.9600289028E-01    4.1062005089E-01    2.6238375593E+02    5.3040623126E-02
    3.1999900000E-03    1.0153574432E+00   -4.2703019359E-01    2.6526492651E+02    5.1838654522E-02
    3.2399900000E-03    1.0906981126E+00    1.4829530025E-01    2.6893066827E+02    5.2997548033E-02
    3.2799900000E-03    1.0899987740E+00   -9.0218825399E-02    2.7171704693E+02    5.7273857956E-02
    3.3199900000E-03    1.1030227592E+00    3.9634753322E-01    2.7534198053E+02    5.8545513193E-02
    3.3599900000E-03    9.0330841896E-01   -4.0758285052E-01    2.7824966786E+02    5.8122458957E-02
    3.3999900000E-03    1.1310402401E+00    1.2518862355E-01    2.8185064029E+02    6.1651306558E-02
    3.4399900000E-03    1.0286184340E+00   -8.6086264857E-02    2.8466636920E+02    6.5082021996E-02
    3.4799900000E-03    1.1890961693E+00    3.2975541210E-01    2.8826891760E+02    6.3595358726E-02
    3.5199900000E-03    8.1783064016E-01   -3.3170434525E-01    2.9126881146E+02    6.5519278520E-02
    3.5599900000E-03    1.1621060269E+00    7.1238477708E-02    2.9473300892E+02    7.1159277180E-02
    3.5999900000E-03    9.2959226873E-01   -6.6431155699E-02    2.9762973490E+02    6.9564908497E-02
    3.6399900000E-03    1.2435013781E+00    2.2244775300E-01    3.0117138522E+02    6.4609028114E-02
    3.6799900000E-03    7.8716549590E-01   -2.1815701045E-01    3.0430655352E+02    6.9758783722E-02
    3.7199900000E-03    1.1805560310E+00   -1.1174678548E-03    3.0758790560E+02    7.4391171278E-02
    3.7599900000E-03    8.2633586097E-01    1.3312394110E-03    3.1062019757E+02    6.6662982894E-02
    3.7999900000E-03    1.2658795592E+00    8.1316105089E-02    3.1405278120E+02    5.9933864608E-02
    3.8399900000E-03    8.1628862189E-01   -9.5057473751E-02    3.1733760861E+02    6.7196942497E-02
    3.8799900000E-03    1.1850121395E+00   -5.5165978468E-02    3.2044651643E+02    6.8420828122E-02
    3.9199900000E-03    7.7149951074E-01    1.1141857422E-01    3.2364622690E+02    5.9130707063E-02
    3.9599900000E-03    1.2613238067E+00   -7.9227421388E-02    3.2692102661E+02    5.3647898786E-02
    3.9999900000E-03    8.8073218806E-01    1.1890081533E-02    3.3035191092E+02    5.9809692448E-02
    4.0399900000E-03    1.1770520000E+00   -7.8875063113E-02    3.3332744120E+02    5.9463154767E-02
    4.0799900000E-03    7.8200684240E-01    2.3335789838E-01    3.3669313327E+02    5.2394076420E-02
    4.1199900000E-03    1.2286582485E+00   -2.2932308233E-01    3.3979825701E+02    4.9548317888E-02
    4.1599900000E-03    9.5521490748E-01    8.7137763055E-02    3.4335226653E+02    5.2514049092E-02
    4.1999900000E-03    1.1597461703E+00   -9.0767566072E-02    3.4622983603E+02    5.2520050513E-02
    4.2399900000E-03    8.4825611753E-01    3.3712737932E-01    3.4973240631E+02    4.9396021599E-02
    4.2799900000E-03    1.1619887547E+00   -3.4579086330E-01    3.5270034422E+02    4.7995746836E-02
    4.3199900000E-03    1.0214754103E+00    1.2935379265E-01    3.5633780733E+02    4.8585900433E-02
    4.3599900000E-03    1.1363201976E+00   -9.8115700039E-02    3.5915190379E+02    4.9946172534E-02
    4.3999900000E-03    9.4870027843E-01    3.9999833934E-01    3.6274303202E+02    5.0339575100E-02
    4.4399900000E-03    1.0633066759E+00   -4.1363601073E-01    3.6563498793E+02    4.9305048655E-02
    4.4799900000E-03    1.0740542498E+00    1.4585251317E-01    3.6930321989E+02    4.9641601546E-02
    4.5199900000E-03    1.1045438408E+00   -9.7850209686E-02    3.7209038518E+02    5.2808434319E-02
    4.5599900000E-03    1.0597601769E+00    4.0810463921E-01    3.7571761096E+02    5.4372451119E-02
    4.5999900000E-03    9.4872960347E-01   -4.2014849156E-01    3.7860622858E+02    5.3568449538E-02
    4.6399900000E-03    1.1163910397E+00    1.3816363113E-01    3.8224163233E+02    5.5770974064E-02
    4.6799900000E-03    1.0565123662E+00   -9.1221433584E-02    3.8504083530E+02    5.9777935110E-02
    4.7199900000E-03    1.1575990744E+00    3.5908649342E-01    3.8865760050E+02    5.9749281809E-02
    4.7599900000E-03    8.4644537508E-01   -3.6603943134E-01    3.9161425653E+02    6.0400606860E-02
    4.7999900000E-03    1.1501302720E+00    1.0375597111E-01    3.9514615918E+02    6.5539424454E-02
    4.8399900000E-03    9.7688734055E-01   -7.6294679105E-02    3.9800272062E+02    6.7245147225E-02
    4.8799900000E-03    1.2261020301E+00    2.6446961873E-01    4.0156940110E+02    6.3750822643E-02
    4.9199900000E-03    7.8772988895E-01   -2.6521263806E-01    4.0465013642E+02    6.7371412324E-02
    4.9599900000E-03    1.1739987459E+00    4.1311224239E-02    4.0801499195E+02    7.3763396618E-02
    4.9999900000E-03    8.6971734304E-01   -2.8374244430E-02    4.1098299342E+02    6.9441061065E-02
    5.0399900000E-03    1.2611771694E+00    1.3527681435E-01    4.1445990513E+02    6.2987996453E-02
    5.0799900000E-03    7.9389963718E-01   -1.4264101272E-01    4.1768956599E+02    6.9688210846E-02
    5.1199900000E-03    1.1843551434E+00   -2.8309066979E-02    4.2086728069E+02    7.3312593448E-02
    5.1599900000E-03    7.8762789288E-01    6.7586611850E-02    4.2399500149E+02    6.4512687537E-02
    5.1999900000E-03    1.2669360531E+00   -1.8773747345E-02    4.2733384907E+02    5.7888961240E-02
    5.2399900000E-03    8.5189002133E-01   -2.7602988327E-02    4.3071168662E+02    6.5045417147E-02
    5.2799900000E-03    1.1809271834E+00   -7.1651116350E-02    4.3373406708E+02    6.5172294521E-02
    5.3199900000E-03    7.6858951306E-01    1.8861429363E-01    4.3703728386E+02    5.6709354242E-02
    5.3599900000E-03    1.2460073642E+00   -1.7445584485E-01    4.4020757566E+02    5.2796890592E-02
    5.3999900000E-03    9.2972445980E-01    5.9173556047E-02    4.4371655027E+02    5.7193358145E-02
    5.4399900000E-03    1.1660001475E+00   -9.2002133983E-02    4.4662557355E+02    5.6324821134E-02
    5.4799900000E-03    8.1448701440E-01    3.0281984939E-01    4.5008471396E+02    5.1074593915E-02
    5.5199900000E-03    1.1927629883E+00   -3.0455721167E-01    4.5310076088E+02    4.9422498943E-02
    5.5599900000E-03    1.0022908895E+00    1.1155925404E-01    4.5670775537E+02    5.0677133284E-02
    5.5999900000E-03    1.1439333706E+00   -1.0347650573E-01    4.5954015431E+02    5.0521495284E-02
    5.6399900000E-03    9.0548759763E-01    3.8322377224E-01    4.6311037068E+02    4.9306709074E-02
    5.6799900000E-03    1.1052193378E+00   -3.9195255709E-01    4.6602379497E+02    4.8479970879E-02
    5.7199900000E-03    1.0592996631E+00    1.3698487159E-01    4.6968249536E+02    4.8423912899E-02
    5.7599900000E-03    1.1148145906E+00   -1.0667337455E-01    4.7247517245E+02    5.0035021795E-02
    5.7999900000E-03    1.0168601198E+00    4.1201759992E-01    4.7610097027E+02    5.1175808982E-02
    5.8399900000E-03    9.9342429539E-01   -4.2207449954E-01    4.7898258732E+02    5.0436613437E-02
    5.8799900000E-03    1.1035913943E+00    1.4079475336E-01    4.8263494697E+02    5.1400024663E-02
    5.9199900000E-03    1.0743159181E+00   -1.0011276347E-01    4.8542589430E+02    5.4715425959E-02
    5.9599900000E-03    1.1235225130E+00    3.8149432532E-01    4.8905493496E+02    5.5546252090E-02
    5.9999900000E-03    8.8165287888E-01   -3.8954943039E-01    4.9197908321E+02    5.5473056790E-02
    6.0399900000E-03    1.1389276452E+00    1.2217988046E-01    4.9555851190E+02    5.9342940468E-02
    6.0799900000E-03    1.0109395511E+00   -8.4844431816E-02    4.9838895438E+02    6.2543174334E-02
    6.1199900000E-03    1.2048491967E+00    2.9908752385E-01    5.0197664758E+02    6.0595989271E-02
    6.1599900000E-03    8.0028734062E-01   -3.0395746672E-01    5.0500910375E+02    6.2766177752E-02
    6.1999900000E-03    1.1659367464E+00    7.8001465303E-02    5.0844736460E+02    6.9507765099E-02
    6.2399900000E-03    9.1468607613E-01   -4.8387288452E-02    5.1136568558E+02    6.8872703366E-02
    6.2799900000E-03    1.2525577980E+00    1.7895813996E-01    5.1487436234E+02    6.3315572596E-02
    6.3199900000E-03    7.7864455089E-01   -1.8616122258E-01    5.1805384714E+02    6.8854960888E-02
    6.3599900000E-03    1.1817886161E+00    1.0312564627E-02    5.2130596525E+02    7.5098838456E-02
    6.3999900000E-03    8.1624534779E-01    3.1973713735E-02    5.2436610284E+02    6.8546903659E-02
    6.4399900000E-03    1.2685254141E+00    3.2336986113E-02    5.2775485927E+02    6.1312754556E-02
    6.4799900000E-03    8.2291090802E-01   -6.5831465661E-02    5.3108588225E+02    6.8837333997E-02
    6.5199900000E-03    1.1832304257E+00   -5.2491748764E-02    5.3416117722E+02    7.0871507407E-02
    6.5599900000E-03    7.6784030465E-01    1.4750142159E-01    5.3739910915E+02    6.1995600817E-02
    6.5999900000E-03    1.2575968263E+00   -1.2377626101E-01    5.4062906881E+02    5.6751143096E-02
    6.6399900000E-03    9.0264029659E-01    3.0770813608E-02    5.4409605815E+02    6.2516676867E-02
    6.6799900000E-03    1.1713812453E+00   -8.8107808102E-02    5.4703900005E+02    6.1597334944E-02
    6.7199900000E-03    7.8950031013E-01    2.6787114516E-01    5.5044938295E+02    5.4581925821E-02
    6.7599900000E-03    1.2163923472E+00   -2.6314780768E-01    5.5351629451E+02    5.2312963382E-02
    6.7999900000E-03    9.8305355940E-01    9.2037529427E-02    5.5709075143E+02    5.4594436192E-02
    6.8399900000E-03    1.1504391594E+00   -1.0677172890E-01    5.5994348845E+02    5.3227448627E-02
    6.8799900000E-03    8.6745952453E-01    3.6264883664E-01    5.6348716445E+02    5.0149945490E-02
    6.9199900000E-03    1.1403969902E+00   -3.6567443605E-01    5.6642978277E+02    4.9406120366E-02
    6.9599900000E-03    1.0461516439E+00    1.2407446954E-01    5.7007128943E+02    4.9379361539E-02
    6.9999900000E-03    1.1226636492E+00   -1.1511854585E-01    5.7287244489E+02    4.9280830304E-02
    7.0399900000E-03    9.7583406901E-01    4.0994684000E-01    5.7649280678E+02    4.9447978702E-02
    7.0799900000E-03    1.0348753507E+00   -4.1591288265E-01    5.7937743055E+02    4.9010524498E-02
    7.1199900000E-03    1.0929777596E+00    1.3594866579E-01    5.8303360795E+02    4.9009595993E-02
    7.1599900000E-03    1.0858936415E+00   -1.1136865456E-01    5.8582156037E+02    5.0898639504E-02
    7.1999900000E-03    1.0882836043E+00    3.9787540793E-01    5.8946091825E+02    5.1946041972E-02
    7.2399900000E-03    9.1932706407E-01   -4.0371589952E-01    5.9236288049E+02    5.1670749904E-02
    7.2799900000E-03    1.1295072345E+00    1.2874777088E-01    5.9597195778E+02    5.4026491948E-02
    7.3199900000E-03    1.0328566268E+00   -9.5970669232E-02    5.9878600097E+02    5.7134974452E-02
    7.3599900000E-03    1.1807920232E+00    3.2834092984E-01    6.0239366058E+02    5.6414578932E-02
    7.3999900000E-03    8.2221324123E-01   -3.3410030990E-01    6.0538495984E+02    5.7536130470E-02
    7.4399900000E-03    1.1579884535E+00    1.0145333022E-01    6.0888014732E+02    6.3467139301E-02
    7.4799900000E-03    9.5204751131E-01   -6.3654537771E-02    6.1176358820E+02    6.5203725948E-02
    7.5199900000E-03    1.2405519347E+00    2.1560925342E-01    6.1529819164E+02    6.0923281770E-02
    7.5599900000E-03    7.7399766797E-01   -2.2414087330E-01    6.1843097482E+02    6.5041916277E-02
    7.5999900000E-03    1.1776409694E+00    4.9972734762E-02    6.2175514532E+02    7.2797338597E-02
    7.6399900000E-03    8.5203459871E-01    4.2258453620E-03    6.2475806927E+02    6.9677228582E-02
    7.6799900000E-03    1.2667449101E+00    7.3974828450E-02    6.2818367031E+02    6.2527829908E-02
    7.7199900000E-03    7.9605710272E-01   -1.0140135045E-01    6.3147326551E+02    6.9709781497E-02
    7.7599900000E-03    1.1841416586E+00   -1.9245703066E-02    6.3460876204E+02    7.4705048735E-02
    7.7999900000E-03    7.7989602396E-01    1.1154403005E-01    6.3778072296E+02    6.6947129478E-02
    7.8399900000E-03    1.2647357770E+00   -8.0175737561E-02    6.4106051800E+02    6.0415692741E-02
    7.8799900000E-03    8.7280510524E-01    3.6469676008E-03    6.4449126897E+02    6.7243826395E-02
    7.9199900000E-03    1.1758608142E+00   -7.4776852247E-02    6.4747204176E+02    6.7607759645E-02
    7.9599900000E-03    7.7446390695E-01    2.3423347054E-01    6.5082878214E+02    5.9508488216E-02
    7.9999900000E-03    1.2340284938E+00   -2.2457498214E-01    6.5394501059E+02    5.6243787276E-02
    8.0399900000E-03    9.6236653357E-01    7.2674639159E-02    6.5748869141E+02    5.9765450190E-02
    8.0799900000E-03    1.1562735805E+00   -1.0607545616E-01    6.6036345519E+02    5.7779345359E-02
    8.1199900000E-03    8.3560858971E-01    3.4026785733E-01    6.6387509937E+02    5.2877299094E-02
    8.1599900000E-03    1.1690473986E+00   -3.3811430959E-01    6.6685142740E+02    5.1966080648E-02
    8.1999900000E-03    1.0337812306E+00    1.0942745181E-01    6.7047227571E+02    5.2359271569E-02
    8.2399900000E-03    1.1292220308E+00   -1.2150018068E-01    6.7328380353E+02    5.0689826881E-02
    8.2799900000E-03    9.3797780916E-01    4.0378111934E-01    6.7689410305E+02    4.9536885449E-02
    8.3199900000E-03    1.0714895001E+00   -4.0466278063E-01    6.7978945672E+02    4.9422850187E-02
    8.3599900000E-03    1.0844112718E+00    1.2624109406E-01    6.8344067418E+02    4.8816580428E-02
    8.3999900000E-03    1.0940215783E+00   -1.2281987607E-01    6.8622888689E+02    4.8954950560E-02
    8.4399900000E-03    1.0533138161E+00    4.0922840636E-01    6.8987584978E+02    4.9672453442E-02
    8.4799900000E-03    9.5629080490E-01   -4.1069189649E-01    6.9276478682E+02    4.9577742691E-02
    8.5199900000E-03    1.1221559071E+00    1.2677083012E-01    6.9638948339E+02    5.0517984387E-02
    8.5599900000E-03    1.0465295721E+00   -1.0935913382E-01    6.9919338700E+02    5.2503646664E-02
    8.5999900000E-03    1.1550811401E+00    3.5335732749E-01    7.0282031776E+02    5.2507427465E-02
    8.6399900000E-03    8.4957473565E-01   -3.5654705179E-01    7.0577828366E+02    5.3108317950E-02
    8.6799900000E-03    1.1513555870E+00    1.1136953610E-01    7.0931316390E+02    5.7591552299E-02
    8.7199900000E-03    9.7778587749E-01   -7.8738075899E-02    7.1217321200E+02    5.9933727639E-02
    8.7599900000E-03    1.2259352880E+00    2.4813515122E-01    7.1573263153E+02    5.6955186630E-02
    8.7999900000E-03    7.8045034704E-01   -2.5596665066E-01    7.1882216366E+02    5.9807129395E-02
    8.8399900000E-03    1.1730121507E+00    7.8158220810E-02    7.2220678916E+02    6.7589169138E-02
    8.8799900000E-03    8.8621712451E-01   -1.8263753797E-02    7.2516719488E+02    6.7397614144E-02
    8.9199900000E-03    1.2620533848E+00    1.0923954341E-01    7.2862201859E+02    6.0923763776E-02
    8.9599900000E-03    7.7631371945E-01   -1.3345804889E-01    7.3187269868E+02    6.7143549816E-02
    8.9999900000E-03    1.1837230185E+00    2.0804929763E-02    7.3507137955E+02    7.4746672424E-02
    9.0399900000E-03    8.0211561145E-01    8.0949787594E-02    7.3818249971E+02    6.9662968124E-02
    9.0799900000E-03    1.2682650941E+00   -4.4630339564E-02    7.4150080635E+02    6.2301484567E-02
    9.1199900000E-03    8.4087177630E-01   -2.0918403328E-02    7.4490151313E+02    6.9678645749E-02
    9.1599900000E-03    1.1795574770E+00   -4.7872354412E-02    7.4792625259E+02    7.2817175301E-02
    9.1999900000E-03    7.7076202541E-01    2.0313475395E-01    7.5122500162E+02    6.4794433857E-02
    9.2399900000E-03    1.2466441186E+00   -1.9158681833E-01    7.5438485216E+02    6.0277415813E-02
    9.2799900000E-03    9.3783884192E-01    5.5795307394E-02    7.5790305556E+02    6.5046895834E-02
    9.3199900000E-03    1.1618389900E+00   -9.7548707423E-02    7.6080233792E+02    6.3579541242E-02
    9.3599900000E-03    8.1126358009E-01    3.1762546825E-01    7.6427597567E+02    5.7244697021E-02
    9.3999900000E-03    1.1917107198E+00   -3.1233995011E-01    7.6728707476E+02    5.5814167568E-02
    9.4399900000E-03    1.0209950886E+00    9.5168308066E-02    7.7088768398E+02    5.6956751375E-02
    9.4799900000E-03    1.1350831602E+00   -1.2427702408E-01    7.7371089108E+02    5.4144777337E-02
    9.5199900000E-03    9.0442657376E-01    3.9515399989E-01    7.7730618942E+02    5.1518541975E-02
    9.5599900000E-03    1.1026171031E+00   -3.9116043930E-01    7.8021753010E+02    5.1587716845E-02
    9.5999900000E-03    1.0774384069E+00    1.1390917361E-01    7.8385888954E+02    5.0740256509E-02
    9.6399900000E-03    1.1003004291E+00   -1.3278404165E-01    7.8664933307E+02    4.9090310240E-02
    9.6799900000E-03    1.0199390872E+00    4.1664650191E-01    7.9030050080E+02    4.9082450064E-02
    9.7199900000E-03    9.9036650376E-01   -4.1273360261E-01    7.9318395027E+02    4.9366455792E-02
    9.7599900000E-03    1.1167641973E+00    1.1927860845E-01    7.9681428846E+02    4.9138439870E-02
    9.7999899999E-03    1.0553063840E+00   -1.2326331275E-01    7.9961200563E+02    4.9490140966E-02
    9.8399899999E-03    1.1288838273E+00    3.7471534232E-01    8.0325659167E+02    4.9738152374E-02
    9.8799899999E-03    8.7869209447E-01   -3.7274404278E-01    8.0618906523E+02    5.0276372716E-02
    9.9199899999E-03    1.1465073982E+00    1.1112309232E-01    8.0974897400E+02    5.3100836067E-02
    9.9599899999E-03    9.9365092699E-01   -9.4923983263E-02    8.1259340349E+02    5.4753085354E-02
    9.9999899999E-03    1.2096632544E+00    2.7776059378E-01    8.1617771540E+02    5.2819332820E-02
    1.0039990000E-02    7.9510733711E-01   -2.8187099931E-01    8.1922866566E+02    5.4828007458E-02
    1.0079990000E-02    1.1690070456E+00    9.1136284213E-02    8.2265836079E+02    6.1618968653E-02
    1.0119990000E-02    9.1214302506E-01   -3.8562496197E-02    8.2558982526E+02    6.2726423550E-02
    1.0159990000E-02    1.2550882844E+00    1.4141221398E-01    8.2907163631E+02    5.7240157786E-02
    1.0199990000E-02    7.6726199663E-01   -1.6157467788E-01    8.3228415362E+02    6.2251206948E-02
    1.0239990000E-02    1.1824676079E+00    5.3591400517E-02    8.3554010572E+02    7.0999166724E-02
    1.0279990000E-02    8.2777640232E-01    5.4691741862E-02    8.3860271702E+02    6.8937726980E-02
    1.0319990000E-02    1.2688265848E+00   -1.5040059054E-02    8.4195088718E+02    6.1398511585E-02
    1.0359990000E-02    8.1130751228E-01   -4.2752736320E-02    8.4532508826E+02    6.8689739517E-02
    1.0399990000E-02    1.1823657108E+00   -1.0046613812E-02    8.4839912580E+02    7.5143766334E-02
    1.0439990000E-02    7.7808759942E-01    1.7505088769E-01    8.5163936925E+02    6.8738790792E-02
    1.0479990000E-02    1.2550189169E+00   -1.6550289638E-01    8.5483443866E+02    6.3010645543E-02
    1.0519990000E-02    9.0816010154E-01    4.2929556891E-02    8.5833420143E+02    6.8787173002E-02
    1.0559990000E-02    1.1673737892E+00   -7.7120775876E-02    8.6126215358E+02    6.9455184190E-02
    1.0599990000E-02    7.9604370394E-01    2.9568047849E-01    8.6469146187E+02    6.2498524226E-02
    1.0639990000E-02    1.2090080946E+00   -2.9085937150E-01    8.6773499946E+02    6.0193569152E-02
    1.0679990000E-02    1.0056651351E+00    8.4010289345E-02    8.7131952354E+02    6.2329795329E-02
    1.0719990000E-02    1.1409026514E+00   -1.2062833895E-01    8.7415586897E+02    5.9242819627E-02
    1.0759990000E-02    8.7649218819E-01    3.8528803900E-01    8.7773048026E+02    5.5251198884E-02
    1.0799990000E-02    1.1281283776E+00   -3.7810257062E-01    8.8066044364E+02    5.5239618403E-02
    1.0839990000E-02    1.0711238419E+00    1.0123870114E-01    8.8429076313E+02    5.4513783828E-02
    1.0879990000E-02    1.1057699214E+00   -1.3948696300E-01    8.8708466888E+02    5.1322593727E-02
    1.0919990000E-02    9.8942292865E-01    4.2128557295E-01    8.9073592668E+02    5.0353478223E-02
    1.0959990000E-02    1.0202959676E+00   -4.1205878257E-01    8.9361956037E+02    5.1034703620E-02
    1.0999990000E-02    1.1131997455E+00    1.0814829545E-01    8.9724898748E+02    4.9929912380E-02
    1.1039990000E-02    1.0611765047E+00   -1.3627106433E-01    9.0004305444E+02    4.8441867828E-02
    1.1079990000E-02    1.1034001722E+00    3.9277415876E-01    9.0370283491E+02    4.8536374344E-02
    1.1119990000E-02    9.0673085262E-01   -3.8433483709E-01    9.0661700931E+02    4.9312716270E-02
    1.1159990000E-02    1.1433640582E+00    1.0453229847E-01    9.1019091396E+02    5.0556277793E-02
    1.1199990000E-02    1.0031579490E+00   -1.1114357337E-01    9.1302473232E+02    5.0818062567E-02
    1.1239990000E-02    1.1927906043E+00    3.0458871207E-01    9.1663305573E+02    4.9568642270E-02
    1.1279990000E-02    8.1397964385E-01   -3.0264787216E-01    9.1965129978E+02    5.1207787353E-02
    1.1319990000E-02    1.1660829252E+00    9.2152906974E-02    9.2311183434E+02    5.6523984950E-02
    1.1359990000E-02    9.2871601067E-01   -5.8031466426E-02    9.2602405553E+02    5.7427407988E-02
    1.1399990000E-02    1.2467091831E+00    1.7177852324E-01    9.2953268626E+02    5.2963591283E-02
    1.1439990000E-02    7.6822233331E-01   -1.8577502690E-01    9.3270848988E+02    5.6938934915E-02
    1.1479990000E-02    1.1812082334E+00    7.0715306910E-02    9.3600936856E+02    6.5458610795E-02
    1.1519990000E-02    8.4932029086E-01    3.1232342327E-02    9.3903844128E+02    6.5256977706E-02
    1.1559990000E-02    1.2671745470E+00    1.2299950906E-02    9.4241266629E+02    5.8053063417E-02
    1.1599990000E-02    7.8998512163E-01   -6.2388384317E-02    9.4576022981E+02    6.4732477010E-02
    1.1639990000E-02    1.1842056058E+00    2.5930312001E-02    9.4888237707E+02    7.3467400722E-02
    1.1679990000E-02    7.9231201402E-01    1.4973612721E-01    9.5207172434E+02    6.9706615525E-02
    1.1719990000E-02    1.2598513621E+00   -1.4480951254E-01    9.5529396748E+02    6.3148913293E-02
    1.1759990000E-02    8.7602872845E-01    3.3656278511E-02    9.5878066161E+02    6.9469248504E-02
    1.1799990000E-02    1.1727931089E+00   -4.4693242610E-02    9.6174225032E+02    7.3503225540E-02
    1.1839990000E-02    7.9073361914E-01    2.7472493616E-01    9.6512268028E+02    6.7188142026E-02
    1.1879990000E-02    1.2214908265E+00   -2.7501113040E-01    9.6819361382E+02    6.3812960818E-02
    1.1919990000E-02    9.8515893498E-01    7.8796394501E-02    9.7176892702E+02    6.7019045228E-02
    1.1959990000E-02    1.1473172677E+00   -1.0706822653E-01    9.7462082578E+02    6.5038359019E-02
    1.1999990000E-02    8.5567263770E-01    3.7480020559E-01    9.7816804428E+02    6.0179355842E-02
    1.2039990000E-02    1.1481387336E+00   -3.6775057662E-01    9.8111668205E+02    5.9745140556E-02
    1.2079990000E-02    1.0638993561E+00    9.1043233982E-02    9.8473843612E+02    5.9494150145E-02
    1.2119990000E-02    1.1112568566E+00   -1.4086564002E-01    9.8753674889E+02    5.5356365394E-02
    1.2159990000E-02    9.6310091061E-01    4.2391157632E-01    9.9118309380E+02    5.3382940223E-02
    1.2199990000E-02    1.0453275387E+00   -4.1072749845E-01    9.9407059497E+02    5.4317696161E-02
    1.2239990000E-02    1.1107867147E+00    9.5728353597E-02    9.9769620680E+02    5.2679930592E-02
    1.2279990000E-02    1.0657101012E+00   -1.4663126593E-01    1.0004881650E+03    4.9456919239E-02
    1.2319990000E-02    1.0797479655E+00    4.0813512039E-01    1.0041597036E+03    4.9119264009E-02
    1.2359990000E-02    9.3195084001E-01   -3.9296999022E-01    1.0070616295E+03    5.0281329482E-02
    1.2399990000E-02    1.1417844374E+00    9.3787387741E-02    1.0106414850E+03    5.0140153181E-02
    1.2439990000E-02    1.0086290962E+00   -1.2635042605E-01    1.0134680818E+03    4.8657494906E-02
    1.2479990000E-02    1.1762648198E+00    3.2876990116E-01    1.0170986295E+03    4.7740972895E-02
    1.2519990000E-02    8.3389307458E-01   -3.1923432690E-01    1.0200904469E+03    4.9396928255E-02
    1.2559990000E-02    1.1643923036E+00    8.5132100312E-02    1.0235700173E+03    5.3059510847E-02
    1.2599990000E-02    9.3783070503E-01   -7.6615544219E-02    1.0264695619E+03    5.2803815541E-02
    1.2639990000E-02    1.2377387544E+00    2.0027424084E-01    1.0300046701E+03    4.9223364078E-02
    1.2679990000E-02    7.7595312006E-01   -2.0616939661E-01    1.0331469614E+03    5.2543443339E-02
    1.2719990000E-02    1.1803650458E+00    7.3425573391E-02    1.0364794839E+03    6.0036547712E-02
    1.2759990000E-02    8.6343956289E-01    9.7461934461E-03    1.0394874053E+03    6.0148155530E-02
    1.2799990000E-02    1.2641546351E+00    3.9087327915E-02    1.0428867181E+03    5.3551027631E-02
    1.2839990000E-02    7.7884525467E-01   -7.9988731499E-02    1.0462065532E+03    5.9422142344E-02
    1.2879990000E-02    1.1854974383E+00    4.8738602394E-02    1.0493685605E+03    6.8899651078E-02
    1.2919990000E-02    8.0697085989E-01    1.2691716214E-01    1.0525208561E+03    6.7421433074E-02
    1.2959990000E-02    1.2619605686E+00   -1.2638712111E-01    1.0557649650E+03    6.0529566060E-02
    1.2999990000E-02    8.4765104915E-01    2.6130923374E-02    1.0592399723E+03    6.6860189441E-02
    1.3039990000E-02    1.1776152830E+00   -8.2382669895E-03    1.0622372919E+03    7.4076045158E-02
    1.3079990000E-02    7.9388099192E-01    2.5481188702E-01    1.0655701497E+03    6.9730816398E-02
    1.3119990000E-02    1.2297470568E+00   -2.6431464442E-01    1.0686622916E+03    6.5359754512E-02
    1.3159990000E-02    9.5875732894E-01    8.0350065730E-02    1.0722355197E+03    6.9451598520E-02
    1.3199990000E-02    1.1545913762E+00   -8.1722301135E-02    1.0751065440E+03    7.0149397152E-02
    1.3239990000E-02    8.4313619419E-01    3.6389541358E-01    1.0786195477E+03    6.5344565945E-02
    1.3279990000E-02    1.1628750622E+00   -3.6168052454E-01    1.0815846809E+03    6.4162301239E-02
    1.3319990000E-02    1.0536079551E+00    8.6634830142E-02    1.0852036106E+03    6.4715219470E-02
    1.3359990000E-02    1.1175998941E+00   -1.3425135594E-01    1.0880074263E+03    6.0671230675E-02
    1.3399990000E-02    9.4225856769E-01    4.2507942206E-01    1.0916427648E+03    5.7907290945E-02
    1.3439990000E-02    1.0651396374E+00   -4.1054395403E-01    1.0945358934E+03    5.8830044126E-02
    1.3479990000E-02    1.1086513756E+00    8.4090338983E-02    1.0981579229E+03    5.7045802673E-02
    1.3519990000E-02    1.0699090784E+00   -1.5283305116E-01    1.1009487515E+03    5.2437721407E-02
    1.3559990000E-02    1.0590941478E+00    4.2115720793E-01    1.1046278478E+03    5.1494909122E-02
    1.3599990000E-02    9.5319192094E-01   -4.0016945531E-01    1.1075222204E+03    5.3041499880E-02
    1.3639990000E-02    1.1413882146E+00    8.0852892450E-02    1.1111029981E+03    5.1793641544E-02
    1.3679990000E-02    1.0117617582E+00   -1.3937533934E-01    1.1139246291E+03    4.8503427545E-02
    1.3719990000E-02    1.1610366849E+00    3.5038916899E-01    1.1175746190E+03    4.7618444561E-02
    1.3759990000E-02    8.5249312187E-01   -3.3269931628E-01    1.1205461205E+03    4.9539304285E-02
    1.3799990000E-02    1.1638437155E+00    7.3354519360E-02    1.1240355868E+03    5.1544445632E-02
    1.3839990000E-02    9.4194150714E-01   -9.3496842880E-02    1.1269269082E+03    4.9673179102E-02
    1.3879990000E-02    1.2289765351E+00    2.2650653605E-01    1.1304870910E+03    4.6751012540E-02
    1.3919990000E-02    7.8707140469E-01   -2.2310650941E-01    1.1336005710E+03    4.9818521876E-02
    1.3959990000E-02    1.1799714576E+00    6.5839405459E-02    1.1369528861E+03    5.5926313307E-02
    1.3999990000E-02    8.7032784016E-01   -9.7272018596E-03    1.1399484576E+03    5.5140612787E-02
    1.4039990000E-02    1.2605642339E+00    6.5346254867E-02    1.1433725281E+03    4.9239932611E-02
    1.4079990000E-02    7.7653444814E-01   -9.5540403493E-02    1.1466646875E+03    5.4435893196E-02
    1.4119990000E-02    1.1866525822E+00    5.5088828973E-02    1.1498548028E+03    6.3438439276E-02
    1.4159990000E-02    8.1691182760E-01    1.0646384791E-01    1.1529849269E+03    6.2881196768E-02
    1.4199990000E-02    1.2622706796E+00   -1.0740531123E-01    1.1562486849E+03    5.6055214302E-02
    1.4239990000E-02    8.2833974195E-01    1.8819489894E-02    1.1597099137E+03    6.2022540783E-02
    1.4279990000E-02    1.1814125506E+00    1.8967912317E-02    1.1627385801E+03    7.1024290864E-02
    1.4319990000E-02    8.0093667596E-01    2.3610241348E-01    1.1660340418E+03    6.9001174652E-02
    1.4359990000E-02    1.2345042960E+00   -2.5580533958E-01    1.1691421097E+03    6.3962802986E-02
    1.4399990000E-02    9.3056894523E-01    8.6019667239E-02    1.1727170002E+03    6.8489836152E-02
    1.4439990000E-02    1.1622612974E+00   -4.8697656954E-02    1.1756103101E+03    7.2655960084E-02
    1.4479990000E-02    8.3894124638E-01    3.5221064501E-01    1.1790854184E+03    6.9091116915E-02
    1.4519990000E-02    1.1725547069E+00   -3.5982123139E-01    1.1820634241E+03    6.6987843179E-02
    1.4559990000E-02    1.0378586063E+00    9.1652945768E-02    1.1856873488E+03    6.8528267307E-02
    1.4599990000E-02    1.1257108348E+00   -1.1685737418E-01    1.1884985045E+03    6.6116355766E-02
    1.4639990000E-02    9.2836957505E-01    4.2449122762E-01    1.1921153533E+03    6.3151114492E-02
    1.4679990000E-02    1.0793377317E+00   -4.1287006221E-01    1.1950141718E+03    6.3711708139E-02
    1.4719990000E-02    1.1050272174E+00    7.7025826628E-02    1.1986366065E+03    6.2258500071E-02
    1.4759990000E-02    1.0750511957E+00   -1.5247250488E-01    1.2014268471E+03    5.7034144706E-02
    1.4799990000E-02    1.0427567037E+00    4.3182018452E-01    1.2051078862E+03    5.5490137543E-02
    1.4839990000E-02    9.6958299619E-01   -4.0723799083E-01    1.2079980542E+03    5.7277582897E-02
    1.4879990000E-02    1.1415821909E+00    6.7653687219E-02    1.2115776722E+03    5.5298806813E-02
    1.4919990000E-02    1.0138122406E+00   -1.4899443986E-01    1.2143958415E+03    5.0382419581E-02
    1.4959990000E-02    1.1480495042E+00    3.6946612292E-01    1.2180615111E+03    4.9283086077E-02
    1.4999990000E-02    8.6825115885E-01   -3.4397517724E-01    1.2210182569E+03    5.1582265782E-02
    1.5039990000E-02    1.1642644443E+00    5.8758559997E-02    1.2245106878E+03    5.2052328888E-02
    1.5079990000E-02    9.4275483494E-01   -1.0789857841E-01    1.2273970544E+03    4.8398703363E-02
    1.5119990000E-02    1.2211606260E+00    2.5005955371E-01    1.2309798338E+03    4.5876155427E-02
    1.5159990000E-02    7.9892760533E-01   -2.3695165729E-01    1.2340701049E+03    4.9014782183E-02
    1.5199990000E-02    1.1799921879E+00    5.1968803962E-02    1.2374323837E+03    5.3582069938E-02
    1.5239990000E-02    8.7167320459E-01   -2.6635388737E-02    1.2404216261E+03    5.1226601163E-02
    1.5279990000E-02    1.2570518878E+00    8.9973357945E-02    1.2438692714E+03    4.5985068748E-02
    1.5319990000E-02    7.7998976680E-01   -1.0876008466E-01    1.2471360586E+03    5.0791751021E-02
    1.5359990000E-02    1.1877337983E+00    4.8756813254E-02    1.2503430200E+03    5.8627415497E-02
    1.5399990000E-02    8.2078341045E-01    8.8816913533E-02    1.2534626075E+03    5.7722279551E-02
    1.5439990000E-02    1.2616829829E+00   -8.7693350129E-02    1.2567449406E+03    5.1195980152E-02
    1.5479990000E-02    8.1895231225E-01    1.1430656181E-02    1.2601900217E+03    5.6719697756E-02
    1.5519990000E-02    1.1840739076E+00    3.0259798486E-02    1.2632408119E+03    6.6051630940E-02
    1.5559990000E-02    8.0676085558E-01    2.1940726398E-01    1.2665139713E+03    6.5431250528E-02
    1.5599990000E-02    1.2367964266E+00   -2.4637951108E-01    1.2696345824E+03    6.0122642348E-02
    1.5639990000E-02    9.0785321573E-01    9.1345705092E-02    1.2732099586E+03    6.4594761543E-02
    1.5679990000E-02    1.1689731752E+00   -1.9523875775E-02    1.2761246484E+03    7.1544828698E-02
    1.5719990000E-02    8.4055411834E-01    3.3995042009E-01    1.2795662582E+03    6.9955669948E-02
    1.5759990000E-02    1.1778211529E+00   -3.5992722663E-01    1.2825532816E+03    6.7017107635E-02
    1.5799990000E-02    1.0171888205E+00    1.0566391034E-01    1.2861882245E+03    6.9381224055E-02
    1.5839990000E-02    1.1354734668E+00   -8.9861239189E-02    1.2890091983E+03    7.0034949063E-02
    1.5879990000E-02    9.2203395504E-01    4.2146612648E-01    1.2926009235E+03    6.7727142104E-02
    1.5919990000E-02    1.0877434211E+00   -4.1785633008E-01    1.2955042866E+03    6.7603472310E-02
    1.5959990000E-02    1.0978591242E+00    7.9119234994E-02    1.2991342303E+03    6.6981946643E-02
    1.5999990000E-02    1.0824476601E+00   -1.4306485120E-01    1.3019242776E+03    6.2395355660E-02
    1.6039990000E-02    1.0320414509E+00    4.3945115665E-01    1.3056000572E+03    6.0521466242E-02
    1.6079990000E-02    9.8037804820E-01   -4.1500082345E-01    1.3084881858E+03    6.2279234162E-02
    1.6119990000E-02    1.1412171206E+00    5.7500731395E-02    1.3120681348E+03    6.0106475139E-02
    1.6159990000E-02    1.0162934988E+00   -1.5341448637E-01    1.3148835541E+03    5.4097961961E-02
    1.6199990000E-02    1.1383797649E+00    3.8538336893E-01    1.3185596308E+03    5.2621236786E-02
    1.6239990000E-02    8.7989458967E-01   -3.5383529599E-01    1.3215065657E+03    5.5270435381E-02
    1.6279990000E-02    1.1651937003E+00    4.3526753099E-02    1.3249976772E+03    5.4521772009E-02
    1.6319990000E-02    9.4169488698E-01   -1.1885010340E-01    1.3278813654E+03    4.9154551484E-02
    1.6359990000E-02    1.2150173781E+00    2.7054457371E-01    1.3314830716E+03    4.6763333238E-02
    1.6399990000E-02    8.0960372938E-01   -2.4810577041E-01    1.3345561323E+03    5.0187299021E-02
    1.6439990000E-02    1.1803844470E+00    3.4560853356E-02    1.3379202965E+03    5.3142173709E-02
    1.6479990000E-02    8.6906665367E-01   -4.0295197740E-02    1.3409075819E+03    4.8971946937E-02
    1.6519990000E-02    1.2541607304E+00    1.1198154676E-01    1.3443764867E+03    4.4257641548E-02
    1.6559990000E-02    7.8666063060E-01   -1.1948603874E-01    1.3476220225E+03    4.8990787025E-02
    1.6599990000E-02    1.1886232339E+00    3.3736618189E-02    1.3508357789E+03    5.5303663197E-02
    1.6639990000E-02    8.1933318408E-01    7.4558797090E-02    1.3539533400E+03    5.3169009914E-02
    1.6679990000E-02    1.2608537931E+00   -6.8385112023E-02    1.3572529541E+03    4.7053573715E-02
    1.6719990000E-02    8.1769108123E-01    4.4460504632E-03    1.3606811790E+03    5.2271354055E-02
    1.6759990000E-02    1.1857217747E+00    2.6786002391E-02    1.3637437628E+03    6.0906496171E-02
    1.6799990000E-02    8.0862644773E-01    2.0567639874E-01    1.3670090676E+03    6.0366049426E-02
    1.6839990000E-02    1.2376115741E+00   -2.3503534460E-01    1.3701401025E+03    5.5126585516E-02
    1.6879990000E-02    8.9486278813E-01    9.4068418102E-02    1.3737122238E+03    5.9243078415E-02
    1.6919990000E-02    1.1735082192E+00   -4.2383449669E-03    1.3766422421E+03    6.7448006316E-02
    1.6959990000E-02    8.4396153871E-01    3.2823668506E-01    1.3800628826E+03    6.7540301779E-02
    1.6999990000E-02    1.1797283134E+00   -3.5888385951E-01    1.3830556978E+03    6.4062087641E-02
    1.7039990000E-02    9.9667331927E-01    1.2292688865E-01    1.3867026378E+03    6.6787521009E-02
    1.7079990000E-02    1.1452739365E+00   -6.0869882568E-02    1.3895348404E+03    7.0865993736E-02
    1.7119990000E-02    9.2228778509E-01    4.1562983213E-01    1.3930997956E+03    7.0002120732E-02
    1.7159990000E-02    1.0905530585E+00   -4.2410128530E-01    1.3960059874E+03    6.9026196702E-02
    1.7199990000E-02    1.0858727116E+00    9.3608687523E-02    1.3996513541E+03    6.9520681011E-02
    1.7239990000E-02    1.0929962132E+00   -1.2320246008E-01    1.4024419619E+03    6.7222736424E-02
    1.7279990000E-02    1.0278886280E+00    4.4289156242E-01    1.4061041967E+03    6.5574348081E-02
    1.7319990000E-02    9.8489472959E-01   -4.2365724718E-01    1.4089916036E+03    6.6953012767E-02
    1.7359990000E-02    1.1388121252E+00    5.4838301218E-02    1.4125770436E+03    6.5291036744E-02
    1.7399990000E-02    1.0209161348E+00   -1.5052005802E-01    1.4153895950E+03    5.9177489754E-02
    1.7439990000E-02    1.1330448340E+00    3.9713637092E-01    1.4190690934E+03    5.7303079341E-02
    1.7479990000E-02    8.8636871050E-01   -3.6277277873E-01    1.4220105756E+03    6.0152144323E-02
    1.7519990000E-02    1.1659745032E+00    3.0069532343E-02    1.4254989023E+03    5.8716769557E-02
    1.7559990000E-02    9.4001829715E-01   -1.2530691667E-01    1.4283813267E+03    5.1935766023E-02
    1.7599990000E-02    1.2112688716E+00    2.8707852004E-01    1.4319969178E+03    4.9401448592E-02
    1.7639990000E-02    8.1760960884E-01   -2.5686729799E-01    1.4350589500E+03    5.3209095559E-02
    1.7679990000E-02    1.1809877090E+00    1.5946224684E-02    1.4384188102E+03    5.4641178509E-02
    1.7719990000E-02    8.6387572547E-01   -4.9937759616E-02    1.4414073723E+03    4.8698915504E-02
    1.7759990000E-02    1.2523761210E+00    1.3022754485E-01    1.4448938695E+03    4.4292257229E-02
    1.7799990000E-02    7.9444799626E-01   -1.2760970022E-01    1.4481237290E+03    4.9212837408E-02
    1.7839990000E-02    1.1891472984E+00    1.3888886348E-02    1.4513358422E+03    5.3891996083E-02
    1.7879990000E-02    8.1395538309E-01    6.4421796426E-02    1.4544573344E+03    5.0055325270E-02
    1.7919990000E-02    1.2602431731E+00   -5.1443815494E-02    1.4577718275E+03    4.4350655524E-02
    1.7959990000E-02    8.2186078181E-01   -1.4381204737E-03    1.4611850363E+03    4.9488542262E-02
    1.7999990000E-02    1.1865228228E+00    1.3509872641E-02    1.4642503439E+03    5.6847171570E-02
    1.8039990000E-02    8.0652630136E-01    1.9593991649E-01    1.4675185152E+03    5.5437518207E-02
    1.8079990000E-02    1.2377338519E+00   -2.2314577749E-01    1.4706579173E+03    5.0488408637E-02
    1.8119990000E-02    8.9138165337E-01    9.4184519002E-02    1.4742236660E+03    5.4218951614E-02
    1.8159990000E-02    1.1754873900E+00   -4.1970546146E-03    1.4771607254E+03    6.2277164508E-02
    1.8199990000E-02    8.4608263096E-01    3.1889088422E-01    1.4805753472E+03    6.3044439089E-02
    1.8239990000E-02    1.1796632519E+00   -3.5507570275E-01    1.4835715404E+03    5.9399582238E-02
    1.8279990000E-02    9.8322475193E-01    1.3613711666E-01    1.4872261624E+03    6.2014172381E-02
    1.8319990000E-02    1.1522068292E+00   -4.2212655436E-02    1.4900671085E+03    6.8317847640E-02
    1.8359990000E-02    9.2603326140E-01    4.0818384075E-01    1.4936129996E+03    6.9041945746E-02
    1.8399990000E-02    1.0890754428E+00   -4.2859778717E-01    1.4965203631E+03    6.7318018089E-02
    1.8439990000E-02    1.0715567074E+00    1.1638738422E-01    1.5001844083E+03    6.8705342159E-02
    1.8479990000E-02    1.1050953992E+00   -9.7603368676E-02    1.5029769257E+03    6.9787594911E-02
    1.8519990000E-02    1.0297826998E+00    4.4115428551E-01    1.5066201151E+03    6.8975210582E-02
    1.8559990000E-02    9.8308877760E-01   -4.3188960497E-01    1.5095076340E+03    6.9679466194E-02
    1.8599990000E-02    1.1331844702E+00    6.4292021215E-02    1.5131060963E+03    6.9200713766E-02
    1.8639990000E-02    1.0292254004E+00   -1.3882813784E-01    1.5159150945E+03    6.4453551345E-02
    1.8679990000E-02    1.1326638514E+00    4.0293602759E-01    1.5195895198E+03    6.2384681141E-02
    1.8719990000E-02    8.8675399595E-01   -3.7055454582E-01    1.5225295008E+03    6.5181355793E-02
    1.8759990000E-02    1.1656648438E+00    2.2528005350E-02    1.5260172752E+03    6.3858458835E-02
    1.8799990000E-02    9.3941692623E-01   -1.2599472952E-01    1.5288986454E+03    5.6346115460E-02
    1.8839990000E-02    1.2104695924E+00    2.9818392959E-01    1.5325212442E+03    5.3449109310E-02
    1.8879990000E-02    8.2177315709E-01   -2.6319709119E-01    1.5355785054E+03    5.7622958604E-02
    1.8919990000E-02    1.1814777317E+00   -1.1437038420E-03    1.5389303064E+03    5.7912837714E-02
    1.8959990000E-02    8.5740502361E-01   -5.4800470334E-02    1.5419223358E+03    5.0432334480E-02
    1.8999990000E-02    1.2520373684E+00    1.4356411456E-01    1.5454212664E+03    4.6058959807E-02
    1.9039990000E-02    8.0179395150E-01   -1.3296316392E-01    1.5486419287E+03    5.1347092803E-02
    1.9079990000E-02    1.1892020054E+00   -7.5479754872E-03    1.5518456644E+03    5.4435779126E-02
    1.9119990001E-02    8.0609949913E-01    5.9078759166E-02    1.5549752557E+03    4.8793785538E-02
    1.9159990001E-02    1.2601308619E+00   -3.8408174784E-02    1.5583009631E+03    4.3408490058E-02
    1.9199990001E-02    8.2963313978E-01   -5.8001793270E-03    1.5617028787E+03    4.8688308767E-02
    1.9239990001E-02    1.1865111621E+00   -5.8898052762E-03    1.5647630992E+03    5.4382841267E-02
    1.9279990001E-02    8.0137982703E-01    1.9085861197E-01    1.5680419658E+03    5.1601088166E-02
    1.9319990001E-02    1.2375317543E+00   -2.1261941975E-01    1.5711871598E+03    4.7074054964E-02
    1.9359990001E-02    8.9553846850E-01    9.2559788118E-02    1.5747453371E+03    5.0536254588E-02
    1.9399990001E-02    1.1752330634E+00   -1.5701701039E-02    1.5776816438E+03    5.7495975107E-02
    1.9439990001E-02    8.4612644725E-01    3.1320017062E-01    1.5811029677E+03    5.7953934927E-02
    1.9479990001E-02    1.1784755545E+00   -3.4924505569E-01    1.5841003812E+03    5.4479274835E-02
    1.9519990001E-02    9.7914117630E-01    1.4308628536E-01    1.5877571241E+03    5.6703174981E-02
    1.9559990001E-02    1.1549292330E+00   -3.8763358381E-02    1.5906015665E+03    6.3579149308E-02
    1.9599990001E-02    9.3063709068E-01    4.0116705980E-01    1.5941414054E+03    6.5331196572E-02
    1.9639990001E-02    1.0850415984E+00   -4.2925619287E-01    1.5970485853E+03    6.3166680360E-02
    1.9679990001E-02    1.0603877894E+00    1.3793010266E-01    1.6007277673E+03    6.4945291667E-02
    1.9719990001E-02    1.1148732343E+00   -7.6625652242E-02    1.6035228566E+03    6.8988565050E-02
    1.9759990001E-02    1.0358246454E+00    4.3472333596E-01    1.6071484170E+03    6.9383564603E-02
    1.9799990001E-02    9.7606337841E-01   -4.3730847043E-01    1.6100367492E+03    6.9304122345E-02
    1.9839990001E-02    1.1249414765E+00    8.5844078355E-02    1.6136538504E+03    7.0253235213E-02
    1.9879990001E-02    1.0410141079E+00   -1.1960110512E-01    1.6164591711E+03    6.8366195918E-02
    1.9919990001E-02    1.1370022593E+00    4.0113928117E-01    1.6201203820E+03    6.6478621875E-02
    1.9959990001E-02    8.8062618922E-01   -3.7613852882E-01    1.6230626461E+03    6.8941054343E-02
    1.9999990001E-02    1.1634334237E+00    2.5701680810E-02    1.6265553953E+03    6.8723720229E-02
    2.0039990001E-02    9.4173576318E-01   -1.1978171912E-01    1.6294346503E+03    6.1628347099E-02
    2.0079990001E-02    1.2128914021E+00    3.0182201191E-01    1.6330555675E+03    5.8259134479E-02
    2.0119990001E-02    8.2093313444E-01   -2.6671859495E-01    1.6361145537E+03    6.2692520758E-02
    2.0159990001E-02    1.1813954456E+00   -1.3294984108E-02    1.6394574929E+03    6.2604959360E-02
    2.0199990001E-02    8.5095848857E-01   -5.4100365340E-02    1.6424539814E+03    5.4014194464E-02
    2.0239990001E-02    1.2533533094E+00    1.5021274933E-01    1.6459584022E+03    4.9364779311E-02
    2.0279990001E-02    8.0764595255E-01   -1.3526071678E-01    1.6491771287E+03    5.5116869553E-02
    2.0319990001E-02    1.1887379591E+00   -2.8107121544E-02    1.6523673361E+03    5.6800108542E-02
    2.0359990001E-02    7.9683381946E-01    5.9119879459E-02    1.6555082224E+03    4.9496819587E-02
    2.0399990001E-02    1.2606124420E+00   -3.0979835777E-02    1.6588400186E+03    4.4268972765E-02
    2.0439990001E-02    8.3965111100E-01   -8.1976636147E-03    1.6622359426E+03    4.9847884707E-02
    2.0479990001E-02    1.1856418527E+00   -2.7905878452E-02    1.6652847668E+03    5.3660607470E-02
    2.0519990001E-02    7.9449800695E-01    1.9101839515E-01    1.6685798409E+03    4.9397892436E-02
    2.0559990001E-02    1.2370949395E+00   -2.0543354991E-01    1.6717273259E+03    4.5342045287E-02
    2.0599990001E-02    9.0539724317E-01    9.0055706591E-02    1.6752788537E+03    4.8687127603E-02
    2.0639990001E-02    1.1731896904E+00   -3.4191006565E-02    1.6782080545E+03    5.3982898193E-02
    2.0679990001E-02    8.4478766554E-01    3.1202132719E-01    1.6816453216E+03    5.3504766427E-02
    2.0719990001E-02    1.1764322227E+00   -3.4336866283E-01    1.6846415972E+03    5.0454838208E-02
    2.0759990001E-02    9.8356671583E-01    1.4424248625E-01    1.6882960210E+03    5.2208138273E-02
    2.0799990001E-02    1.1535201490E+00   -4.8332947564E-02    1.6911384742E+03    5.8323646854E-02
    2.0839990001E-02    9.3504578780E-01    3.9645280203E-01    1.6946850712E+03    6.0281243145E-02
    2.0879990001E-02    1.0797027611E+00   -4.2621989032E-01    1.6975908991E+03    5.8062727685E-02
    2.0919990001E-02    1.0564400917E+00    1.5130388929E-01    1.7012775358E+03    5.9741392343E-02
    2.0959990001E-02    1.1188395661E+00   -6.9006518118E-02    1.7040740362E+03    6.5182111787E-02
    2.0999990001E-02    1.0437725224E+00    4.2576248616E-01    1.7076905166E+03    6.6618550081E-02
    2.1039990001E-02    9.6606889992E-01   -4.3760499529E-01    1.7105804068E+03    6.5902830984E-02
    2.1079990001E-02    1.1174388232E+00    1.1131836541E-01    1.7142147221E+03    6.7980716747E-02
    2.1119990001E-02    1.0524578463E+00   -9.9517951302E-02    1.7170180157E+03    6.9375095001E-02
    2.1159990001E-02    1.1447945035E+00    3.9124696992E-01    1.7206617806E+03    6.8042323698E-02
    2.1199990001E-02    8.6877308006E-01   -3.7752399826E-01    1.7236101100E+03    6.9959286817E-02
    2.1239990001E-02    1.1593735175E+00    4.2402899237E-02    1.7271139574E+03    7.1680623618E-02
    2.1279990001E-02    9.4800671507E-01   -1.0673155156E-01    1.7299897075E+03    6.6470010197E-02
    2.1319990001E-02    1.2182107530E+00    2.9572982918E-01    1.7335992080E+03    6.2682820356E-02
    2.1359990001E-02    8.1424477964E-01   -2.6641442015E-01    1.7366668353E+03    6.7213216132E-02
    2.1399990001E-02    1.1803927132E+00   -1.6036017904E-02    1.7400033108E+03    6.7897801815E-02
    2.1439990001E-02    8.4620855942E-01   -4.7154407909E-02    1.7430037965E+03    5.8936227379E-02
    2.1479990001E-02    1.2562353974E+00    1.4803490585E-01    1.7465047973E+03    5.3727673038E-02
    2.1519990001E-02    8.1084690296E-01   -1.3392369112E-01    1.7497296612E+03    5.9971505627E-02
    2.1559990001E-02    1.1877300739E+00   -4.4234756832E-02    1.7529035378E+03    6.0755968354E-02
    2.1599990001E-02    7.8746994251E-01    6.5154217286E-02    1.7560576049E+03    5.2139627586E-02
    2.1639990001E-02    1.2616358372E+00   -3.0918492775E-02    1.7593886993E+03    4.6854820540E-02
    2.1679990001E-02    8.5104826848E-01   -8.3113180682E-03    1.7627850735E+03    5.2810600098E-02
    2.1719990001E-02    1.1838184006E+00   -4.9835239717E-02    1.7658175384E+03    5.4723619205E-02
    2.1759990001E-02    7.8711423206E-01    1.9687730366E-01    1.7691328888E+03    4.9069417967E-02
    2.1799990001E-02    1.2362733098E+00   -2.0358025474E-01    1.7722780337E+03    4.5461119765E-02
    2.1839990001E-02    9.1948673670E-01    8.7222268122E-02    1.7758256101E+03    4.8781274499E-02
    2.1879990001E-02    1.1696684259E+00   -5.5790992202E-02    1.7787429315E+03    5.2096903122E-02
    2.1919990001E-02    8.4331464227E-01    3.1578058433E-01    1.7822022384E+03    5.0451115989E-02
    2.1959990001E-02    1.1733067606E+00   -3.3970709180E-01    1.7851945865E+03    4.7981152125E-02
    2.1999990001E-02    9.9429274719E-01    1.4103245200E-01    1.7888443908E+03    4.9292563410E-02
    2.2039990001E-02    1.1488640762E+00   -6.5507539426E-02    1.7916808267E+03    5.3855582455E-02
    2.2079990001E-02    9.3971353833E-01    3.9509541751E-01    1.7952432604E+03    5.5413272041E-02
    2.2119990001E-02    1.0733575580E+00   -4.2136979661E-01    1.7981466730E+03    5.3480076773E-02
    2.2159990001E-02    1.0599318025E+00    1.5526083458E-01    1.8018329736E+03    5.4741698326E-02
    2.2199990001E-02    1.1163380876E+00   -7.4679215383E-02    1.8046291483E+03    6.0053413971E-02
    2.2239990001E-02    1.0524540065E+00    4.1683489679E-01    1.8082468993E+03    6.1938913523E-02
    2.2279990001E-02    9.5528492308E-01   -4.3246727456E-01    1.8111391995E+03    6.0921405654E-02
    2.2319990001E-02    1.1144174627E+00    1.3007102471E-01    1.8147821502E+03    6.3554420192E-02
    2.2359990001E-02    1.0577885818E+00   -8.7687276205E-02    1.8175861812E+03    6.7171218021E-02
    2.2399990001E-02    1.1541638061E+00    3.7548648805E-01    1.8212148127E+03    6.6472384274E-02
    2.2439990001E-02    8.5399897677E-01   -3.7271235135E-01    1.8241727437E+03    6.7825307187E-02
    2.2479990001E-02    1.1553033162E+00    6.8010840842E-02    1.8276885648E+03    7.1636354317E-02
    2.2519990001E-02    9.5629096194E-01   -8.9865154914E-02    1.8305616356E+03    6.9331647207E-02
    2.2559990001E-02    1.2252982003E+00    2.7899151170E-01    1.8341515504E+03    6.5302292720E-02
    2.2599990001E-02    8.0218624144E-01   -2.6078202830E-01    1.8372348685E+03    6.9767190753E-02
    2.2639990001E-02    1.1786728811E+00   -5.2250738281E-03    1.8405693427E+03    7.2524826907E-02
    2.2679990001E-02    8.4470712334E-01   -3.3964010384E-02    1.8435722265E+03    6.4266089174E-02
    2.2719990001E-02    1.2601733570E+00    1.3481134739E-01    1.8470593888E+03    5.8313306539E-02
    2.2759990001E-02    8.1042745379E-01   -1.2812570259E-01    1.8502992505E+03    6.5027540532E-02
    2.2799990001E-02    1.1862995117E+00   -5.1957869198E-02    1.8534566618E+03    6.5827087699E-02
    2.2839990001E-02    7.7959015595E-01    7.7464239754E-02    1.8566243341E+03    5.6423268458E-02
    2.2879990001E-02    1.2629127039E+00   -4.0053760694E-02    1.8599463228E+03    5.0869498978E-02
    2.2919990001E-02    8.6264149074E-01   -5.6797482912E-03    1.8633506129E+03    5.7191802778E-02
    2.2959990001E-02    1.1810639507E+00   -6.8225903718E-02    1.8663637589E+03    5.7545832755E-02
    2.2999990001E-02    7.8070864226E-01    2.0871429440E-01    1.8697017717E+03    5.0719142116E-02
    2.3039990001E-02    1.2348095597E+00   -2.0843281606E-01    1.8728390042E+03    4.7480591955E-02
    2.3079990001E-02    9.3668261177E-01    8.4219330377E-02    1.8763864093E+03    5.0789627599E-02
    2.3119990001E-02    1.1647976122E+00   -7.7482956541E-02    1.8792885631E+03    5.2009635811E-02
    2.3159990001E-02    8.4290648468E-01    3.2467386008E-01    1.8827736430E+03    4.9234921210E-02
    2.3199990001E-02    1.1687617748E+00   -3.3983462024E-01    1.8857590425E+03    4.7417152984E-02
    2.3239990001E-02    1.0096032673E+00    1.3412856221E-01    1.8894033154E+03    4.8317844165E-02
    2.3279990001E-02    1.1415526825E+00   -8.6230402200E-02    1.8922312149E+03    5.0874758263E-02
    2.3319990001E-02    9.4542617751E-01    3.9747718656E-01    1.8958151738E+03    5.1700549605E-02
    2.3359990001E-02    1.0657696045E+00   -4.1646895145E-01    1.8987153484E+03    5.0314596589E-02
    2.3399990001E-02    1.0693152828E+00    1.5080022527E-01    1.9023947004E+03    5.1004966326E-02
    2.3439990001E-02    1.1081583872E+00   -8.9177928371E-02    1.9051896943E+03    5.5093331687E-02
    2.3479990001E-02    1.0618110381E+00    4.0941206093E-01    1.9088168852E+03    5.6833574705E-02
    2.3519990001E-02    9.4470963124E-01   -4.2308095287E-01    1.9117126820E+03    5.5909620033E-02
    2.3559990001E-02    1.1171179409E+00    1.3695542161E-01    1.9153528346E+03    5.8504736968E-02
    2.3599990001E-02    1.0539071421E+00   -8.7628821517E-02    1.9181606153E+03    6.2687622084E-02
    2.3639990001E-02    1.1637899382E+00    3.5707206656E-01    1.9217805144E+03    6.2313801452E-02
    2.3679990001E-02    8.3993200305E-01   -3.6082628456E-01    1.9247512445E+03    6.3299288400E-02
    2.3719990001E-02    1.1538903988E+00    9.1007935916E-02    1.9282712395E+03    6.8543364734E-02
    2.3759990001E-02    9.6078120335E-01   -7.5108626390E-02    1.9311464890E+03    6.8923127425E-02
    2.3799990001E-02    1.2325718341E+00    2.5311018725E-01    1.9347132258E+03    6.4818686149E-02
    2.3839990001E-02    7.8758883528E-01   -2.4800880380E-01    1.9378187777E+03    6.9094336245E-02
    2.3879990001E-02    1.1773504568E+00    1.9162735051E-02    1.9411539823E+03    7.4611541613E-02
    2.3919990001E-02    8.4695527025E-01   -1.5820738499E-02    1.9441586958E+03    6.8341415743E-02
    2.3959990001E-02    1.2641293237E+00    1.0883891274E-01    1.9476211840E+03    6.1665617112E-02
    2.3999990001E-02    8.0570980126E-01   -1.1635759743E-01    1.9508857967E+03    6.8745830491E-02
    2.4039990001E-02    1.1849103358E+00   -4.5475938152E-02    1.9540298007E+03    7.0913892306E-02
    2.4079990001E-02    7.7563328512E-01    9.6018054357E-02    1.9572093815E+03    6.1640696799E-02
    2.4119990001E-02    1.2638284551E+00   -6.0457960897E-02    1.9605121042E+03    5.5678786603E-02
    2.4159990001E-02    8.7311868567E-01    5.6505683720E-04    1.9639329837E+03    6.2256881436E-02
    2.4199990001E-02    1.1776386325E+00   -7.9156727863E-02    1.9669260792E+03    6.1828306604E-02
    2.4239990001E-02    7.7714439250E-01    2.2650989461E-01    1.9702873806E+03    5.4184478537E-02
    2.4279990001E-02    1.2321093319E+00   -2.2135773770E-01    1.9734100920E+03    5.1196104620E-02
    2.4319990001E-02    9.5588043731E-01    8.1282328235E-02    1.9769619950E+03    5.4418672587E-02
    2.4359990001E-02    1.1587008059E+00   -9.6745480555E-02    1.9798471456E+03    5.3668299674E-02
    2.4399990001E-02    8.4500016551E-01    3.3854108176E-01    1.9833599457E+03    4.9957101296E-02
    2.4439990001E-02    1.1621060916E+00   -3.4493062537E-01    1.9863351047E+03    4.8791213301E-02
    2.4479990001E-02    1.0279632795E+00    1.2409325700E-01    1.9899739371E+03    4.9251154936E-02
    2.4519990001E-02    1.1320247327E+00   -1.0735770027E-01    1.9927922820E+03    4.9612731032E-02
    2.4559990001E-02    9.5332751848E-01    4.0335128671E-01    1.9964005103E+03    4.9623218003E-02
    2.4599990001E-02    1.0561703534E+00   -4.1287757647E-01    1.9992969367E+03    4.8943931628E-02
    2.4639990001E-02    1.0825273892E+00    1.3973471302E-01    2.0029643079E+03    4.8997589178E-02
    2.4679990001E-02    1.0954831525E+00   -1.0738680488E-01    2.0057586897E+03    5.1227747139E-02
    2.4719990001E-02    1.0725056228E+00    4.0378614547E-01    2.0093997119E+03    5.2466045567E-02
    2.4759990001E-02    9.3395621673E-01   -4.1110463465E-01    2.0123005555E+03    5.1973487466E-02
    2.4799990001E-02    1.1243633271E+00    1.3249074533E-01    2.0159272603E+03    5.4147207981E-02
    2.4839990001E-02    1.0413522755E+00   -9.5610261133E-02    2.0187422758E+03    5.7532902816E-02
    2.4879990001E-02    1.1735094366E+00    3.3826615851E-01    2.0223589764E+03    5.7066614680E-02
    2.4919990001E-02    8.2843476024E-01   -3.4291887919E-01    2.0253455846E+03    5.8007681376E-02
    2.4959990001E-02    1.1562272409E+00    1.0251982639E-01    2.0288567418E+03    6.3768114816E-02
    2.4999990001E-02    9.5622668199E-01   -6.5953694140E-02    2.0317415645E+03    6.5562228645E-02
    2.5039990001E-02    1.2390070281E+00    2.2202853142E-01    2.0352859122E+03    6.1381000357E-02
    2.5079990001E-02    7.7513721807E-01   -2.2760273846E-01    2.0384188950E+03    6.5449421966E-02
    2.5119990002E-02    1.1776094567E+00    4.7491841749E-02    2.0417505172E+03    7.3072235052E-02
    2.5159990002E-02    8.5011058039E-01    4.5710897415E-03    2.0447611676E+03    6.9679031719E-02
    2.5199990002E-02    1.2669549903E+00    7.1556463852E-02    2.0481906075E+03    6.2511137669E-02
    2.5239990002E-02    7.9854169656E-01   -9.7377304803E-02    2.0514891387E+03    6.9738598317E-02
    2.5279990002E-02    1.1840763009E+00   -2.3133208913E-02    2.0546231564E+03    7.4445276750E-02
    2.5319990002E-02    7.7730808044E-01    1.1977342887E-01    2.0578127547E+03    6.6531642287E-02
    2.5359990002E-02    1.2634126751E+00   -9.2971169499E-02    2.0610856326E+03    6.0210418255E-02
    2.5399990002E-02    8.8096708853E-01    1.1862385656E-02    2.0645327019E+03    6.6836663813E-02
    2.5439990002E-02    1.1741115018E+00   -7.8387717751E-02    2.0675072906E+03    6.6901466138E-02
    2.5479990002E-02    7.7887302355E-01    2.4969572829E-01    2.0708903136E+03    5.9029608132E-02
    2.5519990002E-02    1.2272235732E+00   -2.4338640503E-01    2.0739912052E+03    5.6153744753E-02
    2.5559990002E-02    9.7536742474E-01    7.9187988709E-02    2.0775533007E+03    5.9182379907E-02
    2.5599990002E-02    1.1517733556E+00   -1.1042541261E-01    2.0804212957E+03    5.6964942373E-02
    2.5639990002E-02    8.5139541406E-01    3.5683687040E-01    2.0839615430E+03    5.2617856661E-02
    2.5679990002E-02    1.1524547402E+00   -3.5563309372E-01    2.0869231793E+03    5.2025885922E-02
    2.5719990002E-02    1.0479067636E+00    1.1138222044E-01    2.0905572604E+03    5.1988570103E-02
    2.5759990002E-02    1.1206116303E+00   -1.2629999599E-01    2.0933664574E+03    5.0199962097E-02
    2.5799990002E-02    9.6460023470E-01    4.1214400516E-01    2.0969991941E+03    4.9463330455E-02
    2.5839990002E-02    1.0436699967E+00   -4.1133989972E-01    2.0998919077E+03    4.9547950583E-02
    2.5879990002E-02    1.0978616234E+00    1.2334295990E-01    2.1035431691E+03    4.8916210234E-02
    2.5919990002E-02    1.0791451801E+00   -1.2548798827E-01    2.1063388840E+03    4.8974843927E-02
    2.5959990002E-02    1.0852984068E+00    3.9951701966E-01    2.1099946940E+03    4.9564553228E-02
    2.5999990002E-02    9.2224566233E-01   -3.9770469746E-01    2.1129028927E+03    4.9740011170E-02
    2.6039990002E-02    1.1343543493E+00    1.1882712390E-01    2.1165069775E+03    5.1305453094E-02
    2.6079990002E-02    1.0218972321E+00   -1.0610482147E-01    2.1193335491E+03    5.3006079209E-02
    2.6119990002E-02    1.1836502492E+00    3.1987875045E-01    2.1229494136E+03    5.2160514420E-02
    2.6159990002E-02    8.1972032111E-01   -3.2067486043E-01    2.1259552084E+03    5.3398339725E-02
    2.6199990002E-02    1.1616105404E+00    1.0011726014E-01    2.1294437891E+03    5.8995018737E-02
    2.6239990002E-02    9.4153389529E-01   -6.0794709725E-02    2.1323464395E+03    6.0647444284E-02
    2.6279990002E-02    1.2443671797E+00    1.8948081448E-01    2.1358704398E+03    5.6284315576E-02
    2.6319990002E-02    7.6852658759E-01   -2.0088301644E-01    2.1390344403E+03    6.0259925889E-02
    2.6359990002E-02    1.1796873551E+00    6.6250756709E-02    2.1423511579E+03    6.8774275142E-02
    2.6399990002E-02    8.4932374017E-01    2.4826097029E-02    2.1453772707E+03    6.7789410001E-02
    2.6439990002E-02    1.2678695892E+00    2.7968354657E-02    2.1487696731E+03    6.0467049443E-02
    2.6479990002E-02    7.9360545468E-01   -7.1355950632E-02    2.1521083274E+03    6.7492103149E-02
    2.6519990002E-02    1.1837994548E+00    7.4502112262E-03    2.1552320410E+03    7.4963010705E-02
    2.6559990002E-02    7.8458099754E-01    1.4659446743E-01    2.1584331033E+03    6.9467179845E-02
    2.6599990002E-02    1.2604394568E+00   -1.3550230251E-01    2.1616674425E+03    6.3060082237E-02
    2.6639990002E-02    8.8559276383E-01    2.9743334414E-02    2.1651497565E+03    6.9431405047E-02
    2.6679990002E-02    1.1713187492E+00   -6.3666282840E-02    2.1681088738E+03    7.1461559713E-02
    2.6719990002E-02    7.8829563628E-01    2.7664756037E-01    2.1715101085E+03    6.4328965160E-02
    2.6759990002E-02    1.2188363699E+00   -2.7417847411E-01    2.1745823029E+03    6.1442577850E-02
    2.6799990002E-02    9.9283000874E-01    7.9751620153E-02    2.1781611203E+03    6.4225552863E-02
    2.6839990002E-02    1.1448413656E+00   -1.1546493410E-01    2.1810134038E+03    6.1458628480E-02
    2.6879990002E-02    8.6407679846E-01    3.7817878955E-01    2.1845781969E+03    5.6927144363E-02
    2.6919990002E-02    1.1386648513E+00   -3.7180200636E-01    2.1875235666E+03    5.6756488463E-02
    2.6959990002E-02    1.0675940995E+00    9.7226527719E-02    2.1911541993E+03    5.6221099441E-02
    2.6999990002E-02    1.1077788845E+00   -1.4072455184E-01    2.1939559799E+03    5.2593531459E-02
    2.7039990002E-02    9.8046691611E-01    4.2262482854E-01    2.1976110167E+03    5.1249331184E-02
    2.7079990002E-02    1.0274207658E+00   -4.1170691092E-01    2.2005009236E+03    5.2064269184E-02
    2.7119990002E-02    1.1137761069E+00    1.0293624597E-01    2.2041324559E+03    5.0729036444E-02
    2.7159990002E-02    1.0597603610E+00   -1.4066261892E-01    2.2069326486E+03    4.8548972160E-02
    2.7199990002E-02    1.1008611291E+00    3.9553881638E-01    2.2106013312E+03    4.8466252736E-02
    2.7239990002E-02    9.0876946913E-01   -3.8329494385E-01    2.2135202233E+03    4.9441683250E-02
    2.7279990002E-02    1.1454380900E+00    9.8296490966E-02    2.2170937369E+03    5.0316841314E-02
    2.7319990002E-02    9.9722010764E-01   -1.1461518085E-01    2.2199369757E+03    4.9856027642E-02
    2.7359990002E-02    1.1946480932E+00    3.0130900828E-01    2.2235509297E+03    4.8499228224E-02
    2.7399990002E-02    8.1302237435E-01   -2.9533832790E-01    2.2265799566E+03    5.0306170670E-02
    2.7439990002E-02    1.1684877793E+00    8.6172984773E-02    2.2300340172E+03    5.5388894296E-02
    2.7479990002E-02    9.1909498760E-01   -5.5126845763E-02    2.2329626929E+03    5.5736769028E-02
    2.7519990002E-02    1.2489567580E+00    1.5698709327E-01    2.2364664654E+03    5.1128961120E-02
    2.7559990002E-02    7.6873419102E-01   -1.6998725932E-01    2.2396642636E+03    5.5221856767E-02
    2.7599990002E-02    1.1829845778E+00    6.8844872669E-02    2.2429523453E+03    6.3724617271E-02
    2.7639990002E-02    8.4195412871E-01    4.5178673628E-02    2.2460061525E+03    6.3626550017E-02
    2.7679990002E-02    1.2667494040E+00   -1.6298599114E-02    2.2493606251E+03    5.6467224309E-02
    2.7719990002E-02    7.9600337368E-01   -4.0535648889E-02    2.2527413689E+03    6.2962717747E-02
    2.7759990002E-02    1.1840592916E+00    3.0019268471E-02    2.2558478264E+03    7.2161015445E-02
    2.7799990002E-02    7.9442316472E-01    1.7435743947E-01    2.2590687228E+03    6.9311896678E-02
    2.7839990002E-02    1.2538017705E+00   -1.8221699480E-01    2.2622599164E+03    6.3180186492E-02
    2.7879990002E-02    8.8982545137E-01    5.3960436459E-02    2.2657828490E+03    6.8940258429E-02
    2.7919990002E-02    1.1699926655E+00   -4.0115885303E-02    2.2687284419E+03    7.3583594637E-02
    2.7959990002E-02    8.0645914285E-01    3.0454889435E-01    2.2721452287E+03    6.8503641257E-02
    2.7999990002E-02    1.2053120300E+00   -3.1122620315E-01    2.2751837758E+03    6.5549364129E-02
    2.8039990002E-02    1.0057773684E+00    8.6357451658E-02    2.2787862858E+03    6.8135899533E-02
    2.8079990002E-02    1.1392700875E+00   -1.0942791865E-01    2.2816255549E+03    6.6139316136E-02
    2.8119990002E-02    8.8503896026E-01    3.9997459744E-01    2.2852088899E+03    6.2137187214E-02
    2.8159990002E-02    1.1192513536E+00   -3.9228780982E-01    2.2881365351E+03    6.2155743939E-02
    2.8199990002E-02    1.0847016111E+00    8.4693728592E-02    2.2917661996E+03    6.1301907644E-02
    2.8239990002E-02    1.0946233565E+00   -1.4775295659E-01    2.2945633366E+03    5.6534608888E-02
    2.8279990002E-02    1.0022938062E+00    4.3251844452E-01    2.2982353071E+03    5.4789392848E-02
    2.8319990002E-02    1.0065285793E+00   -4.1310393720E-01    2.3011246146E+03    5.6192951669E-02
    2.8359990002E-02    1.1287255494E+00    8.0512745552E-02    2.3047334632E+03    5.4261263929E-02
    2.8399990002E-02    1.0380199570E+00   -1.5049798532E-01    2.3075421460E+03    5.0021365188E-02
    2.8439990002E-02    1.1196666294E+00    3.9020184346E-01    2.3112190664E+03    4.9278548123E-02
    2.8479990002E-02    8.9320330590E-01   -3.6749356682E-01    2.3141532821E+03    5.1093198959E-02
    2.8519990002E-02    1.1563680955E+00    7.2697947410E-02    2.3176887931E+03    5.1238332628E-02
    2.8559990002E-02    9.6841970290E-01   -1.1820127168E-01    2.3205544874E+03    4.8402979337E-02
    2.8599990002E-02    1.2066366803E+00    2.8150946593E-01    2.3241628656E+03    4.6488044453E-02
    2.8639990002E-02    8.0814034116E-01   -2.6737078089E-01    2.3272199916E+03    4.9066131998E-02
    2.8679990002E-02    1.1755240163E+00    6.3326779294E-02    2.3306290821E+03    5.3400249533E-02
    2.8719990002E-02    8.9161941247E-01   -4.5296016168E-02    2.3335920702E+03    5.1723216254E-02
    2.8759990002E-02    1.2529984337E+00    1.2428840752E-01    2.3370732295E+03    4.6895187340E-02
    2.8799990002E-02    7.7538672202E-01   -1.3654489696E-01    2.3403075037E+03    5.1313350886E-02
    2.8839990002E-02    1.1864599834E+00    5.6422980900E-02    2.3435546534E+03    5.9160120247E-02
    2.8879990002E-02    8.2932111560E-01    6.7730395945E-02    2.3466484262E+03    5.8563774155E-02
    2.8919990002E-02    1.2637467630E+00   -5.8409024847E-02    2.3499642250E+03    5.1846706385E-02
    2.8959990002E-02    8.0784075562E-01   -7.8357426818E-03    2.3533861026E+03    5.7633810181E-02
    2.8999990002E-02    1.1846496937E+00    3.4830855988E-02    2.3564648082E+03    6.7115945222E-02
    2.9039990002E-02    8.0387247921E-01    2.0244336518E-01    2.3597188593E+03    6.6186441881E-02
    2.9079990002E-02    1.2429012715E+00   -2.2683480214E-01    2.3628657624E+03    6.0594029063E-02
    2.9119990002E-02    8.9853595361E-01    8.1555887115E-02    2.3664293038E+03    6.5435973071E-02
    2.9159990002E-02    1.1699931597E+00   -1.9638361968E-02    2.3693598238E+03    7.2233534927E-02
    2.9199990002E-02    8.3191462823E-01    3.3056021355E-01    2.3727940495E+03    7.0034927303E-02
    2.9239990002E-02    1.1852761683E+00   -3.4954948960E-01    2.3757971559E+03    6.7021855537E-02
    2.9279990002E-02    1.0136808772E+00    1.0177704881E-01    2.3794287487E+03    6.9491368191E-02
    2.9319990002E-02    1.1362646799E+00   -9.2970615848E-02    2.3822579491E+03    6.9680730040E-02
    2.9359990002E-02    9.1518712740E-01    4.1856875565E-01    2.3858518167E+03    6.7034154193E-02
    2.9399990002E-02    1.0926987790E+00   -4.1434816050E-01    2.3887625206E+03    6.6963510548E-02
    2.9439990002E-02    1.0970877200E+00    7.8703796862E-02    2.3923950840E+03    6.6244823634E-02
    2.9479990002E-02    1.0826683506E+00   -1.4509779558E-01    2.3951905511E+03    6.1468175225E-02
    2.9519990002E-02    1.0308614778E+00    4.3860632840E-01    2.3988709766E+03    5.9593242409E-02
    2.9559990002E-02    9.8016867803E-01   -4.1381928544E-01    2.4017636648E+03    6.1361824348E-02
    2.9599990002E-02    1.1413337994E+00    5.8972975728E-02    2.4053478551E+03    5.9183464413E-02
    2.9639990002E-02    1.0148108433E+00   -1.5292573350E-01    2.4081694014E+03    5.3310604395E-02
    2.9679990002E-02    1.1418793809E+00    3.8108822186E-01    2.4118472473E+03    5.1884794138E-02
    2.9719990002E-02    8.7535213180E-01   -3.4939534680E-01    2.4148029168E+03    5.4504030124E-02
    2.9759990002E-02    1.1659863112E+00    4.4578528133E-02    2.4182939359E+03    5.4017934301E-02
    2.9799990002E-02    9.3686530335E-01   -1.1427401135E-01    2.4211880763E+03    4.8883681325E-02
    2.9839990002E-02    1.2196248507E+00    2.5856763027E-01    2.4247845648E+03    4.6348897556E-02
    2.9879990002E-02    8.0502269927E-01   -2.3688173441E-01    2.4278756947E+03    4.9825818125E-02
    2.9919990002E-02    1.1815831195E+00    3.4712608423E-02    2.4312310793E+03    5.3224963320E-02
    2.9959990002E-02    8.6183227237E-01   -2.8542579181E-02    2.4342363795E+03    4.9273666947E-02
    2.9999990002E-02    1.2566147268E+00    8.9984463409E-02    2.4376899883E+03    4.4266462452E-02
    3.0039990002E-02    7.8786883504E-01   -1.0180482528E-01    2.4409638105E+03    4.9160890983E-02
    3.0079990002E-02    1.1889124061E+00    3.3026065799E-02    2.4441604237E+03    5.5869939646E-02
    3.0119990002E-02    8.1439665896E-01    9.4765507432E-02    2.4473051554E+03    5.3949478984E-02
    3.0159990002E-02    1.2590429305E+00   -9.8165314589E-02    2.4505802809E+03    4.7899102444E-02
    3.0199990002E-02    8.2892655925E-01    2.3992563330E-02    2.4540410705E+03    5.2964709502E-02
    3.0239990002E-02    1.1842328558E+00    2.2037990083E-02    2.4570821076E+03    6.1642825251E-02
    3.0279990002E-02    8.1224508817E-01    2.3165144365E-01    2.4603832873E+03    6.1372957421E-02
    3.0319990002E-02    1.2278970922E+00   -2.6551342293E-01    2.4634864296E+03    5.6485933947E-02
    3.0359990002E-02    9.1582697437E-01    1.0754245705E-01    2.4670854959E+03    6.0271101256E-02
    3.0399990002E-02    1.1691979793E+00   -1.4034315075E-02    2.4699953683E+03    6.8020717911E-02
    3.0439990002E-02    8.6112120996E-01    3.5323773455E-01    2.4734558446E+03    6.8230491245E-02
    3.0479990002E-02    1.1584866396E+00   -3.8266866655E-01    2.4764251257E+03    6.5259171498E-02
    3.0519990002E-02    1.0204654814E+00    1.2339055852E-01    2.4800856053E+03    6.7562423014E-02
    3.0559990002E-02    1.1350398825E+00   -7.3652720659E-02    2.4829063557E+03    7.0604993064E-02
    3.0599990002E-02    9.5310576938E-01    4.2986707727E-01    2.4865051592E+03    6.9787101406E-02
    3.0639990002E-02    1.0580187428E+00   -4.3306855864E-01    2.4894025960E+03    6.9395987974E-02
    3.0679990002E-02    1.1037677705E+00    8.4836148534E-02    2.4930424599E+03    6.9415670989E-02
    3.0719990002E-02    1.0737415133E+00   -1.3169543097E-01    2.4958387307E+03    6.6201275005E-02
    3.0759990002E-02    1.0659152993E+00    4.3621152049E-01    2.4995162593E+03    6.4508118923E-02
    3.0799990002E-02    9.4760174521E-01   -4.1110345968E-01    2.5024186473E+03    6.6372951682E-02
    3.0839990002E-02    1.1502034755E+00    4.3699546961E-02    2.5059784953E+03    6.4687590478E-02
    3.0879990002E-02    9.9179717336E-01   -1.4579501754E-01    2.5088165802E+03    5.8033645242E-02
    3.0919990002E-02    1.1671699161E+00    3.6462676250E-01    2.5124848179E+03    5.5871461549E-02
    3.0959990002E-02    8.5537112541E-01   -3.2751944488E-01    2.5154699073E+03    5.9202181894E-02
    3.0999990002E-02    1.1734270950E+00    1.7019055665E-02    2.5189112443E+03    5.8410848908E-02
    3.1039990002E-02    9.0394565116E-01   -1.0095505878E-01    2.5218396323E+03    5.1296792971E-02
    3.1079990003E-02    1.2332298164E+00    2.2970325053E-01    2.5254154003E+03    4.7994291884E-02
    3.1119990003E-02    8.0415779519E-01   -2.0355528109E-01    2.5285474831E+03    5.2442888859E-02
    3.1159990003E-02    1.1858595300E+00    3.5719290428E-03    2.5318423169E+03    5.4772731475E-02
    3.1199990003E-02    8.3207745888E-01   -3.1385907792E-03    2.5348974702E+03    4.8688996584E-02
    3.1239990003E-02    1.2596271443E+00    5.1878106782E-02    2.5383162749E+03    4.3526727776E-02
    3.1279990003E-02    8.0599007847E-01   -6.6625104470E-02    2.5416331895E+03    4.8940119596E-02
    3.1319990003E-02    1.1893683715E+00    3.4540875867E-03    2.5447728159E+03    5.4119687892E-02
    3.1359990003E-02    8.0051844954E-01    1.2781326471E-01    2.5479775347E+03    5.0635369931E-02
    3.1399990003E-02    1.2525065828E+00   -1.3715779916E-01    2.5512084281E+03    4.5422757447E-02
    3.1439990003E-02    8.5808869818E-01    5.2810613069E-02    2.5547058164E+03    4.9818314902E-02
    3.1479990003E-02    1.1813808405E+00   -3.0250315801E-03    2.5577025454E+03    5.6926905373E-02
    3.1519990003E-02    8.2149909067E-01    2.6297498361E-01    2.5610618450E+03    5.6389071433E-02
    3.1559990003E-02    1.2091357312E+00   -2.9835342251E-01    2.5641218908E+03    5.2342863114E-02
    3.1599990003E-02    9.4204467291E-01    1.2777063682E-01    2.5677491076E+03    5.5096828034E-02
    3.1639990003E-02    1.1649825831E+00   -2.5366558138E-02    2.5706326038E+03    6.2437531608E-02
    3.1679990003E-02    8.9193280535E-01    3.7277520492E-01    2.5741303101E+03    6.3918587760E-02
    3.1719990003E-02    1.1260308238E+00   -4.0646970143E-01    2.5770698041E+03    6.1174359851E-02
    3.1759990003E-02    1.0319837496E+00    1.4305430924E-01    2.5807516651E+03    6.3173738557E-02
    3.1799990003E-02    1.1318475496E+00   -6.3128564877E-02    2.5835636297E+03    6.8303055770E-02
    3.1839990003E-02    9.9512673088E-01    4.3160534227E-01    2.5871683576E+03    6.9138382098E-02
    3.1879990003E-02    1.0161917497E+00   -4.4248331873E-01    2.5900590816E+03    6.8371174521E-02
    3.1919990003E-02    1.1074239115E+00    1.0194594250E-01    2.5937064730E+03    6.9480048896E-02
    3.1959990003E-02    1.0673430979E+00   -1.1153129003E-01    2.5965058166E+03    6.9140481240E-02
    3.1999990003E-02    1.1050026331E+00    4.2070187750E-01    2.6001693419E+03    6.7808336542E-02
    3.2039990003E-02    9.0907325165E-01   -4.0102737788E-01    2.6030904947E+03    6.9572368782E-02
    3.2079990003E-02    1.1550237007E+00    4.0352063688E-02    2.6066279730E+03    6.9426618406E-02
    3.2119990003E-02    9.7064612348E-01   -1.2825546248E-01    2.6094849258E+03    6.3284605537E-02
    3.2159990003E-02    1.1941656357E+00    3.3631954370E-01    2.6131301895E+03    6.0312055334E-02
    3.2199990003E-02    8.3351432790E-01   -2.9993927039E-01    2.6161547156E+03    6.4255789681E-02
    3.2239990003E-02    1.1780527754E+00   -4.9235340064E-03    2.6195438136E+03    6.3877077087E-02
    3.2279990003E-02    8.7175263857E-01   -7.6697683020E-02    2.6225111013E+03    5.5412513392E-02
    3.2319990003E-02    1.2465780632E+00    1.9126015094E-01    2.6260544358E+03    5.1118662493E-02
    3.2359990003E-02    8.0629214108E-01   -1.6699690869E-01    2.6292354784E+03    5.6573314973E-02
    3.2399990003E-02    1.1878111856E+00   -2.6085206160E-02    2.6324655727E+03    5.7884367285E-02
    3.2439990003E-02    8.0464899184E-01    3.1947095031E-02    2.6355771115E+03    5.0088940986E-02
    3.2479990003E-02    1.2615369722E+00    7.4480067674E-03    2.6389518746E+03    4.4806577402E-02
    3.2519990003E-02    8.3012558192E-01   -3.2002825725E-02    2.6423155304E+03    5.0639187941E-02
    3.2559990003E-02    1.1871320153E+00   -2.8496684578E-02    2.6453946935E+03    5.3951044050E-02
    3.2599990003E-02    7.9051307088E-01    1.6746226751E-01    2.6486664563E+03    4.9054345042E-02
    3.2639990003E-02    1.2435326266E+00   -1.7747991713E-01    2.6518486453E+03    4.4793619504E-02
    3.2679990003E-02    8.9396467526E-01    7.6733486934E-02    2.6553804283E+03    4.8541037750E-02
    3.2719990003E-02    1.1752535821E+00   -3.4195864129E-02    2.6583303352E+03    5.3526113715E-02
    3.2759990003E-02    8.3455059394E-01    2.9665635909E-01    2.6617540489E+03    5.2393367721E-02
    3.2799990003E-02    1.1865667427E+00   -3.2723700397E-01    2.6647718556E+03    4.9297307720E-02
    3.2839990003E-02    9.7482586696E-01    1.3979789663E-01    2.6684193775E+03    5.1125003949E-02
    3.2879990003E-02    1.1558781251E+00   -4.8482296639E-02    2.6712742878E+03    5.7009221420E-02
    3.2919990003E-02    9.2469524737E-01    3.8952473936E-01    2.6748163159E+03    5.8788993236E-02
    3.2959990003E-02    1.0894665946E+00   -4.2040613092E-01    2.6777317780E+03    5.6504122981E-02
    3.2999990003E-02    1.0505540741E+00    1.5369234129E-01    2.6814224927E+03    5.8095892734E-02
    3.3039990003E-02    1.1223362921E+00   -6.7444991306E-02    2.6842257152E+03    6.3736959779E-02
    3.3079990003E-02    1.0376569890E+00    4.2405258757E-01    2.6878415021E+03    6.5431609207E-02
    3.3119990003E-02    9.7081804475E-01   -4.3841575096E-01    2.6907344544E+03    6.4492458338E-02
    3.3159990003E-02    1.1134914165E+00    1.1929825109E-01    2.6943802747E+03    6.6716237215E-02
    3.3199990003E-02    1.0580609465E+00   -9.4618512223E-02    2.6971863834E+03    6.9019549675E-02
    3.3239990003E-02    1.1438561370E+00    3.9009392073E-01    2.7008293206E+03    6.7963241044E-02
    3.3279990003E-02    8.6721893715E-01   -3.7932741689E-01    2.7037808122E+03    6.9629388667E-02
    3.3319990003E-02    1.1575723401E+00    5.0233294242E-02    2.7072955156E+03    7.1949718430E-02
    3.3359990003E-02    9.5126945790E-01   -1.0222770751E-01    2.7101735153E+03    6.7589225572E-02
    3.3399990003E-02    1.2201747072E+00    2.9189960650E-01    2.7137814220E+03    6.3711148569E-02
    3.3439990003E-02    8.1082346414E-01   -2.6432858498E-01    2.7168573866E+03    6.8232889517E-02
    3.3479990003E-02    1.1801014337E+00   -1.4975608759E-02    2.7201946668E+03    6.9430413116E-02
    3.3519990003E-02    8.4297696152E-01   -4.0945617002E-02    2.7232037478E+03    6.0531626435E-02
    3.3559990003E-02    1.2581760004E+00    1.3904243749E-01    2.7267001162E+03    5.5044818332E-02
    3.3599990003E-02    8.1216903188E-01   -1.2684261417E-01    2.7299391505E+03    6.1488188916E-02
    3.3639990003E-02    1.1873158311E+00   -4.9129802331E-02    2.7331039600E+03    6.2148966564E-02
    3.3679990003E-02    7.8238876583E-01    7.6927859343E-02    2.7362766884E+03    5.3274228807E-02
    3.3719990003E-02    1.2613852562E+00   -4.5719531994E-02    2.7395967014E+03    4.8004817059E-02
    3.3759990003E-02    8.6044000637E-01    7.9212133234E-04    2.7430104030E+03    5.3967863305E-02
    3.3799990003E-02    1.1817993295E+00   -5.8596969666E-02    2.7460292239E+03    5.5282220966E-02
    3.3839990003E-02    7.8734513544E-01    2.1342239079E-01    2.7493722945E+03    4.9395852066E-02
    3.3879990003E-02    1.2310276872E+00   -2.2051727840E-01    2.7525014175E+03    4.6147436200E-02
    3.3919990003E-02    9.3528827211E-01    9.3530033522E-02    2.7560646563E+03    4.9169256386E-02
    3.3959990003E-02    1.1653070983E+00   -6.7255028814E-02    2.7589688784E+03    5.1630225461E-02
    3.3999990003E-02    8.5370665776E-01    3.3189231957E-01    2.7624590064E+03    4.9938629792E-02
    3.4039990003E-02    1.1595939774E+00   -3.5348358219E-01    2.7654366429E+03    4.7881594741E-02
    3.4079990003E-02    1.0112794691E+00    1.4218345467E-01    2.7690959400E+03    4.8846853784E-02
    3.4119990003E-02    1.1412030199E+00   -7.7340837282E-02    2.7719245593E+03    5.2607616974E-02
    3.4159990003E-02    9.6044196319E-01    4.0288399346E-01    2.7755123162E+03    5.4093193988E-02
    3.4199990003E-02    1.0499002090E+00   -4.2522424086E-01    2.7784111959E+03    5.2495374615E-02
    3.4239990003E-02    1.0742477033E+00    1.5288794084E-01    2.7820963375E+03    5.3639428533E-02
    3.4279990003E-02    1.1042531364E+00   -8.3106521975E-02    2.7848944837E+03    5.8444731000E-02
    3.4319990003E-02    1.0790085846E+00    4.0797791102E-01    2.7885238025E+03    6.0066582680E-02
    3.4359990003E-02    9.2593996558E-01   -4.2034650151E-01    2.7914297974E+03    5.9329254934E-02
    3.4399990003E-02    1.1244356130E+00    1.2753921509E-01    2.7950575734E+03    6.2467176036E-02
    3.4439990003E-02    1.0394467210E+00   -8.7079223718E-02    2.7978770349E+03    6.6022266456E-02
    3.4479990003E-02    1.1788426840E+00    3.4578626104E-01    2.8014963912E+03    6.4792105702E-02
    3.4519990003E-02    8.2717951793E-01   -3.4355171914E-01    2.8044913694E+03    6.6554722902E-02
    3.4559990003E-02    1.1610944130E+00    6.7217195795E-02    2.8079755331E+03    7.1655776019E-02
    3.4599990003E-02    9.3089906840E-01   -7.1460535224E-02    2.8108797414E+03    6.9556023026E-02
    3.4639990003E-02    1.2419532592E+00    2.2952498758E-01    2.8144372087E+03    6.4667768935E-02
    3.4679990003E-02    7.8994328151E-01   -2.1876941105E-01    2.8175779341E+03    6.9821880786E-02
    3.4719990003E-02    1.1811790534E+00   -8.1705570412E-03    2.8208650445E+03    7.3852131411E-02
    3.4759990003E-02    8.2035257299E-01    5.4474153810E-03    2.8239176605E+03    6.5642134550E-02
    3.4799990003E-02    1.2662127183E+00    7.0101452916E-02    2.8273509444E+03    5.8964371812E-02
    3.4839990003E-02    8.2221046803E-01   -8.2950756276E-02    2.8306577271E+03    6.6224582738E-02
    3.4879990003E-02    1.1847031942E+00   -5.9932584244E-02    2.8337605058E+03    6.7028620027E-02
    3.4919990003E-02    7.6875918686E-01    1.3103205250E-01    2.8369967397E+03    5.7891950872E-02
    3.4959990003E-02    1.2576930616E+00   -1.0870190366E-01    2.8402512958E+03    5.2888699294E-02
    3.4999990003E-02    8.9640067780E-01    3.0033680394E-02    2.8437172386E+03    5.8526282297E-02
    3.5039990003E-02    1.1733096004E+00   -8.3325301884E-02    2.8466791998E+03    5.8024816781E-02
    3.5079990003E-02    7.9388712050E-01    2.6436512126E-01    2.8500946064E+03    5.1670894799E-02
    3.5119990003E-02    1.2133596767E+00   -2.6677967157E-01    2.8531675906E+03    4.9431439667E-02
    3.5159990003E-02    9.7958833485E-01    1.0126630120E-01    2.8567581744E+03    5.1532982912E-02
    3.5199990003E-02    1.1512837631E+00   -9.8271487499E-02    2.8596215307E+03    5.1371664623E-02
    3.5239990003E-02    8.8078021285E-01    3.6701162882E-01    2.8631753975E+03    4.9340720800E-02
    3.5279990003E-02    1.1272611524E+00   -3.7740821540E-01    2.8661171505E+03    4.8367365197E-02
    3.5319990003E-02    1.0482927203E+00    1.3451392768E-01    2.8697785915E+03    4.8452115095E-02
    3.5359990003E-02    1.1206000414E+00   -1.0640824353E-01    2.8725875574E+03    4.9783527034E-02
    3.5399990003E-02    9.9984532475E-01    4.1149296290E-01    2.8762167359E+03    5.0701930331E-02
    3.5439990003E-02    1.0081188114E+00   -4.2153823301E-01    2.8791085422E+03    4.9968568466E-02
    3.5479990003E-02    1.0999139913E+00    1.4064183810E-01    2.8827728916E+03    5.0675641639E-02
    3.5519990003E-02    1.0768672445E+00   -1.0263642151E-01    2.8855741394E+03    5.3736255405E-02
    3.5559990003E-02    1.1183887196E+00    3.8399561058E-01    2.8892137519E+03    5.4618293135E-02
    3.5599990003E-02    8.8477091146E-01   -3.8986285038E-01    2.8921451189E+03    5.4499475501E-02
    3.5639990003E-02    1.1392234511E+00    1.2238585627E-01    2.8957349460E+03    5.8220845653E-02
    3.5679990003E-02    1.0080761385E+00   -8.5530761461E-02    2.8985782180E+03    6.1390082246E-02
    3.5719990003E-02    1.2078821246E+00    2.9132716265E-01    2.9021708570E+03    5.9373870677E-02
    3.5759990003E-02    7.9540640196E-01   -2.9426323664E-01    2.9052222751E+03    6.1558588735E-02
    3.5799990003E-02    1.1677531035E+00    7.9968275510E-02    2.9086599133E+03    6.8648725620E-02
    3.5839990003E-02    9.0539066060E-01   -3.8602492890E-02    2.9116009264E+03    6.8346118242E-02
    3.5879990003E-02    1.2569326467E+00    1.5199783520E-01    2.9150980929E+03    6.2417372620E-02
    3.5919990003E-02    7.7660344077E-01   -1.6278716601E-01    2.9183159193E+03    6.8238523627E-02
    3.5959990003E-02    1.1829432511E+00    1.3719571119E-02    2.9215520649E+03    7.5092054582E-02
    3.5999990003E-02    8.0592165514E-01    5.9756726386E-02    2.9246515345E+03    6.9116257812E-02
    3.6039990003E-02    1.2688503379E+00   -1.4797913137E-02    2.9280070068E+03    6.1771848304E-02
    3.6079990003E-02    8.3650398371E-01   -3.5100559225E-02    2.9313906854E+03    6.9263285971E-02
    3.6119990003E-02    1.1805833203E+00   -5.3953035544E-02    2.9344378923E+03    7.1576853119E-02
    3.6159990003E-02    7.6842929847E-01    1.9190975090E-01    2.9377366166E+03    6.3155214519E-02
    3.6199990003E-02    1.2480940688E+00   -1.8072739167E-01    2.9409168704E+03    5.8681727745E-02
    3.6239990003E-02    9.3543775308E-01    5.4562789485E-02    2.9444360576E+03    6.3490235895E-02
    3.6279990003E-02    1.1622965390E+00   -9.8796964752E-02    2.9473479934E+03    6.1865764767E-02
    3.6319990003E-02    8.1337772464E-01    3.1761477882E-01    2.9508320500E+03    5.5691063244E-02
    3.6359990003E-02    1.1883591204E+00   -3.1547676660E-01    2.9538485039E+03    5.4378746453E-02
    3.6399990003E-02    1.0231812923E+00    9.9300099809E-02    2.9574608113E+03    5.5366713956E-02
    3.6439990003E-02    1.1331886898E+00   -1.2392176891E-01    2.9602914797E+03    5.2841406066E-02
    3.6479990003E-02    9.1702270581E-01    3.9937510434E-01    2.9639017482E+03    5.0696894221E-02
    3.6519990003E-02    1.0885991068E+00   -3.9764413706E-01    2.9668150258E+03    5.0784144744E-02
    3.6559990003E-02    1.0831912294E+00    1.1727791649E-01    2.9704672260E+03    4.9935864398E-02
    3.6599990003E-02    1.0937262889E+00   -1.3140131619E-01    2.9732667774E+03    4.8773318108E-02
    3.6639990003E-02    1.0428432153E+00    4.1323822924E-01    2.9769282689E+03    4.9028839369E-02
    3.6679990003E-02    9.6491322514E-01   -4.0913620243E-01    2.9798249350E+03    4.9286742633E-02
    3.6719990003E-02    1.1247195152E+00    1.1817902937E-01    2.9834526072E+03    4.9580589103E-02
    3.6759990003E-02    1.0402462153E+00   -1.1855586045E-01    2.9862689995E+03    5.0321682847E-02
    3.6799990003E-02    1.1551842317E+00    3.5212121341E-01    2.9899100019E+03    5.0159950235E-02
    3.6839990003E-02    8.4934440931E-01   -3.4885126205E-01    2.9928801864E+03    5.0984471015E-02
    3.6879990003E-02    1.1550960217E+00    1.0455914958E-01    2.9964125049E+03    5.5000542735E-02
    3.6919990003E-02    9.6536866593E-01   -8.0202987359E-02    2.9992933361E+03    5.6564907677E-02
    3.6959990003E-02    1.2304436143E+00    2.2972127469E-01    3.0028523098E+03    5.3408562499E-02
    3.6999990003E-02    7.7657305694E-01   -2.3484341480E-01    3.0059713629E+03    5.6339005795E-02
    3.7039990004E-02    1.1763570902E+00    7.9983602107E-02    3.0093441411E+03    6.4236866722E-02
    3.7079990004E-02    8.7426841524E-01   -1.6834029022E-03    3.0123368355E+03    6.4600958060E-02
    3.7119990004E-02    1.2644868353E+00    6.6216258933E-02    3.0157661231E+03    5.7880295573E-02
    3.7159990004E-02    7.7733661995E-01   -9.9370781098E-02    3.0190688505E+03    6.4116884013E-02
    3.7199990004E-02    1.1845206391E+00    3.5270055292E-02    3.0222477945E+03    7.2948593218E-02
    3.7239990004E-02    7.9973792208E-01    1.1827551878E-01    3.0254030554E+03    6.9642008983E-02
    3.7279990004E-02    1.2643226212E+00   -1.0771800550E-01    3.0286722420E+03    6.2605306960E-02
    3.7319990004E-02    8.5646993926E-01    1.5710135310E-02    3.0321370351E+03    6.9391974511E-02
    3.7359990004E-02    1.1757665936E+00   -3.5903137267E-02    3.0351348515E+03    7.4158576650E-02
    3.7399990004E-02    7.8504029219E-01    2.5472699139E-01    3.0384932882E+03    6.7681840709E-02
    3.7439990004E-02    1.2292705001E+00   -2.5719361247E-01    3.0415954982E+03    6.3862077528E-02
    3.7479990004E-02    9.7292634044E-01    7.5311880603E-02    3.0451673943E+03    6.7568825607E-02
    3.7519990004E-02    1.1503291115E+00   -1.0258221083E-01    3.0480385635E+03    6.5973633415E-02
    3.7559990004E-02    8.4839000350E-01    3.6846051810E-01    3.0515817267E+03    6.0828076599E-02
    3.7599990004E-02    1.1534882221E+00   -3.6369091011E-01    3.0545458552E+03    6.0255711554E-02
    3.7639990004E-02    1.0616795831E+00    9.0118105189E-02    3.0581730026E+03    6.0166162045E-02
    3.7679990004E-02    1.1115936930E+00   -1.4086451785E-01    3.0609820189E+03    5.5938209819E-02
    3.7719990004E-02    9.6315870928E-01    4.2492431872E-01    3.0646362689E+03    5.3853059812E-02
    3.7759990004E-02    1.0429431040E+00   -4.1133064464E-01    3.0675322504E+03    5.4853958275E-02
    3.7799990004E-02    1.1135634519E+00    9.2698653615E-02    3.0711624985E+03    5.3149792213E-02
    3.7839990004E-02    1.0605668431E+00   -1.4828993700E-01    3.0739655787E+03    4.9643802203E-02
    3.7879990004E-02    1.0886291266E+00    4.0531399185E-01    3.0776458631E+03    4.9194444131E-02
    3.7919990004E-02    9.2143978126E-01   -3.8711558309E-01    3.0805619706E+03    5.0520869730E-02
    3.7959990004E-02    1.1465402705E+00    8.7521310894E-02    3.0841365544E+03    5.0446247577E-02
    3.7999990004E-02    9.9509178025E-01   -1.2447542614E-01    3.0869826759E+03    4.8551572223E-02
    3.8039990004E-02    1.1886304904E+00    3.1177042786E-01    3.0906117676E+03    4.7270598984E-02
    3.8079990004E-02    8.2169594689E-01   -2.9870394158E-01    3.0936348115E+03    4.9256455963E-02
    3.8119990004E-02    1.1695952822E+00    7.6243038925E-02    3.0970917023E+03    5.3293801788E-02
    3.8159990004E-02    9.1571536895E-01   -6.2789088547E-02    3.1000258638E+03    5.2481148042E-02
    3.8199990004E-02    1.2466375619E+00    1.6242616592E-01    3.1035403148E+03    4.8217192153E-02
    3.8239990004E-02    7.7316108194E-01   -1.6941137147E-01    3.1067356204E+03    5.2117783794E-02
    3.8279990004E-02    1.1841444289E+00    6.4855966679E-02    3.1100279037E+03    5.9927787398E-02
    3.8319990004E-02    8.4192165983E-01    4.3028509096E-02    3.1130894455E+03    5.9687612097E-02
    3.8359990004E-02    1.2651516921E+00   -2.0460018083E-02    3.1164441669E+03    5.2855056298E-02
    3.8399990004E-02    7.9534593125E-01   -3.4124415525E-02    3.1198326195E+03    5.8862473027E-02
    3.8439990004E-02    1.1851187964E+00    3.9467224075E-02    3.1229454519E+03    6.8428527839E-02
    3.8479990004E-02    8.0156821167E-01    1.7827353750E-01    3.1261707799E+03    6.7063895568E-02
    3.8519990004E-02    1.2505159736E+00   -1.9671376350E-01    3.1293528545E+03    6.1051916086E-02
    3.8559990004E-02    8.8463755941E-01    6.5907728540E-02    3.1328944979E+03    6.6424140662E-02
    3.8599990004E-02    1.1717348230E+00   -1.9844281386E-02    3.1358461185E+03    7.3017968511E-02
    3.8639990004E-02    8.1868142017E-01    3.1309010851E-01    3.1392624754E+03    6.9891771441E-02
    3.8679990004E-02    1.1977915754E+00   -3.2985739616E-01    3.1422902901E+03    6.6678341325E-02
    3.8719990004E-02    1.0045113385E+00    9.6150422526E-02    3.1459118468E+03    6.9409951364E-02
    3.8759990004E-02    1.1393643862E+00   -9.5202547412E-02    3.1487523384E+03    6.9154147119E-02
    3.8799990004E-02    8.9946476700E-01    4.1006287440E-01    3.1523394869E+03    6.5949400201E-02
    3.8839990004E-02    1.1064357695E+00   -4.0582110250E-01    3.1552617282E+03    6.5814440155E-02
    3.8879990004E-02    1.0914367239E+00    8.0343089025E-02    3.1588964399E+03    6.5125283357E-02
    3.8919990004E-02    1.0878923426E+00   -1.4589281902E-01    3.1616961621E+03    6.0299063969E-02
    3.8959990004E-02    1.0186814700E+00    4.3788980764E-01    3.1653766104E+03    5.8390627062E-02
    3.8999990004E-02    9.9058048276E-01   -4.1449561701E-01    3.1682707735E+03    6.0053504233E-02
    3.9039990004E-02    1.1376658224E+00    6.4699770257E-02    3.1718659770E+03    5.7897011750E-02
    3.9079990004E-02    1.0216453258E+00   -1.5320070366E-01    3.1746868782E+03    5.2397904395E-02
    3.9119990004E-02    1.1354487751E+00    3.8442332515E-01    3.1783683297E+03    5.1143804333E-02
    3.9159990004E-02    8.7986250707E-01   -3.5412890615E-01    3.1813210810E+03    5.3562070154E-02
    3.9199990004E-02    1.1639809739E+00    5.1223932242E-02    3.1848261106E+03    5.3228757379E-02
    3.9239990004E-02    9.4322249321E-01   -1.1515342434E-01    3.1877176673E+03    4.8625422974E-02
    3.9279990004E-02    1.2177231854E+00    2.6152582309E-01    3.1913184786E+03    4.6197446150E-02
    3.9319990004E-02    8.0440906087E-01   -2.4074895088E-01    3.1944081427E+03    4.9488037132E-02
    3.9359990004E-02    1.1808392828E+00    4.0568784098E-02    3.1977747468E+03    5.3196614105E-02
    3.9399990004E-02    8.6533483874E-01   -2.8793904166E-02    3.2007786132E+03    4.9740049170E-02
    3.9439990004E-02    1.2567405976E+00    8.9469536780E-02    3.2042346662E+03    4.4668654446E-02
    3.9479990004E-02    7.8572151195E-01   -1.0209372623E-01    3.2075120239E+03    4.9524772450E-02
    3.9519990004E-02    1.1886655083E+00    3.7484648511E-02    3.2107138808E+03    5.6614503355E-02
    3.9559990004E-02    8.1518775744E-01    9.7569790561E-02    3.2138608932E+03    5.5029849820E-02
    3.9599990004E-02    1.2591100061E+00   -1.0332950089E-01    3.2171349719E+03    4.8891393635E-02
    3.9639990004E-02    8.2981841045E-01    2.6627185861E-02    3.2206034616E+03    5.4015125339E-02
    3.9679990004E-02    1.1837189200E+00    2.2694560369E-02    3.2236437256E+03    6.2869636922E-02
    3.9719990004E-02    8.1282720055E-01    2.3819585489E-01    3.2269534896E+03    6.2647625416E-02
    3.9759990004E-02    1.2257854700E+00   -2.7301485517E-01    3.2300526929E+03    5.7809069678E-02
    3.9799990004E-02    9.2249717567E-01    1.0906346236E-01    3.2336589055E+03    6.1613285045E-02
    3.9839990004E-02    1.1671644655E+00   -1.8860034503E-02    3.2365647620E+03    6.9021433200E-02
    3.9879990004E-02    8.6540809626E-01    3.6135150029E-01    3.2400402802E+03    6.8949837978E-02
    3.9919990004E-02    1.1520141889E+00   -3.8866131220E-01    3.2430051368E+03    6.6224409161E-02
    3.9959990004E-02    1.0306181356E+00    1.1912356458E-01    3.2466675164E+03    6.8339805639E-02
    3.9999990004E-02    1.1294891484E+00   -8.2669765538E-02    3.2494862502E+03    7.0419592423E-02
    4.0039990004E-02    9.6340376453E-01    4.3436942195E-01    3.2531009852E+03    6.9343409511E-02
    4.0079990004E-02    1.0464702209E+00   -4.3343090530E-01    3.2559984498E+03    6.9297151460E-02
    4.0119990004E-02    1.1114696506E+00    7.8273825006E-02    3.2596331901E+03    6.8953780099E-02
    4.0159990004E-02    1.0638389409E+00   -1.3765944435E-01    3.2624351341E+03    6.4978691481E-02
    4.0199990004E-02    1.0803185321E+00    4.3102395216E-01    3.2661199010E+03    6.3198298446E-02
    4.0239990004E-02    9.3334279907E-01   -4.0252587952E-01    3.2690321777E+03    6.5314136716E-02
    4.0279990004E-02    1.1546638808E+00    3.9107703078E-02    3.2725802055E+03    6.3556113733E-02
    4.0319990004E-02    9.7822269690E-01   -1.4281854530E-01    3.2754327831E+03    5.6686467677E-02
    4.0359990004E-02    1.1804367679E+00    3.4670069866E-01    3.2790941362E+03    5.4424964116E-02
    4.0399990004E-02    8.4345230059E-01   -3.0891007184E-01    3.2821026083E+03    5.7930789283E-02
    4.0439990004E-02    1.1761576354E+00    1.3447076661E-02    3.2855235406E+03    5.7564985491E-02
    4.0479990004E-02    8.8859485404E-01   -8.6670283859E-02    3.2884759045E+03    5.0530915176E-02
    4.0519990004E-02    1.2411329940E+00    1.9891276460E-01    3.2920294862E+03    4.6875091638E-02
    4.0559990004E-02    8.0042938254E-01   -1.7683842954E-01    3.2951981257E+03    5.1562204636E-02
    4.0599990004E-02    1.1875251037E+00    1.7283408233E-03    3.2984645986E+03    5.4451576227E-02
    4.0639990004E-02    8.2080977096E-01    2.2642339061E-02    3.3015535772E+03    4.8723371840E-02
    4.0679990004E-02    1.2607999484E+00    1.0673920283E-02    3.3049360544E+03    4.3341898753E-02
    4.0719990004E-02    8.1446801756E-01   -3.7282943951E-02    3.3082974957E+03    4.8758340664E-02
    4.0759990004E-02    1.1883167247E+00    1.4698383617E-03    3.3114052224E+03    5.4435428551E-02
    4.0799990004E-02    7.9999894474E-01    1.6094219292E-01    3.3146515344E+03    5.1420207501E-02
    4.0839990004E-02    1.2453809543E+00   -1.8010129072E-01    3.3178408277E+03    4.6531076659E-02
    4.0879990004E-02    8.7820139748E-01    7.6819538410E-02    3.3213787007E+03    5.0436748894E-02
    4.0919990004E-02    1.1779531658E+00   -9.2292878990E-03    3.3243458150E+03    5.7582980424E-02
    4.0959990004E-02    8.3607273750E-01    2.9580488184E-01    3.3277488769E+03    5.7724876125E-02
    4.0999990004E-02    1.1896426722E+00   -3.3365305766E-01    3.3307729098E+03    5.4047097600E-02
    4.1039990004E-02    9.6785859454E-01    1.3914677109E-01    3.3344263653E+03    5.6461046978E-02
    4.1079990004E-02    1.1578084241E+00   -3.5010860433E-02    3.3372882393E+03    6.3493241342E-02
    4.1119990004E-02    9.2120075790E-01    3.9562144243E-01    3.3408240306E+03    6.5176188675E-02
    4.1159990004E-02    1.0933072525E+00   -4.2573893851E-01    3.3437435384E+03    6.2899220834E-02
    4.1199990004E-02    1.0561131527E+00    1.3903830144E-01    3.3474293666E+03    6.4725990715E-02
    4.1239990004E-02    1.1169188424E+00   -7.5008734346E-02    3.3502340886E+03    6.8933827185E-02
    4.1279990004E-02    1.0332972792E+00    4.3465432483E-01    3.3538637794E+03    6.9382422090E-02
    4.1319990004E-02    9.7657750341E-01   -4.3765971018E-01    3.3567591211E+03    6.9245339546E-02
    4.1359990004E-02    1.1248982423E+00    8.6659773072E-02    3.3603834001E+03    7.0266302408E-02
    4.1399990004E-02    1.0393758246E+00   -1.1869972543E-01    3.3631977833E+03    6.8495034829E-02
    4.1439990004E-02    1.1416194111E+00    3.9752758257E-01    3.3668632997E+03    6.6553382785E-02
    4.1479990004E-02    8.7469741060E-01   -3.7119935981E-01    3.3698178642E+03    6.9071844481E-02
    4.1519990004E-02    1.1649271761E+00    2.3160217861E-02    3.3733087872E+03    6.9030542091E-02
    4.1559990004E-02    9.3263664140E-01   -1.1457645868E-01    3.3762045926E+03    6.1837750240E-02
    4.1599990004E-02    1.2199340665E+00    2.8724090639E-01    3.3798214747E+03    5.8226019664E-02
    4.1639990004E-02    8.1595871798E-01   -2.5114045019E-01    3.3829055169E+03    6.2873862210E-02
    4.1679990004E-02    1.1828341355E+00   -1.9420883174E-02    3.3862326698E+03    6.2951502445E-02
    4.1719990004E-02    8.3719593733E-01   -3.7227285560E-02    3.3892593925E+03    5.4153799912E-02
    4.1759990004E-02    1.2574387710E+00    1.2027226426E-01    3.3927440630E+03    4.9172230020E-02
    4.1799990004E-02    8.1239257825E-01   -1.0994465388E-01    3.3960018978E+03    5.5205164042E-02
    4.1839990004E-02    1.1888009544E+00   -3.5448404938E-02    3.3991649441E+03    5.6771588985E-02
    4.1879990004E-02    7.8792557666E-01    8.9790606865E-02    3.4023520683E+03    4.9547577588E-02
    4.1919990004E-02    1.2581462930E+00   -7.3802146947E-02    3.4056469214E+03    4.4569325018E-02
    4.1959990004E-02    8.5882233420E-01    1.9858757202E-02    3.4090897461E+03    4.9813191915E-02
    4.1999990004E-02    1.1820579079E+00   -3.8289722469E-02    3.4121063939E+03    5.3302797599E-02
    4.2039990004E-02    8.0125876970E-01    2.3012945480E-01    3.4154599841E+03    4.9396697635E-02
    4.2079990004E-02    1.2222058259E+00   -2.5030014765E-01    3.4185636819E+03    4.5970870959E-02
    4.2119990004E-02    9.3616119253E-01    1.1083086326E-01    3.4221569578E+03    4.8577062453E-02
    4.2159990004E-02    1.1657208444E+00   -4.8755123795E-02    3.4250571942E+03    5.3248737800E-02
    4.2199990004E-02    8.7328095919E-01    3.4761544186E-01    3.4285535141E+03    5.3418849232E-02
    4.2239990004E-02    1.1423989623E+00   -3.7852524002E-01    3.4315145043E+03    5.0919345889E-02
    4.2279990004E-02    1.0163086749E+00    1.5241829554E-01    3.4351942795E+03    5.2223507773E-02
    4.2319990004E-02    1.1400329420E+00   -6.2853312260E-02    3.4380197984E+03    5.7786557757E-02
    4.2359990004E-02    9.8327844324E-01    4.1293888341E-01    3.4416112049E+03    5.9943983079E-02
    4.2399990004E-02    1.0261024837E+00   -4.3739275838E-01    3.4445075934E+03    5.8209291631E-02
    4.2439990004E-02    1.0844697901E+00    1.4726153019E-01    3.4481915870E+03    6.0071330460E-02
    4.2479990004E-02    1.0947685236E+00   -7.9128282474E-02    3.4509923784E+03    6.5016809645E-02
    4.2519990004E-02    1.1007994734E+00    4.0841122017E-01    3.4546273306E+03    6.5831206250E-02
    4.2559990004E-02    9.0485913684E-01   -4.1338658345E-01    3.4575473532E+03    6.5852838150E-02
    4.2599990004E-02    1.1375427625E+00    9.7517240439E-02    3.4611416181E+03    6.8987064306E-02
    4.2639990004E-02    1.0088619830E+00   -9.6281824852E-02    3.4639804151E+03    6.9457449867E-02
    4.2679990004E-02    1.1947775655E+00    3.3441268340E-01    3.4676051795E+03    6.6844497706E-02
    4.2719990004E-02    8.2083727100E-01   -3.1763990488E-01    3.4706290004E+03    6.9947126308E-02
    4.2759990004E-02    1.1710472897E+00    2.1732295596E-02    3.4740531140E+03    7.3070265385E-02
    4.2799990004E-02    8.8789957307E-01   -6.8074618489E-02    3.4770020392E+03    6.6611009917E-02
    4.2839990004E-02    1.2495982108E+00    2.0121620210E-01    3.4805483862E+03    6.1287383747E-02
    4.2879990004E-02    8.0134027175E-01   -1.8174160425E-01    3.4837273870E+03    6.7242107251E-02
    4.2919990004E-02    1.1849917406E+00   -3.8874251837E-02    3.4869582371E+03    6.8618646649E-02
    4.2959990004E-02    7.9623362898E-01    3.2026404022E-02    3.4900695672E+03    5.9039688268E-02
    4.2999990005E-02    1.2652018315E+00    2.3134871210E-02    3.4934622289E+03    5.3015014915E-02
    4.3039990005E-02    8.4137795163E-01   -4.4442785747E-02    3.4968161214E+03    5.9866060725E-02
    4.3079990005E-02    1.1841563061E+00   -6.5150741066E-02    3.4998804757E+03    6.0072242161E-02
    4.3119990005E-02    7.7287637189E-01    1.6911454293E-01    3.5031738889E+03    5.2211221242E-02
    4.3159990005E-02    1.2466693811E+00   -1.6239364146E-01    3.5063710667E+03    4.8313882534E-02
    4.3199990005E-02    9.1642147250E-01    6.2854647720E-02    3.5098869536E+03    5.2583733940E-02
    4.3239990005E-02    1.1693005868E+00   -7.7149159458E-02    3.5128220202E+03    5.3313669514E-02
    4.3279990005E-02    8.2232769077E-01    3.0023458996E-01    3.5162827755E+03    4.9258751568E-02
    4.3319990005E-02    1.1874346317E+00   -3.1344730229E-01    3.5193056248E+03    4.7319575577E-02
    4.3359990005E-02    9.9714894188E-01    1.2467519264E-01    3.5229370829E+03    4.8557436824E-02
    4.3399990005E-02    1.1455363352E+00   -8.8990406926E-02    3.5257835253E+03    5.0349702765E-02
    4.3439990005E-02    9.2444713704E-01    3.8882324187E-01    3.5293631022E+03    5.0433986001E-02
    4.3479990005E-02    1.0849710298E+00   -4.0662234660E-01    3.5322792038E+03    4.9163113642E-02
    4.3519990005E-02    1.0632207354E+00    1.4781587720E-01    3.5359607128E+03    4.9584500502E-02
    4.3559990005E-02    1.1112926189E+00   -9.4243185308E-02    3.5387652162E+03    5.2995697587E-02
    4.3599990005E-02    1.0482890948E+00    4.1043140261E-01    3.5423991754E+03    5.4655312161E-02
    4.3639990005E-02    9.5704226909E-01   -4.2305647775E-01    3.5452984649E+03    5.3715918471E-02
    4.3679990005E-02    1.1142266395E+00    1.3955974312E-01    3.5489504797E+03    5.5880106224E-02
    4.3719990005E-02    1.0572092735E+00   -9.0661627568E-02    3.5517639229E+03    6.0020709319E-02
    4.3759990005E-02    1.1594956748E+00    3.5747241711E-01    3.5553908174E+03    5.9945679492E-02
    4.3799990005E-02    8.4172668464E-01   -3.6146580934E-01    3.5583645534E+03    6.0639258187E-02
    4.3839990005E-02    1.1524681007E+00    1.0093831003E-01    3.5619000299E+03    6.6027500833E-02
    4.3879990005E-02    9.6533296112E-01   -7.2044828740E-02    3.5647805270E+03    6.7518518573E-02
    4.3919990005E-02    1.2338147395E+00    2.4422363808E-01    3.5683457723E+03    6.3537504618E-02
    4.3959990005E-02    7.8158116005E-01   -2.4252821475E-01    3.5714648633E+03    6.7578477110E-02
    4.3999990005E-02    1.1770523506E+00    3.4372096005E-02    3.5748099689E+03    7.4299709965E-02
    4.4039990005E-02    8.4835178990E-01   -5.0513399578E-03    3.5778235840E+03    6.9471649331E-02
    4.4079990005E-02    1.2660388450E+00    8.7831715323E-02    3.5812737133E+03    6.2473914050E-02
    4.4119990005E-02    8.0336292902E-01   -1.0355068037E-01    3.5845646662E+03    6.9694450508E-02
    4.4159990005E-02    1.1842838222E+00   -3.7121454912E-02    3.5877038224E+03    7.3002940990E-02
    4.4199990005E-02    7.7378190744E-01    1.1660879452E-01    3.5909058128E+03    6.4275917879E-02
    4.4239990005E-02    1.2626132702E+00   -8.9761129533E-02    3.5941871125E+03    5.8270496321E-02
    4.4279990005E-02    8.8554959313E-01    1.4053510037E-02    3.5976381199E+03    6.4722192628E-02
    4.4319990005E-02    1.1737751397E+00   -8.3578105091E-02    3.6006154640E+03    6.4154870684E-02
    4.4359990005E-02    7.8211476148E-01    2.5447331448E-01    3.6040156856E+03    5.6523615849E-02
    4.4399990005E-02    1.2225445619E+00   -2.5129750849E-01    3.6071124888E+03    5.3976190008E-02
    4.4439990005E-02    9.8020450479E-01    8.5908639199E-02    3.6106879225E+03    5.6626855233E-02
    4.4479990005E-02    1.1499854166E+00   -1.1025916613E-01    3.6135572591E+03    5.4697725358E-02
    4.4519990005E-02    8.6473263391E-01    3.6452284023E-01    3.6171146869E+03    5.1100177086E-02
    4.4559990005E-02    1.1391043445E+00   -3.6677880570E-01    3.6200696172E+03    5.0578154231E-02
    4.4599990005E-02    1.0536790202E+00    1.1821077547E-01    3.6237178104E+03    5.0380436058E-02
    4.4639990005E-02    1.1161931429E+00   -1.2385349275E-01    3.6265300336E+03    4.9332899057E-02
    4.4679990005E-02    9.8720100848E-01    4.1396883264E-01    3.6301739011E+03    4.9206835070E-02
    4.4719990005E-02    1.0197501054E+00   -4.1500536604E-01    3.6330695014E+03    4.9159199904E-02
    4.4759990005E-02    1.1047382792E+00    1.2684468173E-01    3.6367250638E+03    4.8921684115E-02
    4.4799990005E-02    1.0697088482E+00   -1.2020890533E-01    3.6395306677E+03    4.9798891359E-02
    4.4839990005E-02    1.1117052093E+00    3.8598849811E-01    3.6431857837E+03    5.0358990812E-02
    4.4879990005E-02    8.9291652253E-01   -3.8461048609E-01    3.6461170426E+03    5.0577667391E-02
    4.4919990005E-02    1.1418353510E+00    1.1657672779E-01    3.6497052588E+03    5.3234139858E-02
    4.4959990005E-02    1.0025796650E+00   -9.5625311427E-02    3.6525547767E+03    5.5336674611E-02
    4.4999990005E-02    1.2057593015E+00    2.8614470980E-01    3.6561534892E+03    5.3606398874E-02
    4.5039990005E-02    7.9671561359E-01   -2.8737295414E-01    3.6592084442E+03    5.5467435645E-02
    4.5079990005E-02    1.1685534943E+00    9.1438106001E-02    3.6626542999E+03    6.2323657583E-02
    4.5119990005E-02    9.1002674791E-01   -3.6524785317E-02    3.6655994008E+03    6.3454196147E-02
    4.5159990005E-02    1.2565376480E+00    1.3461369443E-01    3.6690867245E+03    5.7795972952E-02
    4.5199990005E-02    7.6812512543E-01   -1.5233729011E-01    3.6723203586E+03    6.3012207195E-02
    4.5239990005E-02    1.1831649484E+00    4.8405321948E-02    3.6755721803E+03    7.1764215579E-02
    4.5279990005E-02    8.1851705373E-01    7.0492182357E-02    3.6786670980E+03    6.9275216963E-02
    4.5319990005E-02    1.2683926340E+00   -4.2456902156E-02    3.6820019924E+03    6.1775121862E-02
    4.5359990005E-02    8.2514287942E-01   -2.2086342408E-02    3.6854131701E+03    6.9037039226E-02
    4.5399990005E-02    1.1804235356E+00   -1.9941904401E-02    3.6884682446E+03    7.4921549451E-02
    4.5439990005E-02    7.7788980068E-01    2.0803262535E-01    3.6917638680E+03    6.8336491710E-02
    4.5479990005E-02    1.2455136912E+00   -2.0758090224E-01    3.6949259494E+03    6.3436937897E-02
    4.5519990005E-02    9.3806576772E-01    6.0914800249E-02    3.6984671500E+03    6.8341355994E-02
    4.5559990005E-02    1.1596590730E+00   -8.9339729389E-02    3.7013739506E+03    6.7910229993E-02
    4.5599990005E-02    8.2038084525E-01    3.3620116252E-01    3.7048705790E+03    6.1815241855E-02
    4.5639990005E-02    1.1811202913E+00   -3.3410317763E-01    3.7078750513E+03    6.0492840975E-02
    4.5679990005E-02    1.0389751624E+00    8.9213622614E-02    3.7114924201E+03    6.1357477330E-02
    4.5719990005E-02    1.1246392870E+00   -1.3310471243E-01    3.7143171359E+03    5.7494760581E-02
    4.5759990005E-02    9.2746111142E-01    4.1430903867E-01    3.7179497955E+03    5.4696832165E-02
    4.5799990005E-02    1.0764255507E+00   -4.0421332201E-01    3.7208593761E+03    5.5394859595E-02
    4.5839990005E-02    1.1003414375E+00    9.5823985641E-02    3.7244986663E+03    5.3889318658E-02
    4.5879990005E-02    1.0768101102E+00   -1.4765140225E-01    3.7273014072E+03    5.0335484707E-02
    4.5919990005E-02    1.0571175244E+00    4.1691142329E-01    3.7309831931E+03    4.9794851663E-02
    4.5959990005E-02    9.5143611701E-01   -4.0030875319E-01    3.7338881273E+03    5.0948931152E-02
    4.5999990005E-02    1.1384112395E+00    9.2693718274E-02    3.7374878551E+03    5.0323545016E-02
    4.6039990005E-02    1.0142705941E+00   -1.3174069200E-01    3.7403213167E+03    4.8376730026E-02
    4.6079990005E-02    1.1684810583E+00    3.3920709234E-01    3.7439698453E+03    4.7562616455E-02
    4.6119990005E-02    8.4059738875E-01   -3.2458197062E-01    3.7469633522E+03    4.9222479858E-02
    4.6159990005E-02    1.1645392843E+00    8.1240122668E-02    3.7504571373E+03    5.2394837708E-02
    4.6199990005E-02    9.3502707553E-01   -7.9340332013E-02    3.7533698878E+03    5.1648086936E-02
    4.6239990005E-02    1.2379524756E+00    1.9808044285E-01    3.7569153440E+03    4.8103655355E-02
    4.6279990005E-02    7.7707424645E-01   -1.9883097229E-01    3.7600732331E+03    5.1463793963E-02
    4.6319990005E-02    1.1819564845E+00    6.8671952365E-02    3.7634056470E+03    5.8747352075E-02
    4.6359990005E-02    8.5503648346E-01    1.9429946906E-02    3.7664409012E+03    5.8578110796E-02
    4.6399990005E-02    1.2643771278E+00    1.5574976336E-02    3.7698311138E+03    5.1973609112E-02
    4.6439990005E-02    7.8543158136E-01   -5.8283784399E-02    3.7731866688E+03    5.7794280781E-02
    4.6479990005E-02    1.1858683119E+00    4.6324559772E-02    3.7763348095E+03    6.7356310945E-02
    4.6519990005E-02    8.0476277412E-01    1.5405317488E-01    3.7795314210E+03    6.6252020666E-02
    4.6559990005E-02    1.2555575274E+00   -1.6931221642E-01    3.7827450411E+03    5.9889116485E-02
    4.6599990005E-02    8.6687992467E-01    5.3455156082E-02    3.7862680551E+03    6.5562725600E-02
    4.6639990005E-02    1.1748276535E+00   -9.2714505282E-03    3.7892454879E+03    7.2914749689E-02
    4.6679990005E-02    8.1163333850E-01    2.9452993059E-01    3.7926355469E+03    6.9947647313E-02
    4.6719990005E-02    1.2078922984E+00   -3.1399156299E-01    3.7956864073E+03    6.6284623389E-02
    4.6759990005E-02    9.8885127359E-01    9.6020228430E-02    3.7993031196E+03    6.9484923424E-02
    4.6799990005E-02    1.1447758678E+00   -8.5866696837E-02    3.8021577178E+03    7.0144079989E-02
    4.6839990005E-02    8.8660044733E-01    4.0130764905E-01    3.8057289200E+03    6.6823675198E-02
    4.6879990005E-02    1.1189728491E+00   -4.0034747098E-01    3.8086629562E+03    6.6352873386E-02
    4.6919990005E-02    1.0839347234E+00    8.2533784552E-02    3.8123014114E+03    6.6043556995E-02
    4.6959990005E-02    1.0942092720E+00   -1.4204557101E-01    3.8151054244E+03    6.1510416228E-02
    4.6999990005E-02    1.0061367280E+00    4.3908508761E-01    3.8187827316E+03    5.9453182533E-02
    4.7039990005E-02    1.0018352322E+00   -4.1710113502E-01    3.8216785607E+03    6.1010965239E-02
    4.7079990005E-02    1.1347958363E+00    6.5050616133E-02    3.8252813850E+03    5.8851656369E-02
    4.7119990005E-02    1.0272125006E+00   -1.5448620245E-01    3.8281016569E+03    5.3238868011E-02
    4.7159990005E-02    1.1274094968E+00    3.9194522464E-01    3.8317889270E+03    5.1942441177E-02
    4.7199990005E-02    8.8713414334E-01   -3.6058579758E-01    3.8347371625E+03    5.4349437911E-02
    4.7239990005E-02    1.1629733677E+00    5.0132961246E-02    3.8382510716E+03    5.3703682528E-02
    4.7279990005E-02    9.4686257224E-01   -1.1934393853E-01    3.8411407399E+03    4.8838451935E-02
    4.7319990005E-02    1.2143778929E+00    2.7043863981E-01    3.8447511632E+03    4.6508841413E-02
    4.7359990005E-02    8.0770720806E-01   -2.4684897330E-01    3.8478347912E+03    4.9792642504E-02
    4.7399990005E-02    1.1805325361E+00    3.7935037400E-02    3.8512090312E+03    5.3130486386E-02
    4.7439990005E-02    8.6614674200E-01   -3.3190076143E-02    3.8542125351E+03    4.9347523667E-02
    4.7479990005E-02    1.2560163075E+00    9.6025008959E-02    3.8576773037E+03    4.4402690192E-02
    4.7519990005E-02    7.8690597790E-01   -1.0516205972E-01    3.8609510672E+03    4.9233832890E-02
    4.7559990005E-02    1.1888433118E+00    3.4055195561E-02    3.8641573874E+03    5.5993438535E-02
    4.7599990005E-02    8.1441115114E-01    9.5596530750E-02    3.8673076480E+03    5.4133926253E-02
    4.7639990005E-02    1.2588343292E+00   -1.0148752512E-01    3.8705858862E+03    4.8091223477E-02
    4.7679990005E-02    8.3096984669E-01    2.7203030315E-02    3.8740556004E+03    5.3145642209E-02
    4.7719990005E-02    1.1838113282E+00    2.0607265414E-02    3.8770976754E+03    6.1810197046E-02
    4.7759990005E-02    8.1374567493E-01    2.3940256393E-01    3.8804136707E+03    6.1593687594E-02
    4.7799990005E-02    1.2240052115E+00   -2.7570875286E-01    3.8835121387E+03    5.6845205585E-02
    4.7839990005E-02    9.2413326629E-01    1.1223861854E-01    3.8871238919E+03    6.0502997489E-02
    4.7879990005E-02    1.1671324104E+00   -1.8385469834E-02    3.8900306442E+03    6.8038911119E-02
    4.7919990005E-02    8.7059823081E-01    3.6406931301E-01    3.8935122696E+03    6.8335101229E-02
    4.7959990005E-02    1.1465054833E+00   -3.9355469846E-01    3.8964747343E+03    6.5607870295E-02
    4.7999990005E-02    1.0318847894E+00    1.2353397793E-01    3.9001441161E+03    6.7713735376E-02
    4.8039990005E-02    1.1289767949E+00   -7.9260680175E-02    3.9029644155E+03    7.0359560009E-02
    4.8079990005E-02    9.7292735972E-01    4.3552771260E-01    3.9065824238E+03    6.9629808381E-02
    4.8119990005E-02    1.0365995486E+00   -4.3607775477E-01    3.9094807715E+03    6.9521540560E-02
    4.8159990005E-02    1.1133268203E+00    8.0014912940E-02    3.9131180323E+03    6.9396575606E-02
    4.8199990005E-02    1.0602376393E+00   -1.3427979413E-01    3.9159242655E+03    6.5831833486E-02
    4.8239990005E-02    1.0916242263E+00    4.2711114239E-01    3.9196090863E+03    6.4057126627E-02
    4.8279990005E-02    9.2206701181E-01   -3.9828627031E-01    3.9225298698E+03    6.6230462236E-02
    4.8319990005E-02    1.1571703721E+00    3.5080815987E-02    3.9260700396E+03    6.4715826011E-02
    4.8359990005E-02    9.6857366823E-01   -1.3826598070E-01    3.9289337280E+03    5.7703254901E-02
    4.8399990005E-02    1.1899510260E+00    3.3519103149E-01    3.9325894727E+03    5.5180014389E-02
    4.8439990005E-02    8.3592330743E-01   -2.9626248023E-01    3.9356162208E+03    5.8921838097E-02
    4.8479990005E-02    1.1782552958E+00    5.3479026410E-03    3.9390181865E+03    5.8651494072E-02
    4.8519990005E-02    8.7501249044E-01   -7.5639129770E-02    3.9419909528E+03    5.1176515865E-02
    4.8559990005E-02    1.2462970500E+00    1.7864960726E-01    3.9455300072E+03    4.7175032129E-02
    4.8599990005E-02    8.0158184316E-01   -1.5788643927E-01    3.9487251752E+03    5.2211439017E-02
    4.8639990005E-02    1.1884987606E+00   -7.8244858339E-03    3.9519656079E+03    5.4882730924E-02
    4.8679990005E-02    8.1006536434E-01    4.1934188746E-02    3.9550848434E+03    4.8773615691E-02
    4.8719990005E-02    1.2607272560E+00   -1.6605643222E-02    3.9584427650E+03    4.3414830693E-02
    4.8759990005E-02    8.2626102339E-01   -1.7066730044E-02    3.9618341409E+03    4.8834276839E-02
    4.8799990005E-02    1.1869483488E+00   -9.1080318441E-03    3.9649148202E+03    5.4090546143E-02
    4.8839990005E-02    7.9928497694E-01    1.8514473499E-01    3.9681986033E+03    5.0880006062E-02
    4.8879990005E-02    1.2382015899E+00   -2.0765834298E-01    3.9713590230E+03    4.6445890517E-02
    4.8919990005E-02    8.9773925589E-01    9.2074511893E-02    3.9749223502E+03    4.9905075271E-02
    4.8959990005E-02    1.1743375985E+00   -2.1217590570E-02    3.9778667015E+03    5.6427097760E-02
    4.8999990006E-02    8.4937987699E-01    3.1788166676E-01    3.9813072026E+03    5.6730889663E-02
    4.9039990006E-02    1.1718975876E+00   -3.5517786245E-01    3.9843066144E+03    5.3464367239E-02
    4.9079990006E-02    9.8762743482E-01    1.4641881324E-01    3.9879761647E+03    5.5481608483E-02
    4.9119990006E-02    1.1514271918E+00   -4.4581930561E-02    3.9908242913E+03    6.2096607708E-02
    4.9159990006E-02    9.4727027373E-01    4.0689606328E-01    3.9943871012E+03    6.4045506946E-02
    4.9199990006E-02    1.0645112813E+00   -4.3500610046E-01    3.9972959786E+03    6.2032477493E-02
    4.9239990006E-02    1.0702554396E+00    1.4090479211E-01    4.0009844681E+03    6.3830584811E-02
    4.9279990006E-02    1.1064714731E+00   -7.8082465053E-02    4.0037884336E+03    6.8158409002E-02
    4.9319990006E-02    1.0653099970E+00    4.2769485394E-01    4.0074271636E+03    6.8669613745E-02
    4.9359990006E-02    9.4289318941E-01   -4.2903525722E-01    4.0103331817E+03    6.8742051605E-02
    4.9399990006E-02    1.1332853175E+00    8.4855252237E-02    4.0139424742E+03    7.0384962513E-02
    4.9439990006E-02    1.0206690884E+00   -1.1283239712E-01    4.0167719033E+03    6.8878563227E-02
    4.9479990006E-02    1.1696117591E+00    3.7050806820E-01    4.0204256880E+03    6.6544114555E-02
    4.9519990006E-02    8.4779747561E-01   -3.4433436878E-01    4.0234147888E+03    6.9480456369E-02
    4.9559990006E-02    1.1697847819E+00    1.4927684010E-02    4.0268691801E+03    7.0343207109E-02
    4.9599990006E-02    9.0468711955E-01   -9.4082722732E-02    4.0297983366E+03    6.2916212352E-02
    4.9639990006E-02    1.2371826466E+00    2.4279533155E-01    4.0333834440E+03    5.8537932911E-02
    4.9679990006E-02    8.0736800842E-01   -2.1132899674E-01    4.0365204323E+03    6.3840351076E-02
    4.9719990006E-02    1.1850234323E+00   -3.2151125436E-02    4.0397950426E+03    6.4364396361E-02
    4.9759990006E-02    8.1210910896E-01    7.4986644819E-04    4.0428738930E+03    5.5149937034E-02
    4.9799990006E-02    1.2625101658E+00    6.2290540476E-02    4.0463070957E+03    4.9636843145E-02
    4.9839990006E-02    8.2663079007E-01   -6.7517901025E-02    4.0496259480E+03    5.6092116412E-02
    4.9879990006E-02    1.1871906717E+00   -4.9097211913E-02    4.0527332508E+03    5.7221753960E-02
    4.9919990006E-02    7.7911835396E-01    1.3857497087E-01    4.0559866492E+03    5.0036059979E-02
    4.9959990006E-02    1.2512619180E+00   -1.3345779038E-01    4.0592196062E+03    4.5691075850E-02
    4.9999990006E-02    8.9123721898E-01    5.2852223668E-02    4.0627166824E+03    5.0243626936E-02
    5.0039990006E-02    1.1753287393E+00   -5.6186144379E-02    4.0656844005E+03    5.2767114026E-02
    5.0079990006E-02    8.1646060038E-01    2.7737573340E-01    4.0691072146E+03    4.9291524601E-02
    5.0119990006E-02    1.1988843974E+00   -2.9803885211E-01    4.0721557870E+03    4.6675446622E-02
    5.0159990006E-02    9.7407485268E-01    1.2673606156E-01    4.0757843745E+03    4.8410421183E-02
    5.0199990006E-02    1.1544027815E+00   -6.8394377961E-02    4.0786503639E+03    5.2026621858E-02
    5.0239990006E-02    9.1061290914E-01    3.7881855879E-01    4.0822026827E+03    5.2638664338E-02
    5.0279990006E-02    1.1006384051E+00   -4.0473496095E-01    4.0851312032E+03    5.0760895599E-02
    5.0319990006E-02    1.0482125253E+00    1.5388703161E-01    4.0888210569E+03    5.1681278665E-02
    5.0359990006E-02    1.1223137641E+00   -7.8565973703E-02    4.0916325300E+03    5.6457981586E-02
    5.0399990006E-02    1.0328919456E+00    4.1517181754E-01    4.0952547814E+03    5.8461431456E-02
    5.0439990006E-02    9.7265835759E-01   -4.3246397724E-01    4.0981531972E+03    5.7210457414E-02
    5.0479990006E-02    1.1072339248E+00    1.4053064955E-01    4.1018176759E+03    5.9528957675E-02
    5.0519990006E-02    1.0671629360E+00   -8.5692551110E-02    4.1046289231E+03    6.3978462939E-02
    5.0559990006E-02    1.1478139395E+00    3.7499515349E-01    4.1082621928E+03    6.3935668625E-02
    5.0599990006E-02    8.5521038882E-01   -3.7639352799E-01    4.1112239797E+03    6.4694173487E-02
    5.0639990006E-02    1.1511205199E+00    8.8611296394E-02    4.1147681845E+03    6.9311572171E-02
    5.0679990006E-02    9.6758600589E-01   -8.1730846101E-02    4.1176448126E+03    6.9293727143E-02
    5.0719990006E-02    1.2273974145E+00    2.6925491810E-01    4.1212316172E+03    6.5389976594E-02
    5.0759990006E-02    7.9297222835E-01   -2.5722186822E-01    4.1243314821E+03    6.9564366840E-02
    5.0799990006E-02    1.1774128006E+00    1.2019420640E-02    4.1276807888E+03    7.4293735306E-02
    5.0839990006E-02    8.4527666458E-01   -2.0222609660E-02    4.1306947941E+03    6.7391086701E-02
    5.0879990006E-02    1.2635927176E+00    1.1217598614E-01    4.1341696865E+03    6.0852572773E-02
    5.0919990006E-02    8.0891238708E-01   -1.1405663747E-01    4.1374412692E+03    6.7881901044E-02
    5.0959990006E-02    1.1851328932E+00   -5.0393955574E-02    4.1405889512E+03    6.9494515613E-02
    5.0999990006E-02    7.7327413786E-01    1.0334133439E-01    4.1437897975E+03    6.0143447627E-02
    5.1039990006E-02    1.2621737183E+00   -7.4229905195E-02    4.1470875951E+03    5.4492159422E-02
    5.1079990006E-02    8.8119179396E-01    1.1217413223E-02    4.1505293722E+03    6.0777847050E-02
    5.1119990006E-02    1.1759121546E+00   -8.1359255895E-02    4.1535186949E+03    6.0246814186E-02
    5.1159990006E-02    7.8391937974E-01    2.4499007541E-01    4.1569125534E+03    5.3097266639E-02
    5.1199990006E-02    1.2229818334E+00   -2.4557039865E-01    4.1600170731E+03    5.0538343797E-02
    5.1239990006E-02    9.7068876910E-01    9.1930885799E-02    4.1635955505E+03    5.3152349095E-02
    5.1279990006E-02    1.1535198239E+00   -1.0015321764E-01    4.1664741689E+03    5.2457061537E-02
    5.1319990006E-02    8.6734155477E-01    3.5903022676E-01    4.1700229033E+03    4.9631890614E-02
    5.1359990006E-02    1.1383917826E+00   -3.6781663175E-01    4.1729808818E+03    4.8739721117E-02
    5.1399990006E-02    1.0456440860E+00    1.2899932453E-01    4.1766394758E+03    4.8817261416E-02
    5.1439990006E-02    1.1212536259E+00   -1.1148523202E-01    4.1794565850E+03    4.9367599725E-02
    5.1479990006E-02    9.9068765277E-01    4.1138532376E-01    4.1830918802E+03    4.9898602637E-02
    5.1519990006E-02    1.0159013014E+00   -4.1898818429E-01    4.1859896911E+03    4.9363379102E-02
    5.1559990006E-02    1.1002580247E+00    1.3688615662E-01    4.1896563089E+03    4.9725622723E-02
    5.1599990006E-02    1.0751694608E+00   -1.0862786573E-01    4.1924637554E+03    5.2091202424E-02
    5.1639990006E-02    1.1159967173E+00    3.8427022690E-01    4.1961120176E+03    5.2890749233E-02
    5.1679990006E-02    8.8649818470E-01   -3.8726888796E-01    4.1990480499E+03    5.2849791125E-02
    5.1719990006E-02    1.1405075841E+00    1.2112677195E-01    4.2026407275E+03    5.6282086444E-02
    5.1759990006E-02    1.0042076157E+00   -8.7872888546E-02    4.2054925443E+03    5.9197905978E-02
    5.1799990006E-02    1.2098082994E+00    2.8385018421E-01    4.2090873456E+03    5.7185039877E-02
    5.1839990006E-02    7.9231569736E-01   -2.8585422329E-01    4.2121511297E+03    5.9305502887E-02
    5.1879990006E-02    1.1690373720E+00    8.4636054185E-02    4.2155885562E+03    6.6587242240E-02
    5.1919990006E-02    9.0158629000E-01   -3.1657001111E-02    4.2185426605E+03    6.6931137436E-02
    5.1959990006E-02    1.2590156922E+00    1.3147534959E-01    4.2220288872E+03    6.0854865449E-02
    5.1999990006E-02    7.7369355203E-01   -1.4701394638E-01    4.2252719641E+03    6.6687061578E-02
    5.2039990006E-02    1.1834555433E+00    2.5358582963E-02    4.2285026258E+03    7.4448302932E-02
    5.2079990006E-02    8.0466783142E-01    7.7973646059E-02    4.2316211304E+03    6.9700854077E-02
    5.2119990006E-02    1.2682170554E+00   -4.6883641799E-02    4.2349527347E+03    6.2331320749E-02
    5.2159990006E-02    8.4202909536E-01   -1.6685142673E-02    4.2383698597E+03    6.9680513663E-02
    5.2199990006E-02    1.1787186119E+00   -4.6683623760E-02    4.2414043066E+03    7.3040781165E-02
    5.2239990006E-02    7.7332758163E-01    2.1864313993E-01    4.2447330339E+03    6.5241706854E-02
    5.2279990006E-02    1.2409456409E+00   -2.1480073606E-01    4.2478841959E+03    6.1074728382E-02
    5.2319990006E-02    9.5389066878E-01    6.4747412804E-02    4.2514318574E+03    6.5378539768E-02
    5.2359990006E-02    1.1562240841E+00   -1.0293415269E-01    4.2543284182E+03    6.3528535427E-02
    5.2399990006E-02    8.3029823974E-01    3.4490667772E-01    4.2578503980E+03    5.7787757200E-02
    5.2439990006E-02    1.1698859067E+00   -3.4232175370E-01    4.2608423880E+03    5.6946213257E-02
    5.2479990006E-02    1.0456991593E+00    9.6213452333E-02    4.2644689361E+03    5.7280045796E-02
    5.2519990006E-02    1.1207765877E+00   -1.3459918098E-01    4.2672913874E+03    5.3803531587E-02
    5.2559990006E-02    9.4655196970E-01    4.1549197731E-01    4.2709345127E+03    5.1832991320E-02
    5.2599990006E-02    1.0579021007E+00   -4.0766176177E-01    4.2738400167E+03    5.2457639014E-02
    5.2639990006E-02    1.1030251854E+00    1.0528120829E-01    4.2774860256E+03    5.1140780520E-02
    5.2679990006E-02    1.0723232429E+00   -1.4127456544E-01    4.2802923775E+03    4.8831877588E-02
    5.2719990006E-02    1.0783040742E+00    4.0620622009E-01    4.2839700051E+03    4.8750189599E-02
    5.2759990006E-02    9.2911221575E-01   -3.9355099969E-01    4.2868855923E+03    4.9607898133E-02
    5.2799990006E-02    1.1406818948E+00    1.0059505830E-01    4.2904822914E+03    4.9991771451E-02
    5.2839990006E-02    1.0070769737E+00   -1.1980569403E-01    4.2933259639E+03    4.9402740788E-02
    5.2879990006E-02    1.1852216041E+00    3.1590336599E-01    4.2969574400E+03    4.8334788131E-02
    5.2919990006E-02    8.2119172338E-01   -3.0639508210E-01    4.2999791007E+03    4.9971862333E-02
    5.2959990006E-02    1.1670460380E+00    8.6338110568E-02    4.3034544887E+03    5.4607787162E-02
    5.2999990006E-02    9.2309133427E-01   -6.0517040500E-02    4.3063861148E+03    5.4831698449E-02
    5.3039990006E-02    1.2472162096E+00    1.6390119700E-01    4.3099040282E+03    5.0430577538E-02
    5.3079990006E-02    7.6975595545E-01   -1.7240490377E-01    4.3131035964E+03    5.4372284312E-02
    5.3119990006E-02    1.1832631406E+00    6.8416360710E-02    4.3164029178E+03    6.2725242633E-02
    5.3159990006E-02    8.4095588191E-01    4.7096507517E-02    4.3194684442E+03    6.2663462627E-02
    5.3199990006E-02    1.2663124471E+00   -2.4412541694E-02    4.3228244499E+03    5.5581728422E-02
    5.3239990006E-02    7.9846492245E-01   -3.2194573035E-02    4.3262218840E+03    6.1949532256E-02
    5.3279990006E-02    1.1840055378E+00    3.1410031636E-02    4.3293289126E+03    7.1298677802E-02
    5.3319990006E-02    7.9626665357E-01    1.8784642648E-01    4.3325726847E+03    6.8931019595E-02
    5.3359990006E-02    1.2492256804E+00   -2.0404491927E-01    4.3357512462E+03    6.3084172884E-02
    5.3399990006E-02    9.0018093880E-01    6.6359042609E-02    4.3392999942E+03    6.8484811367E-02
    5.3439990006E-02    1.1677605194E+00   -3.9418108726E-02    4.3422400298E+03    7.3324452535E-02
    5.3479990006E-02    8.2025534767E-01    3.2601326062E-01    4.3456890295E+03    6.9073810577E-02
    5.3519990006E-02    1.1900619306E+00   -3.3726369630E-01    4.3487086149E+03    6.6489950403E-02
    5.3559990006E-02    1.0227166984E+00    9.0733839050E-02    4.3523333240E+03    6.8592621518E-02
    5.3599990006E-02    1.1313665672E+00   -1.1273805782E-01    4.3551685943E+03    6.6475677650E-02
    5.3639990006E-02    9.1451143474E-01    4.1808870412E-01    4.3587846680E+03    6.3178290507E-02
    5.3679990006E-02    1.0892606491E+00   -4.0919594771E-01    4.3617022676E+03    6.3598839949E-02
    5.3719990006E-02    1.1017636490E+00    7.8277358195E-02    4.3653370529E+03    6.2288085404E-02
    5.3759990006E-02    1.0764795235E+00   -1.5220564402E-01    4.3681423689E+03    5.7092770392E-02
    5.3799990006E-02    1.0430349822E+00    4.3182794362E-01    4.3718343408E+03    5.5515107305E-02
    5.3839990006E-02    9.6591844729E-01   -4.0620542941E-01    4.3747383901E+03    5.7317532870E-02
    5.3879990006E-02    1.1436815157E+00    6.5587693915E-02    4.3783257218E+03    5.5379334076E-02
    5.3919990006E-02    1.0058929697E+00   -1.4743254680E-01    4.3811636055E+03    5.0370509662E-02
    5.3959990006E-02    1.1593344735E+00    3.5852489942E-01    4.3848350561E+03    4.9112916499E-02
    5.3999990006E-02    8.5558994092E-01   -3.2942860210E-01    4.3878202789E+03    5.1577467747E-02
    5.4039990006E-02    1.1685505641E+00    5.1501301205E-02    4.3913014838E+03    5.2424686017E-02
    5.4079990006E-02    9.2226391567E-01   -9.5173011387E-02    4.3942239272E+03    4.8463369581E-02
    5.4119990006E-02    1.2333080670E+00    2.1523067601E-01    4.3977922576E+03    4.5340824791E-02
    5.4159990006E-02    7.9113607641E-01   -2.0086517657E-01    4.4009383521E+03    4.8964097070E-02
    5.4199990006E-02    1.1843809093E+00    4.1753565265E-02    4.4042634940E+03    5.4012017648E-02
    5.4239990006E-02    8.4598356083E-01    8.8478775263E-03    4.4073138047E+03    5.1356312342E-02
    5.4279990006E-02    1.2613079478E+00    2.5361766959E-02    4.4107162264E+03    4.5549381576E-02
    5.4319990006E-02    7.9339015750E-01   -5.5382714272E-02    4.4140652447E+03    5.0794625296E-02
    5.4359990006E-02    1.1880999622E+00    3.5905418099E-02    4.4172152562E+03    5.8948010018E-02
    5.4399990006E-02    8.0822382291E-01    1.4895060693E-01    4.4204237762E+03    5.7888060469E-02
    5.4439990006E-02    1.2512554696E+00   -1.7198221185E-01    4.4236347497E+03    5.2087580624E-02
    5.4479990006E-02    8.6094767697E-01    6.5702520855E-02    4.4271682559E+03    5.6776872389E-02
    5.4519990006E-02    1.1789223447E+00    9.6509608281E-03    4.4301573311E+03    6.5493625883E-02
    5.4559990006E-02    8.2796903163E-01    2.9246971963E-01    4.4335397498E+03    6.5590212091E-02
    5.4599990006E-02    1.1995089638E+00   -3.2936446798E-01    4.4365815359E+03    6.1541632181E-02
    5.4639990006E-02    9.6909006689E-01    1.2330596381E-01    4.4402266968E+03    6.4711103229E-02
    5.4679990006E-02    1.1541695880E+00   -4.4015708956E-02    4.4430934758E+03    7.0364333687E-02
    5.4719990006E-02    9.0614013162E-01    4.0213265014E-01    4.4466403974E+03    6.9998456829E-02
    5.4759990006E-02    1.1053204149E+00   -4.1966462123E-01    4.4495694728E+03    6.8433932036E-02
    5.4799990006E-02    1.0726558914E+00    1.0484777278E-01    4.4532342404E+03    6.9549424499E-02
    5.4839990006E-02    1.1021484382E+00   -1.1023916069E-01    4.4560413826E+03    6.8855411736E-02
    5.4879990006E-02    1.0223369322E+00    4.4306538861E-01    4.4597034013E+03    6.7478629106E-02
    5.4919990006E-02    9.8701184051E-01   -4.2803577837E-01    4.4626027381E+03    6.8531092421E-02
    5.4959990007E-02    1.1369064310E+00    5.7309139559E-02    4.4662046011E+03    6.7367577050E-02
    5.4999990007E-02    1.0208480413E+00   -1.4587487978E-01    4.4690313304E+03    6.1649597770E-02
    5.5039990007E-02    1.1391355372E+00    3.9541884486E-01    4.4727181139E+03    5.9572313682E-02
    5.5079990007E-02    8.7864089624E-01   -3.5837564724E-01    4.4756787438E+03    6.2526425455E-02
    5.5119990007E-02    1.1686501670E+00    2.0621789647E-02    4.4791634614E+03    6.1190623124E-02
    5.5159990007E-02    9.2448745721E-01   -1.1778277813E-01    4.4820739014E+03    5.3776666028E-02
    5.5199990007E-02    1.2215436897E+00    2.6871288501E-01    4.4856870796E+03    5.0745389891E-02
    5.5239990007E-02    8.1229143801E-01   -2.3377555731E-01    4.4887885061E+03    5.5039653938E-02
    5.5279990007E-02    1.1841078627E+00   -1.6253446826E-03    4.4921194212E+03    5.6248387395E-02
    5.5319990007E-02    8.3913338989E-01   -2.4636871713E-02    4.4951601361E+03    4.9285453152E-02
    5.5359990007E-02    1.2578776784E+00    8.6352828620E-02    4.4986192872E+03    4.4404441356E-02
    5.5399990007E-02    8.0598017018E-01   -8.7164811985E-02    4.5019113848E+03    4.9886279050E-02
    5.5439990007E-02    1.1896113405E+00   -6.9822854059E-03    4.5050751114E+03    5.3889413484E-02
    5.5479990007E-02    7.9747578232E-01    1.1235376173E-01    4.5082767512E+03    4.9331693899E-02
    5.5519990007E-02    1.2543275191E+00   -1.1657289465E-01    4.5115358239E+03    4.4242536537E-02
    5.5559990007E-02    8.5775292673E-01    4.4241326502E-02    4.5150226718E+03    4.8807055706E-02
    5.5599990007E-02    1.1814801634E+00   -1.2795461069E-02    4.5180325442E+03    5.4957880228E-02
    5.5639990007E-02    8.1816888547E-01    2.5742987854E-01    4.5214017517E+03    5.3623962922E-02
    5.5679990007E-02    1.2093591220E+00   -2.9191888898E-01    4.5244736061E+03    4.9833017963E-02
    5.5719990007E-02    9.4468180347E-01    1.2822537333E-01    4.5281042356E+03    5.2351244555E-02
    5.5759990007E-02    1.1639897682E+00   -3.2453161148E-02    4.5309946102E+03    5.9116826284E-02
    5.5799990007E-02    8.9755088497E-01    3.7288199694E-01    4.5345078748E+03    6.0687414361E-02
    5.5839990007E-02    1.1176827559E+00   -4.0828502137E-01    4.5374503717E+03    5.8030639562E-02
    5.5879990007E-02    1.0344459015E+00    1.5090350548E-01    4.5411441969E+03    5.9859156916E-02
    5.5919990007E-02    1.1306058719E+00   -6.1425104666E-02    4.5439633015E+03    6.5645290519E-02
    5.5959990007E-02    1.0128137845E+00    4.2771636367E-01    4.5475761047E+03    6.7165751232E-02
    5.5999990007E-02    9.9511350720E-01   -4.4250582094E-01    4.5504745528E+03    6.6154900220E-02
    5.6039990007E-02    1.1085764070E+00    1.1484504589E-01    4.5541327589E+03    6.7956633053E-02
    5.6079990007E-02    1.0638441066E+00   -9.9479834488E-02    4.5569440341E+03    6.9510269853E-02
    5.6119990007E-02    1.1292588364E+00    4.0354573935E-01    4.5606014295E+03    6.8394131116E-02
    5.6159990007E-02    8.8153327148E-01   -3.8803974899E-01    4.5635483162E+03    7.0068235455E-02
    5.6199990007E-02    1.1573921773E+00    4.4255691720E-02    4.5670767308E+03    7.1463841926E-02
    5.6239990007E-02    9.5339977366E-01   -1.1046903164E-01    4.5699591935E+03    6.6277526802E-02
    5.6279990007E-02    1.2153216709E+00    3.0176502318E-01    4.5735837387E+03    6.2590328037E-02
    5.6319990007E-02    8.1546096307E-01   -2.6826113985E-01    4.5766579662E+03    6.7033554452E-02
    5.6359990007E-02    1.1806563158E+00   -1.7106388953E-02    4.5800064465E+03    6.7615713139E-02
    5.6399990007E-02    8.4230815785E-01   -4.3082156553E-02    4.5830244986E+03    5.8605135640E-02
    5.6439990007E-02    1.2576593391E+00    1.3652543739E-01    4.5865270384E+03    5.3307161352E-02
    5.6479990007E-02    8.1311704524E-01   -1.2164144635E-01    4.5897762871E+03    5.9623560526E-02
    5.6519990007E-02    1.1877723801E+00   -4.7344862994E-02    4.5929452371E+03    6.0365496234E-02
    5.6559990007E-02    7.8215723285E-01    8.5496809758E-02    4.5961356058E+03    5.1897312683E-02
    5.6599990007E-02    1.2597985033E+00   -6.2594126737E-02    4.5994464863E+03    4.6826513955E-02
    5.6639990007E-02    8.6542030399E-01    1.3154961020E-02    4.6028832665E+03    5.2479096894E-02
    5.6679990007E-02    1.1806017674E+00   -5.6076752890E-02    4.6058982776E+03    5.4262770941E-02
    5.6719990007E-02    7.9448558122E-01    2.3137704979E-01    4.6092683339E+03    4.9072262301E-02
    5.6759990007E-02    1.2225168439E+00   -2.4535953485E-01    4.6123786148E+03    4.6047023789E-02
    5.6799990007E-02    9.4757137499E-01    1.0580952164E-01    4.6159690630E+03    4.8608331744E-02
    5.6839990007E-02    1.1616890931E+00   -6.7701828947E-02    4.6188659557E+03    5.1449684870E-02
    5.6879990007E-02    8.7378197420E-01    3.5129849684E-01    4.6223862261E+03    5.0659798614E-02
    5.6919990007E-02    1.1376461451E+00   -3.7602341540E-01    4.6253475366E+03    4.8715095000E-02
    5.6959990007E-02    1.0273885403E+00    1.4835837093E-01    4.6290263880E+03    4.9549099345E-02
    5.6999990007E-02    1.1331683479E+00   -7.9264972952E-02    4.6318518457E+03    5.3682036543E-02
    5.7039990007E-02    9.9350096270E-01    4.1121405981E-01    4.6354629424E+03    5.5522022397E-02
    5.7079990007E-02    1.0132169901E+00   -4.3161560198E-01    4.6383627787E+03    5.4061330302E-02
    5.7119990007E-02    1.0911704264E+00    1.4925944028E-01    4.6420464171E+03    5.5659711010E-02
    5.7159990007E-02    1.0867977499E+00   -8.5242563883E-02    4.6448541916E+03    6.0450042808E-02
    5.7199990007E-02    1.1171976519E+00    3.9234437276E-01    4.6484918882E+03    6.1402558083E-02
    5.7239990007E-02    8.8448007687E-01   -3.9908432384E-01    4.6514287690E+03    6.1292202013E-02
    5.7279990007E-02    1.1395896703E+00    1.1169285568E-01    4.6550215860E+03    6.5415332393E-02
    5.7319990007E-02    1.0025958289E+00   -8.4292299020E-02    4.6578743304E+03    6.7692985221E-02
    5.7359990007E-02    1.2104367847E+00    3.0026790170E-01    4.6614783615E+03    6.4973894066E-02
    5.7399990007E-02    7.9944272651E-01   -2.9290155302E-01    4.6645393480E+03    6.8004240898E-02
    5.7439990007E-02    1.1715045860E+00    4.1727177969E-02    4.6679522519E+03    7.3720432600E-02
    5.7479990007E-02    8.7866844939E-01   -4.0456978285E-02    4.6709232499E+03    6.9316939609E-02
    5.7519990007E-02    1.2588915626E+00    1.5242199404E-01    4.6744312668E+03    6.3101732539E-02
    5.7559990007E-02    7.9473562952E-01   -1.4942340943E-01    4.6776634440E+03    6.9615615798E-02
    5.7599990007E-02    1.1844749464E+00   -3.2115725541E-02    4.6808629363E+03    7.2834518016E-02
    5.7639990007E-02    7.8461066326E-01    7.2371228500E-02    4.6840155525E+03    6.3810449590E-02
    5.7679990007E-02    1.2662126100E+00   -3.2235475134E-02    4.6873596068E+03    5.7353756201E-02
    5.7719990007E-02    8.6110736774E-01   -1.5073437776E-02    4.6907669484E+03    6.4345697401E-02
    5.7759990007E-02    1.1788436168E+00   -7.6466093416E-02    4.6937892521E+03    6.4128305952E-02
    5.7799990007E-02    7.7283485062E-01    2.1650940338E-01    4.6971446526E+03    5.5996102886E-02
    5.7839990007E-02    1.2358412257E+00   -2.1227418721E-01    4.7002917036E+03    5.2780209165E-02
    5.7879990007E-02    9.5529845349E-01    7.5984741502E-02    4.7038451906E+03    5.6296770971E-02
    5.7919990007E-02    1.1576780663E+00   -1.0133115210E-01    4.7067432151E+03    5.4943988272E-02
    5.7959990007E-02    8.4386583779E-01    3.4195060707E-01    4.7102713541E+03    5.0766722462E-02
    5.7999990007E-02    1.1595171788E+00   -3.4757613103E-01    4.7132552306E+03    4.9839077603E-02
    5.8039990007E-02    1.0368086273E+00    1.1935390365E-01    4.7169010435E+03    5.0119855705E-02
    5.8079990007E-02    1.1258031001E+00   -1.1668498484E-01    4.7197271006E+03    4.9534987107E-02
    5.8119990007E-02    9.6513502428E-01    4.0880256216E-01    4.7233595595E+03    4.9283344248E-02
    5.8159990007E-02    1.0407481427E+00   -4.1381306790E-01    4.7262633778E+03    4.8991440174E-02
    5.8199990007E-02    1.0948364955E+00    1.3193547260E-01    4.7299312243E+03    4.8800047986E-02
    5.8239990007E-02    1.0807324618E+00   -1.1681197652E-01    4.7327394721E+03    5.0077596487E-02
    5.8279990007E-02    1.0959570730E+00    3.9430909212E-01    4.7363971540E+03    5.0883728038E-02
    5.8319990007E-02    9.0754008598E-01   -3.9481533833E-01    4.7393225776E+03    5.0841383818E-02
    5.8359990007E-02    1.1365996867E+00    1.2183614300E-01    4.7429310855E+03    5.3284259905E-02
    5.8399990007E-02    1.0138409987E+00   -9.6736427150E-02    4.7457766812E+03    5.5786454001E-02
    5.8439990007E-02    1.1983588987E+00    3.0002612160E-01    4.7493864486E+03    5.4397542447E-02
    5.8479990007E-02    8.0258838198E-01   -3.0034817396E-01    4.7524302926E+03    5.6007079200E-02
    5.8519990007E-02    1.1663010956E+00    9.3908983452E-02    4.7558964717E+03    6.2697177550E-02
    5.8559990007E-02    9.1734001018E-01   -4.1971256350E-02    4.7588365088E+03    6.3989321919E-02
    5.8599990007E-02    1.2548107784E+00    1.4737925239E-01    4.7623375948E+03    5.8506671545E-02
    5.8639990007E-02    7.6808454050E-01   -1.6138309736E-01    4.7655630382E+03    6.3600577350E-02
    5.8679990007E-02    1.1827623852E+00    4.7038661602E-02    4.7688280640E+03    7.2223460725E-02
    5.8719990007E-02    8.1927641683E-01    6.5745670327E-02    4.7719222093E+03    6.9503275528E-02
    5.8759990007E-02    1.2686608900E+00   -3.5821375068E-02    4.7752677257E+03    6.1983279016E-02
    5.8799990007E-02    8.2529621285E-01   -2.4958929439E-02    4.7786774471E+03    6.9308614443E-02
    5.8839990007E-02    1.1803594357E+00   -2.3547403970E-02    4.7817378075E+03    7.4856445847E-02
    5.8879990007E-02    7.7678324611E-01    2.0836318926E-01    4.7850401899E+03    6.8019489625E-02
    5.8919990007E-02    1.2449607595E+00   -2.0845442166E-01    4.7882055934E+03    6.3219621318E-02
    5.8959990007E-02    9.4147058504E-01    6.1637571672E-02    4.7917512205E+03    6.8044843117E-02
    5.8999990007E-02    1.1585791036E+00   -9.2450906326E-02    4.7946596485E+03    6.7287480105E-02
    5.9039990007E-02    8.2389545221E-01    3.4075026963E-01    4.7981681611E+03    6.1260096101E-02
    5.9079990007E-02    1.1764538184E+00   -3.3918537015E-01    4.8011707354E+03    6.0111444347E-02
    5.9119990007E-02    1.0439146937E+00    8.9927668455E-02    4.8047943504E+03    6.0763289727E-02
    5.9159990007E-02    1.1214434621E+00   -1.3548816622E-01    4.8076209135E+03    5.6784413227E-02
    5.9199990007E-02    9.3791557537E-01    4.1774588924E-01    4.8112649141E+03    5.4210246272E-02
    5.9239990007E-02    1.0652452260E+00   -4.0712543528E-01    4.8141748635E+03    5.5014249971E-02
    5.9279990007E-02    1.1052980456E+00    9.5280467939E-02    4.8178164502E+03    5.3432094582E-02
    5.9319990007E-02    1.0700746024E+00   -1.4804953060E-01    4.8206253030E+03    4.9931567017E-02
    5.9359990007E-02    1.0722710475E+00    4.1196021644E-01    4.8243117310E+03    4.9453069660E-02
    5.9399990007E-02    9.3551948294E-01   -3.9397346588E-01    4.8272274409E+03    5.0677039284E-02
    5.9439990007E-02    1.1431449840E+00    8.9881785956E-02    4.8308194778E+03    5.0352988387E-02
    5.9479990007E-02    1.0020256418E+00   -1.2749504907E-01    4.8336672987E+03    4.8450711121E-02
    5.9519990007E-02    1.1825756223E+00    3.2077380702E-01    4.8373086189E+03    4.7325834009E-02
    5.9559990007E-02    8.2639553161E-01   -3.0535905830E-01    4.8403293285E+03    4.9208180031E-02
    5.9599990007E-02    1.1688030209E+00    7.6494635617E-02    4.8438006801E+03    5.3023458964E-02
    5.9639990007E-02    9.1722634867E-01   -6.5143683894E-02    4.8467395865E+03    5.2158899083E-02
    5.9679990007E-02    1.2461432253E+00    1.6429312749E-01    4.8502626216E+03    4.7958899070E-02
    5.9719990007E-02    7.7359100446E-01   -1.6837714674E-01    4.8534640156E+03    5.1825256457E-02
    5.9759990007E-02    1.1845098124E+00    6.3681249735E-02    4.8567611479E+03    5.9589907750E-02
    5.9799990007E-02    8.3928156363E-01    4.7662412487E-02    4.8598360813E+03    5.9306776076E-02
    5.9839990007E-02    1.2648741032E+00   -3.1051443757E-02    4.8631884556E+03    5.2505873681E-02
    5.9879990007E-02    7.9943388284E-01   -2.4586359788E-02    4.8665947003E+03    5.8459200344E-02
    5.9919990007E-02    1.1848889235E+00    3.7533151792E-02    4.8697029103E+03    6.8019899016E-02
    5.9959990007E-02    8.0227732003E-01    1.9267080211E-01    4.8729526716E+03    6.6842320691E-02
    5.9999990007E-02    1.2456184501E+00   -2.1742154657E-01    4.8761210780E+03    6.1120420738E-02
    6.0039990007E-02    8.9695200908E-01    7.7415107871E-02    4.8796860050E+03    6.6166024766E-02
    6.0079990007E-02    1.1693978515E+00   -2.3301855189E-02    4.8826290720E+03    7.2618518687E-02
    6.0119990007E-02    8.3161158534E-01    3.3298798225E-01    4.8860775066E+03    7.0033387016E-02
    6.0159990007E-02    1.1824030949E+00   -3.5245907983E-01    4.8890875720E+03    6.7209442244E-02
    6.0199990007E-02    1.0212017729E+00    9.9809917942E-02    4.8927276327E+03    6.9500091450E-02
    6.0239990007E-02    1.1318887398E+00   -9.9981812642E-02    4.8955635637E+03    6.8981524750E-02
    6.0279990007E-02    9.2748521844E-01    4.2471345128E-01    4.8991800713E+03    6.6347863516E-02
    6.0319990007E-02    1.0776751360E+00   -4.1869883605E-01    4.9020944860E+03    6.6594813398E-02
    6.0359990007E-02    1.1059911304E+00    7.5067565232E-02    4.9057316935E+03    6.5543335159E-02
    6.0399990007E-02    1.0710416582E+00   -1.4912447100E-01    4.9085398898E+03    6.0404067326E-02
    6.0439990007E-02    1.0560199329E+00    4.3372037625E-01    4.9122351339E+03    5.8639517859E-02
    6.0479990007E-02    9.5381963835E-01   -4.0503451682E-01    4.9151453519E+03    6.0648012064E-02
    6.0519990007E-02    1.1494290869E+00    5.2273248848E-02    4.9187187584E+03    5.8580261144E-02
    6.0559990007E-02    9.9207784740E-01   -1.4731364488E-01    4.9215682107E+03    5.2536174005E-02
    6.0599990007E-02    1.1697994949E+00    3.5209106366E-01    4.9252396484E+03    5.0843368170E-02
    6.0639990007E-02    8.4857019666E-01   -3.1726109231E-01    4.9282413252E+03    5.3808941125E-02
    6.0679990007E-02    1.1730437621E+00    3.3313412642E-02    4.9316955862E+03    5.4141923193E-02
    6.0719990007E-02    9.0280521421E-01   -8.9097998732E-02    4.9346407150E+03    4.8733654912E-02
    6.0759990007E-02    1.2389039497E+00    1.9919512707E-01    4.9382000269E+03    4.5290337529E-02
    6.0799990007E-02    7.9421760903E-01   -1.8091362861E-01    4.9413704654E+03    4.9457127056E-02
    6.0839990007E-02    1.1868155834E+00    2.2632205487E-02    4.9446624966E+03    5.3700145906E-02
    6.0879990007E-02    8.2973828377E-01    2.4586674925E-02    4.9477466637E+03    4.9704246479E-02
    6.0919990008E-02    1.2611666198E+00    1.0690025099E-03    4.9511279869E+03    4.4046967251E-02
    6.0959990008E-02    8.0727967471E-01   -3.3316883826E-02    4.9545047583E+03    4.9320069097E-02
    6.0999990008E-02    1.1879616540E+00    1.8927907583E-02    4.9576237108E+03    5.6543668274E-02
    6.1039990008E-02    8.0494901221E-01    1.7081164735E-01    4.9608731176E+03    5.4828451333E-02
    6.1079990008E-02    1.2438120739E+00   -1.9835831275E-01    4.9640553032E+03    4.9659520572E-02
    6.1119990008E-02    8.8011756823E-01    8.4190593839E-02    4.9676144399E+03    5.3668000578E-02
    6.1159990008E-02    1.1768305739E+00   -1.7483155770E-03    4.9705808316E+03    6.1740840299E-02
    6.1199990008E-02    8.4275435797E-01    3.1250543252E-01    4.9739995368E+03    6.2393467848E-02
    6.1239990008E-02    1.1810895258E+00   -3.5247490094E-01    4.9770145908E+03    5.8733563819E-02
    6.1279990008E-02    9.8298907429E-01    1.3770528676E-01    4.9806812064E+03    6.1350400161E-02
    6.1319990008E-02    1.1513721733E+00   -4.2623458844E-02    4.9835374637E+03    6.7756771061E-02
    6.1359990008E-02    9.3568380270E-01    4.1174174676E-01    4.9871018842E+03    6.8692973536E-02
    6.1399990008E-02    1.0753739442E+00   -4.3376207093E-01    4.9900182129E+03    6.7052297536E-02
    6.1439990008E-02    1.0785212734E+00    1.1781503810E-01    4.9936952184E+03    6.8472574448E-02
    6.1479990008E-02    1.0972924380E+00   -9.8159334628E-02    4.9965029885E+03    6.9774326002E-02
    6.1519990008E-02    1.0563774457E+00    4.3696778116E-01    5.0001631944E+03    6.9024314078E-02
    6.1559990008E-02    9.5307122541E-01   -4.2505459334E-01    5.0030715637E+03    6.9937255991E-02
    6.1599990008E-02    1.1419067856E+00    5.8063947569E-02    5.0066635659E+03    6.9835668404E-02
    6.1639990008E-02    1.0051383433E+00   -1.3328035247E-01    5.0095042600E+03    6.4925014502E-02
    6.1679990008E-02    1.1665178162E+00    3.7318639540E-01    5.0131765285E+03    6.2418361387E-02
    6.1719990008E-02    8.5399438923E-01   -3.3628423827E-01    5.0161691315E+03    6.5743873074E-02
    6.1759990008E-02    1.1733327714E+00    5.8494853173E-03    5.0196154849E+03    6.5074097892E-02
    6.1799990008E-02    8.9642024371E-01   -9.7793902958E-02    5.0225590330E+03    5.6906304898E-02
    6.1839990008E-02    1.2370276717E+00    2.3206810520E-01    5.0261444071E+03    5.2997868781E-02
    6.1879990008E-02    8.0789488875E-01   -1.9857226340E-01    5.0292937108E+03    5.8084319804E-02
    6.1919990008E-02    1.1865272032E+00   -2.3725051465E-02    5.0325687696E+03    5.8963383169E-02
    6.1959990008E-02    8.1291447940E-01    9.4956970633E-03    5.0356618316E+03    5.0819312946E-02
    6.1999990008E-02    1.2614286550E+00    3.8464134956E-02    5.0390772357E+03    4.5571205094E-02
    6.2039990008E-02    8.2478248407E-01   -5.0101031275E-02    5.0424215959E+03    5.1529377635E-02
    6.2079990008E-02    1.1877705397E+00   -3.1232594610E-02    5.0455284064E+03    5.4322619332E-02
    6.2119990008E-02    7.8796167261E-01    1.5507176993E-01    5.0487961782E+03    4.8891411381E-02
    6.2159990008E-02    1.2460291398E+00   -1.6403109017E-01    5.0520032841E+03    4.4602043581E-02
    6.2199990008E-02    8.9243999889E-01    7.1348586338E-02    5.0555326834E+03    4.8541623243E-02
    6.2239990008E-02    1.1750323513E+00   -3.9174498359E-02    5.0584959259E+03    5.3008517255E-02
    6.2279990008E-02    8.3320619236E-01    2.9634876032E-01    5.0619320331E+03    5.1459147722E-02
    6.2319990008E-02    1.1849117871E+00   -3.2730852817E-01    5.0649585573E+03    4.8551161273E-02
    6.2359990008E-02    9.8042065418E-01    1.4009482141E-01    5.0686142530E+03    5.0243783007E-02
    6.2399990008E-02    1.1530251131E+00   -5.5432513218E-02    5.0714753254E+03    5.5621212603E-02
    6.2439990008E-02    9.3430501004E-01    3.9353271226E-01    5.0750379307E+03    5.7345037865E-02
    6.2479990008E-02    1.0761482537E+00   -4.2350972603E-01    5.0779572522E+03    5.5246737679E-02
    6.2519990008E-02    1.0593554100E+00    1.5471301866E-01    5.0816561221E+03    5.6739256855E-02
    6.2559990008E-02    1.1150964339E+00   -7.2448620897E-02    5.0844676848E+03    6.2238375073E-02
    6.2599990008E-02    1.0597989583E+00    4.1830880487E-01    5.0880981995E+03    6.3917016335E-02
    6.2639990008E-02    9.4442601152E-01   -4.3066704897E-01    5.0910067242E+03    6.3105339437E-02
    6.2679990008E-02    1.1215482074E+00    1.1981619249E-01    5.0946487411E+03    6.5877938006E-02
    6.2719990008E-02    1.0421868532E+00   -9.1577270178E-02    5.0974750373E+03    6.8514723095E-02
    6.2759990008E-02    1.1706516739E+00    3.6194796700E-01    5.1011133384E+03    6.7043059462E-02
    6.2799990008E-02    8.3763891499E-01   -3.5078921187E-01    5.1041069282E+03    6.9084060864E-02
    6.2839990008E-02    1.1633049732E+00    4.7260420255E-02    5.1075934358E+03    7.2800632678E-02
    6.2879990008E-02    9.2106129749E-01   -8.0259838421E-02    5.1105131230E+03    6.8541460632E-02
    6.2919990008E-02    1.2407878577E+00    2.3622867158E-01    5.1140886325E+03    6.3672027006E-02
    6.2959990008E-02    7.9758503809E-01   -2.1432789751E-01    5.1172363910E+03    6.9013056575E-02
    6.2999990008E-02    1.1829239073E+00   -2.5507710395E-02    5.1205171480E+03    7.1277122562E-02
    6.3039990007E-02    8.1004408412E-01    1.0008371569E-02    5.1235985305E+03    6.2059130922E-02
    6.3079990007E-02    1.2655723111E+00    5.6347576931E-02    5.1270295024E+03    5.5754531498E-02
    6.3119990007E-02    8.3121183742E-01   -6.6917222117E-02    5.1303595167E+03    6.2818073388E-02
    6.3159990007E-02    1.1847038462E+00   -6.4553267014E-02    5.1334534852E+03    6.3031896358E-02
    6.3199990007E-02    7.6958052578E-01    1.5148118800E-01    5.1367289520E+03    5.4441774749E-02
    6.3239990007E-02    1.2516133671E+00   -1.4051516712E-01    5.1399583790E+03    5.0145242518E-02
    6.3279990007E-02    9.1074480483E-01    5.0737934608E-02    5.1434611344E+03    5.4967959955E-02
    6.3319990007E-02    1.1699411355E+00   -8.2425904472E-02    5.1464116947E+03    5.4937474175E-02
    6.3359990007E-02    8.1322740503E-01    2.9287529996E-01    5.1498713841E+03    4.9958879454E-02
    6.3399990007E-02    1.1933935709E+00   -3.0340667405E-01    5.1529122662E+03    4.8125071821E-02
    6.3439990007E-02    9.9848887858E-01    1.1743994890E-01    5.1565394201E+03    4.9453567749E-02
    6.3479990007E-02    1.1438707192E+00   -9.7760472212E-02    5.1593937043E+03    5.0145210510E-02
    6.3519990007E-02    9.1986398374E-01    3.8882161722E-01    5.1629848752E+03    4.9586555038E-02
    6.3559990007E-02    1.0868395050E+00   -4.0282465360E-01    5.1659088216E+03    4.8652384378E-02
    6.3599990007E-02    1.0680586034E+00    1.4177124783E-01    5.1695897978E+03    4.8764286906E-02
    6.3639990007E-02    1.1059483890E+00   -1.0426308146E-01    5.1724012026E+03    5.1113040721E-02
    6.3679990007E-02    1.0520297492E+00    4.0884216607E-01    5.1760487503E+03    5.2454730126E-02
    6.3719990007E-02    9.5160678003E-01   -4.1704791111E-01    5.1789564184E+03    5.1778286770E-02
    6.3759990007E-02    1.1192739603E+00    1.3550853639E-01    5.1826059815E+03    5.3677281890E-02
    6.3799990007E-02    1.0474617577E+00   -9.6342309000E-02    5.1854315143E+03    5.7199441999E-02
    6.3839990007E-02    1.1684556219E+00    3.4387901812E-01    5.1890619395E+03    5.6918455623E-02
    6.3879990007E-02    8.3097203053E-01   -3.4567541847E-01    5.1920562762E+03    5.7719860993E-02
    6.3919990007E-02    1.1562332828E+00    1.0310828178E-01    5.1955826684E+03    6.3460805626E-02
    6.3959990007E-02    9.5285157143E-01   -6.4154168807E-02    5.1984842141E+03    6.5336356341E-02
    6.3999990007E-02    1.2417861437E+00    2.1162879702E-01    5.2020331771E+03    6.0975832619E-02
    6.4039990007E-02    7.7262243355E-01   -2.1474677401E-01    5.2051922355E+03    6.5190214632E-02
    6.4079990007E-02    1.1791724348E+00    4.6257505635E-02    5.2085196309E+03    7.3060895529E-02
    6.4119990007E-02    8.3860842513E-01    2.2115302162E-02    5.2115645701E+03    6.9708145168E-02
    6.4159990007E-02    1.2686130974E+00    3.6101783088E-02    5.2149762781E+03    6.2296895001E-02
    6.4199990007E-02    8.0780411504E-01   -6.9667835124E-02    5.2183222422E+03    6.9711709088E-02
    6.4239990007E-02    1.1830408823E+00   -2.6563247669E-02    5.2214341872E+03    7.4458175034E-02
    6.4279990007E-02    7.7279960529E-01    1.5909342634E-01    5.2246832702E+03    6.6752455005E-02
    6.4319990007E-02    1.2565558723E+00   -1.4804917470E-01    5.2279135528E+03    6.1165930181E-02
    6.4359990007E-02    9.1124147624E-01    3.9475950304E-02    5.2314163927E+03    6.6968792835E-02
    6.4399990007E-02    1.1665040602E+00   -8.7717220921E-02    5.2343623470E+03    6.6395615093E-02
    6.4439990007E-02    7.9983511655E-01    3.0131057075E-01    5.2378237228E+03    5.9408396910E-02
    6.4479990007E-02    1.2007990133E+00   -3.0062869868E-01    5.2408724580E+03    5.7616131165E-02
    6.4519990007E-02    1.0166483192E+00    9.0225442132E-02    5.2444802972E+03    5.9184652355E-02
    6.4559990007E-02    1.1348296491E+00   -1.2586463975E-01    5.2473269630E+03    5.5963250562E-02
    6.4599990007E-02    9.0397500968E-01    3.9867678624E-01    5.2509413260E+03    5.2916937618E-02
    6.4639990007E-02    1.0978929747E+00   -3.9422573169E-01    5.2538694919E+03    5.3218316510E-02
    6.4679990007E-02    1.0863852718E+00    1.0608321402E-01    5.2575212154E+03    5.2139235860E-02
    6.4719990007E-02    1.0896884913E+00   -1.4069458757E-01    5.2603314747E+03    4.9541691343E-02
    6.4759990007E-02    1.0397893080E+00    4.1738823669E-01    5.2640096776E+03    4.9253242666E-02
    6.4799990007E-02    9.6611483272E-01   -4.0623500364E-01    5.2669159943E+03    4.9989317711E-02
    6.4839990007E-02    1.1307450627E+00    1.0480330201E-01    5.2705394017E+03    4.9638492587E-02
    6.4879990007E-02    1.0278077342E+00   -1.2796336846E-01    5.2733717028E+03    4.8789229713E-02
    6.4919990006E-02    1.1607611680E+00    3.4676239744E-01    5.2770255800E+03    4.8278686529E-02
    6.4959990006E-02    8.4481782161E-01   -3.3503167491E-01    5.2800149344E+03    4.9552245564E-02
    6.4999990006E-02    1.1611434541E+00    9.0880273880E-02    5.2835321426E+03    5.3068530195E-02
    6.5039990006E-02    9.4458246273E-01   -7.8957464555E-02    5.2864420392E+03    5.3262568279E-02
    6.5079990006E-02    1.2369535713E+00    2.0370733261E-01    5.2899952132E+03    4.9749097909E-02
    6.5119990006E-02    7.7477080531E-01   -2.0474020429E-01    5.2931538359E+03    5.3006865969E-02
    6.5159990006E-02    1.1809469713E+00    7.2992338528E-02    5.2964992050E+03    6.0717893509E-02
    6.5199990006E-02    8.5599665931E-01    2.1218375981E-02    5.2995373489E+03    6.0867996795E-02
    6.5239990006E-02    1.2653497757E+00    1.3772818049E-02    5.3029318916E+03    5.4061216843E-02
    6.5279990006E-02    7.8656294278E-01   -5.6928191560E-02    5.3062961719E+03    6.0149881594E-02
    6.5319990006E-02    1.1851533151E+00    4.1534413684E-02    5.3094430870E+03    6.9696494112E-02
    6.5359990006E-02    8.0049831810E-01    1.6264322310E-01    5.3126563669E+03    6.7950197078E-02
    6.5399990006E-02    1.2544769970E+00   -1.7810547293E-01    5.3158672593E+03    6.1689820303E-02
    6.5439990006E-02    8.7963716309E-01    5.6634241923E-02    5.3194013239E+03    6.7413631796E-02
    6.5479990006E-02    1.1717562200E+00   -2.4459044536E-02    5.3223691715E+03    7.3538333115E-02
    6.5519990006E-02    8.1371082306E-01    3.0890465482E-01    5.3257914146E+03    6.9684985402E-02
    6.5559990006E-02    1.1997958855E+00   -3.2501371631E-01    5.3288330029E+03    6.6572446777E-02
    6.5599990006E-02    1.0077544712E+00    9.2866766118E-02    5.3324574394E+03    6.9236908699E-02
    6.5639990006E-02    1.1371503669E+00   -1.0206244749E-01    5.3353062707E+03    6.8204955649E-02
    6.5679990006E-02    9.0330968222E-01    4.1250199640E-01    5.3389096759E+03    6.4833644281E-02
    6.5719990006E-02    1.0998067322E+00   -4.0715248018E-01    5.3418374729E+03    6.4944156580E-02
    6.5759990006E-02    1.0966499323E+00    7.8899258826E-02    5.3454777008E+03    6.3976231533E-02
    6.5799990006E-02    1.0812949502E+00   -1.4950899069E-01    5.3482875196E+03    5.8893670866E-02
    6.5839990006E-02    1.0342331431E+00    4.3527431249E-01    5.3519806221E+03    5.7128761566E-02
    6.5879990006E-02    9.7341597992E-01   -4.0966554473E-01    5.3548867535E+03    5.8917879034E-02
    6.5919990006E-02    1.1429134472E+00    6.2538133755E-02    5.3584795195E+03    5.6848685374E-02
    6.5959990006E-02    1.0074941602E+00   -1.4970682801E-01    5.3613199411E+03    5.1434321696E-02
    6.5999990006E-02    1.1557479008E+00    3.6465240905E-01    5.3649991355E+03    5.0075779537E-02
    6.6039990006E-02    8.5921460776E-01   -3.3251247731E-01    5.3679843755E+03    5.2655823001E-02
    6.6079990006E-02    1.1690934365E+00    4.5739331738E-02    5.3714679091E+03    5.3065165422E-02
    6.6119990006E-02    9.1961612669E-01   -9.7661827510E-02    5.3743957877E+03    4.8501699550E-02
    6.6159990006E-02    1.2330137884E+00    2.1794327837E-01    5.3779709900E+03    4.5395101726E-02
    6.6199990006E-02    7.9359733850E-01   -1.9955348598E-01    5.3811203360E+03    4.9145653366E-02
    6.6239990006E-02    1.1850499619E+00    3.4154767986E-02    5.3844428608E+03    5.3731818129E-02
    6.6279990006E-02    8.4100166458E-01    1.0702265034E-02    5.3875049079E+03    5.0430713229E-02
    6.6319990006E-02    1.2611118008E+00    2.1101992061E-02    5.3909073641E+03    4.4730794357E-02
    6.6359990006E-02    7.9825905158E-01   -4.9108326955E-02    5.3942654539E+03    4.9976001929E-02
    6.6399990006E-02    1.1882475346E+00    2.8557508627E-02    5.3974088611E+03    5.7670530309E-02
    6.6439990006E-02    8.0652882809E-01    1.5666725688E-01    5.4006361245E+03    5.6276619123E-02
    6.6479990006E-02    1.2482307724E+00   -1.8265276883E-01    5.4038388343E+03    5.0764759922E-02
    6.6519990006E-02    8.6928287109E-01    7.4302102916E-02    5.4073859473E+03    5.5140343031E-02
    6.6559990006E-02    1.1780647894E+00    4.4955226896E-03    5.4103679400E+03    6.3565679722E-02
    6.6599990006E-02    8.3546753999E-01    3.0302216331E-01    5.4137712755E+03    6.3976815804E-02
    6.6639990006E-02    1.1897188549E+00   -3.4258147182E-01    5.4168013001E+03    6.0142666861E-02
    6.6679990006E-02    9.7715235495E-01    1.3145950125E-01    5.4204610554E+03    6.3013625484E-02
    6.6719990006E-02    1.1523358972E+00   -4.3358898416E-02    5.4233244989E+03    6.9082321029E-02
    6.6759990006E-02    9.2425100287E-01    4.0922471425E-01    5.4268855634E+03    6.9455575017E-02
    6.6799990006E-02    1.0863372523E+00   -4.2924144184E-01    5.4298085426E+03    6.7901685860E-02
    6.6839990005E-02    1.0780370667E+00    1.1095455687E-01    5.4334821530E+03    6.9140495045E-02
    6.6879990005E-02    1.0972156532E+00   -1.0489223462E-01    5.4362923133E+03    6.9408658262E-02
    6.6919990005E-02    1.0463922369E+00    4.3992417927E-01    5.4399581383E+03    6.8357061839E-02
    6.6959990005E-02    9.6263545908E-01   -4.2527296618E-01    5.4428658960E+03    6.9413818323E-02
    6.6999990005E-02    1.1419205005E+00    5.5014137699E-02    5.4464600789E+03    6.8786330244E-02
    6.7039990005E-02    1.0066105454E+00   -1.3879261129E-01    5.4493010480E+03    6.3315621633E-02
    6.7079990005E-02    1.1609334256E+00    3.7756852603E-01    5.4529801780E+03    6.0928406587E-02
    6.7119990005E-02    8.5881930221E-01   -3.3914482399E-01    5.4559685997E+03    6.4196282060E-02
    6.7159990005E-02    1.1729191146E+00    8.9103853795E-03    5.4594236350E+03    6.3297436524E-02
    6.7199990005E-02    9.0038776108E-01   -1.0125175361E-01    5.4623649075E+03    5.5329488012E-02
    6.7239990005E-02    1.2350020950E+00    2.3496897247E-01    5.4659550405E+03    5.1638480012E-02
    6.7279990005E-02    8.0748927827E-01   -2.0112249175E-01    5.4691013534E+03    5.6533003081E-02
    6.7319990005E-02    1.1864970198E+00   -1.7601085091E-02    5.4723864607E+03    5.7706898697E-02
    6.7359990005E-02    8.1666831193E-01    7.3036161293E-03    5.4754761394E+03    5.0024003551E-02
    6.7399990005E-02    1.2610263334E+00    3.8469498900E-02    5.4788937171E+03    4.4812825411E-02
    6.7439990005E-02    8.2156983489E-01   -5.0277613333E-02    5.4822393430E+03    5.0630304157E-02
    6.7479990005E-02    1.1880942893E+00   -2.4130823635E-02    5.4853532799E+03    5.4010414293E-02
    6.7519990005E-02    7.9063221496E-01    1.5497782886E-01    5.4886182865E+03    4.9064451128E-02
    6.7559990005E-02    1.2457585359E+00   -1.6718250624E-01    5.4918253647E+03    4.4671998155E-02
    6.7599990005E-02    8.8978920252E-01    7.3366923155E-02    5.4953597219E+03    4.8567506707E-02
    6.7639990005E-02    1.1755092138E+00   -3.3227265478E-02    5.4983264232E+03    5.3610257070E-02
    6.7679990005E-02    8.3562453426E-01    2.9844756907E-01    5.5017616628E+03    5.2493606932E-02
    6.7719990005E-02    1.1833119601E+00   -3.3206296354E-01    5.5047872521E+03    4.9458575035E-02
    6.7759990005E-02    9.8036635567E-01    1.4194504694E-01    5.5084481661E+03    5.1237528677E-02
    6.7799990005E-02    1.1531133633E+00   -5.1738928810E-02    5.5113104302E+03    5.7027078875E-02
    6.7839990005E-02    9.3778526146E-01    3.9650019556E-01    5.5148745476E+03    5.8895899565E-02
    6.7879990005E-02    1.0722792064E+00   -4.2697744665E-01    5.5177939356E+03    5.6774433168E-02
    6.7919990005E-02    1.0619971877E+00    1.5284672927E-01    5.5214939261E+03    5.8398455004E-02
    6.7959990005E-02    1.1128813903E+00   -7.2455255910E-02    5.5243067864E+03    6.3830987046E-02
    6.7999990005E-02    1.0645276907E+00    4.1965123575E-01    5.5279410602E+03    6.5279159435E-02
    6.8039990005E-02    9.3960480135E-01   -4.2948448932E-01    5.5308530327E+03    6.4669966306E-02
    6.8079990005E-02    1.1255144987E+00    1.1149830839E-01    5.5344878192E+03    6.7362293138E-02
    6.8119990005E-02    1.0340256052E+00   -9.5442387650E-02    5.5373198018E+03    6.9098086091E-02
    6.8159990005E-02    1.1751977422E+00    3.5902485225E-01    5.5409614979E+03    6.7256799774E-02
    6.8199990005E-02    8.3519679714E-01   -3.4345036610E-01    5.5439636294E+03    6.9644212648E-02
    6.8239990005E-02    1.1662474575E+00    3.5761897532E-02    5.5474351566E+03    7.2843490617E-02
    6.8279990005E-02    9.0907688266E-01   -7.9095631634E-02    5.5503682973E+03    6.7494829383E-02
    6.8319990005E-02    1.2434984491E+00    2.2642915564E-01    5.5539404057E+03    6.2503930631E-02
    6.8359990005E-02    7.9968321841E-01   -2.0243619371E-01    5.5571016366E+03    6.8057032399E-02
    6.8399990005E-02    1.1840133292E+00   -3.2321776021E-02    5.5603670922E+03    6.9775207809E-02
    6.8439990005E-02    8.0308678541E-01    1.9710910501E-02    5.5634672190E+03    6.0329267793E-02
    6.8479990005E-02    1.2654439820E+00    3.9245271412E-02    5.5668841453E+03    5.4175556151E-02
    6.8519990005E-02    8.3710469288E-01   -5.3765605571E-02    5.5702319259E+03    6.1126320403E-02
    6.8559990005E-02    1.1842695427E+00   -6.5540723635E-02    5.5733135762E+03    6.1283186064E-02
    6.8599990005E-02    7.7128394663E-01    1.6584259861E-01    5.5766097106E+03    5.3123315771E-02
    6.8639990005E-02    1.2475004257E+00   -1.6002677659E-01    5.5798193135E+03    4.9169495430E-02
    6.8679990005E-02    9.1900858625E-01    6.1569847739E-02    5.5833403765E+03    5.3541385813E-02
    6.8719990004E-02    1.1679466018E+00   -8.1845856451E-02    5.5862812246E+03    5.3808538296E-02
    6.8759990004E-02    8.2398460542E-01    3.0649050988E-01    5.5897592219E+03    4.9538139007E-02
    6.8799990004E-02    1.1828079572E+00   -3.1970671513E-01    5.5927833239E+03    4.7826106036E-02
    6.8839990004E-02    1.0067363590E+00    1.2389300852E-01    5.5964240195E+03    4.8881392614E-02
    6.8879990004E-02    1.1405174325E+00   -9.6934149371E-02    5.5992726481E+03    5.0022360402E-02
    6.8919990004E-02    9.3709063028E-01    3.9595899167E-01    5.6028751262E+03    5.0019772981E-02
    6.8959990004E-02    1.0692299745E+00   -4.1083196709E-01    5.6057926594E+03    4.9050478788E-02
    6.8999990004E-02    1.0752378984E+00    1.4381927942E-01    5.6094774015E+03    4.9305502635E-02
    6.9039990004E-02    1.1000121236E+00   -1.0229235900E-01    5.6122893897E+03    5.2095030024E-02
    6.9079990004E-02    1.0710366368E+00    4.0468337008E-01    5.6159391779E+03    5.3457629519E-02
    6.9119990004E-02    9.3128025070E-01   -4.1211845671E-01    5.6188551810E+03    5.2847975690E-02
    6.9159990004E-02    1.1255329388E+00    1.3240022579E-01    5.6224941478E+03    5.5315239938E-02
    6.9199990004E-02    1.0356995468E+00   -9.2823016541E-02    5.6253291207E+03    5.8894821355E-02
    6.9239990004E-02    1.1834825493E+00    3.2715225807E-01    5.6289519604E+03    5.8054259713E-02
    6.9279990004E-02    8.1595505644E-01   -3.2778329529E-01    5.6319705144E+03    5.9301176439E-02
    6.9319990004E-02    1.1611546477E+00    9.4366174889E-02    5.6354694741E+03    6.5649041501E-02
    6.9359990004E-02    9.3259043861E-01   -5.4078158407E-02    5.6383926232E+03    6.6746349244E-02
    6.9399990004E-02    1.2496403694E+00    1.8404224020E-01    5.6419237107E+03    6.1632900029E-02
    6.9439990004E-02    7.7232850613E-01   -1.8862106778E-01    5.6451172179E+03    6.6589488143E-02
    6.9479990004E-02    1.1814810988E+00    3.2014416376E-02    5.6484057764E+03    7.4207150524E-02
    6.9519990004E-02    8.2009015248E-01    4.4657152644E-02    5.6514871833E+03    6.9681004727E-02
    6.9559990004E-02    1.2692008460E+00    1.0221866593E-03    5.6548693125E+03    6.2202344998E-02
    6.9599990004E-02    8.2463916015E-01   -4.4560768565E-02    5.6582498575E+03    6.9722290294E-02
    6.9639990004E-02    1.1812799024E+00   -4.0974771281E-02    5.6613259739E+03    7.3350858249E-02
    6.9679990004E-02    7.7033403365E-01    1.8895162035E-01    5.6646214038E+03    6.5315745494E-02
    6.9719990004E-02    1.2490109542E+00   -1.8283567890E-01    5.6678145451E+03    6.0557458563E-02
    6.9759990004E-02    9.3529624336E-01    5.4593730073E-02    5.6713449348E+03    6.5539460897E-02
    6.9799990004E-02    1.1608674998E+00   -9.7701812402E-02    5.6742666078E+03    6.4073479391E-02
    6.9839990004E-02    8.1727758981E-01    3.2764915398E-01    5.6777692557E+03    5.7821390585E-02
    6.9879990004E-02    1.1819893137E+00   -3.2715821025E-01    5.6807863751E+03    5.6666860218E-02
    6.9919990004E-02    1.0352998980E+00    9.5646914115E-02    5.6844110633E+03    5.7417310009E-02
    6.9959990004E-02    1.1257679510E+00   -1.3145151733E-01    5.6872462300E+03    5.4096080352E-02
    6.9999990004E-02    9.3419945043E-01    4.1097016857E-01    5.6908850849E+03    5.1883255114E-02
    7.0039990004E-02    1.0683790659E+00   -4.0501438481E-01    5.6938005657E+03    5.2405141741E-02
    7.0079990004E-02    1.0988553847E+00    1.0668579101E-01    5.6974535965E+03    5.1161239772E-02
    7.0119990004E-02    1.0761551154E+00   -1.4074335366E-01    5.7002660281E+03    4.8898113758E-02
    7.0159990004E-02    1.0724064095E+00    4.0829743562E-01    5.7039480625E+03    4.8816869894E-02
    7.0199990004E-02    9.3341621237E-01   -3.9555097276E-01    5.7068671993E+03    4.9627262066E-02
    7.0239990004E-02    1.1397956177E+00    1.0123485018E-01    5.7104721715E+03    4.9957207084E-02
    7.0279990004E-02    1.0077565168E+00   -1.2015239444E-01    5.7133214324E+03    4.9382409763E-02
    7.0319990004E-02    1.1853194264E+00    3.1578551142E-01    5.7169580043E+03    4.8311198683E-02
    7.0359990004E-02    8.2023689216E-01   -3.0467914807E-01    5.7199865682E+03    4.9952440534E-02
    7.0399990004E-02    1.1677531907E+00    8.5226392612E-02    5.7234642237E+03    5.4643863932E-02
    7.0439990004E-02    9.1887644342E-01   -5.7555346740E-02    5.7264066428E+03    5.4805307887E-02
    7.0479990004E-02    1.2489990278E+00    1.5481602226E-01    5.7299230080E+03    5.0247507470E-02
    7.0519990004E-02    7.6957630166E-01   -1.6275345004E-01    5.7331393210E+03    5.4326222281E-02
    7.0559990004E-02    1.1840982995E+00    6.6301260782E-02    5.7364313053E+03    6.2788551075E-02
    7.0599990004E-02    8.3507184144E-01    5.8612777171E-02    5.7395170730E+03    6.2648874826E-02
    7.0639990003E-02    1.2659042508E+00   -4.4803490039E-02    5.7428603829E+03    5.5580020638E-02
    7.0679990003E-02    8.0607308647E-01   -1.6906969486E-02    5.7462831653E+03    6.1906912398E-02
    7.0719990003E-02    1.1832934075E+00    2.7484232227E-02    5.7493761648E+03    7.1184394306E-02
    7.0759990003E-02    7.9727906588E-01    2.0827813777E-01    5.7526511058E+03    6.8932541424E-02
    7.0799990003E-02    1.2424808872E+00   -2.3039399327E-01    5.7558081582E+03    6.3494787362E-02
    7.0839990003E-02    9.1729807350E-01    7.8479792479E-02    5.7593820123E+03    6.8461572226E-02
    7.0879990003E-02    1.1639909690E+00   -4.5571327717E-02    5.7623082822E+03    7.2866918649E-02
    7.0919990003E-02    8.3619938560E-01    3.4864601505E-01    5.7657934025E+03    6.9139570318E-02
    7.0959990003E-02    1.1718306140E+00   -3.6081179209E-01    5.7687916620E+03    6.7050838458E-02
    7.0999990003E-02    1.0412303804E+00    9.1875586493E-02    5.7724320624E+03    6.8576191545E-02
    7.1039990003E-02    1.1217175597E+00   -1.1926019737E-01    5.7752618702E+03    6.6001327245E-02
    7.1079990003E-02    9.4512610364E-01    4.3097350840E-01    5.7789062523E+03    6.3238725543E-02
    7.1119990003E-02    1.0584263535E+00   -4.1881311518E-01    5.7818173152E+03    6.4055630773E-02
    7.1159990003E-02    1.1159028032E+00    7.1920799668E-02    5.7854497814E+03    6.2379182314E-02
    7.1199990003E-02    1.0576902017E+00   -1.5471436522E-01    5.7882650879E+03    5.6854932284E-02
    7.1239990003E-02    1.0797760002E+00    4.2241266856E-01    5.7919665325E+03    5.5346971498E-02
    7.1279990003E-02    9.3025798721E-01   -3.9157065642E-01    5.7948907907E+03    5.7486412737E-02
    7.1319990003E-02    1.1543947983E+00    5.3425692996E-02    5.7984515501E+03    5.5798825161E-02
    7.1359990003E-02    9.7561532201E-01   -1.3848926240E-01    5.8013198394E+03    5.0325325086E-02
    7.1399990003E-02    1.1893890886E+00    3.2099403388E-01    5.8049742077E+03    4.8525896378E-02
    7.1439990003E-02    8.2928265021E-01   -2.8897031900E-01    5.8080121186E+03    5.1536479592E-02
    7.1479990003E-02    1.1764006864E+00    3.5789091983E-02    5.8114398943E+03    5.3204991841E-02
    7.1519990003E-02    8.8496557903E-01   -6.4707231050E-02    5.8144165030E+03    4.8573976878E-02
    7.1559990003E-02    1.2486695390E+00    1.5020098225E-01    5.8179372703E+03    4.4433946507E-02
    7.1599990003E-02    7.8861879379E-01   -1.4224954102E-01    5.8211633748E+03    4.8901121739E-02
    7.1639990003E-02    1.1884578919E+00    2.7509330958E-02    5.8244168645E+03    5.4370729678E-02
    7.1679990003E-02    8.1911528442E-01    6.3692268976E-02    5.8275445792E+03    5.1501884390E-02
    7.1719990003E-02    1.2605838155E+00   -5.9016155730E-02    5.8308720667E+03    4.5602481184E-02
    7.1759990003E-02    8.2124928102E-01    5.2422369356E-03    5.8343106335E+03    5.0755776773E-02
    7.1799990003E-02    1.1855990090E+00    1.8474816469E-02    5.8373871189E+03    5.8776908875E-02
    7.1839990003E-02    8.1003177624E-01    2.1679006849E-01    5.8406894217E+03    5.8003899723E-02
    7.1879990003E-02    1.2298855104E+00   -2.5363472693E-01    5.8438184005E+03    5.3211405540E-02
    7.1919990003E-02    9.1109380434E-01    1.0858522767E-01    5.8474237974E+03    5.6805072074E-02
    7.1959990003E-02    1.1705027042E+00   -1.2478603262E-02    5.8503534015E+03    6.4718676069E-02
    7.1999990003E-02    8.6787957889E-01    3.5289927347E-01    5.8538273365E+03    6.5642930692E-02
    7.2039990003E-02    1.1496970881E+00   -3.8957473520E-01    5.8568038000E+03    6.2610427082E-02
    7.2079990003E-02    1.0200144223E+00    1.3611535590E-01    5.8604870189E+03    6.4882732643E-02
    7.2119990003E-02    1.1353579359E+00   -6.3718874719E-02    5.8633214925E+03    6.9537535396E-02
    7.2159990003E-02    9.7732868730E-01    4.3159173247E-01    5.8669328701E+03    6.9808263992E-02
    7.2199990003E-02    1.0306422762E+00   -4.4065747217E-01    5.8698388737E+03    6.9160875109E-02
    7.2239990003E-02    1.1078708301E+00    9.4356096518E-02    5.8734948054E+03    6.9891110954E-02
    7.2279990003E-02    1.0646933786E+00   -1.1961005597E-01    5.8763097074E+03    6.8386056011E-02
    7.2319990003E-02    1.1025985451E+00    4.2263696300E-01    5.8799907424E+03    6.6815374193E-02
    7.2359990003E-02    9.0901720455E-01   -3.9721629507E-01    5.8829255678E+03    6.8787300742E-02
    7.2399990003E-02    1.1580178451E+00    3.3989281635E-02    5.8864666059E+03    6.8157913535E-02
    7.2439990003E-02    9.5934053302E-01   -1.2871789547E-01    5.8893471233E+03    6.1384326272E-02
    7.2479990003E-02    1.2020224427E+00    3.2152242660E-01    5.8929974323E+03    5.8319830060E-02
    7.2519990002E-02    8.2653970494E-01   -2.8075108126E-01    5.8960533610E+03    6.2441577721E-02
    7.2559990002E-02    1.1805894563E+00   -9.9375421774E-03    5.8994304883E+03    6.2218987055E-02
    7.2599990002E-02    8.5358256656E-01   -5.7104627492E-02    5.9024394945E+03    5.3761524363E-02
    7.2639990002E-02    1.2534184944E+00    1.4885927925E-01    5.9059599459E+03    4.9124198090E-02
    7.2679990002E-02    8.0819031602E-01   -1.2924962298E-01    5.9091992265E+03    5.4840422439E-02
    7.2719990002E-02    1.1889075066E+00   -2.9813566265E-02    5.9123976983E+03    5.6565796043E-02
    7.2759990002E-02    7.9199390528E-01    7.6693214595E-02    5.9155761249E+03    4.9409433572E-02
    7.2799990002E-02    1.2590310391E+00   -6.1396159875E-02    5.9188954931E+03    4.4334103770E-02
    7.2839990002E-02    8.5375126234E-01    1.4621111140E-02    5.9223374356E+03    4.9657614791E-02
    7.2879990002E-02    1.1825768384E+00   -3.5367804307E-02    5.9253723566E+03    5.3349330968E-02
    7.2919990002E-02    8.0182607306E-01    2.2984427034E-01    5.9287327061E+03    4.9540097903E-02
    7.2959990002E-02    1.2210261719E+00   -2.5391773719E-01    5.9318446749E+03    4.6118385591E-02
    7.2999990002E-02    9.3909257000E-01    1.1357497195E-01    5.9354503375E+03    4.8683451947E-02
    7.3039990002E-02    1.1643317736E+00   -4.9819558596E-02    5.9383573425E+03    5.3405625702E-02
    7.3079990002E-02    8.8176584298E-01    3.5581936644E-01    5.9418730202E+03    5.3793535148E-02
    7.3119990002E-02    1.1309714179E+00   -3.8830614014E-01    5.9448341722E+03    5.1407515062E-02
    7.3159990002E-02    1.0264733569E+00    1.5404761726E-01    5.9485270839E+03    5.2670511450E-02
    7.3199990002E-02    1.1340900235E+00   -6.6995597071E-02    5.9513574658E+03    5.8137508292E-02
    7.3239990002E-02    1.0049133831E+00    4.1660010043E-01    5.9549698517E+03    6.0274278633E-02
    7.3279990002E-02    1.0002973326E+00   -4.3800480164E-01    5.9578743991E+03    5.8750542713E-02
    7.3319990002E-02    1.0972352460E+00    1.4229428419E-01    5.9615572729E+03    6.0863796663E-02
    7.3359990002E-02    1.0787947309E+00   -8.3542657545E-02    5.9643727396E+03    6.5427069449E-02
    7.3399990002E-02    1.1304028970E+00    3.9155910214E-01    5.9680167807E+03    6.5607276302E-02
    7.3439990002E-02    8.7232439690E-01   -3.9091503998E-01    5.9709699066E+03    6.6195690828E-02
    7.3479990002E-02    1.1484610713E+00    8.5002059035E-02    5.9745352943E+03    7.0081540006E-02
    7.3519990002E-02    9.7454421475E-01   -8.9277318236E-02    5.9774118896E+03    6.9503668443E-02
    7.3559990002E-02    1.2207586645E+00    2.8729995564E-01    5.9810190200E+03    6.5817290927E-02
    7.3599990002E-02    7.9984436939E-01   -2.6829947330E-01    5.9841095421E+03    6.9875537557E-02
    7.3639990002E-02    1.1774099844E+00    5.1165693098E-03    5.9874740994E+03    7.3647883145E-02
    7.3679990002E-02    8.4561656249E-01   -2.7508015865E-02    5.9904929340E+03    6.6146273508E-02
    7.3719990002E-02    1.2624167096E+00    1.2044819691E-01    5.9939832113E+03    5.9829819855E-02
    7.3759990002E-02    8.1097457910E-01   -1.1556662396E-01    5.9972553569E+03    6.6740822636E-02
    7.3799990002E-02    1.1854958584E+00   -5.3842980901E-02    6.0004109709E+03    6.7854232996E-02
    7.3839990002E-02    7.7258243463E-01    1.0527796999E-01    6.0036249240E+03    5.8469725900E-02
    7.3879990002E-02    1.2609114341E+00   -8.0728360229E-02    6.0069237147E+03    5.3069517683E-02
    7.3919990002E-02    8.8519315820E-01    1.7797642217E-02    6.0103789364E+03    5.9123012077E-02
    7.3959990002E-02    1.1750462317E+00   -8.1411075146E-02    6.0133697268E+03    5.8662557551E-02
    7.3999990002E-02    7.8996124392E-01    2.5612881949E-01    6.0167849507E+03    5.1987211921E-02
    7.4039990002E-02    1.2158996383E+00   -2.6143752152E-01    6.0198793640E+03    4.9680162643E-02
    7.4079990002E-02    9.7940958995E-01    9.9781086328E-02    6.0234772907E+03    5.1891083620E-02
    7.4119990002E-02    1.1501108682E+00   -1.0069127526E-01    6.0263545090E+03    5.1476728502E-02
    7.4159990002E-02    8.8529206980E-01    3.7150133606E-01    6.0299265643E+03    4.9388869824E-02
    7.4199990002E-02    1.1193214896E+00   -3.8256449436E-01    6.0328758467E+03    4.8588648928E-02
    7.4239990002E-02    1.0567097483E+00    1.3301681560E-01    6.0365484695E+03    4.8532398496E-02
    7.4279990002E-02    1.1132192263E+00   -1.1194756680E-01    6.0393684206E+03    4.9499135432E-02
    7.4319990002E-02    1.0195000470E+00    4.1247632339E-01    6.0430189720E+03    5.0360982848E-02
    7.4359990002E-02    9.8442074533E-01   -4.1869929789E-01    6.0459246148E+03    4.9852658498E-02
    7.4399990002E-02    1.1117812860E+00    1.3463530495E-01    6.0495873644E+03    5.0727745376E-02
    7.4439990001E-02    1.0583950941E+00   -1.0605933103E-01    6.0524099490E+03    5.3377602410E-02
    7.4479990001E-02    1.1468740068E+00    3.6191207923E-01    6.0560563421E+03    5.3642095877E-02
    7.4519990001E-02    8.5274978341E-01   -3.6213334846E-01    6.0590293407E+03    5.4024550075E-02
    7.4559990001E-02    1.1510300215E+00    1.1180068139E-01    6.0625890382E+03    5.8687388629E-02
    7.4599990001E-02    9.7215829683E-01   -7.5015605339E-02    6.0654768590E+03    6.1168510140E-02
    7.4639990001E-02    1.2320355118E+00    2.3357661460E-01    6.0690455429E+03    5.7764825380E-02
    7.4679990001E-02    7.7449506304E-01   -2.3578802498E-01    6.0721786257E+03    6.1007682260E-02
    7.4719990001E-02    1.1766052979E+00    6.9388125677E-02    6.0755519035E+03    6.9181001365E-02
    7.4759990001E-02    8.6093396895E-01    7.3122392038E-03    6.0785703465E+03    6.8238541437E-02
    7.4799990001E-02    1.2669974058E+00    5.4068954318E-02    6.0820010574E+03    6.1076293043E-02
    7.4839990001E-02    7.9031759068E-01   -8.5070888317E-02    6.0853317662E+03    6.8025494204E-02
    7.4879990001E-02    1.1838856138E+00    4.3569864097E-03    6.0884840962E+03    7.5186835506E-02
    7.4919990001E-02    7.8314911473E-01    1.4424269863E-01    6.0916989144E+03    6.9340000006E-02
    7.4959990001E-02    1.2600381756E+00   -1.3714303370E-01    6.0949486693E+03    6.3025665900E-02
    7.4999990001E-02    8.9219134826E-01    3.3264861457E-02    6.0984472466E+03    6.9335355303E-02
    7.5039990001E-02    1.1692385372E+00   -6.9885908786E-02    6.1014143480E+03    7.0749816258E-02
    7.5079990001E-02    7.9497500948E-01    2.9330025147E-01    6.1048538639E+03    6.3729399940E-02
    7.5119990001E-02    1.2078550282E+00   -2.9534531867E-01    6.1079187185E+03    6.1372500346E-02
    7.5159990001E-02    1.0113890160E+00    8.4134001937E-02    6.1115239141E+03    6.3497795322E-02
    7.5199990001E-02    1.1362064230E+00   -1.2379243726E-01    6.1143783958E+03    6.0116958882E-02
    7.5239990001E-02    8.9405638911E-01    3.9954420133E-01    6.1179905064E+03    5.6340648940E-02
    7.5279990001E-02    1.1059488533E+00   -3.9293222931E-01    6.1209268432E+03    5.6720418869E-02
    7.5319990001E-02    1.0890139756E+00    9.4630858940E-02    6.1245740440E+03    5.5525207362E-02
    7.5359990001E-02    1.0873715635E+00   -1.4774372283E-01    6.1273882852E+03    5.1606350086E-02
    7.5399990001E-02    1.0327692892E+00    4.2346952197E-01    6.1310764444E+03    5.0724862625E-02
    7.5439990001E-02    9.7263074219E-01   -4.0626717674E-01    6.1339853266E+03    5.1904865499E-02
    7.5479990001E-02    1.1345815637E+00    9.1105575649E-02    6.1376023482E+03    5.0822935912E-02
    7.5519990001E-02    1.0209040732E+00   -1.3740550509E-01    6.1404407958E+03    4.8330299746E-02
    7.5559990001E-02    1.1584141292E+00    3.5166727847E-01    6.1441069774E+03    4.7597966855E-02
    7.5599990001E-02    8.4968032370E-01   -3.3230780835E-01    6.1470983876E+03    4.9274845541E-02
    7.5639990001E-02    1.1641540381E+00    7.7244856402E-02    6.1506077060E+03    5.1824498680E-02
    7.5679990001E-02    9.3467869080E-01   -8.4361215245E-02    6.1535291047E+03    5.0519510566E-02
    7.5719990001E-02    1.2366218623E+00    2.0192221677E-01    6.1570882966E+03    4.7117455168E-02
    7.5759990001E-02    7.7954632573E-01   -1.9687444640E-01    6.1602534986E+03    5.0463581233E-02
    7.5799990001E-02    1.1829966082E+00    6.3472970783E-02    6.1635905687E+03    5.7376009999E-02
    7.5839990001E-02    8.4969987720E-01    2.4089904013E-02    6.1666459914E+03    5.6823846617E-02
    7.5879990001E-02    1.2639420972E+00    1.8254942170E-03    6.1700340075E+03    5.0327863948E-02
    7.5919990001E-02    7.9096914316E-01   -4.3981544291E-02    6.1734137070E+03    5.6010577137E-02
    7.5959990001E-02    1.1861485847E+00    4.3488608359E-02    6.1765553294E+03    6.5474887256E-02
    7.5999990001E-02    8.0534175048E-01    1.7283180131E-01    6.1797857254E+03    6.4711842045E-02
    7.6039990001E-02    1.2491710325E+00   -1.9920567191E-01    6.1829793738E+03    5.8786658277E-02
    7.6079990001E-02    8.8108006736E-01    7.2956646771E-02    6.1865375964E+03    6.3892041308E-02
    7.6119990001E-02    1.1729624429E+00   -9.0272754349E-03    6.1895044010E+03    7.1502091229E-02
    7.6159990001E-02    8.3017299879E-01    3.2189839593E-01    6.1929354569E+03    6.9825920188E-02
    7.6199990001E-02    1.1870016057E+00   -3.4865221898E-01    6.1959595399E+03    6.6580171460E-02
    7.6239990001E-02    1.0085814387E+00    1.0716671505E-01    6.1996077617E+03    6.9261710044E-02
    7.6279990001E-02    1.1370985395E+00   -8.5535520187E-02    6.2024559852E+03    7.0420017004E-02
    7.6319990000E-02    9.2590767636E-01    4.2290102532E-01    6.2060639577E+03    6.8247470185E-02
    7.6359990000E-02    1.0791580396E+00   -4.2214926987E-01    6.2089848703E+03    6.8141302861E-02
    7.6399990000E-02    1.1030600900E+00    7.7838011317E-02    6.2126312869E+03    6.7560178190E-02
    7.6439990000E-02    1.0730819547E+00   -1.4334394839E-01    6.2154453226E+03    6.2965858192E-02
    7.6479990000E-02    1.0580347988E+00    4.3591802079E-01    6.2191423504E+03    6.1124920368E-02
    7.6519990000E-02    9.5094559728E-01   -4.0693038650E-01    6.2220586427E+03    6.3128928136E-02
    7.6559990000E-02    1.1511818787E+00    4.5952394026E-02    6.2256316817E+03    6.1099998847E-02
    7.6599990000E-02    9.8626754177E-01   -1.4648720712E-01    6.2284907273E+03    5.4555983738E-02
    7.6639990000E-02    1.1747327647E+00    3.5020524841E-01    6.2321657919E+03    5.2569559124E-02
    7.6679990000E-02    8.4516071186E-01   -3.1123933201E-01    6.2351801520E+03    5.5820087181E-02
    7.6719990000E-02    1.1754384492E+00    2.1150953291E-02    6.2386217276E+03    5.5796399171E-02
    7.6759990000E-02    8.8975501497E-01   -8.3582934231E-02    6.2415865443E+03    4.9449766968E-02
    7.6799990000E-02    1.2428417909E+00    1.8719945470E-01    6.2451416751E+03    4.5749010996E-02
    7.6839990000E-02    7.9710048791E-01   -1.6573313888E-01    6.2483343542E+03    5.0316786859E-02
    7.6879990000E-02    1.1881459588E+00    7.9899716375E-03    6.2516038518E+03    5.3941075814E-02
    7.6919990000E-02    8.1725421182E-01    4.0627005040E-02    6.2547209461E+03    4.9033932207E-02
    7.6959990000E-02    1.2607349524E+00   -2.2300104480E-02    6.2580843026E+03    4.3517310006E-02
    7.6999990000E-02    8.2116636775E-01   -1.3411318264E-02    6.2614902910E+03    4.8791203978E-02
    7.7039990000E-02    1.1868292855E+00    3.4022928865E-03    6.2645831810E+03    5.5194895932E-02
    7.7079990000E-02    8.0394876235E-01    1.9513476600E-01    6.2678769566E+03    5.2989680729E-02
    7.7119990000E-02    1.2348478348E+00   -2.2617452516E-01    6.2710316013E+03    4.8420482076E-02
    7.7159990000E-02    9.0260675778E-01    1.0100448451E-01    6.2746189029E+03    5.1837642747E-02
    7.7199990000E-02    1.1728856107E+00   -1.6391379117E-02    6.2775633804E+03    5.9098863989E-02
    7.7239990000E-02    8.6105108409E-01    3.3566098165E-01    6.2810265730E+03    6.0033076161E-02
    7.7279990000E-02    1.1575507889E+00   -3.7593715680E-01    6.2840165061E+03    5.6836586245E-02
    7.7319990000E-02    1.0037457730E+00    1.4778655815E-01    6.2877035736E+03    5.8961586481E-02
    7.7359990000E-02    1.1441761245E+00   -4.9792449582E-02    6.2905493897E+03    6.5337371793E-02
    7.7399990000E-02    9.7176472672E-01    4.2053944617E-01    6.2941417438E+03    6.6962862207E-02
    7.7439990000E-02    1.0360888889E+00   -4.4220184616E-01    6.2970514389E+03    6.5465962344E-02
    7.7479990000E-02    1.0913533586E+00    1.2421302547E-01    6.3007330843E+03    6.7151514707E-02
    7.7519990000E-02    1.0842295938E+00   -9.3644472129E-02    6.3035473189E+03    6.9534389609E-02
    7.7559990000E-02    1.0988888040E+00    4.2037764031E-01    6.3072094958E+03    6.8954484020E-02
    7.7599990000E-02    9.0892808023E-01   -4.0847965967E-01    6.3101420081E+03    7.0038961677E-02
    7.7639990000E-02    1.1499090259E+00    5.5925944650E-02    6.3137109053E+03    7.1202843363E-02
    7.7679990000E-02    9.7708957473E-01   -1.1712327086E-01    6.3165803683E+03    6.6855693946E-02
    7.7719990000E-02    1.2004316306E+00    3.2931596922E-01    6.3202276161E+03    6.3615909100E-02
    7.7759990000E-02    8.2446970350E-01   -2.9379368139E-01    6.3232781394E+03    6.7584698242E-02
    7.7799990000E-02    1.1783453031E+00   -9.4896020866E-03    6.3266669641E+03    6.8047112472E-02
    7.7839990000E-02    8.5698745057E-01   -5.9324962207E-02    6.3296680527E+03    5.9302095772E-02
    7.7879990000E-02    1.2540632048E+00    1.6326299995E-01    6.3332003827E+03    5.4226812634E-02
    7.7919990000E-02    8.0997426848E-01   -1.4048144914E-01    6.3364305341E+03    6.0321867052E-02
    7.7959990000E-02    1.1876539381E+00   -4.5150170265E-02    6.3396281803E+03    6.1034340022E-02
    7.7999990000E-02    7.8500570200E-01    7.1664672667E-02    6.3428074260E+03    5.2340281287E-02
    7.8039990000E-02    1.2609996954E+00   -4.6146871578E-02    6.3461431402E+03    4.7134660799E-02
    7.8079990000E-02    8.6073969970E-01    4.8616006037E-03    6.3495722749E+03    5.2977395357E-02
    7.8119990000E-02    1.1812333991E+00   -5.6629895567E-02    6.3526031538E+03    5.4588489594E-02
    7.8159990000E-02    7.9218654415E-01    2.2653107901E-01    6.3559738916E+03    4.9135940605E-02
    7.8199990000E-02    1.2239178918E+00   -2.4133183351E-01    6.3590966125E+03    4.6113130273E-02
    7.8239989999E-02    9.4807480690E-01    1.0438364125E-01    6.3626900109E+03    4.8734782396E-02
    7.8279989999E-02    1.1609267289E+00   -7.0545425618E-02    6.3655940825E+03    5.1296937689E-02
    7.8319989999E-02    8.7559115317E-01    3.5369325769E-01    6.3691255416E+03    5.0382063467E-02
    7.8359989999E-02    1.1336572007E+00   -3.7837946383E-01    6.3720908075E+03    4.8569855065E-02
    7.8399989999E-02    1.0327155090E+00    1.4773504228E-01    6.3757757945E+03    4.9307023583E-02
    7.8439989999E-02    1.1293344695E+00   -8.3880998758E-02    6.3786062483E+03    5.3123139348E-02
    7.8479989999E-02    1.0039763202E+00    4.1210769808E-01    6.3822307683E+03    5.4885304115E-02
    7.8519989999E-02    1.0001387786E+00   -4.3023634866E-01    6.3851371865E+03    5.3566041139E-02
    7.8559989999E-02    1.0980838394E+00    1.4686156119E-01    6.3888210111E+03    5.5227378976E-02
    7.8599989999E-02    1.0773859995E+00   -8.8429686283E-02    6.3916391834E+03    5.9785733417E-02
    7.8639989999E-02    1.1333828764E+00    3.8035174424E-01    6.3952818891E+03    6.0416900955E-02
    7.8679989999E-02    8.6583741421E-01   -3.8430903288E-01    6.3982404551E+03    6.0556490319E-02
    7.8719989999E-02    1.1456360178E+00    1.0813329231E-01    6.4018189532E+03    6.5265447630E-02
    7.8759989999E-02    9.8390392008E-01   -7.8526181307E-02    6.4046949097E+03    6.7345986090E-02
    7.8799989999E-02    1.2247115533E+00    2.6817837544E-01    6.4082856626E+03    6.3953311455E-02
    7.8839989999E-02    7.8649830979E-01   -2.6145575584E-01    6.4113906077E+03    6.7508573144E-02
    7.8879989999E-02    1.1753737571E+00    3.8354101105E-02    6.4147707488E+03    7.4063769098E-02
    7.8919989999E-02    8.5560850852E-01   -1.3308906331E-02    6.4177835788E+03    6.9522485457E-02
    7.8959989999E-02    1.2651929959E+00    9.8331370615E-02    6.4212538629E+03    6.2628477769E-02
    7.8999989999E-02    8.0168745662E-01   -1.0807598736E-01    6.4245469667E+03    6.9743711852E-02
    7.9039989999E-02    1.1842778704E+00   -3.6396280721E-02    6.4277024507E+03    7.3117555131E-02
    7.9079989999E-02    7.7323577092E-01    1.2025550229E-01    6.4309186708E+03    6.4414930133E-02
    7.9119989999E-02    1.2617634379E+00   -9.8916097565E-02    6.4342033399E+03    5.8501306664E-02
    7.9159989999E-02    8.9193901190E-01    2.0455697940E-02    6.4376728619E+03    6.4827855296E-02
    7.9199989999E-02    1.1716661313E+00   -8.6327249363E-02    6.4406519087E+03    6.4081979235E-02
    7.9239989999E-02    7.8830204553E-01    2.7186022796E-01    6.4440844275E+03    5.6677985744E-02
    7.9279989999E-02    1.2132725565E+00   -2.7275879439E-01    6.4471694049E+03    5.4527590478E-02
    7.9319989999E-02    9.9690551763E-01    9.1020053221E-02    6.4507684109E+03    5.6637061676E-02
    7.9359989999E-02    1.1427763446E+00   -1.1741123007E-01    6.4536351493E+03    5.4249633993E-02
    7.9399989999E-02    8.8854052023E-01    3.8398178923E-01    6.4572316861E+03    5.1203458258E-02
    7.9439989999E-02    1.1127112447E+00   -3.8545290228E-01    6.4601761264E+03    5.1100032461E-02
    7.9479989999E-02    1.0732818520E+00    1.1607630903E-01    6.4638377606E+03    5.0441938185E-02
    7.9519989999E-02    1.1001772526E+00   -1.3174821827E-01    6.4666557432E+03    4.8984766042E-02
    7.9559989999E-02    1.0277940972E+00    4.1579573876E-01    6.4703274449E+03    4.9029389247E-02
    7.9599989999E-02    9.7617986553E-01   -4.1072979185E-01    6.4732363002E+03    4.9323527523E-02
    7.9639989999E-02    1.1235045362E+00    1.1649304145E-01    6.4768791539E+03    4.9358643916E-02
    7.9679989999E-02    1.0394131374E+00   -1.2164670487E-01    6.4797111502E+03    4.9734949025E-02
    7.9719989999E-02    1.1556114505E+00    3.5157182349E-01    6.4833662561E+03    4.9504446969E-02
    7.9759989999E-02    8.4674355795E-01   -3.4350015237E-01    6.4863536747E+03    5.0419552858E-02
    7.9799989999E-02    1.1579534224E+00    9.9890890179E-02    6.4898895826E+03    5.4410915962E-02
    7.9839989999E-02    9.5283390328E-01   -7.6525872251E-02    6.4927971087E+03    5.5578269997E-02
    7.9879989999E-02    1.2368004297E+00    2.0777892200E-01    6.4963548482E+03    5.2020875698E-02
    7.9919989999E-02    7.7232300789E-01   -2.0963907750E-01    6.4995151246E+03    5.5274812204E-02
    7.9959989999E-02    1.1799699139E+00    7.5160320583E-02    6.5028689577E+03    6.3420047803E-02
    7.9999989999E-02    8.5534978240E-01    2.3509611650E-02    6.5059100869E+03    6.3641364116E-02
