 sig=    1.000000000000000      inputfile=
 /home/rjrj524/Finished/vmec_gc_tracer/revised_251128/nc/wout_pwO_nfp2_A6.nc                                                                                                                             
 dt=   2.0000000000000000E-008
 steps=      4000000
 x0=   7.0000000000000007E-002    3.070000000000000      
   -3.140000000000000     
 u=    1470.000000000000     
 v_perp=    12500.00000000000     
 
time(s)         x0(1)       x0(2)        x0(3)      r
    3.9980000000E-05    1.0062826422E+00    4.1214276277E-03   -3.0851235302E+00    6.9983194268E-02
    7.9980000000E-05    1.0069518062E+00    1.6966822937E-02   -3.0308539363E+00    6.9959619212E-02
    1.1998000000E-04    1.0077864928E+00    2.9480098175E-02   -2.9774421470E+00    6.9929312589E-02
    1.5998000000E-04    1.0087841845E+00    4.1546501523E-02   -2.9251329686E+00    6.9891961332E-02
    1.9998000000E-04    1.0099419377E+00    5.3066611990E-02   -2.8741889803E+00    6.9847151869E-02
    2.3998000000E-04    1.0112535396E+00    6.3958050847E-02   -2.8248885332E+00    6.9794592449E-02
    2.7998000000E-04    1.0127067308E+00    7.4154632687E-02   -2.7775244868E+00    6.9734223098E-02
    3.1998000000E-04    1.0142811095E+00    8.3604560985E-02   -2.7324017688E+00    6.9666219077E-02
    3.5998000000E-04    1.0159471442E+00    9.2268692838E-02   -2.6898330238E+00    6.9590938102E-02
    3.9998000000E-04    1.0176662964E+00    1.0011944567E-01   -2.6501328984E+00    6.9508857352E-02
    4.3998000000E-04    1.0193921392E+00    1.0713999577E-01   -2.6136117282E+00    6.9420525290E-02
    4.7998000000E-04    1.0210723103E+00    1.1332327798E-01   -2.5805691452E+00    6.9326534383E-02
    5.1998000000E-04    1.0226511335E+00    1.1867040886E-01   -2.5512878054E+00    6.9227510827E-02
    5.5998000000E-04    1.0240725781E+00    1.2318874992E-01   -2.5260273046E+00    6.9124113860E-02
    5.9998000000E-04    1.0252831764E+00    1.2689001405E-01   -2.5050184056E+00    6.9017038353E-02
    6.3998000000E-04    1.0262346114E+00    1.2978868914E-01   -2.4884577340E+00    6.8907016624E-02
    6.7998000000E-04    1.0268861489E+00    1.3190011911E-01   -2.4765029342E+00    6.8794817688E-02
    7.1998000000E-04    1.0272071887E+00    1.3323755317E-01   -2.4692682779E+00    6.8681242020E-02
    7.5998000000E-04    1.0271793921E+00    1.3380946537E-01   -2.4668211418E+00    6.8567111890E-02
    7.9998000000E-04    1.0267978378E+00    1.3361834347E-01   -2.4691798503E+00    6.8453258302E-02
    8.3998000000E-04    1.0260710260E+00    1.3266129528E-01   -2.4763131532E+00    6.8340507701E-02
    8.7998000000E-04    1.0250202782E+00    1.3093118183E-01   -2.4881411466E+00    6.8229669820E-02
    9.1998000000E-04    1.0236787675E+00    1.2841775375E-01   -2.5045374550E+00    6.8121527496E-02
    9.5998000000E-04    1.0220900497E+00    1.2510909212E-01   -2.5253325919E+00    6.8016827975E-02
    9.9998000000E-04    1.0203060161E+00    1.2099353565E-01   -2.5503183240E+00    6.7916276588E-02
    1.0399800000E-03    1.0183841913E+00    1.1606238602E-01   -2.5792527868E+00    6.7820534212E-02
    1.0799800000E-03    1.0163848002E+00    1.1031255852E-01   -2.6118659060E+00    6.7730220186E-02
    1.1199800000E-03    1.0143678905E+00    1.0374866546E-01   -2.6478648478E+00    6.7645917261E-02
    1.1599800000E-03    1.0123906816E+00    9.6384305066E-02   -2.6869394163E+00    6.7568173341E-02
    1.1999800000E-03    1.0105051023E+00    8.8242967621E-02   -2.7287674632E+00    6.7497494337E-02
    1.2399800000E-03    1.0087555622E+00    7.9359052063E-02   -2.7730204022E+00    6.7434326323E-02
    1.2799800000E-03    1.0071773319E+00    6.9778703039E-02   -2.8193688829E+00    6.7379026093E-02
    1.3199800000E-03    1.0057958139E+00    5.9560388173E-02   -2.8674887299E+00    6.7331822341E-02
    1.3599800000E-03    1.0046269476E+00    4.8774933546E-02   -2.9170669261E+00    6.7292775680E-02
    1.3999800000E-03    1.0036786857E+00    3.7505250791E-02   -2.9678070367E+00    6.7261756259E-02
    1.4399800000E-03    1.0029533500E+00    2.5845635499E-02   -3.0194329165E+00    6.7238466809E-02
    1.4799800000E-03    1.0024504157E+00    1.3900371901E-02   -3.0716895986E+00    6.7222532858E-02
    1.5199800000E-03    1.0021691213E+00    1.7813885874E-03   -3.1243409957E+00    6.7213650089E-02
    1.5599800000E-03    1.0021103862E+00   -1.0395053189E-02   -3.1771647524E+00    6.7211730322E-02
    1.5999800000E-03    1.0022777407E+00   -2.2512178934E-02   -3.2299446277E+00    6.7216963865E-02
    1.6399800000E-03    1.0026771476E+00   -3.4456217621E-02   -3.2824607280E+00    6.7229755603E-02
    1.6799800000E-03    1.0033156669E+00   -4.6119000882E-02   -3.3344788309E+00    6.7250571856E-02
    1.7199800000E-03    1.0041990711E+00   -5.7399634590E-02   -3.3857414691E+00    6.7279783276E-02
    1.7599800000E-03    1.0053288063E+00   -6.8205658813E-02   -3.4359635333E+00    6.7317569845E-02
    1.7999800000E-03    1.0066989474E+00   -7.8454071150E-02   -3.4848333511E+00    6.7363901131E-02
    1.8399800000E-03    1.0082937957E+00   -8.8072319440E-02   -3.5320180146E+00    6.7418567408E-02
    1.8799800000E-03    1.0100865327E+00   -9.6999185998E-02   -3.5771707442E+00    6.7481229626E-02
    1.9199800000E-03    1.0120390443E+00   -1.0518542074E-01   -3.6199384676E+00    6.7551465657E-02
    1.9599800000E-03    1.0141029413E+00   -1.1259370432E-01   -3.6599688642E+00    6.7628802988E-02
    1.9999800000E-03    1.0162214939E+00   -1.1919815880E-01   -3.6969167399E+00    6.7712737067E-02
    2.0399800000E-03    1.0183321348E+00   -1.2498358408E-01   -3.7304499373E+00    6.7802737338E-02
    2.0799800000E-03    1.0203691296E+00   -1.2994473838E-01   -3.7602549617E+00    6.7898244050E-02
    2.1199800000E-03    1.0222663813E+00   -1.3408520632E-01   -3.7860425245E+00    6.7998658213E-02
    2.1599800000E-03    1.0239606198E+00   -1.3741502915E-01   -3.8075532413E+00    6.8103331295E-02
    2.1999800000E-03    1.0253946217E+00   -1.3994778764E-01   -3.8245633704E+00    6.8211559934E-02
    2.2399800000E-03    1.0265202716E+00   -1.4169739930E-01   -3.8368903507E+00    6.8322588525E-02
    2.2799800000E-03    1.0273008105E+00   -1.4267593606E-01   -3.8443975434E+00    6.8435617301E-02
    2.3199800000E-03    1.0277125178E+00   -1.4289182318E-01   -3.8469979380E+00    6.8549813374E-02
    2.3599800000E-03    1.0277457417E+00   -1.4234864935E-01   -3.8446565585E+00    6.8664323654E-02
    2.3999800000E-03    1.0274055893E+00   -1.4104392279E-01   -3.8373915389E+00    6.8778289760E-02
    2.4399800000E-03    1.0267119041E+00   -1.3896858501E-01   -3.8252736014E+00    6.8890864183E-02
    2.4799800000E-03    1.0256981937E+00   -1.3610798234E-01   -3.8084237954E+00    6.9001226301E-02
    2.5199800000E-03    1.0244092991E+00   -1.3244481992E-01   -3.7870096310E+00    6.9108594973E-02
    2.5599800000E-03    1.0228985842E+00   -1.2796244976E-01   -3.7612402884E+00    6.9212235925E-02
    2.5999800000E-03    1.0212251130E+00   -1.2264747514E-01   -3.7313613992E+00    6.9311462869E-02
    2.6399800000E-03    1.0194508841E+00   -1.1649148458E-01   -3.6976495983E+00    6.9405633375E-02
    2.6799800000E-03    1.0176376680E+00   -1.0949310292E-01   -3.6604067000E+00    6.9494140339E-02
    2.7199800000E-03    1.0158437732E+00   -1.0165991679E-01   -3.6199535812E+00    6.9576402256E-02
    2.7599800000E-03    1.0141210178E+00   -9.3010111124E-02   -3.5766236734E+00    6.9651858321E-02
    2.7999800000E-03    1.0125123826E+00   -8.3573199778E-02   -3.5307559467E+00    6.9719977440E-02
    2.8399800000E-03    1.0110504966E+00   -7.3390228117E-02   -3.4826872689E+00    6.9780290114E-02
    2.8799800000E-03    1.0097571738E+00   -6.2513835416E-02   -3.4327445388E+00    6.9832447368E-02
    2.9199800000E-03    1.0086441366E+00   -5.1008888923E-02   -3.3812376320E+00    6.9876297811E-02
    2.9599800000E-03    1.0077150609E+00   -3.8953667497E-02   -3.3284548892E+00    6.9911951848E-02
    2.9999800000E-03    1.0069686353E+00   -2.6441299709E-02   -3.2746623998E+00    6.9939778060E-02
    3.0399800000E-03    1.0064019431E+00   -1.3580356451E-02   -3.2201065574E+00    6.9960276417E-02
    3.0799800000E-03    1.0060133992E+00   -4.9289538726E-04   -3.1650172790E+00    6.9973832838E-02
    3.1199800000E-03    1.0058048236E+00    1.2691038141E-02   -3.1096096653E+00    6.9980469950E-02
    3.1599800000E-03    1.0057826850E+00    2.5841188483E-02   -3.0540859322E+00    6.9979767149E-02
    3.1999800000E-03    1.0059585093E+00    3.8833916285E-02   -2.9986428603E+00    6.9971025493E-02
    3.2399800000E-03    1.0063480190E+00    5.1555487627E-02   -2.9434871244E+00    6.9953567902E-02
    3.2799800000E-03    1.0069685380E+00    6.3901966205E-02   -2.8888537019E+00    6.9926984268E-02
    3.3199800000E-03    1.0078348611E+00    7.5777828401E-02   -2.8350190773E+00    6.9891215483E-02
    3.3599800000E-03    1.0089545582E+00    8.7095241329E-02   -2.7823042536E+00    6.9846498518E-02
    3.3999800000E-03    1.0103238954E+00    9.7774649204E-02   -2.7310682966E+00    6.9793252693E-02
    3.4399800000E-03    1.0119252044E+00    1.0774630648E-01   -2.6816964811E+00    6.9731973041E-02
    3.4799800000E-03    1.0137259776E+00    1.1695207599E-01   -2.6345872278E+00    6.9663160513E-02
    3.5199800000E-03    1.0156794971E+00    1.2534698857E-01   -2.5901405392E+00    6.9587292478E-02
    3.5599800000E-03    1.0177266042E+00    1.3290025848E-01   -2.5487489745E+00    6.9504825258E-02
    3.5999800000E-03    1.0197983882E+00    1.3959525163E-01   -2.5107908358E+00    6.9416216591E-02
    3.6399800000E-03    1.0218195320E+00    1.4542838956E-01   -2.4766246389E+00    6.9321955657E-02
    3.6799800000E-03    1.0237122277E+00    1.5040681758E-01   -2.4465838090E+00    6.9222590500E-02
    3.7199800000E-03    1.0254000837E+00    1.5454579470E-01   -2.4209710924E+00    6.9118746331E-02
    3.7599800000E-03    1.0268118636E+00    1.5786586723E-01   -2.4000525106E+00    6.9011132931E-02
    3.7999800000E-03    1.0278848926E+00    1.6039000580E-01   -2.3840510878E+00    6.8900541847E-02
    3.8399800000E-03    1.0285684210E+00    1.6214008552E-01   -2.3731405915E+00    6.8787835775E-02
    3.8799800000E-03    1.0288268243E+00    1.6313298095E-01   -2.3674398142E+00    6.8673931314E-02
    3.9199800000E-03    1.0286419382E+00    1.6337764882E-01   -2.3670082478E+00    6.8559777390E-02
    3.9599800000E-03    1.0280140707E+00    1.6287406774E-01   -2.3718438691E+00    6.8446331363E-02
    3.9999800000E-03    1.0269617550E+00    1.6161392260E-01   -2.3818832369E+00    6.8334535636E-02
    4.0399800000E-03    1.0255205814E+00    1.5958242400E-01   -2.3970036315E+00    6.8225295905E-02
    4.0799800000E-03    1.0237414011E+00    1.5676067216E-01   -2.4170268649E+00    6.8119462021E-02
    4.1199800000E-03    1.0216878472E+00    1.5312857735E-01   -2.4417245053E+00    6.8017811620E-02
    4.1599800000E-03    1.0194333483E+00    1.4866790157E-01   -2.4708240962E+00    6.7921038056E-02
    4.1999800000E-03    1.0170573216E+00    1.4336606542E-01   -2.5040159290E+00    6.7829745295E-02
    4.2399800000E-03    1.0146410937E+00    1.3721982347E-01   -2.5409595844E+00    6.7744454501E-02
    4.2799800000E-03    1.0122640008E+00    1.3023812353E-01   -2.5812897300E+00    6.7665621289E-02
    4.3199800000E-03    1.0099999820E+00    1.2244365939E-01   -2.6246211759E+00    6.7593660151E-02
    4.3599800000E-03    1.0079148064E+00    1.1387287363E-01   -2.6705535921E+00    6.7528967598E-02
    4.3999800000E-03    1.0060632626E+00    1.0457606926E-01   -2.7186768372E+00    6.7471939285E-02
    4.4399800000E-03    1.0044868272E+00    9.4617074362E-02   -2.7685775093E+00    6.7422977462E-02
    4.4799800000E-03    1.0032122096E+00    8.4072286885E-02   -2.8198474056E+00    6.7382484235E-02
    4.5199800000E-03    1.0022512117E+00    7.3028819728E-02   -2.8720942333E+00    6.7350836116E-02
    4.5599800000E-03    1.0016021525E+00    6.1581664512E-02   -2.9249540321E+00    6.7328335154E-02
    4.5999800000E-03    1.0012526709E+00    4.9830565908E-02   -2.9781032867E+00    6.7315137459E-02
    4.6399800000E-03    1.0011835188E+00    3.7877268794E-02   -3.0312667049E+00    6.7311173878E-02
    4.6799800000E-03    1.0013725846E+00    2.5823959939E-02   -3.0842159743E+00    6.7316098919E-02
    4.7199800000E-03    1.0017982503E+00    1.3773347759E-02   -3.1367570799E+00    6.7329316327E-02
    4.7599800000E-03    1.0024414316E+00    1.8297837773E-03   -3.1887089284E+00    6.7350106831E-02
    4.7999800000E-03    1.0032861533E+00   -9.9001857970E-03   -3.2398809154E+00    6.7377821756E-02
    4.8399800000E-03    1.0043189247E+00   -2.1309380677E-02   -3.2900576131E+00    6.7412050045E-02
    4.8799800000E-03    1.0055273006E+00   -3.2293856732E-02   -3.3389942716E+00    6.7452673522E-02
    4.9199800000E-03    1.0068979579E+00   -4.2757805630E-02   -3.3864211547E+00    6.7499796673E-02
    4.9599800000E-03    1.0084146161E+00   -5.2617710920E-02   -3.4320520126E+00    6.7553608462E-02
    4.9999800000E-03    1.0100561955E+00   -6.1804684901E-02   -3.4755927264E+00    6.7614250529E-02
    5.0399800000E-03    1.0117955787E+00   -7.0264974775E-02   -3.5167482725E+00    6.7681735020E-02
    5.0799800000E-03    1.0135992142E+00   -7.7959100105E-02   -3.5552278812E+00    6.7755916445E-02
    5.1199800000E-03    1.0154276023E+00   -8.4860223576E-02   -3.5907490204E+00    6.7836500764E-02
    5.1599800000E-03    1.0172365219E+00   -9.0952274149E-02   -3.6230409028E+00    6.7923071868E-02
    5.1999800000E-03    1.0189787598E+00   -9.6228135189E-02   -3.6518479747E+00    6.8015119913E-02
    5.2399800000E-03    1.0206061800E+00   -1.0068777302E-01   -3.6769336576E+00    6.8112063562E-02
    5.2799800000E-03    1.0220719912E+00   -1.0433620875E-01   -3.6980843802E+00    6.8213265359E-02
    5.3199800000E-03    1.0233330627E+00   -1.0718135644E-01   -3.7151137937E+00    6.8318042570E-02
    5.3599800000E-03    1.0243520233E+00   -1.0923214799E-01   -3.7278668780E+00    6.8425675805E-02
    5.3999800000E-03    1.0250990378E+00   -1.1049693816E-01   -3.7362236438E+00    6.8535416447E-02
    5.4399800000E-03    1.0255531513E+00   -1.1098230251E-01   -3.7401021097E+00    6.8646493390E-02
    5.4799800000E-03    1.0257033998E+00   -1.1069155242E-01   -3.7394604484E+00    6.8758120229E-02
    5.5199800000E-03    1.0255494515E+00   -1.0962360424E-01   -3.7342980768E+00    6.8869503683E-02
    5.5599800000E-03    1.0251016399E+00   -1.0777256299E-01   -3.7246556234E+00    6.8979853327E-02
    5.5999800000E-03    1.0243800244E+00   -1.0512912270E-01   -3.7106136327E+00    6.9088390740E-02
    5.6399800000E-03    1.0234130459E+00   -1.0168220585E-01   -3.6922903258E+00    6.9194357286E-02
    5.6799800000E-03    1.0222359102E+00   -9.7420518699E-02   -3.6698385095E+00    6.9297021058E-02
    5.7199800000E-03    1.0208888482E+00   -9.2333617283E-02   -3.6434418179E+00    6.9395685244E-02
    5.7599800000E-03    1.0194149432E+00   -8.6413671945E-02   -3.6133103612E+00    6.9489699600E-02
    5.7999800000E-03    1.0178577859E+00   -7.9657601931E-02   -3.5796761875E+00    6.9578476949E-02
    5.8399800000E-03    1.0162592282E+00   -7.2069340538E-02   -3.5427889380E+00    6.9661517186E-02
    5.8799800000E-03    1.0146575037E+00   -6.3661984073E-02   -3.5029119271E+00    6.9738440203E-02
    5.9199800000E-03    1.0130858654E+00   -5.4460020235E-02   -3.4603186979E+00    6.9809023475E-02
    5.9599800000E-03    1.0115718698E+00   -4.4501843651E-02   -3.4152898128E+00    6.9873229317E-02
    5.9999800000E-03    1.0101374296E+00   -3.3842389813E-02   -3.3681090846E+00    6.9931191925E-02
    6.0399800000E-03    1.0087996996E+00   -2.2554727931E-02   -3.3190577581E+00    6.9983129208E-02
    6.0799800000E-03    1.0075726219E+00   -1.0729245568E-02   -3.2684047444E+00    7.0029167396E-02
    6.1199800000E-03    1.0064689014E+00    1.5306419314E-03   -3.2163927949E+00    7.0069129695E-02
    6.1599800000E-03    1.0055022996E+00    1.4115603770E-02   -3.1632252114E+00    7.0102411536E-02
    6.1999800000E-03    1.0046902114E+00    2.6917309300E-02   -3.1090626188E+00    7.0128060764E-02
    6.2399800000E-03    1.0040561568E+00    3.9831636368E-02   -3.0540383148E+00    7.0145056592E-02
    6.2799800000E-03    1.0036311525E+00    5.2757107914E-02   -2.9982909882E+00    7.0152631585E-02
    6.3199800000E-03    1.0034527261E+00    6.5590846584E-02   -2.9420020713E+00    7.0150456257E-02
    6.3599800000E-03    1.0035610793E+00    7.8225606126E-02   -2.8854220727E+00    7.0138623030E-02
    6.3999800000E-03    1.0039931482E+00    9.0549950613E-02   -2.8288777316E+00    7.0117498256E-02
    6.4399800000E-03    1.0047761270E+00    1.0245142335E-01   -2.7727620793E+00    7.0087552066E-02
    6.4799800000E-03    1.0059219870E+00    1.1382137578E-01   -2.7175150810E+00    7.0049235653E-02
    6.5199800000E-03    1.0074239078E+00    1.2456009946E-01   -2.6636024541E+00    7.0002921177E-02
    6.5599800000E-03    1.0092548742E+00    1.3458125637E-01   -2.6114975693E+00    6.9948891405E-02
    6.5999800000E-03    1.0113683101E+00    1.4381484369E-01   -2.5616685591E+00    6.9887361953E-02
    6.6399800000E-03    1.0137001666E+00    1.5220872987E-01   -2.5145708235E+00    6.9818522397E-02
    6.6799800000E-03    1.0161718733E+00    1.5972900564E-01   -2.4706436231E+00    6.9742585457E-02
    6.7199800000E-03    1.0186937950E+00    1.6635937982E-01   -2.4303085640E+00    6.9659834624E-02
    6.7599800000E-03    1.0211689282E+00    1.7210000709E-01   -2.3939677449E+00    6.9570662625E-02
    6.7999800000E-03    1.0234971836E+00    1.7696516283E-01   -2.3619998204E+00    6.9475596184E-02
    6.8399800000E-03    1.0255802459E+00    1.8097971984E-01   -2.3347534071E+00    6.9375304657E-02
    6.8799800000E-03    1.0273265860E+00    1.8417492316E-01   -2.3125383863E+00    6.9270594005E-02
    6.9199800000E-03    1.0286563583E+00    1.8658361342E-01   -2.2956162773E+00    6.9162389395E-02
    6.9599800000E-03    1.0295055973E+00    1.8823571037E-01   -2.2841911180E+00    6.9051710904E-02
    6.9999800000E-03    1.0298298157E+00    1.8915380742E-01   -2.2784018184E+00    6.8939645990E-02
    7.0399800000E-03    1.0296065947E+00    1.8934980192E-01   -2.2783166533E+00    6.8827320980E-02
    7.0799800000E-03    1.0288370458E+00    1.8882303086E-01   -2.2839301916E+00    6.8715872201E-02
    7.1199800000E-03    1.0275458087E+00    1.8756058280E-01   -2.2951630596E+00    6.8606416957E-02
    7.1599800000E-03    1.0257798239E+00    1.8553928404E-01   -2.3118646836E+00    6.8500024575E-02
    7.1999800000E-03    1.0236057235E+00    1.8272942246E-01   -2.3338189428E+00    6.8397688645E-02
    7.2399800000E-03    1.0211061127E+00    1.7909954431E-01   -2.3607520701E+00    6.8300302043E-02
    7.2799800000E-03    1.0183749233E+00    1.7462185846E-01   -2.3923419532E+00    6.8208637064E-02
    7.3199800000E-03    1.0155126896E+00    1.6927678817E-01   -2.4282276738E+00    6.8123332657E-02
    7.3599800000E-03    1.0126217870E+00    1.6305675323E-01   -2.4680182988E+00    6.8044891110E-02
    7.3999800000E-03    1.0098020827E+00    1.5596870658E-01   -2.5112998583E+00    6.7973686327E-02
    7.4399800000E-03    1.0071466540E+00    1.4803630872E-01   -2.5576400513E+00    6.7909984269E-02
    7.4799800000E-03    1.0047378402E+00    1.3930150608E-01   -2.6065908048E+00    6.7853974867E-02
    7.5199800000E-03    1.0026440775E+00    1.2982478027E-01   -2.6576896586E+00    6.7805809134E-02
    7.5599800000E-03    1.0009173334E+00    1.1968434106E-01   -2.7104618239E+00    6.7765634064E-02
    7.5999800000E-03    9.9959121300E-01    1.0897427700E-01   -2.7644247932E+00    6.7733619900E-02
    7.6399800000E-03    9.9867998473E-01    9.7801710288E-02   -2.8190968929E+00    6.7709977815E-02
    7.6799800000E-03    9.9817884404E-01    8.6283201721E-02   -2.8740104443E+00    6.7694967971E-02
    7.7199800000E-03    9.9806595566E-01    7.4540195798E-02   -2.9287290755E+00    6.7688893130E-02
    7.7599800000E-03    9.9830641265E-01    6.2693530707E-02   -2.9828672083E+00    6.7692063371E-02
    7.7999800000E-03    9.9885756686E-01    5.0857734466E-02   -3.0361074538E+00    6.7704716304E-02
    7.8399800000E-03    9.9967461689E-01    3.9136512648E-02   -3.0882093896E+00    6.7726897675E-02
    7.8799800000E-03    1.0007151366E+00    2.7621077112E-02   -3.1390033971E+00    6.7758345357E-02
    7.9199800000E-03    1.0019416035E+00    1.6392113395E-02   -3.1883678369E+00    6.7798445325E-02
    7.9599800000E-03    1.0033217833E+00    5.5243555656E-03   -3.2361954389E+00    6.7846307576E-02
    7.9999800000E-03    1.0048275664E+00   -4.9088831424E-03   -3.2823604735E+00    6.7900945152E-02
    8.0399800000E-03    1.0064331184E+00   -1.4833807448E-02   -3.3266977342E+00    6.7961476440E-02
    8.0799800000E-03    1.0081130315E+00   -2.4177729905E-02   -3.3689979600E+00    6.8027260430E-02
    8.1199800000E-03    1.0098408366E+00   -3.2872987918E-02   -3.4090167915E+00    6.8097921063E-02
    8.1599800000E-03    1.0115880147E+00   -4.0861095070E-02   -3.4464903295E+00    6.8173279259E-02
    8.1999800000E-03    1.0133235603E+00   -4.8095496069E-02   -3.4811508474E+00    6.8253245192E-02
    8.2399800000E-03    1.0150141073E+00   -5.4542412913E-02   -3.5127391168E+00    6.8337719805E-02
    8.2799800000E-03    1.0166245858E+00   -6.0179988812E-02   -3.5410126857E+00    6.8426530101E-02
    8.3199800000E-03    1.0181193223E+00   -6.4996335282E-02   -3.5657509956E+00    6.8519399835E-02
    8.3599800000E-03    1.0194634271E+00   -6.8987141228E-02   -3.5867585526E+00    6.8615946473E-02
    8.3999800000E-03    1.0206242867E+00   -7.2153331973E-02   -3.6038670756E+00    6.8715692032E-02
    8.4399800000E-03    1.0215730554E+00   -7.4498790312E-02   -3.6169372479E+00    6.8818079595E-02
    8.4799800000E-03    1.0222860252E+00   -7.6028341029E-02   -3.6258603235E+00    6.8922491275E-02
    8.5199800000E-03    1.0227458110E+00   -7.6745966363E-02   -3.6305597362E+00    6.9028266052E-02
    8.5599800000E-03    1.0229421807E+00   -7.6653703110E-02   -3.6309924475E+00    6.9134716865E-02
    8.5999800000E-03    1.0228724855E+00   -7.5751108414E-02   -3.6271497909E+00    6.9241146394E-02
    8.6399800000E-03    1.0225416867E+00   -7.4035155649E-02   -3.6190576000E+00    6.9346862375E-02
    8.6799800000E-03    1.0219619855E+00   -7.1500556306E-02   -3.6067756580E+00    6.9451193604E-02
    8.7199800000E-03    1.0211520618E+00   -6.8140646452E-02   -3.5903966307E+00    6.9553507480E-02
    8.7599800000E-03    1.0201359722E+00   -6.3948866646E-02   -3.5700446664E+00    6.9653229062E-02
    8.7999800000E-03    1.0189418124E+00   -5.8920660740E-02   -3.5458737850E+00    6.9749861534E-02
    8.8399800000E-03    1.0176002413E+00   -5.3055718732E-02   -3.5180660406E+00    6.9843006153E-02
    8.8799800000E-03    1.0161429707E+00   -4.6360517958E-02   -3.4868292640E+00    6.9932376893E-02
    8.9199800000E-03    1.0146013412E+00   -3.8851070842E-02   -3.4523938324E+00    7.0017798415E-02
    8.9599800000E-03    1.0130051383E+00   -3.0555396945E-02   -3.4150073927E+00    7.0099172171E-02
    8.9999800000E-03    1.0113817820E+00   -2.1514899973E-02   -3.3749259236E+00    7.0176396235E-02
    9.0399800000E-03    1.0097559807E+00   -1.1783751169E-02   -3.3323996393E+00    7.0249240603E-02
    9.0799800000E-03    1.0081499766E+00   -1.4259119077E-03   -3.2876540631E+00    7.0317213246E-02
    9.1199800000E-03    1.0065846266E+00    9.4896571069E-03   -3.2408706262E+00    7.0379486242E-02
    9.1599800000E-03    1.0050816001E+00    2.0893511396E-02   -3.1921755864E+00    7.0434957003E-02
    9.1999800000E-03    1.0036666873E+00    3.2717381132E-02   -3.1416471638E+00    7.0482462537E-02
    9.2399800000E-03    1.0023735061E+00    4.4891408392E-02   -3.0893447959E+00    7.0521065103E-02
    9.2799800000E-03    1.0012462247E+00    5.7337861564E-02   -3.0353531093E+00    7.0550264397E-02
    9.3199800000E-03    1.0003396763E+00    6.9964926118E-02   -2.9798245090E+00    7.0570028210E-02
    9.3599800000E-03    9.9971595933E-01    8.2663995128E-02   -2.9230049459E+00    7.0580648783E-02
    9.3999800000E-03    9.9943799596E-01    9.5311574631E-02   -2.8652369143E+00    7.0582529965E-02
    9.4399800000E-03    9.9956167520E-01    1.0777461770E-01   -2.8069441977E+00    7.0576018094E-02
    9.4799800000E-03    1.0001284772E+00    1.1991735211E-01   -2.7486075222E+00    7.0561325390E-02
    9.5199800000E-03    1.0011599492E+00    1.3160815263E-01   -2.6907390082E+00    7.0538529229E-02
    9.5599800000E-03    1.0026546107E+00    1.4272564438E-01   -2.6338601810E+00    7.0507608307E-02
    9.5999800000E-03    1.0045871892E+00    1.5316353656E-01   -2.5784861144E+00    7.0468488719E-02
    9.6399800000E-03    1.0069096386E+00    1.6283389412E-01   -2.5251169091E+00    7.0421091008E-02
    9.6799800000E-03    1.0095532359E+00    1.7166888091E-01   -2.4742361007E+00    7.0365377390E-02
    9.7199800000E-03    1.0124311711E+00    1.7962138424E-01   -2.4263137137E+00    7.0301397817E-02
    9.7599800000E-03    1.0154412966E+00    1.8666517571E-01   -2.3818103787E+00    7.0229331328E-02
    9.7999800000E-03    1.0184698000E+00    1.9279391512E-01   -2.3411787233E+00    7.0149517875E-02
    9.8399800000E-03    1.0213958664E+00    1.9801918819E-01   -2.3048598121E+00    7.0062475970E-02
    9.8799800000E-03    1.0240971823E+00    2.0236760587E-01   -2.2732743416E+00    6.9968904998E-02
    9.9199800000E-03    1.0264560933E+00    2.0587664580E-01   -2.2468099543E+00    6.9869673411E-02
    9.9599800000E-03    1.0283655731E+00    2.0858982052E-01   -2.2258070580E+00    6.9765796520E-02
    9.9999800000E-03    1.0297351077E+00    2.1055057987E-01   -2.2105451861E+00    6.9658409071E-02
    1.0039980000E-02    1.0304961005E+00    2.1179555934E-01   -2.2012313791E+00    6.9548734837E-02
    1.0079980000E-02    1.0306060677E+00    2.1234870292E-01   -2.1979914832E+00    6.9438055044E-02
    1.0119980000E-02    1.0300511189E+00    2.1221761189E-01   -2.2008648130E+00    6.9327676444E-02
    1.0159980000E-02    1.0288467113E+00    2.1139257287E-01   -2.2098023776E+00    6.9218899717E-02
    1.0199980000E-02    1.0270368813E+00    2.0984808250E-01   -2.2246687077E+00    6.9112988200E-02
    1.0239980000E-02    1.0246919462E+00    2.0754667736E-01   -2.2452472160E+00    6.9011137094E-02
    1.0279980000E-02    1.0219045225E+00    2.0444484679E-01   -2.2712488434E+00    6.8914443864E-02
    1.0319980000E-02    1.0187840021E+00    2.0050024612E-01   -2.3023234235E+00    6.8823881609E-02
    1.0359980000E-02    1.0154503003E+00    1.9567854941E-01   -2.3380728218E+00    6.8740277066E-02
    1.0399980000E-02    1.0120275894E+00    1.8995880579E-01   -2.3780645510E+00    6.8664295634E-02
    1.0439980000E-02    1.0086386347E+00    1.8333678086E-01   -2.4218440918E+00    6.8596435521E-02
    1.0479980000E-02    1.0053994593E+00    1.7582732756E-01   -2.4689442264E+00    6.8537033009E-02
    1.0519980000E-02    1.0024148943E+00    1.6746560001E-01   -2.5188899756E+00    6.8486279327E-02
    1.0559980000E-02    9.9977509499E-01    1.5830731756E-01   -2.5711990558E+00    6.8444246207E-02
    1.0599980000E-02    9.9755274079E-01    1.4842839017E-01   -2.6253794074E+00    6.8410915517E-02
    1.0639980000E-02    9.9580069574E-01    1.3792387519E-01   -2.6809265180E+00    6.8386207881E-02
    1.0679980000E-02    9.9455012238E-01    1.2690604702E-01   -2.7373234565E+00    6.8370007303E-02
    1.0719980000E-02    9.9380931610E-01    1.1550143122E-01   -2.7940456552E+00    6.8362183756E-02
    1.0759980000E-02    9.9356380117E-01    1.0384675865E-01   -2.8505710511E+00    6.8362620522E-02
    1.0799980000E-02    9.9377825961E-01    9.2083890112E-02   -2.9063950624E+00    6.8371251675E-02
    1.0839980000E-02    9.9440052937E-01    8.0353883004E-02   -2.9610493494E+00    6.8388102835E-02
    1.0879980000E-02    9.9536740278E-01    6.8790453372E-02   -3.0141226219E+00    6.8413309638E-02
    1.0919980000E-02    9.9661137430E-01    5.7513434540E-02   -3.0652800187E+00    6.8447080398E-02
    1.0959980000E-02    9.9806703856E-01    4.6623432032E-02   -3.1142753011E+00    6.8489589958E-02
    1.0999980000E-02    9.9967577988E-01    3.6199279061E-02   -3.1609496930E+00    6.8540836210E-02
    1.1039980000E-02    1.0013879196E+00    2.6299403104E-02   -3.2052147222E+00    6.8600525750E-02
    1.1079980000E-02    1.0031624210E+00    1.6966649628E-02   -3.2470227491E+00    6.8668047818E-02
    1.1119980000E-02    1.0049649940E+00    8.2346273909E-03   -3.2863340880E+00    6.8742548646E-02
    1.1159980000E-02    1.0067656568E+00    1.3336384184E-04   -3.3230903975E+00    6.8823067846E-02
    1.1199980000E-02    1.0085366243E+00   -7.3073584115E-03   -3.3572001838E+00    6.8908676669E-02
    1.1239980000E-02    1.0102509499E+00   -1.4058055013E-02   -3.3885366389E+00    6.8998571073E-02
    1.1279980000E-02    1.0118818032E+00   -2.0090943890E-02   -3.4169448960E+00    6.9092104024E-02
    1.1319980000E-02    1.0134023616E+00   -2.5381735059E-02   -3.4422540427E+00    6.9188768729E-02
    1.1359980000E-02    1.0147861985E+00   -2.9910682271E-02   -3.4642901469E+00    6.9288157111E-02
    1.1399980000E-02    1.0160080400E+00   -3.3662754608E-02   -3.4828878325E+00    6.9389912978E-02
    1.1439980000E-02    1.0170446918E+00   -3.6627411123E-02   -3.4978991698E+00    6.9493692851E-02
    1.1479980000E-02    1.0178759853E+00   -3.8797859889E-02   -3.5091999411E+00    6.9599139952E-02
    1.1519980000E-02    1.0184856369E+00   -4.0170100418E-02   -3.5166937426E+00    6.9705872434E-02
    1.1559980000E-02    1.0188619582E+00   -4.0741904389E-02   -3.5203145657E+00    6.9813483476E-02
    1.1599980000E-02    1.0189983492E+00   -4.0512075326E-02   -3.5200282758E+00    6.9921549296E-02
    1.1639980000E-02    1.0188935496E+00   -3.9479927578E-02   -3.5158333129E+00    7.0029641091E-02
    1.1679980000E-02    1.0185516075E+00   -3.7645217124E-02   -3.5077606582E+00    7.0137337469E-02
    1.1719980000E-02    1.0179815659E+00   -3.5008417822E-02   -3.4958730489E+00    7.0244234253E-02
    1.1759980000E-02    1.0171968577E+00   -3.1571594999E-02   -3.4802631319E+00    7.0349949047E-02
    1.1799980000E-02    1.0162144738E+00   -2.7339466733E-02   -3.4610502775E+00    7.0454117620E-02
    1.1839980000E-02    1.0150539680E+00   -2.2320621357E-02   -3.4383754970E+00    7.0556378011E-02
    1.1879980000E-02    1.0137364057E+00   -1.6528169365E-02   -3.4123940178E+00    7.0656338381E-02
    1.1919980000E-02    1.0122833480E+00   -9.9798130457E-03   -3.3832649076E+00    7.0753528180E-02
    1.1959980000E-02    1.0107160225E+00   -2.6968877413E-03   -3.3511378789E+00    7.0847342223E-02
    1.1999980000E-02    1.0090549272E+00    5.2971453923E-03   -3.3161385630E+00    7.0936999048E-02
    1.2039980000E-02    1.0073202117E+00    1.3978331867E-02   -3.2783558223E+00    7.1021544656E-02
    1.2079980000E-02    1.0055331950E+00    2.3322821450E-02   -3.2378365572E+00    7.1099928167E-02
    1.2119980000E-02    1.0037191908E+00    3.3305163927E-02   -3.1945937148E+00    7.1171151760E-02
    1.2159980000E-02    1.0019112492E+00    4.3894003586E-02   -3.1486302938E+00    7.1234454276E-02
    1.2199980000E-02    1.0001539768E+00    5.5045227632E-02   -3.0999755116E+00    7.1289449200E-02
    1.2239980000E-02    9.9850596486E-01    6.6695066814E-02   -3.0487229954E+00    7.1336137887E-02
    1.2279980000E-02    9.9703934771E-01    7.8755988134E-02   -2.9950584823E+00    7.1374777117E-02
    1.2319980000E-02    9.9583586621E-01    9.1116864599E-02   -2.9392690613E+00    7.1405665383E-02
    1.2359980000E-02    9.9498001389E-01    1.0364701985E-01   -2.8817346731E+00    7.1428957670E-02
    1.2399980000E-02    9.9455079812E-01    1.1620240320E-01   -2.8229088087E+00    7.1444585921E-02
    1.2439980000E-02    9.9461383952E-01    1.2863229791E-01   -2.7632957178E+00    7.1452286697E-02
    1.2479980000E-02    9.9521501565E-01    1.4078596181E-01   -2.7034282917E+00    7.1451684766E-02
    1.2519980000E-02    9.9637625683E-01    1.5251900694E-01   -2.6438484331E+00    7.1442379255E-02
    1.2559980000E-02    9.9809359110E-01    1.6369910129E-01   -2.5850917549E+00    7.1424006615E-02
    1.2599980000E-02    1.0003370818E+00    1.7421036232E-01   -2.5276790487E+00    7.1396280294E-02
    1.2639980000E-02    1.0030519882E+00    1.8395608564E-01   -2.4721159401E+00    7.1359016995E-02
    1.2679980000E-02    1.0061604911E+00    1.9286006231E-01   -2.4188993892E+00    7.1312157936E-02
    1.2719980000E-02    1.0095637550E+00    2.0086708774E-01   -2.3685268792E+00    7.1255788735E-02
    1.2759980000E-02    1.0131444024E+00    2.0794342117E-01   -2.3215031162E+00    7.1190157659E-02
    1.2799980000E-02    1.0167696601E+00    2.1407759559E-01   -2.2783402380E+00    7.1115690527E-02
    1.2839980000E-02    1.0202960060E+00    2.1928053009E-01   -2.2395499644E+00    7.1032999668E-02
    1.2879980000E-02    1.0235755384E+00    2.2358388359E-01   -2.2056288371E+00    7.0942884280E-02
    1.2919980000E-02    1.0264638139E+00    2.2703572986E-01   -2.1770393835E+00    7.0846320793E-02
    1.2959980000E-02    1.0288283296E+00    2.2969352266E-01   -2.1541904500E+00    7.0744443471E-02
    1.2999980000E-02    1.0305564393E+00    2.3161547358E-01   -2.1374194379E+00    7.0638517086E-02
    1.3039980000E-02    1.0315618698E+00    2.3285175465E-01   -2.1269781042E+00    7.0529904816E-02
    1.3079980000E-02    1.0317896238E+00    2.3343667997E-01   -2.1230225545E+00    7.0420034139E-02
    1.3119980000E-02    1.0312193540E+00    2.3338282565E-01   -2.1256073859E+00    7.0310362186E-02
    1.3159980000E-02    1.0298669561E+00    2.3267838589E-01   -2.1346837327E+00    7.0202340965E-02
    1.3199980000E-02    1.0277838078E+00    2.3128901137E-01   -2.1501010322E+00    7.0097382653E-02
    1.3239980000E-02    1.0250534508E+00    2.2916411175E-01   -2.1716124779E+00    6.9996826008E-02
    1.3279980000E-02    1.0217866141E+00    2.2624538265E-01   -2.1988842139E+00    6.9901904733E-02
    1.3319980000E-02    1.0181149281E+00    2.2247591997E-01   -2.2315083160E+00    6.9813718915E-02
    1.3359980000E-02    1.0141836144E+00    2.1780859736E-01   -2.2690191874E+00    6.9733211848E-02
    1.3399980000E-02    1.0101431849E+00    2.1221329937E-01   -2.3109121305E+00    6.9661155321E-02
    1.3439980000E-02    1.0061412161E+00    2.0568189137E-01   -2.3566618626E+00    6.9598145539E-02
    1.3479980000E-02    1.0023153194E+00    1.9823044433E-01   -2.4057380820E+00    6.9544609486E-02
    1.3519980000E-02    9.9878799626E-01    1.8989908377E-01   -2.4576154113E+00    6.9500818623E-02
    1.3559980000E-02    9.9566320291E-01    1.8075064991E-01   -2.5117763559E+00    6.9466905719E-02
    1.3599980000E-02    9.9302416912E-01    1.7086900686E-01   -2.5677079560E+00    6.9442880406E-02
    1.3639980000E-02    9.9093183152E-01    1.6035735172E-01   -2.6248950162E+00    6.9428640206E-02
    1.3679980000E-02    9.8942346316E-01    1.4933628572E-01   -2.6828140697E+00    6.9423976082E-02
    1.3719980000E-02    9.8851155304E-01    1.3794111200E-01   -2.7409317982E+00    6.9428575110E-02
    1.3759980000E-02    9.8818343154E-01    1.2631800146E-01   -2.7987095946E+00    6.9442027616E-02
    1.3799980000E-02    9.8840228909E-01    1.1461915291E-01   -2.8556134666E+00    6.9463850400E-02
    1.3839980000E-02    9.8911003746E-01    1.0299745558E-01   -2.9111270684E+00    6.9493536680E-02
    1.3879980000E-02    9.9023205770E-01    9.1601135787E-02   -2.9647659902E+00    6.9530631925E-02
    1.3919980000E-02    9.9168344928E-01    8.0568546398E-02   -3.0160926208E+00    6.9574813805E-02
    1.3959980000E-02    9.9337602132E-01    7.0023095688E-02   -3.0647311230E+00    6.9625936852E-02
    1.3999980000E-02    9.9522497680E-01    6.0068639955E-02   -3.1103804962E+00    6.9684007014E-02
    1.4039980000E-02    9.9715416759E-01    5.0786235982E-02   -3.1528217256E+00    6.9749084374E-02
    1.4079980000E-02    9.9909914257E-01    4.2233212451E-02   -3.1919150805E+00    6.9821154172E-02
    1.4119980000E-02    1.0010077403E+00    3.4445196555E-02   -3.2275868166E+00    6.9900024134E-02
    1.4159980000E-02    1.0028387654E+00    2.7440589243E-02   -3.2598087335E+00    6.9985287010E-02
    1.4199980000E-02    1.0045597385E+00    2.1225981429E-02   -3.2885763750E+00    7.0076349264E-02
    1.4239980000E-02    1.0061444914E+00    1.5801484476E-02   -3.3138912715E+00    7.0172498800E-02
    1.4279980000E-02    1.0075713184E+00    1.1164515531E-02   -3.3357497249E+00    7.0272979031E-02
    1.4319980000E-02    1.0088218158E+00    7.3117523811E-03   -3.3541381549E+00    7.0377046531E-02
    1.4359980000E-02    1.0098802405E+00    4.2400319301E-03   -3.3690336130E+00    7.0484004065E-02
    1.4399980000E-02    1.0107332912E+00    1.9465240086E-03   -3.3804073694E+00    7.0593211213E-02
    1.4439980000E-02    1.0113700629E+00    4.2931199582E-04   -3.3882299691E+00    7.0704079948E-02
    1.4479980000E-02    1.0117821943E+00   -3.1240546230E-04   -3.3924759684E+00    7.0816062219E-02
    1.4519980000E-02    1.0119640211E+00   -2.7817423102E-04   -3.3931274815E+00    7.0928634254E-02
    1.4559980000E-02    1.0119126929E+00    5.3338267230E-04   -3.3901758875E+00    7.1041279561E-02
    1.4599980000E-02    1.0116281518E+00    2.1243327330E-03   -3.3836217403E+00    7.1153471302E-02
    1.4639980000E-02    1.0111129873E+00    4.4973485439E-03   -3.3734729548E+00    7.1264654156E-02
    1.4679980000E-02    1.0103721550E+00    7.6561262217E-03   -3.3597415429E+00    7.1374227105E-02
    1.4719980000E-02    1.0094126388E+00    1.1605983821E-02   -3.3424390831E+00    7.1481530081E-02
    1.4759980000E-02    1.0082432305E+00    1.6354073442E-02   -3.3215714424E+00    7.1585840191E-02
    1.4799980000E-02    1.0068747486E+00    2.1908532680E-02   -3.2971340574E+00    7.1686384199E-02
    1.4839980000E-02    1.0053208987E+00    2.8276926865E-02   -3.2691103020E+00    7.1782375441E-02
    1.4879980000E-02    1.0035999827E+00    3.5463753419E-02   -3.2374755865E+00    7.1873079071E-02
    1.4919980000E-02    1.0017373075E+00    4.3467279143E-02   -3.2022093223E+00    7.1957899036E-02
    1.4959980000E-02    9.9976834749E-01    5.2274518769E-02   -3.1633142533E+00    7.2036459540E-02
    1.4999980000E-02    9.9774185506E-01    6.1855713773E-02   -3.1208402024E+00    7.2108637382E-02
    1.5039980000E-02    9.9572203492E-01    7.2159347328E-02   -3.0749059245E+00    7.2174507193E-02
    1.5079980000E-02    9.9378849295E-01    8.3109718039E-02   -3.0257125379E+00    7.2234199625E-02
    1.5119980000E-02    9.9203329132E-01    9.4607703506E-02   -2.9735450831E+00    7.2287726416E-02
    1.5159980000E-02    9.9055543522E-01    1.0653388310E-01   -2.9187640556E+00    7.2334853167E-02
    1.5199980000E-02    9.8945375239E-01    1.1875272948E-01   -2.8617922422E+00    7.2375074490E-02
    1.5239980000E-02    9.8881943695E-01    1.3111682658E-01   -2.8031011815E+00    7.2407687043E-02
    1.5279980000E-02    9.8872923553E-01    1.4347114793E-01   -2.7431981659E+00    7.2431910896E-02
    1.5319980000E-02    9.8923981318E-01    1.5565804053E-01   -2.6826126334E+00    7.2447005298E-02
    1.5359980000E-02    9.9038371988E-01    1.6752296400E-01   -2.6218819035E+00    7.2452348689E-02
    1.5399980000E-02    9.9216715267E-01    1.7892019818E-01   -2.5615390712E+00    7.2447478718E-02
    1.5439980000E-02    9.9456928423E-01    1.8971744619E-01   -2.5021072856E+00    7.2432101853E-02
    1.5479980000E-02    9.9754250403E-01    1.9979884927E-01   -2.4441028753E+00    7.2406085334E-02
    1.5519980000E-02    1.0010128681E+00    2.0906690957E-01   -2.3880457999E+00    7.2369443283E-02
    1.5559980000E-02    1.0048805270E+00    2.1744438581E-01   -2.3344722515E+00    7.2322326783E-02
    1.5599980000E-02    1.0090206325E+00    2.2487693666E-01   -2.2839429788E+00    7.2265024179E-02
    1.5639980000E-02    1.0132857254E+00    2.3133632435E-01   -2.2370424918E+00    7.2197972395E-02
    1.5679980000E-02    1.0175107594E+00    2.3682268616E-01   -2.1943676278E+00    7.2121774361E-02
    1.5719980000E-02    1.0215208372E+00    2.4136441979E-01   -2.1565074793E+00    7.2037214172E-02
    1.5759980000E-02    1.0251409187E+00    2.4501456517E-01   -2.1240188202E+00    7.1945262448E-02
    1.5799980000E-02    1.0282062602E+00    2.4784340944E-01   -2.0974014515E+00    7.1847068066E-02
    1.5839980000E-02    1.0305723689E+00    2.4992796822E-01   -2.0770767598E+00    7.1743936914E-02
    1.5879980000E-02    1.0321237507E+00    2.5133958597E-01   -2.0633710937E+00    7.1637300925E-02
    1.5919980000E-02    1.0327806619E+00    2.5213205284E-01   -2.0565042069E+00    7.1528681216E-02
    1.5959980000E-02    1.0325036620E+00    2.5233233428E-01   -2.0565823081E+00    7.1419648195E-02
    1.5999980000E-02    1.0312952440E+00    2.5193657602E-01   -2.0635951248E+00    7.1311781028E-02
    1.6039980000E-02    1.0291994968E+00    2.5091096956E-01   -2.0774164508E+00    7.1206627637E-02
    1.6079980000E-02    1.0262996892E+00    2.4919754350E-01   -2.0978080271E+00    7.1105665736E-02
    1.6119980000E-02    1.0227143903E+00    2.4672301751E-01   -2.1244270143E+00    7.1010265307E-02
    1.6159980000E-02    1.0185910774E+00    2.4341050488E-01   -2.1568376575E+00    7.0921654611E-02
    1.6199980000E-02    1.0140976017E+00    2.3919175277E-01   -2.1945275124E+00    7.0840893621E-02
    1.6239980000E-02    1.0094118196E+00    2.3401818732E-01   -2.2369278931E+00    7.0768859314E-02
    1.6279980000E-02    1.0047109226E+00    2.2786847414E-01   -2.2834369872E+00    7.0706245793E-02
    1.6319980000E-02    1.0001617418E+00    2.2075190345E-01   -2.3334427726E+00    7.0653578582E-02
    1.6359980000E-02    9.9591319790E-01    2.1270794760E-01   -2.3863419736E+00    7.0611237934E-02
    1.6399980000E-02    9.9209132162E-01    2.0380341648E-01   -2.4415516181E+00    7.0579482334E-02
    1.6439980000E-02    9.8879660378E-01    1.9412879676E-01   -2.4985115273E+00    7.0558463333E-02
    1.6479980000E-02    9.8610310085E-01    1.8379468995E-01   -2.5566788787E+00    7.0548226298E-02
    1.6519980000E-02    9.8405830820E-01    1.7292873559E-01   -2.6155188133E+00    7.0548697655E-02
    1.6559980000E-02    9.8268312765E-01    1.6167264314E-01   -2.6744964022E+00    7.0559664659E-02
    1.6599980000E-02    9.8197189745E-01    1.5017863489E-01   -2.7330743492E+00    7.0580756578E-02
    1.6639980000E-02    9.8189304173E-01    1.3860487338E-01   -2.7907178672E+00    7.0611436909E-02
    1.6679980000E-02    9.8239106056E-01    1.2711010301E-01   -2.8469047627E+00    7.0651015898E-02
    1.6719980000E-02    9.8339024036E-01    1.1584829526E-01   -2.9011368382E+00    7.0698691066E-02
    1.6759980000E-02    9.8479991360E-01    1.0496410539E-01   -2.9529493361E+00    7.0753617670E-02
    1.6799980000E-02    9.8652055236E-01    9.4589613422E-02   -3.0019176244E+00    7.0814998878E-02
    1.6839980000E-02    9.8845001973E-01    8.4842088655E-02   -3.0476624571E+00    7.0882170811E-02
    1.6879980000E-02    9.9048949315E-01    7.5822131455E-02   -3.0898552437E+00    7.0954650140E-02
    1.6919980000E-02    9.9254839039E-01    6.7612137702E-02   -3.1282231859E+00    7.1032122167E-02
    1.6959980000E-02    9.9454781256E-01    6.0275396770E-02   -3.1625522265E+00    7.1114373325E-02
    1.6999980000E-02    9.9642215855E-01    5.3856472918E-02   -3.1926855140E+00    7.1201197402E-02
    1.7039980000E-02    9.9811890770E-01    4.8383393574E-02   -3.2185167343E+00    7.1292313098E-02
    1.7079980000E-02    9.9959725730E-01    4.3871062579E-02   -3.2399795836E+00    7.1387317699E-02
    1.7119980000E-02    1.0008260569E+00    4.0325619383E-02   -3.2570361005E+00    7.1485680512E-02
    1.7159980000E-02    1.0017819954E+00    3.7748119416E-02   -3.2696658724E+00    7.1586764269E-02
    1.7199980000E-02    1.0024481643E+00    3.6137294948E-02   -3.2778575426E+00    7.1689856429E-02
    1.7239980000E-02    1.0028130229E+00    3.5491433473E-02   -3.2816030288E+00    7.1794198416E-02
    1.7279980000E-02    1.0028697129E+00    3.5809628413E-02   -3.2808942709E+00    7.1899007357E-02
    1.7319980000E-02    1.0026155458E+00    3.7092913286E-02   -3.2757222153E+00    7.2003493993E-02
    1.7359980000E-02    1.0020520160E+00    3.9344356931E-02   -3.2660773452E+00    7.2106881307E-02
    1.7399980000E-02    1.0011852529E+00    4.2568308674E-02   -3.2519519064E+00    7.2208428531E-02
    1.7439980000E-02    1.0000271683E+00    4.6768287394E-02   -3.2333441341E+00    7.2307461859E-02
    1.7479980000E-02    9.9859710129E-01    5.1944160365E-02   -3.2102653334E+00    7.2403409593E-02
    1.7519980000E-02    9.9692404368E-01    5.8088459610E-02   -3.1827498282E+00    7.2495832309E-02
    1.7559980000E-02    9.9504883869E-01    6.5182851416E-02   -3.1508670119E+00    7.2584430748E-02
    1.7599980000E-02    9.9302612268E-01    7.3194706630E-02   -3.1147328447E+00    7.2669012304E-02
    1.7639980000E-02    9.9092514904E-01    8.2074828997E-02   -3.0745178935E+00    7.2749408949E-02
    1.7679980000E-02    9.8882937560E-01    9.1756124637E-02   -3.0304496440E+00    7.2825364480E-02
    1.7719980000E-02    9.8683452482E-01    1.0215341743E-01   -2.9828096905E+00    7.2896432076E-02
    1.7759980000E-02    9.8504489730E-01    1.1316431852E-01   -2.9319287836E+00    7.2961925814E-02
    1.7799980000E-02    9.8356828353E-01    1.2467040594E-01   -2.8781827898E+00    7.3020946853E-02
    1.7839980000E-02    9.8250978483E-01    1.3653865085E-01   -2.8219904698E+00    7.3072471629E-02
    1.7879980000E-02    9.8196557745E-01    1.4862300948E-01   -2.7638108624E+00    7.3115466642E-02
    1.7919980000E-02    9.8201691855E-01    1.6076732071E-01   -2.7041373734E+00    7.3148994398E-02
    1.7959980000E-02    9.8272489344E-01    1.7280994440E-01   -2.6434873582E+00    7.3172290052E-02
    1.7999980000E-02    9.8412642921E-01    1.8458953418E-01   -2.5823896017E+00    7.3184802719E-02
    1.8039980000E-02    9.8623174254E-01    1.9595069743E-01   -2.5213748785E+00    7.3186203154E-02
    1.8079980000E-02    9.8902286026E-01    2.0674850880E-01   -2.4609744198E+00    7.3176363268E-02
    1.8119980000E-02    9.9245253007E-01    2.1685179864E-01   -2.4017275454E+00    7.3155317407E-02
    1.8159980000E-02    9.9644306006E-01    2.2614612170E-01   -2.3441950122E+00    7.3123220479E-02
    1.8199980000E-02    1.0008853481E+00    2.3453757551E-01   -2.2889714247E+00    7.3080319480E-02
    1.8239980000E-02    1.0056391556E+00    2.4195793173E-01   -2.2366899115E+00    7.3026949594E-02
    1.8279980000E-02    1.0105360068E+00    2.4837025400E-01   -2.1880150351E+00    7.2963555273E-02
    1.8319980000E-02    1.0153856770E+00    2.5377303627E-01   -2.1436240523E+00    7.2890725925E-02
    1.8359980000E-02    1.0199863812E+00    2.5820040375E-01   -2.1041802217E+00    7.2809230726E-02
    1.8399980000E-02    1.0241371577E+00    2.6171726411E-01   -2.0703035651E+00    7.2720039248E-02
    1.8439980000E-02    1.0276504069E+00    2.6440968391E-01   -2.0425440108E+00    7.2624321121E-02
    1.8479980000E-02    1.0303631151E+00    2.6637162377E-01   -2.0213598943E+00    7.2523425786E-02
    1.8519980000E-02    1.0321456868E+00    2.6769034288E-01   -2.0071026126E+00    7.2418847761E-02
    1.8559980000E-02    1.0329089960E+00    2.6843177490E-01   -2.0000067092E+00    7.2312184106E-02
    1.8599980000E-02    1.0326087280E+00    2.6862958718E-01   -2.0001842517E+00    7.2205088931E-02
    1.8639980000E-02    1.0312474989E+00    2.6827944843E-01   -2.0076225593E+00    7.2099226999E-02
    1.8679980000E-02    1.0288745881E+00    2.6733988164E-01   -2.0221848004E+00    7.1996227281E-02
    1.8719980000E-02    1.0255837411E+00    2.6573898382E-01   -2.0436133861E+00    7.1897636988E-02
    1.8759980000E-02    1.0215086774E+00    2.6338615042E-01   -2.0715365483E+00    7.1804877681E-02
    1.8799980000E-02    1.0168164507E+00    2.6018641565E-01   -2.1054788924E+00    7.1719206362E-02
    1.8839980000E-02    1.0116982601E+00    2.5605546301E-01   -2.1448768450E+00    7.1641686218E-02
    1.8879980000E-02    1.0063580452E+00    2.5093289476E-01   -2.1890993745E+00    7.1573173200E-02
    1.8919980000E-02    1.0009997708E+00    2.4479181527E-01   -2.2374730562E+00    7.1514323377E-02
    1.8959980000E-02    9.9581497150E-01    2.3764354195E-01   -2.2893087979E+00    7.1465621435E-02
    1.8999980000E-02    9.9097284465E-01    2.2953689334E-01   -2.3439260665E+00    7.1427422670E-02
    1.9039980000E-02    9.8661383773E-01    2.2055366025E-01   -2.4006702353E+00    7.1399993934E-02
    1.9079980000E-02    9.8284675159E-01    2.1080238733E-01   -2.4589201515E+00    7.1383537931E-02
    1.9119980000E-02    9.7974844109E-01    2.0041233165E-01   -2.5180859822E+00    7.1378191401E-02
    1.9159980000E-02    9.7736481232E-01    1.8952849244E-01   -2.5776006950E+00    7.1383998703E-02
    1.9199980000E-02    9.7571213040E-01    1.7830747854E-01   -2.6369106341E+00    7.1400872331E-02
    1.9239980000E-02    9.7477835872E-01    1.6691334897E-01   -2.6954704745E+00    7.1428556004E-02
    1.9279980000E-02    9.7452487294E-01    1.5551272922E-01   -2.7527453312E+00    7.1466603164E-02
    1.9319980000E-02    9.7488910370E-01    1.4426924379E-01   -2.8082191763E+00    7.1514377294E-02
    1.9359980000E-02    9.7578844391E-01    1.3333804104E-01   -2.8614058517E+00    7.1571075020E-02
    1.9399980000E-02    9.7712533066E-01    1.2286141485E-01   -2.9118583126E+00    7.1635770276E-02
    1.9439980000E-02    9.7879303788E-01    1.1296616142E-01   -2.9591734018E+00    7.1707476018E-02
    1.9479980000E-02    9.8068160536E-01    1.0376260372E-01   -3.0029921056E+00    7.1785215826E-02
    1.9519980000E-02    9.8268353099E-01    9.5344531263E-02   -3.0429971550E+00    7.1868091406E-02
    1.9559980000E-02    9.8469830152E-01    8.7789877182E-02   -3.0789105676E+00    7.1955328416E-02
    1.9599980000E-02    9.8663559468E-01    8.1161713087E-02   -3.1104924999E+00    7.2046288069E-02
    1.9639980000E-02    9.8841714223E-01    7.5509507219E-02   -3.1375411743E+00    7.2140444008E-02
    1.9679980000E-02    9.8997764319E-01    7.0870441304E-02   -3.1598925722E+00    7.2237336943E-02
    1.9719980000E-02    9.9126482261E-01    6.7270968531E-02   -3.1774188299E+00    7.2336525267E-02
    1.9759980000E-02    9.9223890524E-01    6.4728564004E-02   -3.1900251127E+00    7.2437547497E-02
    1.9799980000E-02    9.9287169521E-01    6.3253650000E-02   -3.1976457037E+00    7.2539904203E-02
    1.9839980000E-02    9.9314543629E-01    6.2851639519E-02   -3.2002404745E+00    7.2643059729E-02
    1.9879980000E-02    9.9305197842E-01    6.3524445205E-02   -3.1977925226E+00    7.2746458487E-02
    1.9919980000E-02    9.9259233121E-01    6.5271298202E-02   -3.1903075157E+00    7.2849548686E-02
    1.9959980000E-02    9.9177735234E-01    6.8087834974E-02   -3.1778144714E+00    7.2951805368E-02
    1.9999980000E-02    9.9062872046E-01    7.1964681040E-02   -3.1603682494E+00    7.3052744563E-02
    2.0039980000E-02    9.8918040634E-01    7.6885327513E-02   -3.1380529365E+00    7.3151920620E-02
    2.0079980000E-02    9.8747945030E-01    8.2824777548E-02   -3.1109854988E+00    7.3248901194E-02
    2.0119980000E-02    9.8558659041E-01    8.9748056827E-02   -3.0793180086E+00    7.3343220495E-02
    2.0159980000E-02    9.8357622138E-01    9.7609030202E-02   -3.0432380087E+00    7.3434320813E-02
    2.0199980000E-02    9.8153579303E-01    1.0634914489E-01   -3.0029675331E+00    7.3521501296E-02
    2.0239980000E-02    9.7956421865E-01    1.1589624923E-01   -2.9587626140E+00    7.3603894813E-02
    2.0279980000E-02    9.7776915894E-01    1.2616328569E-01   -2.9109149900E+00    7.3680485604E-02
    2.0319980000E-02    9.7626313866E-01    1.3704686217E-01   -2.8597563989E+00    7.3750165217E-02
    2.0359980000E-02    9.7515876271E-01    1.4842598799E-01   -2.8056636303E+00    7.3811811385E-02
    2.0399980000E-02    9.7456316256E-01    1.6016192381E-01   -2.7490610840E+00    7.3864371223E-02
    2.0439980000E-02    9.7457192243E-01    1.7210011765E-01   -2.6904178412E+00    7.3906935173E-02
    2.0479980000E-02    9.7526305688E-01    1.8407447794E-01   -2.6302386979E+00    7.3938793773E-02
    2.0519980000E-02    9.7669168725E-01    1.9591328946E-01   -2.5690521869E+00    7.3959471013E-02
    2.0559980000E-02    9.7888581906E-01    2.0744544859E-01   -2.5074010715E+00    7.3968727712E-02
    2.0599980000E-02    9.8184327359E-01    2.1850575533E-01   -2.4458402963E+00    7.3966531731E-02
    2.0639980000E-02    9.8552916361E-01    2.2893917858E-01   -2.3849439294E+00    7.3953001847E-02
    2.0679980000E-02    9.8987343693E-01    2.3860506493E-01   -2.3253178362E+00    7.3928344329E-02
    2.0719980000E-02    9.9476882899E-01    2.4738252123E-01   -2.2676113371E+00    7.3892807041E-02
    2.0759980000E-02    1.0000704020E+00    2.5517752332E-01   -2.2125207019E+00    7.3846669942E-02
    2.0799980000E-02    1.0055980856E+00    2.6193104021E-01   -2.1607801165E+00    7.3790275339E-02
    2.0839980000E-02    1.0111434896E+00    2.6762580376E-01   -2.1131402216E+00    7.3724084258E-02
    2.0879980000E-02    1.0164810497E+00    2.7228884597E-01   -2.0703383929E+00    7.3648735687E-02
    2.0919980000E-02    1.0213821175E+00    2.7598776618E-01   -2.0330668392E+00    7.3565087822E-02
    2.0959980000E-02    1.0256298668E+00    2.7882027074E-01   -2.0019438989E+00    7.3474230867E-02
    2.0999980000E-02    1.0290326879E+00    2.8089865388E-01   -1.9774916067E+00    7.3377472179E-02
    2.1039980000E-02    1.0314346062E+00    2.8233204875E-01   -1.9601201197E+00    7.3276301390E-02
    2.1079980000E-02    1.0327226754E+00    2.8320911232E-01   -1.9501179806E+00    7.3172344077E-02
    2.1119980000E-02    1.0328315116E+00    2.8358410608E-01   -1.9476466751E+00    7.3067310237E-02
    2.1159980000E-02    1.0317457574E+00    2.8346821662E-01   -1.9527381868E+00    7.2962941260E-02
    2.1199980000E-02    1.0295006185E+00    2.8282773254E-01   -1.9652948532E+00    7.2860956733E-02
    2.1239980000E-02    1.0261808844E+00    2.8158894775E-01   -1.9850914082E+00    7.2763001780E-02
    2.1279980000E-02    1.0219176845E+00    2.7964966234E-01   -2.0117795353E+00    7.2670595985E-02
    2.1319980000E-02    1.0168827768E+00    2.7689523007E-01   -2.0448955684E+00    7.2585086017E-02
    2.1359980000E-02    1.0112797592E+00    2.7321686420E-01   -2.0838723667E+00    7.2507606615E-02
    2.1399980000E-02    1.0053325400E+00    2.6852883024E-01   -2.1280565151E+00    7.2439056864E-02
    2.1439980000E-02    9.9927179666E-01    2.6278171627E-01   -2.1767313344E+00    7.2380100489E-02
    2.1479980000E-02    9.9332047246E-01    2.5597027329E-01   -2.2291445166E+00    7.2331195063E-02
    2.1519980000E-02    9.8768052521E-01    2.4813492672E-01   -2.2845369867E+00    7.2292646395E-02
    2.1559980000E-02    9.8252286089E-01    2.3935781069E-01   -2.3421680522E+00    7.2264673042E-02
    2.1599980000E-02    9.7798153434E-01    2.2975535320E-01   -2.4013321368E+00    7.2247458453E-02
    2.1639980000E-02    9.7415207245E-01    2.1946976478E-01   -2.4613647365E+00    7.2241170892E-02
    2.1679980000E-02    9.7109260790E-01    2.0866131618E-01   -2.5216388525E+00    7.2245944298E-02
    2.1719980000E-02    9.6882630146E-01    1.9750204743E-01   -2.5815563925E+00    7.2261829963E-02
    2.1759980000E-02    9.6734403527E-01    1.8617046056E-01   -2.6405403869E+00    7.2288740429E-02
    2.1799980000E-02    9.6660717469E-01    1.7484633032E-01   -2.6980326912E+00    7.2326407582E-02
    2.1839980000E-02    9.6655076929E-01    1.6370514134E-01   -2.7534987351E+00    7.2374367720E-02
    2.1879980000E-02    9.6708778014E-01    1.5291233000E-01   -2.8064373222E+00    7.2431974180E-02
    2.1919980000E-02    9.6811464085E-01    1.4261807064E-01   -2.8563912465E+00    7.2498429790E-02
    2.1959980000E-02    9.6951771852E-01    1.3295359316E-01   -2.9029545969E+00    7.2572830001E-02
    2.1999980000E-02    9.7117985311E-01    1.2402960475E-01   -2.9457746361E+00    7.2654210482E-02
    2.2039980000E-02    9.7298621167E-01    1.1593669727E-01   -2.9845487114E+00    7.2741595085E-02
    2.2079980000E-02    9.7482855481E-01    1.0874744850E-01   -3.0190186573E+00    7.2834039790E-02
    2.2119980000E-02    9.7660818990E-01    1.0251919257E-01   -3.0489651786E+00    7.2930668164E-02
    2.2159980000E-02    9.7823834433E-01    9.7296402600E-02   -3.0742034879E+00    7.3030691925E-02
    2.2199980000E-02    9.7964603181E-01    9.3112435856E-02   -3.0945804923E+00    7.3133413632E-02
    2.2239980000E-02    9.8077274967E-01    8.9991285787E-02   -3.1099733504E+00    7.3238214110E-02
    2.2279980000E-02    9.8157432236E-01    8.7949323286E-02   -3.1202889264E+00    7.3344531980E-02
    2.2319980000E-02    9.8202034583E-01    8.6996860500E-02   -3.1254636853E+00    7.3451842659E-02
    2.2359980000E-02    9.8209393627E-01    8.7139058788E-02   -3.1254635831E+00    7.3559640796E-02
    2.2399980000E-02    9.8179174783E-01    8.8376287452E-02   -3.1202838871E+00    7.3667425807E-02
    2.2439980000E-02    9.8112421080E-01    9.0704040293E-02   -3.1099489266E+00    7.3774687920E-02
    2.2479980000E-02    9.8011568873E-01    9.4112701012E-02   -3.0945118222E+00    7.3880891523E-02
    2.2519980000E-02    9.7880463759E-01    9.8587046194E-02   -3.0740540416E+00    7.3985454285E-02
    2.2559980000E-02    9.7724367231E-01    1.0410546069E-01   -3.0486848228E+00    7.4087723124E-02
    2.2599980000E-02    9.7549989895E-01    1.1063841507E-01   -3.0185407600E+00    7.4186951897E-02
    2.2639980000E-02    9.7365502809E-01    1.1814640901E-01   -2.9837865670E+00    7.4282288422E-02
    2.2679980000E-02    9.7180466015E-01    1.2657759537E-01   -2.9446181038E+00    7.4372778461E-02
    2.2719980000E-02    9.7005638824E-01    1.3586513829E-01   -2.9012681117E+00    7.4457389573E-02
    2.2759980000E-02    9.6852685868E-01    1.4592426257E-01   -2.8540139069E+00    7.4535051756E-02
    2.2799980000E-02    9.6733772663E-01    1.5664952938E-01   -2.8031851345E+00    7.4604708310E-02
    2.2839980000E-02    9.6661043999E-01    1.6791328338E-01   -2.7491686704E+00    7.4665370918E-02
    2.2879980000E-02    9.6645976945E-01    1.7956637596E-01   -2.6924080212E+00    7.4716175271E-02
    2.2919980000E-02    9.6698665584E-01    1.9144154935E-01   -2.6333963271E+00    7.4756433528E-02
    2.2959980000E-02    9.6827152287E-01    2.0335877968E-01   -2.5726650639E+00    7.4785675172E-02
    2.2999980000E-02    9.7036858442E-01    2.1513150951E-01   -2.5107732822E+00    7.4803662527E-02
    2.3039980000E-02    9.7330116366E-01    2.2657268132E-01   -2.4483025825E+00    7.4810368728E-02
    2.3079980000E-02    9.7705755934E-01    2.3750021437E-01   -2.3858605287E+00    7.4805918254E-02
    2.3119980000E-02    9.8158704291E-01    2.4774255121E-01   -2.3240908364E+00    7.4790508269E-02
    2.3159980000E-02    9.8679625056E-01    2.5714543519E-01   -2.2636846252E+00    7.4764341792E-02
    2.3199980000E-02    9.9254718207E-01    2.6558067325E-01   -2.2053853754E+00    7.4727602014E-02
    2.3239980000E-02    9.9865859860E-01    2.7295633054E-01   -2.1499819145E+00    7.4680480027E-02
    2.3279980000E-02    1.0049123047E+00    2.7922622753E-01   -2.0982880261E+00    7.4623244755E-02
    2.3319980000E-02    1.0110645736E+00    2.8439567234E-01   -2.0511120750E+00    7.4556326843E-02
    2.3359980000E-02    1.0168613406E+00    2.8852075498E-01   -2.0092230373E+00    7.4480386559E-02
    2.3399980000E-02    1.0220547914E+00    2.9169996082E-01   -1.9733192975E+00    7.4396347784E-02
    2.3439980000E-02    1.0264190229E+00    2.9405866792E-01   -1.9440041431E+00    7.4305395603E-02
    2.3479980000E-02    1.0297626457E+00    2.9572941225E-01   -1.9217688463E+00    7.4208945676E-02
    2.3519980000E-02    1.0319377436E+00    2.9683120376E-01   -1.9069821399E+00    7.4108596535E-02
    2.3559980000E-02    1.0328453358E+00    2.9745137149E-01   -1.8998842846E+00    7.4006073697E-02
    2.3599980000E-02    1.0324382944E+00    2.9763240382E-01   -1.9005842217E+00    7.3903171466E-02
    2.3639980000E-02    1.0307226352E+00    2.9736540298E-01   -1.9090588267E+00    7.3801694656E-02
    2.3679980000E-02    1.0277573232E+00    2.9659135582E-01   -1.9251537879E+00    7.3703400826E-02
    2.3719980000E-02    1.0236526206E+00    2.9520994004E-01   -1.9485860648E+00    7.3609942911E-02
    2.3759980000E-02    1.0185665125E+00    2.9309460569E-01   -1.9789483852E+00    7.3522813281E-02
    2.3799980000E-02    1.0126986502E+00    2.9011160358E-01   -2.0157166805E+00    7.3443292495E-02
    2.3839980000E-02    1.0062808536E+00    2.8614049997E-01   -2.0582618161E+00    7.3372408944E-02
    2.3879980000E-02    9.9956410862E-01    2.8109290330E-01   -2.1058670703E+00    7.3310918687E-02
    2.3919980000E-02    9.9280293968E-01    2.7492633911E-01   -2.1577520101E+00    7.3259315467E-02
    2.3959980000E-02    9.8623901599E-01    2.6765123615E-01   -2.2131014626E+00    7.3217876485E-02
    2.3999980000E-02    9.8008655358E-01    2.5933051694E-01   -2.2710957757E+00    7.3186737854E-02
    2.4039980000E-02    9.7452167621E-01    2.5007319420E-01   -2.3309369580E+00    7.3165978703E-02
    2.4079980000E-02    9.6967674902E-01    2.4002457227E-01   -2.3918658545E+00    7.3155684467E-02
    2.4119980000E-02    9.6563932471E-01    2.2935571334E-01   -2.4531683614E+00    7.3155965817E-02
    2.4159980000E-02    9.6245423194E-01    2.1825402285E-01   -2.5141725414E+00    7.3166928409E-02
    2.4199980000E-02    9.6012714167E-01    2.0691551570E-01   -2.5742415005E+00    7.3188609937E-02
    2.4239980000E-02    9.5862853902E-01    1.9553829658E-01   -2.6327676555E+00    7.3220913306E-02
    2.4279980000E-02    9.5789789940E-01    1.8431647489E-01   -2.6891723430E+00    7.3263562352E-02
    2.4319980000E-02    9.5784847509E-01    1.7343410922E-01   -2.7429115321E+00    7.3316092480E-02
    2.4359980000E-02    9.5837319772E-01    1.6305941606E-01   -2.7934853076E+00    7.3377872010E-02
    2.4399980000E-02    9.5935146829E-01    1.5334014417E-01   -2.8404472917E+00    7.3448140149E-02
    2.4439980000E-02    9.6065626050E-01    1.4440089355E-01   -2.8834106202E+00    7.3526048257E-02
    2.4479980000E-02    9.6216087668E-01    1.3634263371E-01   -2.9220488806E+00    7.3610697163E-02
    2.4519980000E-02    9.6374467833E-01    1.2924419180E-01   -2.9560924996E+00    7.3701169052E-02
    2.4559980000E-02    9.6529758120E-01    1.2316499817E-01   -2.9853223106E+00    7.3796554438E-02
    2.4599980000E-02    9.6672331201E-01    1.1814834095E-01   -3.0095623219E+00    7.3895973354E-02
    2.4639980000E-02    9.6794120868E-01    1.1422475690E-01   -3.0286734206E+00    7.3998588896E-02
    2.4679980000E-02    9.6888690780E-01    1.1141514607E-01   -3.0425488200E+00    7.4103611822E-02
    2.4719980000E-02    9.6951263190E-01    1.0973317714E-01   -3.0511112308E+00    7.4210296279E-02
    2.4759980000E-02    9.6978744725E-01    1.0918688018E-01   -3.0543112368E+00    7.4317928278E-02
    2.4799980000E-02    9.6969759166E-01    1.0977951313E-01   -3.0521263383E+00    7.4425809153E-02
    2.4839980000E-02    9.6924643555E-01    1.1151008919E-01   -3.0445604424E+00    7.4533236432E-02
    2.4879980000E-02    9.6845435548E-01    1.1437342931E-01   -3.0316436533E+00    7.4639484432E-02
    2.4919980000E-02    9.6735876879E-01    1.1835954275E-01   -3.0134324726E+00    7.4743786944E-02
    2.4959980000E-02    9.6601440443E-01    1.2345218625E-01   -2.9900107832E+00    7.4845324741E-02
    2.4999980000E-02    9.6449344109E-01    1.2962667876E-01   -2.9614922510E+00    7.4943221002E-02
    2.5039980000E-02    9.6288507341E-01    1.3684707312E-01   -2.9280247153E+00    7.5036546698E-02
    2.5079980000E-02    9.6129422000E-01    1.4506276065E-01   -2.8897967175E+00    7.5124336169E-02
    2.5119980000E-02    9.5983933632E-01    1.5420461885E-01   -2.8470456013E+00    7.5205610608E-02
    2.5159980000E-02    9.5864903559E-01    1.6418125444E-01   -2.8000657935E+00    7.5279407252E-02
    2.5199980000E-02    9.5785739726E-01    1.7487612264E-01   -2.7492149549E+00    7.5344813424E-02
    2.5239980000E-02    9.5759705652E-01    1.8614698161E-01   -2.6949157119E+00    7.5401006944E-02
    2.5279980000E-02    9.5799112879E-01    1.9782795922E-01   -2.6376513615E+00    7.5447303320E-02
    2.5319980000E-02    9.5914514506E-01    2.0973393582E-01   -2.5779564825E+00    7.5483202002E-02
    2.5359980000E-02    9.6113972497E-01    2.2166648082E-01   -2.5164060705E+00    7.5508415211E-02
    2.5399980000E-02    9.6402428121E-01    2.3342032237E-01   -2.4536080037E+00    7.5522860669E-02
    2.5439980000E-02    9.6781146367E-01    2.4478977166E-01   -2.3902024261E+00    7.5526610300E-02
    2.5479980000E-02    9.7247192465E-01    2.5557536212E-01   -2.3268681879E+00    7.5519807790E-02
    2.5519980000E-02    9.7792952480E-01    2.6559163607E-01   -2.2643323166E+00    7.5502586965E-02
    2.5559980000E-02    9.8405805018E-01    2.7467694912E-01   -2.2033757423E+00    7.5475027819E-02
    2.5599980000E-02    9.9068126924E-01    2.8270514937E-01   -2.1448287537E+00    7.5437172969E-02
    2.5639980000E-02    9.9757810387E-01    2.8959739256E-01   -2.0895530963E+00    7.5389100624E-02
    2.5679980000E-02    1.0044935901E+00    2.9533103016E-01   -2.0384126820E+00    7.5331025563E-02
    2.5719980000E-02    1.0111545888E+00    2.9994231537E-01   -1.9922389536E+00    7.5263390946E-02
    2.5759980000E-02    1.0172877605E+00    3.0352088319E-01   -1.9517979977E+00    7.5186924063E-02
    2.5799980000E-02    1.0226368401E+00    3.0619609950E-01   -1.9177643763E+00    7.5102648617E-02
    2.5839980000E-02    1.0269772293E+00    3.0811704221E-01   -1.8907031307E+00    7.5011861423E-02
    2.5879980000E-02    1.0301267258E+00    3.0942956805E-01   -1.8710586772E+00    7.4916086634E-02
    2.5919980000E-02    1.0319521821E+00    3.1025449909E-01   -1.8591483796E+00    7.4817018805E-02
    2.5959980000E-02    1.0323730723E+00    3.1066999013E-01   -1.8551590055E+00    7.4716461794E-02
    2.5999980000E-02    1.0313631211E+00    3.1070024981E-01   -1.8591451295E+00    7.4616266980E-02
    2.6039980000E-02    1.0289507635E+00    3.1031198723E-01   -1.8710291093E+00    7.4518271916E-02
    2.6079980000E-02    1.0252185900E+00    3.0941912214E-01   -1.8906025113E+00    7.4424239484E-02
    2.6119980000E-02    1.0203014211E+00    3.0789523423E-01   -1.9175289865E+00    7.4335797808E-02
    2.6159980000E-02    1.0143824343E+00    3.0559194991E-01   -1.9513489025E+00    7.4254382331E-02
    2.6199980000E-02    1.0076865376E+00    3.0236064418E-01   -1.9914866125E+00    7.4181183809E-02
    2.6239980000E-02    1.0004703170E+00    2.9807429021E-01   -2.0372619022E+00    7.4117108933E-02
    2.6279980000E-02    9.9300784001E-01    2.9264674348E-01   -2.0879073749E+00    7.4062763967E-02
    2.6319980000E-02    9.8557339736E-01    2.8604627828E-01   -2.1425925901E+00    7.4018473249E-02
    2.6359980000E-02    9.7842354412E-01    2.7830128493E-01   -2.2004534977E+00    7.3984338263E-02
    2.6399980000E-02    9.7178134671E-01    2.6949798055E-01   -2.2606229893E+00    7.3960328428E-02
    2.6439980000E-02    9.6582532267E-01    2.5977187047E-01   -2.3222568955E+00    7.3946377597E-02
    2.6479980000E-02    9.6068406847E-01    2.4929591534E-01   -2.3845507844E+00    7.3942452496E-02
    2.6519980000E-02    9.5643586593E-01    2.3826831431E-01   -2.4467462165E+00    7.3948568978E-02
    2.6559980000E-02    9.5311156156E-01    2.2690170135E-01   -2.5081289702E+00    7.3964754848E-02
    2.6599980000E-02    9.5069906906E-01    2.1541414904E-01   -2.5680242060E+00    7.3990980955E-02
    2.6639980000E-02    9.4914858540E-01    2.0402147320E-01   -2.6257935383E+00    7.4027092904E-02
    2.6679980000E-02    9.4837836704E-01    1.9293024733E-01   -2.6808368467E+00    7.4072769825E-02
    2.6719980000E-02    9.4828123328E-01    1.8233142394E-01   -2.7325986995E+00    7.4127519894E-02
    2.6759980000E-02    9.4873183158E-01    1.7239500595E-01   -2.7805769459E+00    7.4190705236E-02
    2.6799980000E-02    9.4959437588E-01    1.6326641616E-01   -2.8243302738E+00    7.4261580200E-02
    2.6839980000E-02    9.5073017518E-01    1.5506507182E-01   -2.8634823129E+00    7.4339328508E-02
    2.6879980000E-02    9.5200456347E-01    1.4788506641E-01   -2.8977213296E+00    7.4423092136E-02
    2.6919980000E-02    9.5329327587E-01    1.4179732206E-01   -2.9267959193E+00    7.4511991056E-02
    2.6959980000E-02    9.5448706482E-01    1.3685301460E-01   -2.9505084018E+00    7.4605136510E-02
    2.6999980000E-02    9.5549474479E-01    1.3308746740E-01   -2.9687076317E+00    7.4701640101E-02
    2.7039980000E-02    9.5624487791E-01    1.3052392398E-01   -2.9812826004E+00    7.4800619175E-02
    2.7079980000E-02    9.5668663971E-01    1.2917669977E-01   -2.9881575040E+00    7.4901198349E-02
    2.7119980000E-02    9.5679035291E-01    1.2905342301E-01   -2.9892883590E+00    7.5002507128E-02
    2.7159980000E-02    9.5654778957E-01    1.3015633439E-01   -2.9846610790E+00    7.5103674711E-02
    2.7199980000E-02    9.5597223319E-01    1.3248267816E-01   -2.9742909120E+00    7.5203823585E-02
    2.7239980000E-02    9.5509847354E-01    1.3602408899E-01   -2.9582232791E+00    7.5302064077E-02
    2.7279980000E-02    9.5398285258E-01    1.4076486618E-01   -2.9365362068E+00    7.5397491812E-02
    2.7319980000E-02    9.5270315701E-01    1.4667915264E-01   -2.9093446807E+00    7.5489189247E-02
    2.7359980000E-02    9.5135778396E-01    1.5372727981E-01   -2.8768069577E+00    7.5576231764E-02
    2.7399980000E-02    9.5006358896E-01    1.6185168553E-01   -2.8391323669E+00    7.5657697648E-02
    2.7439980000E-02    9.4895228111E-01    1.7097282968E-01   -2.7965893876E+00    7.5732682332E-02
    2.7479980000E-02    9.4816564475E-01    1.8098558108E-01   -2.7495122227E+00    7.5800317854E-02
    2.7519980000E-02    9.4784904090E-01    1.9175712983E-01   -2.6983040999E+00    7.5859800618E-02
    2.7559980000E-02    9.4814353036E-01    2.0312711128E-01   -2.6434358010E+00    7.5910429353E-02
    2.7599980000E-02    9.4917715440E-01    2.1491028364E-01   -2.5854393460E+00    7.5951648443E-02
    2.7639980000E-02    9.5105605090E-01    2.2690153405E-01   -2.5248987519E+00    7.5983082716E-02
    2.7679980000E-02    9.5385631493E-01    2.3888231653E-01   -2.4624414078E+00    7.6004544215E-02
    2.7719980000E-02    9.5761676097E-01    2.5062777560E-01   -2.3987338156E+00    7.6015997168E-02
    2.7759980000E-02    9.6233241011E-01    2.6191434655E-01   -2.3344834489E+00    7.6017485439E-02
    2.7799980000E-02    9.6794869722E-01    2.7252833975E-01   -2.2704449316E+00    7.6009048208E-02
    2.7839980000E-02    9.7435708621E-01    2.8227635214E-01   -2.2074253202E+00    7.5990661542E-02
    2.7879980000E-02    9.8139366110E-01    2.9099778960E-01   -2.1462819619E+00    7.5962236887E-02
    2.7919980000E-02    9.8884262977E-01    2.9857834713E-01   -2.0879083380E+00    7.5923683591E-02
    2.7959980000E-02    9.9644597770E-01    3.0496167530E-01   -2.0332078470E+00    7.5875013629E-02
    2.7999980000E-02    1.0039188172E+00    3.1015569937E-01   -1.9830602983E+00    7.5816449651E-02
    2.8039980000E-02    1.0109681482E+00    3.1423079252E-01   -1.9382882673E+00    7.5748501585E-02
    2.8079980000E-02    1.0173120036E+00    3.1730877157E-01   -1.8996292866E+00    7.5671996637E-02
    2.8119980000E-02    1.0226959473E+00    3.1954429952E-01   -1.8677163641E+00    7.5588067341E-02
    2.8159980000E-02    1.0269053139E+00    3.2110181928E-01   -1.8430659572E+00    7.5498111738E-02
    2.8199980000E-02    1.0297730059E+00    3.2213174647E-01   -1.8260709803E+00    7.5403738850E-02
    2.8239980000E-02    1.0311837994E+00    3.2274921037E-01   -1.8169967000E+00    7.5306707844E-02
    2.8279980000E-02    1.0310765727E+00    3.2301781149E-01   -1.8159783839E+00    7.5208865198E-02
    2.8319980000E-02    1.0294452625E+00    3.2294060190E-01   -1.8230203615E+00    7.5112081879E-02
    2.8359980000E-02    1.0263390394E+00    3.2245946756E-01   -1.8379965346E+00    7.5018191090E-02
    2.8399980000E-02    1.0218613609E+00    3.2146340581E-01   -1.8606522990E+00    7.4928926706E-02
    2.8439980000E-02    1.0161679783E+00    3.1980400123E-01   -1.8906078704E+00    7.4845862997E-02
    2.8479980000E-02    1.0094630124E+00    3.1731616128E-01   -1.9273630962E+00    7.4770357417E-02
    2.8519980000E-02    1.0019920531E+00    3.1384142255E-01   -1.9703044716E+00    7.4703500191E-02
    2.8559980000E-02    9.9403121478E-01    3.0925086331E-01   -2.0187159339E+00    7.4646077507E-02
    2.8599980000E-02    9.8587200233E-01    3.0346427040E-01   -2.0717954467E+00    7.4598559148E-02
    2.8639980000E-02    9.7780311682E-01    2.9646261719E-01   -2.1286784702E+00    7.4561122929E-02
    2.8679980000E-02    9.7009163214E-01    2.8829217360E-01   -2.1884669113E+00    7.4533721633E-02
    2.8719980000E-02    9.6296669535E-01    2.7906041264E-01   -2.2502592131E+00    7.4516181564E-02
    2.8759980000E-02    9.5660825623E-01    2.6892583008E-01   -2.3131758364E+00    7.4508303632E-02
    2.8799980000E-02    9.5114171280E-01    2.5808481199E-01   -2.3763757588E+00    7.4509931982E-02
    2.8839980000E-02    9.4663780159E-01    2.4675830699E-01   -2.4390631570E+00    7.4520967908E-02
    2.8879980000E-02    9.4311602369E-01    2.3517994786E-01   -2.5004871492E+00    7.4541331431E-02
    2.8919980000E-02    9.4054991663E-01    2.2358600392E-01   -2.5599394052E+00    7.4570894842E-02
    2.8959980000E-02    9.3887320536E-01    2.1220680156E-01   -2.6167538793E+00    7.4609420164E-02
    2.8999980000E-02    9.3798669320E-01    2.0125919706E-01   -2.6703105667E+00    7.4656524248E-02
    2.9039980000E-02    9.3776608446E-01    1.9094011302E-01   -2.7200424892E+00    7.4711677989E-02
    2.9079980000E-02    9.3807058006E-01    1.8142163611E-01   -2.7654434358E+00    7.4774230688E-02
    2.9119980000E-02    9.3875180576E-01    1.7284818976E-01   -2.8060737879E+00    7.4843443849E-02
    2.9159980000E-02    9.3966239976E-01    1.6533601183E-01   -2.8415627535E+00    7.4918521287E-02
    2.9199980000E-02    9.4066353192E-01    1.5897476387E-01   -2.8716067679E+00    7.4998629726E-02
    2.9239980000E-02    9.4163107569E-01    1.5383065459E-01   -2.8959648992E+00    7.5082910627E-02
    2.9279980000E-02    9.4246039844E-01    1.4995032060E-01   -2.9144526194E+00    7.5170486329E-02
    2.9319980000E-02    9.4306953429E-01    1.4736488057E-01   -2.9269354103E+00    7.5260463880E-02
    2.9359980000E-02    9.4340121453E-01    1.4609349072E-01   -2.9333232500E+00    7.5351938353E-02
    2.9399980000E-02    9.4342395891E-01    1.4614601494E-01   -2.9335667066E+00    7.5443996045E-02
    2.9439980000E-02    9.4313264283E-01    1.4752449606E-01   -2.9276549333E+00    7.5535718066E-02
    2.9479980000E-02    9.4254880298E-01    1.5022327311E-01   -2.9156155924E+00    7.5626184080E-02
    2.9519980000E-02    9.4172039192E-01    1.5422783581E-01   -2.8975167547E+00    7.5714476546E-02
    2.9559980000E-02    9.4072112170E-01    1.5951239991E-01   -2.8734706298E+00    7.5799685558E-02
    2.9599980000E-02    9.3964903943E-01    1.6603642142E-01   -2.8436390205E+00    7.5880913819E-02
    2.9639980000E-02    9.3862408369E-01    1.7374036506E-01   -2.8082400229E+00    7.5957282121E-02
    2.9679980000E-02    9.3778426711E-01    1.8254128009E-01   -2.7675550033E+00    7.6027936539E-02
    2.9719980000E-02    9.3727987022E-01    1.9232908142E-01   -2.7219344254E+00    7.6092060899E-02
    2.9759980000E-02    9.3726593269E-01    2.0296428023E-01   -2.6718007491E+00    7.6148898650E-02
    2.9799980000E-02    9.3789333283E-01    2.1427790255E-01   -2.6176471401E+00    7.6197785039E-02
    2.9839980000E-02    9.3929910794E-01    2.2607394264E-01   -2.5600319112E+00    7.6238183466E-02
    2.9879980000E-02    9.4159682319E-01    2.3813416222E-01   -2.4995702965E+00    7.6269711590E-02
    2.9919980000E-02    9.4486746491E-01    2.5022471586E-01   -2.4369265674E+00    7.6292139742E-02
    2.9959980000E-02    9.4915115066E-01    2.6210398302E-01   -2.3728095976E+00    7.6305351964E-02
    2.9999980000E-02    9.5443982529E-01    2.7353132363E-01   -2.3079732725E+00    7.6309277086E-02
    3.0039980000E-02    9.6067116600E-01    2.8427711274E-01   -2.2432200081E+00    7.6303815861E-02
    3.0079980000E-02    9.6772452574E-01    2.9413467270E-01   -2.1794025596E+00    7.6288799128E-02
    3.0119980000E-02    9.7542052606E-01    3.0293410923E-01   -2.1174182382E+00    7.6264003579E-02
    3.0159980000E-02    9.8352614444E-01    3.1055659998E-01   -2.0581917567E+00    7.6229227500E-02
    3.0199980000E-02    9.9176624546E-01    3.1694614079E-01   -2.0026474676E+00    7.6184401232E-02
    3.0239980000E-02    9.9984067193E-01    3.2211517891E-01   -1.9516762543E+00    7.6129692763E-02
    3.0279980000E-02    1.0074441249E+00    3.2614160968E-01   -1.9061041066E+00    7.6065576288E-02
    3.0319980000E-02    1.0142853025E+00    3.2915679977E-01   -1.8666675964E+00    7.5992853160E-02
    3.0359980000E-02    1.0201028131E+00    3.3132614669E-01   -1.8339976975E+00    7.5912633692E-02
    3.0399980000E-02    1.0246766424E+00    3.3282524399E-01   -1.8086102378E+00    7.5826294900E-02
    3.0439980000E-02    1.0278354010E+00    3.3381512690E-01   -1.7909002252E+00    7.5735426210E-02
    3.0479980000E-02    1.0294602192E+00    3.3442006093E-01   -1.7811380174E+00    7.5641769809E-02
    3.0519980000E-02    1.0294863394E+00    3.3471083910E-01   -1.7794666089E+00    7.5547158857E-02
    3.0559980000E-02    1.0279035384E+00    3.3469545938E-01   -1.7859002147E+00    7.5453455144E-02
    3.0599980000E-02    1.0247559050E+00    3.3431832856E-01   -1.8003244970E+00    7.5362487043E-02
    3.0639980000E-02    1.0201416369E+00    3.3346739818E-01   -1.8224985956E+00    7.5275988359E-02
    3.0679980000E-02    1.0142119044E+00    3.3198895151E-01   -1.8520586288E+00    7.5195539001E-02
    3.0719980000E-02    1.0071679768E+00    3.2970819008E-01   -1.8885223177E+00    7.5122509001E-02
    3.0759980000E-02    9.9925539512E-01    3.2645317982E-01   -1.9312948489E+00    7.5058008316E-02
    3.0799980000E-02    9.9075426686E-01    3.2207892859E-01   -1.9796771513E+00    7.5002846956E-02
    3.0839980000E-02    9.8196538227E-01    3.1648811334E-01   -2.0328787529E+00    7.4957514161E-02
    3.0879980000E-02    9.7319260009E-01    3.0964561875E-01   -2.0900371494E+00    7.4922189068E-02
    3.0919980000E-02    9.6472345070E-01    3.0158490840E-01   -2.1502436200E+00    7.4896792674E-02
    3.0959980000E-02    9.5681095101E-01    2.9240590803E-01   -2.2125723448E+00    7.4881077115E-02
    3.0999980000E-02    9.4965960387E-01    2.8226594677E-01   -2.2761074742E+00    7.4874728988E-02
    3.1039980000E-02    9.4341734037E-01    2.7136657208E-01   -2.3399631794E+00    7.4877452455E-02
    3.1079980000E-02    9.3817340043E-01    2.5993918317E-01   -2.4032946490E+00    7.4889005304E-02
    3.1119980000E-02    9.3396073409E-01    2.4823157412E-01   -2.4653017146E+00    7.4909183020E-02
    3.1159980000E-02    9.3076117342E-01    2.3649621966E-01   -2.5252291602E+00    7.4937768473E-02
    3.1199980000E-02    9.2851209463E-01    2.2498027276E-01   -2.5823677877E+00    7.4974475436E-02
    3.1239980000E-02    9.2711403232E-01    2.1391702645E-01   -2.6360584150E+00    7.5018909931E-02
    3.1279980000E-02    9.2643920596E-01    2.0351883507E-01   -2.6856985317E+00    7.5070559665E-02
    3.1319980000E-02    9.2634090528E-01    1.9397182427E-01   -2.7307496316E+00    7.5128807477E-02
    3.1359980000E-02    9.2666336241E-01    1.8543280682E-01   -2.7707428907E+00    7.5192956705E-02
    3.1399980000E-02    9.2725144089E-01    1.7802859108E-01   -2.8052816512E+00    7.5262256350E-02
    3.1439980000E-02    9.2795950277E-01    1.7185744137E-01   -2.8340404024E+00    7.5335919043E-02
    3.1479980000E-02    9.2865863664E-01    1.6699220400E-01   -2.8567610714E+00    7.5413130985E-02
    3.1519980000E-02    9.2924209857E-01    1.6348428932E-01   -2.8732479219E+00    7.5493057250E-02
    3.1559980000E-02    9.2962928370E-01    1.6136765806E-01   -2.8833623039E+00    7.5574845490E-02
    3.1599980000E-02    9.2976831642E-01    1.6066221301E-01   -2.8870182569E+00    7.5657630075E-02
    3.1639980000E-02    9.2963764377E-01    1.6137609372E-01   -2.8841795528E+00    7.5740537581E-02
    3.1679980000E-02    9.2924685470E-01    1.6350657870E-01   -2.8748585161E+00    7.5822692989E-02
    3.1719980000E-02    9.2863657506E-01    1.6703953235E-01   -2.8591168390E+00    7.5903226070E-02
    3.1759980000E-02    9.2787759729E-01    1.7194736737E-01   -2.8370683475E+00    7.5981277183E-02
    3.1799980000E-02    9.2706895427E-01    1.7818576320E-01   -2.8088835037E+00    7.6056001774E-02
    3.1839980000E-02    9.2633456558E-01    1.8568958400E-01   -2.7747950871E+00    7.6126574386E-02
    3.1879980000E-02    9.2581830458E-01    1.9436858262E-01   -2.7351040451E+00    7.6192194380E-02
    3.1919980000E-02    9.2567722187E-01    2.0410371821E-01   -2.6901841843E+00    7.6252096820E-02
    3.1959980000E-02    9.2607304421E-01    2.1474493552E-01   -2.6404842318E+00    7.6305571499E-02
    3.1999980000E-02    9.2716243447E-01    2.2611109798E-01   -2.5865261869E+00    7.6351989121E-02
    3.2039980000E-02    9.2908632552E-01    2.3799259579E-01   -2.5288999420E+00    7.6390827613E-02
    3.2079980000E-02    9.3195919470E-01    2.5015653121E-01   -2.4682555398E+00    7.6421686413E-02
    3.2119980000E-02    9.3585905495E-01    2.6235395040E-01   -2.4052956567E+00    7.6444276294E-02
    3.2159980000E-02    9.4081862956E-01    2.7432851023E-01   -2.3407709524E+00    7.6458380055E-02
    3.2199980000E-02    9.4681792160E-01    2.8582633553E-01   -2.2754792242E+00    7.6463793822E-02
    3.2239980000E-02    9.5377851548E-01    2.9660736047E-01   -2.2102663430E+00    7.6460273164E-02
    3.2279980000E-02    9.6156055989E-01    3.0645856877E-01   -2.1460242965E+00    7.6447513856E-02
    3.2319980000E-02    9.6996406586E-01    3.1520878432E-01   -2.0836812123E+00    7.6425187103E-02
    3.2359980000E-02    9.7873614988E-01    3.2274316787E-01   -2.0241808519E+00    7.6393025636E-02
    3.2399980000E-02    9.8758468296E-01    3.2901421315E-01   -1.9684536078E+00    7.6350932525E-02
    3.2439980000E-02    9.9619685078E-01    3.3404583809E-01   -1.9173848339E+00    7.6299075112E-02
    3.2479980000E-02    1.0042595133E+00    3.3792848659E-01   -1.8717870112E+00    7.6237937945E-02
    3.2519980000E-02    1.0114779567E+00    3.4080533992E-01   -1.8323796107E+00    7.6168330568E-02
    3.2559980000E-02    1.0175906621E+00    3.4285172815E-01   -1.7997766769E+00    7.6091362203E-02
    3.2599980000E-02    1.0223793400E+00    3.4425089167E-01   -1.7744796135E+00    7.6008398175E-02
    3.2639980000E-02    1.0256749359E+00    3.4516926534E-01   -1.7568724015E+00    7.5921007567E-02
    3.2679980000E-02    1.0273606632E+00    3.4573445806E-01   -1.7472176982E+00    7.5830906274E-02
    3.2719980000E-02    1.0273732854E+00    3.4601851567E-01   -1.7456537013E+00    7.5739897387E-02
    3.2759980000E-02    1.0257034416E+00    3.4602858901E-01   -1.7521923784E+00    7.5649810434E-02
    3.2799980000E-02    1.0223954734E+00    3.4570618764E-01   -1.7667196380E+00    7.5562440572E-02
    3.2839980000E-02    1.0175470610E+00    3.4493480476E-01   -1.7889975733E+00    7.5479488819E-02
    3.2879980000E-02    1.0113081415E+00    3.4355509484E-01   -1.8186683232E+00    7.5402504706E-02
    3.2919980000E-02    1.0038787497E+00    3.4138532170E-01   -1.8552589261E+00    7.5332833134E-02
    3.2959980000E-02    9.9550434961E-01    3.3824505117E-01   -1.8981868054E+00    7.5271567142E-02
    3.2999980000E-02    9.8646745200E-01    3.3397929317E-01   -1.9467666070E+00    7.5219509183E-02
    3.3039980000E-02    9.7707482102E-01    3.2847994574E-01   -2.0002203733E+00    7.5177147170E-02
    3.3079980000E-02    9.6764044925E-01    3.2170161539E-01   -2.0576933886E+00    7.5144656586E-02
    3.3119980000E-02    9.5846609865E-01    3.1366947974E-01   -2.1182766178E+00    7.5121940046E-02
    3.3159980000E-02    9.4982219130E-01    3.0447856881E-01   -2.1810337265E+00    7.5108704826E-02
    3.3199980000E-02    9.4193212435E-01    2.9428565458E-01   -2.2450280524E+00    7.5104560236E-02
    3.3239980000E-02    9.3496221227E-01    2.8329630332E-01   -2.3093444938E+00    7.5109103678E-02
    3.3279980000E-02    9.2901776326E-01    2.7175003894E-01   -2.3731035422E+00    7.5121968218E-02
    3.3319980000E-02    9.2414427800E-01    2.5990590569E-01   -2.4354681456E+00    7.5142823670E-02
    3.3359980000E-02    9.2033211732E-01    2.4802957872E-01   -2.4956466633E+00    7.5171344134E-02
    3.3399980000E-02    9.1752324949E-01    2.3638225012E-01   -2.5528956161E+00    7.5207165494E-02
    3.3439980000E-02    9.1561935198E-01    2.2521118329E-01   -2.6065244598E+00    7.5249853274E-02
    3.3479980000E-02    9.1449103344E-01    2.1474197756E-01   -2.6559024153E+00    7.5298890279E-02
    3.3519980000E-02    9.1398809376E-01    2.0517282288E-01   -2.7004657326E+00    7.5353682138E-02
    3.3559980000E-02    9.1395032587E-01    1.9667114281E-01   -2.7397233601E+00    7.5413572905E-02
    3.3599980000E-02    9.1421809999E-01    1.8937276993E-01   -2.7732596740E+00    7.5477862554E-02
    3.3639980000E-02    9.1464199841E-01    1.8338337022E-01   -2.8007340411E+00    7.5545821125E-02
    3.3679980000E-02    9.1509094163E-01    1.7878148264E-01   -2.8218779351E+00    7.5616697967E-02
    3.3719980000E-02    9.1545854389E-01    1.7562235551E-01   -2.8364907772E+00    7.5689727332E-02
    3.3759980000E-02    9.1566787497E-01    1.7394171994E-01   -2.8444356452E+00    7.5764132044E-02
    3.3799980000E-02    9.1567462673E-01    1.7375885588E-01   -2.8456357814E+00    7.5839126878E-02
    3.3839980000E-02    9.1546886977E-01    1.7507844952E-01   -2.8400725168E+00    7.5913922772E-02
    3.3879980000E-02    9.1507560826E-01    1.7789093280E-01   -2.8277849377E+00    7.5987731678E-02
    3.3919980000E-02    9.1455404097E-01    1.8217125986E-01   -2.8088714071E+00    7.6059771200E-02
    3.3959980000E-02    9.1399546900E-01    1.8787626150E-01   -2.7834927722E+00    7.6129268631E-02
    3.3999980000E-02    9.1351970591E-01    1.9494094615E-01   -2.7518767954E+00    7.6195464609E-02
    3.4039980000E-02    9.1326969629E-01    2.0327437641E-01   -2.7143230012E+00    7.6257617919E-02
    3.4079980000E-02    9.1340425576E-01    2.1275591377E-01   -2.6712067633E+00    7.6315013776E-02
    3.4119980000E-02    9.1408910095E-01    2.2323269861E-01   -2.6229812677E+00    7.6366977107E-02
    3.4159980000E-02    9.1548624237E-01    2.3451927793E-01   -2.5701762439E+00    7.6412889980E-02
    3.4199980000E-02    9.1774244503E-01    2.4639991121E-01   -2.5133931366E+00    7.6452208868E-02
    3.4239980000E-02    9.2097764839E-01    2.5863359949E-01   -2.4532977093E+00    7.6484473998E-02
    3.4279980000E-02    9.2527419146E-01    2.7096141548E-01   -2.3906122740E+00    7.6509302421E-02
    3.4319980000E-02    9.3066741446E-01    2.8311554753E-01   -2.3261099358E+00    7.6526360830E-02
    3.4359980000E-02    9.3713793434E-01    2.9482973637E-01   -2.2606118465E+00    7.6535323879E-02
    3.4399980000E-02    9.4460595855E-01    3.0585125120E-01   -2.1949858360E+00    7.6535835616E-02
    3.4439980000E-02    9.5292850816E-01    3.1595469204E-01   -2.1301423540E+00    7.6527498456E-02
    3.4479980000E-02    9.6190112715E-01    3.2495717341E-01   -2.0670231995E+00    7.6509908124E-02
    3.4519980000E-02    9.7126554316E-01    3.3273310306E-01   -2.0065808822E+00    7.6482733497E-02
    3.4559980000E-02    9.8072358440E-01    3.3922551264E-01   -1.9497506541E+00    7.6445817341E-02
    3.4599980000E-02    9.8995588040E-01    3.4445061776E-01   -1.8974207364E+00    7.6399263614E-02
    3.4639980000E-02    9.9864221628E-01    3.4849358396E-01   -1.8504067677E+00    7.6343486506E-02
    3.4679980000E-02    1.0064801836E+00    3.5149552766E-01   -1.8094338525E+00    7.6279217277E-02
    3.4719980000E-02    1.0131998499E+00    3.5363363279E-01   -1.7751258303E+00    7.6207480666E-02
    3.4759980000E-02    1.0185737515E+00    3.5509728938E-01   -1.7479989973E+00    7.6129555236E-02
    3.4799980000E-02    1.0224226997E+00    3.5606346117E-01   -1.7284574354E+00    7.6046926180E-02
    3.4839980000E-02    1.0246187382E+00    3.5667402684E-01   -1.7167885781E+00    7.5961233275E-02
    3.4879980000E-02    1.0250863134E+00    3.5701779579E-01   -1.7131591537E+00    7.5874214868E-02
    3.4919980000E-02    1.0238025453E+00    3.5711934250E-01   -1.7176124377E+00    7.5787649275E-02
    3.4959980000E-02    1.0207972858E+00    3.5693586597E-01   -1.7300677122E+00    7.5703295404E-02
    3.4999980000E-02    1.0161528952E+00    3.5636267854E-01   -1.7503222112E+00    7.5622834269E-02
    3.5039980000E-02    1.0100037077E+00    3.5524637639E-01   -1.7780551736E+00    7.5547813193E-02
    3.5079980000E-02    1.0025345150E+00    3.5340411276E-01   -1.8128330669E+00    7.5479594662E-02
    3.5119980000E-02    9.9397713489E-01    3.5064669432E-01   -1.8541150740E+00    7.5419311196E-02
    3.5159980000E-02    9.8460421802E-01    3.4680262018E-01   -1.9012587804E+00    7.5367827179E-02
    3.5199980000E-02    9.7471898874E-01    3.4174057301E-01   -1.9535273376E+00    7.5325710354E-02
    3.5239980000E-02    9.6464056181E-01    3.3538751593E-01   -2.0101005408E+00    7.5293220945E-02
    3.5279980001E-02    9.5468565757E-01    3.2773996018E-01   -2.0700919433E+00    7.5270330382E-02
    3.5319980001E-02    9.4514891341E-01    3.1886702526E-01   -2.1325719327E+00    7.5256776849E-02
    3.5359980001E-02    9.3628488104E-01    3.0890550492E-01   -2.1965937502E+00    7.5252149373E-02
    3.5399980001E-02    9.2829453962E-01    2.9804877820E-01   -2.2612177150E+00    7.5255975809E-02
    3.5439980001E-02    9.2131781709E-01    2.8653232691E-01   -2.3255297166E+00    7.5267786452E-02
    3.5479980001E-02    9.1543195263E-01    2.7461849132E-01   -2.3886527955E+00    7.5287138201E-02
    3.5519980001E-02    9.1065440588E-01    2.6258220464E-01   -2.4497535472E+00    7.5313604309E-02
    3.5559980001E-02    9.0694879642E-01    2.5069843690E-01   -2.5080465024E+00    7.5346747959E-02
    3.5599980001E-02    9.0423280077E-01    2.3923146562E-01   -2.5627991400E+00    7.5386098074E-02
    3.5639980001E-02    9.0238749669E-01    2.2842599260E-01   -2.6133384808E+00    7.5431137105E-02
    3.5679980001E-02    9.0126789615E-01    2.1850030878E-01   -2.6590584727E+00    7.5481301066E-02
    3.5719980001E-02    9.0071428248E-01    2.0964183389E-01   -2.6994264866E+00    7.5535987049E-02
    3.5759980001E-02    9.0056370510E-01    2.0200522388E-01   -2.7339874413E+00    7.5594563010E-02
    3.5799980001E-02    9.0066084373E-01    1.9571288893E-01   -2.7623649538E+00    7.5656376587E-02
    3.5839980001E-02    9.0086747024E-01    1.9085739173E-01   -2.7842599018E+00    7.5720761608E-02
    3.5879980001E-02    9.0107020894E-01    1.8750488790E-01   -2.7994473666E+00    7.5787042151E-02
    3.5919980001E-02    9.0118642335E-01    1.8569874771E-01   -2.8077730936E+00    7.5854535178E-02
    3.5959980001E-02    9.0116824170E-01    1.8546259156E-01   -2.8091504536E+00    7.5922552823E-02
    3.5999980001E-02    9.0100485293E-01    1.8680215548E-01   -2.8035585867E+00    7.5990404907E-02
    3.6039980001E-02    9.0072310748E-01    1.8970565981E-01   -2.7910421099E+00    7.6057401733E-02
    3.6079980001E-02    9.0038648446E-01    1.9414258901E-01   -2.7717124790E+00    7.6122856982E-02
    3.6119980001E-02    9.0009235331E-01    2.0006106379E-01   -2.7457508107E+00    7.6186090463E-02
    3.6159980001E-02    8.9996735526E-01    2.0738426024E-01   -2.7134116483E+00    7.6246431019E-02
    3.6199980001E-02    9.0016078714E-01    2.1600656824E-01   -2.6750267841E+00    7.6303220397E-02
    3.6239980001E-02    9.0083604528E-01    2.2579034758E-01   -2.6310079426E+00    7.6355818898E-02
    3.6279980001E-02    9.0216017613E-01    2.3656425538E-01   -2.5818470839E+00    7.6403613117E-02
    3.6319980001E-02    9.0429207997E-01    2.4812392451E-01   -2.5281134866E+00    7.6446025253E-02
    3.6359980001E-02    9.0737020406E-01    2.6023538488E-01   -2.4704477545E+00    7.6482521644E-02
    3.6399980001E-02    9.1150065490E-01    2.7264112895E-01   -2.4095541020E+00    7.6512616226E-02
    3.6439980001E-02    9.1674650538E-01    2.8506836381E-01   -2.3461930129E+00    7.6535863651E-02
    3.6479980001E-02    9.2311879248E-01    2.9723897869E-01   -2.2811759204E+00    7.6551839629E-02
    3.6519980001E-02    9.3056955090E-01    3.0888107782E-01   -2.2153617568E+00    7.6560114007E-02
    3.6559980001E-02    9.3898740634E-01    3.1974226921E-01   -2.1496528609E+00    7.6560232460E-02
    3.6599980001E-02    9.4819699155E-01    3.2960458986E-01   -2.0849863011E+00    7.6551727210E-02
    3.6639980001E-02    9.5796369682E-01    3.3829998413E-01   -2.0223175030E+00    7.6534168548E-02
    3.6679980001E-02    9.6800461382E-01    3.4572398866E-01   -1.9625961859E+00    7.6507248895E-02
    3.6719980001E-02    9.7800499634E-01    3.5184452475E-01   -1.9067383581E+00    7.6470872636E-02
    3.6759980001E-02    9.8763793855E-01    3.5670306700E-01   -1.8556000857E+00    7.6425222064E-02
    3.6799980001E-02    9.9658403823E-01    3.6040703642E-01   -1.8099575760E+00    7.6370784326E-02
    3.6839980001E-02    1.0045481080E+00    3.6311430273E-01   -1.7704947212E+00    7.6308343515E-02
    3.6879980001E-02    1.0112714939E+00    3.6501200195E-01   -1.7377960646E+00    7.6238951779E-02
    3.6919980001E-02    1.0165399916E+00    3.6629246704E-01   -1.7123420144E+00    7.6163890822E-02
    3.6959980001E-02    1.0201881735E+00    3.6712918426E-01   -1.6945040862E+00    7.6084628149E-02
    3.6999980001E-02    1.0221013430E+00    3.6765539654E-01   -1.6845397504E+00    7.6002768240E-02
    3.7039980001E-02    1.0222162196E+00    3.6794768957E-01   -1.6825877925E+00    7.5919998764E-02
    3.7079980001E-02    1.0205209736E+00    3.6801664384E-01   -1.6886654484E+00    7.5838033517E-02
    3.7119980001E-02    1.0170552030E+00    3.6780553339E-01   -1.7026682496E+00    7.5758554433E-02
    3.7159980001E-02    1.0119098738E+00    3.6719725484E-01   -1.7243727564E+00    7.5683155115E-02
    3.7199980001E-02    1.0052268330E+00    3.6602867590E-01   -1.7534415516E+00    7.5613288253E-02
    3.7239980001E-02    9.9719737397E-01    3.6411051990E-01   -1.7894293159E+00    7.5550219117E-02
    3.7279980001E-02    9.8805890512E-01    3.6125053165E-01   -1.8317887716E+00    7.5494986031E-02
    3.7319980001E-02    9.7808874566E-01    3.5727728722E-01   -1.8798761457E+00    7.5448367545E-02
    3.7359980001E-02    9.6759425786E-01    3.5206190145E-01   -1.9329573364E+00    7.5410857824E-02
    3.7399980001E-02    9.5689870409E-01    3.4553529321E-01   -1.9902172203E+00    7.5382657232E-02
    3.7439980001E-02    9.4632349180E-01    3.3769884703E-01   -2.0507744592E+00    7.5363689533E-02
    3.7479980001E-02    9.3616881366E-01    3.2862721184E-01   -2.1137022090E+00    7.5353652798E-02
    3.7519980001E-02    9.2669559161E-01    3.1846340457E-01   -2.1780523246E+00    7.5352096429E-02
    3.7559980001E-02    9.1811153284E-01    3.0740785328E-01   -2.2428788723E+00    7.5358501523E-02
    3.7599980001E-02    9.1056295578E-01    2.9570391179E-01   -2.3072572203E+00    7.5372339170E-02
    3.7639980001E-02    9.0413248263E-01    2.8362236804E-01   -2.3702972584E+00    7.5393094333E-02
    3.7679980001E-02    8.9884152605E-01    2.7144674583E-01   -2.4311518314E+00    7.5420261598E-02
    3.7719980001E-02    8.9465614431E-01    2.5946029263E-01   -2.4890228283E+00    7.5453329940E-02
    3.7759980001E-02    8.9149515297E-01    2.4793491882E-01   -2.5431671502E+00    7.5491771573E-02
    3.7799980001E-02    8.8923987774E-01    2.3712215930E-01   -2.5929035125E+00    7.5535040342E-02
    3.7839980001E-02    8.8774519981E-01    2.2724631037E-01   -2.6376196301E+00    7.5582576640E-02
    3.7879980001E-02    8.8685149301E-01    2.1849996819E-01   -2.6767785223E+00    7.5633813400E-02
    3.7919980001E-02    8.8639664271E-01    2.1104211873E-01   -2.7099227333E+00    7.5688179915E-02
    3.7959980001E-02    8.8622739305E-01    2.0499855910E-01   -2.7366759303E+00    7.5745103051E-02
    3.7999980001E-02    8.8620936614E-01    2.0046407998E-01   -2.7567421511E+00    7.5804007000E-02
    3.8039980001E-02    8.8623526059E-01    1.9750560903E-01   -2.7699035521E+00    7.5864312835E-02
    3.8079980001E-02    8.8623099863E-01    1.9616544644E-01   -2.7760176980E+00    7.5925438611E-02
    3.8119980001E-02    8.8615978076E-01    1.9646382469E-01   -2.7750153119E+00    7.5986800185E-02
    3.8159980001E-02    8.8602411015E-01    1.9840023561E-01   -2.7668991187E+00    7.6047812642E-02
    3.8199980001E-02    8.8586580341E-01    2.0195324618E-01   -2.7517441017E+00    7.6107892068E-02
    3.8239980001E-02    8.8576398175E-01    2.0707881582E-01   -2.7296991549E+00    7.6166457223E-02
    3.8279980001E-02    8.8583096470E-01    2.1370743347E-01   -2.7009897709E+00    7.6222930745E-02
    3.8319980001E-02    8.8620599092E-01    2.2174067436E-01   -2.6659210398E+00    7.6276739638E-02
    3.8359980001E-02    8.8704679745E-01    2.3104799394E-01   -2.6248799271E+00    7.6327315060E-02
    3.8399980001E-02    8.8851918638E-01    2.4146470068E-01   -2.5783356961E+00    7.6374092023E-02
    3.8439980001E-02    8.9078506838E-01    2.5279194814E-01   -2.5268376171E+00    7.6416510516E-02
    3.8479980001E-02    8.9398977777E-01    2.6479927461E-01   -2.4710098645E+00    7.6454019543E-02
    3.8519980001E-02    8.9824958005E-01    2.7722978825E-01   -2.4115444973E+00    7.6486083537E-02
    3.8559980001E-02    9.0364020729E-01    2.8980772860E-01   -2.3491941111E+00    7.6512187112E-02
    3.8599980001E-02    9.1018702118E-01    3.0224802399E-01   -2.2847655752E+00    7.6531832212E-02
    3.8639980001E-02    9.1785725437E-01    3.1426762882E-01   -2.2191150205E+00    7.6544525718E-02
    3.8679980001E-02    9.2655489188E-01    3.2559865439E-01   -2.1531423924E+00    7.6549765674E-02
    3.8719980001E-02    9.3611918858E-01    3.3600318095E-01   -2.0877825083E+00    7.6547043568E-02
    3.8759980001E-02    9.4632819492E-01    3.4528887649E-01   -2.0239898326E+00    7.6535878826E-02
    3.8799980001E-02    9.5690822360E-01    3.5332345353E-01   -1.9627164627E+00    7.6515886602E-02
    3.8839980001E-02    9.6754891617E-01    3.6004516776E-01   -1.9048860919E+00    7.6486860287E-02
    3.8879980001E-02    9.7792200124E-01    3.6546663883E-01   -1.8513689194E+00    7.6448840833E-02
    3.8919980001E-02    9.8770079299E-01    3.6967044140E-01   -1.8029620350E+00    7.6402153310E-02
    3.8959980001E-02    9.9657747190E-01    3.7279672730E-01   -1.7603769459E+00    7.6347409146E-02
    3.8999980001E-02    1.0042763963E+00    3.7502454332E-01   -1.7242326635E+00    7.6285485496E-02
    3.9039980001E-02    1.0105631052E+00    3.7654923904E-01   -1.6950511703E+00    7.6217493976E-02
    3.9079980001E-02    1.0152496345E+00    3.7755856833E-01   -1.6732526760E+00    7.6144744245E-02
    3.9119980001E-02    1.0181971133E+00    3.7821011378E-01   -1.6591498648E+00    7.6068702329E-02
    3.9159980001E-02    1.0193167701E+00    3.7861237448E-01   -1.6529419682E+00    7.5990942628E-02
    3.9199980001E-02    1.0185701080E+00    3.7881175413E-01   -1.6547101581E+00    7.5913094400E-02
    3.9239980001E-02    1.0159688029E+00    3.7878704321E-01   -1.6644155641E+00    7.5836785256E-02
    3.9279980001E-02    1.0115746967E+00    3.7845195436E-01   -1.6819005541E+00    7.5763584684E-02
    3.9319980001E-02    1.0054997396E+00    3.7766540363E-01   -1.7068930654E+00    7.5694950622E-02
    3.9359980001E-02    9.9790536889E-01    3.7624830167E-01   -1.7390129766E+00    7.5632181918E-02
    3.9399980001E-02    9.8900067340E-01    3.7400478446E-01   -1.7777790329E+00    7.5576378592E-02
    3.9439980001E-02    9.7903844799E-01    3.7074550784E-01   -1.8226150140E+00    7.5528409692E-02
    3.9479980001E-02    9.6830824098E-01    3.6631048034E-01   -1.8728549313E+00    7.5488887488E-02
    3.9519980001E-02    9.5712570884E-01    3.6058896325E-01   -1.9277487021E+00    7.5458149663E-02
    3.9559980001E-02    9.4581803584E-01    3.5353430365E-01   -1.9864709098E+00    7.5436257379E-02
    3.9599980001E-02    9.3470618316E-01    3.4517205021E-01   -2.0481348825E+00    7.5423020031E-02
    3.9639980001E-02    9.2408604957E-01    3.3560051550E-01   -2.1118122689E+00    7.5418050506E-02
    3.9679980001E-02    9.1421133160E-01    3.2498425393E-01   -2.1765557335E+00    7.5420839690E-02
    3.9719980001E-02    9.0528063116E-01    3.1354215877E-01   -2.2414210374E+00    7.5430827005E-02
    3.9759980001E-02    8.9743022260E-01    3.0153256133E-01   -2.3054854161E+00    7.5447445942E-02
    3.9799980001E-02    8.9073247096E-01    2.8923762597E-01   -2.3678611438E+00    7.5470138761E-02
    3.9839980001E-02    8.8519888594E-01    2.7694868829E-01   -2.4277051237E+00    7.5498351276E-02
    3.9879980001E-02    8.8078651848E-01    2.6495340760E-01   -2.4842262623E+00    7.5531525029E-02
    3.9919980001E-02    8.7740668074E-01    2.5352505100E-01   -2.5366921852E+00    7.5569098056E-02
    3.9959980001E-02    8.7493538242E-01    2.4291399930E-01   -2.5844359773E+00    7.5610514253E-02
    3.9999980001E-02    8.7322503566E-01    2.3334156658E-01   -2.6268626961E+00    7.5655234251E-02
    4.0039980001E-02    8.7211681286E-01    2.2499624282E-01   -2.6634548609E+00    7.5702741191E-02
    4.0079980001E-02    8.7145293554E-01    2.1803231137E-01   -2.6937761351E+00    7.5752539434E-02
    4.0119980001E-02    8.7108812347E-01    2.1257052520E-01   -2.7174728668E+00    7.5804148557E-02
    4.0159980001E-02    8.7089952790E-01    2.0870023899E-01   -2.7342737504E+00    7.5857096381E-02
    4.0199980001E-02    8.7079467593E-01    2.0648220568E-01   -2.7439883270E+00    7.5910913668E-02
    4.0239980001E-02    8.7071716566E-01    2.0595122171E-01   -2.7465051969E+00    7.5965131395E-02
    4.0279980001E-02    8.7065009332E-01    2.0711792477E-01   -2.7417907097E+00    7.6019280210E-02
    4.0319980001E-02    8.7061715364E-01    2.0996930977E-01   -2.7298886307E+00    7.6072891113E-02
    4.0359980001E-02    8.7068140684E-01    2.1446782596E-01   -2.7109209326E+00    7.6125496155E-02
    4.0399980001E-02    8.7094169444E-01    2.2054924416E-01   -2.6850894913E+00    7.6176627871E-02
    4.0439980001E-02    8.7152667570E-01    2.2811979508E-01   -2.6526780952E+00    7.6225816363E-02
    4.0479980001E-02    8.7258656242E-01    2.3705331869E-01   -2.6140539075E+00    7.6272583605E-02
    4.0519980001E-02    8.7428275689E-01    2.4718929327E-01   -2.5696674493E+00    7.6316436140E-02
    4.0559980001E-02    8.7677586260E-01    2.5833255822E-01   -2.5200504230E+00    7.6356859461E-02
    4.0599980001E-02    8.8021283751E-01    2.7025529605E-01   -2.4658112797E+00    7.6393318353E-02
    4.0639980001E-02    8.8471416638E-01    2.8270149891E-01   -2.4076291451E+00    7.6425265258E-02
    4.0679980001E-02    8.9036188655E-01    2.9539384460E-01   -2.3462471604E+00    7.6452153278E-02
    4.0719980001E-02    8.9718914113E-01    3.0804277531E-01   -2.2824661165E+00    7.6473445480E-02
    4.0759980001E-02    9.0517182506E-01    3.2035761993E-01   -2.2171383944E+00    7.6488613594E-02
    4.0799980001E-02    9.1422298598E-01    3.3205966861E-01   -2.1511609752E+00    7.6497128876E-02
    4.0839980001E-02    9.2419092431E-01    3.4289694264E-01   -2.0854653220E+00    7.6498459864E-02
    4.0879980001E-02    9.3486212678E-01    3.5265981627E-01   -2.0210020715E+00    7.6492094964E-02
    4.0919980001E-02    9.4596985073E-01    3.6119574018E-01   -1.9587201299E+00    7.6477596814E-02
    4.0959980001E-02    9.5720814145E-01    3.6842055698E-01   -1.8995423864E+00    7.6454676308E-02
    4.0999980001E-02    9.6824963484E-01    3.7432387385E-01   -1.8443422685E+00    7.6423261536E-02
    4.1039980001E-02    9.7876443877E-01    3.7896688288E-01   -1.7939252481E+00    7.6383540362E-02
    4.1079980001E-02    9.8843734023E-01    3.8247249953E-01   -1.7490170472E+00    7.6335970901E-02
    4.1119980001E-02    9.9698151911E-01    3.8500902614E-01   -1.7102572343E+00    7.6281268456E-02
    4.1159980001E-02    1.0041482235E+00    3.8676932674E-01   -1.6781951257E+00    7.6220380932E-02
    4.1199980001E-02    1.0097328166E+00    3.8794779945E-01   -1.6532852159E+00    7.6154459162E-02
    4.1239980002E-02    1.0135780100E+00    3.8871755318E-01   -1.6358810855E+00    7.6084822128E-02
    4.1279980002E-02    1.0155752713E+00    3.8921011405E-01   -1.6262285123E+00    7.6012915047E-02
    4.1319980002E-02    1.0156651578E+00    3.8949998720E-01   -1.6244594065E+00    7.5940260127E-02
    4.1359980002E-02    1.0138372068E+00    3.8959593645E-01   -1.6305881570E+00    7.5868402258E-02
    4.1399980002E-02    1.0101298615E+00    3.8943997346E-01   -1.6445113673E+00    7.5798852963E-02
    4.1439980002E-02    1.0046305233E+00    3.8891412723E-01   -1.6660111416E+00    7.5733036141E-02
    4.1479980002E-02    9.9747537342E-01    3.8785417681E-01   -1.6947612383E+00    7.5672239041E-02
    4.1519980002E-02    9.8884838385E-01    3.8606865659E-01   -1.7303346955E+00    7.5617571354E-02
    4.1559980002E-02    9.7897876745E-01    3.8336093467E-01   -1.7722112314E+00    7.5569933298E-02
    4.1599980002E-02    9.6813607463E-01    3.7955196381E-01   -1.8197832186E+00    7.5529991130E-02
    4.1639980002E-02    9.5662219199E-01    3.7450136984E-01   -1.8723604000E+00    7.5498158546E-02
    4.1679980002E-02    9.4475975340E-01    3.6812475654E-01   -1.9291751876E+00    7.5474587037E-02
    4.1719980002E-02    9.3287701348E-01    3.6040549176E-01   -1.9893912225E+00    7.5459174209E-02
    4.1759980002E-02    9.2129022958E-01    3.5139977223E-01   -2.0521171024E+00    7.5451599001E-02
    4.1799980002E-02    9.1028568672E-01    3.4123460398E-01   -2.1164250565E+00    7.5451382781E-02
    4.1839980002E-02    9.0010395981E-01    3.3009947118E-01   -2.1813722039E+00    7.5457960970E-02
    4.1879980002E-02    8.9092859707E-01    3.1823344096E-01   -2.2460212148E+00    7.5470742644E-02
    4.1919980002E-02    8.8288029671E-01    3.0590990667E-01   -2.3094580056E+00    7.5489142466E-02
    4.1959980002E-02    8.7601641848E-01    2.9342101584E-01   -2.3708056685E+00    7.5512585745E-02
    4.1999980002E-02    8.7033487464E-01    2.8106327150E-01   -2.4292351164E+00    7.5540501416E-02
    4.2039980002E-02    8.6578125739E-01    2.6912515333E-01   -2.4839734355E+00    7.5572319731E-02
    4.2079980002E-02    8.6225828004E-01    2.5787710532E-01   -2.5343108522E+00    7.5607482018E-02
    4.2119980002E-02    8.5963693301E-01    2.4756394890E-01   -2.5796068432E+00    7.5645457914E-02
    4.2159980002E-02    8.5776871741E-01    2.3839970612E-01   -2.6192954835E+00    7.5685759981E-02
    4.2199980002E-02    8.5649826863E-01    2.3056473591E-01   -2.6528897872E+00    7.5727948349E-02
    4.2239980002E-02    8.5567562712E-01    2.2420495783E-01   -2.6799846973E+00    7.5771624804E-02
    4.2279980002E-02    8.5516741416E-01    2.1943274968E-01   -2.7002585635E+00    7.5816420854E-02
    4.2319980002E-02    8.5486628584E-01    2.1632890756E-01   -2.7134732961E+00    7.5861985341E-02
    4.2359980002E-02    8.5469822093E-01    2.1494494049E-01   -2.7194737068E+00    7.5907975250E-02
    4.2399980002E-02    8.5462738217E-01    2.1530499210E-01   -2.7181866722E+00    7.5954050634E-02
    4.2439980002E-02    8.5465850312E-01    2.1740683482E-01   -2.7096206610E+00    7.5999872582E-02
    4.2479980002E-02    8.5483670980E-01    2.2122166393E-01   -2.6938659128E+00    7.6045102158E-02
    4.2519980002E-02    8.5524475952E-01    2.2669273173E-01   -2.6710952131E+00    7.6089397916E-02
    4.2559980002E-02    8.5599772007E-01    2.3373317788E-01   -2.6415648757E+00    7.6132409928E-02
    4.2599980002E-02    8.5723518458E-01    2.4222366908E-01   -2.6056153074E+00    7.6173769543E-02
    4.2639980002E-02    8.5911128158E-01    2.5201059919E-01   -2.5636704969E+00    7.6213076511E-02
    4.2679980002E-02    8.6178297238E-01    2.6290558048E-01   -2.5162359869E+00    7.6249888110E-02
    4.2719980002E-02    8.6539729300E-01    2.7468680644E-01   -2.4638952957E+00    7.6283716482E-02
    4.2759980002E-02    8.7007834791E-01    2.8710263489E-01   -2.4073051383E+00    7.6314038069E-02
    4.2799980002E-02    8.7591490201E-01    2.9987752660E-01   -2.3471899213E+00    7.6340312294E-02
    4.2839980002E-02    8.8294931070E-01    3.1272035887E-01   -2.2843357500E+00    7.6361999517E-02
    4.2879980002E-02    8.9116848747E-01    3.2533506867E-01   -2.2195836678E+00    7.6378567601E-02
    4.2919980002E-02    9.0049766860E-01    3.3743348203E-01   -2.1538212493E+00    7.6389485501E-02
    4.2959980002E-02    9.1079788256E-01    3.4874993510E-01   -2.0879712390E+00    7.6394215949E-02
    4.2999980002E-02    9.2186809447E-01    3.5905680372E-01   -2.0229760322E+00    7.6392226312E-02
    4.3039980002E-02    9.3345269368E-01    3.6817937723E-01   -1.9597778182E+00    7.6383029463E-02
    4.3079980002E-02    9.4525415290E-01    3.7600790959E-01   -1.8992960515E+00    7.6366248919E-02
    4.3119980002E-02    9.5694950075E-01    3.8250457309E-01   -1.8424056202E+00    7.6341687457E-02
    4.3159980002E-02    9.6820828487E-01    3.8770367036E-01   -1.7899193081E+00    7.6309376988E-02
    4.3199980002E-02    9.7870951526E-01    3.9170463171E-01   -1.7425764076E+00    7.6269599478E-02
    4.3239980002E-02    9.8815574964E-01    3.9465851665E-01   -1.7010366151E+00    7.6222883350E-02
    4.3279980002E-02    9.9628355862E-01    3.9674954249E-01   -1.6658763846E+00    7.6169986414E-02
    4.3319980002E-02    1.0028704959E+00    3.9817357292E-01   -1.6375848180E+00    7.6111873063E-02
    4.3359980002E-02    1.0077392498E+00    3.9911562681E-01   -1.6165576579E+00    7.6049686719E-02
    4.3399980002E-02    1.0107597001E+00    3.9972868476E-01   -1.6030897981E+00    7.5984714936E-02
    4.3439980002E-02    1.0118495507E+00    4.0011616007E-01   -1.5973679095E+00    7.5918345799E-02
    4.3479980002E-02    1.0109742930E+00    4.0032001198E-01   -1.5994649988E+00    7.5852017026E-02
    4.3519980002E-02    1.0081470652E+00    4.0031591312E-01   -1.6093382089E+00    7.5787161062E-02
    4.3559980002E-02    1.0034286745E+00    4.0001602940E-01   -1.6268304085E+00    7.5725149981E-02
    4.3599980002E-02    9.9692765691E-01    3.9927904405E-01   -1.6516753125E+00    7.5667244104E-02
    4.3639980002E-02    9.8879988853E-01    3.9792619946E-01   -1.6835050810E+00    7.5614548063E-02
    4.3679980002E-02    9.7924709757E-01    3.9576143648E-01   -1.7218587488E+00    7.5567976675E-02
    4.3719980002E-02    9.6851358282E-01    3.9259336377E-01   -1.7661897351E+00    7.5528230302E-02
    4.3759980002E-02    9.5688047916E-01    3.8825678032E-01   -1.8158714211E+00    7.5495777200E-02
    4.3799980002E-02    9.4465702947E-01    3.8263167855E-01   -1.8702013044E+00    7.5470841794E-02
    4.3839980002E-02    9.3216853374E-01    3.7565801275E-01   -1.9284057742E+00    7.5453403238E-02
    4.3879980002E-02    9.1974122338E-01    3.6734488820E-01   -1.9896480959E+00    7.5443213175E-02
    4.3919980002E-02    9.0768525666E-01    3.5777331514E-01   -2.0530412303E+00    7.5439838974E-02
    4.3959980002E-02    8.9627785153E-01    3.4709247657E-01   -2.1176651236E+00    7.5442727797E-02
    4.3999980002E-02    8.8574887038E-01    3.3551038868E-01   -2.1825864049E+00    7.5451274605E-02
    4.4039980002E-02    8.7627071802E-01    3.2328059085E-01   -2.2468779592E+00    7.5464873410E-02
    4.4079980002E-02    8.6795342527E-01    3.1068683417E-01   -2.3096365649E+00    7.5482939933E-02
    4.4119980002E-02    8.6084476498E-01    2.9802761842E-01   -2.3699978017E+00    7.5504910002E-02
    4.4159980002E-02    8.5493459966E-01    2.8560201417E-01   -2.4271480927E+00    7.5530230290E-02
    4.4199980002E-02    8.5016247551E-01    2.7369768493E-01   -2.4803340106E+00    7.5558358007E-02
    4.4239980002E-02    8.4642755827E-01    2.6258152713E-01   -2.5288691974E+00    7.5588775066E-02
    4.4279980002E-02    8.4360022552E-01    2.5249293900E-01   -2.5721394757E+00    7.5621009663E-02
    4.4319980002E-02    8.4153460493E-01    2.4363952080E-01   -2.6096067660E+00    7.5654653189E-02
    4.4359980002E-02    8.4008124590E-01    2.3619490993E-01   -2.6408121978E+00    7.5689364410E-02
    4.4399980002E-02    8.3909918717E-01    2.3029836758E-01   -2.6653784920E+00    7.5724860742E-02
    4.4439980002E-02    8.3846672857E-01    2.2605565518E-01   -2.6830115396E+00    7.5760902296E-02
    4.4479980002E-02    8.3809033228E-01    2.2354064222E-01   -2.6935011865E+00    7.5797275421E-02
    4.4519980002E-02    8.3791124018E-01    2.2279703430E-01   -2.6967214326E+00    7.5833780085E-02
    4.4559980002E-02    8.3790955474E-01    2.2383965760E-01   -2.6926303742E+00    7.5870222028E-02
    4.4599980002E-02    8.3810565073E-01    2.2665490407E-01   -2.6812701809E+00    7.5906407933E-02
    4.4639980002E-02    8.3855887409E-01    2.3120019742E-01   -2.6627672068E+00    7.5942140556E-02
    4.4679980002E-02    8.3936357063E-01    2.3740262806E-01   -2.6373320992E+00    7.5977210721E-02
    4.4719980002E-02    8.4064250706E-01    2.4515717070E-01   -2.6052595855E+00    7.6011384472E-02
    4.4759980002E-02    8.4253792122E-01    2.5432506116E-01   -2.5669275991E+00    7.6044386513E-02
    4.4799980002E-02    8.4520060972E-01    2.6473295421E-01   -2.5227955616E+00    7.6075884685E-02
    4.4839980002E-02    8.4877763937E-01    2.7617342412E-01   -2.4734018700E+00    7.6105482743E-02
    4.4879980002E-02    8.5339940456E-01    2.8840726273E-01   -2.4193607360E+00    7.6132727200E-02
    4.4919980002E-02    8.5916682390E-01    3.0116793636E-01   -2.3613583506E+00    7.6157127407E-02
    4.4959980002E-02    8.6613949319E-01    3.1416848500E-01   -2.3001479630E+00    7.6178179279E-02
    4.4999980002E-02    8.7432562485E-01    3.2711101884E-01   -2.2365431736E+00    7.6195379240E-02
    4.5039980002E-02    8.8367462757E-01    3.3969872679E-01   -2.1714087334E+00    7.6208221418E-02
    4.5079980002E-02    8.9407320735E-01    3.5164995251E-01   -2.1056483430E+00    7.6216185377E-02
    4.5119980002E-02    9.0534583523E-01    3.6271345245E-01   -2.0401891809E+00    7.6218733034E-02
    4.5159980002E-02    9.1726016602E-01    3.7268347378E-01   -1.9759633049E+00    7.6215331883E-02
    4.5199980002E-02    9.2953739215E-01    3.8141285501E-01   -1.9138869733E+00    7.6205507113E-02
    4.5239980002E-02    9.4186660508E-01    3.8882217144E-01   -1.8548401780E+00    7.6188908263E-02
    4.5279980002E-02    9.5392134872E-01    3.9490325356E-01   -1.7996493361E+00    7.6165368572E-02
    4.5319980002E-02    9.6537615768E-01    3.9971620701E-01   -1.7490752802E+00    7.6134941342E-02
    4.5359980002E-02    9.7592123544E-01    4.0338002501E-01   -1.7038065805E+00    7.6097911006E-02
    4.5399980002E-02    9.8527419942E-01    4.0605772034E-01   -1.6644560790E+00    7.6054786796E-02
    4.5439980002E-02    9.9318862507E-01    4.0793743334E-01   -1.6315576808E+00    7.6006288063E-02
    4.5479980002E-02    9.9945965833E-01    4.0921128197E-01   -1.6055612887E+00    7.5953324911E-02
    4.5519980002E-02    1.0039272172E+00    4.1005395170E-01   -1.5868255351E+00    7.5896972478E-02
    4.5559980002E-02    1.0064774103E+00    4.1060318455E-01   -1.5756095205E+00    7.5838436111E-02
    4.5599980002E-02    1.0070428450E+00    4.1094430605E-01   -1.5720654378E+00    7.5779007016E-02
    4.5639980002E-02    1.0056024947E+00    4.1110057382E-01   -1.5762337720E+00    7.5720010730E-02
    4.5679980002E-02    1.0021816203E+00    4.1103048839E-01   -1.5880421122E+00    7.5662752202E-02
    4.5719980002E-02    9.9685186276E-01    4.1063241429E-01   -1.6073078466E+00    7.5608461690E-02
    4.5759980002E-02    9.8973127143E-01    4.0975592711E-01   -1.6337442804E+00    7.5558245727E-02
    4.5799980002E-02    9.8098374567E-01    4.0821848520E-01   -1.6669690055E+00    7.5513046952E-02
    4.5839980002E-02    9.7081724783E-01    4.0582545667E-01   -1.7065127988E+00    7.5473614841E-02
    4.5879980002E-02    9.5948021956E-01    4.0239126932E-01   -1.7518272938E+00    7.5440486419E-02
    4.5919980002E-02    9.4725568827E-01    3.9775959064E-01   -1.8022904304E+00    7.5413974173E-02
    4.5959980002E-02    9.3445261371E-01    3.9182078327E-01   -1.8572101398E+00    7.5394160157E-02
    4.5999980002E-02    9.2139427981E-01    3.8452519844E-01   -1.9158281804E+00    7.5380900158E-02
    4.6039980002E-02    9.0840403086E-01    3.7589121183E-01   -1.9773265860E+00    7.5373845558E-02
    4.6079980002E-02    8.9578937350E-01    3.6600735760E-01   -2.0408383691E+00    7.5372487983E-02
    4.6119980002E-02    8.8382615383E-01    3.5502855536E-01   -2.1054624486E+00    7.5376222477E-02
    4.6159980002E-02    8.7274480721E-01    3.4316716190E-01   -2.1702813353E+00    7.5384414142E-02
    4.6199980002E-02    8.6272037186E-01    3.3068019583E-01   -2.2343797116E+00    7.5396448922E-02
    4.6239980002E-02    8.5386719721E-01    3.1785440789E-01   -2.2968624864E+00    7.5411755934E-02
    4.6279980002E-02    8.4623844023E-01    3.0499089484E-01   -2.3568713814E+00    7.5429803842E-02
    4.6319980002E-02    8.3982984501E-01    2.9239076195E-01   -2.4135991720E+00    7.5450087330E-02
    4.6359980002E-02    8.3458701109E-01    2.8034297302E-01   -2.4663007186E+00    7.5472122082E-02
    4.6399980002E-02    8.3041526925E-01    2.6911501392E-01   -2.5143004190E+00    7.5495456441E-02
    4.6439980002E-02    8.2719128479E-01    2.5894644331E-01   -2.5569966019E+00    7.5519693869E-02
    4.6479980002E-02    8.2477554385E-01    2.5004498781E-01   -2.5938640361E+00    7.5544513025E-02
    4.6519980002E-02    8.2302492388E-01    2.4258465834E-01   -2.6244557124E+00    7.5569675040E-02
    4.6559980002E-02    8.2180462233E-01    2.3670535992E-01   -2.6484045242E+00    7.5595015980E-02
    4.6599980002E-02    8.2099878220E-01    2.3251351505E-01   -2.6654249056E+00    7.5620429576E-02
    4.6639980002E-02    8.2051920946E-01    2.3008323996E-01   -2.6753142271E+00    7.5645847598E-02
    4.6679980002E-02    8.2031179898E-01    2.2945760197E-01   -2.6779537793E+00    7.5671223211E-02
    4.6719980002E-02    8.2036040778E-01    2.3064953613E-01   -2.6733093124E+00    7.5696518931E-02
    4.6759980002E-02    8.2068802968E-01    2.3364212911E-01   -2.6614311753E+00    7.5721697566E-02
    4.6799980002E-02    8.2135522313E-01    2.3838818033E-01   -2.6424540686E+00    7.5746712796E-02
    4.6839980002E-02    8.2245583405E-01    2.4480917727E-01   -2.6165963652E+00    7.5771496254E-02
    4.6879980002E-02    8.2411016067E-01    2.5279401269E-01   -2.5841589532E+00    7.5795940103E-02
    4.6919980002E-02    8.2645583941E-01    2.6219788210E-01   -2.5455236811E+00    7.5819877716E-02
    4.6959980002E-02    8.2963687901E-01    2.7284183163E-01   -2.5011516397E+00    7.5843068807E-02
    4.6999980002E-02    8.3379141059E-01    2.8451342695E-01   -2.4515815106E+00    7.5865196609E-02
    4.7039980002E-02    8.3903884313E-01    2.9696903812E-01   -2.3974278427E+00    7.5885880966E-02
    4.7079980002E-02    8.4546721952E-01    3.0993827704E-01   -2.3393784619E+00    7.5904702701E-02
    4.7119980002E-02    8.5312165188E-01    3.2313108506E-01   -2.2781896957E+00    7.5921226313E-02
    4.7159980002E-02    8.6199486735E-01    3.3624769005E-01   -2.2146782190E+00    7.5935007427E-02
    4.7199980003E-02    8.7202082866E-01    3.4899118266E-01   -2.1497091317E+00    7.5945581977E-02
    4.7239980003E-02    8.8307222516E-01    3.6108193908E-01   -2.0841807810E+00    7.5952449570E-02
    4.7279980003E-02    8.9496237926E-01    3.7227270515E-01   -2.0190072469E+00    7.5955071791E-02
    4.7319980003E-02    9.0745175162E-01    3.8236288562E-01   -1.9550994236E+00    7.5952899752E-02
    4.7359980003E-02    9.2025868745E-01    3.9121041624E-01   -1.8933458673E+00    7.5945428641E-02
    4.7399980003E-02    9.3307334745E-01    3.9873961016E-01   -1.8345952027E+00    7.5932262581E-02
    4.7439980003E-02    9.4557316501E-01    4.0494370881E-01   -1.7796421726E+00    7.5913169908E-02
    4.7479980003E-02    9.5743799737E-01    4.0988153364E-01   -1.7292185855E+00    7.5888116960E-02
    4.7519980003E-02    9.6836349487E-01    4.1366841213E-01   -1.6839886250E+00    7.5857280196E-02
    4.7559980003E-02    9.7807187681E-01    4.1646218198E-01   -1.6445463102E+00    7.5821043999E-02
    4.7599980003E-02    9.8631991130E-01    4.1844549797E-01   -1.6114124432E+00    7.5779991383E-02
    4.7639980003E-02    9.9290428484E-01    4.1980595671E-01   -1.5850293281E+00    7.5734889796E-02
    4.7679980003E-02    9.9766477910E-01    4.2071578412E-01   -1.5657532068E+00    7.5686669836E-02
    4.7719980003E-02    1.0004857596E+00    4.2131306592E-01   -1.5538457241E+00    7.5636393967E-02
    4.7759980003E-02    1.0012965690E+00    4.2168654419E-01   -1.5494662791E+00    7.5585214751E-02
    4.7799980003E-02    1.0000714364E+00    4.2186574290E-01   -1.5526668935E+00    7.5534324892E-02
    4.7839980003E-02    9.9682938649E-01    4.2181760943E-01   -1.5633906095E+00    7.5484903055E-02
    4.7879980003E-02    9.9163431303E-01    4.2145009245E-01   -1.5814737340E+00    7.5438059921E-02
    4.7919980003E-02    9.8459501740E-01    4.2062221186E-01   -1.6066515814E+00    7.5394788969E-02
    4.7959980003E-02    9.7586478861E-01    4.1915932282E-01   -1.6385667368E+00    7.5355926101E-02
    4.7999980003E-02    9.6563992245E-01    4.1687177010E-01   -1.6767782600E+00    7.5322120769E-02
    4.8039980003E-02    9.5415662237E-01    4.1357488671E-01   -1.7207700303E+00    7.5293818532E-02
    4.8079980003E-02    9.4168584307E-01    4.0910837691E-01   -1.7699568948E+00    7.5271252490E-02
    4.8119980003E-02    9.2852576332E-01    4.0335342201E-01   -1.8236884770E+00    7.5254441197E-02
    4.8159980003E-02    9.1499173974E-01    3.9624619664E-01   -1.8812519601E+00    7.5243194037E-02
    4.8199980003E-02    9.0140389306E-01    3.8778681119E-01   -1.9418760647E+00    7.5237129137E-02
    4.8239980003E-02    8.8807295332E-01    3.7804305702E-01   -2.0047381924E+00    7.5235709672E-02
    4.8279980003E-02    8.7528553518E-01    3.6714879902E-01   -2.0689754713E+00    7.5238299405E-02
    4.8319980003E-02    8.6329039723E-01    3.5529740804E-01   -2.1336990931E+00    7.5244229142E-02
    4.8359980003E-02    8.5228725052E-01    3.4273111839E-01   -2.1980107666E+00    7.5252857416E-02
    4.8399980003E-02    8.4241929806E-01    3.2972752511E-01   -2.2610203486E+00    7.5263607849E-02
    4.8439980003E-02    8.3377010547E-01    3.1658462285E-01   -2.3218639323E+00    7.5275975720E-02
    4.8479980003E-02    8.2636485690E-01    3.0360589479E-01   -2.3797212224E+00    7.5289512603E-02
    4.8519980003E-02    8.2017562254E-01    2.9108692914E-01   -2.4338303364E+00    7.5303808934E-02
    4.8559980003E-02    8.1512992344E-01    2.7930471274E-01   -2.4834982838E+00    7.5318491278E-02
    4.8599980003E-02    8.1112163314E-01    2.6851010951E-01   -2.5281066357E+00    7.5333237205E-02
    4.8639980003E-02    8.0802316651E-01    2.5892332072E-01   -2.5671135143E+00    7.5347797438E-02
    4.8679980003E-02    8.0569798610E-01    2.5073166220E-01   -2.6000538727E+00    7.5362011479E-02
    4.8719980003E-02    8.0401262245E-01    2.4408889717E-01   -2.6265397433E+00    7.5375808758E-02
    4.8759980003E-02    8.0284756502E-01    2.3911550348E-01   -2.6462611988E+00    7.5389196022E-02
    4.8799980003E-02    8.0210650200E-01    2.3589942928E-01   -2.6589879198E+00    7.5402237227E-02
    4.8839980003E-02    8.0172348996E-01    2.3449699731E-01   -2.6645708653E+00    7.5415032765E-02
    4.8879980003E-02    8.0166774148E-01    2.3493367100E-01   -2.6629435552E+00    7.5427701953E-02
    4.8919980003E-02    8.0194583300E-01    2.3720445743E-01   -2.6541226580E+00    7.5440368992E-02
    4.8959980003E-02    8.0260124670E-01    2.4127383144E-01   -2.6382077613E+00    7.5453149969E-02
    4.8999980003E-02    8.0371126585E-01    2.4707520737E-01   -2.6153803512E+00    7.5466137817E-02
    4.9039980003E-02    8.0538134502E-01    2.5451011760E-01   -2.5859021996E+00    7.5479383725E-02
    4.9079980003E-02    8.0773717529E-01    2.6344734658E-01   -2.5501135717E+00    7.5492876814E-02
    4.9119980003E-02    8.1091475957E-01    2.7372232507E-01   -2.5084318273E+00    7.5506527603E-02
    4.9159980003E-02    8.1504890865E-01    2.8513716664E-01   -2.4613508522E+00    7.5520162529E-02
    4.9199980003E-02    8.2026070222E-01    2.9746187887E-01   -2.4094411189E+00    7.5533533932E-02
    4.9239980003E-02    8.2664467105E-01    3.1043746413E-01   -2.3533491439E+00    7.5546342239E-02
    4.9279980003E-02    8.3425672594E-01    3.2378166870E-01   -2.2937942915E+00    7.5558258249E-02
    4.9319980003E-02    8.4310406457E-01    3.3719784271E-01   -2.2315610437E+00    7.5568930932E-02
    4.9359980003E-02    8.5313818119E-01    3.5038674644E-01   -2.1674862218E+00    7.5577974868E-02
    4.9399980003E-02    8.6425172629E-01    3.6306044201E-01   -2.1024423760E+00    7.5584947489E-02
    4.9439980003E-02    8.7627953872E-01    3.7495695787E-01   -2.0373194427E+00    7.5589337491E-02
    4.9479980003E-02    8.8900378754E-01    3.8585432032E-01   -1.9730063842E+00    7.5590582060E-02
    4.9519980003E-02    9.0216285929E-01    3.9558261457E-01   -1.9103737420E+00    7.5588114365E-02
    4.9559980003E-02    9.1546325101E-01    4.0403281308E-01   -1.8502578619E+00    7.5581426716E-02
    4.9599980003E-02    9.2859327595E-01    4.1116127049E-01   -1.7934479246E+00    7.5570129660E-02
    4.9639980003E-02    9.4123710555E-01    4.1698917110E-01   -1.7406768928E+00    7.5553993556E-02
    4.9679980003E-02    9.5308778370E-01    4.2159678425E-01   -1.6926164781E+00    7.5532970064E-02
    4.9719980003E-02    9.6385830614E-01    4.2511293472E-01   -1.6498747419E+00    7.5507198889E-02
    4.9759980003E-02    9.7329038566E-01    4.2770049870E-01   -1.6129940224E+00    7.5477006744E-02
    4.9799980003E-02    9.8116090994E-01    4.2953901233E-01   -1.5824471620E+00    7.5442901933E-02
    4.9839980003E-02    9.8728627203E-01    4.3080577086E-01   -1.5586312557E+00    7.5405563173E-02
    4.9879980003E-02    9.9152485195E-01    4.3165710417E-01   -1.5418595784E+00    7.5365819105E-02
    4.9919980003E-02    9.9377806707E-01    4.3221170524E-01   -1.5323532719E+00    7.5324616202E-02
    4.9959980003E-02    9.9399054046E-01    4.3253783630E-01   -1.5302345291E+00    7.5282975789E-02
    4.9999980003E-02    9.9214995312E-01    4.3264588741E-01   -1.5355226130E+00    7.5241943411E-02
    5.0039980003E-02    9.8828697939E-01    4.3248716003E-01   -1.5481334362E+00    7.5202534961E-02
    5.0079980003E-02    9.8247539040E-01    4.3195899822E-01   -1.5678828083E+00    7.5165684296E-02
    5.0119980003E-02    9.7483206431E-01    4.3091562266E-01   -1.5944928741E+00    7.5132197087E-02
    5.0159980003E-02    9.6551637897E-01    4.2918338179E-01   -1.6276006549E+00    7.5102715120E-02
    5.0199980003E-02    9.5472841792E-01    4.2657868273E-01   -1.6667671110E+00    7.5077693447E-02
    5.0239980003E-02    9.4270553624E-01    4.2292671005E-01   -1.7114850304E+00    7.5057389849E-02
    5.0279980003E-02    9.2971700256E-01    4.1807918184E-01   -1.7611845819E+00    7.5041863554E-02
    5.0319980003E-02    9.1605658298E-01    4.1192971066E-01   -1.8152365250E+00    7.5030979951E-02
    5.0359980003E-02    9.0203305932E-01    4.0442569620E-01   -1.8729543661E+00    7.5024420724E-02
    5.0399980003E-02    8.8795886495E-01    3.9557600353E-01   -1.9335974683E+00    7.5021702843E-02
    5.0439980003E-02    8.7413734927E-01    3.8545400649E-01   -1.9963767975E+00    7.5022212137E-02
    5.0479980003E-02    8.6084958626E-01    3.7419595724E-01   -2.0604638634E+00    7.5025254979E-02
    5.0519980003E-02    8.4834192500E-01    3.6199504921E-01   -2.1250024053E+00    7.5030123841E-02
    5.0559980003E-02    8.3681547528E-01    3.4909184876E-01   -2.1891222445E+00    7.5036162175E-02
    5.0599980003E-02    8.2641847709E-01    3.3576192961E-01   -2.2519552687E+00    7.5042808765E-02
    5.0639980003E-02    8.1724222520E-01    3.2230169602E-01   -2.3126535813E+00    7.5049608828E-02
    5.0679980003E-02    8.0932099609E-01    3.0901367682E-01   -2.3704086852E+00    7.5056196637E-02
    5.0719980003E-02    8.0263611603E-01    2.9619287483E-01   -2.4244689799E+00    7.5062269637E-02
    5.0759980003E-02    7.9712379177E-01    2.8411567725E-01   -2.4741524981E+00    7.5067574696E-02
    5.0799980003E-02    7.9268574860E-01    2.7303217989E-01   -2.5188534008E+00    7.5071913921E-02
    5.0839980003E-02    7.8920138961E-01    2.6316183650E-01   -2.5580432142E+00    7.5075162384E-02
    5.0879980003E-02    7.8654024492E-01    2.5469163089E-01   -2.5912694085E+00    7.5077283869E-02
    5.0919980003E-02    7.8457378292E-01    2.4777576743E-01   -2.6181538910E+00    7.5078334745E-02
    5.0959980003E-02    7.8318597241E-01    2.4253607911E-01   -2.6383928178E+00    7.5078454348E-02
    5.0999980003E-02    7.8228218644E-01    2.3906267678E-01   -2.6517578145E+00    7.5077846439E-02
    5.1039980003E-02    7.8179613658E-01    2.3741459861E-01   -2.6580979071E+00    7.5076758073E-02
    5.1079980003E-02    7.8169458703E-01    2.3762032682E-01   -2.6573412907E+00    7.5075460181E-02
    5.1119980003E-02    7.8197966660E-01    2.3967808084E-01   -2.6494962720E+00    7.5074230921E-02
    5.1159980003E-02    7.8268868498E-01    2.4355583581E-01   -2.6346510623E+00    7.5073340180E-02
    5.1199980003E-02    7.8389145750E-01    2.4919107070E-01   -2.6129724503E+00    7.5073032799E-02
    5.1239980003E-02    7.8568523891E-01    2.5649030346E-01   -2.5847037480E+00    7.5073509357E-02
    5.1279980003E-02    7.8818744975E-01    2.6532850629E-01   -2.5501627527E+00    7.5074906268E-02
    5.1319980003E-02    7.9152644559E-01    2.7554854161E-01   -2.5097406450E+00    7.5077280117E-02
    5.1359980003E-02    7.9583065103E-01    2.8696088747E-01   -2.4639024770E+00    7.5080602535E-02
    5.1399980003E-02    8.0121651195E-01    2.9934418167E-01   -2.4131889626E+00    7.5084769137E-02
    5.1439980003E-02    8.0777597313E-01    3.1244743551E-01   -2.3582178570E+00    7.5089618881E-02
    5.1479980003E-02    8.1556453938E-01    3.2599491331E-01   -2.2996820930E+00    7.5094952050E-02
    5.1519980003E-02    8.2459124916E-01    3.3969436489E-01   -2.2383420694E+00    7.5100532661E-02
    5.1559980003E-02    8.3481182457E-01    3.5324849824E-01   -2.1750114290E+00    7.5106069705E-02
    5.1599980003E-02    8.4612577816E-01    3.6636865183E-01   -2.1105382823E+00    7.5111188072E-02
    5.1639980003E-02    8.5837759152E-01    3.7878909249E-01   -2.0457852829E+00    7.5115411910E-02
    5.1679980003E-02    8.7136159623E-01    3.9028042516E-01   -1.9816113275E+00    7.5118179443E-02
    5.1719980003E-02    8.8482999077E-01    4.0066096813E-01   -1.9188558850E+00    7.5118890534E-02
    5.1759980003E-02    8.9850331535E-01    4.0980523151E-01   -1.8583258094E+00    7.5116970840E-02
    5.1799980003E-02    9.1208250061E-01    4.1764875764E-01   -1.8007845990E+00    7.5111931467E-02
    5.1839980003E-02    9.2526140308E-01    4.2418873790E-01   -1.7469445673E+00    7.5103410969E-02
    5.1879980003E-02    9.3773875246E-01    4.2948014498E-01   -1.6974621786E+00    7.5091198365E-02
    5.1919980003E-02    9.4922870768E-01    4.3362754006E-01   -1.6529358000E+00    7.5075243336E-02
    5.1959980003E-02    9.5946959211E-01    4.3677308676E-01   -1.6139041489E+00    7.5055660484E-02
    5.1999980003E-02    9.6823067347E-01    4.3908159088E-01   -1.5808435748E+00    7.5032730775E-02
    5.2039980003E-02    9.7531702314E-01    4.4072364442E-01   -1.5541631214E+00    7.5006898656E-02
    5.2079980003E-02    9.8057260201E-01    4.4185822767E-01   -1.5341975460E+00    7.4978760904E-02
    5.2119980003E-02    9.8388185288E-01    4.4261635765E-01   -1.5211994684E+00    7.4949043861E-02
    5.2159980003E-02    9.8517022882E-01    4.4308744863E-01   -1.5153322167E+00    7.4918568409E-02
    5.2199980003E-02    9.8440417409E-01    4.4330988049E-01   -1.5166647654E+00    7.4888204892E-02
    5.2239980003E-02    9.8159101234E-01    4.4326684966E-01   -1.5251696796E+00    7.4858822069E-02
    5.2279980003E-02    9.7677897159E-01    4.4288797668E-01   -1.5407244307E+00    7.4831234930E-02
    5.2319980003E-02    9.7005726690E-01    4.4205646123E-01   -1.5631159190E+00    7.4806156454E-02
    5.2359980003E-02    9.6155587739E-01    4.4062093514E-01   -1.5920475102E+00    7.4784158177E-02
    5.2399980003E-02    9.5144451994E-01    4.3841065647E-01   -1.6271473848E+00    7.4765643364E-02
    5.2439980003E-02    9.3993035739E-01    4.3525241168E-01   -1.6679766786E+00    7.4750834188E-02
    5.2479980003E-02    9.2725412978E-01    4.3098748206E-01   -1.7140360063E+00    7.4739771088E-02
    5.2519980003E-02    9.1368455981E-01    4.2548723749E-01   -1.7647696650E+00    7.4732319925E-02
    5.2559980003E-02    8.9951099410E-01    4.1866623054E-01   -1.8195679366E+00    7.4728182352E-02
    5.2599980003E-02    8.8503433318E-01    4.1049196806E-01   -1.8777689096E+00    7.4726907703E-02
    5.2639980003E-02    8.7055647305E-01    4.0099081632E-01   -1.9386615212E+00    7.4727909767E-02
    5.2679980003E-02    8.5636877597E-01    3.9024980457E-01   -2.0014908407E+00    7.4730496306E-02
    5.2719980003E-02    8.4274039940E-01    3.7841445437E-01   -2.0654655208E+00    7.4733918615E-02
    5.2759980003E-02    8.2990742823E-01    3.6568306377E-01   -2.1297668828E+00    7.4737439555E-02
    5.2799980003E-02    8.1806360382E-01    3.5229796198E-01   -2.1935598068E+00    7.4740404427E-02
    5.2839980003E-02    8.0735322935E-01    3.3853417922E-01   -2.2560066671E+00    7.4742290649E-02
    5.2879980003E-02    7.9786682662E-01    3.2468608248E-01   -2.3162853097E+00    7.4742719612E-02
    5.2919980003E-02    7.8964025973E-01    3.1105304796E-01   -2.3736098629E+00    7.4741434604E-02
    5.2959980003E-02    7.8265792085E-01    2.9792588276E-01   -2.4272505468E+00    7.4738266561E-02
    5.2999980003E-02    7.7685994263E-01    2.8557582059E-01   -2.4765480344E+00    7.4733110702E-02
    5.3039980003E-02    7.7215253735E-01    2.7424718518E-01   -2.5209201070E+00    7.4725923374E-02
    5.3079980003E-02    7.6842000600E-01    2.6415363918E-01   -2.5598617133E+00    7.4716732796E-02
    5.3119980003E-02    7.6553697633E-01    2.5547703150E-01   -2.5929417511E+00    7.4705650776E-02
    5.3159980004E-02    7.6337983767E-01    2.4836761403E-01   -2.6197999286E+00    7.4692875711E-02
    5.3199980004E-02    7.6183678920E-01    2.4294469350E-01   -2.6401455910E+00    7.4678684371E-02
    5.3239980004E-02    7.6081619937E-01    2.3929724243E-01   -2.6537586898E+00    7.4663415639E-02
    5.3279980004E-02    7.6025308016E-01    2.3748433499E-01   -2.6604919874E+00    7.4647451223E-02
    5.3319980004E-02    7.6011350866E-01    2.3753542471E-01   -2.6602732891E+00    7.4631197111E-02
    5.3359980004E-02    7.6039685720E-01    2.3945050496E-01   -2.6531067346E+00    7.4615066975E-02
    5.3399980004E-02    7.6113575287E-01    2.4320017309E-01   -2.6390726394E+00    7.4599466622E-02
    5.3439980004E-02    7.6239376807E-01    2.4872559717E-01   -2.6183259010E+00    7.4584777799E-02
    5.3479980004E-02    7.6426092263E-01    2.5593836075E-01   -2.5910935101E+00    7.4571340600E-02
    5.3519980004E-02    7.6684713449E-01    2.6472014080E-01   -2.5576721753E+00    7.4559435925E-02
    5.3559980004E-02    7.7027378388E-01    2.7492219984E-01   -2.5184273048E+00    7.4549271840E-02
    5.3599980004E-02    7.7466360218E-01    2.8636482975E-01   -2.4737942549E+00    7.4540978627E-02
    5.3639980004E-02    7.8012920299E-01    2.9883723443E-01   -2.4242816127E+00    7.4534615018E-02
    5.3679980004E-02    7.8676088382E-01    3.1209879574E-01   -2.3704744965E+00    7.4530182239E-02
    5.3719980004E-02    7.9461479690E-01    3.2588294301E-01   -2.3130343520E+00    7.4527635413E-02
    5.3759980004E-02    8.0370298732E-01    3.3990457022E-01   -2.2526917993E+00    7.4526879296E-02
    5.3799980004E-02    8.1398675865E-01    3.5387100716E-01   -2.1902314212E+00    7.4527742667E-02
    5.3839980004E-02    8.2537417638E-01    3.6749536796E-01   -2.1264709375E+00    7.4529941638E-02
    5.3879980004E-02    8.3772156513E-01    3.8051040429E-01   -2.0622395438E+00    7.4533055775E-02
    5.3919980004E-02    8.5083820151E-01    3.9268117041E-01   -1.9983595758E+00    7.4536539050E-02
    5.3959980004E-02    8.6449336143E-01    4.0381551947E-01   -1.9356328578E+00    7.4539769139E-02
    5.3999980004E-02    8.7842516444E-01    4.1377201074E-01   -1.8748306017E+00    7.4542117350E-02
    5.4039980004E-02    8.9235077691E-01    4.2246490660E-01   -1.8166852756E+00    7.4543013705E-02
    5.4079980004E-02    9.0597735449E-01    4.2986582719E-01   -1.7618839175E+00    7.4541990517E-02
    5.4119980004E-02    9.1901289352E-01    4.3600167973E-01   -1.7110632785E+00    7.4538703258E-02
    5.4159980004E-02    9.3117619469E-01    4.4094877239E-01   -1.6648069661E+00    7.4532937742E-02
    5.4199980004E-02    9.4220540761E-01    4.4482339690E-01   -1.6236438375E+00    7.4524613635E-02
    5.4239980004E-02    9.5186492687E-01    4.4776947238E-01   -1.5880462247E+00    7.4513789091E-02
    5.4279980004E-02    9.5995060595E-01    4.4994408102E-01   -1.5584267301E+00    7.4500665211E-02
    5.4319980004E-02    9.6629335810E-01    4.5150195060E-01   -1.5351331567E+00    7.4485585424E-02
    5.4359980004E-02    9.7076130661E-01    4.5258015508E-01   -1.5184420982E+00    7.4469024755E-02
    5.4399980004E-02    9.7326077332E-01    4.5328444064E-01   -1.5085523503E+00    7.4451566323E-02
    5.4439980004E-02    9.7373651412E-01    4.5367855117E-01   -1.5055794387E+00    7.4433865637E-02
    5.4479980004E-02    9.7217164089E-01    4.5377768515E-01   -1.5095523065E+00    7.4416605837E-02
    5.4519980004E-02    9.6858756010E-01    4.5354679105E-01   -1.5204127659E+00    7.4400448540E-02
    5.4559980004E-02    9.6304402737E-01    4.5290387421E-01   -1.5380178470E+00    7.4385985552E-02
    5.4599980004E-02    9.5563915030E-01    4.5172792940E-01   -1.5621447023E+00    7.4373696800E-02
    5.4639980004E-02    9.4650897187E-01    4.4987061656E-01   -1.5924972696E+00    7.4363919291E-02
    5.4679980004E-02    9.3582620448E-01    4.4717044061E-01   -1.6287135167E+00    7.4356830255E-02
    5.4719980004E-02    9.2379775765E-01    4.4346803687E-01   -1.6703719733E+00    7.4352444641E-02
    5.4759980004E-02    9.1066084009E-01    4.3862120526E-01   -1.7169965683E+00    7.4350623465E-02
    5.4799980004E-02    8.9667753746E-01    4.3251852012E-01   -1.7680595774E+00    7.4351086639E-02
    5.4839980004E-02    8.8212784286E-01    4.2509057671E-01   -1.8229834555E+00    7.4353423835E-02
    5.4879980004E-02    8.6730121560E-01    4.1631817099E-01   -1.8811429372E+00    7.4357100973E-02
    5.4919980004E-02    8.5248695370E-01    4.0623698122E-01   -1.9418685479E+00    7.4361467711E-02
    5.4959980004E-02    8.3796396764E-01    3.9493868746E-01   -2.0044516126E+00    7.4365778615E-02
    5.4999980004E-02    8.2399073507E-01    3.8256886282E-01   -2.0681498702E+00    7.4369240572E-02
    5.5039980004E-02    8.1079608681E-01    3.6932215672E-01   -2.1321930763E+00    7.4371086786E-02
    5.5079980004E-02    7.9857110488E-01    3.5543507922E-01   -2.1957897586E+00    7.4370658617E-02
    5.5119980004E-02    7.8746223874E-01    3.4117631073E-01   -2.2581380315E+00    7.4367465294E-02
    5.5159980004E-02    7.7756610637E-01    3.2683450470E-01   -2.3184427985E+00    7.4361200125E-02
    5.5199980004E-02    7.6892706611E-01    3.1270436659E-01   -2.3759382212E+00    7.4351715781E-02
    5.5239980004E-02    7.6153877796E-01    2.9907289212E-01   -2.4299104037E+00    7.4338981754E-02
    5.5279980004E-02    7.5535020906E-01    2.8620804099E-01   -2.4797141782E+00    7.4323049343E-02
    5.5319980004E-02    7.5027530622E-01    2.7435132709E-01   -2.5247806488E+00    7.4304035946E-02
    5.5359980004E-02    7.4620469456E-01    2.6371434528E-01   -2.5646165533E+00    7.4282124970E-02
    5.5399980004E-02    7.4301769780E-01    2.5447808954E-01   -2.5987994696E+00    7.4257570755E-02
    5.5439980004E-02    7.4059349170E-01    2.4679358796E-01   -2.6269731058E+00    7.4230699743E-02
    5.5479980004E-02    7.3882081526E-01    2.4078274600E-01   -2.6488451751E+00    7.4201904534E-02
    5.5519980004E-02    7.3760599769E-01    2.3653888979E-01   -2.6641882228E+00    7.4171631940E-02
    5.5559980004E-02    7.3687924499E-01    2.3412695678E-01   -2.6728423532E+00    7.4140368022E-02
    5.5599980004E-02    7.3659912467E-01    2.3358348955E-01   -2.6747183286E+00    7.4108622829E-02
    5.5639980004E-02    7.3675512618E-01    2.3491660706E-01   -2.6697997166E+00    7.4076916169E-02
    5.5679980004E-02    7.3736821361E-01    2.3810605929E-01   -2.6581432974E+00    7.4045764306E-02
    5.5719980004E-02    7.3848935087E-01    2.4310338758E-01   -2.6398775609E+00    7.4015666774E-02
    5.5759980004E-02    7.4019605044E-01    2.4983212901E-01   -2.6151997532E+00    7.3987092770E-02
    5.5799980004E-02    7.4258704345E-01    2.5818792226E-01   -2.5843725341E+00    7.3960467712E-02
    5.5839980004E-02    7.4577517298E-01    2.6803833120E-01   -2.5477217338E+00    7.3936161962E-02
    5.5879980004E-02    7.4987859802E-01    2.7922228899E-01   -2.5056366484E+00    7.3914484446E-02
    5.5919980004E-02    7.5501043657E-01    2.9154937930E-01   -2.4585734220E+00    7.3895683028E-02
    5.5959980004E-02    7.6126725026E-01    3.0479970812E-01   -2.4070602370E+00    7.3879950301E-02
    5.5999980004E-02    7.6871724129E-01    3.1872566230E-01   -2.3517008624E+00    7.3867428581E-02
    5.6039980004E-02    7.7738958739E-01    3.3305696735E-01   -2.2931719719E+00    7.3858203959E-02
    5.6079980004E-02    7.8726669257E-01    3.4750974838E-01   -2.2322110256E+00    7.3852281188E-02
    5.6119980004E-02    7.9828067249E-01    3.6179890721E-01   -2.1695954447E+00    7.3849542100E-02
    5.6159980004E-02    8.1031422875E-01    3.7565183327E-01   -2.1061181169E+00    7.3849705909E-02
    5.6199980004E-02    8.2320487772E-01    3.8882116151E-01   -2.0425658004E+00    7.3852317725E-02
    5.6239980004E-02    8.3675109129E-01    4.0109511895E-01   -1.9797045051E+00    7.3856781606E-02
    5.6279980004E-02    8.5071940609E-01    4.1230517111E-01   -1.9182715241E+00    7.3862430864E-02
    5.6319980004E-02    8.6485229967E-01    4.2233126722E-01   -1.8589709055E+00    7.3868608669E-02
    5.6359980004E-02    8.7887690850E-01    4.3110480241E-01   -1.8024693706E+00    7.3874730692E-02
    5.6399980004E-02    8.9251438212E-01    4.3860898312E-01   -1.7493917425E+00    7.3880316841E-02
    5.6439980004E-02    9.0548926754E-01    4.4487614331E-01   -1.7003166109E+00    7.3884997580E-02
    5.6479980004E-02    9.1753819339E-01    4.4998181442E-01   -1.6557731035E+00    7.3888509543E-02
    5.6519980004E-02    9.2841730826E-01    4.5403577102E-01   -1.6162387500E+00    7.3890692962E-02
    5.6559980004E-02    9.3790821701E-01    4.5717063018E-01   -1.5821375893E+00    7.3891495291E-02
    5.6599980004E-02    9.4582238120E-01    4.5952882002E-01   -1.5538375424E+00    7.3890977928E-02
    5.6639980004E-02    9.5200408043E-01    4.6124889578E-01   -1.5316465908E+00    7.3889319498E-02
    5.6679980004E-02    9.5633212574E-01    4.6245230166E-01   -1.5158080277E+00    7.3886809717E-02
    5.6719980004E-02    9.5872061213E-01    4.6323172654E-01   -1.5064955839E+00    7.3883830807E-02
    5.6759980004E-02    9.5911907109E-01    4.6364213413E-01   -1.5038093939E+00    7.3880826808E-02
    5.6799980004E-02    9.5751238619E-01    4.6369533730E-01   -1.5077736196E+00    7.3878263876E-02
    5.6839980004E-02    9.5392073443E-01    4.6335864998E-01   -1.5183362176E+00    7.3876586266E-02
    5.6879980004E-02    9.4839963037E-01    4.6255773757E-01   -1.5353709376E+00    7.3876173416E-02
    5.6919980004E-02    9.4103994099E-01    4.6118335943E-01   -1.5586812372E+00    7.3877303646E-02
    5.6959980004E-02    9.3196757929E-01    4.5910131777E-01   -1.5880054247E+00    7.3880129181E-02
    5.6999980004E-02    9.2134252104E-01    4.5616465106E-01   -1.6230220870E+00    7.3884665393E-02
    5.7039980004E-02    9.0935682189E-01    4.5222696753E-01   -1.6633548538E+00    7.3890793857E-02
    5.7079980004E-02    8.9623139412E-01    4.4715580162E-01   -1.7085759116E+00    7.3898274802E-02
    5.7119980004E-02    8.8221138749E-01    4.4084495277E-01   -1.7582083862E+00    7.3906761088E-02
    5.7159980004E-02    8.6756010262E-01    4.3322488893E-01   -1.8117284592E+00    7.3915805442E-02
    5.7199980004E-02    8.5255151178E-01    4.2427047801E-01   -1.8685683682E+00    7.3924857495E-02
    5.7239980004E-02    8.3746172952E-01    4.1400561632E-01   -1.9281208125E+00    7.3933257099E-02
    5.7279980004E-02    8.2256008842E-01    4.0250479723E-01   -1.9897439397E+00    7.3940240646E-02
    5.7319980004E-02    8.0810060200E-01    3.8989214703E-01   -2.0527650713E+00    7.3944978913E-02
    5.7359980004E-02    7.9431429750E-01    3.7633859678E-01   -2.1164820509E+00    7.3946651956E-02
    5.7399980004E-02    7.8140226347E-01    3.6205740336E-01   -2.1801638645E+00    7.3944543681E-02
    5.7439980004E-02    7.6952890440E-01    3.4729744227E-01   -2.2430551394E+00    7.3938122069E-02
    5.7479980004E-02    7.5881539181E-01    3.3233341234E-01   -2.3043892253E+00    7.3927075537E-02
    5.7519980004E-02    7.4933445187E-01    3.1745298017E-01   -2.3634104847E+00    7.3911299887E-02
    5.7559980004E-02    7.4110840630E-01    3.0294255025E-01   -2.4194006095E+00    7.3890854985E-02
    5.7599980004E-02    7.3411191569E-01    2.8907444966E-01   -2.4717008088E+00    7.3865917797E-02
    5.7639980004E-02    7.2827941316E-01    2.7609787702E-01   -2.5197239148E+00    7.3836748405E-02
    5.7679980004E-02    7.2351573646E-01    2.6423431583E-01   -2.5629558490E+00    7.3803671309E-02
    5.7719980004E-02    7.1970791744E-01    2.5367644742E-01   -2.6009504751E+00    7.3767066594E-02
    5.7759980004E-02    7.1673649772E-01    2.4458884857E-01   -2.6333232054E+00    7.3727365007E-02
    5.7799980004E-02    7.1448551420E-01    2.3710899406E-01   -2.6597472074E+00    7.3685043371E-02
    5.7839980004E-02    7.1285089979E-01    2.3134778940E-01   -2.6799534871E+00    7.3640618771E-02
    5.7879980004E-02    7.1174729935E-01    2.2738951234E-01   -2.6937340707E+00    7.3594641125E-02
    5.7919980004E-02    7.1111330098E-01    2.2529139850E-01   -2.7009465469E+00    7.3547684357E-02
    5.7959980004E-02    7.1091501688E-01    2.2508318609E-01   -2.7015182014E+00    7.3500336674E-02
    5.7999980004E-02    7.1114798661E-01    2.2676686082E-01   -2.6954484619E+00    7.3453190478E-02
    5.8039980004E-02    7.1183728284E-01    2.3031672142E-01   -2.6828089837E+00    7.3406832349E-02
    5.8079980004E-02    7.1303580697E-01    2.3567977144E-01   -2.6637413462E+00    7.3361833562E-02
    5.8119980004E-02    7.1482084660E-01    2.4277633158E-01   -2.6384529483E+00    7.3318741687E-02
    5.8159980004E-02    7.1728899997E-01    2.5150065246E-01   -2.6072123053E+00    7.3278073964E-02
    5.8199980004E-02    7.2054954503E-01    2.6172122722E-01   -2.5703454338E+00    7.3240312961E-02
    5.8239980004E-02    7.2471624622E-01    2.7328055418E-01   -2.5282350549E+00    7.3205904313E-02
    5.8279980004E-02    7.2989773685E-01    2.8599439252E-01   -2.4813235753E+00    7.3175255441E-02
    5.8319980004E-02    7.3618671424E-01    2.9965113752E-01   -2.4301189360E+00    7.3148732995E-02
    5.8359980004E-02    7.4364862693E-01    3.1401263303E-01   -2.3751999208E+00    7.3126655294E-02
    5.8399980004E-02    7.5231127738E-01    3.2881807613E-01   -2.3172157330E+00    7.3109274782E-02
    5.8439980004E-02    7.6215726227E-01    3.4379213586E-01   -2.2568753523E+00    7.3096746117E-02
    5.8479980004E-02    7.7312088833E-01    3.5865691614E-01   -2.1949261643E+00    7.3089081400E-02
    5.8519980004E-02    7.8508992617E-01    3.7314567441E-01   -2.1321268685E+00    7.3086105664E-02
    5.8559980004E-02    7.9791093289E-01    3.8701546096E-01   -2.0692229344E+00    7.3087435932E-02
    5.8599980004E-02    8.1139602023E-01    4.0005666394E-01   -2.0069311539E+00    7.3092504259E-02
    5.8639980004E-02    8.2532945617E-01    4.1209914487E-01   -1.9459343211E+00    7.3100625818E-02
    5.8679980004E-02    8.3947379922E-01    4.2301587654E-01   -1.8868819376E+00    7.3111089433E-02
    5.8719980004E-02    8.5357623174E-01    4.3272501741E-01   -1.8303914624E+00    7.3123237619E-02
    5.8759980004E-02    8.6737574909E-01    4.4119057578E-01   -1.7770468607E+00    7.3136512799E-02
    5.8799980004E-02    8.8061117452E-01    4.4842112508E-01   -1.7273944461E+00    7.3150467171E-02
    5.8839980004E-02    8.9302931979E-01    4.5446594676E-01   -1.6819378397E+00    7.3164750432E-02
    5.8879980004E-02    9.0439243796E-01    4.5940839093E-01   -1.6411337282E+00    7.3179093788E-02
    5.8919980004E-02    9.1448436120E-01    4.6335677616E-01   -1.6053889410E+00    7.3193302027E-02
    5.8959980004E-02    9.2311509437E-01    4.6643352731E-01   -1.5750583577E+00    7.3207255428E-02
    5.8999980004E-02    9.3012392667E-01    4.6876343308E-01   -1.5504428708E+00    7.3220916084E-02
    5.9039980004E-02    9.3538128248E-01    4.7046196233E-01   -1.5317869434E+00    7.3234331122E-02
    5.9079980004E-02    9.3878960696E-01    4.7162457168E-01   -1.5192758250E+00    7.3247626984E-02
    5.9119980004E-02    9.4028361506E-01    4.7231787548E-01   -1.5130328793E+00    7.3260992398E-02
    5.9159980005E-02    9.3983022857E-01    4.7257341770E-01   -1.5131176116E+00    7.3274651019E-02
    5.9199980005E-02    9.3742846721E-01    4.7238457722E-01   -1.5195248779E+00    7.3288827254E-02
    5.9239980005E-02    9.3310944485E-01    4.7170686685E-01   -1.5321855053E+00    7.3303710168E-02
    5.9279980005E-02    9.2693647371E-01    4.7046158298E-01   -1.5509682431E+00    7.3319420903E-02
    5.9319980005E-02    9.1900511837E-01    4.6854248016E-01   -1.5756826607E+00    7.3335988635E-02
    5.9359980005E-02    9.0944293862E-01    4.6582489368E-01   -1.6060823993E+00    7.3353338627E-02
    5.9399980005E-02    8.9840860555E-01    4.6217655400E-01   -1.6418681661E+00    7.3371293170E-02
    5.9439980005E-02    8.8609006616E-01    4.5746922523E-01   -1.6826901196E+00    7.3389582255E-02
    5.9479980005E-02    8.7270145224E-01    4.5159023796E-01   -1.7281498315E+00    7.3407856689E-02
    5.9519980005E-02    8.5847849574E-01    4.4445296275E-01   -1.7778026280E+00    7.3425694279E-02
    5.9559980005E-02    8.4367238850E-01    4.3600532178E-01   -1.8311613584E+00    7.3442592306E-02
    5.9599980005E-02    8.2854237279E-01    4.2623566371E-01   -1.8877020457E+00    7.3457948440E-02
    5.9639980005E-02    8.1334780526E-01    4.1517582705E-01   -1.9468703524E+00    7.3471044663E-02
    5.9679980005E-02    7.9834071447E-01    4.0290190448E-01   -2.0080861663E+00    7.3481056758E-02
    5.9719980005E-02    7.8375959241E-01    3.8953369779E-01   -2.0707434706E+00    7.3487106331E-02
    5.9759980005E-02    7.6982424349E-01    3.7523360049E-01   -2.1342052182E+00    7.3488351856E-02
    5.9799980005E-02    7.5673052563E-01    3.6020455009E-01   -2.1977974174E+00    7.3484091321E-02
    5.9839980005E-02    7.4464372761E-01    3.4468549461E-01   -2.2608098407E+00    7.3473839653E-02
    5.9879980005E-02    7.3369061585E-01    3.2894275244E-01   -2.3225092206E+00    7.3457357806E-02
    5.9919980005E-02    7.2395208952E-01    3.1325726618E-01   -2.3821642784E+00    7.3434636720E-02
    5.9959980005E-02    7.1545932536E-01    2.9791006402E-01   -2.4390748011E+00    7.3405856972E-02
    5.9999980005E-02    7.0819536207E-01    2.8316940623E-01   -2.4925947156E+00    7.3371343800E-02
    6.0039980005E-02    7.0210196761E-01    2.6928219121E-01   -2.5421431595E+00    7.3331526082E-02
    6.0079980005E-02    6.9708990837E-01    2.5647005211E-01   -2.5872042748E+00    7.3286900822E-02
    6.0119980005E-02    6.9305032555E-01    2.4492877051E-01   -2.6273210687E+00    7.3238004741E-02
    6.0159980005E-02    6.8986560475E-01    2.3482906090E-01   -2.6620892737E+00    7.3185395727E-02
    6.0199980005E-02    6.8741897169E-01    2.2631725411E-01   -2.6911548694E+00    7.3129645147E-02
    6.0239980005E-02    6.8560256612E-01    2.1951524799E-01   -2.7142160383E+00    7.3071338326E-02
    6.0279980005E-02    6.8432414820E-01    2.1451976708E-01   -2.7310283746E+00    7.3011077889E-02
    6.0319980005E-02    6.8351251004E-01    2.1140129367E-01   -2.7414113872E+00    7.2949485181E-02
    6.0359980005E-02    6.8312146166E-01    2.1020305582E-01   -2.7452544461E+00    7.2887197263E-02
    6.0399980005E-02    6.8313218246E-01    2.1094034331E-01   -2.7425208469E+00    7.2824859416E-02
    6.0439980005E-02    6.8355428266E-01    2.1360031639E-01   -2.7332493530E+00    7.2763115059E-02
    6.0479980005E-02    6.8442506063E-01    2.1814232787E-01   -2.7175529086E+00    7.2702595968E-02
    6.0519980005E-02    6.8580705517E-01    2.2449872000E-01   -2.6956147532E+00    7.2643915534E-02
    6.0559980005E-02    6.8778409718E-01    2.3257596878E-01   -2.6676826400E+00    7.2587667169E-02
    6.0599980005E-02    6.9045605130E-01    2.4225592487E-01   -2.6340623910E+00    7.2534428182E-02
    6.0639980005E-02    6.9393202232E-01    2.5339678913E-01   -2.5951124277E+00    7.2484766674E-02
    6.0679980005E-02    6.9832231878E-01    2.6583349865E-01   -2.5512411428E+00    7.2439246546E-02
    6.0719980005E-02    7.0372928829E-01    2.7937744398E-01   -2.5029083156E+00    7.2398424343E-02
    6.0759980005E-02    7.1023710062E-01    2.9381600101E-01   -2.4506300409E+00    7.2362833377E-02
    6.0799980005E-02    7.1790111434E-01    3.0891311147E-01   -2.3949841358E+00    7.2332954991E-02
    6.0839980005E-02    7.2673820451E-01    3.2441265122E-01   -2.3366107516E+00    7.2309181063E-02
    6.0879980005E-02    7.3672005011E-01    3.4004599076E-01   -2.2762028864E+00    7.2291772778E-02
    6.0919980005E-02    7.4777121607E-01    3.5554369093E-01   -2.2144850415E+00    7.2280819579E-02
    6.0959980005E-02    7.5977254155E-01    3.7064926905E-01   -2.1521843918E+00    7.2276204200E-02
    6.0999980005E-02    7.7256838552E-01    3.8513176276E-01   -2.0900036457E+00    7.2277586328E-02
    6.1039980005E-02    7.8597493485E-01    3.9879445374E-01   -2.0286043246E+00    7.2284420851E-02
    6.1079980005E-02    7.9978719778E-01    4.1147916046E-01   -1.9686034196E+00    7.2296017340E-02
    6.1119980005E-02    8.1378403625E-01    4.2306740325E-01   -1.9105794703E+00    7.2311627902E-02
    6.1159980005E-02    8.2773221670E-01    4.3348024460E-01   -1.8550807094E+00    7.2330535117E-02
    6.1199980005E-02    8.4139094071E-01    4.4267776391E-01   -1.8026293607E+00    7.2352112584E-02
    6.1239980005E-02    8.5451769769E-01    4.5065791759E-01   -1.7537202555E+00    7.2375846365E-02
    6.1279980005E-02    8.6687519924E-01    4.5745391650E-01   -1.7088154283E+00    7.2401324623E-02
    6.1319980005E-02    8.7823846009E-01    4.6312942048E-01   -1.6683376067E+00    7.2428213431E-02
    6.1359980005E-02    8.8840104688E-01    4.6777144591E-01   -1.6326647946E+00    7.2456235466E-02
    6.1399980005E-02    8.9717989548E-01    4.7148146177E-01   -1.6021267124E+00    7.2485159695E-02
    6.1439980005E-02    9.0441855918E-01    4.7436548185E-01   -1.5770027663E+00    7.2514800944E-02
    6.1479980005E-02    9.0998907795E-01    4.7652404988E-01   -1.5575208441E+00    7.2545023194E-02
    6.1519980005E-02    9.1379281488E-01    4.7804295903E-01   -1.5438563985E+00    7.2575739809E-02
    6.1559980005E-02    9.1576063876E-01    4.7898543092E-01   -1.5361316312E+00    7.2606906363E-02
    6.1599980005E-02    9.1585279680E-01    4.7938633648E-01   -1.5344148741E+00    7.2638505013E-02
    6.1639980005E-02    9.1405874905E-01    4.7924887643E-01   -1.5387203605E+00    7.2670522274E-02
    6.1679980005E-02    9.1039714637E-01    4.7854394845E-01   -1.5490085230E+00    7.2702924001E-02
    6.1719980005E-02    9.0491600508E-01    4.7721223650E-01   -1.5651867942E+00    7.2735632169E-02
    6.1759980005E-02    8.9769298364E-01    4.7516887528E-01   -1.5871107196E+00    7.2768507849E-02
    6.1799980005E-02    8.8883555285E-01    4.7231035916E-01   -1.6145851075E+00    7.2801343383E-02
    6.1839980005E-02    8.7848074161E-01    4.6852320264E-01   -1.6473650280E+00    7.2833864066E-02
    6.1879980005E-02    8.6679404689E-01    4.6369370682E-01   -1.6851567841E+00    7.2865736049E-02
    6.1919980005E-02    8.5396705604E-01    4.5771802914E-01   -1.7276194594E+00    7.2896573531E-02
    6.1959980005E-02    8.4021341314E-01    4.5051161163E-01   -1.7743680522E+00    7.2925936939E-02
    6.1999980005E-02    8.2576306402E-01    4.4201698961E-01   -1.8249791096E+00    7.2953316910E-02
    6.2039980005E-02    8.1085524862E-01    4.3220924319E-01   -1.8789987376E+00    7.2978107836E-02
    6.2079980005E-02    7.9573138968E-01    4.2109895406E-01   -1.9359509929E+00    7.2999586064E-02
    6.2119980005E-02    7.8062919473E-01    4.0873343340E-01   -1.9953428107E+00    7.3016914280E-02
    6.2159980005E-02    7.6577855726E-01    3.9519761295E-01   -2.0566615467E+00    7.3029187591E-02
    6.2199980005E-02    7.5139884927E-01    3.8061554884E-01   -2.1193644089E+00    7.3035517732E-02
    6.2239980005E-02    7.3769581024E-01    3.6515208993E-01   -2.1828645160E+00    7.3035130488E-02
    6.2279980005E-02    7.2485588723E-01    3.4901257345E-01   -2.2465227665E+00    7.3027443952E-02
    6.2319980005E-02    7.1303728540E-01    3.3243792081E-01   -2.3096539858E+00    7.3012108848E-02
    6.2359980005E-02    7.0235953265E-01    3.1569413889E-01   -2.3715488415E+00    7.2989015373E-02
    6.2399980005E-02    6.9289518835E-01    2.9905813932E-01   -2.4315040688E+00    7.2958282466E-02
    6.2439980005E-02    6.8466689172E-01    2.8280375641E-01   -2.4888493760E+00    7.2920237169E-02
    6.2479980005E-02    6.7765057165E-01    2.6719136342E-01   -2.5429628708E+00    7.2875379216E-02
    6.2519980005E-02    6.7178317312E-01    2.5246218967E-01   -2.5932743845E+00    7.2824327259E-02
    6.2559980005E-02    6.6697270442E-01    2.3883624085E-01   -2.6392619240E+00    7.2767756266E-02
    6.2599980005E-02    6.6310875916E-01    2.2651190253E-01   -2.6804475289E+00    7.2706345302E-02
    6.2639980005E-02    6.6007242354E-01    2.1566569777E-01   -2.7163964535E+00    7.2640750865E-02
    6.2679980005E-02    6.5774519129E-01    2.0645150885E-01   -2.7467205863E+00    7.2571607680E-02
    6.2719980005E-02    6.5601692288E-01    1.9899926227E-01   -2.7710850339E+00    7.2499546903E-02
    6.2759980005E-02    6.5479225287E-01    1.9341334439E-01   -2.7892159053E+00    7.2425217686E-02
    6.2799980005E-02    6.5399588933E-01    1.8977112244E-01   -2.8009077753E+00    7.2349300779E-02
    6.2839980005E-02    6.5357682226E-01    1.8812182690E-01   -2.8060297265E+00    7.2272509351E-02
    6.2879980005E-02    6.5351107188E-01    1.8848588514E-01   -2.8045292885E+00    7.2195578094E-02
    6.2919980005E-02    6.5380286474E-01    1.9085472113E-01   -2.7964340266E+00    7.2119245004E-02
    6.2959980005E-02    6.5448417730E-01    1.9519100474E-01   -2.7818507427E+00    7.2044231910E-02
    6.2999980005E-02    6.5561256475E-01    2.0142932794E-01   -2.7609623571E+00    7.1971229795E-02
    6.3039980005E-02    6.5726748393E-01    2.0947729003E-01   -2.7340227795E+00    7.1900894195E-02
    6.3079980005E-02    6.5954527982E-01    2.1921691793E-01   -2.7013503039E+00    7.1833853897E-02
    6.3119980005E-02    6.6255279229E-01    2.3050625235E-01   -2.6633203299E+00    7.1770731405E-02
    6.3159980005E-02    6.6639998435E-01    2.4318089342E-01   -2.6203586392E+00    7.1712167279E-02
    6.3199980005E-02    6.7119173459E-01    2.5705526795E-01   -2.5729365539E+00    7.1658834804E-02
    6.3239980005E-02    6.7701894309E-01    2.7192352519E-01   -2.5215690273E+00    7.1611430555E-02
    6.3279980005E-02    6.8394924234E-01    2.8756034816E-01   -2.4668156975E+00    7.1570634190E-02
    6.3319980005E-02    6.9201771187E-01    3.0372256575E-01   -2.4092829260E+00    7.1537045180E-02
    6.3359980005E-02    7.0121872509E-01    3.2015301636E-01   -2.3496226382E+00    7.1511116829E-02
    6.3399980005E-02    7.1150091848E-01    3.3658804305E-01   -2.2885229529E+00    7.1493108846E-02
    6.3439980005E-02    7.2276717402E-01    3.5276879856E-01   -2.2266879631E+00    7.1483066796E-02
    6.3479980005E-02    7.3488017472E-01    3.6845452274E-01   -2.1648097149E+00    7.1480822022E-02
    6.3519980005E-02    7.4767189499E-01    3.8343444224E-01   -2.1035410694E+00    7.1486003419E-02
    6.3559980005E-02    7.6095378668E-01    3.9753527075E-01   -2.0434791234E+00    7.1498062124E-02
    6.3599980005E-02    7.7452468706E-01    4.1062339823E-01   -1.9851637551E+00    7.1516316653E-02
    6.3639980005E-02    7.8817538905E-01    4.2260319585E-01   -1.9290882253E+00    7.1540018841E-02
    6.3679980005E-02    8.0169090845E-01    4.3341384869E-01   -1.8757138374E+00    7.1568426870E-02
    6.3719980005E-02    8.1485243106E-01    4.4302646457E-01   -1.8254809016E+00    7.1600864529E-02
    6.3759980005E-02    8.2744048840E-01    4.5144179220E-01   -1.7788121699E+00    7.1636751771E-02
    6.3799980005E-02    8.3923976349E-01    4.5868779835E-01   -1.7361093160E+00    7.1675605251E-02
    6.3839980005E-02    8.5004485599E-01    4.6481612427E-01   -1.6977455703E+00    7.1717019436E-02
    6.3879980005E-02    8.5966613632E-01    4.6989678433E-01   -1.6640579476E+00    7.1760642625E-02
    6.3919980005E-02    8.6793475670E-01    4.7401117827E-01   -1.6353412188E+00    7.1806158241E-02
    6.3959980005E-02    8.7470619597E-01    4.7724407152E-01   -1.6118442188E+00    7.1853274927E-02
    6.3999980005E-02    8.7986236685E-01    4.7967535881E-01   -1.5937681499E+00    7.1901723144E-02
    6.4039980005E-02    8.8331258354E-01    4.8137241899E-01   -1.5812661584E+00    7.1951253568E-02
    6.4079980005E-02    8.8499380470E-01    4.8238372749E-01   -1.5744435339E+00    7.2001633168E-02
    6.4119980005E-02    8.8487056949E-01    4.8273420708E-01   -1.5733581194E+00    7.2052637074E-02
    6.4159980005E-02    8.8293489068E-01    4.8242265719E-01   -1.5780206951E+00    7.2104036740E-02
    6.4199980005E-02    8.7920629281E-01    4.8142142229E-01   -1.5883952405E+00    7.2155586698E-02
    6.4239980005E-02    8.7373205738E-01    4.7967830604E-01   -1.6043990453E+00    7.2207012892E-02
    6.4279980005E-02    8.6658752552E-01    4.7712062702E-01   -1.6259026647E+00    7.2258005142E-02
    6.4319980005E-02    8.5787618875E-01    4.7366114630E-01   -1.6527298646E+00    7.2308214702E-02
    6.4359980005E-02    8.4772912641E-01    4.6920543754E-01   -1.6846579500E+00    7.2357255418E-02
    6.4399980005E-02    8.3630334037E-01    4.6366004211E-01   -1.7214192363E+00    7.2404704446E-02
    6.4439980005E-02    8.2377885458E-01    4.5694048692E-01   -1.7627047395E+00    7.2450096927E-02
    6.4479980005E-02    8.1035423243E-01    4.4897836700E-01   -1.8081707213E+00    7.2492910690E-02
    6.4519980005E-02    7.9624085384E-01    4.3972676586E-01   -1.8574478190E+00    7.2532543128E-02
    6.4559980005E-02    7.8165683948E-01    4.2916381707E-01   -1.9101507027E+00    7.2568290507E-02
    6.4599980005E-02    7.6682189147E-01    4.1729499539E-01   -1.9658843476E+00    7.2599345549E-02
    6.4639980005E-02    7.5195414917E-01    4.0415539036E-01   -2.0242424918E+00    7.2624825938E-02
    6.4679980005E-02    7.3726914737E-01    3.8981318437E-01   -2.0847960777E+00    7.2643832918E-02
    6.4719980005E-02    7.2297938728E-01    3.7437444038E-01   -2.1470745300E+00    7.2655522298E-02
    6.4759980005E-02    7.0929181465E-01    3.5798745083E-01   -2.2105482696E+00    7.2659163434E-02
    6.4799980005E-02    6.9640076631E-01    3.4084357923E-01   -2.2746226968E+00    7.2654174391E-02
    6.4839980005E-02    6.8447650840E-01    3.2317214144E-01   -2.3386491838E+00    7.2640145165E-02
    6.4879980005E-02    6.7365251072E-01    3.0522961863E-01   -2.4019492439E+00    7.2616870603E-02
    6.4919980005E-02    6.6401582411E-01    2.8728640121E-01   -2.4638409576E+00    7.2584394795E-02
    6.4959980005E-02    6.5560352615E-01    2.6961494980E-01   -2.5236577629E+00    7.2543037375E-02
    6.4999980005E-02    6.4840533325E-01    2.5248140853E-01   -2.5807571949E+00    7.2493366050E-02
    6.5039980005E-02    6.4237029826E-01    2.3614024791E-01   -2.6345239673E+00    7.2436110570E-02
    6.5079980005E-02    6.3741538571E-01    2.2083042777E-01   -2.6843731774E+00    7.2372052732E-02
    6.5119980006E-02    6.3343459513E-01    2.0677203946E-01   -2.7297563584E+00    7.2301940855E-02
    6.5159980006E-02    6.3030806859E-01    1.9416328210E-01   -2.7701696683E+00    7.2226458379E-02
    6.5199980006E-02    6.2791097261E-01    1.8317805451E-01   -2.8051622705E+00    7.2146244365E-02
    6.5239980006E-02    6.2612207693E-01    1.7396435322E-01   -2.8343436238E+00    7.2061941698E-02
    6.5279980006E-02    6.2483126246E-01    1.6664332060E-01   -2.8573892086E+00    7.1974244965E-02
    6.5319980006E-02    6.2394576858E-01    1.6130872418E-01   -2.8740449383E+00    7.1883929266E-02
    6.5359980006E-02    6.2339506961E-01    1.5802668781E-01   -2.8841305157E+00    7.1791854061E-02
    6.5399980006E-02    6.2313439160E-01    1.5683559522E-01   -2.8875418076E+00    7.1698945501E-02
    6.5439980006E-02    6.2314680527E-01    1.5774612807E-01   -2.8842521507E+00    7.1606165015E-02
    6.5479980006E-02    6.2344380971E-01    1.6074141806E-01   -2.8743124700E+00    7.1514472019E-02
    6.5519980006E-02    6.2406443391E-01    1.6577730624E-01   -2.8578502203E+00    7.1424787216E-02
    6.5559980006E-02    6.2507287620E-01    1.7278268490E-01   -2.8350673001E+00    7.1337963145E-02
    6.5599980006E-02    6.2655469232E-01    1.8165988658E-01   -2.8062372116E+00    7.1254769093E-02
    6.5639980006E-02    6.2861164081E-01    1.9228512065E-01   -2.7717017654E+00    7.1175897642E-02
    6.5679980006E-02    6.3135515701E-01    2.0450901310E-01   -2.7318673657E+00    7.1101995574E-02
    6.5719980006E-02    6.3489866759E-01    2.1815746492E-01   -2.6872005776E+00    7.1033711881E-02
    6.5759980006E-02    6.3934905265E-01    2.3303315552E-01   -2.6382223442E+00    7.0971744195E-02
    6.5799980006E-02    6.4479770747E-01    2.4891799116E-01   -2.5855003803E+00    7.0916856399E-02
    6.5839980006E-02    6.5131189508E-01    2.6557658042E-01   -2.5296401952E+00    7.0869844539E-02
    6.5879980006E-02    6.5892692195E-01    2.8276051980E-01   -2.4712761688E+00    7.0831449353E-02
    6.5919980006E-02    6.6763961386E-01    3.0021330444E-01   -2.4110640090E+00    7.0802243652E-02
    6.5959980006E-02    6.7740386111E-01    3.1767619029E-01   -2.3496739429E+00    7.0782542651E-02
    6.5999980006E-02    6.8812939680E-01    3.3489582125E-01   -2.2877813288E+00    7.0772376032E-02
    6.6039980006E-02    6.9968503558E-01    3.5163403696E-01   -2.2260511118E+00    7.0771524676E-02
    6.6079980006E-02    7.1190661043E-01    3.6767875277E-01   -2.1651164574E+00    7.0779589476E-02
    6.6119980006E-02    7.2460795975E-01    3.8285324773E-01   -2.1055575908E+00    7.0796052542E-02
    6.6159980006E-02    7.3759184977E-01    3.9702115341E-01   -2.0478892578E+00    7.0820313827E-02
    6.6199980006E-02    7.5065795859E-01    4.1008620724E-01   -1.9925616994E+00    7.0851712719E-02
    6.6239980006E-02    7.6360689096E-01    4.2198807348E-01   -1.9399732346E+00    7.0889551791E-02
    6.6279980006E-02    7.7624126569E-01    4.3269664949E-01   -1.8904875040E+00    7.0933129131E-02
    6.6319980006E-02    7.8836593496E-01    4.4220682988E-01   -1.8444479091E+00    7.0981772405E-02
    6.6359980006E-02    7.9978909052E-01    4.5053442684E-01   -1.8021848625E+00    7.1034863507E-02
    6.6399980006E-02    8.1032492227E-01    4.5771284262E-01   -1.7640154425E+00    7.1091847607E-02
    6.6439980006E-02    8.1979760586E-01    4.6378962453E-01   -1.7302378414E+00    7.1152228188E-02
    6.6479980006E-02    8.2804590546E-01    4.6882219732E-01   -1.7011238632E+00    7.1215554137E-02
    6.6519980006E-02    8.3492740823E-01    4.7287262929E-01   -1.6769119604E+00    7.1281405564E-02
    6.6559980006E-02    8.4032181065E-01    4.7600175354E-01   -1.6578021071E+00    7.1349382451E-02
    6.6599980006E-02    8.4413320328E-01    4.7826319561E-01   -1.6439527701E+00    7.1419096812E-02
    6.6639980006E-02    8.4629135762E-01    4.7969799374E-01   -1.6354794766E+00    7.1490166850E-02
    6.6679980006E-02    8.4675215336E-01    4.8033042384E-01   -1.6324542644E+00    7.1562211902E-02
    6.6719980006E-02    8.4549786137E-01    4.8016528815E-01   -1.6349056683E+00    7.1634847004E-02
    6.6759980006E-02    8.4253731333E-01    4.7918695515E-01   -1.6428188139E+00    7.1707676781E-02
    6.6799980006E-02    8.3790585585E-01    4.7736028456E-01   -1.6561354312E+00    7.1780289569E-02
    6.6839980006E-02    8.3166540744E-01    4.7463322694E-01   -1.6747541202E+00    7.1852252489E-02
    6.6879980006E-02    8.2390416455E-01    4.7094094520E-01   -1.6985311350E+00    7.1923106892E-02
    6.6919980006E-02    8.1473555737E-01    4.6621107657E-01   -1.7272822599E+00    7.1992363279E-02
    6.6959980006E-02    8.0429627948E-01    4.6036951752E-01   -1.7607865807E+00    7.2059493906E-02
    6.6999980006E-02    7.9274309798E-01    4.5334609477E-01   -1.7987926299E+00    7.2123921760E-02
    6.7039980006E-02    7.8024845435E-01    4.4507953721E-01   -1.8410266419E+00    7.2185008144E-02
    6.7079980006E-02    7.6699580849E-01    4.3552138004E-01   -1.8872015531E+00    7.2242044503E-02
    6.7119980006E-02    7.5317572424E-01    4.2463912125E-01   -1.9370236645E+00    7.2294256045E-02
    6.7159980006E-02    7.3898376277E-01    4.1241954904E-01   -1.9901930831E+00    7.2340822405E-02
    6.7199980006E-02    7.2462054171E-01    3.9887338042E-01   -2.0463950574E+00    7.2380911900E-02
    6.7239980006E-02    7.1029278649E-01    3.8404173253E-01   -2.1052827176E+00    7.2413715059E-02
    6.7279980006E-02    6.9621317926E-01    3.6800339602E-01   -2.1664568998E+00    7.2438459505E-02
    6.7319980006E-02    6.8259640755E-01    3.5088032713E-01   -2.2294521380E+00    7.2454401048E-02
    6.7359980006E-02    6.6965010733E-01    3.3283849933E-01   -2.2937361122E+00    7.2460813507E-02
    6.7399980006E-02    6.5756213318E-01    3.1408308620E-01   -2.3587223150E+00    7.2457019583E-02
    6.7439980006E-02    6.4648780395E-01    2.9484986545E-01   -2.4237874704E+00    7.2442487078E-02
    6.7479980006E-02    6.3654063046E-01    2.7539618541E-01   -2.4882838866E+00    7.2416959907E-02
    6.7519980006E-02    6.2778780746E-01    2.5599337786E-01   -2.5515443716E+00    7.2380547779E-02
    6.7559980006E-02    6.2024967733E-01    2.3691975429E-01   -2.6128864537E+00    7.2333710505E-02
    6.7599980006E-02    6.1390205287E-01    2.1845229230E-01   -2.6716243982E+00    7.2277137980E-02
    6.7639980006E-02    6.0868106155E-01    2.0085671954E-01   -2.7270907180E+00    7.2211590924E-02
    6.7679980006E-02    6.0449066631E-01    1.8437799113E-01   -2.7786608053E+00    7.2137781869E-02
    6.7719980006E-02    6.0121230400E-01    1.6923371692E-01   -2.8257719520E+00    7.2056339837E-02
    6.7759980006E-02    5.9871515563E-01    1.5561163886E-01   -2.8679320858E+00    7.1967850455E-02
    6.7799980006E-02    5.9686576148E-01    1.4367039689E-01   -2.9047196111E+00    7.1872931437E-02
    6.7839980006E-02    5.9553629088E-01    1.3354183870E-01   -2.9357791116E+00    7.1772301821E-02
    6.7879980006E-02    5.9461131598E-01    1.2533328261E-01   -2.9608173921E+00    7.1666820561E-02
    6.7919980006E-02    5.9399297767E-01    1.1912885673E-01   -2.9796019821E+00    7.1557491183E-02
    6.7959980006E-02    5.9360457915E-01    1.1498982069E-01   -2.9919620073E+00    7.1445441976E-02
    6.7999980006E-02    5.9339339688E-01    1.1295443158E-01   -2.9977903908E+00    7.1331892939E-02
    6.8039980006E-02    5.9333274614E-01    1.1303778238E-01   -2.9970459979E+00    7.1218115937E-02
    6.8079980006E-02    5.9342314730E-01    1.1523186681E-01   -2.9897547005E+00    7.1105391849E-02
    6.8119980006E-02    5.9369166287E-01    1.1950573996E-01   -2.9760085890E+00    7.0994968407E-02
    6.8159980006E-02    5.9419021127E-01    1.2580599802E-01   -2.9559636215E+00    7.0888021951E-02
    6.8199980006E-02    5.9499303800E-01    1.3405744357E-01   -2.9298363731E+00    7.0785624933E-02
    6.8239980006E-02    5.9619353929E-01    1.4416361665E-01   -2.8979011864E+00    7.0688722602E-02
    6.8279980006E-02    5.9789979766E-01    1.5600654112E-01   -2.8604891360E+00    7.0598126492E-02
    6.8319980006E-02    6.0022874071E-01    1.6944536318E-01   -2.8179900707E+00    7.0514533746E-02
    6.8359980006E-02    6.0329895037E-01    1.8431410052E-01   -2.7708575913E+00    7.0438575164E-02
    6.8399980006E-02    6.0722217905E-01    2.0041950299E-01   -2.7196143324E+00    7.0370880388E-02
    6.8439980006E-02    6.1209379090E-01    2.1754070218E-01   -2.6648525664E+00    7.0312133002E-02
    6.8479980006E-02    6.1798311222E-01    2.3543243396E-01   -2.6072250166E+00    7.0263080115E-02
    6.8519980006E-02    6.2492524079E-01    2.5383256011E-01   -2.5474241688E+00    7.0224471224E-02
    6.8559980006E-02    6.3291598777E-01    2.7247273087E-01   -2.4861544990E+00    7.0196932459E-02
    6.8599980006E-02    6.4191029466E-01    2.9108941935E-01   -2.4241064610E+00    7.0180821863E-02
    6.8639980006E-02    6.5182335432E-01    3.0943280745E-01   -2.3619399512E+00    7.0176134192E-02
    6.8679980006E-02    6.6253359521E-01    3.2727298721E-01   -2.3002782765E+00    7.0182505135E-02
    6.8719980006E-02    6.7388746853E-01    3.4440483418E-01   -2.2397067586E+00    7.0199311850E-02
    6.8759980006E-02    6.8570649681E-01    3.6065295578E-01   -2.1807689678E+00    7.0225815640E-02
    6.8799980006E-02    6.9779641047E-01    3.7587648547E-01   -2.1239587161E+00    7.0261279500E-02
    6.8839980006E-02    7.0995690054E-01    3.8997201974E-01   -2.0697120591E+00    7.0305022683E-02
    6.8879980006E-02    7.2198986185E-01    4.0287313789E-01   -2.0184051969E+00    7.0356418090E-02
    6.8919980006E-02    7.3370471036E-01    4.1454641013E-01   -1.9703607480E+00    7.0414863727E-02
    6.8959980006E-02    7.4492078748E-01    4.2498520959E-01   -1.9258600194E+00    7.0479757241E-02
    6.8999980006E-02    7.5546755300E-01    4.3420309363E-01   -1.8851560271E+00    7.0550486734E-02
    6.9039980006E-02    7.6518434384E-01    4.4222794915E-01   -1.8484830535E+00    7.0626436246E-02
    6.9079980006E-02    7.7392089016E-01    4.4909719900E-01   -1.8160608833E+00    7.0706997220E-02
    6.9119980006E-02    7.8153892737E-01    4.5485376562E-01   -1.7880941784E+00    7.0791578385E-02
    6.9159980006E-02    7.8791470947E-01    4.5954232431E-01   -1.7647688188E+00    7.0879610012E-02
    6.9199980006E-02    7.9294169830E-01    4.6320559864E-01   -1.7462470444E+00    7.0970542954E-02
    6.9239980006E-02    7.9653291080E-01    4.6588073003E-01   -1.7326627512E+00    7.1063844602E-02
    6.9279980006E-02    7.9862269671E-01    4.6759594048E-01   -1.7241177091E+00    7.1158993610E-02
    6.9319980006E-02    7.9916807191E-01    4.6836776694E-01   -1.7206790118E+00    7.1255474374E-02
    6.9359980006E-02    7.9814963283E-01    4.6819915458E-01   -1.7223777024E+00    7.1352770372E-02
    6.9399980006E-02    7.9557205537E-01    4.6707862826E-01   -1.7292084180E+00    7.1450356561E-02
    6.9439980006E-02    7.9146412123E-01    4.6498064210E-01   -1.7411299630E+00    7.1547690331E-02
    6.9479980006E-02    7.8587803001E-01    4.6186707619E-01   -1.7580668050E+00    7.1644202967E-02
    6.9519980006E-02    7.7888827686E-01    4.5768963065E-01   -1.7799118535E+00    7.1739292489E-02
    6.9559980006E-02    7.7059000639E-01    4.5239283621E-01   -1.8065306218E+00    7.1832318716E-02
    6.9599980006E-02    7.6109702753E-01    4.4591737708E-01   -1.8377666212E+00    7.1922601166E-02
    6.9639980006E-02    7.5053946090E-01    4.3820354863E-01   -1.8734471058E+00    7.2009421275E-02
    6.9679980006E-02    7.3906144615E-01    4.2919484796E-01   -1.9133876596E+00    7.2092032413E-02
    6.9719980006E-02    7.2681964042E-01    4.1884198481E-01   -1.9573935937E+00    7.2169678918E-02
    6.9759980006E-02    7.1398314490E-01    4.0710784880E-01   -2.0052562131E+00    7.2241619584E-02
    6.9799980006E-02    7.0073442502E-01    3.9397386593E-01   -2.0567431225E+00    7.2307142576E-02
    6.9839980006E-02    6.8727005198E-01    3.7944744270E-01   -2.1115846947E+00    7.2365554541E-02
    6.9879980006E-02    6.7379929304E-01    3.6356909967E-01   -2.1694617820E+00    7.2416133907E-02
    6.9919980006E-02    6.6053909046E-01    3.4641720092E-01   -2.2300005850E+00    7.2458062309E-02
    6.9959980006E-02    6.4770541704E-01    3.2810886868E-01   -2.2927766515E+00    7.2490378779E-02
    6.9999980006E-02    6.3550270146E-01    3.0879776419E-01   -2.3573226126E+00    7.2512013433E-02
    7.0039980006E-02    6.2411395481E-01    2.8867137784E-01   -2.4231297716E+00    7.2521925439E-02
    7.0079980006E-02    6.1369305238E-01    2.6794994894E-01   -2.4896381613E+00    7.2519302490E-02
    7.0119980006E-02    6.0435852790E-01    2.4688573221E-01   -2.5562221449E+00    7.2503726252E-02
    7.0159980006E-02    5.9618764701E-01    2.2575810147E-01   -2.6221884845E+00    7.2475218752E-02
    7.0199980006E-02    5.8921127804E-01    2.0486084762E-01   -2.6868000536E+00    7.2434155235E-02
    7.0239980006E-02    5.8341212525E-01    1.8448320603E-01   -2.7493218415E+00    7.2381104696E-02
    7.0279980006E-02    5.7872863115E-01    1.6489121456E-01   -2.8090701493E+00    7.2316684784E-02
    7.0319980006E-02    5.7506426395E-01    1.4631638029E-01   -2.8654440722E+00    7.2241486263E-02
    7.0359980006E-02    5.7229931866E-01    1.2895427745E-01   -2.9179303978E+00    7.2156071591E-02
    7.0399980006E-02    5.7030182941E-01    1.1297053195E-01   -2.9660878308E+00    7.2061020819E-02
    7.0439980006E-02    5.6893610667E-01    9.8509354222E-02   -3.0095243272E+00    7.1956991654E-02
    7.0479980006E-02    5.6806915085E-01    8.5700464809E-02   -3.0478798095E+00    7.1844768258E-02
    7.0519980006E-02    5.6757584047E-01    7.4662400721E-02   -3.0808200279E+00    7.1725285724E-02
    7.0559980006E-02    5.6734252900E-01    6.5501827667E-02   -3.1080403420E+00    7.1599630808E-02
    7.0599980006E-02    5.6726956095E-01    5.8310214096E-02   -3.1292753759E+00    7.1469027352E-02
    7.0639980006E-02    5.6727437821E-01    5.3160057231E-02   -3.1443110091E+00    7.1334813814E-02
    7.0679980006E-02    5.6729601793E-01    5.0102180972E-02   -3.1529961669E+00    7.1198412231E-02
    7.0719980006E-02    5.6729866614E-01    4.9163864506E-02   -3.1552515699E+00    7.1061291721E-02
    7.0759980006E-02    5.6727184650E-01    5.0347128720E-02   -3.1510734596E+00    7.0924933092E-02
    7.0799980006E-02    5.6722951820E-01    5.3628178053E-02   -3.1405336018E+00    7.0790797385E-02
    7.0839980006E-02    5.6720921455E-01    5.8958367476E-02   -3.1237765903E+00    7.0660295769E-02
    7.0879980006E-02    5.6727087038E-01    6.6266520853E-02   -3.1010142241E+00    7.0534758549E-02
    7.0919980006E-02    5.6749435095E-01    7.5462106233E-02   -3.0725163068E+00    7.0415404402E-02
    7.0959980006E-02    5.6797477164E-01    8.6438432699E-02   -3.0385981703E+00    7.0303316706E-02
    7.0999980006E-02    5.6881754653E-01    9.9075823682E-02   -2.9996080888E+00    7.0199435201E-02
    7.1039980006E-02    5.7013483689E-01    1.1324429641E-01   -2.9559187661E+00    7.0104566286E-02
    7.1079980007E-02    5.7204245384E-01    1.2880407407E-01   -2.9079263639E+00    7.0019408240E-02
    7.1119980007E-02    5.7465479774E-01    1.4560215106E-01   -2.8560589459E+00    6.9944590385E-02
    7.1159980007E-02    5.7807760686E-01    1.6346545496E-01   -2.8007939514E+00    6.9880719619E-02
    7.1199980007E-02    5.8239902057E-01    1.8219334263E-01   -2.7426787995E+00    6.9828417452E-02
    7.1239980007E-02    5.8767976727E-01    2.0155364217E-01   -2.6823430531E+00    6.9788323688E-02
    7.1279980007E-02    5.9394393648E-01    2.2128615145E-01   -2.6204899824E+00    6.9761049186E-02
    7.1319980007E-02    6.0117311391E-01    2.4111506608E-01   -2.5578632515E+00    6.9747077174E-02
    7.1359980007E-02    6.0930608499E-01    2.6076745368E-01   -2.4951974474E+00    6.9746637926E-02
    7.1399980007E-02    6.1824400680E-01    2.7999149063E-01   -2.4331711204E+00    6.9759603901E-02
    7.1439980007E-02    6.2785846037E-01    2.9856846293E-01   -2.3723798565E+00    6.9785455044E-02
    7.1479980007E-02    6.3799915095E-01    3.1631644498E-01   -2.3133349385E+00    6.9823338618E-02
    7.1519980007E-02    6.4849964012E-01    3.3308803805E-01   -2.2564794997E+00    6.9872205616E-02
    7.1559980007E-02    6.5918171723E-01    3.4876638885E-01   -2.2022081452E+00    6.9930971607E-02
    7.1599980007E-02    6.6985993040E-01    3.6326237829E-01   -2.1508797230E+00    6.9998643980E-02
    7.1639980007E-02    6.8034704766E-01    3.7651330393E-01   -2.1028210114E+00    7.0074381137E-02
    7.1679980007E-02    6.9045992632E-01    3.8848174408E-01   -2.0583250964E+00    7.0157484983E-02
    7.1719980007E-02    7.0002454068E-01    3.9915327516E-01   -2.0176493198E+00    7.0247354561E-02
    7.1759980007E-02    7.0887958753E-01    4.0853268016E-01   -1.9810157408E+00    7.0343432073E-02
    7.1799980007E-02    7.1687875749E-01    4.1663908195E-01   -1.9486143254E+00    7.0445161149E-02
    7.1839980007E-02    7.2389214202E-01    4.2350072313E-01   -1.9206074518E+00    7.0551962872E-02
    7.1879980007E-02    7.2980677962E-01    4.2914996566E-01   -1.8971337186E+00    7.0663227927E-02
    7.1919980007E-02    7.3452694571E-01    4.3361891909E-01   -1.8783101913E+00    7.0778320734E-02
    7.1959980007E-02    7.3797447874E-01    4.3693582214E-01   -1.8642330342E+00    7.0896588101E-02
    7.1999980007E-02    7.4008952241E-01    4.3912217891E-01   -1.8549773024E+00    7.1017366511E-02
    7.2039980007E-02    7.4083129156E-01    4.4019058479E-01   -1.8505963356E+00    7.1139984919E-02
    7.2079980007E-02    7.4017868640E-01    4.4014324657E-01   -1.8511212158E+00    7.1263763656E-02
    7.2119980007E-02    7.3813047140E-01    4.3897121116E-01   -1.8565604341E+00    7.1388011552E-02
    7.2159980007E-02    7.3470521678E-01    4.3665432927E-01   -1.8669001087E+00    7.1512023590E-02
    7.2199980007E-02    7.2994116535E-01    4.3316196407E-01   -1.8821048514E+00    7.1635081560E-02
    7.2239980007E-02    7.2389612414E-01    4.2845446386E-01   -1.9021190200E+00    7.1756457663E-02
    7.2279980007E-02    7.1664731552E-01    4.2248542545E-01   -1.9268676816E+00    7.1875421072E-02
    7.2319980007E-02    7.0829105322E-01    4.1520476195E-01   -1.9562564722E+00    7.1991247752E-02
    7.2359980007E-02    6.9894262437E-01    4.0656265242E-01   -1.9901700291E+00    7.2103233623E-02
    7.2399980007E-02    6.8873643881E-01    3.9651439780E-01   -2.0284688749E+00    7.2210704315E-02
    7.2439980007E-02    6.7782602464E-01    3.8502596379E-01   -2.0709853530E+00    7.2313008480E-02
    7.2479980007E-02    6.6638286753E-01    3.7207950754E-01   -2.1175202709E+00    7.2409482952E-02
    7.2519980007E-02    6.5459341917E-01    3.5767787470E-01   -2.1678428331E+00    7.2499389300E-02
    7.2559980007E-02    6.4265438874E-01    3.4184731387E-01   -2.2216953750E+00    7.2581838293E-02
    7.2599980007E-02    6.3076682659E-01    3.2463854601E-01   -2.2788002277E+00    7.2655735468E-02
    7.2639980007E-02    6.1913028060E-01    3.0612783322E-01   -2.3388614285E+00    7.2719788373E-02
    7.2679980007E-02    6.0793825350E-01    2.8642062258E-01   -2.4015526098E+00    7.2772599450E-02
    7.2719980007E-02    5.9737491622E-01    2.6565914425E-01   -2.4664883662E+00    7.2812829852E-02
    7.2759980007E-02    5.8761065129E-01    2.4403125582E-01   -2.5331887337E+00    7.2839378417E-02
    7.2799980007E-02    5.7879366735E-01    2.2177359460E-01   -2.6010581365E+00    7.2851513567E-02
    7.2839980007E-02    5.7103793287E-01    1.9916221419E-01   -2.6693995854E+00    7.2848925334E-02
    7.2879980007E-02    5.6441173782E-01    1.7649014111E-01   -2.7374671419E+00    7.2831701000E-02
    7.2919980007E-02    5.5893245573E-01    1.5403980037E-01   -2.8045354158E+00    7.2800244766E-02
    7.2959980007E-02    5.5456998377E-01    1.3206205130E-01   -2.8699534127E+00    7.2755162254E-02
    7.2999980007E-02    5.5125657236E-01    1.1076954866E-01   -2.9331606307E+00    7.2697133798E-02
    7.3039980007E-02    5.4889825080E-01    9.0343967667E-02   -2.9936662910E+00    7.2626808889E-02
    7.3079980007E-02    5.4738415394E-01    7.0950432784E-02   -3.0510107734E+00    7.2544753041E-02
    7.3119980007E-02    5.4659294806E-01    5.2751257262E-02   -3.1047323166E+00    7.2451458886E-02
    7.3159980007E-02    5.4639588274E-01    3.5912595406E-02   -3.1543521959E+00    7.2347409941E-02
    7.3199980007E-02    5.4665866092E-01    2.0602983514E-02   -3.1993809721E+00    7.2233172993E-02
    7.3239980007E-02    5.4724421076E-01    6.9863425919E-03   -3.2393394199E+00    7.2109487783E-02
    7.3279980007E-02    5.4801803712E-01   -4.7862836681E-03   -3.2737851152E+00    7.1977325626E-02
    7.3319980007E-02    5.4885454278E-01   -1.4584024115E-02   -3.3023353635E+00    7.1837899784E-02
    7.3359980007E-02    5.4964223096E-01   -2.2301595584E-02   -3.3246808647E+00    7.1692635833E-02
    7.3399980007E-02    5.5028865473E-01   -2.7861340831E-02   -3.3405908350E+00    7.1543122611E-02
    7.3439980007E-02    5.5072614015E-01   -3.1211769804E-02   -3.3499137565E+00    7.1391057888E-02
    7.3479980007E-02    5.5091450931E-01   -3.2326668902E-02   -3.3525751935E+00    7.1238196117E-02
    7.3519980007E-02    5.5084017028E-01   -3.1206057755E-02   -3.3485741942E+00    7.1086307560E-02
    7.3559980007E-02    5.5051644506E-01   -2.7875548042E-02   -3.3379820328E+00    7.0937147072E-02
    7.3599980007E-02    5.4998449966E-01   -2.2384764859E-02   -3.3209433937E+00    7.0792419498E-02
    7.3639980007E-02    5.4931104196E-01   -1.4807792478E-02   -3.2976774048E+00    7.0653737122E-02
    7.3679980007E-02    5.4858392589E-01   -5.2441997669E-03   -3.2684776457E+00    7.0522570010E-02
    7.3719980007E-02    5.4790800524E-01    6.1822165248E-03   -3.2337097261E+00    7.0400191412E-02
    7.3759980007E-02    5.4740029162E-01    1.9327009909E-02   -3.1938029532E+00    7.0287631502E-02
    7.3799980007E-02    5.4718290091E-01    3.4029583566E-02   -3.1492339604E+00    7.0185662750E-02
    7.3839980007E-02    5.4737649258E-01    5.0119404781E-02   -3.1005056751E+00    7.0094833374E-02
    7.3879980007E-02    5.4809603928E-01    6.7423373551E-02   -3.0481266872E+00    7.0015542797E-02
    7.3919980007E-02    5.4944785297E-01    8.5771040237E-02   -2.9925965860E+00    6.9948143756E-02
    7.3959980007E-02    5.5152659317E-01    1.0499452944E-01   -2.9344039457E+00    6.9893042506E-02
    7.3999980007E-02    5.5441106109E-01    1.2492199034E-01   -2.8740405306E+00    6.9850763443E-02
    7.4039980007E-02    5.5815900706E-01    1.4536726063E-01   -2.8120291756E+00    6.9821946423E-02
    7.4079980007E-02    5.6280005362E-01    1.6611988207E-01   -2.7489525964E+00    6.9807267531E-02
    7.4119980007E-02    5.6832777831E-01    1.8694120163E-01   -2.6854663628E+00    6.9807305696E-02
    7.4159980007E-02    5.7469382207E-01    2.0757096316E-01   -2.6222833256E+00    6.9822400800E-02
    7.4199980007E-02    5.8180733070E-01    2.2774444880E-01   -2.5601293337E+00    6.9852551020E-02
    7.4239980007E-02    5.8954123482E-01    2.4721487774E-01   -2.4996851067E+00    6.9897376904E-02
    7.4279980007E-02    5.9774365461E-01    2.6577288588E-01   -2.4415367956E+00    6.9956151711E-02
    7.4319980007E-02    6.0625037445E-01    2.8325666381E-01   -2.3861525352E+00    7.0027879514E-02
    7.4359980007E-02    6.1489449838E-01    2.9955133753E-01   -2.3338882316E+00    7.0111398156E-02
    7.4399980007E-02    6.2351169138E-01    3.1458085446E-01   -2.2850130484E+00    7.0205485562E-02
    7.4439980007E-02    6.3194259142E-01    3.2829773377E-01   -2.2397413248E+00    7.0308950507E-02
    7.4479980007E-02    6.4003359797E-01    3.4067399914E-01   -2.1982589221E+00    7.0420694978E-02
    7.4519980007E-02    6.4763744157E-01    3.5169474386E-01   -2.1607386675E+00    7.0539743345E-02
    7.4559980007E-02    6.5461424618E-01    3.6135410390E-01   -2.1273451891E+00    7.0665240394E-02
    7.4599980007E-02    6.6083377065E-01    3.6965293499E-01   -2.0982335596E+00    7.0796425525E-02
    7.4639980007E-02    6.6617836783E-01    3.7659709562E-01   -2.0735458539E+00    7.0932597271E-02
    7.4679980007E-02    6.7054545463E-01    3.8219541470E-01   -2.0534074450E+00    7.1073081432E-02
    7.4719980007E-02    6.7384923448E-01    3.8645731475E-01   -2.0379239836E+00    7.1217208119E-02
    7.4759980007E-02    6.7602210381E-01    3.8939051433E-01   -2.0271796666E+00    7.1364296857E-02
    7.4799980007E-02    6.7701601805E-01    3.9099915316E-01   -2.0212368373E+00    7.1513650161E-02
    7.4839980007E-02    6.7680337086E-01    3.9128231397E-01   -2.0201360269E+00    7.1664556088E-02
    7.4879980007E-02    6.7537697232E-01    3.9023286149E-01   -2.0238955376E+00    7.1816293501E-02
    7.4919980007E-02    6.7274996244E-01    3.8783705758E-01   -2.0325111322E+00    7.1968134777E-02
    7.4959980007E-02    6.6895627946E-01    3.8407529967E-01   -2.0459564773E+00    7.2119348753E-02
    7.4999980007E-02    6.6405082432E-01    3.7892355247E-01   -2.0641836732E+00    7.2269204379E-02
    7.5039980007E-02    6.5810878241E-01    3.7235506896E-01   -2.0871238070E+00    7.2416968695E-02
    7.5079980007E-02    6.5122450555E-01    3.6434241043E-01   -2.1146886890E+00    7.2561895896E-02
    7.5119980007E-02    6.4351015605E-01    3.5485969199E-01   -2.1467745025E+00    7.2703208355E-02
    7.5159980007E-02    6.3509353623E-01    3.4388447357E-01   -2.1832668851E+00    7.2840066603E-02
    7.5199980007E-02    6.2611516520E-01    3.3139905088E-01   -2.2240468766E+00    7.2971528619E-02
    7.5239980007E-02    6.1672589461E-01    3.1739213201E-01   -2.2689961555E+00    7.3096515076E-02
    7.5279980007E-02    6.0708587822E-01    3.0186239526E-01   -2.3179965757E+00    7.3213797948E-02
    7.5319980007E-02    5.9736424782E-01    2.8482484100E-01   -2.3709170606E+00    7.3322016682E-02
    7.5359980007E-02    5.8773938033E-01    2.6632110764E-01   -2.4275857907E+00    7.3419722293E-02
    7.5399980007E-02    5.7839841398E-01    2.4643309860E-01   -2.4877519451E+00    7.3505448135E-02
    7.5439980007E-02    5.6953318338E-01    2.2529567984E-01   -2.5510489207E+00    7.3577803366E-02
    7.5479980007E-02    5.6133007455E-01    2.0310124450E-01   -2.6169764106E+00    7.3635587916E-02
    7.5519980007E-02    5.5395490973E-01    1.8009065738E-01   -2.6849163326E+00    7.3677925704E-02
    7.5559980007E-02    5.4753766081E-01    1.5653121480E-01   -2.7541826314E+00    7.3704387989E-02
    7.5599980007E-02    5.4216282389E-01    1.3268956784E-01   -2.8240855965E+00    7.3715045584E-02
    7.5639980007E-02    5.3786831987E-01    1.0881046798E-01   -2.8939819652E+00    7.3710392302E-02
    7.5679980007E-02    5.3465150210E-01    8.5108949148E-02   -2.9632913076E+00    7.3691138730E-02
    7.5719980007E-02    5.3247787623E-01    6.1776128747E-02   -3.0314789691E+00    7.3657949321E-02
    7.5759980007E-02    5.3128824612E-01    3.8992392546E-02   -3.0980224606E+00    7.3611232990E-02
    7.5799980007E-02    5.3100237724E-01    1.6939717577E-02   -3.1623827955E+00    7.3551075771E-02
    7.5839980007E-02    5.3151990629E-01   -4.1927744762E-03   -3.2239951878E+00    7.3477340371E-02
    7.5879980007E-02    5.3272116185E-01   -2.4210873051E-02   -3.2822820615E+00    7.3389884145E-02
    7.5919980007E-02    5.3446976332E-01   -4.2922636690E-02   -3.3366800158E+00    7.3288797625E-02
    7.5959980007E-02    5.3661726424E-01   -6.0147573345E-02   -3.3866679782E+00    7.3174569253E-02
    7.5999980007E-02    5.3900879658E-01   -7.5724949561E-02   -3.4317864920E+00    7.3048129635E-02
    7.6039980007E-02    5.4148965016E-01   -8.9518472263E-02   -3.4716465375E+00    7.2910791213E-02
    7.6079980007E-02    5.4391288354E-01   -1.0141632269E-01   -3.5059317920E+00    7.2764131565E-02
    7.6119980007E-02    5.4614586102E-01   -1.1132946412E-01   -3.5343956450E+00    7.2609862849E-02
    7.6159980007E-02    5.4807301547E-01   -1.1919220351E-01   -3.5568514466E+00    7.2449725646E-02
    7.6199980007E-02    5.4959850991E-01   -1.2496088722E-01   -3.5731636360E+00    7.2285434026E-02
    7.6239980007E-02    5.5065073571E-01   -1.2860911688E-01   -3.5832450411E+00    7.2118659266E-02
    7.6279980007E-02    5.5118480738E-01   -1.3012504368E-01   -3.5870544903E+00    7.1951026443E-02
    7.6319980007E-02    5.5118265520E-01   -1.2951126062E-01   -3.5845930830E+00    7.1784123860E-02
    7.6359980007E-02    5.5065276540E-01   -1.2678500084E-01   -3.5759029771E+00    7.1619527646E-02
    7.6399980007E-02    5.4963069003E-01   -1.2197729186E-01   -3.5610709776E+00    7.1458822279E-02
    7.6439980007E-02    5.4817852259E-01   -1.1513286729E-01   -3.5402327425E+00    7.1303602383E-02
    7.6479980007E-02    5.4638113689E-01   -1.0631369270E-01   -3.5135733677E+00    7.1155468641E-02
    7.6519980007E-02    5.4434196199E-01   -9.5602428030E-02   -3.4813296280E+00    7.1016015692E-02
    7.6559980007E-02    5.4218023446E-01   -8.3102467060E-02   -3.4437965516E+00    7.0886785764E-02
    7.6599980007E-02    5.4002694522E-01   -6.8937683750E-02   -3.4013317192E+00    7.0769184837E-02
    7.6639980007E-02    5.3801868157E-01   -5.3252770280E-02   -3.3543541094E+00    7.0664381670E-02
    7.6679980007E-02    5.3629128692E-01   -3.6211411763E-02   -3.3033390120E+00    7.0573215308E-02
    7.6719980007E-02    5.3497402899E-01   -1.7991596498E-02   -3.2488082132E+00    7.0496143841E-02
    7.6759980007E-02    5.3418425224E-01    1.2207924440E-03   -3.1913144148E+00    7.0433271503E-02
    7.6799980007E-02    5.3402259894E-01    2.1237977287E-02   -3.1314217983E+00    7.0384468951E-02
    7.6839980007E-02    5.3456965181E-01    4.1874665874E-02   -3.0696890913E+00    7.0349557301E-02
    7.6879980007E-02    5.3588399384E-01    6.2949229928E-02   -3.0066616738E+00    7.0328490870E-02
    7.6919980007E-02    5.3800091942E-01    8.4280857714E-02   -2.9428766685E+00    7.0321466134E-02
    7.6959980007E-02    5.4093053570E-01    1.0568319362E-01   -2.8788792102E+00    7.0328910794E-02
    7.6999980007E-02    5.4465448890E-01    1.2695694944E-01   -2.8152420110E+00    7.0351355400E-02
    7.7039980008E-02    5.4912197967E-01    1.4788569488E-01   -2.7525772419E+00    7.0389236973E-02
    7.7079980008E-02    5.5424684058E-01    1.6823834457E-01   -2.6915307157E+00    7.0442710272E-02
    7.7119980008E-02    5.5990813717E-01    1.8777976635E-01   -2.6327558168E+00    7.0511535029E-02
    7.7159980008E-02    5.6595579329E-01    2.0628722856E-01   -2.5768740219E+00    7.0595068051E-02
    7.7199980008E-02    5.7222058873E-01    2.2356728919E-01   -2.5244350174E+00    7.0692341657E-02
    7.7239980008E-02    5.7852602802E-01    2.3946752910E-01   -2.4758890887E+00    7.0802181391E-02
    7.7279980008E-02    5.8469901258E-01    2.5387995845E-01   -2.4315777973E+00    7.0923318490E-02
    7.7319980008E-02    5.9057772948E-01    2.6673732109E-01   -2.3917425255E+00    7.1054474371E-02
    7.7359980008E-02    5.9601650778E-01    2.7800538707E-01   -2.3565451861E+00    7.1194411503E-02
    7.7399980008E-02    6.0088783864E-01    2.8767345907E-01   -2.3260920703E+00    7.1341954760E-02
    7.7439980008E-02    6.0508213364E-01    2.9574443065E-01   -2.3004530729E+00    7.1495995367E-02
    7.7479980008E-02    6.0850692771E-01    3.0222679276E-01   -2.2796753390E+00    7.1655489292E-02
    7.7519980008E-02    6.1108716918E-01    3.0713057365E-01   -2.2637945742E+00    7.1819450260E-02
    7.7559980008E-02    6.1276551326E-01    3.1046455698E-01   -2.2528416162E+00    7.1986933662E-02
    7.7599980008E-02    6.1350184143E-01    3.1223295783E-01   -2.2468427742E+00    7.2157019039E-02
    7.7639980008E-02    6.1327324156E-01    3.1243354670E-01   -2.2458191991E+00    7.2328798050E-02
    7.7679980008E-02    6.1207475508E-01    3.1105779593E-01   -2.2497883610E+00    7.2501363020E-02
    7.7719980008E-02    6.0991987691E-01    3.0809126915E-01   -2.2587652739E+00    7.2673792124E-02
    7.7759980008E-02    6.0684006743E-01    3.0351273422E-01   -2.2727610742E+00    7.2845135261E-02
    7.7799980008E-02    6.0288453201E-01    2.9729429002E-01   -2.2917825737E+00    7.3014403755E-02
    7.7839980008E-02    5.9812126302E-01    2.8940478840E-01   -2.3158346586E+00    7.3180557109E-02
    7.7879980008E-02    5.9263764370E-01    2.7981332834E-01   -2.3449180591E+00    7.3342484797E-02
    7.7919980008E-02    5.8654049305E-01    2.6849248838E-01   -2.3790199076E+00    7.3498992251E-02
    7.7959980008E-02    5.7995700824E-01    2.5542522541E-01   -2.4181006664E+00    7.3648792505E-02
    7.7999980008E-02    5.7303583496E-01    2.4061538869E-01   -2.4620762202E+00    7.3790499512E-02
    7.8039980008E-02    5.6594623589E-01    2.2409851321E-01   -2.5107937018E+00    7.3922631648E-02
    7.8079980008E-02    5.5887425121E-01    2.0595088933E-01   -2.5640072273E+00    7.4043642679E-02
    7.8119980008E-02    5.5201561272E-01    1.8629591711E-01   -2.6213641630E+00    7.4151990227E-02
    7.8159980008E-02    5.4556517089E-01    1.6530391960E-01   -2.6824077758E+00    7.4246248902E-02
    7.8199980008E-02    5.3970397291E-01    1.4318199110E-01   -2.7465969006E+00    7.4325262932E-02
    7.8239980008E-02    5.3458733010E-01    1.2015658989E-01   -2.8133390609E+00    7.4388295492E-02
    7.8279980008E-02    5.3033733633E-01    9.6456215662E-02   -2.8820274976E+00    7.4435102463E-02
    7.8319980008E-02    5.2704069737E-01    7.2299005309E-02   -2.9520671488E+00    7.4465875307E-02
    7.8359980008E-02    5.2475066756E-01    4.7888080419E-02   -3.0228826453E+00    7.4481054032E-02
    7.8399980008E-02    5.2349067030E-01    2.3413999591E-02   -3.0939116889E+00    7.4481072484E-02
    7.8439980008E-02    5.2325738450E-01   -9.3901762407E-04   -3.1645932465E+00    7.4466138704E-02
    7.8479980008E-02    5.2402226382E-01   -2.4986822270E-02   -3.2343595647E+00    7.4436146861E-02
    7.8519980008E-02    5.2573166112E-01   -4.8541400354E-02   -3.3026358633E+00    7.4390760842E-02
    7.8559980008E-02    5.2830638550E-01   -7.1409853328E-02   -3.3688462023E+00    7.4329629610E-02
    7.8599980008E-02    5.3164162764E-01   -9.3395820343E-02   -3.4324220660E+00    7.4252636102E-02
    7.8639980008E-02    5.3560808526E-01   -1.1430275586E-01   -3.4928120657E+00    7.4160077943E-02
    7.8679980008E-02    5.4005500832E-01   -1.3393858768E-01   -3.5494939586E+00    7.4052723429E-02
    7.8719980008E-02    5.4481510196E-01   -1.5212340162E-01   -3.6019871790E+00    7.3931747293E-02
    7.8759980008E-02    5.4971120307E-01   -1.6869863266E-01   -3.6498645621E+00    7.3798599793E-02
    7.8799980008E-02    5.5456430146E-01   -1.8353444751E-01   -3.6927622122E+00    7.3654873911E-02
    7.8839980008E-02    5.5920214931E-01   -1.9653181449E-01   -3.7303877927E+00    7.3502204019E-02
    7.8879980008E-02    5.6346664664E-01   -2.0762205540E-01   -3.7625210892E+00    7.3342194534E-02
    7.8919980008E-02    5.6721922251E-01   -2.1676390410E-01   -3.7890064338E+00    7.3176379664E-02
    7.8959980008E-02    5.7034433343E-01   -2.2393719403E-01   -3.8097419716E+00    7.3006216552E-02
    7.8999980008E-02    5.7275130463E-01   -2.2913618572E-01   -3.8246680834E+00    7.2833094977E-02
    7.9039980008E-02    5.7437491475E-01   -2.3236532630E-01   -3.8337551337E+00    7.2658345265E-02
    7.9079980008E-02    5.7517547848E-01   -2.3363426509E-01   -3.8369953619E+00    7.2483249256E-02
    7.9119980008E-02    5.7513871430E-01   -2.3295276086E-01   -3.8343999490E+00    7.2309060566E-02
    7.9159980008E-02    5.7427540240E-01   -2.3033066039E-01   -3.8259966722E+00    7.2137024112E-02
    7.9199980008E-02    5.7262114385E-01   -2.2578012011E-01   -3.8118306709E+00    7.1968390569E-02
    7.9239980008E-02    5.7023619032E-01   -2.1931729131E-01   -3.7919707114E+00    7.1804429222E-02
    7.9279980008E-02    5.6720501630E-01   -2.1096609617E-01   -3.7665182673E+00    7.1646441736E-02
    7.9319980008E-02    5.6363534270E-01   -2.0076508139E-01   -3.7356181519E+00    7.1495774359E-02
    7.9359980008E-02    5.5965619086E-01   -1.8877374331E-01   -3.6994718272E+00    7.1353815837E-02
    7.9399980008E-02    5.5541431196E-01   -1.7507685369E-01   -3.6583500019E+00    7.1221975720E-02
    7.9439980008E-02    5.5106863153E-01   -1.5978864027E-01   -3.6125984855E+00    7.1101646879E-02
    7.9479980008E-02    5.4678302988E-01   -1.4305399298E-01   -3.5626375101E+00    7.0994143570E-02
    7.9519980008E-02    5.4271810260E-01   -1.2504452043E-01   -3.5089539924E+00    7.0900606969E-02
    7.9559980008E-02    5.3902292279E-01   -1.0595065498E-01   -3.4520858476E+00    7.0821898932E-02
    7.9599980008E-02    5.3582806715E-01   -8.5972852277E-02   -3.3926006075E+00    7.0758524130E-02
    7.9639980008E-02    5.3324087536E-01   -6.5313046647E-02   -3.3310755858E+00    7.0710619108E-02
    7.9679980008E-02    5.3134306822E-01   -4.4168432515E-02   -3.2680840799E+00    7.0678028676E-02
    7.9719980008E-02    5.3019015802E-01   -2.2728719788E-02   -3.2041893258E+00    7.0660458654E-02
    7.9759980008E-02    5.2981179128E-01   -1.1768491322E-03   -3.1399452426E+00    7.0657655933E-02
    7.9799980008E-02    5.3021227679E-01    2.0307760864E-02   -3.0759012897E+00    7.0669545726E-02
    7.9839980008E-02    5.3137087968E-01    4.1545058051E-02   -3.0126085507E+00    7.0696267343E-02
    7.9879980008E-02    5.3324184898E-01    6.2350763650E-02   -2.9506242226E+00    7.0738092392E-02
    7.9919980008E-02    5.3575446012E-01    8.2534683750E-02   -2.8905125791E+00    7.0795261146E-02
    7.9959980008E-02    5.3881357727E-01    1.0190179386E-01   -2.8328411757E+00    7.0867805035E-02
    7.9999980008E-02    5.4230137561E-01    1.2025619479E-01   -2.7781715636E+00    7.0955420889E-02
