 sig=    1.000000000000000      inputfile=
 /home/rjrj524/Finished/vmec_gc_tracer/revised_251128/nc/wout_pwO_nfp2_A6.nc                                                                                                                             
 dt=   1.0000000000000000E-008
 steps=      8000000
 x0=   5.4800000000000001E-002    3.080000000000000      
    6.410000000000000     
 u=   -109000.0000000000     
 v_perp=    93700.00000000000     
 
time(s)         x0(1)       x0(2)        x0(3)      r
    3.9990000000E-05    7.4550402971E-01   -2.5561861022E-01    2.0836317031E+00    4.4751654331E-02
    7.9990000000E-05    1.0910420992E+00    1.8178682483E-01   -1.5419141923E+00    1.4821771696E-02
    1.1999000000E-04    1.2294697580E+00    3.9960900269E-02   -5.7582635378E+00    2.0585025100E-02
    1.5999000000E-04    6.2586325586E-01   -2.0059192568E-01   -9.9001941411E+00    5.3653972009E-02
    1.9999000000E-04    1.0791484566E+00    4.0345589812E-01   -1.3714549498E+01    4.5114602177E-02
    2.3999000000E-04    1.1466927786E+00   -1.5869288778E-01   -1.8142059513E+01    3.4601129452E-02
    2.7999000000E-04    7.7144859473E-01   -3.1555435301E-02   -2.1839099701E+01    3.5790224398E-02
    3.1999000000E-04    1.1605990248E+00    3.9110506498E-01   -2.5769113103E+01    4.1781685668E-02
    3.5999000000E-04    1.0197229337E+00   -4.4094240615E-01   -3.0418760470E+01    3.2026584700E-02
    3.9999000000E-04    8.4915233329E-01    1.4086228436E-01   -3.4151261742E+01    1.4576669652E-02
    4.3999000000E-04    1.1700575145E+00    2.4740370188E-01   -3.8004913128E+01    2.9471868072E-02
    4.7999000000E-04    9.3026837954E-01   -4.5285319079E-01   -4.2471323899E+01    5.1122500801E-02
    5.1999000000E-04    7.4671992150E-01    3.3740668519E-01   -4.6187924091E+01    5.1953089147E-02
    5.5999000000E-04    1.2068728889E+00   -1.4646114261E-01   -5.0431925216E+01    2.5945747122E-02
    5.9999000000E-04    9.2623758164E-01   -2.7821201413E-01   -5.4507541856E+01    1.6144597019E-02
    6.3999000000E-04    8.2454027482E-01    4.1394851445E-01   -5.8158692501E+01    3.9642291209E-02
    6.7999000000E-04    1.2464762093E+00   -1.9979661171E-01   -6.2690322692E+01    4.1060392767E-02
    7.1999000000E-04    8.8585713737E-01   -1.2128401223E-01   -6.6822153703E+01    3.3763701118E-02
    7.5999000000E-04    1.0589181645E+00    2.2152564645E-01   -7.0345589310E+01    3.8375467383E-02
    7.9999000000E-04    1.2143058561E+00   -2.6054882825E-01   -7.4792261159E+01    4.9280274749E-02
    8.3999000000E-04    6.2158488193E-01   -5.2799427717E-02   -7.8861226397E+01    5.0999610103E-02
    8.7999000000E-04    1.1805477939E+00    1.1666254653E-01   -8.2695295889E+01    1.7425522587E-02
    9.1999000000E-04    1.1845724570E+00   -9.0751305620E-02   -8.6965888802E+01    1.8079720720E-02
    9.5999000000E-04    6.3123781054E-01    4.4766410766E-02   -9.0793311946E+01    5.0924696017E-02
    9.9999000000E-04    1.2121424093E+00    2.7259166312E-01   -9.4854435756E+01    5.0420226411E-02
    1.0399900000E-03    1.0506761609E+00   -2.4081602413E-01   -9.9318790808E+01    3.8302761930E-02
    1.0799900000E-03    8.9565927081E-01    1.1467019840E-01   -1.0284679641E+02    3.0080994195E-02
    1.1199900000E-03    1.2417200330E+00    2.1390165829E-01   -1.0695884243E+02    3.7053908239E-02
    1.1599900000E-03    8.2841757029E-01   -4.2568748016E-01   -1.1149922355E+02    4.0014955276E-02
    1.1999900000E-03    9.0736451551E-01    2.8973322522E-01   -1.1515905685E+02    1.8989289481E-02
    1.2399900000E-03    1.2037564144E+00    1.3170768922E-01   -1.1923603038E+02    2.6687117220E-02
    1.2799900000E-03    7.5648935640E-01   -3.3715092753E-01   -1.2346278758E+02    5.1067719388E-02
    1.3199900000E-03    9.2228092553E-01    4.5646644922E-01   -1.2717810021E+02    5.1486454049E-02
    1.3599900000E-03    1.1720455396E+00   -2.6313964850E-01   -1.3166187085E+02    2.8442379923E-02
    1.3999900000E-03    8.6509646860E-01   -1.3789331287E-01   -1.3553146963E+02    1.2212108037E-02
    1.4399900000E-03    1.0125181289E+00    4.3100401744E-01   -1.3924633416E+02    3.1815041091E-02
    1.4799900000E-03    1.1690785346E+00   -3.8274552464E-01   -1.4388688120E+02    4.4688678865E-02
    1.5199900000E-03    7.5960665816E-01    2.4998839369E-02   -1.4783449364E+02    3.9151058622E-02
    1.5599900000E-03    1.1503344514E+00    1.3636394392E-01   -1.5153387086E+02    3.4358699146E-02
    1.5999900000E-03    1.0881595885E+00   -3.9103699293E-01   -1.5594482295E+02    4.2940602748E-02
    1.6399900000E-03    6.1573930615E-01    1.8967081934E-01   -1.5976649224E+02    5.3271991705E-02
    1.6799900000E-03    1.2303883367E+00   -1.2183460066E-02   -1.6390745766E+02    2.0944482769E-02
    1.7199900000E-03    1.1021060680E+00   -1.5987325549E-01   -1.6813840919E+02    1.6376760350E-02
    1.7599900000E-03    7.5340469281E-01    2.4023418214E-01   -1.7175538832E+02    4.4810558863E-02
    1.7999900000E-03    1.2643389974E+00    5.0655290012E-02   -1.7606470536E+02    5.5163437499E-02
    1.8399900000E-03    8.9702682287E-01   -2.5049426243E-01   -1.8043137216E+02    4.1592008578E-02
    1.8799900000E-03    1.0423342436E+00    1.4863671412E-01   -1.8394140731E+02    2.5214500075E-02
    1.9199900000E-03    1.2495610309E+00    1.1028873233E-02   -1.8819135878E+02    3.0992416190E-02
    1.9599900000E-03    6.5429220430E-01   -2.8147287906E-01   -1.9249845410E+02    4.6954710366E-02
    1.9999900000E-03    1.0337172654E+00    3.5181671396E-01   -1.9622023983E+02    2.5102499556E-02
    2.0399900000E-03    1.1931647478E+00    3.2654974776E-03   -2.0049242855E+02    2.6824620845E-02
    2.0799900000E-03    6.9100365008E-01   -1.3126566812E-01   -2.0440165463E+02    4.8323546427E-02
    2.1199900000E-03    1.1075716297E+00    4.2924752496E-01   -2.0826949388E+02    5.0145776302E-02
    2.1599900000E-03    1.0863806754E+00   -3.5094818957E-01   -2.1286262557E+02    3.0934568512E-02
    2.1999900000E-03    8.7621625350E-01    2.6911918965E-02   -2.1657258772E+02    9.7599874192E-03
    2.2399900000E-03    1.1418801531E+00    3.5735639990E-01   -2.2041845845E+02    2.6385653303E-02
    2.2799900000E-03    1.0125309767E+00   -4.7339003220E-01   -2.2503179297E+02    4.8824937039E-02
    2.3199900000E-03    7.3962909771E-01    2.2356072975E-01   -2.2880648415E+02    4.4291993328E-02
    2.3599900000E-03    1.1927770509E+00    1.9990497823E-02   -2.3278711847E+02    3.0241539963E-02
    2.3999900000E-03    9.2802748291E-01   -3.8559970741E-01   -2.3703477558E+02    3.7035691600E-02
    2.4399900000E-03    7.3883397944E-01    3.8788586051E-01   -2.4072432162E+02    4.9855380545E-02
    2.4799900000E-03    1.2388146832E+00   -1.6741521420E-01   -2.4515404925E+02    2.4453797777E-02
    2.5199900000E-03    9.9571733032E-01   -1.4736491196E-01   -2.4927361749E+02    1.6967278041E-02
    2.5599900000E-03    9.2597837858E-01    3.2026076892E-01   -2.5281793853E+02    3.9785746951E-02
    2.5999900000E-03    1.2490045283E+00   -1.8864854606E-01   -2.5729926515E+02    5.4672293146E-02
    2.6399900000E-03    7.3799577500E-01   -1.3963884805E-01   -2.6147322640E+02    4.6846746430E-02
    2.6799900000E-03    1.1454258174E+00    9.3613957269E-02   -2.6511497027E+02    2.3296190537E-02
    2.7199900000E-03    1.2054902599E+00   -1.5563412259E-01   -2.6941617371E+02    2.3600686421E-02
    2.7599900000E-03    5.7639598014E-01   -5.5577620120E-02   -2.7342923553E+02    5.0906023990E-02
    2.7999900000E-03    1.1642935265E+00    2.9376445252E-01   -2.7735983624E+02    3.4424365814E-02
    2.8399900000E-03    1.1425743162E+00   -1.0653010724E-01   -2.8173427690E+02    3.1318687552E-02
    2.8799900000E-03    7.5839957063E-01    6.7336745885E-02   -2.8537338678E+02    4.4797556492E-02
    2.9199900000E-03    1.2253169777E+00    2.8260048618E-01   -2.8944723383E+02    5.1228303590E-02
    2.9599900000E-03    9.4175800342E-01   -3.8889464208E-01   -2.9401714830E+02    3.5832830111E-02
    2.9999900000E-03    9.3426284511E-01    1.6638327427E-01   -2.9763954244E+02    1.0179793775E-02
    3.0399900000E-03    1.2076934599E+00    2.4520765944E-01   -3.0164361126E+02    2.3546705583E-02
    3.0799900000E-03    8.2032824698E-01   -4.3311456292E-01   -3.0610651122E+02    5.2538859198E-02
    3.1199900000E-03    8.4512860265E-01    3.8556949093E-01   -3.0979887908E+02    4.7124203114E-02
    3.1599900000E-03    1.1939181804E+00   -9.8787020563E-02   -3.1406050703E+02    2.9918620150E-02
    3.1999900000E-03    8.1195669109E-01   -2.6368480509E-01   -3.1806696748E+02    3.1281216125E-02
    3.2399900000E-03    9.2720131033E-01    4.7254312217E-01   -3.2177963143E+02    4.2511500432E-02
    3.2799900000E-03    1.1968285015E+00   -3.2115128456E-01   -3.2639086689E+02    2.7963334245E-02
    3.3199900000E-03    8.7896203391E-01   -5.9030135058E-02   -3.3036564787E+02    1.8852763256E-02
    3.3599900000E-03    1.0689369070E+00    2.9220428698E-01   -3.3396891438E+02    3.5591163779E-02
    3.3999900000E-03    1.1617822556E+00   -3.6812264798E-01   -3.3850174144E+02    5.1084468354E-02
    3.4399900000E-03    6.5034632699E-01    6.0177043540E-02   -3.4245039124E+02    5.1280541022E-02
    3.4799900000E-03    1.2015508006E+00   -4.8904210781E-03   -3.4634599934E+02    2.2569570615E-02
    3.5199900000E-03    1.1181732782E+00   -2.5011250968E-01   -3.5060746927E+02    1.6953886929E-02
    3.5599900000E-03    6.2599913885E-01    1.7372992394E-01   -3.5437073964E+02    4.8338866924E-02
    3.5999900000E-03    1.2437035428E+00    1.3315416257E-01   -3.5857198716E+02    4.4035217813E-02
    3.6399900000E-03    1.0464655060E+00   -1.7857938148E-01   -3.6293401968E+02    3.5961791756E-02
    3.6799900000E-03    9.0222139297E-01    1.8190725762E-01   -3.6643160134E+02    4.0619033096E-02
    3.7199900000E-03    1.2636038209E+00    6.9553124304E-02   -3.7068861039E+02    5.1137829276E-02
    3.7599900000E-03    7.6559194348E-01   -3.2919302764E-01   -3.7511285414E+02    4.2245739271E-02
    3.7999900000E-03    1.0235819938E+00    2.4468933429E-01   -3.7874708019E+02    1.2275169914E-02
    3.8399900000E-03    1.2231775085E+00    1.1788897228E-01   -3.8290383518E+02    2.2009506385E-02
    3.8799900000E-03    6.7648683605E-01   -2.7089125066E-01   -3.8710518276E+02    5.3022532866E-02
    3.9199900000E-03    1.0138795087E+00    4.3830902562E-01   -3.9086869180E+02    4.8063590820E-02
    3.9599900000E-03    1.1542764688E+00   -2.0545396278E-01   -3.9532292497E+02    3.2070666577E-02
    3.9999900000E-03    7.9830206635E-01   -8.9500105342E-02   -3.9908845084E+02    2.4351175963E-02
    4.0399900000E-03    1.0963991198E+00    4.3247711058E-01   -4.0292355782E+02    3.3758842505E-02
    4.0799900000E-03    1.0904639328E+00   -4.3473855673E-01   -4.0759240651E+02    3.3378227611E-02
    4.1199900000E-03    8.0128070669E-01    9.4219573142E-02   -4.1141949230E+02    2.3488398998E-02
    4.1599900000E-03    1.1552595831E+00    2.0896482114E-01   -4.1519162584E+02    3.1855640294E-02
    4.1999900000E-03    1.0078405429E+00   -4.4029125620E-01   -4.1964736721E+02    4.8299918463E-02
    4.2399900000E-03    6.8124675809E-01    2.7648256403E-01   -4.2340708833E+02    5.2971399150E-02
    4.2799900000E-03    1.2221862210E+00   -1.2232187289E-01   -4.2761301127E+02    2.2275028265E-02
    4.3199900000E-03    1.0170935219E+00   -2.4865495319E-01   -4.3176422444E+02    1.2297912073E-02
    4.3599900000E-03    7.6844634394E-01    3.3551883959E-01   -4.3539959625E+02    4.2038942514E-02
    4.3999900000E-03    1.2630852771E+00   -7.8491029778E-02   -4.3983228179E+02    5.0662564771E-02
    4.4399900000E-03    9.0168123791E-01   -1.7765494485E-01   -4.4408178853E+02    4.0388142431E-02
    4.4799900000E-03    1.0468018111E+00    1.8136159282E-01   -4.4758065061E+02    3.6413341110E-02
    4.5199900000E-03    1.2426198842E+00   -1.4188719272E-01   -4.5194957897E+02    4.4674551559E-02
    4.5599900000E-03    6.2546390230E-01   -1.6650462327E-01   -4.5614390127E+02    4.8529057989E-02
    4.5999900000E-03    1.1228436057E+00    2.4209007830E-01   -4.5991113036E+02    1.6763853962E-02
    4.6399900000E-03    1.2017169673E+00    1.9477552176E-03   -4.6417342716E+02    2.2272688630E-02
    4.6799900000E-03    6.4809773884E-01   -5.5940108348E-02   -4.6806894372E+02    5.1364759342E-02
    4.7199900000E-03    1.1641861829E+00    3.6426476570E-01   -4.7202300087E+02    5.1043470708E-02
    4.7599900000E-03    1.0690579257E+00   -2.8798971849E-01   -4.7655251846E+02    3.5759990843E-02
    4.7999900000E-03    8.7798496011E-01    6.0664735315E-02   -4.8015282077E+02    1.9555066430E-02
    4.8399900000E-03    1.1991917629E+00    3.1806016048E-01   -4.8413511309E+02    2.8370484609E-02
    4.8799900000E-03    9.2425399824E-01   -4.7131816891E-01   -4.8874643488E+02    4.2003035049E-02
    4.9199900000E-03    8.1582350580E-01    2.6321686035E-01   -4.9245793789E+02    3.0291787874E-02
    4.9599900000E-03    1.1939120435E+00    1.0441508021E-01   -4.9646452145E+02    2.9777124836E-02
    4.9999900000E-03    8.4321958070E-01   -3.8649448629E-01   -5.0073169904E+02    4.7517068920E-02
    5.0399900000E-03    8.2160846196E-01    4.3270423195E-01   -5.0442589937E+02    5.2607708880E-02
    5.0799900000E-03    1.2065719594E+00   -2.4464267585E-01   -5.0888643639E+02    2.3722846243E-02
    5.1199900000E-03    9.3195925743E-01   -1.6957633224E-01   -5.1288895448E+02    1.0097795894E-02
    5.1599900000E-03    9.3931120629E-01    3.9209164671E-01   -5.1651662761E+02    3.5762194159E-02
    5.1999900000E-03    1.2256567861E+00   -2.8226939958E-01   -5.2108975363E+02    5.0980704356E-02
    5.2399900000E-03    7.6269149491E-01   -6.8580496605E-02   -5.2516550311E+02    4.4472141940E-02
    5.2799900000E-03    1.1399599572E+00    1.1149786602E-01   -5.2880072548E+02    3.1872645491E-02
    5.3199900000E-03    1.1657456736E+00   -2.9529160817E-01   -5.3318127914E+02    3.5418330228E-02
    5.3599900000E-03    5.7693939809E-01    5.1920283122E-02   -5.3711924675E+02    5.1076581031E-02
    5.3999900000E-03    1.2043106346E+00    1.5358784081E-01   -5.4112700090E+02    2.3009611721E-02
    5.4399900000E-03    1.1483253036E+00   -9.1350111741E-02   -5.4542649629E+02    2.2929267248E-02
    5.4799900000E-03    7.3104527852E-01    1.3525301971E-01   -5.4907977484E+02    4.7107454929E-02
    5.5199900000E-03    1.2473094958E+00    1.9508349178E-01   -5.5324956922E+02    5.4575127902E-02
    5.5599900000E-03    9.3463220906E-01   -3.1792983731E-01   -5.5773413843E+02    3.9672114467E-02
    5.5999900000E-03    9.9093211381E-01    1.4397546166E-01   -5.6127821715E+02    1.7471319192E-02
    5.6399900000E-03    1.2389323223E+00    1.7231575775E-01   -5.6539690635E+02    2.4909495446E-02
    5.6799900000E-03    7.4651541957E-01   -3.9460001295E-01   -5.6984088665E+02    4.9317113826E-02
    5.7199900000E-03    9.2151874153E-01    3.7991875588E-01   -5.7352996215E+02    3.6133228451E-02
    5.7599900000E-03    1.1942548627E+00   -8.7583352421E-03   -5.7776472527E+02    2.9995784266E-02
    5.7999900000E-03    7.4121008190E-01   -2.3617383372E-01   -5.8176917892E+02    4.4916384443E-02
    5.8399900000E-03    1.0006306575E+00    4.7474879452E-01   -5.8553798394E+02    4.9308285025E-02
    5.8799900000E-03    1.1477962439E+00   -3.4934154818E-01   -5.9014510814E+02    2.6191979086E-02
    5.9199900000E-03    8.7941533499E-01   -3.9656455544E-02   -5.9400197214E+02    9.6120927210E-03
    5.9599900000E-03    1.0766104770E+00    3.5862663781E-01   -5.9770765868E+02    3.1166749443E-02
    5.9999900000E-03    1.1204642382E+00   -4.2152520841E-01   -6.0230801072E+02    5.0231042042E-02
    6.0399900000E-03    6.9339148300E-01    1.1197696385E-01   -6.0619557932E+02    4.8007550371E-02
    6.0799900000E-03    1.1895367539E+00    1.0062609953E-02   -6.1007683115E+02    2.7374320901E-02
    6.1199900000E-03    1.0465832826E+00   -3.5364808181E-01   -6.1436766193E+02    2.6398091506E-02
    6.1599900000E-03    6.4056119258E-01    2.6140805561E-01   -6.1810818751E+02    4.7766337439E-02
    6.1999900000E-03    1.2470398025E+00    7.5994670747E-03   -6.2238849827E+02    3.0021535308E-02
    6.2399900000E-03    1.0574010383E+00   -1.4520105181E-01   -6.2664930613E+02    2.4743517761E-02
    6.2799900000E-03    8.7536622024E-01    2.4468242857E-01   -6.3017183522E+02    4.2267960220E-02
    6.3199900000E-03    1.2659487681E+00   -2.0686215489E-02   -6.3452229393E+02    5.5695260371E-02
    6.3599900000E-03    7.7530972227E-01   -2.5716233135E-01   -6.3886102124E+02    4.4173940070E-02
    6.3999900000E-03    1.0893797647E+00    1.6159836692E-01   -6.4246331540E+02    1.6496774286E-02
    6.4399900000E-03    1.2341991366E+00    3.1894077753E-02   -6.4668526879E+02    2.1555188621E-02
    6.4799900000E-03    6.2602996312E-01   -2.2326046762E-01   -6.5087548535E+02    5.3177092916E-02
    6.5199900000E-03    1.0644005390E+00    3.9901647013E-01   -6.5467166863E+02    4.2013571280E-02
    6.5599900000E-03    1.1599534656E+00   -1.1903743844E-01   -6.5906731429E+02    3.3653339916E-02
    6.5999900000E-03    7.4746856176E-01   -5.6213322477E-02   -6.6281082343E+02    4.0150757185E-02
    6.6399900000E-03    1.1477284820E+00    4.0595895576E-01   -6.6673081549E+02    4.5399391364E-02
    6.6799900000E-03    1.0401363087E+00   -4.2293979658E-01   -6.7137896273E+02    3.0678383567E-02
    6.7199900000E-03    8.6242410271E-01    1.0832236702E-01   -6.7511805523E+02    1.1700748737E-02
    6.7599900000E-03    1.1600917014E+00    2.8159594606E-01   -6.7895695168E+02    2.8942461277E-02
    6.7999900000E-03    9.6064759722E-01   -4.6264706092E-01   -6.8347437300E+02    5.1176201164E-02
    6.8399900000E-03    7.3200416568E-01    3.0035977717E-01   -6.8721428062E+02    5.0783829498E-02
    6.8799900000E-03    1.2051455906E+00   -1.0630835484E-01   -6.9138453111E+02    2.6342122712E-02
    6.9199900000E-03    9.3140371287E-01   -3.1119868793E-01   -6.9551049761E+02    1.9895595042E-02
    6.9599900000E-03    7.8518233969E-01    4.0393850484E-01   -6.9917465148E+02    4.1700677577E-02
    6.9999900000E-03    1.2491609822E+00   -1.6666489880E-01   -7.0367537244E+02    3.6248562147E-02
    7.0399900000E-03    9.3047108325E-01   -1.3334399221E-01   -7.0782969328E+02    2.9114669287E-02
    7.0799900000E-03    1.0195935437E+00    2.5027135118E-01   -7.1134381515E+02    3.9034281796E-02
    7.1199900000E-03    1.2324141577E+00   -2.2283975840E-01   -7.1579744309E+02    5.1672382563E-02
    7.1599900000E-03    6.5222924457E-01   -1.0290302120E-01   -7.1992876711E+02    4.9523745225E-02
    7.1999900000E-03    1.1657357316E+00    1.1914020951E-01   -7.2369593535E+02    1.7374458053E-02
    7.2399900000E-03    1.1983801945E+00   -8.2878200684E-02   -7.2796774439E+02    1.8320637955E-02
    7.2799900000E-03    6.0785178090E-01   -1.4483024599E-02   -7.3188315951E+02    5.2142114677E-02
    7.3199900000E-03    1.1854206670E+00    3.1128719495E-01   -7.3588156707E+02    4.7666928850E-02
    7.3599900000E-03    1.0900135035E+00   -2.0546048906E-01   -7.4033890473E+02    3.7372823089E-02
    7.3999900000E-03    8.4319439268E-01    8.6929600138E-02   -7.4390504432E+02    3.4631809675E-02
    7.4399900000E-03    1.2305134405E+00    2.6460063543E-01   -7.4798407864E+02    4.1381785597E-02
    7.4799900000E-03    8.8707480408E-01   -4.3536679595E-01   -7.5256960892E+02    3.7113326956E-02
    7.5199900000E-03    8.9365386664E-01    2.4218351544E-01   -7.5623736158E+02    1.5295253847E-02
    7.5599900000E-03    1.1999059983E+00    1.8368835589E-01   -7.6024866103E+02    2.6831417357E-02
    7.5999900000E-03    8.0026971585E-01   -3.9143987231E-01   -7.6458561976E+02    5.1833172318E-02
    7.6399900000E-03    8.6204879848E-01    4.2928301607E-01   -7.6828636365E+02    5.1430414205E-02
    7.6799900000E-03    1.1878211205E+00   -2.1431890233E-01   -7.7269304979E+02    2.8138740012E-02
    7.7199900000E-03    8.6472953594E-01   -1.9854625856E-01   -7.7663105909E+02    1.5206365946E-02
    7.7599900000E-03    9.5191833736E-01    4.4666339425E-01   -7.8032716115E+02    3.4686935097E-02
    7.7999900000E-03    1.2031998376E+00   -3.2943792008E-01   -7.8495389760E+02    4.1004559615E-02
    7.8399900000E-03    8.0603907653E-01   -3.7192493180E-02   -7.8896528471E+02    3.4729021696E-02
    7.8799900000E-03    1.1178358427E+00    1.8869469005E-01   -7.9258630137E+02    3.6197073792E-02
    7.9199900000E-03    1.1428501204E+00   -3.6214228167E-01   -7.9704340472E+02    4.6531010668E-02
    7.9599900000E-03    6.0714111290E-01    9.7558664268E-02   -8.0095731808E+02    5.3107883380E-02
    7.9999900000E-03    1.2156049673E+00    2.9062865286E-02   -8.0497085390E+02    1.9419864973E-02
    8.0399900000E-03    1.1361972543E+00   -1.5493703659E-01   -8.0922812360E+02    1.6189157470E-02
    8.0799900000E-03    6.8434339086E-01    1.7398670440E-01   -8.1292919789E+02    4.7674882219E-02
    8.1199900000E-03    1.2515881518E+00    1.4670622582E-01   -8.1714814896E+02    5.3169871673E-02
    8.1599900000E-03    9.7690345052E-01   -2.4925460092E-01   -8.2156615067E+02    4.0163436331E-02
    8.1999900000E-03    9.7551601630E-01    1.5055164918E-01   -8.2506571524E+02    2.9251286567E-02
    8.2399900000E-03    1.2551925657E+00    9.1332246075E-02   -8.2927827991E+02    3.6521897727E-02
    8.2799900000E-03    7.2504518165E-01   -3.5683786143E-01   -8.3370553866E+02    4.3860177929E-02
    8.3199900000E-03    9.7807067393E-01    3.2794460905E-01   -8.3738187966E+02    2.0182638923E-02
    8.3599900000E-03    1.2053336956E+00    7.3610216104E-02   -8.4156835362E+02    2.5803201159E-02
    8.3999900000E-03    6.9964385359E-01   -2.3685472911E-01   -8.4564920659E+02    5.0664267967E-02
    8.4399900000E-03    1.0237047024E+00    4.5844968085E-01   -8.4943535559E+02    5.0802876045E-02
    8.4799900000E-03    1.1359340142E+00   -3.0270208106E-01   -8.5398569757E+02    3.0332993007E-02
    8.5199900000E-03    8.5902845823E-01   -5.8624119199E-02   -8.5776323282E+02    1.1804480607E-02
    8.5599900000E-03    1.0863750864E+00    4.0732517104E-01   -8.6155160226E+02    2.8842449515E-02
    8.5999900000E-03    1.0998790412E+00   -4.4249888032E-01   -8.6620420612E+02    4.5643822033E-02
    8.6399900000E-03    7.3997037081E-01    1.1764128585E-01   -8.7006497994E+02    4.0435828503E-02
    8.6799900000E-03    1.1735608189E+00    9.6728404176E-02   -8.7388710231E+02    3.2598248253E-02
    8.7199900000E-03    1.0116662878E+00   -4.1079592675E-01   -8.7825003853E+02    4.1668104695E-02
    8.7599900000E-03    6.6031494377E-01    2.9072209163E-01   -8.8199857396E+02    5.2880506310E-02
    8.7999900000E-03    1.2379516569E+00   -8.7701412778E-02   -8.8627960788E+02    2.2132534737E-02
    8.8399900000E-03    1.0558438137E+00   -1.7048792400E-01   -8.9046602080E+02    1.5520953484E-02
    8.8799900000E-03    8.1960614583E-01    2.9473207251E-01   -8.9404737119E+02    4.2403329134E-02
    8.9199900000E-03    1.2655922708E+00   -5.4742676936E-02   -8.9845026382E+02    5.5620712454E-02
    8.9599900000E-03    8.3374778141E-01   -2.1604721781E-01   -9.0274494447E+02    4.3436027162E-02
    8.9999900000E-03    1.0875472928E+00    1.3571416209E-01   -9.0629151449E+02    2.5079585712E-02
    9.0399900000E-03    1.2383755240E+00   -6.9217685683E-02   -9.1058444408E+02    2.9153541243E-02
    9.0799900000E-03    6.0959964336E-01   -1.9757366467E-01   -9.1478478081E+02    4.8709211292E-02
    9.1199900000E-03    1.0882499462E+00    3.3812120327E-01   -9.1857517934E+02    2.7008579280E-02
    9.1599900000E-03    1.1809349135E+00   -3.5075515982E-02   -9.2289648024E+02    2.7577585202E-02
    9.1999900000E-03    6.9826382476E-01   -5.4830943685E-02   -9.2670794608E+02    4.7480193069E-02
    9.2399900000E-03    1.1587602815E+00    3.8745423022E-01   -9.3065376023E+02    5.0482265925E-02
    9.2799900000E-03    1.0444086631E+00   -3.6746175175E-01   -9.3525353420E+02    3.2530273304E-02
    9.3199900000E-03    8.9216874343E-01    7.6231009461E-02   -9.3892511829E+02    9.8999958800E-03
    9.3599900000E-03    1.1707768176E+00    3.2518888676E-01   -9.4283065046E+02    2.5139808912E-02
    9.3999900000E-03    9.5075340388E-01   -4.7615894262E-01   -9.4741591702E+02    4.9929355610E-02
    9.4399900000E-03    7.6252769957E-01    2.8067236583E-01   -9.5115535343E+02    4.4928093105E-02
    9.4799900000E-03    1.1970531696E+00   -1.0672640974E-02   -9.5522746844E+02    2.9833372938E-02
    9.5199900000E-03    8.8444041576E-01   -3.6176876143E-01   -9.5941759064E+02    3.6162004045E-02
    9.5599900000E-03    7.8993775880E-01    4.2574203318E-01   -9.6310499968E+02    4.8424799484E-02
    9.5999900000E-03    1.2321298282E+00   -2.1349945497E-01   -9.6760110888E+02    2.5032608091E-02
    9.6399900000E-03    9.6460297606E-01   -1.3211022138E-01   -9.7168457186E+02    1.6935319750E-02
    9.6799900000E-03    9.6617238512E-01    3.2371120577E-01   -9.7524037226E+02    3.8576836950E-02
    9.7199900000E-03    1.2344751594E+00   -2.4184104576E-01   -9.7975250751E+02    5.3716331695E-02
    9.7599900000E-03    7.1019784465E-01   -9.6741097092E-02   -9.8387602415E+02    4.7940257082E-02
    9.7999899999E-03    1.1615152820E+00    7.3887521759E-02   -9.8757187453E+02    2.3212665857E-02
    9.8399899999E-03    1.1888644418E+00   -1.8661791800E-01   -9.9187705626E+02    2.2174265787E-02
    9.8799899999E-03    5.7638345722E-01   -3.8470067312E-03   -9.9583350677E+02    5.0840922153E-02
    9.9199899999E-03    1.1858658682E+00    2.6641540563E-01   -9.9982486969E+02    3.6149311645E-02
    9.9599899999E-03    1.1281240778E+00   -1.2337616429E-01   -1.0042085459E+03    3.2146239192E-02
    9.9999899999E-03    7.8092950827E-01    9.7117388011E-02   -1.0078162784E+03    4.4074516534E-02
    1.0039990000E-02    1.2374883609E+00    2.4761672649E-01   -1.0119313719E+03    5.1453056820E-02
    1.0079990000E-02    9.1234494739E-01   -3.8642618266E-01   -1.0164876246E+03    3.6866467624E-02
    1.0119990000E-02    9.4684494322E-01    1.8389648821E-01   -1.0201099497E+03    1.0384512830E-02
    1.0159990000E-02    1.2128932578E+00    2.2628057532E-01   -1.0241438685E+03    2.3275992210E-02
    1.0199990000E-02    7.9474055027E-01   -4.1614708685E-01   -1.0285786191E+03    5.2882991403E-02
    1.0239990000E-02    8.6605880110E-01    4.0040150962E-01   -1.0322768603E+03    4.7408791382E-02
    1.0279990000E-02    1.1911432601E+00   -1.1416433507E-01   -1.0365752446E+03    3.0142663231E-02
    1.0319990000E-02    8.0518497609E-01   -2.4407097308E-01   -1.0405550883E+03    3.0333067397E-02
    1.0359990000E-02    9.4763583260E-01    4.7347897492E-01   -1.0442833058E+03    4.1414153166E-02
    1.0399990000E-02    1.1895946307E+00   -3.3471628664E-01   -1.0489103959E+03    2.8540039708E-02
    1.0439990000E-02    8.6831821534E-01   -4.7049765869E-02   -1.0528768577E+03    1.9423539968E-02
    1.0479990000E-02    1.0787748330E+00    2.8472891448E-01   -1.0564958046E+03    3.5339679979E-02
    1.0519990000E-02    1.1524180641E+00   -3.7697924065E-01   -1.0610292954E+03    5.0811774665E-02
    1.0559990000E-02    6.4699391358E-01    7.4722459689E-02   -1.0649678328E+03    5.1575425197E-02
    1.0599990000E-02    1.2041022460E+00   -1.0883865315E-02   -1.0688899132E+03    2.2394737037E-02
    1.0639990000E-02    1.1148897811E+00   -2.4822159982E-01   -1.0731502999E+03    1.6509044533E-02
    1.0679990000E-02    6.3125992702E-01    1.7998656516E-01   -1.0769103966E+03    4.8179518755E-02
    1.0719990000E-02    1.2451760405E+00    1.2998231222E-01   -1.0811243645E+03    4.4891033898E-02
    1.0759990000E-02    1.0417996507E+00   -1.8225380709E-01   -1.0854917776E+03    3.6470701974E-02
    1.0799990000E-02    9.0672770681E-01    1.8031579007E-01   -1.0889934800E+03    4.0321502648E-02
    1.0839990000E-02    1.2633532561E+00    7.1285171547E-02   -1.0932526793E+03    5.0684212105E-02
    1.0879990000E-02    7.6488624530E-01   -3.3247898578E-01   -1.0976835752E+03    4.2192540586E-02
    1.0919990000E-02    1.0187676932E+00    2.4876808347E-01   -1.1013252682E+03    1.2333978024E-02
    1.0959990000E-02    1.2222111561E+00    1.2162971436E-01   -1.1054819441E+03    2.2260119567E-02
    1.0999990000E-02    6.8162627355E-01   -2.7715382073E-01   -1.1096925543E+03    5.2955850450E-02
    1.1039990000E-02    1.0057472480E+00    4.4045647689E-01   -1.1134564351E+03    4.8282088599E-02
    1.1079990000E-02    1.1563844186E+00   -2.0772695938E-01   -1.1179146075E+03    3.1770285620E-02
    1.1119990000E-02    8.0096520438E-01   -9.9295997229E-02   -1.1216976829E+03    2.3482119234E-02
    1.1159990000E-02    1.0845586312E+00    4.3778686992E-01   -1.1255243669E+03    3.3519508573E-02
    1.1199990000E-02    1.1032720037E+00   -4.2836945487E-01   -1.1301968793E+03    3.3588035600E-02
    1.1239990000E-02    7.9936282419E-01    8.0025142173E-02   -1.1340458366E+03    2.4353604629E-02
    1.1279990000E-02    1.1504816052E+00    2.0931630937E-01   -1.1378043324E+03    3.2327803858E-02
    1.1319990000E-02    1.0271114368E+00   -4.3619897824E-01   -1.1422699143E+03    4.8059770507E-02
    1.1359990000E-02    6.6806927984E-01    2.5380376644E-01   -1.1460509499E+03    5.2987822259E-02
    1.1399990000E-02    1.2231654147E+00   -1.0558088281E-01   -1.1502331942E+03    2.1830590226E-02
    1.1439990000E-02    1.0360960783E+00   -2.4492195102E-01   -1.1544084309E+03    1.2574974930E-02
    1.1479990000E-02    7.4789759993E-01    3.1324888987E-01   -1.1580557600E+03    4.3053452795E-02
    1.1519990000E-02    1.2641538694E+00   -3.9893261392E-02   -1.1624588680E+03    5.1189319060E-02
    1.1559990000E-02    9.2015420333E-01   -1.9046178854E-01   -1.1667425066E+03    4.0375198954E-02
    1.1599990000E-02    1.0307215059E+00    1.8093158752E-01   -1.1702393380E+03    3.6152385082E-02
    1.1639990000E-02    1.2501126794E+00   -9.9203559529E-02   -1.1745904306E+03    4.4666761752E-02
    1.1679990000E-02    6.4246355332E-01   -2.0871698333E-01   -1.1788392600E+03    4.7422605256E-02
    1.1719990000E-02    1.0976800827E+00    2.6355041802E-01   -1.1825799103E+03    1.6333825060E-02
    1.1759990000E-02    1.2067103334E+00    2.5961012885E-02   -1.1868315649E+03    2.2831865679E-02
    1.1799990000E-02    6.4921293190E-01   -1.0313230953E-01   -1.1907854611E+03    5.1739982263E-02
    1.1839990000E-02    1.1344069775E+00    3.9474451512E-01   -1.1946965377E+03    5.0634199774E-02
    1.1879990000E-02    1.0897462440E+00   -2.8453854627E-01   -1.1992340622E+03    3.4690360655E-02
    1.1919990000E-02    8.5979859389E-01    2.9096468108E-02   -1.2028755425E+03    1.8600970066E-02
    1.1959990000E-02    1.1755274923E+00    3.5419475913E-01   -1.2068152495E+03    2.8429415382E-02
    1.1999990000E-02    9.7507466463E-01   -4.7450400291E-01   -1.2114554938E+03    4.1342077732E-02
    1.2039990000E-02    7.9210310228E-01    2.2316709025E-01   -1.2152027166E+03    3.1325009727E-02
    1.2079990000E-02    1.1878545683E+00    1.1839675210E-01   -1.2191526904E+03    3.0680111857E-02
    1.2119990000E-02    8.9153595048E-01   -4.1087574788E-01   -1.2234742218E+03    4.6942620474E-02
    1.2159990000E-02    7.6782021753E-01    3.9748732217E-01   -1.2271770447E+03    5.3092498653E-02
    1.2199990000E-02    1.2191144506E+00   -2.0716948944E-01   -1.2315855755E+03    2.2731323524E-02
    1.2239990000E-02    9.6490552146E-01   -1.9219749453E-01   -1.2356500801E+03    1.0797866808E-02
    1.2279990000E-02    8.8850284551E-01    3.7563744854E-01   -1.2392646810E+03    3.8000199354E-02
    1.2319990000E-02    1.2466227012E+00   -2.1252626839E-01   -1.2437986846E+03    5.2212576072E-02
    1.2359990000E-02    7.9590304610E-01   -1.2202278373E-01   -1.2479499290E+03    4.3963014529E-02
    1.2399990000E-02    1.1183014159E+00    1.2973741941E-01   -1.2515372485E+03    3.1824790873E-02
    1.2439990000E-02    1.2016853854E+00   -2.3451087453E-01   -1.2559152470E+03    3.5998209258E-02
    1.2479990000E-02    5.7852148833E-01   -3.9379624185E-02   -1.2599537060E+03    5.0402951800E-02
    1.2519990000E-02    1.1725151742E+00    2.1839607468E-01   -1.2638679512E+03    2.1918826143E-02
    1.2559990000E-02    1.1703925367E+00   -5.8438349516E-02   -1.2681771680E+03    2.3756552068E-02
    1.2599990000E-02    6.9801562545E-01    6.1517572682E-02   -1.2719080473E+03    4.8463770768E-02
    1.2639990000E-02    1.2207262537E+00    2.7992824742E-01   -1.2759907976E+03    5.3023941838E-02
    1.2679990000E-02    9.8926930942E-01   -3.2951966200E-01   -1.2805249500E+03    3.7555070293E-02
    1.2719990000E-02    9.4358320297E-01    1.1937117319E-01   -1.2840981710E+03    1.5944493937E-02
    1.2759990000E-02    1.2226590310E+00    2.4824780608E-01   -1.2881468228E+03    2.4847739445E-02
    1.2799990000E-02    8.2919036349E-01   -4.4700365794E-01   -1.2926803925E+03    4.8037727004E-02
    1.2839990000E-02    8.5319701827E-01    3.4337520794E-01   -1.2963742415E+03    3.7081703535E-02
    1.2879990000E-02    1.1978351320E+00    2.0299286622E-02   -1.3005279343E+03    2.9994429868E-02
    1.2919990000E-02    7.8766134169E-01   -3.1356411474E-01   -1.3046500243E+03    4.4310019601E-02
    1.2959990000E-02    9.0689424585E-01    4.7059453475E-01   -1.3083706853E+03    5.0253559187E-02
    1.2999990000E-02    1.1887262326E+00   -3.0239313097E-01   -1.3129348577E+03    2.4284034359E-02
    1.3039990000E-02    9.0766662405E-01   -1.0277343094E-01   -1.3168865826E+03    1.0445650170E-02
    1.3079990000E-02    1.0157194292E+00    3.6787247361E-01   -1.3205301457E+03    3.3874486054E-02
    1.3119990000E-02    1.1870818823E+00   -3.5076646859E-01   -1.3251197135E+03    5.0866455214E-02
    1.3159990000E-02    7.0621203810E-01    6.5376764721E-03   -1.3291192555E+03    4.7060854615E-02
    1.3199990000E-02    1.1728331725E+00    5.2667387688E-02   -1.3328803552E+03    2.7219289004E-02
    1.3239990000E-02    1.1234757792E+00   -3.1116941012E-01   -1.3372175789E+03    2.6724516526E-02
    1.3279990000E-02    5.9003692684E-01    1.3576631974E-01   -1.3410615184E+03    4.9034240576E-02
    1.3319990000E-02    1.2262092286E+00    1.2720831027E-01   -1.3451907435E+03    2.8789546210E-02
    1.3359990000E-02    1.1096307186E+00   -1.2452881966E-01   -1.3495112060E+03    2.5789186479E-02
    1.3399990000E-02    8.0183253503E-01    1.8095273817E-01   -1.3530869844E+03    4.4236908663E-02
    1.3439990000E-02    1.2603061269E+00    1.2397204192E-01   -1.3573256991E+03    5.4663205661E-02
    1.3479990000E-02    8.5970120998E-01   -3.2430992244E-01   -1.3617849132E+03    4.0572495595E-02
    1.3519990000E-02    1.0211127672E+00    1.7383550252E-01   -1.3653641199E+03    1.4103791077E-02
    1.3559990000E-02    1.2360128897E+00    1.4272044229E-01   -1.3695090792E+03    2.2266554823E-02
    1.3599990000E-02    7.0426240264E-01   -3.4842544236E-01   -1.3738701041E+03    5.2497323838E-02
    1.3639990000E-02    9.5763742250E-01    4.1112183823E-01   -1.3775894495E+03    4.2200996267E-02
    1.3679990000E-02    1.1833334723E+00   -8.0817668228E-02   -1.3819173605E+03    3.1786441392E-02
    1.3719990000E-02    7.4772618604E-01   -1.7797314535E-01   -1.3858197705E+03    3.9797576586E-02
    1.3759990000E-02    1.0431988106E+00    4.6726535303E-01   -1.3896276071E+03    4.5679246819E-02
    1.3799990000E-02    1.1288472739E+00   -3.8477413427E-01   -1.3942760985E+03    2.7289817015E-02
    1.3839990000E-02    8.6380590253E-01    8.6565702259E-03   -1.3981264599E+03    1.2559463172E-02
    1.3879990000E-02    1.1067569104E+00    3.1629511028E-01   -1.4018444409E+03    3.2050251695E-02
    1.3919990000E-02    1.0858375678E+00   -4.3639755680E-01   -1.4064139385E+03    5.0764806456E-02
    1.3959990000E-02    6.7754420627E-01    1.6366338051E-01   -1.4102654263E+03    5.0565426941E-02
    1.3999990000E-02    1.2026148509E+00   -4.0829280295E-02   -1.4142555506E+03    2.5278498312E-02
    1.4039990000E-02    1.0345539651E+00   -3.2553360086E-01   -1.4184967968E+03    2.0101832863E-02
    1.4079990000E-02    6.6714471096E-01    2.8732145232E-01   -1.4222097310E+03    4.5976171709E-02
    1.4119990000E-02    1.2542753913E+00    1.4052113887E-04   -1.4265446184E+03    3.7236932272E-02
    1.4159990000E-02    1.0222885634E+00   -1.5793446354E-01   -1.4308223484E+03    3.0202586002E-02
    1.4199990000E-02    9.2611834104E-01    2.3258782076E-01   -1.4343253938E+03    4.1462774267E-02
    1.4239990000E-02    1.2636184639E+00   -4.6921684896E-02   -1.4386857233E+03    5.4420268939E-02
    1.4279990000E-02    7.3146620773E-01   -2.5025990393E-01   -1.4430099376E+03    4.5262030401E-02
    1.4319990000E-02    1.0914948205E+00    1.8973909930E-01   -1.4466591951E+03    1.4491808179E-02
    1.4359990000E-02    1.2280214986E+00    4.4701748867E-02   -1.4508826418E+03    2.0529957484E-02
    1.4399990000E-02    6.2899414052E-01   -2.0021808778E-01   -1.4550261827E+03    5.3750527645E-02
    1.4439990000E-02    1.0757254376E+00    4.0829192674E-01   -1.4588510533E+03    4.5967566128E-02
    1.4479990000E-02    1.1459740498E+00   -1.6802851210E-01   -1.4632942345E+03    3.4558985826E-02
    1.4519990000E-02    7.7512310686E-01   -4.0594549222E-02   -1.4670086933E+03    3.4135361297E-02
    1.4559990000E-02    1.1496626712E+00    4.0151446091E-01   -1.4709324111E+03    4.0424366990E-02
    1.4599990000E-02    1.0348597627E+00   -4.4211711147E-01   -1.4755959041E+03    3.1864335340E-02
    1.4639990000E-02    8.3938750673E-01    1.2800162214E-01   -1.4793582684E+03    1.5857814195E-02
    1.4679990000E-02    1.1636196780E+00    2.4654160603E-01   -1.4831967993E+03    3.0226433373E-02
    1.4719990000E-02    9.5790304386E-01   -4.5409267019E-01   -1.4876795559E+03    5.0710441250E-02
    1.4759990000E-02    7.2334561986E-01    3.1240498585E-01   -1.4914212136E+03    5.2302102434E-02
    1.4799990000E-02    1.2106944606E+00   -1.3503832777E-01   -1.4956441598E+03    2.5181560833E-02
    1.4839990000E-02    9.5678727220E-01   -2.8451369511E-01   -1.4997616103E+03    1.5224918403E-02
    1.4879990000E-02    7.8724119945E-01    3.8680966554E-01   -1.5034202007E+03    4.0939198413E-02
    1.4919990000E-02    1.2551700336E+00   -1.4521464699E-01   -1.5079161641E+03    4.3128140163E-02
    1.4959990000E-02    9.1227516498E-01   -1.4466762018E-01   -1.5121062546E+03    3.5127553816E-02
    1.4999990000E-02    1.0358777664E+00    2.1920322684E-01   -1.5156200075E+03    3.8914769169E-02
    1.5039990000E-02    1.2352203195E+00   -1.9989652293E-01   -1.5200480364E+03    4.9745320468E-02
    1.5079990000E-02    6.3699695104E-01   -1.2182446749E-01   -1.5242034424E+03    4.9483538434E-02
    1.5119990000E-02    1.1525091405E+00    1.6726892231E-01   -1.5279847472E+03    1.6102590161E-02
    1.5159990000E-02    1.2029801883E+00   -3.7020208717E-02   -1.5322555098E+03    1.9344732705E-02
    1.5199990000E-02    6.2349021461E-01   -3.6741816608E-02   -1.5361763017E+03    5.1965310846E-02
    1.5239990000E-02    1.1738317504E+00    3.3879799621E-01   -1.5401574460E+03    4.9351699941E-02
    1.5279990000E-02    1.0838813640E+00   -2.3833972097E-01   -1.5446504732E+03    3.6700949819E-02
    1.5319990000E-02    8.5320728547E-01    6.8021952208E-02   -1.5482390468E+03    2.7996847130E-02
    1.5359990000E-02    1.2143495692E+00    2.9834476232E-01   -1.5522757113E+03    3.4775702073E-02
    1.5399990000E-02    9.1377214547E-01   -4.5634025856E-01   -1.5568890130E+03    3.7414589284E-02
    1.5439990000E-02    8.5209865540E-01    2.4312820204E-01   -1.5605888028E+03    2.0472682060E-02
    1.5479990000E-02    1.1935115850E+00    1.6279013955E-01   -1.5645808245E+03    2.8267396673E-02
    1.5519990000E-02    8.3550150284E-01   -4.0163666535E-01   -1.5689151616E+03    5.0093406927E-02
    1.5559990000E-02    8.2434935356E-01    4.2038996950E-01   -1.5726189899E+03    5.2244719003E-02
    1.5599990000E-02    1.1990578146E+00   -2.2343681864E-01   -1.5770352135E+03    2.5726823325E-02
    1.5639990000E-02    9.0718409877E-01   -2.0366637364E-01   -1.5810276597E+03    1.1566249108E-02
    1.5679990000E-02    9.1706597693E-01    4.2091405173E-01   -1.5846923343E+03    3.5612343062E-02
    1.5719990000E-02    1.2269384541E+00   -2.7996563678E-01   -1.5892869295E+03    4.6684250568E-02
    1.5759990000E-02    8.0431946211E-01   -7.5780535754E-02   -1.5933667610E+03    3.9943752578E-02
    1.5799990000E-02    1.1144121359E+00    1.6274240235E-01   -1.5969669176E+03    3.6004898053E-02
    1.5839990000E-02    1.1754892719E+00   -3.1016857856E-01   -1.6013982300E+03    4.3551109794E-02
    1.5879990000E-02    5.9086879283E-01    3.1274729974E-02   -1.6053785241E+03    5.2154046247E-02
    1.5919990000E-02    1.1999320713E+00    1.1500958051E-01   -1.6093415614E+03    1.9129214207E-02
    1.5959990000E-02    1.1633404342E+00   -9.4826966559E-02   -1.6136242707E+03    1.9327967315E-02
    1.5999990000E-02    6.8077669286E-01    1.1047416713E-01   -1.6173575199E+03    4.8581226589E-02
    1.6039990000E-02    1.2361442146E+00    2.2282020103E-01   -1.6215026956E+03    5.2995804780E-02
    1.6079990000E-02    9.9200676413E-01   -2.8316312550E-01   -1.6259832307E+03    3.8892442562E-02
    1.6119990000E-02    9.5266760472E-01    1.2976564654E-01   -1.6295164248E+03    2.2965548397E-02
    1.6159990000E-02    1.2426940824E+00    1.8401093199E-01   -1.6336482206E+03    2.9995425751E-02
    1.6199990000E-02    7.8498637575E-01   -4.1555243304E-01   -1.6381536858E+03    4.3793693465E-02
    1.6239990000E-02    9.0706597195E-01    3.3490931607E-01   -1.6418356621E+03    2.6440658915E-02
    1.6279990000E-02    1.2008305142E+00    6.9667477877E-02   -1.6459887710E+03    2.7748171160E-02
    1.6319990000E-02    7.4787652205E-01   -2.9655384586E-01   -1.6501264906E+03    4.8566739558E-02
    1.6359990000E-02    9.4919329391E-01    4.6904280062E-01   -1.6538699093E+03    5.1055191605E-02
    1.6399990000E-02    1.1664109090E+00   -3.0199756319E-01   -1.6584205597E+03    2.6552935079E-02
    1.6439990000E-02    8.8239256998E-01   -1.0319273673E-01   -1.6623044046E+03    9.3784161385E-03
    1.6479990000E-02    1.0285549253E+00    4.0261763601E-01   -1.6660133524E+03    3.1467219603E-02
    1.6519990000E-02    1.1649178056E+00   -3.8658719179E-01   -1.6706444352E+03    4.8759174013E-02
    1.6559990000E-02    7.2925524034E-01    3.7004372674E-02   -1.6746025509E+03    4.4240510318E-02
    1.6599990000E-02    1.1643848528E+00    8.5944177307E-02   -1.6783549958E+03    3.1955253509E-02
    1.6639990000E-02    1.0914187719E+00   -3.6819925633E-01   -1.6827311246E+03    3.6449900302E-02
    1.6679990000E-02    6.0449753186E-01    1.8462420907E-01   -1.6865564259E+03    5.1649609340E-02
    1.6719990000E-02    1.2322901737E+00    3.9066211688E-02   -1.6907221427E+03    2.3521993856E-02
    1.6759990000E-02    1.1095734427E+00   -1.3029240236E-01   -1.6949878838E+03    2.0565749192E-02
    1.6799990000E-02    7.7767118662E-01    2.1746443025E-01   -1.6985896981E+03    4.5122364508E-02
    1.6839990000E-02    1.2637997457E+00    7.8457983338E-02   -1.7028798165E+03    5.6189276064E-02
    1.6879990000E-02    8.7708226848E-01   -2.8175762019E-01   -1.7072908367E+03    4.1928140619E-02
    1.6919990000E-02    1.0421566548E+00    1.4773788387E-01   -1.7108361391E+03    2.0319433562E-02
    1.6959990000E-02    1.2458979038E+00    7.6085748730E-02   -1.7150405338E+03    2.6109141347E-02
    1.6999990000E-02    6.7544913856E-01   -3.2069164711E-01   -1.7193899938E+03    4.9589497356E-02
    1.7039990000E-02    9.9296087797E-01    3.8453217546E-01   -1.7231150255E+03    3.3352388936E-02
    1.7079990000E-02    1.1888304993E+00   -2.1854175701E-02   -1.7274082507E+03    2.9818316223E-02
    1.7119990000E-02    7.1505692074E-01   -1.6621956474E-01   -1.7313349409E+03    4.6225839150E-02
    1.7159990000E-02    1.0691371143E+00    4.5539118268E-01   -1.7351727369E+03    4.9525127752E-02
    1.7199990000E-02    1.1099840988E+00   -3.6722164254E-01   -1.7397969016E+03    2.8300386680E-02
    1.7239990000E-02    8.7350671553E-01    4.0663526758E-03   -1.7435908891E+03    9.1423864316E-03
    1.7279990000E-02    1.1102177592E+00    3.5518626068E-01   -1.7473702409E+03    2.9029469458E-02
    1.7319990000E-02    1.0695442899E+00   -4.5296871811E-01   -1.7519813463E+03    5.0176770335E-02
    1.7359990000E-02    7.0605776032E-01    1.7047608460E-01   -1.7558197724E+03    4.7657901681E-02
    1.7399990000E-02    1.1924394709E+00    7.5475178872E-04   -1.7597687847E+03    2.8588223305E-02
    1.7439990000E-02    9.9907119746E-01   -3.7150698514E-01   -1.7640445430E+03    2.9521394517E-02
    1.7479990000E-02    6.7442452918E-01    3.1720746186E-01   -1.7677655546E+03    4.8109907715E-02
    1.7519990000E-02    1.2484785310E+00   -5.9177454952E-02   -1.7721187938E+03    2.8297652723E-02
    1.7559990000E-02    1.0379775893E+00   -1.4600005374E-01   -1.7763403401E+03    2.2503769766E-02
    1.7599990000E-02    8.9175740722E-01    2.7017821114E-01   -1.7798737839E+03    4.1800598430E-02
    1.7639990000E-02    1.2636275698E+00   -7.3877102274E-02   -1.7842751542E+03    5.5965234271E-02
    1.7679990000E-02    7.6313086319E-01   -2.2424154215E-01   -1.7885726696E+03    4.5295711835E-02
    1.7719990000E-02    1.1091502767E+00    1.3993115836E-01   -1.7921899959E+03    1.8704933586E-02
    1.7759990000E-02    1.2315401436E+00   -1.5770298794E-02   -1.7964432337E+03    2.2062941552E-02
    1.7799990000E-02    6.0944311165E-01   -1.8895263767E-01   -1.8006050433E+03    5.2496218253E-02
    1.7839990000E-02    1.0872187380E+00    3.8070457533E-01   -1.8044329132E+03    3.9626626933E-02
    1.7879990000E-02    1.1593110045E+00   -1.0637329818E-01   -1.8088278296E+03    3.3170978823E-02
    1.7919990000E-02    7.4069123608E-01   -3.8360002928E-02   -1.8125685503E+03    4.2234035911E-02
    1.7959990000E-02    1.1613264710E+00    3.9159004104E-01   -1.8165201718E+03    4.7158817996E-02
    1.7999990000E-02    1.0292880803E+00   -4.1458549704E-01   -1.8211630050E+03    3.1066873582E-02
    1.8039990000E-02    8.7313101994E-01    1.0938510330E-01   -1.8248896337E+03    1.0200295610E-02
    1.8079990000E-02    1.1636235322E+00    2.9107494430E-01   -1.8287583142E+03    2.7536904727E-02
    1.8119990000E-02    9.5434742248E-01   -4.6529135978E-01   -1.8332948044E+03    5.0828750742E-02
    1.8159990000E-02    7.3922405355E-01    2.9774262783E-01   -1.8370414657E+03    4.9456074718E-02
    1.8199990000E-02    1.2030715645E+00   -8.8697504750E-02   -1.8411997717E+03    2.6684842849E-02
    1.8239990000E-02    9.2266878359E-01   -3.2377805837E-01   -1.8453458498E+03    2.2461978463E-02
    1.8279990000E-02    7.7951427246E-01    4.0554902947E-01   -1.8490240524E+03    4.2327885387E-02
    1.8319990000E-02    1.2471984099E+00   -1.6587294550E-01   -1.8535242488E+03    3.2881969178E-02
    1.8359990000E-02    9.4681722590E-01   -1.3453126749E-01   -1.8576803661E+03    2.5928317083E-02
    1.8399990000E-02    1.0001814706E+00    2.6560769967E-01   -1.8612057459E+03    3.8859874392E-02
    1.8439990000E-02    1.2382083567E+00   -2.0862874554E-01   -1.8656697805E+03    5.2225015527E-02
    1.8479990000E-02    6.7135442793E-01   -1.2201716306E-01   -1.8698297796E+03    4.8421312528E-02
    1.8519990000E-02    1.1584392470E+00    1.1688195239E-01   -1.8735721147E+03    1.7671227245E-02
    1.8559990000E-02    1.2047333709E+00   -8.1614600852E-02   -1.8778499492E+03    1.8744465812E-02
    1.8599990000E-02    5.9911427634E-01   -4.7423290446E-02   -1.8818204357E+03    5.2415000316E-02
    1.8639990000E-02    1.1677918459E+00    3.2903549544E-01   -1.8857889588E+03    4.5539654323E-02
    1.8679990000E-02    1.1105851860E+00   -1.8113662263E-01   -1.8902403588E+03    3.6456022159E-02
    1.8719990000E-02    8.1148039444E-01    6.3307140257E-02   -1.8938461272E+03    3.7065664910E-02
    1.8759990000E-02    1.2186703368E+00    2.9876455609E-01   -1.8979038277E+03    4.3510498362E-02
    1.8799990000E-02    9.2759567890E-01   -4.3552998133E-01   -1.9025165125E+03    3.5206458144E-02
    1.8839990000E-02    8.8560490630E-01    2.0668916387E-01   -1.9062012203E+03    1.3376024866E-02
    1.8879990000E-02    1.1932469981E+00    2.1758651292E-01   -1.9101737298E+03    2.7093423207E-02
    1.8919990000E-02    8.4255773536E-01   -4.2429131506E-01   -1.9145857525E+03    5.1879897513E-02
    1.8959990000E-02    8.1680950024E-01    3.9750230446E-01   -1.9182933328E+03    5.1171835473E-02
    1.8999990000E-02    1.1967614185E+00   -1.7639799762E-01   -1.9226361713E+03    2.7522106163E-02
    1.9039990000E-02    8.7689417221E-01   -2.4479476017E-01   -1.9266450677E+03    1.7319202322E-02
    1.9079990000E-02    8.9354505781E-01    4.4439358312E-01   -1.9303316344E+03    3.7288873517E-02
    1.9119990001E-02    1.2261335712E+00   -2.7386137463E-01   -1.9349312965E+03    3.8633528425E-02
    1.9159990001E-02    8.5228455984E-01   -8.3490591771E-02   -1.9390046386E+03    3.1983382484E-02
    1.9199990001E-02    1.0824898931E+00    2.2145639510E-01   -1.9425800841E+03    3.7464516428E-02
    1.9239990001E-02    1.1874562562E+00   -3.1359333908E-01   -1.9470563574E+03    4.8853679991E-02
    1.9279990001E-02    6.1614972318E-01    7.4928397241E-03   -1.9510701637E+03    5.1958295263E-02
    1.9319990001E-02    1.1963798041E+00    7.3441446427E-02   -1.9549745594E+03    1.8427311877E-02
    1.9359990001E-02    1.1683559878E+00   -1.2824376622E-01   -1.9592525745E+03    1.7043092083E-02
    1.9399990001E-02    6.3704693297E-01    8.7284473669E-02   -1.9630558116E+03    5.0164221962E-02
    1.9439990001E-02    1.2253867211E+00    2.3740827655E-01   -1.9671747867E+03    5.0528224763E-02
    1.9479990001E-02    1.0411135618E+00   -2.3419780854E-01   -1.9716316454E+03    3.8771583956E-02
    1.9519990001E-02    9.0415567081E-01    1.2682272201E-01   -1.9751624685E+03    3.1963653679E-02
    1.9559990001E-02    1.2472824775E+00    1.9002456687E-01   -1.9793123906E+03    3.9172195332E-02
    1.9599990001E-02    8.1524302266E-01   -4.1436806399E-01   -1.9838469833E+03    4.0181184780E-02
    1.9639990001E-02    9.2099640299E-01    2.8694359242E-01   -1.9875166950E+03    1.7494885020E-02
    1.9679990001E-02    1.2053961514E+00    1.3856945893E-01   -1.9916095534E+03    2.6263301847E-02
    1.9719990001E-02    7.5348307410E-01   -3.3950288597E-01   -1.9958589729E+03    5.1464121503E-02
    1.9759990001E-02    9.1934881362E-01    4.5313867693E-01   -1.9995873241E+03    5.1306099662E-02
    1.9799990001E-02    1.1741411713E+00   -2.5121585446E-01   -2.0040674607E+03    2.8731487891E-02
    1.9839990001E-02    8.6061179990E-01   -1.5182311532E-01   -2.0079573216E+03    1.3294575803E-02
    1.9879990001E-02    9.9813773286E-01    4.3820373025E-01   -2.0116839483E+03    3.2487966193E-02
    1.9919990001E-02    1.1800776426E+00   -3.6779165846E-01   -2.0163328176E+03    4.3188080819E-02
    1.9959990001E-02    7.7531575503E-01    1.5129612640E-03   -2.0203123323E+03    3.7346884600E-02
    1.9999990001E-02    1.1380739917E+00    1.5846090620E-01   -2.0239919395E+03    3.5085539006E-02
    2.0039990001E-02    1.1145117784E+00   -3.7912469450E-01   -2.0284336495E+03    4.4362931638E-02
    2.0079990001E-02    6.0738127239E-01    1.4263196748E-01   -2.0323102282E+03    5.3188563968E-02
    2.0119990001E-02    1.2228061436E+00    1.6622338083E-02   -2.0363962190E+03    2.0014372037E-02
    2.0159990001E-02    1.1242587338E+00   -1.5279000339E-01   -2.0406537046E+03    1.6412968225E-02
    2.0199990001E-02    7.1191552569E-01    1.9755194435E-01   -2.0443284993E+03    4.6345957428E-02
    2.0239990001E-02    1.2568258994E+00    1.2005361793E-01   -2.0485852178E+03    5.3838818191E-02
    2.0279990001E-02    9.4915618330E-01   -2.5938573291E-01   -2.0530038768E+03    4.0257418506E-02
    2.0319990001E-02    9.9643322217E-01    1.4969231707E-01   -2.0565192883E+03    2.6257391273E-02
    2.0359990001E-02    1.2529978538E+00    8.3362824054E-02   -2.0607388719E+03    3.3004257660E-02
    2.0399990001E-02    7.1266029756E-01   -3.5046635316E-01   -2.0651548707E+03    4.4529371586E-02
    2.0439990001E-02    9.7660500708E-01    3.4277095245E-01   -2.0688493555E+03    2.2726534171E-02
    2.0479990001E-02    1.2020230464E+00    5.3376862216E-02   -2.0730637923E+03    2.6253172801E-02
    2.0519990001E-02    7.0504203402E-01   -2.2756917626E-01   -2.0771231335E+03    4.9307092022E-02
    2.0559990001E-02    1.0247958800E+00    4.6093085000E-01   -2.0809214678E+03    5.0315436487E-02
    2.0599990001E-02    1.1355843691E+00   -3.1650149711E-01   -2.0854944125E+03    2.9115400210E-02
    2.0639990001E-02    8.6588873571E-01   -5.5589145795E-02   -2.0892970822E+03    1.0161495551E-02
    2.0679990001E-02    1.0795288194E+00    4.0013784324E-01   -2.0930766182E+03    2.8970346045E-02
    2.0719990001E-02    1.1107339688E+00   -4.3524017530E-01   -2.0977269418E+03    4.7213381279E-02
    2.0759990001E-02    7.2968185874E-01    1.0677266271E-01   -2.1016120313E+03    4.2678135160E-02
    2.0799990001E-02    1.1741573304E+00    8.0694424833E-02   -2.1054395620E+03    3.2091412055E-02
    2.0839990001E-02    1.0318723262E+00   -3.9933881638E-01   -2.1098025714E+03    3.9049272464E-02
    2.0879990001E-02    6.4239292153E-01    2.6567684751E-01   -2.1135729289E+03    5.2165575068E-02
    2.0919990001E-02    1.2392167091E+00   -4.7820742234E-02   -2.1178358188E+03    2.2895653653E-02
    2.0959990001E-02    1.0751234607E+00   -1.5492526730E-01   -2.1220564503E+03    1.7762029492E-02
    2.0999990001E-02    8.0882998761E-01    2.6835045479E-01   -2.1256441169E+03    4.3529544967E-02
    2.1039990001E-02    1.2667429036E+00   -7.6926147159E-03   -2.1300137092E+03    5.6391710934E-02
    2.1079990001E-02    8.4538735481E-01   -2.4325441377E-01   -2.1343583708E+03    4.3189565595E-02
    2.1119990001E-02    1.0729214207E+00    1.4011811267E-01   -2.1379111612E+03    2.3043352592E-02
    2.1159990001E-02    1.2439800013E+00   -6.4709624808E-03   -2.1421734426E+03    2.7708892705E-02
    2.1199990001E-02    6.3353653785E-01   -2.5399012250E-01   -2.1464442704E+03    4.9202452495E-02
    2.1239990001E-02    1.0467216538E+00    3.6618086562E-01   -2.1502077226E+03    2.9957894671E-02
    2.1279990001E-02    1.1849951186E+00   -2.6937656100E-02   -2.1545251009E+03    2.8923846867E-02
    2.1319990001E-02    7.0212762737E-01   -1.1026235216E-01   -2.1583975882E+03    4.7273749008E-02
    2.1359990001E-02    1.1168941300E+00    4.2688579520E-01   -2.1622931788E+03    5.0114919993E-02
    2.1399990001E-02    1.0787288291E+00   -3.6949439937E-01   -2.1669135643E+03    3.0462455733E-02
    2.1439990001E-02    8.7785483988E-01    3.7404791077E-02   -2.1706518111E+03    9.2497151007E-03
    2.1479990001E-02    1.1380539534E+00    3.4849405913E-01   -2.1744954135E+03    2.7000486229E-02
    2.1519990001E-02    1.0204851704E+00   -4.7010454769E-01   -2.1791074757E+03    4.9894121585E-02
    2.1559990001E-02    7.2659658685E-01    2.1801448534E-01   -2.1829049484E+03    4.6426681310E-02
    2.1599990001E-02    1.1939846191E+00    3.0854383020E-04   -2.1869052462E+03    2.9476822624E-02
    2.1639990001E-02    9.5237985909E-01   -3.7892519440E-01   -2.1911611319E+03    3.3193439048E-02
    2.1679990001E-02    7.1404685702E-01    3.6477608627E-01   -2.1948685034E+03    4.8702079709E-02
    2.1719990001E-02    1.2451188517E+00   -1.2409632920E-01   -2.1992827981E+03    2.6307468360E-02
    2.1759990001E-02    1.0148044727E+00   -1.4630466258E-01   -2.2034560004E+03    1.9799035081E-02
    2.1799990001E-02    9.1056871736E-01    2.9624787286E-01   -2.2070011412E+03    4.0858803933E-02
    2.1839990001E-02    1.2579708681E+00   -1.3232695604E-01   -2.2114511553E+03    5.5481384028E-02
    2.1879990001E-02    7.5044333078E-01   -1.8474051682E-01   -2.2156957292E+03    4.6164393392E-02
    2.1919990001E-02    1.1279637276E+00    1.1685830251E-01   -2.2193298093E+03    2.1030746049E-02
    2.1959990001E-02    1.2238220930E+00   -7.7430413340E-02   -2.2236132311E+03    2.2812176325E-02
    2.1999990001E-02    5.9173046271E-01   -1.3797681286E-01   -2.2277241030E+03    5.1724366238E-02
    2.2039990001E-02    1.1187367287E+00    3.5088260588E-01   -2.2315940107E+03    3.6942302852E-02
    2.2079990001E-02    1.1556652464E+00   -9.9529505960E-02   -2.2359857007E+03    3.2427472694E-02
    2.2119990001E-02    7.3949602242E-01   -3.7406026158E-03   -2.2397022499E+03    4.3925869824E-02
    2.2159990001E-02    1.1849100270E+00    3.6096252398E-01   -2.2436991596E+03    4.8927927360E-02
    2.2199990001E-02    1.0047333893E+00   -4.0551165677E-01   -2.2483254445E+03    3.2464557261E-02
    2.2239990001E-02    8.8995749395E-01    1.2420411104E-01   -2.2520200165E+03    9.4925639528E-03
    2.2279990001E-02    1.1765661962E+00    2.8920086433E-01   -2.2559363120E+03    2.5944255673E-02
    2.2319990001E-02    9.2166894868E-01   -4.6531429398E-01   -2.2604727839E+03    5.1320369120E-02
    2.2359990001E-02    7.6344924842E-01    3.1883305187E-01   -2.2642071944E+03    4.8538013631E-02
    2.2399990001E-02    1.2005625855E+00   -8.0484169143E-02   -2.2683822810E+03    2.7889541888E-02
    2.2439990001E-02    8.9124146147E-01   -3.2470488715E-01   -2.2725151958E+03    2.6418544622E-02
    2.2479990001E-02    8.0574338383E-01    4.2766774903E-01   -2.2762027058E+03    4.3169611253E-02
    2.2519990001E-02    1.2392422294E+00   -2.0408026215E-01   -2.2807324559E+03    2.9951019859E-02
    2.2559990001E-02    9.4078444891E-01   -1.2369062051E-01   -2.2848514228E+03    2.2828243915E-02
    2.2599990001E-02    1.0027922643E+00    2.8326217011E-01   -2.2883954065E+03    3.8541917393E-02
    2.2639990001E-02    1.2308649906E+00   -2.3900724694E-01   -2.2928870306E+03    5.2656026222E-02
    2.2679990001E-02    6.7481047706E-01   -9.6310816454E-02   -2.2970187607E+03    4.8885260820E-02
    2.2719990001E-02    1.1674696737E+00    8.8591494689E-02   -2.3007710127E+03    1.9482685960E-02
    2.2759990001E-02    1.1964334521E+00   -1.2325152048E-01   -2.3050584257E+03    1.8926027940E-02
    2.2799990001E-02    5.9131606266E-01   -2.0695148884E-02   -2.3090136703E+03    5.2025747102E-02
    2.2839990001E-02    1.1794156174E+00    3.0466890330E-01   -2.3130091014E+03    4.3677421878E-02
    2.2879990001E-02    1.1123684737E+00   -1.6424188068E-01   -2.3174441921E+03    3.6076104105E-02
    2.2919990001E-02    8.0617942573E-01    7.8229290675E-02   -2.3210468963E+03    3.9913844801E-02
    2.2959990001E-02    1.2275182596E+00    2.7834868614E-01   -2.3251338209E+03    4.6684252246E-02
    2.2999990001E-02    9.1700936439E-01   -4.2089864651E-01   -2.3297318978E+03    3.5608673854E-02
    2.3039990001E-02    9.0637856730E-01    2.0263673684E-01   -2.3334028015E+03    1.1561074739E-02
    2.3079990001E-02    1.1983015915E+00    2.2527189319E-01   -2.3373976405E+03    2.5792512801E-02
    2.3119990001E-02    8.2944185659E-01   -4.2333254906E-01   -2.3418232361E+03    5.2187561719E-02
    2.3159990001E-02    8.2926746976E-01    3.9752243862E-01   -2.3455331240E+03    5.0111765108E-02
    2.3199990001E-02    1.1947364826E+00   -1.5901461334E-01   -2.3498640408E+03    2.8117311532E-02
    2.3239990001E-02    8.5717614035E-01   -2.5061749761E-01   -2.3538730189E+03    2.0463114942E-02
    2.3279990001E-02    9.0089186738E-01    4.5378878424E-01   -2.3575739954E+03    3.7831755526E-02
    2.3319990001E-02    1.2198327902E+00   -2.8487982140E-01   -2.3621827164E+03    3.4791544482E-02
    2.3359990001E-02    8.6259582708E-01   -7.8685520370E-02   -2.3662394711E+03    2.8019019473E-02
    2.3399990001E-02    1.0748625184E+00    2.4191482484E-01   -2.3698227247E+03    3.7049683044E-02
    2.3439990001E-02    1.1858952487E+00   -3.2197803587E-01   -2.3743182818E+03    4.9685519771E-02
    2.3479990001E-02    6.2643705052E-01    9.9997903687E-03   -2.3783321800E+03    5.1555220221E-02
    2.3519990001E-02    1.1968089519E+00    5.4380590701E-02   -2.3822273157E+03    1.9001036973E-02
    2.3559990001E-02    1.1645572984E+00   -1.5127267947E-01   -2.3865073200E+03    1.6620177954E-02
    2.3599990001E-02    6.2597914428E-01    8.8735937472E-02   -2.3903263032E+03    5.0244796226E-02
    2.3639990001E-02    1.2242261096E+00    2.3249628905E-01   -2.3944475348E+03    4.9018155669E-02
    2.3679990001E-02    1.0538657012E+00   -2.1544382800E-01   -2.3988925402E+03    3.8465260503E-02
    2.3719990001E-02    8.8799923509E-01    1.2962071477E-01   -2.4024280907E+03    3.5199790773E-02
    2.3759990001E-02    1.2492852656E+00    1.8796186154E-01   -2.4065896941E+03    4.2768862306E-02
    2.3799990001E-02    8.2380680773E-01   -4.0804418055E-01   -2.4111276989E+03    3.9471409554E-02
    2.3839990001E-02    9.3117254139E-01    2.6994030957E-01   -2.4147938617E+03    1.4985856697E-02
    2.3879990001E-02    1.2074690055E+00    1.5806894415E-01   -2.4188771520E+03    2.5745862940E-02
    2.3919990001E-02    7.5545804574E-01   -3.5229476821E-01   -2.4231641960E+03    5.2190955320E-02
    2.3959990001E-02    9.1109722541E-01    4.4583251827E-01   -2.4268910473E+03    5.0968566707E-02
    2.3999990001E-02    1.1771485459E+00   -2.2875928297E-01   -2.4313447322E+03    2.9217102075E-02
    2.4039990001E-02    8.4874638127E-01   -1.6933652048E-01   -2.4352457468E+03    1.5809429669E-02
    2.4079990001E-02    9.8723099380E-01    4.4896732524E-01   -2.4389796805E+03    3.3554877785E-02
    2.4119990001E-02    1.1844257161E+00   -3.5972761573E-01   -2.4436324094E+03    4.0243284499E-02
    2.4159990001E-02    7.9519437010E-01   -1.1412358036E-02   -2.4476194709E+03    3.4012937747E-02
    2.4199990001E-02    1.1259109573E+00    1.8633523298E-01   -2.4512798721E+03    3.5742050311E-02
    2.4239990001E-02    1.1262443291E+00   -3.7798743296E-01   -2.4557464847E+03    4.6601302234E-02
    2.4279990001E-02    6.1144130143E-01    1.2105089785E-01   -2.4596482163E+03    5.3309060363E-02
    2.4319990001E-02    1.2183966652E+00    1.2125259467E-02   -2.4636971181E+03    1.9674144419E-02
    2.4359990001E-02    1.1294290579E+00   -1.6502981024E-01   -2.4679575914E+03    1.5791299850E-02
    2.4399990001E-02    6.8518967574E-01    1.8209309786E-01   -2.4716674180E+03    4.7552510681E-02
    2.4439990001E-02    1.2522548901E+00    1.4122320371E-01   -2.4759045137E+03    5.3082365711E-02
    2.4479990001E-02    9.8034959613E-01   -2.4537386250E-01   -2.4803272250E+03    4.0193001382E-02
    2.4519990001E-02    9.6963276955E-01    1.5090691781E-01   -2.4838395652E+03    3.0123515237E-02
    2.4559990001E-02    1.2555571843E+00    9.8372869155E-02   -2.4880599766E+03    3.7523789855E-02
    2.4599990001E-02    7.3607417751E-01   -3.6467558060E-01   -2.4925091216E+03    4.3369458538E-02
    2.4639990001E-02    9.6937746093E-01    3.2107571258E-01   -2.4961932832E+03    1.9382935671E-02
    2.4679990001E-02    1.2065222062E+00    8.8228402856E-02   -2.5003714234E+03    2.5777751559E-02
    2.4719990001E-02    7.0845445203E-01   -2.6274373969E-01   -2.5045024304E+03    5.0999649565E-02
    2.4759990001E-02    9.9679262817E-01    4.6114451018E-01   -2.5082808357E+03    5.0929051733E-02
    2.4799990001E-02    1.1486455610E+00   -2.8835149702E-01   -2.5128227313E+03    2.9917643363E-02
    2.4839990001E-02    8.5696243235E-01   -8.8730847203E-02   -2.5166423444E+03    1.2245241731E-02
    2.4879990001E-02    1.0581493934E+00    4.2078247897E-01   -2.5204174471E+03    3.0003529481E-02
    2.4919990001E-02    1.1330042716E+00   -4.1890541944E-01   -2.5250803566E+03    4.4764488660E-02
    2.4959990001E-02    7.4807528646E-01    7.0442552804E-02   -2.5289945424E+03    3.9394937360E-02
    2.4999990001E-02    1.1610339056E+00    1.2198549215E-01   -2.5327648009E+03    3.3601514486E-02
    2.5039990001E-02    1.0588635900E+00   -4.0316985119E-01   -2.5371729644E+03    4.2574803104E-02
    2.5079990001E-02    6.2840750169E-01    2.2497292401E-01   -2.5409809393E+03    5.3232341986E-02
    2.5119990002E-02    1.2332713524E+00   -3.4235274869E-02   -2.5451804540E+03    2.1255201583E-02
    2.5159990002E-02    1.0919895810E+00   -1.6466883709E-01   -2.5494133191E+03    1.6088200370E-02
    2.5199990002E-02    7.6240769378E-01    2.4984241084E-01   -2.5530409641E+03    4.4411714399E-02
    2.5239990002E-02    1.2648656945E+00    4.1152016939E-02   -2.5573758327E+03    5.5198176637E-02
    2.5279990002E-02    8.9521053408E-01   -2.4975869010E-01   -2.5617514506E+03    4.1618950015E-02
    2.5319990002E-02    1.0397879025E+00    1.4882145796E-01   -2.5652815266E+03    2.5161026956E-02
    2.5359990002E-02    1.2502513105E+00    2.2182360839E-02   -2.5695396272E+03    3.1038476708E-02
    2.5399990002E-02    6.6494570333E-01   -2.9711027393E-01   -2.5738791962E+03    4.6596471811E-02
    2.5439990002E-02    1.0173694428E+00    3.5371625281E-01   -2.5776083350E+03    2.4956046656E-02
    2.5479990002E-02    1.1959633072E+00    1.5765483584E-02   -2.5818787829E+03    2.6802427356E-02
    2.5519990002E-02    6.9471757767E-01   -1.6630269882E-01   -2.5858481795E+03    4.8506929757E-02
    2.5559990002E-02    1.0752628308E+00    4.4657718534E-01   -2.5896990012E+03    5.0096234222E-02
    2.5599990002E-02    1.1094957091E+00   -3.4034758982E-01   -2.5942993020E+03    2.9874904139E-02
    2.5639990002E-02    8.6997588051E-01   -1.0823788673E-02   -2.5980658641E+03    9.6145084784E-03
    2.5679990002E-02    1.1112360872E+00    3.7882875750E-01   -2.6018836442E+03    2.7712322633E-02
    2.5719990002E-02    1.0691650576E+00   -4.5696168784E-01   -2.6065258442E+03    4.8237382759E-02
    2.5759990002E-02    7.2534526668E-01    1.5816203462E-01   -2.6103703185E+03    4.4072157808E-02
    2.5799990002E-02    1.1842508631E+00    4.9319160389E-02   -2.6142753172E+03    3.0935297965E-02
    2.5839990002E-02    9.9426685584E-01   -3.9706057783E-01   -2.6185998427E+03    3.7130807648E-02
    2.5879990002E-02    6.7056893227E-01    3.1271143922E-01   -2.6223411182E+03    5.1092177173E-02
    2.5919990002E-02    1.2426391773E+00   -8.1571695742E-02   -2.6266747889E+03    2.4050731002E-02
    2.5959990002E-02    1.0516878287E+00   -1.5391634562E-01   -2.6308773479E+03    1.8239664048E-02
    2.5999990002E-02    8.4825766099E-01    2.8583839406E-01   -2.6344482217E+03    4.2412436270E-02
    2.6039990002E-02    1.2654568517E+00   -5.8103445942E-02   -2.6388574584E+03    5.6358128237E-02
    2.6079990002E-02    8.0872343497E-01   -2.2482132908E-01   -2.6431678957E+03    4.4287306011E-02
    2.6119990002E-02    1.0951057697E+00    1.3251192614E-01   -2.6467493101E+03    2.2335537369E-02
    2.6159990002E-02    1.2379669634E+00   -3.5180290520E-02   -2.6510249832E+03    2.6013693875E-02
    2.6199990002E-02    6.1427707063E-01   -2.1494038501E-01   -2.6552438346E+03    5.0361651496E-02
    2.6239990002E-02    1.0715404829E+00    3.6499730247E-01   -2.6590436501E+03    3.2329624853E-02
    2.6279990002E-02    1.1768443078E+00   -5.1360133555E-02   -2.6633915886E+03    3.0045690387E-02
    2.6319990002E-02    7.1015059135E-01   -7.5114633430E-02   -2.6672139169E+03    4.6353965332E-02
    2.6359990002E-02    1.1401398073E+00    4.0979876565E-01   -2.6711443797E+03    4.9867203699E-02
    2.6399990002E-02    1.0587096157E+00   -3.8255508374E-01   -2.6757736570E+03    3.0941884783E-02
    2.6439990002E-02    8.8111087265E-01    6.2966750570E-02   -2.6795019771E+03    9.2445678813E-03
    2.6479990002E-02    1.1499858036E+00    3.3258879696E-01   -2.6833669634E+03    2.6755387820E-02
    2.6519990002E-02    9.9531911612E-01   -4.7261817504E-01   -2.6879643275E+03    5.0507567845E-02
    2.6559990002E-02    7.3130094544E-01    2.4500342916E-01   -2.6917466181E+03    4.7324959198E-02
    2.6599990002E-02    1.1969586491E+00   -2.1907600787E-02   -2.6957961624E+03    2.8906531509E-02
    2.6639990002E-02    9.3797483773E-01   -3.6755044914E-01   -2.7000252981E+03    3.1160899234E-02
    2.6679990002E-02    7.3202195971E-01    3.8072189529E-01   -2.7037280803E+03    4.7401927990E-02
    2.6719990002E-02    1.2455756543E+00   -1.3742295372E-01   -2.7081728521E+03    2.7421866628E-02
    2.6759990002E-02    1.0008765170E+00   -1.4285229747E-01   -2.7123420913E+03    2.0762781178E-02
    2.6799990002E-02    9.3097109029E-01    2.9354611851E-01   -2.7158855348E+03    4.0435138355E-02
    2.6839990002E-02    1.2547052072E+00   -1.5046263349E-01   -2.7203455208E+03    5.5052626769E-02
    2.6879990002E-02    7.3342272463E-01   -1.7385329652E-01   -2.7245769704E+03    4.6692307216E-02
    2.6919990002E-02    1.1346781230E+00    1.1533146379E-01   -2.7282349114E+03    2.0295982243E-02
    2.6959990002E-02    1.2206553361E+00   -7.7543332024E-02   -2.7325187522E+03    2.1758607181E-02
    2.6999990002E-02    5.9124958749E-01   -1.2497195555E-01   -2.7366113063E+03    5.2057926413E-02
    2.7039990002E-02    1.1250892943E+00    3.5160304929E-01   -2.7404994044E+03    3.8763515084E-02
    2.7079990002E-02    1.1498240201E+00   -1.1351475070E-01   -2.7449063750E+03    3.3276654343E-02
    2.7119990002E-02    7.4899513213E-01    3.9151912790E-03   -2.7486098082E+03    4.2822192609E-02
    2.7159990002E-02    1.1879175458E+00    3.5707806745E-01   -2.7526150422E+03    4.8095097382E-02
    2.7199990002E-02    9.9868596860E-01   -4.1260351739E-01   -2.7572475333E+03    3.2445716079E-02
    2.7239990002E-02    8.8616294301E-01    1.3236212995E-01   -2.7609507172E+03    9.8099265045E-03
    2.7279990002E-02    1.1764629478E+00    2.8166550499E-01   -2.7648679472E+03    2.6274893112E-02
    2.7319990002E-02    9.2028372176E-01   -4.6252035771E-01   -2.7693960200E+03    5.1115880441E-02
    2.7359990002E-02    7.6113274872E-01    3.2244492274E-01   -2.7731333166E+03    4.8917785069E-02
    2.7399990002E-02    1.2015035961E+00   -9.2389741649E-02   -2.7773262860E+03    2.7277448881E-02
    2.7439990002E-02    8.9888259462E-01   -3.1853648193E-01   -2.7814564043E+03    2.4086704246E-02
    2.7479990002E-02    8.0306231120E-01    4.2262266551E-01   -2.7851445869E+03    4.2147248466E-02
    2.7519990002E-02    1.2419771522E+00   -1.9423161393E-01   -2.7896739401E+03    3.1336255748E-02
    2.7559990002E-02    9.3822167554E-01   -1.2672534763E-01   -2.7938092218E+03    2.4358460534E-02
    2.7599990002E-02    1.0056085387E+00    2.7355584975E-01   -2.7973514578E+03    3.8496475983E-02
    2.7639990002E-02    1.2332065407E+00   -2.2793054479E-01   -2.8018348205E+03    5.2191414130E-02
    2.7679990002E-02    6.7127325137E-01   -1.0671258095E-01   -2.8059813200E+03    4.8625421970E-02
    2.7719990002E-02    1.1634088394E+00    1.0308570056E-01   -2.8097369566E+03    1.8423445296E-02
    2.7759990002E-02    1.2013769397E+00   -9.9741836757E-02   -2.8140232338E+03    1.8765646866E-02
    2.7799990002E-02    5.9547214399E-01   -3.8120339382E-02   -2.8179942259E+03    5.2274144026E-02
    2.7839990002E-02    1.1709040722E+00    3.2136850492E-01   -2.8219763805E+03    4.4704564228E-02
    2.7879990002E-02    1.1133634544E+00   -1.7199890869E-01   -2.8264246867E+03    3.6285294448E-02
    2.7919990002E-02    8.0511905927E-01    6.4249227294E-02   -2.8300401695E+03    3.8451159760E-02
    2.7959990002E-02    1.2191775166E+00    2.9865066530E-01   -2.8341074733E+03    4.4909560732E-02
    2.7999990002E-02    9.3223018776E-01   -4.3074412506E-01   -2.8387236068E+03    3.4969069964E-02
    2.8039990002E-02    8.9004750483E-01    1.9744593503E-01   -2.8424126018E+03    1.2445859543E-02
    2.8079990002E-02    1.1923238536E+00    2.2848156085E-01   -2.8463860396E+03    2.6854056730E-02
    2.8119990002E-02    8.5169164507E-01   -4.3186745077E-01   -2.8508234533E+03    5.1991145464E-02
    2.8159990002E-02    8.0739094754E-01    3.8664012908E-01   -2.8545394499E+03    5.0867025721E-02
    2.8199990002E-02    1.1982080229E+00   -1.6049230595E-01   -2.8588616455E+03    2.7539605777E-02
    2.8239990002E-02    8.7847252127E-01   -2.6079852483E-01   -2.8628974034E+03    1.8734907329E-02
    2.8279990002E-02    8.7381300081E-01    4.4279168522E-01   -2.8665889364E+03    3.8334711842E-02
    2.8319990002E-02    1.2313844944E+00   -2.5491675663E-01   -2.8711800275E+03    3.7029312071E-02
    2.8359990002E-02    8.7316212499E-01   -9.6938003745E-02   -2.8752749172E+03    3.0272782504E-02
    2.8399990002E-02    1.0649593851E+00    2.3581804769E-01   -2.8788424004E+03    3.7873511969E-02
    2.8439990002E-02    1.2025888952E+00   -2.9114615666E-01   -2.8833265472E+03    4.9938683789E-02
    2.8479990002E-02    6.2708714125E-01   -2.8705473219E-02   -2.8873849615E+03    5.1227347617E-02
    2.8519990002E-02    1.1866488354E+00    8.7352809805E-02   -2.8912483763E+03    1.8169779035E-02
    2.8559990002E-02    1.1805740389E+00   -1.1567134115E-01   -2.8955336594E+03    1.7456651548E-02
    2.8599990002E-02    6.2029414247E-01    4.4506845685E-02   -2.8993937329E+03    5.1133435622E-02
    2.8639990002E-02    1.2082945824E+00    2.7363070752E-01   -2.9034686931E+03    4.9047030734E-02
    2.8679990002E-02    1.0682974927E+00   -2.1927285440E-01   -2.9079355106E+03    3.8091898585E-02
    2.8719990002E-02    8.6843485183E-01    1.0650783753E-01   -2.9114956629E+03    3.3631134938E-02
    2.8759990002E-02    1.2381900346E+00    2.3669587474E-01   -2.9156148583E+03    4.0580150483E-02
    2.8799990002E-02    8.6299317718E-01   -4.3074916641E-01   -2.9201937947E+03    3.8172731005E-02
    2.8839990002E-02    8.9891146363E-01    2.5627705592E-01   -2.9238751509E+03    1.6109126449E-02
    2.8879990002E-02    1.2011635161E+00    1.7238749014E-01   -2.9279189029E+03    2.6803025996E-02
    2.8919990002E-02    7.9426132047E-01   -3.8413798819E-01   -2.9322510606E+03    5.1663664057E-02
    2.8959990002E-02    8.6464477906E-01    4.3229331273E-01   -2.9359692884E+03    5.1549604378E-02
    2.8999990002E-02    1.1883940123E+00   -2.1883996444E-01   -2.9403971598E+03    2.7914137117E-02
    2.9039990002E-02    8.7178302816E-01   -2.0039953643E-01   -2.9443556528E+03    1.4477504133E-02
    2.9079990002E-02    9.4061422350E-01    4.4264278571E-01   -2.9480607118E+03    3.4936263257E-02
    2.9119990002E-02    1.2118181558E+00   -3.1306583812E-01   -2.9526899084E+03    4.1991743312E-02
    2.9159990002E-02    8.1292495590E-01   -5.4482360126E-02   -2.9567377410E+03    3.5647446934E-02
    2.9199990002E-02    1.1094338152E+00    1.8964029556E-01   -2.9603568479E+03    3.6614434541E-02
    2.9239990002E-02    1.1644733069E+00   -3.3708686917E-01   -2.9648226671E+03    4.6495806857E-02
    2.9279990002E-02    6.0330186057E-01    5.1341152207E-02   -2.9687947848E+03    5.2575895250E-02
    2.9319990002E-02    1.2052119069E+00    6.9982640097E-02   -2.9727698096E+03    1.8723142596E-02
    2.9359990002E-02    1.1584626583E+00   -1.2474700882E-01   -2.9770512011E+03    1.7275724083E-02
    2.9399990002E-02    6.6193257661E-01    1.1735131585E-01   -2.9808144606E+03    4.8949524432E-02
    2.9439990002E-02    1.2354998402E+00    2.1480410443E-01   -2.9849745496E+03    5.1952876790E-02
    2.9479990002E-02    1.0134541146E+00   -2.5588214465E-01   -2.9894416691E+03    3.8957604709E-02
    2.9519990002E-02    9.3216839158E-01    1.3146163002E-01   -2.9929764670E+03    2.7930040130E-02
    2.9559990002E-02    1.2468398462E+00    1.7799450688E-01   -2.9971349013E+03    3.4938023387E-02
    2.9599990002E-02    7.9718502292E-01   -4.1340176737E-01   -3.0016592953E+03    4.1416802894E-02
    2.9639990002E-02    9.1504769351E-01    3.0833699078E-01   -3.0053433328E+03    2.0779234159E-02
    2.9679990002E-02    1.2035055296E+00    1.1158261472E-01   -3.0094673206E+03    2.6741381716E-02
    2.9719990002E-02    7.5260463568E-01   -3.2477733019E-01   -3.0136814197E+03    5.0306691366E-02
    2.9759990002E-02    9.2538134916E-01    4.5952575965E-01   -3.0174220821E+03    5.1340709053E-02
    2.9799990002E-02    1.1734847270E+00   -2.7071593322E-01   -3.0219353457E+03    2.7654241516E-02
    2.9839990002E-02    8.7477718867E-01   -1.3996759651E-01   -3.0258387213E+03    1.1159702501E-02
    2.9879990002E-02    9.9844863241E-01    4.2547930407E-01   -3.0295594095E+03    3.2336888386E-02
    2.9919990002E-02    1.1847159797E+00   -3.6246138115E-01   -3.0342041702E+03    4.6207728351E-02
    2.9959990002E-02    7.6197884608E-01   -2.5485129941E-03   -3.0382030610E+03    4.0652753195E-02
    2.9999990002E-02    1.1431351953E+00    1.3533347149E-01   -3.0418961608E+03    3.4619210662E-02
    3.0039990002E-02    1.1233348049E+00   -3.6348140960E-01   -3.0463243302E+03    4.1982264600E-02
    3.0079990002E-02    5.9698548790E-01    1.2659058661E-01   -3.0502182553E+03    5.2822622315E-02
    3.0119990002E-02    1.2204332361E+00    5.3812109869E-02   -3.0543030393E+03    2.0571796459E-02
    3.0159990002E-02    1.1353766222E+00   -1.2684110352E-01   -3.0585787921E+03    1.8494855858E-02
    3.0199990002E-02    7.1608905686E-01    1.7504760540E-01   -3.0622589125E+03    4.6935101305E-02
    3.0239990002E-02    1.2533547430E+00    1.5103357610E-01   -3.0664925238E+03    5.4424755644E-02
    3.0279990002E-02    9.4967105593E-01   -2.7915781233E-01   -3.0709453768E+03    4.0173051438E-02
    3.0319990002E-02    9.8972644862E-01    1.4241466537E-01   -3.0744808517E+03    2.3225236127E-02
    3.0359990002E-02    1.2484920023E+00    1.2984023821E-01   -3.0786653124E+03    2.9886483471E-02
    3.0399990002E-02    7.3854355205E-01   -3.8189415460E-01   -3.0831228565E+03    4.5303829498E-02
    3.0439990002E-02    9.4041066400E-01    3.5180262508E-01   -3.0868219019E+03    2.6848648946E-02
    3.0479990002E-02    1.1999864585E+00    4.8829019012E-02   -3.0910283884E+03    2.7712023037E-02
    3.0519990002E-02    7.2843305012E-01   -2.6019390350E-01   -3.0951195485E+03    4.8498743884E-02
    3.0559990002E-02    9.8481832388E-01    4.7000604224E-01   -3.0988970134E+03    5.0755539081E-02
    3.0599990002E-02    1.1537658156E+00   -3.1623743491E-01   -3.1034755733E+03    2.7247221012E-02
    3.0639990002E-02    8.7746986020E-01   -8.1569684263E-02   -3.1073414754E+03    9.2998617128E-03
    3.0679990002E-02    1.0467990863E+00    3.9814147613E-01   -3.1110786780E+03    3.0745739238E-02
    3.0719990002E-02    1.1501166216E+00   -4.0223266464E-01   -3.1157205636E+03    4.8790555365E-02
    3.0759990002E-02    7.2425681822E-01    5.6078192854E-02   -3.1196676849E+03    4.4540080540E-02
    3.0799990002E-02    1.1680503149E+00    7.8761899532E-02   -3.1234534715E+03    3.1704457270E-02
    3.0839990002E-02    1.0825605599E+00   -3.7200508765E-01   -3.1278310427E+03    3.6130266630E-02
    3.0879990002E-02    6.0768936684E-01    1.9448455727E-01   -3.1316570457E+03    5.1566067241E-02
    3.0919990002E-02    1.2332543529E+00    3.5394917351E-02   -3.1358433792E+03    2.3721845856E-02
    3.0959990002E-02    1.1086829844E+00   -1.3035049029E-01   -3.1401161454E+03    2.0674478833E-02
    3.0999990002E-02    7.7706001200E-01    2.1544026335E-01   -3.1437292127E+03    4.5175747966E-02
    3.1039990002E-02    1.2632587086E+00    8.5492122787E-02   -3.1480232032E+03    5.6130746625E-02
    3.1079990003E-02    8.8267250787E-01   -2.8553555658E-01   -3.1524487282E+03    4.1742525851E-02
    3.1119990003E-02    1.0349891925E+00    1.4801241045E-01   -3.1560051599E+03    2.0076777498E-02
    3.1159990003E-02    1.2458293185E+00    9.3288943305E-02   -3.1602067143E+03    2.6095621222E-02
    3.1199990003E-02    6.9027002432E-01   -3.3908906412E-01   -3.1645884167E+03    4.9341687752E-02
    3.1239990003E-02    9.7397405644E-01    3.8366822087E-01   -3.1683144826E+03    3.3485876663E-02
    3.1279990003E-02    1.1915486443E+00   -1.1939341332E-02   -3.1725987176E+03    2.9705132034E-02
    3.1319990003E-02    7.2117057867E-01   -1.9617415671E-01   -3.1765736454E+03    4.6279457814E-02
    3.1359990003E-02    1.0388883309E+00    4.6590294940E-01   -3.1803949190E+03    4.9701060195E-02
    3.1399990003E-02    1.1294122359E+00   -3.5555640065E-01   -3.1850192381E+03    2.7389874666E-02
    3.1439990003E-02    8.7612939325E-01   -2.5865726411E-02   -3.1888568717E+03    9.2348927494E-03
    3.1479990003E-02    1.0860044353E+00    3.6602496634E-01   -3.1926124760E+03    3.0192151238E-02
    3.1519990003E-02    1.1089868978E+00   -4.3208424485E-01   -3.1972371686E+03    5.0138393550E-02
    3.1559990003E-02    7.0154903776E-01    1.1842725100E-01   -3.2011315180E+03    4.7400872684E-02
    3.1599990003E-02    1.1859298483E+00    2.3823842944E-02   -3.2050217252E+03    2.8831096635E-02
    3.1639990003E-02    1.0451339855E+00   -3.6589629936E-01   -3.2093422321E+03    2.9751807344E-02
    3.1679990003E-02    6.3340753681E-01    2.5358144659E-01   -3.2131128207E+03    4.9140893948E-02
    3.1719990003E-02    1.2437499254E+00    1.0218994274E-02   -3.2173889027E+03    2.7799842650E-02
    3.1759990003E-02    1.0753412409E+00   -1.3928624796E-01   -3.2216599670E+03    2.3202548148E-02
    3.1799990003E-02    8.4033859738E-01    2.3858305624E-01   -3.2252236338E+03    4.3360714118E-02
    3.1839990003E-02    1.2666460076E+00    2.1342443187E-02   -3.2295648414E+03    5.6362692085E-02
    3.1879990003E-02    8.1770974550E-01   -2.7628044265E-01   -3.2339530234E+03    4.3180693277E-02
    3.1919990003E-02    1.0662400317E+00    1.5757295533E-01   -3.2375454257E+03    1.7449269594E-02
    3.1959990003E-02    1.2401791235E+00    6.6501829881E-02   -3.2417610416E+03    2.3017694037E-02
    3.1999990003E-02    6.5569648071E-01   -2.8837548718E-01   -3.2460595430E+03    5.2037288546E-02
    3.2039990003E-02    1.0114888873E+00    4.0246547428E-01   -3.2498225377E+03    3.9088023108E-02
    3.2079990003E-02    1.1787420239E+00   -7.1472986526E-02   -3.2541774950E+03    3.1777147355E-02
    3.2119990003E-02    7.2990734081E-01   -1.3624929966E-01   -3.2580495258E+03    4.2754957535E-02
    3.2159990003E-02    1.0840803765E+00    4.5070947905E-01   -3.2619141076E+03    4.7333874413E-02
    3.2199990003E-02    1.1019107173E+00   -3.9020071904E-01   -3.2665687969E+03    2.8054289211E-02
    3.2239990003E-02    8.6647914671E-01    2.6872641245E-02   -3.2703861664E+03    1.0284421802E-02
    3.2279990003E-02    1.1172752621E+00    3.2795168793E-01   -3.2741620322E+03    3.0092086278E-02
    3.2319990003E-02    1.0644878584E+00   -4.4919977288E-01   -3.2787543410E+03    5.0203577120E-02
    3.2359990003E-02    6.9170492108E-01    1.8004960324E-01   -3.2825994115E+03    4.9151917821E-02
    3.2399990003E-02    1.1990867786E+00   -3.0049738352E-02   -3.2866017216E+03    2.6129684743E-02
    3.2439990003E-02    1.0164860144E+00   -3.4492006502E-01   -3.2908618726E+03    2.2973895950E-02
    3.2479990003E-02    6.6966150095E-01    2.9953877505E-01   -3.2945901553E+03    4.5961116250E-02
    3.2519990003E-02    1.2517618707E+00   -1.7742096713E-02   -3.2989412079E+03    3.2867891178E-02
    3.2559990003E-02    1.0336495890E+00   -1.5165730539E-01   -3.3032110758E+03    2.6644876565E-02
    3.2599990003E-02    9.0410392341E-01    2.4333925502E-01   -3.3067410997E+03    4.1453589206E-02
    3.2639990003E-02    1.2647400531E+00   -3.6805112990E-02   -3.3111145685E+03    5.4825909134E-02
    3.2679990003E-02    7.5687719781E-01   -2.5603041169E-01   -3.3154598563E+03    4.4319952131E-02
    3.2719990003E-02    1.0862230523E+00    1.7540926437E-01   -3.3190998506E+03    1.5169597303E-02
    3.2759990003E-02    1.2326627745E+00    5.0123714963E-02   -3.3233289692E+03    2.0980749458E-02
    3.2799990003E-02    6.3583340078E-01   -2.3507806672E-01   -3.3275398229E+03    5.3425901860E-02
    3.2839990003E-02    1.0485107303E+00    4.1064209893E-01   -3.3313465863E+03    4.3710499355E-02
    3.2879990003E-02    1.1613815665E+00   -1.3132027278E-01   -3.3357648206E+03    3.3574151908E-02
    3.2919990003E-02    7.5307219619E-01   -8.3398835646E-02   -3.3395509712E+03    3.7651787462E-02
    3.2959990003E-02    1.1187387879E+00    4.2936462561E-01   -3.3434521548E+03    4.3413988370E-02
    3.2999990003E-02    1.0729731350E+00   -4.2115063060E-01   -3.3481249695E+03    2.9681747089E-02
    3.3039990003E-02    8.4998039265E-01    7.6470874876E-02   -3.3519285974E+03    1.3490191039E-02
    3.3079990003E-02    1.1412279483E+00    2.8507862369E-01   -3.3557278662E+03    3.0868913599E-02
    3.3119990003E-02    1.0202882126E+00   -4.5581527161E-01   -3.3602747745E+03    5.0750716438E-02
    3.3159990003E-02    6.9279732158E-01    2.3899027758E-01   -3.3640777134E+03    5.1433871198E-02
    3.3199990003E-02    1.2082354549E+00   -8.2126008189E-02   -3.3681907682E+03    2.5171573009E-02
    3.3239990003E-02    9.9793663681E-01   -3.1589940318E-01   -3.3723923832E+03    1.8130532761E-02
    3.3279990003E-02    7.1018635331E-01    3.3379579643E-01   -3.3760901147E+03    4.4230773984E-02
    3.3319990003E-02    1.2577550521E+00   -5.1410034851E-02   -3.3805032598E+03    3.9768321833E-02
    3.3359990003E-02    9.8757250296E-01   -1.5978110126E-01   -3.3847659039E+03    3.1994717318E-02
    3.3399990003E-02    9.6188784139E-01    2.3306489840E-01   -3.3882795085E+03    4.0730587767E-02
    3.3439990003E-02    1.2593056643E+00   -8.8271120400E-02   -3.3926731502E+03    5.3378300351E-02
    3.3479990003E-02    7.0399132591E-01   -2.2611848690E-01   -3.3969711897E+03    4.6333436585E-02
    3.3519990003E-02    1.1020163127E+00    1.9375678489E-01   -3.4006616506E+03    1.4533405192E-02
    3.3559990003E-02    1.2245018149E+00    3.5085364269E-02   -3.4049047438E+03    2.0398359337E-02
    3.3599990003E-02    6.2692391157E-01   -1.7983460617E-01   -3.4090260306E+03    5.3699065275E-02
    3.3639990003E-02    1.0854462463E+00    4.0724538972E-01   -3.4128813072E+03    4.6912823184E-02
    3.3679990003E-02    1.1405227481E+00   -1.8327483643E-01   -3.4173495960E+03    3.4706200119E-02
    3.3719990003E-02    7.8338388773E-01   -3.7279629239E-02   -3.4210706102E+03    3.2107864829E-02
    3.3759990003E-02    1.1462943301E+00    4.0326883942E-01   -3.4250030193E+03    3.8768878223E-02
    3.3799990003E-02    1.0411943378E+00   -4.4466172964E-01   -3.4296800005E+03    3.2175845377E-02
    3.3839990003E-02    8.3049070106E-01    1.2282057022E-01   -3.4334693511E+03    1.7415696582E-02
    3.3879990003E-02    1.1600175246E+00    2.4057706426E-01   -3.4373071072E+03    3.0785329261E-02
    3.3919990003E-02    9.7794386280E-01   -4.5230715925E-01   -3.4418014391E+03    5.0309588377E-02
    3.3959990003E-02    7.0522614665E-01    2.9164206966E-01   -3.4455702016E+03    5.2610805702E-02
    3.3999990003E-02    1.2139671946E+00   -1.2467907075E-01   -3.4497832062E+03    2.4448022433E-02
    3.4039990003E-02    9.8649363921E-01   -2.8321672890E-01   -3.4539389491E+03    1.4416440121E-02
    3.4079990003E-02    7.5537612276E-01    3.5562464098E-01   -3.4576141822E+03    4.2159035171E-02
    3.4119990003E-02    1.2602000186E+00   -8.8666073912E-02   -3.4620743581E+03    4.5267846003E-02
    3.4159990003E-02    9.3773785341E-01   -1.6421425066E-01   -3.4663238114E+03    3.6446858189E-02
    3.4199990003E-02    1.0113045096E+00    2.1277469720E-01   -3.4698391678E+03    3.9153156614E-02
    3.4239990003E-02    1.2503910278E+00   -1.3016940081E-01   -3.4742413698E+03    4.9975928842E-02
    3.4279990003E-02    6.6103535485E-01   -1.9187891775E-01   -3.4784903647E+03    4.7577101780E-02
    3.4319990003E-02    1.1141992171E+00    2.1341691700E-01   -3.4822317326E+03    1.4748483261E-02
    3.4359990003E-02    1.2150410377E+00    2.0483187603E-02   -3.4864906960E+03    2.0526013213E-02
    3.4399990003E-02    6.3053082079E-01   -1.2580879404E-01   -3.4905224678E+03    5.2464658496E-02
    3.4439990003E-02    1.1186904768E+00    3.9549484060E-01   -3.4944268555E+03    4.8503981398E-02
    3.4479990003E-02    1.1157920804E+00   -2.3221712726E-01   -3.4989364175E+03    3.4595970295E-02
    3.4519990003E-02    8.1931062591E-01    1.6077104759E-03   -3.5026132795E+03    2.5419007445E-02
    3.4559990003E-02    1.1655899374E+00    3.7546251777E-01   -3.5065671321E+03    3.3056500975E-02
    3.4599990003E-02    1.0096197897E+00   -4.6057095869E-01   -3.5112366588E+03    3.5106233442E-02
    3.4639990003E-02    8.1027206120E-01    1.6775393463E-01   -3.5150139448E+03    2.2512144285E-02
    3.4679990003E-02    1.1746324591E+00    1.8944082867E-01   -3.5189025144E+03    3.0219939983E-02
    3.4719990003E-02    9.4080875630E-01   -4.3906925732E-01   -3.5233341765E+03    4.8698161936E-02
    3.4759990003E-02    7.2378157756E-01    3.3688795102E-01   -3.5270777253E+03    5.2792049901E-02
    3.4799990003E-02    1.2185491489E+00   -1.5830998646E-01   -3.5313818297E+03    2.3155095381E-02
    3.4839990003E-02    9.8362385219E-01   -2.4583622133E-01   -3.5355078862E+03    1.1854726514E-02
    3.4879990003E-02    8.0147731576E-01    3.6376871157E-01   -3.5391630932E+03    4.0481381268E-02
    3.4919990003E-02    1.2599946103E+00   -1.2280170534E-01   -3.5436545532E+03    4.9792832896E-02
    3.4959990003E-02    8.8605833196E-01   -1.6422002747E-01   -3.5478899501E+03    4.0230183530E-02
    3.4999990003E-02    1.0540279850E+00    1.8289630873E-01   -3.5514223949E+03    3.6729328369E-02
    3.5039990003E-02    1.2396512059E+00   -1.5808602820E-01   -3.5558190196E+03    4.5142592464E-02
    3.5079990003E-02    6.2539527982E-01   -1.5926329210E-01   -3.5600215616E+03    4.8669023276E-02
    3.5119990003E-02    1.1231520715E+00    2.3705196023E-01   -3.5638127002E+03    1.6436265164E-02
    3.5159990003E-02    1.2042701608E+00    7.1980684074E-03   -3.5680884214E+03    2.2045680273E-02
    3.5199990003E-02    6.4429380261E-01   -7.7200572671E-02   -3.5720332545E+03    5.1661778017E-02
    3.5239990003E-02    1.1472375809E+00    3.8070605204E-01   -3.5759841719E+03    5.0515397422E-02
    3.5279990003E-02    1.0871067907E+00   -2.7677336851E-01   -3.5805269511E+03    3.5117882043E-02
    3.5319990003E-02    8.5660938115E-01    3.2834968103E-02   -3.5841768835E+03    2.0099059350E-02
    3.5359990003E-02    1.1785131454E+00    3.5246542151E-01   -3.5881435212E+03    2.9225817354E-02
    3.5399990003E-02    9.7781708997E-01   -4.7239066247E-01   -3.5927986050E+03    3.9934464624E-02
    3.5439990003E-02    7.9569862116E-01    2.1136182402E-01   -3.5965647448E+03    2.9241396649E-02
    3.5479990003E-02    1.1847207272E+00    1.3671727648E-01   -3.6005110557E+03    3.0664396455E-02
    3.5519990003E-02    9.0935414430E-01   -4.2120361574E-01   -3.6048759977E+03    4.7502667373E-02
    3.5559990003E-02    7.4629674399E-01    3.7529348627E-01   -3.6086033684E+03    5.3286885077E-02
    3.5599990003E-02    1.2214806356E+00   -1.8539508601E-01   -3.6129845576E+03    2.2595333332E-02
    3.5639990003E-02    9.8077968297E-01   -2.1128207222E-01   -3.6170900747E+03    1.1066608149E-02
    3.5679990003E-02    8.4612446130E-01    3.6519822800E-01   -3.6207269096E+03    3.9403616035E-02
    3.5719990003E-02    1.2567671831E+00   -1.5731039281E-01   -3.6252404997E+03    5.2315613307E-02
    3.5759990003E-02    8.3807547763E-01   -1.5626309310E-01   -3.6294562582E+03    4.2740051101E-02
    3.5799990003E-02    1.0881379008E+00    1.5281134581E-01   -3.6330190192E+03    3.3317663788E-02
    3.5839990003E-02    1.2277316936E+00   -1.7674797745E-01   -3.6374034701E+03    3.9298654508E-02
    3.5879990003E-02    5.9929358697E-01   -1.2638008225E-01   -3.6415580757E+03    4.9366687956E-02
    3.5919990003E-02    1.1328089352E+00    2.5673916488E-01   -3.6453967492E+03    1.9390948716E-02
    3.5959990003E-02    1.1918208658E+00   -1.4054654172E-02   -3.6496971992E+03    2.3579215526E-02
    3.5999990003E-02    6.6519992083E-01   -3.4382552526E-02   -3.6535625354E+03    5.0292419409E-02
    3.6039990003E-02    1.1708327533E+00    3.6225685576E-01   -3.6575545408E+03    5.1522395574E-02
    3.6079990003E-02    1.0569110493E+00   -3.1359869280E-01   -3.6621209160E+03    3.5328248217E-02
    3.6119990003E-02    8.8736856476E-01    5.9902174775E-02   -3.6657599944E+03    1.6130864218E-02
    3.6159990003E-02    1.1867726483E+00    3.3169712609E-01   -3.6697344325E+03    2.6520336082E-02
    3.6199990003E-02    9.4761059943E-01   -4.7696276425E-01   -3.6743673141E+03    4.4534509463E-02
    3.6239990003E-02    7.8853439987E-01    2.5115292994E-01   -3.6781222475E+03    3.5450588991E-02
    3.6279990003E-02    1.1914895584E+00    8.4186990241E-02   -3.6821319734E+03    3.0850192102E-02
    3.6319990003E-02    8.8492884919E-01   -3.9914488311E-01   -3.6864310694E+03    4.5151997378E-02
    3.6359990003E-02    7.7041276844E-01    4.0465082604E-01   -3.6901493279E+03    5.2588698525E-02
    3.6399990003E-02    1.2235031362E+00   -2.0550006347E-01   -3.6945929507E+03    2.2405615973E-02
    3.6439990003E-02    9.7720850686E-01   -1.7930884382E-01   -3.6986857177E+03    1.1613957704E-02
    3.6479990003E-02    8.8887965755E-01    3.5938545323E-01   -3.7023041897E+03    3.8647851411E-02
    3.6519990003E-02    1.2510759004E+00   -1.8889360118E-01   -3.7068310475E+03    5.3285344026E-02
    3.6559990003E-02    7.9384577903E-01   -1.4267348600E-01   -3.7110247985E+03    4.4425667838E-02
    3.6599990003E-02    1.1155342561E+00    1.2493197082E-01   -3.7146285620E+03    2.9167485341E-02
    3.6639990003E-02    1.2158458906E+00   -1.8425251107E-01   -3.7189948001E+03    3.2649355253E-02
    3.6679990003E-02    5.8353973549E-01   -9.5482332277E-02   -3.7231012331E+03    4.9350903416E-02
    3.6719990003E-02    1.1428179398E+00    2.7329436189E-01   -3.7269853421E+03    2.3337105090E-02
    3.6759990003E-02    1.1771958535E+00   -4.2319637127E-02   -3.7313173970E+03    2.5329857066E-02
    3.6799990003E-02    6.9198822043E-01    1.6139427489E-03   -3.7351104671E+03    4.8456464557E-02
    3.6839990003E-02    1.1894919011E+00    3.4294252759E-01   -3.7391366636E+03    5.1688990270E-02
    3.6879990003E-02    1.0257766450E+00   -3.4576883945E-01   -3.7437209067E+03    3.5041880063E-02
    3.6919990003E-02    9.0716267851E-01    8.7162082096E-02   -3.7473639006E+03    1.2720098450E-02
    3.6959990003E-02    1.1906544899E+00    3.1277069132E-01   -3.7513417315E+03    2.4764752818E-02
    3.6999990003E-02    9.2164173258E-01   -4.7524607228E-01   -3.7559452802E+03    4.8275092731E-02
    3.7039990004E-02    7.8571068329E-01    2.8632404708E-01   -3.7596909694E+03    4.0877320238E-02
    3.7079990004E-02    1.1956859831E+00    2.8992992480E-02   -3.7637676337E+03    3.0687624145E-02
    3.7119990004E-02    8.6952971928E-01   -3.7416879001E-01   -3.7680019047E+03    4.1447594898E-02
    3.7159990004E-02    7.9233192746E-01    4.2543947899E-01   -3.7717155542E+03    5.0844719346E-02
    3.7199990004E-02    1.2259646889E+00   -2.1944531635E-01   -3.7762093962E+03    2.3127259328E-02
    3.7239990004E-02    9.7097587793E-01   -1.5088750802E-01   -3.7802970392E+03    1.3445295700E-02
    3.7279990004E-02    9.2973655825E-01    3.4498003409E-01   -3.7838958520E+03    3.8307004550E-02
    3.7319990004E-02    1.2438581162E+00   -2.1521856173E-01   -3.7884263869E+03    5.3496295915E-02
    3.7359990004E-02    7.5250376046E-01   -1.2605621819E-01   -3.7925985516E+03    4.5890800695E-02
    3.7399990004E-02    1.1379419522E+00    1.0036796466E-01   -3.7962515901E+03    2.5425346670E-02
    3.7439990004E-02    1.2060344032E+00   -1.7916273900E-01   -3.8005942249E+03    2.6663792946E-02
    3.7479990004E-02    5.7677894976E-01   -6.8526838222E-02   -3.8046550883E+03    4.9634736844E-02
    3.7519990004E-02    1.1531855387E+00    2.8742085005E-01   -3.8085815474E+03    2.8743580527E-02
    3.7559990004E-02    1.1604458642E+00   -7.5337824309E-02   -3.8129482438E+03    2.8041955330E-02
    3.7599990004E-02    7.2278272269E-01    3.0228277570E-02   -3.8166771963E+03    4.6338072635E-02
    3.7639990004E-02    1.2036489136E+00    3.2479325671E-01   -3.8207299254E+03    5.1147833681E-02
    3.7679990004E-02    9.9520668772E-01   -3.7356561197E-01   -3.8253278580E+03    3.4478626869E-02
    3.7719990004E-02    9.1432396020E-01    1.1696392458E-01   -3.8289843766E+03    1.0354579794E-02
    3.7759990004E-02    1.1919774590E+00    2.9369896351E-01   -3.8329636476E+03    2.4114786058E-02
    3.7799990004E-02    8.9983029498E-01   -4.6826086077E-01   -3.8375315317E+03    5.0589683355E-02
    3.7839990004E-02    7.8665483192E-01    3.1663963368E-01   -3.8412696734E+03    4.4900969346E-02
    3.7879990004E-02    1.1979988043E+00   -2.6277892335E-02   -3.8454146251E+03    2.9798073775E-02
    3.7919990004E-02    8.6353828997E-01   -3.4684406592E-01   -3.8495886697E+03    3.5979892849E-02
    3.7959990004E-02    8.1153250530E-01    4.3793792924E-01   -3.8532992000E+03    4.7812711726E-02
    3.7999990004E-02    1.2291820217E+00   -2.2687770754E-01   -3.8578312403E+03    2.5112053005E-02
    3.8039990004E-02    9.5917599685E-01   -1.2892074695E-01   -3.8619223894E+03    1.6897725058E-02
    3.8079990004E-02    9.6741976598E-01    3.2310974979E-01   -3.8655028393E+03    3.8491666211E-02
    3.8119990004E-02    1.2361486916E+00   -2.3612593358E-01   -3.8700288123E+03    5.3692413437E-02
    3.8159990004E-02    7.1531570450E-01   -1.0789091004E-01   -3.8741806473E+03    4.7634309669E-02
    3.8199990004E-02    1.1554045363E+00    8.2757292578E-02   -3.8778855052E+03    2.2982236976E-02
    3.8239990004E-02    1.1994569890E+00   -1.6404324790E-01   -3.8822041301E+03    2.2618172719E-02
    3.8279990004E-02    5.7695546399E-01   -4.5667102378E-02   -3.8862235808E+03    5.0977068590E-02
    3.8319990004E-02    1.1640529653E+00    2.9774009315E-01   -3.8901878475E+03    3.5416086714E-02
    3.8359990004E-02    1.1428250480E+00   -1.0869815134E-01   -3.8945868110E+03    3.1794311597E-02
    3.8399990004E-02    7.5381013455E-01    5.1233835414E-02   -3.8982639340E+03    4.4525412838E-02
    3.8439990004E-02    1.2140627500E+00    3.0913618837E-01   -3.9023360228E+03    5.0444465099E-02
    3.8479990004E-02    9.6718647302E-01   -3.9569422129E-01   -3.9069430411E+03    3.4517035550E-02
    3.8519990004E-02    9.1308445541E-01    1.4657699357E-01   -3.9106137745E+03    9.7411389555E-03
    3.8559990004E-02    1.1928041474E+00    2.7386724816E-01   -3.9145941572E+03    2.4571189842E-02
    3.8599990004E-02    8.8013646309E-01   -4.5797921885E-01   -3.9191230644E+03    5.1826970184E-02
    3.8639990004E-02    7.9185618291E-01    3.4298400139E-01   -3.9228550273E+03    4.7654343591E-02
    3.8679990004E-02    1.1987994840E+00   -7.5451340517E-02   -3.9270648266E+03    2.8888033387E-02
    3.8719990004E-02    8.6373845370E-01   -3.1913082246E-01   -3.9311879856E+03    2.9877033549E-02
    3.8759990004E-02    8.3027557456E-01    4.4377784315E-01   -3.9348956724E+03    4.4224640496E-02
    3.8799990004E-02    1.2315546070E+00   -2.3219980542E-01   -3.9394546854E+03    2.8074351291E-02
    3.8839990004E-02    9.3784387786E-01   -1.1689381880E-01   -3.9435533565E+03    2.0517188832E-02
    3.8879990004E-02    1.0005868041E+00    2.9771055494E-01   -3.9471232262E+03    3.8300921912E-02
    3.8919990004E-02    1.2280709048E+00   -2.5189721439E-01   -3.9516396096E+03    5.2994997453E-02
    3.8959990004E-02    6.8377189435E-01   -8.9822612347E-02   -3.9557718563E+03    4.8808821577E-02
    3.8999990004E-02    1.1669231256E+00    7.8998168312E-02   -3.9595263065E+03    2.0791920717E-02
    3.9039990004E-02    1.1953612362E+00   -1.4221714121E-01   -3.9638283912E+03    1.9719506422E-02
    3.9079990004E-02    5.8517799526E-01   -2.6457631228E-02   -3.9678096603E+03    5.1654928559E-02
    3.9119990004E-02    1.1738913491E+00    3.0361320050E-01   -3.9718043975E+03    4.1001348135E-02
    3.9159990004E-02    1.1243544970E+00   -1.4411816165E-01   -3.9762336892E+03    3.4705755588E-02
    3.9199990004E-02    7.8462874814E-01    6.5476387947E-02   -3.9798723533E+03    4.1633911703E-02
    3.9239990004E-02    1.2202369108E+00    2.9682257162E-01   -3.9839552695E+03    4.8072840437E-02
    3.9279990004E-02    9.4352436659E-01   -4.1452069682E-01   -3.9885688248E+03    3.4585879271E-02
    3.9319990004E-02    9.0377368968E-01    1.7548113549E-01   -3.9922539056E+03    1.0357816311E-02
    3.9359990004E-02    1.1927959324E+00    2.5032660850E-01   -3.9962357627E+03    2.5364863710E-02
    3.9399990004E-02    8.6479707049E-01   -4.4433023054E-01   -4.0007210313E+03    5.1554328552E-02
    3.9439990004E-02    7.9782653779E-01    3.6527107997E-01   -4.0044486749E+03    4.9040380327E-02
    3.9479990004E-02    1.1992338021E+00   -1.2156910832E-01   -4.0087218655E+03    2.7540569669E-02
    3.9519990004E-02    8.7302517357E-01   -2.9014622255E-01   -4.0128043783E+03    2.2874747443E-02
    3.9559990004E-02    8.4716999005E-01    4.4149017496E-01   -4.0165067747E+03    4.0241309011E-02
    3.9599990004E-02    1.2341778769E+00   -2.3359540753E-01   -4.0210821898E+03    3.2111805396E-02
    3.9639990004E-02    9.0932722186E-01   -1.1160102453E-01   -4.0251937049E+03    2.5153782693E-02
    3.9679990004E-02    1.0312896625E+00    2.6595861860E-01   -4.0287586073E+03    3.7756924768E-02
    3.9719990004E-02    1.2203622791E+00   -2.6053732704E-01   -4.0332579615E+03    5.1144742453E-02
    3.9759990004E-02    6.5516483786E-01   -7.4525735593E-02   -4.0373732342E+03    4.9337210946E-02
    3.9799990004E-02    1.1727738361E+00    9.3263196602E-02   -4.0411753326E+03    1.8376333872E-02
    3.9839990004E-02    1.1939728239E+00   -1.1125095725E-01   -4.0454693854E+03    1.8144059200E-02
    3.9879990004E-02    5.9976921908E-01   -1.2635596512E-02   -4.0494149993E+03    5.1891932296E-02
    3.9919990004E-02    1.1814077126E+00    3.0954912437E-01   -4.0534315762E+03    4.5611705670E-02
    3.9959990004E-02    1.1043770289E+00   -1.8314961390E-01   -4.0578919016E+03    3.6620823773E-02
    3.9999990004E-02    8.1647111516E-01    7.2747348277E-02   -4.0615041967E+03    3.7351437711E-02
    4.0039990004E-02    1.2219365915E+00    2.9096805011E-01   -4.0655867791E+03    4.3887537988E-02
    4.0079990004E-02    9.2519939099E-01   -4.3356682847E-01   -4.0702071133E+03    3.5232395119E-02
    4.0119990004E-02    8.8653511500E-01    2.0369576020E-01   -4.0739071868E+03    1.3094375893E-02
    4.0159990004E-02    1.1918689510E+00    2.2299527792E-01   -4.0778899713E+03    2.7110282692E-02
    4.0199990004E-02    8.5434128700E-01   -4.3095686169E-01   -4.0823281899E+03    5.1767764643E-02
    4.0239990004E-02    8.0223201587E-01    3.8537554669E-01   -4.0860538274E+03    5.1084007691E-02
    4.0279990004E-02    1.1996275080E+00   -1.6358931862E-01   -4.0903856545E+03    2.7172093404E-02
    4.0319990004E-02    8.8928157390E-01   -2.6285825671E-01   -4.0944374968E+03    1.7694110771E-02
    4.0359990004E-02    8.6064118139E-01    4.3536035918E-01   -4.0981325857E+03    3.8522270369E-02
    4.0399990004E-02    1.2372224689E+00   -2.3619609076E-01   -4.1027177985E+03    3.8348072784E-02
    4.0439990004E-02    8.8071388363E-01   -1.0832614441E-01   -4.1068415425E+03    3.1492777524E-02
    4.0479990004E-02    1.0569228362E+00    2.3249942289E-01   -4.1104071825E+03    3.8218738281E-02
    4.0519990004E-02    1.2142357490E+00   -2.6511355056E-01   -4.1148866172E+03    4.9996425219E-02
    4.0559990004E-02    6.3096898781E-01   -6.1656533539E-02   -4.1189877761E+03    5.0623986594E-02
    4.0599990004E-02    1.1750950796E+00    1.1537647728E-01   -4.1228294280E+03    1.7395189206E-02
    4.0639990004E-02    1.1926807149E+00   -8.4346139995E-02   -4.1271203688E+03    1.8168030517E-02
    4.0679990004E-02    6.1613058839E-01    1.2927629901E-04   -4.1310311862E+03    5.1789777830E-02
    4.0719990004E-02    1.1881756823E+00    3.1160908988E-01   -4.1350650010E+03    4.8661160243E-02
    4.0759990004E-02    1.0851727021E+00   -2.1819595339E-01   -4.1395511436E+03    3.7384868475E-02
    4.0799990004E-02    8.4504570836E-01    7.7561215707E-02   -4.1431493583E+03    3.2408464595E-02
    4.0839990004E-02    1.2214021872E+00    2.8724441150E-01   -4.1472265503E+03    3.8972217077E-02
    4.0879990004E-02    9.1210898810E-01   -4.4737576813E-01   -4.1518487942E+03    3.6519985465E-02
    4.0919990004E-02    8.6781921773E-01    2.2780556997E-01   -4.1555597631E+03    1.6953309187E-02
    4.0959990004E-02    1.1921479979E+00    1.9178252754E-01   -4.1595542622E+03    2.7995545539E-02
    4.0999990004E-02    8.4782025412E-01   -4.1767171424E-01   -4.1639479898E+03    5.1032101354E-02
    4.1039990004E-02    8.0632821194E-01    4.0072804639E-01   -4.1676725095E+03    5.2040804114E-02
    4.1079990004E-02    1.2011578912E+00   -1.9404614849E-01   -4.1720525190E+03    2.6342577024E-02
    4.1119990004E-02    9.0695463336E-01   -2.3796377617E-01   -4.1760899869E+03    1.3794305484E-02
    4.1159990004E-02    8.7397224588E-01    4.2383738439E-01   -4.1797754336E+03    3.7315427352E-02
    4.1199990004E-02    1.2392714699E+00   -2.3707280516E-01   -4.1843617395E+03    4.3616311969E-02
    4.1239990004E-02    8.5297439258E-01   -1.0829837646E-01   -4.1884957169E+03    3.6475643154E-02
    4.1279990004E-02    1.0778292998E+00    2.0070239892E-01   -4.1920696513E+03    3.7592206654E-02
    4.1319990004E-02    1.2094948621E+00   -2.6296271764E-01   -4.1965274267E+03    4.7284864396E-02
    4.1359990004E-02    6.1227908169E-01   -5.4089870290E-02   -4.2006178110E+03    5.0849359899E-02
    4.1399990004E-02    1.1736527367E+00    1.4547821001E-01   -4.2044895595E+03    1.7044219155E-02
    4.1439990004E-02    1.1904827781E+00   -6.2269896371E-02   -4.2087829131E+03    1.8954827209E-02
    4.1479990004E-02    6.3523550760E-01    1.0396205774E-02   -4.2126592557E+03    5.0744267537E-02
    4.1519990004E-02    1.1931120421E+00    3.1291060891E-01   -4.2167046603E+03    4.9952895428E-02
    4.1559990004E-02    1.0657536871E+00   -2.5349796760E-01   -4.2212160907E+03    3.6811165063E-02
    4.1599990004E-02    8.7080026760E-01    8.0826517870E-02   -4.2248122827E+03    2.5998939379E-02
    4.1639990004E-02    1.2174979574E+00    2.8738653308E-01   -4.2288754407E+03    3.2929992112E-02
    4.1679990004E-02    9.0583024054E-01   -4.5731358402E-01   -4.2334960023E+03    3.8056224926E-02
    4.1719990004E-02    8.4597271065E-01    2.4932493661E-01   -4.2372174663E+03    2.1969038076E-02
    4.1759990004E-02    1.1930281560E+00    1.5321654817E-01   -4.2412318457E+03    2.8316187744E-02
    4.1799990004E-02    8.4666512331E-01   -4.0409632614E-01   -4.2455795537E+03    4.9200720703E-02
    4.1839990004E-02    8.0754123972E-01    4.1238883998E-01   -4.2493031978E+03    5.2133112189E-02
    4.1879990004E-02    1.2052889621E+00   -2.1565205135E-01   -4.2537264005E+03    2.4629310096E-02
    4.1919990004E-02    9.2795818015E-01   -2.1269306567E-01   -4.2577672546E+03    1.1050516841E-02
    4.1959990004E-02    8.8640187347E-01    4.0578937577E-01   -4.2614371630E+03    3.6868184603E-02
    4.1999990004E-02    1.2416855125E+00   -2.3261288392E-01   -4.2660151315E+03    4.8273305129E-02
    4.2039990004E-02    8.2554600414E-01   -1.1223445550E-01   -4.2701623831E+03    4.0649792290E-02
    4.2079990004E-02    1.0964926207E+00    1.6731369438E-01   -4.2737501125E+03    3.5935766624E-02
    4.2119990004E-02    1.2073910693E+00   -2.5056950256E-01   -4.2781805521E+03    4.3263632340E-02
    4.2159990004E-02    5.9592517003E-01   -5.4809860024E-02   -4.2822662669E+03    5.0747916802E-02
    4.2199990004E-02    1.1683906467E+00    1.8505030095E-01   -4.2861590886E+03    1.8033473009E-02
    4.2239990004E-02    1.1871713806E+00   -4.4123959999E-02   -4.2904587742E+03    2.1087467159E-02
    4.2279990004E-02    6.5594514816E-01    1.5960296470E-02   -4.2943004811E+03    5.0289679272E-02
    4.2319990004E-02    1.1963273966E+00    3.1755229210E-01   -4.2983516618E+03    5.1503401738E-02
    4.2359990004E-02    1.0467390888E+00   -2.8764104298E-01   -4.3028888087E+03    3.6766321104E-02
    4.2399990004E-02    8.9311599233E-01    8.2455687153E-02   -4.3064919557E+03    2.0731728762E-02
    4.2439990004E-02    1.2115167628E+00    2.9388098100E-01   -4.3105337290E+03    2.8807747804E-02
    4.2479990004E-02    9.0400093302E-01   -4.6624977236E-01   -4.3151519028E+03    4.1557481839E-02
    4.2519990004E-02    8.2509998832E-01    2.6778561374E-01   -4.3188835296E+03    2.8723708916E-02
    4.2559990004E-02    1.1938487329E+00    1.1254849669E-01   -4.3229199913E+03    2.9436872268E-02
    4.2599990004E-02    8.4928858042E-01   -3.9297798238E-01   -4.3272248808E+03    4.7727641513E-02
    4.2639990004E-02    8.0588607152E-01    4.2137829885E-01   -4.3309478573E+03    5.2614895225E-02
    4.2679990004E-02    1.2108987365E+00   -2.2727375763E-01   -4.3354051736E+03    2.3468396797E-02
    4.2719990004E-02    9.4569255782E-01   -1.9013173107E-01   -4.3394579887E+03    1.0331272354E-02
    4.2759990004E-02    8.9872989756E-01    3.8706355346E-01   -4.3431092483E+03    3.7126042641E-02
    4.2799990004E-02    1.2432422784E+00   -2.2679772583E-01   -4.3476749768E+03    5.1182031252E-02
    4.2839990004E-02    8.0156857846E-01   -1.1734234354E-01   -4.3518338927E+03    4.3238563174E-02
    4.2879990004E-02    1.1116389583E+00    1.3961108801E-01   -4.3554397384E+03    3.3006163150E-02
    4.2919990004E-02    1.2068275011E+00   -2.3147218611E-01   -4.3598426770E+03    3.8132270118E-02
    4.2959990004E-02    5.8467142106E-01   -6.0699581363E-02   -4.3639259916E+03    5.0272188653E-02
    4.2999990005E-02    1.1614016090E+00    2.2423706490E-01   -4.3678315329E+03    2.0285099658E-02
    4.3039990005E-02    1.1814006808E+00   -4.0388156484E-02   -4.3721466857E+03    2.3181757066E-02
    4.3079990005E-02    6.7612423534E-01    1.7788406340E-02   -4.3759571191E+03    4.9454657153E-02
    4.3119990005E-02    1.1973503551E+00    3.2374295367E-01   -4.3800082803E+03    5.2055848621E-02
    4.3159990005E-02    1.0309759003E+00   -3.1796498877E-01   -4.3845693495E+03    3.6322398833E-02
    4.3199990005E-02    9.0720096772E-01    8.5534542840E-02   -4.3881880312E+03    1.6555302456E-02
    4.3239990005E-02    1.2035462705E+00    3.0180995155E-01   -4.3922050684E+03    2.6077745426E-02
    4.3279990005E-02    9.0730143362E-01   -4.7176193593E-01   -4.3968179436E+03    4.5230970779E-02
    4.3319990005E-02    8.0642415222E-01    2.8112078865E-01   -4.4005583249E+03    3.5189935319E-02
    4.3359990005E-02    1.1947720495E+00    7.1443750316E-02   -4.4046186389E+03    3.0344585917E-02
    4.3399990005E-02    8.5645452182E-01   -3.8325265910E-01   -4.4088874373E+03    4.5193020561E-02
    4.3439990005E-02    8.0082526076E-01    4.2545256701E-01   -4.4126090458E+03    5.2124754641E-02
    4.3479990005E-02    1.2179536245E+00   -2.2754693543E-01   -4.4170902068E+03    2.2713944574E-02
    4.3519990005E-02    9.6114247851E-01   -1.6981204119E-01   -4.4211614380E+03    1.1204076051E-02
    4.3559990005E-02    9.1121969414E-01    3.6685351990E-01   -4.4247905095E+03    3.7683430072E-02
    4.3599990005E-02    1.2445144169E+00   -2.1828437281E-01   -4.4293403209E+03    5.2713899668E-02
    4.3639990005E-02    7.7957348809E-01   -1.2436377322E-01   -4.4335116276E+03    4.4688935367E-02
    4.3679990005E-02    1.1239352860E+00    1.1852083611E-01   -4.4371386226E+03    2.9099285211E-02
    4.3719990005E-02    1.2078994974E+00   -2.0392969338E-01   -4.4415131599E+03    3.2170312767E-02
    4.3759990005E-02    5.7948035865E-01   -7.1746732443E-02   -4.4455963420E+03    4.9489954903E-02
    4.3799990005E-02    1.1527816908E+00    2.6221759286E-01   -4.4495078220E+03    2.3594374731E-02
    4.3839990005E-02    1.1736522586E+00   -4.9651649789E-02   -4.4538470272E+03    2.5242059966E-02
    4.3879990005E-02    6.9612468972E-01    1.5756301272E-02   -4.4576287850E+03    4.8170995248E-02
    4.3919990005E-02    1.1959676646E+00    3.3251015214E-01   -4.4616741508E+03    5.1747916446E-02
    4.3959990005E-02    1.0190479931E+00   -3.4636893705E-01   -4.4662591698E+03    3.5253970061E-02
    4.3999990005E-02    9.1069528576E-01    9.2230068534E-02   -4.4699027637E+03    1.2772102266E-02
    4.4039990005E-02    1.1932707242E+00    3.0819872784E-01   -4.4738922829E+03    2.4625379665E-02
    4.4079990005E-02    9.1629573325E-01   -4.7423640339E-01   -4.4784960284E+03    4.8273515785E-02
    4.4119990005E-02    7.8762787930E-01    2.8910897104E-01   -4.4822449101E+03    4.0781047815E-02
    4.4159990005E-02    1.1958132231E+00    2.8291015497E-02   -4.4863302154E+03    3.0602149257E-02
    4.4199990005E-02    8.6968839113E-01   -3.7401613551E-01   -4.4905683496E+03    4.1340599496E-02
    4.4239990005E-02    7.9070330026E-01    4.2426669134E-01   -4.4942873875E+03    5.0777721747E-02
    4.4279990005E-02    1.2266187028E+00   -2.1658197310E-01   -4.4987830219E+03    2.3073897881E-02
    4.4319990005E-02    9.7372684995E-01   -1.5242477369E-01   -4.5028788354E+03    1.3504954791E-02
    4.4359990005E-02    9.2452573252E-01    3.4342413335E-01   -4.5064822731E+03    3.8454124506E-02
    4.4399990005E-02    1.2461592133E+00   -2.0556239004E-01   -4.5110114520E+03    5.3570911362E-02
    4.4439990005E-02    7.5798066623E-01   -1.3460760479E-01   -4.5151984502E+03    4.5643749814E-02
    4.4479990005E-02    1.1336108357E+00    1.0477238014E-01   -4.5188484392E+03    2.5310482388E-02
    4.4519990005E-02    1.2111171314E+00   -1.6618610428E-01   -4.5231924831E+03    2.6870136863E-02
    4.4559990005E-02    5.7961062775E-01   -8.7955571636E-02   -4.5272794787E+03    4.9517603193E-02
    4.4599990005E-02    1.1427929400E+00    2.9865074907E-01   -4.5311912978E+03    2.8440203548E-02
    4.4639990005E-02    1.1650432436E+00   -6.8049994394E-02   -4.5355590074E+03    2.7951534252E-02
    4.4679990005E-02    7.1556213659E-01    9.9760968834E-03   -4.5393154708E+03    4.6513863994E-02
    4.4719990005E-02    1.1919567328E+00    3.4439017418E-01   -4.5433494464E+03    5.0787877927E-02
    4.4759990005E-02    1.0121844974E+00   -3.7295253497E-01   -4.5479588111E+03    3.3719371459E-02
    4.4799990005E-02    9.0434208280E-01    1.0159556232E-01   -4.5516343166E+03    1.0098674541E-02
    4.4839990005E-02    1.1820531902E+00    3.0917973353E-01   -4.5555941227E+03    2.4555192482E-02
    4.4879990005E-02    9.2948926075E-01   -4.7364122322E-01   -4.5601844692E+03    5.0112120235E-02
    4.4919990005E-02    7.6876897007E-01    2.9178141589E-01   -4.5639417202E+03    4.4902406279E-02
    4.4959990005E-02    1.1973173202E+00   -1.3909064391E-02   -4.5680523523E+03    2.9677483720E-02
    4.4999990005E-02    8.8921414210E-01   -3.6327147523E-01   -4.5722659931E+03    3.5744987162E-02
    4.5039990005E-02    7.7658323674E-01    4.1666773989E-01   -4.5759808985E+03    4.8405437445E-02
    4.5079990005E-02    1.2360586465E+00   -1.9295580588E-01   -4.5804802424E+03    2.5000530157E-02
    4.5119990005E-02    9.8216792998E-01   -1.4051366377E-01   -4.5846085432E+03    1.7391748022E-02
    4.5159990005E-02    9.3787137827E-01    3.1732746441E-01   -4.5881861872E+03    3.9459664326E-02
    4.5199990005E-02    1.2486274154E+00   -1.8819373694E-01   -4.5926906028E+03    5.4446227911E-02
    4.5239990005E-02    7.3815850466E-01   -1.4845014566E-01   -4.5968974841E+03    4.6643785725E-02
    4.5279990005E-02    1.1390060109E+00    1.0221724667E-01   -4.6005679931E+03    2.2508401836E-02
    4.5319990005E-02    1.2159697706E+00   -1.2009572411E-01   -4.6048823874E+03    2.3503242609E-02
    4.5359990005E-02    5.8394083540E-01   -1.0822763046E-01   -4.6089777752E+03    5.1040083003E-02
    4.5399990005E-02    1.1316867809E+00    3.3191791705E-01   -4.6128848906E+03    3.4597226994E-02
    4.5439990005E-02    1.1573150578E+00   -9.0255347308E-02   -4.6172801480E+03    3.1299669642E-02
    4.5479990005E-02    7.3229650965E-01    2.1765636557E-04   -4.6210190815E+03    4.4939850181E-02
    4.5519990005E-02    1.1851289731E+00    3.5929010848E-01   -4.6250367635E+03    4.9712161068E-02
    4.5559990005E-02    1.0117795835E+00   -3.9562724533E-01   -4.6296689039E+03    3.2565685111E-02
    4.5599990005E-02    8.9249546304E-01    1.0925766083E-01   -4.6333765667E+03    9.3635486042E-03
    4.5639990005E-02    1.1720941310E+00    3.0441098412E-01   -4.6373044568E+03    2.5739219695E-02
    4.5679990005E-02    9.4404123665E-01   -4.7114269179E-01   -4.6418796406E+03    5.1010592147E-02
    4.5719990005E-02    7.5112823996E-01    2.9037199619E-01   -4.6456449655E+03    4.7708922090E-02
    4.5759990005E-02    1.1993721034E+00   -4.8583513819E-02   -4.6497778666E+03    2.8446938925E-02
    4.5799990005E-02    9.1234673582E-01   -3.5083786925E-01   -4.6539755554E+03    2.9508504494E-02
    4.5839990005E-02    7.6193946079E-01    4.0331555866E-01   -4.6576855984E+03    4.5826080676E-02
    4.5879990005E-02    1.2441654652E+00   -1.6141701028E-01   -4.6621780737E+03    2.8209310404E-02
    4.5919990005E-02    9.8323369218E-01   -1.3864816875E-01   -4.6663438353E+03    2.1364761425E-02
    4.5959990005E-02    9.4996054133E-01    2.9129053309E-01   -4.6699011177E+03    3.9902767426E-02
    4.5999990005E-02    1.2513458381E+00   -1.6613948343E-01   -4.6743785113E+03    5.4480308699E-02
    4.6039990005E-02    7.2194342466E-01   -1.6621159789E-01   -4.6786088443E+03    4.6937863653E-02
    4.6079990005E-02    1.1368731789E+00    1.1735506900E-01   -4.6822952337E+03    1.9646159169E-02
    4.6119990005E-02    1.2205408181E+00   -6.8952741963E-02   -4.6865861029E+03    2.1201403003E-02
    4.6159990005E-02    5.9441568731E-01   -1.3095140364E-01   -4.6906925673E+03    5.2241510318E-02
    4.6199990005E-02    1.1182139073E+00    3.6065830631E-01   -4.6945890485E+03    3.9743799637E-02
    4.6239990005E-02    1.1508756694E+00   -1.1721586933E-01   -4.6990113139E+03    3.3508405890E-02
    4.6279990005E-02    7.4762685994E-01   -1.3103272080E-02   -4.7027422569E+03    4.2048530780E-02
    4.6319990005E-02    1.1738820739E+00    3.7639268087E-01   -4.7067372193E+03    4.7171084195E-02
    4.6359990005E-02    1.0188793633E+00   -4.1521731208E-01   -4.7113908244E+03    3.1427752548E-02
    4.6399990005E-02    8.7490475111E-01    1.1355457347E-01   -4.7151319589E+03    1.0091956927E-02
    4.6439990005E-02    1.1634928746E+00    2.9202627415E-01   -4.7190253309E+03    2.7390052076E-02
    4.6479990005E-02    9.6140654698E-01   -4.6570184868E-01   -4.7235820730E+03    5.0580876284E-02
    4.6519990005E-02    7.3209126464E-01    2.8463332813E-01   -4.7273563299E+03    4.9201180617E-02
    4.6559990005E-02    1.2030831306E+00   -7.7275371472E-02   -4.7315105958E+03    2.6478556771E-02
    4.6599990005E-02    9.4196617683E-01   -3.3363360640E-01   -4.7356995364E+03    2.2646148421E-02
    4.6639990005E-02    7.4725292922E-01    3.8190545625E-01   -4.7394039319E+03    4.3321702073E-02
    4.6679990005E-02    1.2512540475E+00   -1.2143325059E-01   -4.7438790471E+03    3.2717657875E-02
    4.6719990005E-02    9.7872792908E-01   -1.4589935496E-01   -4.7480886359E+03    2.5892488730E-02
    4.6759990005E-02    9.6246419342E-01    2.6287503651E-01   -4.7516287030E+03    3.9742755322E-02
    4.6799990005E-02    1.2541025112E+00   -1.3720760571E-01   -4.7560740179E+03    5.3371720118E-02
    4.6839990005E-02    7.0774512159E-01   -1.8980108400E-01   -4.7603333674E+03    4.6418448136E-02
    4.6879990005E-02    1.1247067966E+00    1.5205158457E-01   -4.7640333945E+03    1.6414729362E-02
    4.6919990005E-02    1.2236887801E+00   -1.3032383385E-02   -4.7683051172E+03    2.0041776569E-02
    4.6959990005E-02    6.1036920651E-01   -1.5668785226E-01   -4.7724241786E+03    5.3081983383E-02
    4.6999990005E-02    1.1007393384E+00    3.8749819280E-01   -4.7763046456E+03    4.3921863395E-02
    4.7039990005E-02    1.1455812708E+00   -1.5027376399E-01   -4.7807552111E+03    3.4502017606E-02
    4.7079990005E-02    7.6448889454E-01   -3.0188108287E-02   -4.7844871807E+03    3.7414733504E-02
    4.7119990005E-02    1.1566121384E+00    3.9583019219E-01   -4.7884509845E+03    4.3120900388E-02
    4.7159990005E-02    1.0344803307E+00   -4.3228496131E-01   -4.7931249201E+03    3.1011002496E-02
    4.7199990005E-02    8.5249152402E-01    1.1294234238E-01   -4.7969031945E+03    1.3248489057E-02
    4.7239990005E-02    1.1564974047E+00    2.7208095662E-01   -4.8007581238E+03    2.9832450986E-02
    4.7279990005E-02    9.8220576481E-01   -4.5939927859E-01   -4.8052939602E+03    5.0732683029E-02
    4.7319990005E-02    7.1009679912E-01    2.7522510286E-01   -4.8090798760E+03    5.1311924657E-02
    4.7359990005E-02    1.2084098227E+00   -9.8587992433E-02   -4.8132509414E+03    2.5336535756E-02
    4.7399990005E-02    9.7680152408E-01   -3.1251136887E-01   -4.8174366351E+03    1.7894670314E-02
    4.7439990005E-02    7.3189211459E-01    3.5510295097E-01   -4.8211369295E+03    4.3259597841E-02
    4.7479990005E-02    1.2573982596E+00   -7.8509724877E-02   -4.8255876110E+03    3.9530039921E-02
    4.7519990005E-02    9.7467111818E-01   -1.5736770951E-01   -4.8298413124E+03    3.1792336898E-02
    4.7559990005E-02    9.7205401124E-01    2.3520689781E-01   -4.8333682623E+03    4.0311253683E-02
    4.7599990005E-02    1.2573153297E+00   -1.0338004280E-01   -4.8377794853E+03    5.2900218121E-02
    4.7639990005E-02    6.9879207330E-01   -2.1751047730E-01   -4.8420726890E+03    4.6417100920E-02
    4.7679990005E-02    1.1048668524E+00    1.9198255461E-01   -4.8457796822E+03    1.4551380291E-02
    4.7719990005E-02    1.2242156281E+00    3.2784732633E-02   -4.8500329557E+03    2.0262240812E-02
    4.7759990005E-02    6.2761758480E-01   -1.8138540621E-01   -4.8541643956E+03    5.3465878314E-02
    4.7799990005E-02    1.0814829073E+00    4.0876046304E-01   -4.8580270252E+03    4.6609851715E-02
    4.7839990005E-02    1.1431136004E+00   -1.8075182159E-01   -4.8625010988E+03    3.4363641078E-02
    4.7879990005E-02    7.8029165286E-01   -4.7861476359E-02   -4.8662446111E+03    3.1973420085E-02
    4.7919990005E-02    1.1357545006E+00    4.1247889695E-01   -4.8701741318E+03    3.8718109148E-02
    4.7959990005E-02    1.0562535692E+00   -4.3977290401E-01   -4.8748610502E+03    3.1553062453E-02
    4.7999990005E-02    8.2932948394E-01    1.0484518191E-01   -4.8786758633E+03    1.7362912833E-02
    4.8039990005E-02    1.1522661189E+00    2.4821959924E-01   -4.8825000272E+03    3.1149440362E-02
    4.8079990005E-02    1.0053679443E+00   -4.5066818085E-01   -4.8870174525E+03    4.9990450025E-02
    4.8119990005E-02    6.8816318062E-01    2.5945117138E-01   -4.8908176783E+03    5.2361416448E-02
    4.8159990005E-02    1.2145251985E+00   -1.0387520910E-01   -4.8949943042E+03    2.3969611503E-02
    4.8199990005E-02    1.0127046558E+00   -2.8709979479E-01   -4.8991888133E+03    1.4721013367E-02
    4.8239990005E-02    7.2037138391E-01    3.2222425448E-01   -4.9028873391E+03    4.3527996830E-02
    4.8279990005E-02    1.2608619314E+00   -3.2583287923E-02   -4.9073041881E+03    4.5163718549E-02
    4.8319990005E-02    9.7067171811E-01   -1.7490945442E-01   -4.9116013130E+03    3.6106953286E-02
    4.8359990005E-02    9.7790367795E-01    2.1032579932E-01   -4.9151218466E+03    3.9500796395E-02
    4.8399990005E-02    1.2596561632E+00   -6.1767557801E-02   -4.9194958332E+03    5.0698484920E-02
    4.8439990005E-02    6.9715397423E-01   -2.5093874176E-01   -4.9238281861E+03    4.5455018300E-02
    4.8479990005E-02    1.0765201853E+00    2.3401209806E-01   -4.9275369423E+03    1.3512241445E-02
    4.8519990005E-02    1.2217070614E+00    6.7352712573E-02   -4.9317719716E+03    2.1118049552E-02
    4.8559990005E-02    6.4830833525E-01   -2.0597824120E-01   -4.9359139010E+03    5.2716640178E-02
    4.8599990005E-02    1.0587059352E+00    4.2662445476E-01   -4.9397566564E+03    4.7794371587E-02
    4.8639990005E-02    1.1428808107E+00   -2.1312725218E-01   -4.9442543323E+03    3.2830717680E-02
    4.8679990005E-02    7.9913645943E-01   -6.6041090015E-02   -4.9480202596E+03    2.4913345128E-02
    4.8719990005E-02    1.1096086557E+00    4.2477928376E-01   -4.9519086715E+03    3.3738894259E-02
    4.8759990005E-02    1.0841931804E+00   -4.3693392073E-01   -4.9566009748E+03    3.3064782166E-02
    4.8799990005E-02    8.0390225958E-01    9.0262216210E-02   -4.9604575375E+03    2.2814702595E-02
    4.8839990005E-02    1.1499784476E+00    2.1723274548E-01   -4.9642545451E+03    3.1982881612E-02
    4.8879990005E-02    1.0317422080E+00   -4.3701180692E-01   -4.9687505065E+03    4.8214415508E-02
    4.8919990005E-02    6.6406160321E-01    2.3708172865E-01   -4.9725687990E+03    5.2635723136E-02
    4.8959990005E-02    1.2212080482E+00   -9.0244209595E-02   -4.9767440713E+03    2.1852426573E-02
    4.8999990006E-02    1.0523716893E+00   -2.5041974061E-01   -4.9809594813E+03    1.3197178749E-02
    4.9039990006E-02    7.1260353829E-01    2.8195100880E-01   -4.9846571732E+03    4.4435092928E-02
    4.9079990006E-02    1.2620075145E+00    2.0425715798E-02   -4.9890297213E+03    4.9969307801E-02
    4.9119990006E-02    9.6598879417E-01   -1.9945894545E-01   -4.9933748693E+03    3.9222024725E-02
    4.9159990006E-02    9.8269130105E-01    1.8453845548E-01   -4.9968945636E+03    3.7218160226E-02
    4.9199990006E-02    1.2605227387E+00   -8.8810551272E-03   -5.0012226812E+03    4.6788732368E-02
    4.9239990006E-02    7.0219644274E-01   -2.9232789126E-01   -5.0056019613E+03    4.4482084653E-02
    4.9279990006E-02    1.0386053942E+00    2.7574719250E-01   -5.0093097200E+03    1.4282248030E-02
    4.9319990006E-02    1.2163920368E+00    9.0284373812E-02   -5.0135238754E+03    2.3221271346E-02
    4.9359990006E-02    6.7183198645E-01   -2.3256918265E-01   -5.0176740022E+03    5.2557752808E-02
    4.9399990006E-02    1.0313304078E+00    4.4383027735E-01   -5.0214957121E+03    4.9607001708E-02
    4.9439990006E-02    1.1451533090E+00   -2.4425547645E-01   -5.0260158680E+03    3.1908286944E-02
    4.9479990006E-02    8.2170910699E-01   -8.5273096705E-02   -5.0298120828E+03    1.9101351921E-02
    4.9519990006E-02    1.0792965665E+00    4.3406962718E-01   -5.0336556255E+03    3.1502207617E-02
    4.9559990006E-02    1.1145595532E+00   -4.2696787947E-01   -5.0383473855E+03    3.7297843029E-02
    4.9599990006E-02    7.8277820386E-01    6.9624306730E-02   -5.0422490934E+03    2.9813201146E-02
    4.9639990006E-02    1.1479789766E+00    1.8615196578E-01   -5.0460186355E+03    3.3700194501E-02
    4.9679990006E-02    1.0601563171E+00   -4.2055252706E-01   -5.0504947009E+03    4.7115377876E-02
    4.9719990006E-02    6.3966154081E-01    2.0831819050E-01   -5.0543365842E+03    5.3491597809E-02
    4.9759990006E-02    1.2252178794E+00   -5.7919654613E-02   -5.0584972297E+03    2.0685366775E-02
    4.9799990006E-02    1.0875170787E+00   -2.0993792464E-01   -5.0627371892E+03    1.3798365200E-02
    4.9839990006E-02    7.0730360270E-01    2.4167890646E-01   -5.0664366919E+03    4.5674984473E-02
    4.9879990006E-02    1.2602242060E+00    7.2626089644E-02   -5.0707617319E+03    5.2609642490E-02
    4.9919990006E-02    9.6462815708E-01   -2.2538336132E-01   -5.0751522681E+03    4.0383409568E-02
    4.9959990006E-02    9.8249243808E-01    1.6423825871E-01   -5.0786776011E+03    3.3326539338E-02
    4.9999990006E-02    1.2588123470E+00    4.8344491766E-02   -5.0829570362E+03    4.1468662092E-02
    5.0039990006E-02    7.1729930298E-01   -3.3472321831E-01   -5.0873836730E+03    4.3736615125E-02
    5.0079990006E-02    9.9663021282E-01    3.0638117937E-01   -5.0910890841E+03    1.6811415528E-02
    5.0119990006E-02    1.2103145022E+00    9.5682058908E-02   -5.0952874477E+03    2.4818982990E-02
    5.0159990006E-02    6.9776974034E-01   -2.5990992069E-01   -5.0994476694E+03    5.1674509321E-02
    5.0199990006E-02    9.9921676329E-01    4.5623581643E-01   -5.1032472212E+03    5.0495213707E-02
    5.0239990006E-02    1.1517133262E+00   -2.6792682571E-01   -5.1077838470E+03    3.0514666464E-02
    5.0279990006E-02    8.4456395129E-01   -1.0392943115E-01   -5.1116210840E+03    1.4459571009E-02
    5.0319990006E-02    1.0473822710E+00    4.3392872371E-01   -5.1154191392E+03    3.0852660939E-02
    5.0359990006E-02    1.1451946850E+00   -4.0651699924E-01   -5.1201008655E+03    4.1784711768E-02
    5.0399990006E-02    7.6770284678E-01    4.2119182516E-02   -5.1240492616E+03    3.5800208910E-02
    5.0439990006E-02    1.1463165470E+00    1.5823134010E-01   -5.1277934507E+03    3.4444342213E-02
    5.0479990006E-02    1.0905996219E+00   -3.9699661269E-01   -5.1322517642E+03    4.4848397758E-02
    5.0519990006E-02    6.1700208318E-01    1.7003614548E-01   -5.1361240337E+03    5.3278691773E-02
    5.0559990006E-02    1.2247228477E+00   -5.7529411028E-03   -5.1402558481E+03    2.0046696330E-02
    5.0599990006E-02    1.1178261012E+00   -1.6527574750E-01   -5.1445221690E+03    1.5704153002E-02
    5.0639990006E-02    7.0540536307E-01    1.9999052288E-01   -5.1482260229E+03    4.6449681764E-02
    5.0679990006E-02    1.2554136832E+00    1.2560173319E-01   -5.1524999137E+03    5.3380865156E-02
    5.0719990006E-02    9.6550350554E-01   -2.5382703817E-01   -5.1569360499E+03    4.0015961342E-02
    5.0759990006E-02    9.7715979099E-01    1.4875405150E-01   -5.1604744515E+03    2.7789840367E-02
    5.0799990006E-02    1.2533352061E+00    1.0978831790E-01   -5.1646994405E+03    3.4814813659E-02
    5.0839990006E-02    7.4413737392E-01   -3.7586016071E-01   -5.1691722609E+03    4.3110799405E-02
    5.0879990006E-02    9.5031959828E-01    3.2657658861E-01   -5.1728777572E+03    2.0949309675E-02
    5.0919990006E-02    1.2045802188E+00    8.7614960675E-02   -5.1770637513E+03    2.6164624710E-02
    5.0959990006E-02    7.2804688325E-01   -2.8725960997E-01   -5.1812337539E+03    4.9994209711E-02
    5.0999990006E-02    9.6150283174E-01    4.6373870637E-01   -5.1850111236E+03    5.0782118773E-02
    5.1039990006E-02    1.1633994099E+00   -2.8387657960E-01   -5.1895599451E+03    2.8107720971E-02
    5.1079990006E-02    8.6983936318E-01   -1.2030980598E-01   -5.1934513699E+03    1.0943051170E-02
    5.1119990006E-02    1.0154230572E+00    4.2256724776E-01   -5.1972019169E+03    3.1528637211E-02
    5.1159990006E-02    1.1753239985E+00   -3.7482631471E-01   -5.2018625988E+03    4.6097474572E-02
    5.1199990006E-02    7.5683724296E-01    7.7162281675E-03   -5.2058624186E+03    4.0719584343E-02
    5.1239990006E-02    1.1452984560E+00    1.3181974587E-01   -5.2095832278E+03    3.4254477258E-02
    5.1279990006E-02    1.1230787551E+00   -3.6245914830E-01   -5.2140209643E+03    4.1497677871E-02
    5.1319990006E-02    5.9574832800E-01    1.2078577491E-01   -5.2179327030E+03    5.2545555653E-02
    5.1359990006E-02    1.2180682549E+00    6.5108321117E-02   -5.2220236477E+03    2.0410400580E-02
    5.1399990006E-02    1.1415506984E+00   -1.1951945650E-01   -5.2263154422E+03    1.8801590013E-02
    5.1439990006E-02    7.0653651998E-01    1.5578174939E-01   -5.2300261796E+03    4.7276599668E-02
    5.1479990006E-02    1.2474483266E+00    1.8074738028E-01   -5.2342452752E+03    5.3750117552E-02
    5.1519990006E-02    9.6882936155E-01   -2.8461569176E-01   -5.2387284958E+03    3.9417791674E-02
    5.1559990006E-02    9.6753756238E-01    1.3526401289E-01   -5.2422876383E+03    2.2524108190E-02
    5.1599990006E-02    1.2437231678E+00    1.7367759115E-01   -5.2464512430E+03    2.9423320301E-02
    5.1639990006E-02    7.8088324621E-01   -4.1361797433E-01   -5.2509686015E+03    4.4153744197E-02
    5.1679990006E-02    9.0213502836E-01    3.3545598237E-01   -5.2546793543E+03    2.7155818531E-02
    5.1719990006E-02    1.2004552192E+00    7.0794020611E-02   -5.2588505314E+03    2.7919749584E-02
    5.1759990006E-02    7.6223852170E-01   -3.1423232030E-01   -5.2630318846E+03    4.8177249436E-02
    5.1799990006E-02    9.1854470015E-01    4.6529612480E-01   -5.2667888929E+03    5.1200693472E-02
    5.1839990006E-02    1.1803091167E+00   -2.8647332310E-01   -5.2713422203E+03    2.5517693577E-02
    5.1879990006E-02    8.9674429389E-01   -1.3349350204E-01   -5.2752947256E+03    9.4816086352E-03
    5.1919990006E-02    9.8634683204E-01    4.0350276779E-01   -5.2789984655E+03    3.3237293884E-02
    5.1959990006E-02    1.2017248852E+00   -3.3352506234E-01   -5.2836291483E+03    4.9256078840E-02
    5.1999990006E-02    7.5155096739E-01   -3.1651750457E-02   -5.2876830753E+03    4.3735065921E-02
    5.2039990006E-02    1.1441699663E+00    1.1251422811E-01   -5.2913829272E+03    3.2502541578E-02
    5.2079990006E-02    1.1545382100E+00   -3.1543966737E-01   -5.2957977814E+03    3.6920677833E-02
    5.2119990006E-02    5.8032283743E-01    6.1912877166E-02   -5.2997575463E+03    5.1247438443E-02
    5.2159990006E-02    1.2033222775E+00    1.4441734850E-01   -5.3037978585E+03    2.1743668133E-02
    5.2199990006E-02    1.1557970356E+00   -8.5728345951E-02   -5.3081160798E+03    2.2053310515E-02
    5.2239990006E-02    7.0816038612E-01    1.0972358723E-01   -5.3118393806E+03    4.7775999113E-02
    5.2279990006E-02    1.2351183033E+00    2.3648827270E-01   -5.3160011686E+03    5.3475480179E-02
    5.2319990006E-02    9.7753263736E-01   -3.1510126850E-01   -5.3205303166E+03    3.8383003937E-02
    5.2359990006E-02    9.5166459158E-01    1.2346201813E-01   -5.3241183580E+03    1.7963181279E-02
    5.2399990006E-02    1.2287785804E+00    2.3359871714E-01   -5.3282170976E+03    2.5952456780E-02
    5.2439990006E-02    8.2638266095E-01   -4.4460246145E-01   -5.3327737387E+03    4.6412781620E-02
    5.2479990006E-02    8.5473648771E-01    3.3097575377E-01   -5.3364958580E+03    3.4007595091E-02
    5.2519990006E-02    1.1982452004E+00    4.8945741661E-02   -5.3406470699E+03    2.9507298647E-02
    5.2559990006E-02    8.0094781135E-01   -3.3979560959E-01   -5.3448449350E+03    4.5758795413E-02
    5.2599990006E-02    8.7024390064E-01    4.5800726974E-01   -5.3485847500E+03    5.1289509477E-02
    5.2639990006E-02    1.2003427701E+00   -2.7188995240E-01   -5.3531305036E+03    2.3696137972E-02
    5.2679990006E-02    9.2737965171E-01   -1.4289691541E-01   -5.3571454075E+03    1.0313535681E-02
    5.2719990006E-02    9.6002813959E-01    3.7977631454E-01   -5.3608047075E+03    3.5516682015E-02
    5.2759990006E-02    1.2236151068E+00   -2.8425821920E-01   -5.3653984748E+03    5.1516084290E-02
    5.2799990006E-02    7.5096592223E-01   -7.4379968304E-02   -5.3695094621E+03    4.5279245307E-02
    5.2839990006E-02    1.1417575936E+00    1.0243342998E-01   -5.3731905738E+03    2.9461258467E-02
    5.2879990006E-02    1.1828440937E+00   -2.5553542784E-01   -5.3775790274E+03    3.1832306189E-02
    5.2919990006E-02    5.7386858163E-01   -4.2115996825E-03   -5.3815949102E+03    4.9945903117E-02
    5.2959990006E-02    1.1798662379E+00    2.2110924419E-01   -5.3855791235E+03    2.4030234546E-02
    5.2999990006E-02    1.1624998249E+00   -6.9297284871E-02   -5.3899245077E+03    2.4768629441E-02
    5.3039990006E-02    7.1000989089E-01    6.1746691378E-02   -5.3936661355E+03    4.7591036775E-02
    5.3079990006E-02    1.2170385823E+00    2.9130502913E-01   -5.3977686318E+03    5.2423390346E-02
    5.3119990006E-02    9.9289729260E-01   -3.4364465740E-01   -5.4023409036E+03    3.6485232033E-02
    5.3159990006E-02    9.2892687569E-01    1.1185157494E-01   -5.4059690568E+03    1.3631566971E-02
    5.3199990006E-02    1.2073366014E+00    2.8207192657E-01   -5.4100016772E+03    2.4241640237E-02
    5.3239990006E-02    8.7977289459E-01   -4.6573176024E-01   -5.4145876887E+03    4.8409826626E-02
    5.3279990006E-02    8.0855572981E-01    3.1258183396E-01   -5.4183286592E+03    3.9886546647E-02
    5.3319990006E-02    1.1970111788E+00    2.3312696129E-02   -5.4224549536E+03    3.0424907317E-02
    5.3359990006E-02    8.4661047031E-01   -3.6063562459E-01   -5.4266728372E+03    4.1960817348E-02
    5.3399990006E-02    8.1668479424E-01    4.3890462626E-01   -5.4304006840E+03    5.0582616221E-02
    5.3439990006E-02    1.2207813562E+00   -2.3650313230E-01   -5.4349243300E+03    2.3126395994E-02
    5.3479990006E-02    9.6066089805E-01   -1.4738072512E-01   -5.4390037728E+03    1.2795210533E-02
    5.3519990006E-02    9.3712651370E-01    3.4990003146E-01   -5.4426223650E+03    3.7711030020E-02
    5.3559990006E-02    1.2411797348E+00   -2.2555372150E-01   -5.4471703974E+03    5.3014216632E-02
    5.3599990006E-02    7.5277448342E-01   -1.2122002575E-01   -5.4513440191E+03    4.5655589812E-02
    5.3639990006E-02    1.1366971307E+00    1.0218626712E-01   -5.4550097044E+03    2.5680376162E-02
    5.3679990006E-02    1.2069761382E+00   -1.8021790433E-01   -5.4593645038E+03    2.7143934382E-02
    5.3719990006E-02    5.7824303514E-01   -7.6351460541E-02   -5.4634452269E+03    4.9345862498E-02
    5.3759990006E-02    1.1472039181E+00    2.9080966402E-01   -5.4673719296E+03    2.7724934824E-02
    5.3799990006E-02    1.1653194946E+00   -6.7037702992E-02   -5.4717420789E+03    2.7471395240E-02
    5.3839990006E-02    7.1349661531E-01    1.1440094882E-02   -5.4755070409E+03    4.6571674013E-02
    5.3879990006E-02    1.1916185283E+00    3.4401994912E-01   -5.4795482294E+03    5.0739316750E-02
    5.3919990006E-02    1.0153082134E+00   -3.6958664948E-01   -5.4841603354E+03    3.3700173774E-02
    5.3959990006E-02    9.0301669216E-01    9.6744622746E-02   -5.4878420658E+03    1.0210441915E-02
    5.3999990006E-02    1.1801427054E+00    3.1397848809E-01   -5.4918054793E+03    2.4611683451E-02
    5.4039990006E-02    9.3842357715E-01   -4.7502929054E-01   -5.4964085539E+03    4.9739791701E-02
    5.4079990006E-02    7.6446629865E-01    2.8095633611E-01   -5.5001778283E+03    4.4439056407E-02
    5.4119990006E-02    1.1964780119E+00   -3.2097375249E-03   -5.5042746180E+03    2.9799495732E-02
    5.4159990006E-02    9.0007773234E-01   -3.7180043690E-01   -5.5085130818E+03    3.6389415435E-02
    5.4199990006E-02    7.6013479144E-01    4.0474778360E-01   -5.5122370573E+03    4.9017674326E-02
    5.4239990006E-02    1.2379557569E+00   -1.7657190438E-01   -5.5167199663E+03    2.4605889258E-02
    5.4279990006E-02    9.9564307096E-01   -1.4667222132E-01   -5.5208680377E+03    1.7202101749E-02
    5.4319990006E-02    9.1665668002E-01    3.1493299554E-01   -5.5244534848E+03    4.0021422486E-02
    5.4359990006E-02    1.2547164689E+00   -1.5744898465E-01   -5.5289471587E+03    5.4911988712E-02
    5.4399990006E-02    7.5808699484E-01   -1.7195374989E-01   -5.5331903811E+03    4.5877507853E-02
    5.4439990006E-02    1.1256148033E+00    1.1365281240E-01   -5.5368415917E+03    2.2565307694E-02
    5.4479990006E-02    1.2252557968E+00   -9.2538979489E-02   -5.5411551986E+03    2.4547795533E-02
    5.4519990006E-02    5.9308293462E-01   -1.5160777403E-01   -5.5453094077E+03    5.0744130280E-02
    5.4559990006E-02    1.1057869016E+00    3.4887580921E-01   -5.5491812124E+03    3.3289853350E-02
    5.4599990006E-02    1.1679734454E+00   -7.1074370973E-02   -5.5535664997E+03    3.0525753422E-02
    5.4639990006E-02    7.1788633054E-01   -4.1964590689E-02   -5.5573642922E+03    4.5600076732E-02
    5.4679990006E-02    1.1575997489E+00    3.9283393808E-01   -5.5613435196E+03    4.9578514976E-02
    5.4719990006E-02    1.0454952586E+00   -3.8786233353E-01   -5.5659878456E+03    3.1257815267E-02
    5.4759990006E-02    8.8225584893E-01    7.3225403165E-02   -5.5697300678E+03    9.2038043639E-03
    5.4799990006E-02    1.1518529010E+00    3.2854717561E-01   -5.5736209432E+03    2.6677797383E-02
    5.4839990006E-02    9.9690243981E-01   -4.7164018077E-01   -5.5782310931E+03    5.0353198713E-02
    5.4879990006E-02    7.2694518072E-01    2.3797118445E-01   -5.5820379117E+03    4.7353641182E-02
    5.4919990006E-02    1.1965464348E+00   -1.9213753828E-02   -5.5860973510E+03    2.8597559257E-02
    5.4959990007E-02    9.5742380911E-01   -3.6990055627E-01   -5.5903581495E+03    3.0271974141E-02
    5.4999990007E-02    7.0685704388E-01    3.5540497992E-01   -5.5940898139E+03    4.7529134981E-02
    5.5039990007E-02    1.2478362636E+00   -9.7273572925E-02   -5.5985128625E+03    2.7711156339E-02
    5.5079990007E-02    1.0254072395E+00   -1.4629641492E-01   -5.6027315733E+03    2.1588398994E-02
    5.5119990007E-02    8.9705478401E-01    2.7748060815E-01   -5.6062978005E+03    4.1406517207E-02
    5.5159990007E-02    1.2631589825E+00   -8.0216552714E-02   -5.6107296141E+03    5.5750350690E-02
    5.5199990007E-02    7.6999594674E-01   -2.2559302694E-01   -5.6150476946E+03    4.4980893073E-02
    5.5239990007E-02    1.1020508466E+00    1.4142445106E-01   -5.6186869722E+03    1.8914908255E-02
    5.5279990007E-02    1.2352183581E+00    5.8372997165E-04   -5.6229552780E+03    2.2647929673E-02
    5.5319990007E-02    6.2272681984E-01   -2.2574906582E-01   -5.6271865873E+03    5.1952064556E-02
    5.5359990007E-02    1.0551275901E+00    3.9088473503E-01   -5.6310079833E+03    3.8268964819E-02
    5.5399990007E-02    1.1716018575E+00   -8.2551264154E-02   -5.6353993892E+03    3.1967290326E-02
    5.5439990007E-02    7.2775875735E-01   -9.8009641757E-02   -5.6392413725E+03    4.2939182177E-02
    5.5479990007E-02    1.1119848026E+00    4.3386435321E-01   -5.6431570088E+03    4.7348959548E-02
    5.5519990007E-02    1.0836065890E+00   -3.9567177119E-01   -5.6478236619E+03    2.8727598528E-02
    5.5559990007E-02    8.6693275831E-01    4.2123579508E-02   -5.6516346726E+03    9.8331907324E-03
    5.5599990007E-02    1.1245876801E+00    3.2704731671E-01   -5.6554493603E+03    2.9315658941E-02
    5.5639990007E-02    1.0544636036E+00   -4.5331392610E-01   -5.6600551447E+03    4.9919753874E-02
    5.5679990007E-02    6.9535378551E-01    1.8468424401E-01   -5.6639099978E+03    4.8660976848E-02
    5.5719990007E-02    1.1980280597E+00   -2.4939505219E-02   -5.6679278678E+03    2.6256678796E-02
    5.5759990007E-02    1.0190780010E+00   -3.4845028800E-01   -5.6722085910E+03    2.3702085373E-02
    5.5799990007E-02    6.6129531653E-01    2.8878048114E-01   -5.6759616278E+03    4.6236962925E-02
    5.5839990007E-02    1.2498301065E+00   -2.0855545202E-03   -5.6803075752E+03    3.1764591220E-02
    5.5879990007E-02    1.0483975553E+00   -1.4944423693E-01   -5.6845991126E+03    2.5963505808E-02
    5.5919990007E-02    8.7965424478E-01    2.3522437505E-01   -5.6881571918E+03    4.1837397436E-02
    5.5959990007E-02    1.2659981585E+00    5.9752276458E-03   -5.6925175146E+03    5.4855189287E-02
    5.5999990007E-02    7.8881078547E-01   -2.8213939683E-01   -5.6969155563E+03    4.2906962008E-02
    5.6039990007E-02    1.0615079310E+00    1.7919524713E-01   -5.7005531940E+03    1.4629322179E-02
    5.6079990007E-02    1.2358319376E+00    9.1439574791E-02   -5.7047683350E+03    2.1485346802E-02
    5.6119990007E-02    6.6737018901E-01   -2.9614993662E-01   -5.7090752402E+03    5.2909764269E-02
    5.6159990007E-02    9.9479457174E-01    4.1647567705E-01   -5.7128544032E+03    4.2814752033E-02
    5.6199990007E-02    1.1766797860E+00   -1.0248684904E-01   -5.7172443539E+03    3.2197158552E-02
    5.6239990007E-02    7.4937629399E-01   -1.5535493049E-01   -5.7211394400E+03    3.8347838492E-02
    5.6279990007E-02    1.0527253218E+00    4.6353474551E-01   -5.7249904374E+03    4.4479002041E-02
    5.6319990007E-02    1.1289115130E+00   -3.8783806006E-01   -5.7296668089E+03    2.7408362666E-02
    5.6359990007E-02    8.6219292243E-01    4.7173498727E-03   -5.7335556260E+03    1.3358312420E-02
    5.6399990007E-02    1.0992152520E+00    3.1348972289E-01   -5.7372911149E+03    3.2646693160E-02
    5.6439990007E-02    1.1093013969E+00   -4.2122263458E-01   -5.7418819865E+03    5.0641943063E-02
    5.6479990007E-02    6.6971593879E-01    1.2279705945E-01   -5.7457974395E+03    5.0399212770E-02
    5.6519990007E-02    1.1993718054E+00   -1.9317826179E-02   -5.7497677267E+03    2.4670161624E-02
    5.6559990007E-02    1.0806419238E+00   -3.0580595368E-01   -5.7540610795E+03    1.9842659933E-02
    5.6599990007E-02    6.2510052628E-01    2.0937811830E-01   -5.7578532460E+03    4.7591438922E-02
    5.6639990007E-02    1.2434037407E+00    9.7463300006E-02   -5.7621120649E+03    3.7339791436E-02
    5.6679990007E-02    1.0685237184E+00   -1.5361251734E-01   -5.7664690474E+03    3.1178824653E-02
    5.6719990007E-02    8.6015723232E-01    1.9006481753E-01   -5.7700314896E+03    4.2627934137E-02
    5.6759990007E-02    1.2631265778E+00    9.6501514481E-02   -5.7743150246E+03    5.3756298895E-02
    5.6799990007E-02    8.1927943423E-01   -3.3635959313E-01   -5.7787930393E+03    4.0948510856E-02
    5.6839990007E-02    1.0102302186E+00    2.0535175277E-01   -5.7824385863E+03    1.1921823605E-02
    5.6879990007E-02    1.2279418809E+00    1.6070504585E-01   -5.7865918350E+03    2.1816571075E-02
    5.6919990007E-02    7.2229762291E-01   -3.5610901332E-01   -5.7909654937E+03    5.3219162399E-02
    5.6959990007E-02    9.3057763231E-01    4.2131789819E-01   -5.7947154642E+03    4.6101141526E-02
    5.6999990007E-02    1.1837372813E+00   -1.2133155799E-01   -5.7990912077E+03    3.1197591610E-02
    5.7039990007E-02    7.8216409990E-01   -2.0817667463E-01   -5.8030477367E+03    3.2501038950E-02
    5.7079990007E-02    9.8476814426E-01    4.7462559638E-01   -5.8068402721E+03    4.1780124239E-02
    5.7119990007E-02    1.1741794580E+00   -3.5399318347E-01   -5.8115058072E+03    2.7854228939E-02
    5.7159990007E-02    8.6774936053E-01   -3.8014385637E-02   -5.8154770576E+03    1.7718765735E-02
    5.7199990007E-02    1.0756473621E+00    2.9526965261E-01   -5.8191447535E+03    3.4950442607E-02
    5.7239990007E-02    1.1581020437E+00   -3.7318656623E-01   -5.8237126816E+03    5.0880635802E-02
    5.7279990007E-02    6.5471329407E-01    5.1810452011E-02   -5.8277003930E+03    5.0787406205E-02
    5.7319990007E-02    1.1966139410E+00    7.8353939228E-03   -5.8316138750E+03    2.2678273013E-02
    5.7359990007E-02    1.1353853542E+00   -2.4083503532E-01   -5.8359169051E+03    1.7966188095E-02
    5.7399990007E-02    6.0412351335E-01    1.2032352837E-01   -5.8397667126E+03    4.9323489836E-02
    5.7439990007E-02    1.2258374741E+00    1.9342687242E-01   -5.8439302307E+03    4.1479222542E-02
    5.7479990007E-02    1.0857530247E+00   -1.6224670180E-01   -5.8483423305E+03    3.4681139154E-02
    5.7519990007E-02    8.3777547402E-01    1.4147753008E-01   -5.8519247031E+03    4.1682439121E-02
    5.7559990007E-02    1.2515878770E+00    1.8770719157E-01   -5.8561267154E+03    5.0387206893E-02
    5.7599990007E-02    8.6362816814E-01   -3.8468818877E-01   -5.8606795823E+03    3.8040674204E-02
    5.7639990007E-02    9.5319579011E-01    2.1254143757E-01   -5.8643462756E+03    1.0635331722E-02
    5.7679990007E-02    1.2128033585E+00    2.0729925018E-01   -5.8684289312E+03    2.3408227046E-02
    5.7719990007E-02    7.8682833122E-01   -4.0318077045E-01   -5.8728561132E+03    5.2330745416E-02
    5.7759990007E-02    8.6391896787E-01    4.0681357234E-01   -5.8765923108E+03    4.8085784625E-02
    5.7799990007E-02    1.1917552890E+00   -1.3725824853E-01   -5.8809437915E+03    2.8878289860E-02
    5.7839990007E-02    8.2968732238E-01   -2.5151129365E-01   -5.8849663799E+03    2.5274554080E-02
    5.7879990007E-02    9.1161264023E-01    4.6320440895E-01   -5.8887092532E+03    3.9329537443E-02
    5.7919990007E-02    1.2131509115E+00   -2.9321809331E-01   -5.8933407531E+03    3.0378960942E-02
    5.7959990007E-02    8.8300680034E-01   -8.1844837044E-02   -5.8974018138E+03    2.2927215182E-02
    5.7999990007E-02    1.0531998278E+00    2.7235788557E-01   -5.9010128070E+03    3.6696717937E-02
    5.8039990007E-02    1.1990867056E+00   -3.0777275381E-01   -5.9055451524E+03    5.0722279481E-02
    5.8079990007E-02    6.4915250474E-01   -2.7053064836E-02   -5.9096172594E+03    5.0069819547E-02
    5.8119990007E-02    1.1845382993E+00    6.1723490203E-02   -5.9134712996E+03    1.9676004987E-02
    5.8159990007E-02    1.1796266927E+00   -1.5148889341E-01   -5.9177773744E+03    1.7757975774E-02
    5.8199990007E-02    5.9843746619E-01    2.4579427932E-02   -5.9217016275E+03    5.1291105438E-02
    5.8239990007E-02    1.1948752968E+00    2.8276163864E-01   -5.9257662926E+03    4.4764412979E-02
    5.8279990007E-02    1.1011503072E+00   -1.7619654707E-01   -5.9302241269E+03    3.6466492703E-02
    5.8319990007E-02    8.1691309365E-01    8.5626588988E-02   -5.9338418833E+03    3.8882652058E-02
    5.8359990007E-02    1.2277605758E+00    2.7666382160E-01   -5.9379554669E+03    4.5652739269E-02
    5.8399990007E-02    9.2004960296E-01   -4.2514241663E-01   -5.9425754620E+03    3.5332956013E-02
    5.8439990007E-02    8.9638820329E-01    1.9849868566E-01   -5.9462812520E+03    1.1947146330E-02
    5.8479990007E-02    1.1927648267E+00    2.3205594490E-01   -5.9502808741E+03    2.6473056536E-02
    5.8519990007E-02    8.5890555914E-01   -4.3633340472E-01   -5.9547470348E+03    5.1735265647E-02
    5.8559990007E-02    7.9622295143E-01    3.7473558613E-01   -5.9584880198E+03    5.0432742399E-02
    5.8599990007E-02    1.2004045496E+00   -1.4494390969E-01   -5.9628033198E+03    2.7168156001E-02
    5.8639990007E-02    8.9124025059E-01   -2.8056729367E-01   -5.9668904326E+03    1.9416505850E-02
    5.8679990007E-02    8.3689945174E-01    4.3049167852E-01   -5.9705994234E+03    3.9660095554E-02
    5.8719990007E-02    1.2417596610E+00   -2.1113775448E-01   -5.9751744984E+03    3.6167341267E-02
    5.8759990007E-02    9.0906432419E-01   -1.2200049466E-01   -5.9793287310E+03    2.9259055142E-02
    5.8799990007E-02    1.0297606404E+00    2.4770107093E-01   -5.9828951103E+03    3.8624895408E-02
    5.8839990007E-02    1.2308544635E+00   -2.2635755376E-01   -5.9873794094E+03    5.1260743644E-02
    5.8879990007E-02    6.5448538666E-01   -1.1155222975E-01   -5.9915475771E+03    4.9165746809E-02
    5.8919990007E-02    1.1565760055E+00    1.3361187333E-01   -5.9953429038E+03    1.6873099805E-02
    5.8959990007E-02    1.2074893850E+00   -5.5413123258E-02   -5.9996380118E+03    1.8824776246E-02
    5.8999990007E-02    6.0693440054E-01   -7.0740478248E-02   -6.0036485013E+03    5.2627379087E-02
    5.9039990007E-02    1.1496416891E+00    3.5582620241E-01   -6.0076191392E+03    4.6604793321E-02
    5.9079990007E-02    1.1175837963E+00   -1.9063127157E-01   -6.0121068927E+03    3.6025290517E-02
    5.9119990007E-02    8.0022152625E-01    2.4485359829E-02   -6.0157781012E+03    3.4242921208E-02
    5.9159990007E-02    1.1888534209E+00    3.5301311220E-01   -6.0198011581E+03    4.0431927180E-02
    5.9199990007E-02    9.8701231197E-01   -4.4757147390E-01   -6.0244704275E+03    3.3349566395E-02
    5.9239990007E-02    8.4852539743E-01    1.6185424739E-01   -6.0282324754E+03    1.5419225771E-02
    5.9279990007E-02    1.1726770702E+00    2.3724692596E-01   -6.0321462047E+03    2.9372403082E-02
    5.9319990007E-02    9.3597870421E-01   -4.5152828820E-01   -6.0366400341E+03    5.0640726799E-02
    5.9359990007E-02    7.3195973243E-01    3.2254204755E-01   -6.0404066321E+03    5.1976527781E-02
    5.9399990007E-02    1.2103607653E+00   -1.3397525118E-01   -6.0446676466E+03    2.5140486693E-02
    5.9439990007E-02    9.6197438511E-01   -2.8858770697E-01   -6.0488185024E+03    1.5419179799E-02
    5.9479990007E-02    7.6794035461E-01    3.7389699289E-01   -6.0525150162E+03    4.1586165743E-02
    5.9519990007E-02    1.2579246797E+00   -1.0961624724E-01   -6.0570094935E+03    4.2830538838E-02
    5.9559990007E-02    9.4161525392E-01   -1.5744867191E-01   -6.0612562822E+03    3.4614570979E-02
    5.9599990007E-02    1.0027095914E+00    2.2279109017E-01   -6.0647947489E+03    3.9458972506E-02
    5.9639990007E-02    1.2520285433E+00   -1.2766959621E-01   -6.0692174549E+03    5.1029868603E-02
    5.9679990007E-02    6.7465092696E-01   -2.0052204534E-01   -6.0734917295E+03    4.7084736120E-02
    5.9719990007E-02    1.1086135962E+00    2.0600552261E-01   -6.0772350660E+03    1.4416988809E-02
    5.9759990007E-02    1.2199110009E+00    3.1576496166E-02   -6.0815000349E+03    2.0402489769E-02
    5.9799990007E-02    6.3097372248E-01   -1.6333618861E-01   -6.0856029297E+03    5.3022088210E-02
    5.9839990007E-02    1.0899184766E+00    4.0985894089E-01   -6.0894891387E+03    4.7656890057E-02
    5.9879990007E-02    1.1351518610E+00   -2.0613981714E-01   -6.0939916894E+03    3.4086920836E-02
    5.9919990007E-02    7.9522326138E-01   -4.1147065609E-02   -6.0977340593E+03    2.7961706490E-02
    5.9959990007E-02    1.1331276978E+00    4.1079572521E-01   -6.1016650602E+03    3.5538569545E-02
    5.9999990007E-02    1.0602168431E+00   -4.4418401041E-01   -6.1063606127E+03    3.2630971269E-02
    6.0039990007E-02    8.1425972362E-01    1.0725667877E-01   -6.1101974095E+03    2.0434390354E-02
    6.0079990007E-02    1.1533962409E+00    2.2810830174E-01   -6.1140251232E+03    3.1545300373E-02
    6.0119990007E-02    1.0148120729E+00   -4.4428490800E-01   -6.1185333591E+03    4.9150676283E-02
    6.0159990007E-02    6.7581185122E-01    2.5091375835E-01   -6.1223486503E+03    5.2683991801E-02
    6.0199990007E-02    1.2185466570E+00   -9.9357318781E-02   -6.1265369632E+03    2.2849176995E-02
    6.0239990007E-02    1.0372248783E+00   -2.6689106011E-01   -6.1307494482E+03    1.3635676109E-02
    6.0279990007E-02    7.1136555274E-01    2.9492025935E-01   -6.1344584063E+03    4.4211582638E-02
    6.0319990007E-02    1.2614795393E+00    7.2352346482E-03   -6.1388496611E+03    4.8168767656E-02
    6.0359990007E-02    9.7487342799E-01   -1.8965238647E-01   -6.1431876135E+03    3.8129860449E-02
    6.0399990007E-02    9.7187056818E-01    1.9361379207E-01   -6.1467164182E+03    3.8620988872E-02
    6.0439990007E-02    1.2617441361E+00   -1.2358028733E-02   -6.1510600578E+03    4.8955431774E-02
    6.0479990007E-02    7.1269090185E-01   -2.9071945354E-01   -6.1554475193E+03    4.4257926776E-02
    6.0519990007E-02    1.0418630640E+00    2.6047476139E-01   -6.1591549588E+03    1.3379855995E-02
    6.0559990007E-02    1.2197455420E+00    9.8444165869E-02   -6.1633692484E+03    2.2468544834E-02
    6.0599990007E-02    6.7330590627E-01   -2.5053883170E-01   -6.1675621175E+03    5.2664408923E-02
    6.0639990007E-02    1.0161516836E+00    4.4234559449E-01   -6.1713780448E+03    4.8760224060E-02
    6.0679990007E-02    1.1541463295E+00   -2.2169261616E-01   -6.1758811863E+03    3.1556401943E-02
    6.0719990007E-02    8.0978951676E-01   -1.0787645111E-01   -6.1797089864E+03    2.1333228079E-02
    6.0759990007E-02    1.0619031950E+00    4.4482260032E-01   -6.1835500818E+03    3.2953088043E-02
    6.0799990007E-02    1.1314917604E+00   -4.1070661978E-01   -6.1882463620E+03    3.4592262627E-02
    6.0839990007E-02    7.9921076970E-01    4.0617521524E-02   -6.1921742974E+03    2.6709927133E-02
    6.0879990007E-02    1.1336178524E+00    2.1283353470E-01   -6.1959171478E+03    3.3840909422E-02
    6.0919990008E-02    1.0899577985E+00   -4.1115816613E-01   -6.2004257327E+03    4.7774205330E-02
    6.0959990008E-02    6.3323243434E-01    1.6200856044E-01   -6.2043136814E+03    5.2774446725E-02
    6.0999990008E-02    1.2190356550E+00   -3.3655361097E-02   -6.2084117462E+03    2.0490793057E-02
    6.1039990008E-02    1.1070345154E+00   -2.1186305185E-01   -6.2126773747E+03    1.4361315174E-02
    6.1079990008E-02    6.7096506896E-01    2.0060680281E-01   -6.2164256195E+03    4.7079166657E-02
    6.1119990008E-02    1.2514705080E+00    1.2765483311E-01   -6.2206998230E+03    5.0483600213E-02
    6.1159990008E-02    1.0074236666E+00   -2.1870693414E-01   -6.2251208158E+03    3.9213571703E-02
    6.1199990008E-02    9.3627813424E-01    1.5880307675E-01   -6.2286608253E+03    3.5310886289E-02
    6.1239990008E-02    1.2582803579E+00    1.1064197578E-01   -6.2329098696E+03    4.3682689039E-02
    6.1279990008E-02    7.7223541754E-01   -3.7356739821E-01   -6.2374074149E+03    4.1334897801E-02
    6.1319990008E-02    9.6306739254E-01    2.8335227480E-01   -6.2411031169E+03    1.4822812177E-02
    6.1359990008E-02    1.2110183182E+00    1.3940930226E-01   -6.2452506415E+03    2.4986257220E-02
    6.1399990008E-02    7.3386185739E-01   -3.2799719516E-01   -6.2495248862E+03    5.2097068417E-02
    6.1439990008E-02    9.3129901051E-01    4.4926001265E-01   -6.2532903434E+03    5.0496238553E-02
    6.1479990008E-02    1.1743795440E+00   -2.2998866100E-01   -6.2577761083E+03    2.9372053624E-02
    6.1519990008E-02    8.4600464519E-01   -1.6877434111E-01   -6.2616975034E+03    1.6115776936E-02
    6.1559990008E-02    9.8113519457E-01    4.5012879793E-01   -6.2654602158E+03    3.3743216050E-02
    6.1599990008E-02    1.1917127360E+00   -3.4774599017E-01   -6.2701292347E+03    3.9579956997E-02
    6.1639990008E-02    8.0740267183E-01   -3.0785705012E-02   -6.2741585556E+03    3.3302379946E-02
    6.1679990008E-02    1.1123358946E+00    1.9862119031E-01   -6.2778234022E+03    3.6187614328E-02
    6.1719990008E-02    1.1556452841E+00   -3.5131688767E-01   -6.2823178212E+03    4.7131748456E-02
    6.1759990008E-02    6.0915794753E-01    5.8885155374E-02   -6.2863022161E+03    5.2471084014E-02
    6.1799990008E-02    1.2048508681E+00    5.8287403313E-02   -6.2902971408E+03    1.8705118603E-02
    6.1839990008E-02    1.1604092635E+00   -1.3284025434E-01   -6.2945950630E+03    1.6860265637E-02
    6.1879990008E-02    6.4644395787E-01    9.9012535281E-02   -6.2984086438E+03    4.9561567536E-02
    6.1919990008E-02    1.2260710636E+00    2.3807135421E-01   -6.3025636377E+03    5.0751130235E-02
    6.1959990008E-02    1.0404807007E+00   -2.4150601245E-01   -6.3070507444E+03    3.8447904712E-02
    6.1999990008E-02    8.9634387842E-01    1.1639700278E-01   -6.3106248849E+03    3.0239308681E-02
    6.2039990008E-02    1.2392939082E+00    2.2483885321E-01   -6.3147717062E+03    3.7104676404E-02
    6.2079990008E-02    8.5239124818E-01   -4.3476084635E-01   -6.3193610658E+03    3.8931739471E-02
    6.2119990008E-02    8.8602217776E-01    2.6831773266E-01   -6.3230742051E+03    1.8587971787E-02
    6.2159990008E-02    1.1989147152E+00    1.5822447592E-01   -6.3271437285E+03    2.7303940006E-02
    6.2199990008E-02    8.1005056461E-01   -3.8839762088E-01   -6.3314880138E+03    5.0617191716E-02
    6.2239990008E-02    8.4152445886E-01    4.2620908641E-01   -6.3352289900E+03    5.1815223244E-02
    6.2279990008E-02    1.1963256010E+00   -2.1900820512E-01   -6.3396738530E+03    2.6371495750E-02
    6.2319990008E-02    9.0132059366E-01   -2.1396312704E-01   -6.3436948942E+03    1.2485182928E-02
    6.2359990008E-02    8.9926034019E-01    4.2385480997E-01   -6.3473992396E+03    3.6134937123E-02
    6.2399990008E-02    1.2347089337E+00   -2.5487049718E-01   -6.3520090953E+03    4.5060931446E-02
    6.2439990008E-02    8.3477995484E-01   -1.0092962252E-01   -6.3561452655E+03    3.8029463077E-02
    6.2479990008E-02    1.0880217939E+00    1.8726244683E-01   -6.3597478683E+03    3.6944111940E-02
    6.2519990008E-02    1.2072037538E+00   -2.6198874646E-01   -6.3642086240E+03    4.5805638069E-02
    6.2559990008E-02    6.0680315743E-01   -5.6026190983E-02   -6.3683108386E+03    5.0676284502E-02
    6.2599990008E-02    1.1688537591E+00    1.6401544708E-01   -6.3722019243E+03    1.7026057291E-02
    6.2639990008E-02    1.1925629125E+00   -4.7652671232E-02   -6.3765073498E+03    1.9623235145E-02
    6.2679990008E-02    6.3919581535E-01   -7.1942460959E-03   -6.3804069761E+03    5.0580890116E-02
    6.2719990008E-02    1.1819202667E+00    3.3294820726E-01   -6.3844450784E+03    4.9811113992E-02
    6.2759990008E-02    1.0726304549E+00   -2.6210376810E-01   -6.3889812027E+03    3.5956593728E-02
    6.2799990008E-02    8.6150679998E-01    6.1122712423E-02   -6.3926159430E+03    2.3558692079E-02
    6.2839990008E-02    1.2003728734E+00    3.2094425364E-01   -6.3966527651E+03    3.1023796529E-02
    6.2879990008E-02    9.4687223208E-01   -4.6580543639E-01   -6.4013074642E+03    3.7707169522E-02
    6.2919990008E-02    8.1847687688E-01    2.2109935269E-01   -6.4050705606E+03    2.4260505429E-02
    6.2959990008E-02    1.1859789334E+00    1.5749156701E-01   -6.4090508595E+03    2.9255819572E-02
    6.2999990008E-02    8.9873947129E-01   -4.2381767545E-01   -6.4134476209E+03    4.8013499918E-02
    6.3039990007E-02    7.5273318220E-01    3.7233229722E-01   -6.4171956881E+03    5.2414813161E-02
    6.3079990007E-02    1.2176659884E+00   -1.8015539560E-01   -6.4215748618E+03    2.2940137306E-02
    6.3119990007E-02    9.7468803127E-01   -2.3028846324E-01   -6.4256971963E+03    1.1148236080E-02
    6.3159990007E-02    8.2260789588E-01    3.6769459384E-01   -6.4293684163E+03    3.9592903583E-02
    6.3199990007E-02    1.2590369029E+00   -1.3447374585E-01   -6.4338864496E+03    5.0491400498E-02
    6.3239990007E-02    8.7316853823E-01   -1.6577033978E-01   -6.4381352135E+03    4.0848730077E-02
    6.3279990007E-02    1.0593353912E+00    1.7468205547E-01   -6.4416963509E+03    3.5418388395E-02
    6.3319990007E-02    1.2412201327E+00   -1.4206813672E-01   -6.4460964596E+03    4.3273761344E-02
    6.3359990007E-02    6.2790166409E-01   -1.7933422009E-01   -6.4503341370E+03    4.7980891992E-02
    6.3399990007E-02    1.1053608403E+00    2.6067678742E-01   -6.4541348864E+03    1.6647072967E-02
    6.3439990007E-02    1.2059829536E+00    2.4164483712E-02   -6.4584201505E+03    2.2819882780E-02
    6.3479990007E-02    6.5110407860E-01   -1.1601164094E-01   -6.4624195246E+03    5.1547183040E-02
    6.3519990007E-02    1.1165827325E+00    4.0850515277E-01   -6.4663491274E+03    5.0196162869E-02
    6.3559990007E-02    1.1052945139E+00   -2.7913125921E-01   -6.4709142584E+03    3.3735055227E-02
    6.3599990007E-02    8.4425113758E-01   -7.4770717359E-03   -6.4746331597E+03    1.7966131865E-02
    6.3639990007E-02    1.1400989396E+00    3.9182795204E-01   -6.4785577055E+03    2.9057250853E-02
    6.3679990007E-02    1.0441908096E+00   -4.6277819020E-01   -6.4832477976E+03    3.9928506250E-02
    6.3719990007E-02    7.7309607728E-01    1.4807870961E-01   -6.4870911269E+03    3.1663149597E-02
    6.3759990007E-02    1.1704144592E+00    1.4973042757E-01   -6.4909694872E+03    3.2292256736E-02
    6.3799990007E-02    9.9257997135E-01   -4.2997005417E-01   -6.4954036573E+03    4.6306608638E-02
    6.3839990007E-02    6.7370370276E-01    2.8880972453E-01   -6.4991956097E+03    5.3538107255E-02
    6.3879990007E-02    1.2296455026E+00   -1.0745332258E-01   -6.5034762706E+03    2.1193395775E-02
    6.3919990007E-02    1.0519875795E+00   -2.1183380070E-01   -6.5076851794E+03    1.2891188182E-02
    6.3959990007E-02    7.5688590531E-01    2.9033678299E-01   -6.5113583553E+03    4.3526419504E-02
    6.3999990007E-02    1.2651437711E+00   -5.1620305164E-05   -6.5157617898E+03    5.3728944609E-02
    6.4039990007E-02    9.1925248423E-01   -2.1875904104E-01   -6.5201187093E+03    4.1357418670E-02
    6.4079990007E-02    1.0207547277E+00    1.6332371166E-01   -6.5236620038E+03    3.1975604333E-02
    6.4119990007E-02    1.2557089058E+00   -5.6643462451E-03   -6.5279797396E+03    3.9528660602E-02
    6.4159990007E-02    6.7960639298E-01   -2.9614590021E-01   -6.5323557551E+03    4.5271147969E-02
    6.4199990007E-02    1.0221308833E+00    3.1541659928E-01   -6.5360941940E+03    1.8179148422E-02
    6.4239990007E-02    1.2076689716E+00    6.8945743028E-02   -6.5403361038E+03    2.4821864014E-02
    6.4279990007E-02    6.8597113746E-01   -2.2096944723E-01   -6.5444437503E+03    5.1158536706E-02
    6.4319990007E-02    1.0297699122E+00    4.5336889320E-01   -6.5482807780E+03    5.0449331645E-02
    6.4359990007E-02    1.1402727543E+00   -2.8475994798E-01   -6.5528474239E+03    3.0817981356E-02
    6.4399990007E-02    8.4918977364E-01   -8.0778698365E-02   -6.5566714665E+03    1.3516031931E-02
    6.4439990007E-02    1.0636116263E+00    4.2478975682E-01   -6.5604922827E+03    2.9935910692E-02
    6.4479990007E-02    1.1330193974E+00   -4.1781286190E-01   -6.5651811031E+03    4.2944605606E-02
    6.4519990007E-02    7.5833986761E-01    5.7642738028E-02   -6.5691258657E+03    3.7189708961E-02
    6.4559990007E-02    1.1521075621E+00    1.4420374118E-01   -6.5729013771E+03    3.4015942370E-02
    6.4599990007E-02    1.0841370733E+00   -3.9692148102E-01   -6.5773556952E+03    4.3802442377E-02
    6.4639990007E-02    6.1597219635E-01    1.7657178359E-01   -6.5812301252E+03    5.3097605996E-02
    6.4679990007E-02    1.2256196421E+00    7.8970041767E-04   -6.5853830561E+03    2.0159919075E-02
    6.4719990007E-02    1.1202312895E+00   -1.5678070338E-01   -6.5896598902E+03    1.6157910738E-02
    6.4759990007E-02    7.0881514238E-01    1.9342557637E-01   -6.5933712235E+03    4.6281132497E-02
    6.4799990007E-02    1.2539455779E+00    1.3730103857E-01   -6.5976438982E+03    5.3234587463E-02
    6.4839990007E-02    9.6655943104E-01   -2.6218629829E-01   -6.6020995682E+03    3.9609802977E-02
    6.4879990007E-02    9.7165189874E-01    1.4443203366E-01   -6.6056551538E+03    2.6056205294E-02
    6.4919990006E-02    1.2503525638E+00    1.3553506596E-01   -6.6098670269E+03    3.2903433619E-02
    6.4959990006E-02    7.6352305639E-01   -3.9379231068E-01   -6.6143702637E+03    4.2660027342E-02
    6.4999990006E-02    9.2707927044E-01    3.2548491583E-01   -6.6180859774E+03    2.2296866423E-02
    6.5039990006E-02    1.2030602679E+00    9.1240836834E-02   -6.6222630463E+03    2.6576860500E-02
    6.5079990006E-02    7.4984759147E-01   -3.1293883846E-01   -6.6264707170E+03    4.9189609177E-02
    6.5119990006E-02    9.2610876257E-01    4.6130036114E-01   -6.6302407760E+03    5.0802723916E-02
    6.5159990006E-02    1.1766726293E+00   -2.7450442804E-01   -6.6347838149E+03    2.6571125244E-02
    6.5199990006E-02    8.8504009983E-01   -1.4549191875E-01   -6.6387308499E+03    1.0276126050E-02
    6.5239990006E-02    9.7933283292E-01    4.1861474091E-01   -6.6424602287E+03    3.2985775786E-02
    6.5279990006E-02    1.2029699577E+00   -3.3222000041E-01   -6.6471077810E+03    4.7245255463E-02
    6.5319990006E-02    7.7126473082E-01   -3.8971924274E-02   -6.6511712872E+03    4.1396539139E-02
    6.5359990006E-02    1.1314630800E+00    1.3966895070E-01   -6.6548556192E+03    3.4437070750E-02
    6.5399990006E-02    1.1629719395E+00   -3.1872044111E-01   -6.6593008985E+03    4.0898213449E-02
    6.5439990006E-02    5.8623864182E-01    4.1963619177E-02   -6.6632954383E+03    5.1688416066E-02
    6.5479990006E-02    1.1976396674E+00    1.3443073699E-01   -6.6673082825E+03    1.9621735416E-02
    6.5519990006E-02    1.1671299654E+00   -8.0341295146E-02   -6.6716234235E+03    2.0517778663E-02
    6.5559990006E-02    6.7909266981E-01    8.2169455126E-02   -6.6754061085E+03    4.8838597588E-02
    6.5599990006E-02    1.2225572942E+00    2.6504991360E-01   -6.6795433043E+03    5.2445149819E-02
    6.5639990006E-02    1.0144809934E+00   -2.9501972527E-01   -6.6840790746E+03    3.7738566136E-02
    6.5679990006E-02    9.2030978142E-01    1.0556246037E-01   -6.6876792761E+03    2.0511010449E-02
    6.5719990006E-02    1.2233852406E+00    2.6110643167E-01   -6.6917703804E+03    2.8258333630E-02
    6.5759990006E-02    8.6964694245E-01   -4.5794983432E-01   -6.6963747688E+03    4.2763879363E-02
    6.5799990006E-02    8.3780627885E-01    2.8946392471E-01   -6.7001132657E+03    2.9323464152E-02
    6.5839990006E-02    1.1959854055E+00    9.9053576094E-02   -6.7041988944E+03    2.9161103347E-02
    6.5879990006E-02    8.3617137131E-01   -3.8230140387E-01   -6.7084939694E+03    4.7380758265E-02
    6.5919990006E-02    8.1636887706E-01    4.2840689988E-01   -6.7122348086E+03    5.2319876623E-02
    6.5959990006E-02    1.2104491062E+00   -2.3138236176E-01   -6.7167186389E+03    2.3363575814E-02
    6.5999990006E-02    9.4727526387E-01   -1.8743682850E-01   -6.7207856264E+03    1.0320200641E-02
    6.6039990006E-02    8.9555784055E-01    3.8315284414E-01   -6.7244526486E+03    3.7263994986E-02
    6.6079990006E-02    1.2461461846E+00   -2.1409339655E-01   -6.7290234272E+03    5.1400482830E-02
    6.6119990006E-02    8.0848588722E-01   -1.2941900929E-01   -6.7332115614E+03    4.3126622434E-02
    6.6159990006E-02    1.1042010913E+00    1.4297243852E-01   -6.7368257876E+03    3.2577767199E-02
    6.6199990006E-02    1.2179278454E+00   -2.0197830818E-01   -6.7412326272E+03    3.7904131567E-02
    6.6239990006E-02    5.9223163508E-01   -1.0245762943E-01   -6.7453743730E+03    4.9508685810E-02
    6.6279990006E-02    1.1392349020E+00    2.5309167778E-01   -6.7492562389E+03    1.9811634492E-02
    6.6319990006E-02    1.1898862350E+00   -1.8532495345E-02   -6.7535782108E+03    2.3582990284E-02
    6.6359990006E-02    6.6688872693E-01   -3.6521841237E-02   -6.7574623958E+03    4.9955619171E-02
    6.6399990006E-02    1.1649038066E+00    3.6955831267E-01   -6.7614688792E+03    5.1140001535E-02
    6.6439990006E-02    1.0645433193E+00   -3.1448150766E-01   -6.7660556465E+03    3.4684071937E-02
    6.6479990006E-02    8.7846834599E-01    4.4696511079E-02   -6.7697349736E+03    1.5397854273E-02
    6.6519990006E-02    1.1710035661E+00    3.5205376057E-01   -6.7737025942E+03    2.6615185909E-02
    6.6559990006E-02    9.8617290656E-01   -4.7638604713E-01   -6.7783675107E+03    4.3933627294E-02
    6.6599990006E-02    7.7057668441E-01    2.1296828517E-01   -6.7821720188E+03    3.5941896586E-02
    6.6639990006E-02    1.1851894161E+00    9.8287261657E-02   -6.7861460401E+03    3.1338436882E-02
    6.6679990006E-02    9.3873531469E-01   -4.1598982125E-01   -6.7905113662E+03    4.4278218766E-02
    6.6719990006E-02    7.1231805223E-01    3.5083992728E-01   -6.7942694540E+03    5.2812414642E-02
    6.6759990006E-02    1.2323387681E+00   -1.4596795887E-01   -6.7986507534E+03    2.1615171066E-02
    6.6799990006E-02    1.0258568360E+00   -1.9134829235E-01   -6.8028275968E+03    1.2908462228E-02
    6.6839990005E-02    8.1810703120E-01    3.1848488670E-01   -6.8064704972E+03    4.1380814429E-02
    6.6879990005E-02    1.2646763874E+00   -6.9787335920E-02   -6.8109302394E+03    5.4390653395E-02
    6.6919990005E-02    8.5903301834E-01   -2.0796885044E-01   -6.8152462009E+03    4.2529596520E-02
    6.6959990005E-02    1.0653776114E+00    1.4881486885E-01   -6.8188193433E+03    2.8209050397E-02
    6.6999990005E-02    1.2463997450E+00   -5.4096713946E-02   -6.8231530762E+03    3.3879135638E-02
    6.7039990005E-02    6.3822098355E-01   -2.4561996938E-01   -6.8274546389E+03    4.6815544557E-02
    6.7079990005E-02    1.0510749035E+00    3.3178925084E-01   -6.8312369004E+03    2.1819818162E-02
    6.7119990005E-02    1.1983053821E+00    2.2158226104E-02   -6.8355337304E+03    2.5537630966E-02
    6.7159990005E-02    6.8315825280E-01   -1.5751464913E-01   -6.8395363620E+03    4.9455416047E-02
    6.7199990005E-02    1.0776800927E+00    4.4181899815E-01   -6.8434241535E+03    5.0192094203E-02
    6.7239990005E-02    1.1149347549E+00   -3.2168985812E-01   -6.8480306507E+03    3.0721268693E-02
    6.7279990005E-02    8.6336131295E-01   -3.1762210962E-02   -6.8518237394E+03    1.1086036963E-02
    6.7319990005E-02    1.0964030050E+00    3.9816577736E-01   -6.8556691912E+03    2.8221502385E-02
    6.7359990005E-02    1.0977693668E+00   -4.4323959738E-01   -6.8603492651E+03    4.6149558597E-02
    6.7399990005E-02    7.3589078975E-01    1.0870036294E-01   -6.8642570081E+03    4.1197472437E-02
    6.7439990005E-02    1.1700135823E+00    9.6828181444E-02   -6.8681099773E+03    3.2544961466E-02
    6.7479990005E-02    1.0472180679E+00   -4.0050425076E-01   -6.8725192084E+03    4.0503240648E-02
    6.7519990005E-02    6.2807122923E-01    2.3124456112E-01   -6.8763477633E+03    5.2578582505E-02
    6.7559990005E-02    1.2340668292E+00   -1.7219125157E-02   -6.8805851548E+03    2.1732882464E-02
    6.7599990005E-02    1.1016058987E+00   -1.5068192315E-01   -6.8848521580E+03    1.7477767303E-02
    6.7639990005E-02    7.5508535687E-01    2.2611387401E-01   -6.8885156690E+03    4.5083138994E-02
    6.7679990005E-02    1.2618871206E+00    8.7527888190E-02   -6.8928377804E+03    5.5126722787E-02
    6.7719990005E-02    9.1663123453E-01   -2.7129192264E-01   -6.8972765109E+03    4.0899331038E-02
    6.7759990005E-02    1.0113242299E+00    1.4628089997E-01   -6.9008439601E+03    2.3115366022E-02
    6.7799990005E-02    1.2494595585E+00    1.0457322246E-01   -6.9050709008E+03    2.9457797052E-02
    6.7839990005E-02    7.2426516313E-01   -3.6907717145E-01   -6.9095263211E+03    4.5684614855E-02
    6.7879990005E-02    9.4520304841E-01    3.5489616672E-01   -6.9132579031E+03    2.7127297751E-02
    6.7919990005E-02    1.1998191296E+00    4.6903706692E-02   -6.9174929483E+03    2.7665961221E-02
    6.7959990005E-02    7.3477009165E-01   -2.7004328805E-01   -6.9216180851E+03    4.8112257309E-02
    6.7999990005E-02    9.6482144741E-01    4.7023525315E-01   -6.9254133106E+03    5.0646783099E-02
    6.8039990005E-02    1.1652416129E+00   -3.0561906739E-01   -6.9300029850E+03    2.6377726897E-02
    6.8079990005E-02    8.8578793786E-01   -1.0765147953E-01   -6.9339287498E+03    9.3059399115E-03
    6.8119990005E-02    1.0127977146E+00    4.0206002085E-01   -6.9376657089E+03    3.2092409389E-02
    6.8159990005E-02    1.1850990719E+00   -3.5990364783E-01   -6.9423158186E+03    4.8908687526E-02
    6.8199990005E-02    7.4094383911E-01   -6.4766799751E-03   -6.9463502949E+03    4.3910394451E-02
    6.8239990005E-02    1.1506315439E+00    1.0459773022E-01   -6.9500895141E+03    3.2200368411E-02
    6.8279990005E-02    1.1424216638E+00   -3.2793960990E-01   -6.9545100456E+03    3.6540684780E-02
    6.8319990005E-02    5.8212795150E-01    8.1050705922E-02   -6.9584605870E+03    5.1249440413E-02
    6.8359990005E-02    1.2072412222E+00    1.3441289389E-01   -6.9625321216E+03    2.1947091385E-02
    6.8399990005E-02    1.1530922064E+00   -8.9338145883E-02   -6.9668576964E+03    2.1950592768E-02
    6.8439990005E-02    7.0980200317E-01    1.1289318189E-01   -6.9705890619E+03    4.7640303726E-02
    6.8479990005E-02    1.2349585669E+00    2.3680737418E-01   -6.9747629134E+03    5.3382765134E-02
    6.8519990005E-02    9.8020513335E-01   -3.1527989288E-01   -6.9793017823E+03    3.8239018517E-02
    6.8559990005E-02    9.4670921151E-01    1.2039277650E-01   -6.9829051025E+03    1.7846057366E-02
    6.8599990005E-02    1.2258946439E+00    2.4412695915E-01   -6.9870051132E+03    2.5957591093E-02
    6.8639990005E-02    8.4214297274E-01   -4.5142591977E-01   -6.9915833008E+03    4.5993434601E-02
    6.8679990005E-02    8.4206507844E-01    3.1909664707E-01   -6.9953212742E+03    3.3994123840E-02
    6.8719990004E-02    1.1976281557E+00    5.8144055068E-02   -6.9994596175E+03    2.9620004866E-02
    6.8759990004E-02    8.2070419532E-01   -3.5851978130E-01   -7.0036986174E+03    4.5596740083E-02
    6.8799990004E-02    8.3907490186E-01    4.4510903513E-01   -7.0074436514E+03    5.1603107165E-02
    6.8839990004E-02    1.2096599549E+00   -2.4971730605E-01   -7.0119711392E+03    2.3137556079E-02
    6.8879990004E-02    9.4550434172E-01   -1.6176123885E-01   -7.0160298215E+03    1.0681558900E-02
    6.8919990004E-02    9.2556909563E-01    3.7400155939E-01   -7.0196885818E+03    3.6858717609E-02
    6.8959990004E-02    1.2400702498E+00   -2.3543854313E-01   -7.0242657591E+03    5.2157942463E-02
    6.8999990004E-02    7.7778420171E-01   -1.1652884597E-01   -7.0284387748E+03    4.4525124409E-02
    6.9039990004E-02    1.1227757994E+00    1.2090035949E-01   -7.0320878476E+03    2.9596661373E-02
    6.9079990004E-02    1.2093482077E+00   -2.0425702574E-01   -7.0364798990E+03    3.3029398842E-02
    6.9119990004E-02    5.8224464495E-01   -8.2700952495E-02   -7.0405914009E+03    4.9370245868E-02
    6.9159990004E-02    1.1446916967E+00    2.6728817553E-01   -7.0445056863E+03    2.2678256378E-02
    6.9199990004E-02    1.1797935185E+00   -3.7446979353E-02   -7.0488512616E+03    2.4906943446E-02
    6.9239990004E-02    6.8514636578E-01   -1.4271501775E-02   -7.0526885357E+03    4.8688327055E-02
    6.9279990004E-02    1.1764178861E+00    3.6008040577E-01   -7.0567164770E+03    5.1246387380E-02
    6.9319990004E-02    1.0459507217E+00   -3.3860440900E-01   -7.0613201271E+03    3.4338115655E-02
    6.9359990004E-02    8.9143741236E-01    6.1730579835E-02   -7.0650058675E+03    1.2847114042E-02
    6.9399990004E-02    1.1724171102E+00    3.4091847736E-01   -7.0689721320E+03    2.5479977479E-02
    6.9439990004E-02    9.7458853882E-01   -4.7800709472E-01   -7.0736227799E+03    4.6694077060E-02
    6.9479990004E-02    7.6183794738E-01    2.3277069579E-01   -7.0774245868E+03    3.9958221961E-02
    6.9519990004E-02    1.1894879593E+00    6.1559539317E-02   -7.0814384269E+03    3.1050096104E-02
    6.9559990004E-02    9.3226986825E-01   -4.0389439443E-01   -7.0857686390E+03    4.1646058480E-02
    6.9599990004E-02    7.1743638403E-01    3.6286531825E-01   -7.0895214591E+03    5.1962993558E-02
    6.9639990004E-02    1.2362776345E+00   -1.4407602168E-01   -7.0939333006E+03    2.2313729382E-02
    6.9679990004E-02    1.0272242027E+00   -1.7287029316E-01   -7.0981151353E+03    1.4438218055E-02
    6.9719990004E-02    8.4192638634E-01    3.1163821502E-01   -7.1017410994E+03    4.1199263960E-02
    6.9759990004E-02    1.2642477410E+00   -7.7223401584E-02   -7.1062023079E+03    5.4966683642E-02
    6.9799990004E-02    8.3333528742E-01   -2.1287582901E-01   -7.1105204047E+03    4.3153004681E-02
    6.9839990004E-02    1.0795111971E+00    1.3967849751E-01   -7.1141146887E+03    2.5109352341E-02
    6.9879990004E-02    1.2432204981E+00   -4.2097161793E-02   -7.1184329468E+03    2.9756133658E-02
    6.9919990004E-02    6.3223987679E-01   -2.4415182843E-01   -7.1227242059E+03    4.7624426924E-02
    6.9959990004E-02    1.0469254672E+00    3.5132881499E-01   -7.1265195391E+03    2.5728511732E-02
    6.9999990004E-02    1.1921235662E+00   -1.1250149965E-03   -7.1308414182E+03    2.6947554496E-02
    7.0039990004E-02    6.9415618501E-01   -1.4728125173E-01   -7.1348098582E+03    4.8015092507E-02
    7.0079990004E-02    1.0811691536E+00    4.4403155476E-01   -7.1387043107E+03    4.9825982980E-02
    7.0119990004E-02    1.1107139064E+00   -3.4179197250E-01   -7.1433322054E+03    2.9550188417E-02
    7.0159990004E-02    8.6968055091E-01   -2.0597102298E-02   -7.1471425560E+03    9.4045854643E-03
    7.0199990004E-02    1.0957278541E+00    3.8493812609E-01   -7.1509748014E+03    2.8308360119E-02
    7.0239990004E-02    1.0994260724E+00   -4.4117747085E-01   -7.1556433169E+03    4.8004754822E-02
    7.0279990004E-02    7.2198568907E-01    1.1249695358E-01   -7.1595570136E+03    4.3938734779E-02
    7.0319990004E-02    1.1754898379E+00    6.8626372462E-02   -7.1634331218E+03    3.1307917089E-02
    7.0359990004E-02    1.0520929036E+00   -3.8695853394E-01   -7.1678204457E+03    3.6695400459E-02
    7.0399990004E-02    6.2208191092E-01    2.2717324050E-01   -7.1716483524E+03    5.1448030362E-02
    7.0439990004E-02    1.2356579278E+00    1.0315839165E-02   -7.1758937103E+03    2.3281086682E-02
    7.0479990004E-02    1.1043781773E+00   -1.3597431307E-01   -7.1801774213E+03    1.9797382893E-02
    7.0519990004E-02    7.7085931203E-01    2.1608588944E-01   -7.1838265596E+03    4.5064017440E-02
    7.0559990004E-02    1.2618043911E+00    9.7500394877E-02   -7.1881389903E+03    5.5589177611E-02
    7.0599990004E-02    9.0204430784E-01   -2.8799934949E-01   -7.1925954388E+03    4.1037980094E-02
    7.0639990003E-02    1.0153143391E+00    1.4604966634E-01   -7.1961788092E+03    2.0318756845E-02
    7.0679990003E-02    1.2454519119E+00    1.2857494264E-01   -7.2003825921E+03    2.6739922140E-02
    7.0719990003E-02    7.3076446012E-01   -3.7956135522E-01   -7.2048449268E+03    4.7655090092E-02
    7.0759990003E-02    9.2938015568E-01    3.6795607969E-01   -7.2085821693E+03    3.1970744179E-02
    7.0799990003E-02    1.1974433569E+00    2.3683924022E-02   -7.2128318826E+03    2.8927389984E-02
    7.0839990003E-02    7.4705058061E-01   -2.7199186445E-01   -7.2169420328E+03    4.6643518133E-02
    7.0879990003E-02    9.5412318009E-01    4.7357557648E-01   -7.2207338308E+03    5.0482914188E-02
    7.0919990003E-02    1.1719883413E+00   -3.1190205729E-01   -7.2253375822E+03    2.5334244201E-02
    7.0959990003E-02    8.9685355348E-01   -1.0393854950E-01   -7.2292896663E+03    9.5152576144E-03
    7.0999990003E-02    1.0090233268E+00    3.8736075303E-01   -7.2330052056E+03    3.3098812634E-02
    7.1039990003E-02    1.1927645715E+00   -3.4622156575E-01   -7.2376408591E+03    5.0312646448E-02
    7.1079990003E-02    7.3112762274E-01   -1.8138003515E-02   -7.2416947983E+03    4.5472869651E-02
    7.1119990003E-02    1.1546329837E+00    8.9281800629E-02   -7.2454413296E+03    3.0210717157E-02
    7.1159990003E-02    1.1533719046E+00   -3.0200838196E-01   -7.2498446991E+03    3.2666868035E-02
    7.1199990003E-02    5.7647576156E-01    5.7936213621E-02   -7.2538112461E+03    5.0388924222E-02
    7.1239990003E-02    1.1997187491E+00    1.7469779455E-01   -7.2578694257E+03    2.3823342187E-02
    7.1279990003E-02    1.1535210117E+00   -8.3087574415E-02   -7.2622151212E+03    2.3834112208E-02
    7.1319990003E-02    7.1808235103E-01    9.4812999654E-02   -7.2659443374E+03    4.7318862495E-02
    7.1359990003E-02    1.2289872597E+00    2.5962644406E-01   -7.2700963040E+03    5.3004538442E-02
    7.1399990003E-02    9.7999502455E-01   -3.3466187610E-01   -7.2746597211E+03    3.7411255147E-02
    7.1439990003E-02    9.3946565547E-01    1.1816748962E-01   -7.2782862422E+03    1.4980324835E-02
    7.1479990003E-02    1.2150033911E+00    2.6745334486E-01   -7.2823542492E+03    2.4475008858E-02
    7.1519990003E-02    8.6557145445E-01   -4.6110132156E-01   -7.2869435507E+03    4.7660752451E-02
    7.1559990003E-02    8.1819793475E-01    3.1467004551E-01   -7.2906933191E+03    3.8112336851E-02
    7.1599990003E-02    1.1969951732E+00    3.5535046916E-02   -7.2948301318E+03    3.0212239886E-02
    7.1639990003E-02    8.4413364521E-01   -3.6448165755E-01   -7.2990697953E+03    4.3019173235E-02
    7.1679990003E-02    8.1335602256E-01    4.3544526401E-01   -7.3028121667E+03    5.0964650266E-02
    7.1719990003E-02    1.2203334421E+00   -2.3129158300E-01   -7.3073343588E+03    2.2750441121E-02
    7.1759990003E-02    9.6527368404E-01   -1.5795812115E-01   -7.3114293621E+03    1.2089537715E-02
    7.1799990003E-02    9.1732647416E-01    3.5307588015E-01   -7.3150672752E+03    3.7838023247E-02
    7.1839990003E-02    1.2473106358E+00   -2.0190957992E-01   -7.3196169897E+03    5.2873408199E-02
    7.1879990003E-02    7.7555953428E-01   -1.4153460934E-01   -7.3238262179E+03    4.4596679989E-02
    7.1919990003E-02    1.1211345366E+00    1.1769791543E-01   -7.3274756819E+03    2.6456931732E-02
    7.1959990003E-02    1.2194638027E+00   -1.5556451707E-01   -7.3318423238E+03    2.9180661488E-02
    7.1999990003E-02    5.8854122949E-01   -1.2418750327E-01   -7.3359924571E+03    4.8646707335E-02
    7.2039990003E-02    1.1207929820E+00    3.0769730287E-01   -7.3398809908E+03    2.5263045862E-02
    7.2079990003E-02    1.1789064205E+00   -3.9511572783E-02   -7.3442413373E+03    2.6367625503E-02
    7.2119990003E-02    6.9361064770E-01   -4.4379279903E-02   -7.3480923549E+03    4.7486010794E-02
    7.2159990003E-02    1.1561935632E+00    3.8740854424E-01   -7.3520866852E+03    5.0135974255E-02
    7.2199990003E-02    1.0582961977E+00   -3.5514392728E-01   -7.3567134956E+03    3.2246314491E-02
    7.2239990003E-02    8.8258976438E-01    4.8107977799E-02   -7.3604429804E+03    1.0222785480E-02
    7.2279990003E-02    1.1504163964E+00    3.5270793542E-01   -7.3643643605E+03    2.5872788917E-02
    7.2319990003E-02    1.0122467266E+00   -4.7332380801E-01   -7.3690178922E+03    4.8099573363E-02
    7.2359990003E-02    7.3794634986E-01    2.0570298605E-01   -7.3728504467E+03    4.3250433921E-02
    7.2399990003E-02    1.1882881073E+00    4.2252948646E-02   -7.3768438037E+03    3.0595483706E-02
    7.2439990003E-02    9.7059353327E-01   -3.9839916373E-01   -7.3811794666E+03    3.7820445814E-02
    7.2479990003E-02    6.8299803866E-01    3.2759392372E-01   -7.3849465569E+03    5.0992066319E-02
    7.2519990002E-02    1.2417281856E+00   -9.0465922764E-02   -7.3893216264E+03    2.3504309961E-02
    7.2559990002E-02    1.0547094305E+00   -1.5675361779E-01   -7.3935474059E+03    1.7610516068E-02
    7.2599990002E-02    8.2937525329E-01    2.7887130618E-01   -7.3971649394E+03    4.2702000839E-02
    7.2639990002E-02    1.2665248706E+00   -2.1234805701E-02   -7.4015789850E+03    5.6116498270E-02
    7.2679990002E-02    8.4183349639E-01   -2.4542643107E-01   -7.4059494067E+03    4.3035953031E-02
    7.2719990002E-02    1.0659417693E+00    1.4263169351E-01   -7.4095463350E+03    2.2284881910E-02
    7.2759990002E-02    1.2459898487E+00    2.6191155644E-02   -7.4138209027E+03    2.7307616588E-02
    7.2799990002E-02    6.5892111903E-01   -2.9567714153E-01   -7.4181703422E+03    4.8665228068E-02
    7.2839990002E-02    1.0046509314E+00    3.7465244386E-01   -7.4219444113E+03    3.0379050479E-02
    7.2879990002E-02    1.1919889878E+00   -4.4121168934E-03   -7.4262601410E+03    2.8741156372E-02
    7.2919990002E-02    7.1223508324E-01   -1.8893203631E-01   -7.4302629885E+03    4.7135132984E-02
    7.2959990002E-02    1.0400842062E+00    4.6341578478E-01   -7.4341197830E+03    4.9919776969E-02
    7.2999990002E-02    1.1328796843E+00   -3.4393982346E-01   -7.4387558631E+03    2.7604896818E-02
    7.3039990002E-02    8.7667962650E-01   -4.6382840417E-02   -7.4426251677E+03    9.1108044314E-03
    7.3079990002E-02    1.0665360978E+00    3.8232436625E-01   -7.4464058373E+03    3.0299846271E-02
    7.3119990002E-02    1.1380531235E+00   -4.1151232373E-01   -7.4510629085E+03    4.9378393137E-02
    7.3159990002E-02    7.1351912727E-01    6.6011236658E-02   -7.4550286145E+03    4.5722735220E-02
    7.3199990002E-02    1.1718369777E+00    6.3843539097E-02   -7.4588671487E+03    3.0317529576E-02
    7.3239990002E-02    1.0952210543E+00   -3.5530195097E-01   -7.4632570017E+03    3.3094382753E-02
    7.3279990002E-02    5.9666013275E-01    1.6375545279E-01   -7.4671302806E+03    5.0637341940E-02
    7.3319990002E-02    1.2266140089E+00    8.6849795162E-02   -7.4713091916E+03    2.4598494482E-02
    7.3359990002E-02    1.1250590179E+00   -1.1423899625E-01   -7.4756315971E+03    2.2503826368E-02
    7.3399990002E-02    7.5558168924E-01    1.6878506057E-01   -7.4792997150E+03    4.5906030849E-02
    7.3439990002E-02    1.2529636163E+00    1.6707947948E-01   -7.4835477447E+03    5.4665173766E-02
    7.3479990002E-02    9.2607436774E-01   -3.1757055245E-01   -7.4880589383E+03    3.9656411188E-02
    7.3519990002E-02    9.8507153398E-01    1.4290188045E-01   -7.4916615660E+03    1.6977430689E-02
    7.3559990002E-02    1.2349043424E+00    1.9656552818E-01   -7.4958052313E+03    2.4651724587E-02
    7.3599990002E-02    7.8505878542E-01   -4.2201511707E-01   -7.5003257998E+03    4.8438950411E-02
    7.3639990002E-02    8.7643607626E-01    3.5801385295E-01   -7.5040629791E+03    3.6342262670E-02
    7.3679990002E-02    1.1977649022E+00    1.7603850694E-02   -7.5082803739E+03    2.9727825161E-02
    7.3719990002E-02    7.8725946475E-01   -3.1434738987E-01   -7.5124399780E+03    4.4313189001E-02
    7.3759990002E-02    8.9230386702E-01    4.6638191854E-01   -7.5162037688E+03    5.0302682527E-02
    7.3799990002E-02    1.1977428162E+00   -2.8467367939E-01   -7.5207869535E+03    2.3744894381E-02
    7.3839990002E-02    9.2487787717E-01   -1.2868201256E-01   -7.5248103082E+03    1.0678791186E-02
    7.3879990002E-02    9.7192938945E-01    3.7006557644E-01   -7.5284802906E+03    3.5395573385E-02
    7.3919990002E-02    1.2221834823E+00   -2.8476967673E-01   -7.5330800209E+03    5.1487968843E-02
    7.3959990002E-02    7.4191366475E-01   -7.6729253028E-02   -7.5372064306E+03    4.5543304342E-02
    7.3999990002E-02    1.1443716662E+00    9.6633208412E-02   -7.5409133442E+03    2.7622640884E-02
    7.4039990002E-02    1.1895261892E+00   -2.3248849589E-01   -7.5453003202E+03    2.9251130846E-02
    7.4079990002E-02    5.7454533015E-01   -2.9329682197E-02   -7.5493487991E+03    4.9300556081E-02
    7.4119990002E-02    1.1664491853E+00    2.5266244297E-01   -7.5533260332E+03    2.5229563604E-02
    7.4159990002E-02    1.1652630873E+00   -6.5208954587E-02   -7.5576939911E+03    2.5752370471E-02
    7.4199990002E-02    7.0734899547E-01    2.9386633048E-02   -7.5614710244E+03    4.7171973175E-02
    7.4239990002E-02    1.1990020998E+00    3.2855810053E-01   -7.5655460169E+03    5.1252795286E-02
    7.4279990002E-02    1.0155675383E+00   -3.5466258424E-01   -7.5701531381E+03    3.4624834175E-02
    7.4319990002E-02    9.0643684336E-01    9.1199176337E-02   -7.5738318477E+03    1.1590677923E-02
    7.4359990002E-02    1.1843609495E+00    3.1759440198E-01   -7.5778236849E+03    2.4624983939E-02
    7.4399990002E-02    9.4102741923E-01   -4.7672302518E-01   -7.5824511661E+03    4.8505666894E-02
    7.4439990001E-02    7.6816065461E-01    2.6720634884E-01   -7.5862377778E+03    4.2122300744E-02
    7.4479990001E-02    1.1940510449E+00    2.8400150415E-02   -7.5903131437E+03    3.0465109838E-02
    7.4519990001E-02    9.0961121109E-01   -3.8810254377E-01   -7.5946012275E+03    3.9544798077E-02
    7.4559990001E-02    7.4082592087E-01    3.8766505859E-01   -7.5983472908E+03    5.0759819296E-02
    7.4599990001E-02    1.2370285850E+00   -1.6141738014E-01   -7.6028052078E+03    2.3177960410E-02
    7.4639990001E-02    1.0141283837E+00   -1.6077559607E-01   -7.6069765852E+03    1.5519040604E-02
    7.4679990001E-02    8.7305065572E-01    3.1499461712E-01   -7.6105926225E+03    4.0776704222E-02
    7.4719990001E-02    1.2618256600E+00   -1.0726447468E-01   -7.6150739109E+03    5.5270444305E-02
    7.4759990001E-02    8.0442725361E-01   -2.0246468199E-01   -7.6193738458E+03    4.4240350620E-02
    7.4799990001E-02    1.0963737479E+00    1.3099469342E-01   -7.6229943295E+03    2.3884391587E-02
    7.4839990001E-02    1.2385871747E+00   -5.2820484603E-02   -7.6273133793E+03    2.7671572181E-02
    7.4879990001E-02    6.1949745355E-01   -2.2337086026E-01   -7.6315749535E+03    4.8959259190E-02
    7.4919990001E-02    1.0583438354E+00    3.5866540251E-01   -7.6353944884E+03    2.8773468818E-02
    7.4959990001E-02    1.1862528581E+00   -2.2341779105E-02   -7.6397423969E+03    2.8289678412E-02
    7.4999990001E-02    6.9970114309E-01   -1.2590139966E-01   -7.6436731658E+03    4.7375965788E-02
    7.5039990001E-02    1.0953304244E+00    4.3918264518E-01   -7.6475875147E+03    4.9874324565E-02
    7.5079990001E-02    1.1012057244E+00   -3.5626055330E-01   -7.6522309309E+03    2.9504545507E-02
    7.5119990001E-02    8.7281141752E-01   -4.1207926827E-03   -7.6560422233E+03    9.1398335835E-03
    7.5159990001E-02    1.1032345548E+00    3.7342871389E-01   -7.6598793266E+03    2.8318715092E-02
    7.5199990001E-02    1.0901995019E+00   -4.4538928894E-01   -7.6645412860E+03    4.8880411187E-02
    7.5239990001E-02    7.1469625677E-01    1.2594733187E-01   -7.6684493786E+03    4.5318421023E-02
    7.5279990001E-02    1.1802078772E+00    4.9922202859E-02   -7.6723556279E+03    3.0427491827E-02
    7.5319990001E-02    1.0476587402E+00   -3.8077415196E-01   -7.6767279887E+03    3.4361637199E-02
    7.5359990001E-02    6.2378272104E-01    2.3405172243E-01   -7.6805503770E+03    5.0721271698E-02
    7.5399990001E-02    1.2375298233E+00    1.7837050871E-02   -7.6848130730E+03    2.4562603489E-02
    7.5439990001E-02    1.1008111115E+00   -1.3308671781E-01   -7.6891060390E+03    2.0990889469E-02
    7.5479990001E-02    7.8365911634E-01    2.1482004919E-01   -7.6927466367E+03    4.4778537893E-02
    7.5519990001E-02    1.2622654638E+00    9.6643873583E-02   -7.6970614503E+03    5.5683006771E-02
    7.5559990001E-02    8.9095924507E-01   -2.9580116277E-01   -7.7015255434E+03    4.1093228002E-02
    7.5599990001E-02    1.0175186455E+00    1.4875488820E-01   -7.7051216382E+03    1.8804864328E-02
    7.5639990001E-02    1.2430490571E+00    1.3891531790E-01   -7.7093173163E+03    2.5392014049E-02
    7.5679990001E-02    7.3371359672E-01   -3.8291849321E-01   -7.7137815053E+03    4.8685985782E-02
    7.5719990001E-02    9.2191134767E-01    3.7449394049E-01   -7.7175244917E+03    3.4496385663E-02
    7.5759990001E-02    1.1963986181E+00    9.0649474861E-03   -7.7217863891E+03    2.9445453996E-02
    7.5799990001E-02    7.5470525470E-01   -2.7331761995E-01   -7.7258913305E+03    4.5423086396E-02
    7.5839990001E-02    9.4635404904E-01    4.7460089430E-01   -7.7296827266E+03    5.0051065404E-02
    7.5879990001E-02    1.1773028914E+00   -3.1238279491E-01   -7.7342943481E+03    2.4799455672E-02
    7.5919990001E-02    9.0274778977E-01   -1.0344185436E-01   -7.7382663665E+03    9.8731626227E-03
    7.5959990001E-02    1.0054596227E+00    3.7803447237E-01   -7.7419701580E+03    3.3724418135E-02
    7.5999990001E-02    1.1989289085E+00   -3.3399696817E-01   -7.7465971184E+03    5.0758593707E-02
    7.6039990001E-02    7.2719562908E-01   -2.9954913159E-02   -7.7506691693E+03    4.5935785078E-02
    7.6079990001E-02    1.1554089280E+00    8.4371420213E-02   -7.7544180642E+03    2.8763667904E-02
    7.6119990001E-02    1.1634121328E+00   -2.8015857465E-01   -7.7588137529E+03    3.0293784491E-02
    7.6159990001E-02    5.7421460126E-01    3.4420822473E-02   -7.7628009256E+03    4.9789496264E-02
    7.6199990001E-02    1.1911290204E+00    2.0451379816E-01   -7.7668423746E+03    2.4956772435E-02
    7.6239990001E-02    1.1552706367E+00   -7.9806281429E-02   -7.7712035171E+03    2.4933250492E-02
    7.6279990001E-02    7.1892518008E-01    7.5225937402E-02   -7.7749428127E+03    4.7061635302E-02
    7.6319990000E-02    1.2207433903E+00    2.8325324843E-01   -7.7790726230E+03    5.2341108851E-02
    7.6359990000E-02    9.8841290611E-01   -3.4675521547E-01   -7.7836571585E+03    3.6370171201E-02
    7.6399990000E-02    9.2744240384E-01    1.1218902596E-01   -7.7873069539E+03    1.3145981108E-02
    7.6439990000E-02    1.2036737638E+00    2.8820925074E-01   -7.7913472881E+03    2.4178843398E-02
    7.6479990000E-02    8.9382956110E-01   -4.6925512162E-01   -7.7959525991E+03    4.8410708065E-02
    7.6519990000E-02    7.9596844914E-01    2.9994216239E-01   -7.7997177132E+03    4.0465427811E-02
    7.6559990000E-02    1.1961377970E+00    2.7153420836E-02   -7.8038383791E+03    3.0464658683E-02
    7.6599990000E-02    8.7111860193E-01   -3.7502879780E-01   -7.8080969051E+03    4.1275652817E-02
    7.6639990000E-02    7.8187373523E-01    4.1802818143E-01   -7.8118407722E+03    5.0794626025E-02
    7.6679990000E-02    1.2292904444E+00   -2.0297155718E-01   -7.8163421151E+03    2.2870897690E-02
    7.6719990000E-02    9.8729009642E-01   -1.5971965211E-01   -7.8204746464E+03    1.3729691628E-02
    7.6759990000E-02    8.9816278488E-01    3.3559517808E-01   -7.8241015781E+03    3.9268767604E-02
    7.6799990000E-02    1.2552948789E+00   -1.5878644752E-01   -7.8286223750E+03    5.4088296323E-02
    7.6839990000E-02    7.8716413825E-01   -1.7153029770E-01   -7.8328768257E+03    4.4557927494E-02
    7.6879990000E-02    1.1105657639E+00    1.2350367455E-01   -7.8365149137E+03    2.5069056594E-02
    7.6919990000E-02    1.2305287424E+00   -1.0418299793E-01   -7.8408606690E+03    2.8198983749E-02
    7.6959990000E-02    6.0189815012E-01   -1.7551280012E-01   -7.8450690721E+03    4.8726238842E-02
    7.6999990000E-02    1.0896038279E+00    3.3763263032E-01   -7.8489225050E+03    2.6996923045E-02
    7.7039990000E-02    1.1830623911E+00   -3.0101842036E-02   -7.8532809651E+03    2.7418482852E-02
    7.7079990000E-02    6.9508993357E-01   -8.8484270505E-02   -7.8571762220E+03    4.7442467847E-02
    7.7119990000E-02    1.1244510186E+00    4.1815837406E-01   -7.8611282195E+03    4.9873549154E-02
    7.7159990000E-02    1.0823921436E+00   -3.5690855470E-01   -7.8657681054E+03    3.0701978843E-02
    7.7199990000E-02    8.7448611498E-01    1.8665924668E-02   -7.8695448927E+03    9.4146137740E-03
    7.7239990000E-02    1.1235758365E+00    3.6727955085E-01   -7.8734203008E+03    2.7138254909E-02
    7.7279990000E-02    1.0593440083E+00   -4.5995319959E-01   -7.8780835000E+03    4.8417174319E-02
    7.7319990000E-02    7.2215057601E-01    1.5868975557E-01   -7.8819613388E+03    4.4456016464E-02
    7.7359990000E-02    1.1833919584E+00    4.7614622039E-02   -7.8859036476E+03    3.0573554361E-02
    7.7399990000E-02    1.0183570975E+00   -3.9179789845E-01   -7.8902669298E+03    3.5855301070E-02
    7.7439990000E-02    6.4394909243E-01    2.7129432576E-01   -7.8940676797E+03    5.0886875725E-02
    7.7479990000E-02    1.2405075115E+00   -2.4569220707E-02   -7.8983750811E+03    2.4027174332E-02
    7.7519990000E-02    1.0856723248E+00   -1.4353155069E-01   -7.9026459100E+03    1.9625464686E-02
    7.7559990000E-02    7.9712086851E-01    2.3934733637E-01   -7.9062795402E+03    4.4109380089E-02
    7.7599990000E-02    1.2650627373E+00    5.6303035507E-02   -7.9106319455E+03    5.5990331600E-02
    7.7639990000E-02    8.7584405328E-01   -2.7905595957E-01   -7.9150663140E+03    4.1763480790E-02
    7.7679990000E-02    1.0337203077E+00    1.4791512128E-01   -7.9186607791E+03    2.0252881306E-02
    7.7719990000E-02    1.2460164440E+00    1.0239352313E-01   -7.9228869814E+03    2.6287346090E-02
    7.7759990000E-02    7.0828752851E-01   -3.5800314119E-01   -7.9273196904E+03    4.8433371236E-02
    7.7799990000E-02    9.4798453492E-01    3.7625212532E-01   -7.9310703086E+03    3.2633860829E-02
    7.7839990000E-02    1.1957502981E+00    9.7801261898E-03   -7.9353490795E+03    2.9124219073E-02
    7.7879990000E-02    7.3875642781E-01   -2.5142862722E-01   -7.9394309507E+03    4.6320630621E-02
    7.7919990000E-02    9.7367734566E-01    4.7434889398E-01   -7.9432407095E+03    5.0118355578E-02
    7.7959990000E-02    1.1652079206E+00   -3.2181632191E-01   -7.9478608001E+03    2.5585923879E-02
    7.7999990000E-02    8.9289202092E-01   -9.1333317402E-02   -7.9518043433E+03    9.4843676389E-03
    7.8039990000E-02    1.0203871270E+00    3.8392286677E-01   -7.9555318658E+03    3.2744386521E-02
    7.8079990000E-02    1.1854982560E+00   -3.5667884005E-01   -7.9601731741E+03    5.0282808940E-02
    7.8119990000E-02    7.2483751503E-01   -6.9015438520E-03   -7.9642193181E+03    4.5772527167E-02
    7.8159990000E-02    1.1583188484E+00    8.2804463173E-02   -7.9679862457E+03    2.9765770814E-02
    7.8199990000E-02    1.1488042969E+00   -3.0454157273E-01   -7.9723888971E+03    3.1845699371E-02
    7.8239989999E-02    5.7688688705E-01    6.5212343430E-02   -7.9763509592E+03    5.0232866312E-02
    7.8279989999E-02    1.2012507118E+00    1.7450453979E-01   -7.9804230159E+03    2.4289753538E-02
    7.8319989999E-02    1.1515330590E+00   -8.5232660170E-02   -7.9847749310E+03    2.4081033187E-02
    7.8359989999E-02    7.2122070756E-01    9.5689511741E-02   -7.9885046171E+03    4.7151337281E-02
    7.8399989999E-02    1.2288689576E+00    2.6062874323E-01   -7.9926609300E+03    5.2930401855E-02
    7.8439989999E-02    9.7943668030E-01   -3.3760768689E-01   -7.9972308313E+03    3.7260076557E-02
    7.8479989999E-02    9.3757290599E-01    1.1766802403E-01   -8.0008666322E+03    1.4530599770E-02
    7.8519989999E-02    1.2124803163E+00    2.7246124301E-01   -8.0049325330E+03    2.4345504556E-02
    7.8559989999E-02    8.7319323609E-01   -4.6356989140E-01   -8.0095293979E+03    4.7827421410E-02
    7.8599989999E-02    8.1136529898E-01    3.0984829093E-01   -8.0132875793E+03    3.8716119954E-02
    7.8639989999E-02    1.1966457478E+00    3.4692163922E-02   -8.0174214024E+03    3.0310285998E-02
    7.8679989999E-02    8.5450896097E-01   -3.6998984675E-01   -8.0216741547E+03    4.2564905736E-02
    7.8719989999E-02    7.9953647734E-01    4.2786307969E-01   -8.0254206997E+03    5.0991732488E-02
    7.8759989999E-02    1.2241336701E+00   -2.1893111071E-01   -8.0299348326E+03    2.2662854462E-02
    7.8799989999E-02    9.7556119884E-01   -1.6151717376E-01   -8.0340497451E+03    1.2568751859E-02
    7.8839989999E-02    9.0423366546E-01    3.4625536424E-01   -8.0376878916E+03    3.8470244581E-02
    7.8879989999E-02    1.2521490555E+00   -1.7780371308E-01   -8.0422258416E+03    5.3323625089E-02
    7.8919989999E-02    7.8625376801E-01   -1.5887497708E-01   -8.0464630126E+03    4.4317059560E-02
    7.8959989999E-02    1.1126193300E+00    1.2352550890E-01   -8.0501045451E+03    2.6032488147E-02
    7.8999989999E-02    1.2271948272E+00   -1.2700624425E-01   -8.0544649212E+03    2.9202741349E-02
    7.9039989999E-02    5.9764571743E-01   -1.5802931070E-01   -8.0586573713E+03    4.8386022190E-02
    7.9079989999E-02    1.1005140165E+00    3.2426453290E-01   -8.0625223074E+03    2.5364218346E-02
    7.9119989999E-02    1.1836007016E+00   -2.8179122509E-02   -8.0668789156E+03    2.6545590977E-02
    7.9159989999E-02    6.9098989256E-01   -7.8092536277E-02   -8.0707718031E+03    4.7625191440E-02
    7.9199989999E-02    1.1322675542E+00    4.1018408337E-01   -8.0747363677E+03    4.9841635778E-02
    7.9239989999E-02    1.0783612364E+00   -3.5158738079E-01   -8.0793708807E+03    3.1203612302E-02
    7.9279989999E-02    8.7480211911E-01    2.2267787777E-02   -8.0831349973E+03    9.8193240412E-03
    7.9319989999E-02    1.1295321477E+00    3.6803609441E-01   -8.0870262297E+03    2.6743301986E-02
    7.9359989999E-02    1.0507523903E+00   -4.6346874830E-01   -8.0916937422E+03    4.7853078311E-02
    7.9399989999E-02    7.2790500493E-01    1.6502016712E-01   -8.0955648567E+03    4.3472221891E-02
    7.9439989999E-02    1.1828330299E+00    5.5441604727E-02   -8.0995102119E+03    3.0894682399E-02
    7.9479989999E-02    1.0103919581E+00   -3.9743125011E-01   -8.1038789913E+03    3.7309682352E-02
    7.9519989999E-02    6.4960861447E-01    2.7918658934E-01   -8.1076781737E+03    5.1281402762E-02
    7.9559989999E-02    1.2400475025E+00   -3.9295232152E-02   -8.1119930223E+03    2.3340307342E-02
    7.9599989999E-02    1.0827313064E+00   -1.4856496925E-01   -8.1162557111E+03    1.8657577153E-02
    7.9639989999E-02    7.9375947323E-01    2.4597745910E-01   -8.1198952930E+03    4.4040499556E-02
    7.9679989999E-02    1.2652818932E+00    4.8720353772E-02   -8.1242571368E+03    5.5923868617E-02
    7.9719989999E-02    8.7977219373E-01   -2.7231035799E-01   -8.1286844480E+03    4.1777467653E-02
    7.9759989999E-02    1.0339263363E+00    1.4683224523E-01   -8.1322754565E+03    2.1292417682E-02
    7.9799989999E-02    1.2474240728E+00    9.1983395828E-02   -8.1365126869E+03    2.7246579041E-02
    7.9839989999E-02    7.0556862937E-01   -3.5420893140E-01   -8.1409446630E+03    4.7739008739E-02
    7.9879989999E-02    9.5296889076E-01    3.7113293434E-01   -8.1446958554E+03    3.0849709263E-02
    7.9919989999E-02    1.1967581627E+00    1.9607409307E-02   -8.1489693822E+03    2.8672520688E-02
    7.9959989999E-02    7.3489666222E-01   -2.5276243995E-01   -8.1530615230E+03    4.7003545153E-02
    7.9999989999E-02    9.7482661555E-01    4.7306336687E-01   -8.1568735626E+03    5.0330668328E-02
