 sig=    1.000000000000000      inputfile=
 /home/rjrj524/Finished/vmec_gc_tracer/revised_251128/nc/wout_pwO_nfp2_A6.nc                                                                                                                             
 dt=   2.0000000000000000E-008
 steps=      4000000
 x0=   7.0000000000000007E-002    1.370000000000000      
   -3.140000000000000     
 u=   -696.0000000000000     
 v_perp=    1630.000000000000     
 
time(s)         x0(1)       x0(2)        x0(3)      r
    3.9980000000E-05    7.7353227585E-01   -1.1063973856E-01   -3.1693919678E+00    7.0000458835E-02
    7.9980000000E-05    7.7177858429E-01   -1.1865288468E-01   -3.1990518340E+00    7.0000926369E-02
    1.1998000000E-04    7.7024010660E-01   -1.2675938673E-01   -3.2289563913E+00    7.0001397917E-02
    1.5998000000E-04    7.6892473080E-01   -1.3495115912E-01   -3.2590963089E+00    7.0001868505E-02
    1.9998000000E-04    7.6783997043E-01   -1.4321968134E-01   -3.2894615324E+00    7.0002332835E-02
    2.3998000000E-04    7.6699289110E-01   -1.5155602839E-01   -3.3200413441E+00    7.0002785500E-02
    2.7998000000E-04    7.6639004195E-01   -1.5995090946E-01   -3.3508244428E+00    7.0003221198E-02
    3.1998000000E-04    7.6603739479E-01   -1.6839471299E-01   -3.3817990376E+00    7.0003634948E-02
    3.5998000000E-04    7.6594029303E-01   -1.7687755553E-01   -3.4129529487E+00    7.0004022279E-02
    3.9998000000E-04    7.6610341185E-01   -1.8538933196E-01   -3.4442737087E+00    7.0004379381E-02
    4.3998000000E-04    7.6653073014E-01   -1.9391976425E-01   -3.4757486583E+00    7.0004703224E-02
    4.7998000000E-04    7.6722551395E-01   -2.0245844642E-01   -3.5073650289E+00    7.0004991624E-02
    5.1998000000E-04    7.6819031050E-01   -2.1099488388E-01   -3.5391100093E+00    7.0005243261E-02
    5.5998000000E-04    7.6942695101E-01   -2.1951852587E-01   -3.5709707930E+00    7.0005457654E-02
    5.9998000000E-04    7.7093656056E-01   -2.2801879053E-01   -3.6029346050E+00    7.0005635092E-02
    6.3998000000E-04    7.7271957293E-01   -2.3648508306E-01   -3.6349887106E+00    7.0005776535E-02
    6.7998000000E-04    7.7477574839E-01   -2.4490680788E-01   -3.6671204086E+00    7.0005883493E-02
    7.1998000000E-04    7.7710419305E-01   -2.5327337633E-01   -3.6993170134E+00    7.0005957891E-02
    7.5998000000E-04    7.7970337850E-01   -2.6157421189E-01   -3.7315658327E+00    7.0006001934E-02
    7.9998000000E-04    7.8257116114E-01   -2.6979875493E-01   -3.7638541449E+00    7.0006017986E-02
    8.3998000000E-04    7.8570480105E-01   -2.7793646862E-01   -3.7961691824E+00    7.0006008458E-02
    8.7998000000E-04    7.8910098051E-01   -2.8597684781E-01   -3.8284981245E+00    7.0005975736E-02
    9.1998000000E-04    7.9275582272E-01   -2.9390943176E-01   -3.8608281035E+00    7.0005922122E-02
    9.5998000000E-04    7.9666491114E-01   -3.0172382126E-01   -3.8931462240E+00    7.0005849816E-02
    9.9998000000E-04    8.0082331001E-01   -3.0940970013E-01   -3.9254395959E+00    7.0005760927E-02
    1.0399800000E-03    8.0522558637E-01   -3.1695686051E-01   -3.9576953779E+00    7.0005657499E-02
    1.0799800000E-03    8.0986583383E-01   -3.2435523108E-01   -3.9899008299E+00    7.0005541568E-02
    1.1199800000E-03    8.1473769783E-01   -3.3159490705E-01   -4.0220433682E+00    7.0005415213E-02
    1.1599800000E-03    8.1983440234E-01   -3.3866618059E-01   -4.0541106224E+00    7.0005280621E-02
    1.1999800000E-03    8.2514877736E-01   -3.4555957065E-01   -4.0860904870E+00    7.0005140139E-02
    1.2399800000E-03    8.3067328696E-01   -3.5226585111E-01   -4.1179711677E+00    7.0004996310E-02
    1.2799800000E-03    8.3640005712E-01   -3.5877607634E-01   -4.1497412182E+00    7.0004851900E-02
    1.3199800000E-03    8.4232090309E-01   -3.6508160399E-01   -4.1813895682E+00    7.0004709899E-02
    1.3599800000E-03    8.4842735579E-01   -3.7117411435E-01   -4.2129055413E+00    7.0004573509E-02
    1.3999800000E-03    8.5471068689E-01   -3.7704562666E-01   -4.2442788642E+00    7.0004446109E-02
    1.4399800000E-03    8.6116193242E-01   -3.8268851233E-01   -4.2754996693E+00    7.0004331224E-02
    1.4799800000E-03    8.6777191466E-01   -3.8809550560E-01   -4.3065584908E+00    7.0004232472E-02
    1.5199800000E-03    8.7453126202E-01   -3.9325971198E-01   -4.3374462574E+00    7.0004153520E-02
    1.5599800000E-03    8.8143042699E-01   -3.9817461521E-01   -4.3681542822E+00    7.0004098046E-02
    1.5999800000E-03    8.8845970168E-01   -4.0283408315E-01   -4.3986742512E+00    7.0004069701E-02
    1.6399800000E-03    8.9560923124E-01   -4.0723237355E-01   -4.4289982105E+00    7.0004072089E-02
    1.6799800000E-03    9.0286902476E-01   -4.1136414012E-01   -4.4591185532E+00    7.0004108754E-02
    1.7199800000E-03    9.1022896395E-01   -4.1522443981E-01   -4.4890280046E+00    7.0004183178E-02
    1.7599800000E-03    9.1767880983E-01   -4.1880874186E-01   -4.5187196063E+00    7.0004298793E-02
    1.7999800000E-03    9.2520820775E-01   -4.2211293925E-01   -4.5481866981E+00    7.0004458993E-02
    1.8399800000E-03    9.3280669148E-01   -4.2513336314E-01   -4.5774228970E+00    7.0004667162E-02
    1.8799800000E-03    9.4046368713E-01   -4.2786680051E-01   -4.6064220725E+00    7.0004926698E-02
    1.9199800000E-03    9.4816851796E-01   -4.3031051542E-01   -4.6351783196E+00    7.0005241036E-02
    1.9599800000E-03    9.5591041119E-01   -4.3246227360E-01   -4.6636859273E+00    7.0005613679E-02
    1.9999800000E-03    9.6367850796E-01   -4.3432037035E-01   -4.6919393450E+00    7.0006048211E-02
    2.0399800000E-03    9.7146187773E-01   -4.3588366099E-01   -4.7199331465E+00    7.0006548312E-02
    2.0799800000E-03    9.7924953809E-01   -4.3715159310E-01   -4.7476619933E+00    7.0007117760E-02
    2.1199800000E-03    9.8703048089E-01   -4.3812423948E-01   -4.7751205997E+00    7.0007760418E-02
    2.1599800000E-03    9.9479370534E-01   -4.3880233054E-01   -4.8023036989E+00    7.0008480208E-02
    2.1999800000E-03    1.0025282582E+00   -4.3918728440E-01   -4.8292060157E+00    7.0009281071E-02
    2.2399800000E-03    1.0102232814E+00   -4.3928123334E-01   -4.8558222448E+00    7.0010166901E-02
    2.2799800000E-03    1.0178680652E+00   -4.3908704469E-01   -4.8821470382E+00    7.0011141478E-02
    2.3199800000E-03    1.0254521081E+00   -4.3860833462E-01   -4.9081750028E+00    7.0012208375E-02
    2.3599800000E-03    1.0329651795E+00   -4.3784947344E-01   -4.9339007097E+00    7.0013370858E-02
    2.3999800000E-03    1.0403973856E+00   -4.3681558112E-01   -4.9593187145E+00    7.0014631791E-02
    2.4399800000E-03    1.0477392341E+00   -4.3551251232E-01   -4.9844235896E+00    7.0015993533E-02
    2.4799800000E-03    1.0549816983E+00   -4.3394683059E-01   -5.0092099664E+00    7.0017457858E-02
    2.5199800000E-03    1.0621162754E+00   -4.3212577197E-01   -5.0336725859E+00    7.0019025884E-02
    2.5599800000E-03    1.0691350392E+00   -4.3005719866E-01   -5.0578063540E+00    7.0020698033E-02
    2.5999800000E-03    1.0760306840E+00   -4.2774954408E-01   -5.0816063994E+00    7.0022474019E-02
    2.6399800000E-03    1.0827965584E+00   -4.2521175087E-01   -5.1050681297E+00    7.0024352862E-02
    2.6799800000E-03    1.0894266894E+00   -4.2245320399E-01   -5.1281872823E+00    7.0026332939E-02
    2.7199800000E-03    1.0959157939E+00   -4.1948366085E-01   -5.1509599676E+00    7.0028412054E-02
    2.7599800000E-03    1.1022592803E+00   -4.1631318083E-01   -5.1733827009E+00    7.0030587533E-02
    2.7999800000E-03    1.1084532394E+00   -4.1295205619E-01   -5.1954524222E+00    7.0032856325E-02
    2.8399800000E-03    1.1144944255E+00   -4.0941074619E-01   -5.2171665032E+00    7.0035215115E-02
    2.8799800000E-03    1.1203802307E+00   -4.0569981599E-01   -5.2385227404E+00    7.0037660429E-02
    2.9199800000E-03    1.1261086517E+00   -4.0182988144E-01   -5.2595193375E+00    7.0040188730E-02
    2.9599800000E-03    1.1316782532E+00   -3.9781156042E-01   -5.2801548772E+00    7.0042796501E-02
    2.9999800000E-03    1.1370881275E+00   -3.9365543125E-01   -5.3004282848E+00    7.0045480303E-02
    3.0399800000E-03    1.1423378529E+00   -3.8937199785E-01   -5.3203387878E+00    7.0048236827E-02
    3.0799800000E-03    1.1474274525E+00   -3.8497166169E-01   -5.3398858715E+00    7.0051062909E-02
    3.1199800000E-03    1.1523573531E+00   -3.8046469967E-01   -5.3590692352E+00    7.0053955546E-02
    3.1599800000E-03    1.1571283470E+00   -3.7586124742E-01   -5.3778887502E+00    7.0056911883E-02
    3.1999800000E-03    1.1617415551E+00   -3.7117128712E-01   -5.3963444211E+00    7.0059929196E-02
    3.2399800000E-03    1.1661983941E+00   -3.6640463904E-01   -5.4144363521E+00    7.0063004873E-02
    3.2799800000E-03    1.1705005450E+00   -3.6157095596E-01   -5.4321647186E+00    7.0066136378E-02
    3.3199800000E-03    1.1746499262E+00   -3.5667971975E-01   -5.4495297445E+00    7.0069321235E-02
    3.3599800000E-03    1.1786486679E+00   -3.5174023933E-01   -5.4665316856E+00    7.0072556994E-02
    3.3999800000E-03    1.1824990895E+00   -3.4676164957E-01   -5.4831708172E+00    7.0075841217E-02
    3.4399800000E-03    1.1862036796E+00   -3.4175291058E-01   -5.4994474273E+00    7.0079171465E-02
    3.4799800000E-03    1.1897650772E+00   -3.3672280700E-01   -5.5153618131E+00    7.0082545287E-02
    3.5199800000E-03    1.1931860547E+00   -3.3167994712E-01   -5.5309142797E+00    7.0085960221E-02
    3.5599800000E-03    1.1964695020E+00   -3.2663276170E-01   -5.5461051425E+00    7.0089413797E-02
    3.5999800000E-03    1.1996184121E+00   -3.2158950218E-01   -5.5609347290E+00    7.0092903545E-02
    3.6399800000E-03    1.2026358664E+00   -3.1655823860E-01   -5.5754033831E+00    7.0096427006E-02
    3.6799800000E-03    1.2055250218E+00   -3.1154685699E-01   -5.5895114680E+00    7.0099981744E-02
    3.7199800000E-03    1.2082890976E+00   -3.0656305637E-01   -5.6032593703E+00    7.0103565358E-02
    3.7599800000E-03    1.2109313629E+00   -3.0161434552E-01   -5.6166475023E+00    7.0107175498E-02
    3.7999800000E-03    1.2134551243E+00   -2.9670803948E-01   -5.6296763050E+00    7.0110809874E-02
    3.8399800000E-03    1.2158637143E+00   -2.9185125598E-01   -5.6423462492E+00    7.0114466266E-02
    3.8799800000E-03    1.2181604797E+00   -2.8705091182E-01   -5.6546578367E+00    7.0118142530E-02
    3.9199800000E-03    1.2203487703E+00   -2.8231371928E-01   -5.6666116009E+00    7.0121836608E-02
    3.9599800000E-03    1.2224319286E+00   -2.7764618265E-01   -5.6782081067E+00    7.0125546527E-02
    3.9999800000E-03    1.2244132793E+00   -2.7305459497E-01   -5.6894479501E+00    7.0129270402E-02
    4.0399800000E-03    1.2262961197E+00   -2.6854503497E-01   -5.7003317573E+00    7.0133006436E-02
    4.0799800000E-03    1.2280837101E+00   -2.6412336424E-01   -5.7108601845E+00    7.0136752920E-02
    4.1199800000E-03    1.2297792658E+00   -2.5979522481E-01   -5.7210339163E+00    7.0140508233E-02
    4.1599800000E-03    1.2313859481E+00   -2.5556603701E-01   -5.7308536652E+00    7.0144270834E-02
    4.1999800000E-03    1.2329068575E+00   -2.5144099781E-01   -5.7403201699E+00    7.0148039269E-02
    4.2399800000E-03    1.2343450263E+00   -2.4742507948E-01   -5.7494341946E+00    7.0151812162E-02
    4.2799800000E-03    1.2357034121E+00   -2.4352302890E-01   -5.7581965275E+00    7.0155588222E-02
    4.3199800000E-03    1.2369848922E+00   -2.3973936722E-01   -5.7666079790E+00    7.0159366237E-02
    4.3599800000E-03    1.2381922581E+00   -2.3607839021E-01   -5.7746693801E+00    7.0163145075E-02
    4.3999800000E-03    1.2393282104E+00   -2.3254416911E-01   -5.7823815803E+00    7.0166923691E-02
    4.4399800000E-03    1.2403953552E+00   -2.2914055213E-01   -5.7897454452E+00    7.0170701123E-02
    4.4799800000E-03    1.2413961994E+00   -2.2587116652E-01   -5.7967618534E+00    7.0174476496E-02
    4.5199800000E-03    1.2423331480E+00   -2.2273942128E-01   -5.8034316934E+00    7.0178249028E-02
    4.5599800000E-03    1.2432085006E+00   -2.1974851052E-01   -5.8097558598E+00    7.0182018026E-02
    4.5999800000E-03    1.2440244491E+00   -2.1690141726E-01   -5.8157352493E+00    7.0185782894E-02
    4.6399800000E-03    1.2447830753E+00   -2.1420091794E-01   -5.8213707559E+00    7.0189543134E-02
    4.6799800000E-03    1.2454863493E+00   -2.1164958728E-01   -5.8266632659E+00    7.0193298346E-02
    4.7199800000E-03    1.2461361273E+00   -2.0924980362E-01   -5.8316136531E+00    7.0197048228E-02
    4.7599800000E-03    1.2467341511E+00   -2.0700375463E-01   -5.8362227724E+00    7.0200792581E-02
    4.7999800000E-03    1.2472820462E+00   -2.0491344322E-01   -5.8404914549E+00    7.0204531301E-02
    4.8399800000E-03    1.2477813216E+00   -2.0298069367E-01   -5.8444205013E+00    7.0208264384E-02
    4.8799800000E-03    1.2482333688E+00   -2.0120715786E-01   -5.8480106766E+00    7.0211991919E-02
    4.9199800000E-03    1.2486394612E+00   -1.9959432139E-01   -5.8512627038E+00    7.0215714087E-02
    4.9599800000E-03    1.2490007541E+00   -1.9814350969E-01   -5.8541772583E+00    7.0219431155E-02
    4.9999800000E-03    1.2493182841E+00   -1.9685589386E-01   -5.8567549627E+00    7.0223143470E-02
    5.0399800000E-03    1.2495929694E+00   -1.9573249619E-01   -5.8589963811E+00    7.0226851455E-02
    5.0799800000E-03    1.2498256090E+00   -1.9477419529E-01   -5.8609020148E+00    7.0230555597E-02
    5.1199800000E-03    1.2500168833E+00   -1.9398173079E-01   -5.8624722978E+00    7.0234256447E-02
    5.1599800000E-03    1.2501673539E+00   -1.9335570739E-01   -5.8637075930E+00    7.0237954603E-02
    5.1999800000E-03    1.2502774636E+00   -1.9289659836E-01   -5.8646081890E+00    7.0241650707E-02
    5.2399800000E-03    1.2503475363E+00   -1.9260474839E-01   -5.8651742975E+00    7.0245345433E-02
    5.2799800000E-03    1.2503777775E+00   -1.9248037558E-01   -5.8654060515E+00    7.0249039478E-02
    5.3199800000E-03    1.2503682735E+00   -1.9252357287E-01   -5.8653035039E+00    7.0252733553E-02
    5.3599800000E-03    1.2503189924E+00   -1.9273430856E-01   -5.8648666271E+00    7.0256428368E-02
    5.3999800000E-03    1.2502297834E+00   -1.9311242606E-01   -5.8640953131E+00    7.0260124629E-02
    5.4399800000E-03    1.2501003768E+00   -1.9365764296E-01   -5.8629893746E+00    7.0263823024E-02
    5.4799800000E-03    1.2499303844E+00   -1.9436954921E-01   -5.8615485463E+00    7.0267524212E-02
    5.5199800000E-03    1.2497192992E+00   -1.9524760463E-01   -5.8597724876E+00    7.0271228816E-02
    5.5599800000E-03    1.2494664951E+00   -1.9629113574E-01   -5.8576607851E+00    7.0274937413E-02
    5.5999800000E-03    1.2491712275E+00   -1.9749933188E-01   -5.8552129565E+00    7.0278650524E-02
    5.6399800000E-03    1.2488326329E+00   -1.9887124080E-01   -5.8524284544E+00    7.0282368609E-02
    5.6799800000E-03    1.2484497287E+00   -2.0040576371E-01   -5.8493066711E+00    7.0286092054E-02
    5.7199800000E-03    1.2480214141E+00   -2.0210164989E-01   -5.8458469436E+00    7.0289821170E-02
    5.7599800000E-03    1.2475464696E+00   -2.0395749092E-01   -5.8420485587E+00    7.0293556185E-02
    5.7999800000E-03    1.2470235576E+00   -2.0597171476E-01   -5.8379107590E+00    7.0297297236E-02
    5.8399800000E-03    1.2464512228E+00   -2.0814257947E-01   -5.8334327484E+00    7.0301044371E-02
    5.8799800000E-03    1.2458278927E+00   -2.1046816710E-01   -5.8286136982E+00    7.0304797539E-02
    5.9199800000E-03    1.2451518787E+00   -2.1294637740E-01   -5.8234527529E+00    7.0308556593E-02
    5.9599800000E-03    1.2444213766E+00   -2.1557492179E-01   -5.8179490363E+00    7.0312321286E-02
    5.9999800000E-03    1.2436344681E+00   -2.1835131750E-01   -5.8121016566E+00    7.0316091274E-02
    6.0399800000E-03    1.2427891223E+00   -2.2127288207E-01   -5.8059097124E+00    7.0319866110E-02
    6.0799800000E-03    1.2418831975E+00   -2.2433672813E-01   -5.7993722977E+00    7.0323645254E-02
    6.1199800000E-03    1.2409144429E+00   -2.2753975876E-01   -5.7924885063E+00    7.0327428065E-02
    6.1599800000E-03    1.2398805015E+00   -2.3087866332E-01   -5.7852574368E+00    7.0331213813E-02
    6.1999800000E-03    1.2387789129E+00   -2.3434991376E-01   -5.7776781958E+00    7.0335001674E-02
    6.2399800000E-03    1.2376071162E+00   -2.3794976169E-01   -5.7697499019E+00    7.0338790738E-02
    6.2799800000E-03    1.2363624539E+00   -2.4167423587E-01   -5.7614716885E+00    7.0342580005E-02
    6.3199800000E-03    1.2350421761E+00   -2.4551914046E-01   -5.7528427066E+00    7.0346368396E-02
    6.3599800000E-03    1.2336434449E+00   -2.4948005379E-01   -5.7438621266E+00    7.0350154746E-02
    6.3999800000E-03    1.2321633398E+00   -2.5355232780E-01   -5.7345291407E+00    7.0353937810E-02
    6.4399800000E-03    1.2305988630E+00   -2.5773108797E-01   -5.7248429644E+00    7.0357716262E-02
    6.4799800000E-03    1.2289469461E+00   -2.6201123384E-01   -5.7148028378E+00    7.0361488694E-02
    6.5199800000E-03    1.2272044567E+00   -2.6638743999E-01   -5.7044080269E+00    7.0365253618E-02
    6.5599800000E-03    1.2253682053E+00   -2.7085415758E-01   -5.6936578247E+00    7.0369009460E-02
    6.5999800000E-03    1.2234349540E+00   -2.7540561622E-01   -5.6825515522E+00    7.0372754561E-02
    6.6399800000E-03    1.2214014245E+00   -2.8003582627E-01   -5.6710885598E+00    7.0376487174E-02
    6.6799800000E-03    1.2192643074E+00   -2.8473858146E-01   -5.6592682276E+00    7.0380205466E-02
    6.7199800000E-03    1.2170202713E+00   -2.8950746189E-01   -5.6470899664E+00    7.0383907511E-02
    6.7599800000E-03    1.2146659736E+00   -2.9433583718E-01   -5.6345532182E+00    7.0387591298E-02
    6.7999800000E-03    1.2121980704E+00   -2.9921686990E-01   -5.6216574566E+00    7.0391254729E-02
    6.8399800000E-03    1.2096132281E+00   -3.0414351918E-01   -5.6084021860E+00    7.0394895623E-02
    6.8799800000E-03    1.2069081340E+00   -3.0910854431E-01   -5.5947869417E+00    7.0398511726E-02
    6.9199800000E-03    1.2040795088E+00   -3.1410450847E-01   -5.5808112880E+00    7.0402100716E-02
    6.9599800000E-03    1.2011241183E+00   -3.1912378233E-01   -5.5664748163E+00    7.0405660216E-02
    6.9999800000E-03    1.1980387861E+00   -3.2415854750E-01   -5.5517771426E+00    7.0409187803E-02
    7.0399800000E-03    1.1948204061E+00   -3.2920079973E-01   -5.5367179043E+00    7.0412681024E-02
    7.0799800000E-03    1.1914659560E+00   -3.3424235179E-01   -5.5212967567E+00    7.0416137410E-02
    7.1199800000E-03    1.1879725113E+00   -3.3927483594E-01   -5.5055133695E+00    7.0419554482E-02
    7.1599800000E-03    1.1843372594E+00   -3.4428970592E-01   -5.4893674236E+00    7.0422929765E-02
    7.1999800000E-03    1.1805575151E+00   -3.4927823849E-01   -5.4728586091E+00    7.0426260793E-02
    7.2399800000E-03    1.1766307375E+00   -3.5423153458E-01   -5.4559866254E+00    7.0429545110E-02
    7.2799800000E-03    1.1725545471E+00   -3.5914052007E-01   -5.4387511826E+00    7.0432780263E-02
    7.3199800000E-03    1.1683267459E+00   -3.6399594663E-01   -5.4211520082E+00    7.0435963795E-02
    7.3599800000E-03    1.1639453388E+00   -3.6878839263E-01   -5.4031888561E+00    7.0439093224E-02
    7.3999800000E-03    1.1594085576E+00   -3.7350826486E-01   -5.3848615217E+00    7.0442166024E-02
    7.4399800000E-03    1.1547148872E+00   -3.7814580127E-01   -5.3661698623E+00    7.0445179597E-02
    7.4799800000E-03    1.1498630952E+00   -3.8269107571E-01   -5.3471138228E+00    7.0448131248E-02
    7.5199800000E-03    1.1448522637E+00   -3.8713400507E-01   -5.3276934675E+00    7.0451018156E-02
    7.5599800000E-03    1.1396818247E+00   -3.9146435990E-01   -5.3079090172E+00    7.0453837353E-02
    7.5999800000E-03    1.1343515976E+00   -3.9567177914E-01   -5.2877608899E+00    7.0456585714E-02
    7.6399800000E-03    1.1288618286E+00   -3.9974578995E-01   -5.2672497449E+00    7.0459259956E-02
    7.6799800000E-03    1.1232132324E+00   -4.0367583328E-01   -5.2463765270E+00    7.0461856652E-02
    7.7199800000E-03    1.1174070332E+00   -4.0745129588E-01   -5.2251425099E+00    7.0464372269E-02
    7.7599800000E-03    1.1114450058E+00   -4.1106154912E-01   -5.2035493349E+00    7.0466803220E-02
    7.7999800000E-03    1.1053295143E+00   -4.1449599480E-01   -5.1815990432E+00    7.0469145938E-02
    7.8399800000E-03    1.0990635462E+00   -4.1774411776E-01   -5.1592940993E+00    7.0471396969E-02
    7.8799800000E-03    1.0926507423E+00   -4.2079554471E-01   -5.1366374026E+00    7.0473553069E-02
    7.9199800000E-03    1.0860954185E+00   -4.2364010836E-01   -5.1136322866E+00    7.0475611321E-02
    7.9599800000E-03    1.0794025792E+00   -4.2626791541E-01   -5.0902825053E+00    7.0477569236E-02
    7.9999800000E-03    1.0725779208E+00   -4.2866941677E-01   -5.0665922057E+00    7.0479424859E-02
    8.0399800000E-03    1.0656278246E+00   -4.3083547796E-01   -5.0425658895E+00    7.0481176850E-02
    8.0799800000E-03    1.0585593382E+00   -4.3275744756E-01   -5.0182083645E+00    7.0482824542E-02
    8.1199800000E-03    1.0513801466E+00   -4.3442722155E-01   -4.9935246895E+00    7.0484367975E-02
    8.1599800000E-03    1.0440985318E+00   -4.3583730141E-01   -4.9685201167E+00    7.0485807894E-02
    8.1999800000E-03    1.0367233248E+00   -4.3698084429E-01   -4.9432000336E+00    7.0487145725E-02
    8.2399800000E-03    1.0292638491E+00   -4.3785170366E-01   -4.9175699091E+00    7.0488383512E-02
    8.2799800000E-03    1.0217298591E+00   -4.3844445969E-01   -4.8916352472E+00    7.0489523845E-02
    8.3199800000E-03    1.0141314757E+00   -4.3875443877E-01   -4.8654015489E+00    7.0490569759E-02
    8.3599800000E-03    1.0064791207E+00   -4.3877772239E-01   -4.8388742868E+00    7.0491524641E-02
    8.3999800000E-03    9.9878345191E-01   -4.3851114597E-01   -4.8120588900E+00    7.0492392127E-02
    8.4399800000E-03    9.9105530279E-01   -4.3795228860E-01   -4.7849607425E+00    7.0493176004E-02
    8.4799800000E-03    9.8330562546E-01   -4.3709945513E-01   -4.7575851912E+00    7.0493880136E-02
    8.5199800000E-03    9.7554544053E-01   -4.3595165203E-01   -4.7299375643E+00    7.0494508391E-02
    8.5599800000E-03    9.6778579348E-01   -4.3450855892E-01   -4.7020231975E+00    7.0495064596E-02
    8.5999800000E-03    9.6003771810E-01   -4.3277049713E-01   -4.6738474658E+00    7.0495552502E-02
    8.6399800000E-03    9.5231220699E-01   -4.3073839707E-01   -4.6454158191E+00    7.0495975769E-02
    8.6799800000E-03    9.4462018857E-01   -4.2841376578E-01   -4.6167338193E+00    7.0496337962E-02
    8.7199800000E-03    9.3697250988E-01   -4.2579865569E-01   -4.5878071776E+00    7.0496642564E-02
    8.7599800000E-03    9.2937992417E-01   -4.2289563576E-01   -4.5586417900E+00    7.0496892988E-02
    8.7999800000E-03    9.2185308210E-01   -4.1970776539E-01   -4.5292437700E+00    7.0497092606E-02
    8.8399800000E-03    9.1440252549E-01   -4.1623857176E-01   -4.4996194782E+00    7.0497244769E-02
    8.8799800000E-03    9.0703868232E-01   -4.1249203042E-01   -4.4697755481E+00    7.0497352838E-02
    8.9199800000E-03    8.9977186201E-01   -4.0847254933E-01   -4.4397189082E+00    7.0497420206E-02
    8.9599800000E-03    8.9261225019E-01   -4.0418495583E-01   -4.4094568006E+00    7.0497450312E-02
    8.9999800000E-03    8.8556990201E-01   -3.9963448615E-01   -4.3789967979E+00    7.0497446661E-02
    9.0399800000E-03    8.7865473377E-01   -3.9482677692E-01   -4.3483468165E+00    7.0497412814E-02
    9.0799800000E-03    8.7187651241E-01   -3.8976785810E-01   -4.3175151298E+00    7.0497352386E-02
    9.1199800000E-03    8.6524484272E-01   -3.8446414643E-01   -4.2865103794E+00    7.0497269026E-02
    9.1599800000E-03    8.5876915241E-01   -3.7892243902E-01   -4.2553415862E+00    7.0497166378E-02
    9.1999800000E-03    8.5245867494E-01   -3.7314990616E-01   -4.2240181592E+00    7.0497048053E-02
    9.2399800000E-03    8.4632243045E-01   -3.6715408294E-01   -4.1925499026E+00    7.0496917574E-02
    9.2799800000E-03    8.4036920474E-01   -3.6094285890E-01   -4.1609470202E+00    7.0496778337E-02
    9.3199800000E-03    8.3460752668E-01   -3.5452446537E-01   -4.1292201137E+00    7.0496633569E-02
    9.3599800000E-03    8.2904564415E-01   -3.4790746008E-01   -4.0973801756E+00    7.0496486294E-02
    9.3999800000E-03    8.2369149869E-01   -3.4110070863E-01   -4.0654385743E+00    7.0496339315E-02
    9.4399800000E-03    8.1855269931E-01   -3.3411336306E-01   -4.0334070290E+00    7.0496195215E-02
    9.4799800000E-03    8.1363649561E-01   -3.2695483727E-01   -4.0012975767E+00    7.0496056376E-02
    9.5199800000E-03    8.0894975074E-01   -3.1963478007E-01   -3.9691225298E+00    7.0495925011E-02
    9.5599800000E-03    8.0449891464E-01   -3.1216304621E-01   -3.9368944268E+00    7.0495803218E-02
    9.5999800000E-03    8.0028999791E-01   -3.0454966649E-01   -3.9046259776E+00    7.0495693037E-02
    9.6399800000E-03    7.9632854692E-01   -2.9680481799E-01   -3.8723300086E+00    7.0495596514E-02
    9.6799800000E-03    7.9261962014E-01   -2.8893879550E-01   -3.8400194098E+00    7.0495515750E-02
    9.7199800000E-03    7.8916776609E-01   -2.8096198548E-01   -3.8077070881E+00    7.0495452946E-02
    9.7599800000E-03    7.8597700265E-01   -2.7288484338E-01   -3.7754059310E+00    7.0495410412E-02
    9.7999800000E-03    7.8305079738E-01   -2.6471787497E-01   -3.7431287819E+00    7.0495390560E-02
    9.8399800000E-03    7.8039204865E-01   -2.5647162203E-01   -3.7108884294E+00    7.0495395857E-02
    9.8799800000E-03    7.7800306679E-01   -2.4815665185E-01   -3.6786976085E+00    7.0495428753E-02
    9.9199800000E-03    7.7588555511E-01   -2.3978354989E-01   -3.6465690135E+00    7.0495491577E-02
    9.9599800000E-03    7.7404059030E-01   -2.3136291414E-01   -3.6145153171E+00    7.0495586416E-02
    9.9999800000E-03    7.7246860256E-01   -2.2290534948E-01   -3.5825491921E+00    7.0495714978E-02
    1.0039980000E-02    7.7116935595E-01   -2.1442146022E-01   -3.5506833292E+00    7.0495878455E-02
    1.0079980000E-02    7.7014192983E-01   -2.0592183880E-01   -3.5189304466E+00    7.0496077391E-02
    1.0119980000E-02    7.6938470308E-01   -1.9741704915E-01   -3.4873032861E+00    7.0496311576E-02
    1.0159980000E-02    7.6889534285E-01   -1.8891760352E-01   -3.4558145912E+00    7.0496579967E-02
    1.0199980000E-02    7.6867079970E-01   -1.8043393220E-01   -3.4244770669E+00    7.0496880650E-02
    1.0239980000E-02    7.6870731132E-01   -1.7197634648E-01   -3.3933033197E+00    7.0497210846E-02
    1.0279980000E-02    7.6900041623E-01   -1.6355499570E-01   -3.3623057809E+00    7.0497566973E-02
    1.0319980000E-02    7.6954497883E-01   -1.5517982017E-01   -3.3314966166E+00    7.0497944747E-02
    1.0359980000E-02    7.7033522603E-01   -1.4686050209E-01   -3.3008876297E+00    7.0498339334E-02
    1.0399980000E-02    7.7136479530E-01   -1.3860641711E-01   -3.2704901617E+00    7.0498745536E-02
    1.0439980000E-02    7.7262679268E-01   -1.3042658905E-01   -3.2403149984E+00    7.0499158000E-02
    1.0479980000E-02    7.7411385897E-01   -1.2232965030E-01   -3.2103722888E+00    7.0499571442E-02
    1.0519980000E-02    7.7581824146E-01   -1.1432380982E-01   -3.1806714810E+00    7.0499980864E-02
    1.0559980000E-02    7.7773186812E-01   -1.0641683024E-01   -3.1512212797E+00    7.0500381755E-02
    1.0599980000E-02    7.7984642140E-01   -9.8616014616E-02   -3.1220296276E+00    7.0500770263E-02
    1.0639980000E-02    7.8215340848E-01   -9.0928202949E-02   -3.0931037109E+00    7.0501143328E-02
    1.0679980000E-02    7.8464422558E-01   -8.3359777477E-02   -3.0644499886E+00    7.0501498763E-02
    1.0719980000E-02    7.8731021422E-01   -7.5916675531E-02   -3.0360742407E+00    7.0501835293E-02
    1.0759980000E-02    7.9014270809E-01   -6.8604408068E-02   -3.0079816330E+00    7.0502152537E-02
    1.0799980000E-02    7.9313306999E-01   -6.1428081830E-02   -2.9801767925E+00    7.0502450947E-02
    1.0839980000E-02    7.9627271870E-01   -5.4392422996E-02   -2.9526638877E+00    7.0502731711E-02
    1.0879980000E-02    7.9955314667E-01   -4.7501800326E-02   -2.9254467101E+00    7.0502996622E-02
    1.0919980000E-02    8.0296592944E-01   -4.0760246034E-02   -2.8985287500E+00    7.0503247922E-02
    1.0959980000E-02    8.0650272844E-01   -3.4171473009E-02   -2.8719132642E+00    7.0503488146E-02
    1.0999980000E-02    8.1015528882E-01   -2.7738887444E-02   -2.8456033320E+00    7.0503719953E-02
    1.1039980000E-02    8.1391543416E-01   -2.1465596392E-02   -2.8196018982E+00    7.0503945975E-02
    1.1079980000E-02    8.1777505965E-01   -1.5354410211E-02   -2.7939118005E+00    7.0504168672E-02
    1.1119980000E-02    8.2172612543E-01   -9.4078402747E-03   -2.7685357847E+00    7.0504390223E-02
    1.1159980000E-02    8.2576065148E-01   -3.6280926567E-03   -2.7434765053E+00    7.0504612426E-02
    1.1199980000E-02    8.2987071481E-01    1.9829412593E-03   -2.7187365166E+00    7.0504836640E-02
    1.1239980000E-02    8.3404845011E-01    7.4236961320E-03   -2.6943182540E+00    7.0505063749E-02
    1.1279980000E-02    8.3828605386E-01    1.2692944803E-02   -2.6702240102E+00    7.0505294156E-02
    1.1319980000E-02    8.4257579224E-01    1.7789810077E-02   -2.6464559078E+00    7.0505527799E-02
    1.1359980000E-02    8.4691001265E-01    2.2713775083E-02   -2.6230158716E+00    7.0505764195E-02
    1.1399980000E-02    8.5128115835E-01    2.7464691317E-02   -2.5999056022E+00    7.0506002490E-02
    1.1439980000E-02    8.5568178574E-01    3.2042783662E-02   -2.5771265536E+00    7.0506241532E-02
    1.1479980000E-02    8.6010458369E-01    3.6448651880E-02   -2.5546799163E+00    7.0506479948E-02
    1.1519980000E-02    8.6454239397E-01    4.0683268298E-02   -2.5325666058E+00    7.0506716217E-02
    1.1559980000E-02    8.6898823236E-01    4.4747971616E-02   -2.5107872589E+00    7.0506948752E-02
    1.1599980000E-02    8.7343530949E-01    4.8644456943E-02   -2.4893422354E+00    7.0507175973E-02
    1.1639980000E-02    8.7787705092E-01    5.2374762312E-02   -2.4682316273E+00    7.0507396367E-02
    1.1679980000E-02    8.8230711592E-01    5.5941252049E-02   -2.4474552733E+00    7.0507608554E-02
    1.1719980000E-02    8.8671941452E-01    5.9346597458E-02   -2.4270127775E+00    7.0507811322E-02
    1.1759980000E-02    8.9110812252E-01    6.2593755299E-02   -2.4069035329E+00    7.0508003668E-02
    1.1799980000E-02    8.9546769422E-01    6.5685944588E-02   -2.3871267464E+00    7.0508184822E-02
    1.1839980000E-02    8.9979287281E-01    6.8626622209E-02   -2.3676814656E+00    7.0508354257E-02
    1.1879980000E-02    9.0407869839E-01    7.1419457803E-02   -2.3485666063E+00    7.0508511693E-02
    1.1919980000E-02    9.0832051357E-01    7.4068308374E-02   -2.3297809787E+00    7.0508657097E-02
    1.1959980000E-02    9.1251396686E-01    7.6577192963E-02   -2.3113233124E+00    7.0508790662E-02
    1.1999980000E-02    9.1665501386E-01    7.8950267726E-02   -2.2931922797E+00    7.0508912798E-02
    1.2039980000E-02    9.2073991653E-01    8.1191801655E-02   -2.2753865154E+00    7.0509024103E-02
    1.2079980000E-02    9.2476524055E-01    8.3306153181E-02   -2.2579046350E+00    7.0509125341E-02
    1.2119980000E-02    9.2872785107E-01    8.5297747785E-02   -2.2407452483E+00    7.0509217412E-02
    1.2159980000E-02    9.3262490692E-01    8.7171056773E-02   -2.2239069715E+00    7.0509301326E-02
    1.2199980000E-02    9.3645385352E-01    8.8930577273E-02   -2.2073884352E+00    7.0509378171E-02
    1.2239980000E-02    9.4021241461E-01    9.0580813530E-02   -2.1911882902E+00    7.0509449089E-02
    1.2279980000E-02    9.4389858293E-01    9.2126259531E-02   -2.1753052109E+00    7.0509515250E-02
    1.2319980000E-02    9.4751061004E-01    9.3571382961E-02   -2.1597378964E+00    7.0509577825E-02
    1.2359980000E-02    9.5104699535E-01    9.4920610522E-02   -2.1444850699E+00    7.0509637969E-02
    1.2399980000E-02    9.5450647459E-01    9.6178314564E-02   -2.1295454770E+00    7.0509696802E-02
    1.2439980000E-02    9.5788800768E-01    9.7348801050E-02   -2.1149178824E+00    7.0509755389E-02
    1.2479980000E-02    9.6119076635E-01    9.8436298788E-02   -2.1006010666E+00    7.0509814737E-02
    1.2519980000E-02    9.6441412134E-01    9.9444949928E-02   -2.0865938217E+00    7.0509875775E-02
    1.2559980000E-02    9.6755762953E-01    1.0037880166E-01   -2.0728949477E+00    7.0509939355E-02
    1.2599980000E-02    9.7062102100E-01    1.0124179907E-01   -2.0595032481E+00    7.0510006243E-02
    1.2639980000E-02    9.7360418608E-01    1.0203777911E-01   -2.0464175265E+00    7.0510077121E-02
    1.2679980000E-02    9.7650716255E-01    1.0277046566E-01   -2.0336365835E+00    7.0510152582E-02
    1.2719980000E-02    9.7933012302E-01    1.0344346548E-01   -2.0211592140E+00    7.0510233136E-02
    1.2759980000E-02    9.8207336261E-01    1.0406026523E-01   -2.0089842053E+00    7.0510319209E-02
    1.2799980000E-02    9.8473728695E-01    1.0462422928E-01   -1.9971103355E+00    7.0510411150E-02
    1.2839980000E-02    9.8732240062E-01    1.0513859830E-01   -1.9855363731E+00    7.0510509237E-02
    1.2879980000E-02    9.8982929595E-01    1.0560648865E-01   -1.9742610766E+00    7.0510613677E-02
    1.2919980000E-02    9.9225864242E-01    1.0603089239E-01   -1.9632831954E+00    7.0510724616E-02
    1.2959980000E-02    9.9461117646E-01    1.0641467790E-01   -1.9526014702E+00    7.0510842146E-02
    1.2999980000E-02    9.9688769192E-01    1.0676059103E-01   -1.9422146353E+00    7.0510966307E-02
    1.3039980000E-02    9.9908903096E-01    1.0707125671E-01   -1.9321214198E+00    7.0511097095E-02
    1.3079980000E-02    1.0012160756E+00    1.0734918097E-01   -1.9223205502E+00    7.0511234470E-02
    1.3119980000E-02    1.0032697398E+00    1.0759675330E-01   -1.9128107526E+00    7.0511378356E-02
    1.3159980000E-02    1.0052509621E+00    1.0781624932E-01   -1.9035907560E+00    7.0511528651E-02
    1.3199980000E-02    1.0071606988E+00    1.0800983364E-01   -1.8946592944E+00    7.0511685228E-02
    1.3239980000E-02    1.0089999178E+00    1.0817956293E-01   -1.8860151102E+00    7.0511847942E-02
    1.3279980000E-02    1.0107695925E+00    1.0832738918E-01   -1.8776569568E+00    7.0512016630E-02
    1.3319980000E-02    1.0124706970E+00    1.0845516293E-01   -1.8695836020E+00    7.0512191120E-02
    1.3359980000E-02    1.0141042010E+00    1.0856463673E-01   -1.8617938305E+00    7.0512371226E-02
    1.3399980000E-02    1.0156710655E+00    1.0865746850E-01   -1.8542864468E+00    7.0512556759E-02
    1.3439980000E-02    1.0171722391E+00    1.0873522495E-01   -1.8470602780E+00    7.0512747522E-02
    1.3479980000E-02    1.0186086542E+00    1.0879938495E-01   -1.8401141762E+00    7.0512943315E-02
    1.3519980000E-02    1.0199812239E+00    1.0885134288E-01   -1.8334470211E+00    7.0513143937E-02
    1.3559980000E-02    1.0212908393E+00    1.0889241187E-01   -1.8270577223E+00    7.0513349185E-02
    1.3599980000E-02    1.0225383669E+00    1.0892382701E-01   -1.8209452211E+00    7.0513558858E-02
    1.3639980000E-02    1.0237246467E+00    1.0894674842E-01   -1.8151084929E+00    7.0513772754E-02
    1.3679980000E-02    1.0248504895E+00    1.0896226419E-01   -1.8095465488E+00    7.0513990672E-02
    1.3719980000E-02    1.0259166762E+00    1.0897139330E-01   -1.8042584370E+00    7.0514212414E-02
    1.3759980000E-02    1.0269239555E+00    1.0897508829E-01   -1.7992432449E+00    7.0514437784E-02
    1.3799980000E-02    1.0278730430E+00    1.0897423788E-01   -1.7945000998E+00    7.0514666587E-02
    1.3839980000E-02    1.0287646200E+00    1.0896966943E-01   -1.7900281705E+00    7.0514898631E-02
    1.3879980000E-02    1.0295993327E+00    1.0896215126E-01   -1.7858266683E+00    7.0515133726E-02
    1.3919980000E-02    1.0303777910E+00    1.0895239485E-01   -1.7818948478E+00    7.0515371683E-02
    1.3959980000E-02    1.0311005683E+00    1.0894105683E-01   -1.7782320079E+00    7.0515612318E-02
    1.3999980000E-02    1.0317682005E+00    1.0892874095E-01   -1.7748374926E+00    7.0515855444E-02
    1.4039980000E-02    1.0323811860E+00    1.0891599978E-01   -1.7717106914E+00    7.0516100881E-02
    1.4079980000E-02    1.0329399845E+00    1.0890333637E-01   -1.7688510401E+00    7.0516348447E-02
    1.4119980000E-02    1.0334450177E+00    1.0889120573E-01   -1.7662580211E+00    7.0516597963E-02
    1.4159980000E-02    1.0338966681E+00    1.0888001617E-01   -1.7639311640E+00    7.0516849251E-02
    1.4199980000E-02    1.0342952795E+00    1.0887013050E-01   -1.7618700457E+00    7.0517102132E-02
    1.4239980000E-02    1.0346411563E+00    1.0886186715E-01   -1.7600742909E+00    7.0517356433E-02
    1.4279980000E-02    1.0349345637E+00    1.0885550109E-01   -1.7585435723E+00    7.0517611976E-02
    1.4319980000E-02    1.0351757274E+00    1.0885126468E-01   -1.7572776105E+00    7.0517868587E-02
    1.4359980000E-02    1.0353648336E+00    1.0884934833E-01   -1.7562761749E+00    7.0518126093E-02
    1.4399980000E-02    1.0355020291E+00    1.0884990113E-01   -1.7555390829E+00    7.0518384320E-02
    1.4439980000E-02    1.0355874209E+00    1.0885303123E-01   -1.7550662009E+00    7.0518643095E-02
    1.4479980000E-02    1.0356210764E+00    1.0885880624E-01   -1.7548574434E+00    7.0518902244E-02
    1.4519980000E-02    1.0356030236E+00    1.0886725337E-01   -1.7549127742E+00    7.0519161595E-02
    1.4559980000E-02    1.0355332505E+00    1.0887835954E-01   -1.7552322052E+00    7.0519420976E-02
    1.4599980000E-02    1.0354117058E+00    1.0889207135E-01   -1.7558157973E+00    7.0519680213E-02
    1.4639980000E-02    1.0352382983E+00    1.0890829492E-01   -1.7566636602E+00    7.0519939133E-02
    1.4679980000E-02    1.0350128975E+00    1.0892689560E-01   -1.7577759518E+00    7.0520197564E-02
    1.4719980000E-02    1.0347353330E+00    1.0894769755E-01   -1.7591528788E+00    7.0520455332E-02
    1.4759980000E-02    1.0344053953E+00    1.0897048324E-01   -1.7607946964E+00    7.0520712263E-02
    1.4799980000E-02    1.0340228352E+00    1.0899499282E-01   -1.7627017078E+00    7.0520968183E-02
    1.4839980000E-02    1.0335873644E+00    1.0902092329E-01   -1.7648742646E+00    7.0521222917E-02
    1.4879980000E-02    1.0330986553E+00    1.0904792762E-01   -1.7673127661E+00    7.0521476288E-02
    1.4919980000E-02    1.0325563415E+00    1.0907561376E-01   -1.7700176593E+00    7.0521728120E-02
    1.4959980000E-02    1.0319600174E+00    1.0910354341E-01   -1.7729894384E+00    7.0521978235E-02
    1.4999980000E-02    1.0313092392E+00    1.0913123077E-01   -1.7762286447E+00    7.0522226454E-02
    1.5039980000E-02    1.0306035249E+00    1.0915814110E-01   -1.7797358659E+00    7.0522472594E-02
    1.5079980000E-02    1.0298423543E+00    1.0918368916E-01   -1.7835117357E+00    7.0522716475E-02
    1.5119980000E-02    1.0290251701E+00    1.0920723751E-01   -1.7875569333E+00    7.0522957912E-02
    1.5159980000E-02    1.0281513779E+00    1.0922809466E-01   -1.7918721825E+00    7.0523196718E-02
    1.5199980000E-02    1.0272203474E+00    1.0924551309E-01   -1.7964582509E+00    7.0523432705E-02
    1.5239980000E-02    1.0262314127E+00    1.0925868716E-01   -1.8013159495E+00    7.0523665684E-02
    1.5279980000E-02    1.0251838731E+00    1.0926675082E-01   -1.8064461310E+00    7.0523895460E-02
    1.5319980000E-02    1.0240769948E+00    1.0926877522E-01   -1.8118496892E+00    7.0524121841E-02
    1.5359980000E-02    1.0229100114E+00    1.0926376622E-01   -1.8175275574E+00    7.0524344628E-02
    1.5399980000E-02    1.0216821258E+00    1.0925066167E-01   -1.8234807071E+00    7.0524563623E-02
    1.5439980000E-02    1.0203925116E+00    1.0922832867E-01   -1.8297101468E+00    7.0524778626E-02
    1.5479980000E-02    1.0190403147E+00    1.0919556063E-01   -1.8362169195E+00    7.0524989434E-02
    1.5519980000E-02    1.0176246561E+00    1.0915107427E-01   -1.8430021014E+00    7.0525195847E-02
    1.5559980000E-02    1.0161446333E+00    1.0909350652E-01   -1.8500668001E+00    7.0525397660E-02
    1.5599980000E-02    1.0145993239E+00    1.0902141125E-01   -1.8574121515E+00    7.0525594675E-02
    1.5639980000E-02    1.0129877879E+00    1.0893325605E-01   -1.8650393184E+00    7.0525786691E-02
    1.5679980000E-02    1.0113090715E+00    1.0882741886E-01   -1.8729494875E+00    7.0525973516E-02
    1.5719980000E-02    1.0095622106E+00    1.0870218463E-01   -1.8811438671E+00    7.0526154960E-02
    1.5759980000E-02    1.0077462348E+00    1.0855574191E-01   -1.8896236838E+00    7.0526330843E-02
    1.5799980000E-02    1.0058601725E+00    1.0838617949E-01   -1.8983901803E+00    7.0526500996E-02
    1.5839980000E-02    1.0039030553E+00    1.0819148311E-01   -1.9074446123E+00    7.0526665262E-02
    1.5879980000E-02    1.0018739241E+00    1.0796953225E-01   -1.9167882453E+00    7.0526823504E-02
    1.5919980000E-02    9.9977183445E-01    1.0771809695E-01   -1.9264223522E+00    7.0526975603E-02
    1.5959980000E-02    9.9759586379E-01    1.0743483498E-01   -1.9363482100E+00    7.0527121467E-02
    1.5999980000E-02    9.9534511803E-01    1.0711728902E-01   -1.9465670972E+00    7.0527261035E-02
    1.6039980000E-02    9.9301873935E-01    1.0676288426E-01   -1.9570802912E+00    7.0527394280E-02
    1.6079980000E-02    9.9061591439E-01    1.0636892625E-01   -1.9678890662E+00    7.0527521214E-02
    1.6119980000E-02    9.8813588299E-01    1.0593259911E-01   -1.9789946908E+00    7.0527641899E-02
    1.6159980000E-02    9.8557794745E-01    1.0545096422E-01   -1.9903984264E+00    7.0527756447E-02
    1.6199980000E-02    9.8294148244E-01    1.0492095935E-01   -2.0021015264E+00    7.0527865030E-02
    1.6239980000E-02    9.8022594530E-01    1.0433939844E-01   -2.0141052346E+00    7.0527967881E-02
    1.6279980000E-02    9.7743088696E-01    1.0370297190E-01   -2.0264107860E+00    7.0528065307E-02
    1.6319980000E-02    9.7455596326E-01    1.0300824770E-01   -2.0390194064E+00    7.0528157688E-02
    1.6359980000E-02    9.7160094669E-01    1.0225167313E-01   -2.0519323140E+00    7.0528245483E-02
    1.6399980000E-02    9.6856573853E-01    1.0142957750E-01   -2.0651507208E+00    7.0528329235E-02
    1.6439980000E-02    9.6545038130E-01    1.0053817562E-01   -2.0786758349E+00    7.0528409572E-02
    1.6479980000E-02    9.6225507140E-01    9.9573572301E-02   -2.0925088637E+00    7.0528487210E-02
    1.6519980000E-02    9.5898017196E-01    9.8531767876E-02   -2.1066510170E+00    7.0528562947E-02
    1.6559980000E-02    9.5562622579E-01    9.7408664749E-02   -2.1211035107E+00    7.0528637666E-02
    1.6599980000E-02    9.5219396823E-01    9.6200075110E-02   -2.1358675712E+00    7.0528712327E-02
    1.6639980000E-02    9.4868434001E-01    9.4901729812E-02   -2.1509444391E+00    7.0528787955E-02
    1.6679980000E-02    9.4509849978E-01    9.3509288468E-02   -2.1663353731E+00    7.0528865637E-02
    1.6719980000E-02    9.4143783643E-01    9.2018350810E-02   -2.1820416531E+00    7.0528946503E-02
    1.6759980000E-02    9.3770398088E-01    9.0424469338E-02   -2.1980645829E+00    7.0529031710E-02
    1.6799980000E-02    9.3389881737E-01    8.8723163290E-02   -2.2144054911E+00    7.0529122424E-02
    1.6839980000E-02    9.3002449405E-01    8.6909933947E-02   -2.2310657311E+00    7.0529219796E-02
    1.6879980000E-02    9.2608343278E-01    8.4980281283E-02   -2.2480466787E+00    7.0529324942E-02
    1.6919980000E-02    9.2207833794E-01    8.2929721954E-02   -2.2653497272E+00    7.0529438908E-02
    1.6959980000E-02    9.1801220414E-01    8.0753808598E-02   -2.2829762808E+00    7.0529562652E-02
    1.6999980000E-02    9.1388832268E-01    7.8448150417E-02   -2.3009277446E+00    7.0529697008E-02
    1.7039980000E-02    9.0971028664E-01    7.6008434949E-02   -2.3192055113E+00    7.0529842663E-02
    1.7079980000E-02    9.0548199426E-01    7.3430450958E-02   -2.3378109452E+00    7.0530000126E-02
    1.7119980000E-02    9.0120765064E-01    7.0710112270E-02   -2.3567453634E+00    7.0530169706E-02
    1.7159980000E-02    8.9689176750E-01    6.7843482400E-02   -2.3760100142E+00    7.0530351493E-02
    1.7199980000E-02    8.9253916080E-01    6.4826799712E-02   -2.3956060523E+00    7.0530545338E-02
    1.7239980000E-02    8.8815494615E-01    6.1656502832E-02   -2.4155345134E+00    7.0530750849E-02
    1.7279980000E-02    8.8374453191E-01    5.8329255969E-02   -2.4357962872E+00    7.0530967387E-02
    1.7319980000E-02    8.7931360979E-01    5.4841973728E-02   -2.4563920898E+00    7.0531194075E-02
    1.7359980000E-02    8.7486814312E-01    5.1191844984E-02   -2.4773224378E+00    7.0531429815E-02
    1.7399980000E-02    8.7041435276E-01    4.7376355295E-02   -2.4985876239E+00    7.0531673318E-02
    1.7439980000E-02    8.6595870088E-01    4.3393307369E-02   -2.5201876953E+00    7.0531923144E-02
    1.7479980000E-02    8.6150787273E-01    3.9240839053E-02   -2.5421224374E+00    7.0532177753E-02
    1.7519980000E-02    8.5706875707E-01    3.4917438363E-02   -2.5643913615E+00    7.0532435562E-02
    1.7559980000E-02    8.5264842539E-01    3.0421955145E-02   -2.5869936995E+00    7.0532695021E-02
    1.7599980000E-02    8.4825411087E-01    2.5753609027E-02   -2.6099284050E+00    7.0532954681E-02
    1.7639980000E-02    8.4389318740E-01    2.0911993490E-02   -2.6331941607E+00    7.0533213279E-02
    1.7679980000E-02    8.3957314970E-01    1.5897076048E-02   -2.6567893934E+00    7.0533469808E-02
    1.7719980000E-02    8.3530159506E-01    1.0709194693E-02   -2.6807122933E+00    7.0533723597E-02
    1.7759980000E-02    8.3108620756E-01    5.3490510359E-03   -2.7049608397E+00    7.0533974369E-02
    1.7799980000E-02    8.2693474521E-01   -1.8229925734E-04   -2.7295328275E+00    7.0534222292E-02
    1.7839980000E-02    8.2285503071E-01   -5.8834579083E-03   -2.7544258962E+00    7.0534468004E-02
    1.7879980000E-02    8.1885494593E-01   -1.1752696336E-02   -2.7796375558E+00    7.0534712624E-02
    1.7919980000E-02    8.1494243022E-01   -1.7787967710E-02   -2.8051652083E+00    7.0534957729E-02
    1.7959980000E-02    8.1112548222E-01   -2.3986917552E-02   -2.8310061625E+00    7.0535205304E-02
    1.7999980000E-02    8.0741216464E-01   -3.0346891719E-02   -2.8571576382E+00    7.0535457668E-02
    1.8039980000E-02    8.0381061111E-01   -3.6864940703E-02   -2.8836167587E+00    7.0535717363E-02
    1.8079980000E-02    8.0032903372E-01   -4.3537819394E-02   -2.9103805293E+00    7.0535987031E-02
    1.8119980000E-02    7.9697572996E-01   -5.0361981770E-02   -2.9374458017E+00    7.0536269263E-02
    1.8159980000E-02    7.9375908722E-01   -5.7333570313E-02   -2.9648092244E+00    7.0536566437E-02
    1.8199980000E-02    7.9068758313E-01   -6.4448400441E-02   -2.9924671799E+00    7.0536880557E-02
    1.8239980000E-02    7.8776977982E-01   -7.1701940677E-02   -3.0204157115E+00    7.0537213093E-02
    1.8279980000E-02    7.8501431064E-01   -7.9089289747E-02   -3.0486504436E+00    7.0537564839E-02
    1.8319980000E-02    7.8242985779E-01   -8.6605152237E-02   -3.0771664996E+00    7.0537935795E-02
    1.8359980000E-02    7.8002512011E-01   -9.4243814725E-02   -3.1059584218E+00    7.0538325090E-02
    1.8399980000E-02    7.7780877047E-01   -1.0199912454E-01   -3.1350201004E+00    7.0538730942E-02
    1.8439980000E-02    7.7578940335E-01   -1.0986447333E-01   -3.1643447153E+00    7.0539150668E-02
    1.8479980000E-02    7.7397547338E-01   -1.1783278733E-01   -3.1939246962E+00    7.0539580745E-02
    1.8519980000E-02    7.7237522666E-01   -1.2589652617E-01   -3.2237517045E+00    7.0540016917E-02
    1.8559980000E-02    7.7099662732E-01   -1.3404769118E-01   -3.2538166398E+00    7.0540454353E-02
    1.8599980000E-02    7.6984728203E-01   -1.4227784364E-01   -3.2841096701E+00    7.0540887828E-02
    1.8639980000E-02    7.6893436557E-01   -1.5057813278E-01   -3.3146202863E+00    7.0541311944E-02
    1.8679980000E-02    7.6826455064E-01   -1.5893933232E-01   -3.3453373761E+00    7.0541721345E-02
    1.8719980000E-02    7.6784394475E-01   -1.6735188390E-01   -3.3762493132E+00    7.0542110936E-02
    1.8759980000E-02    7.6767803644E-01   -1.7580594500E-01   -3.4073440552E+00    7.0542476090E-02
    1.8799980000E-02    7.6777165257E-01   -1.8429143884E-01   -3.4386092447E+00    7.0542812807E-02
    1.8839980000E-02    7.6812892747E-01   -1.9279810348E-01   -3.4700323049E+00    7.0543117852E-02
    1.8879980000E-02    7.6875328372E-01   -2.0131553777E-01   -3.5016005248E+00    7.0543388831E-02
    1.8919980000E-02    7.6964742406E-01   -2.0983324201E-01   -3.5333011298E+00    7.0543624229E-02
    1.8959980000E-02    7.7081333252E-01   -2.1834065210E-01   -3.5651213323E+00    7.0543823389E-02
    1.8999980000E-02    7.7225228330E-01   -2.2682716633E-01   -3.5970483642E+00    7.0543986460E-02
    1.9039980000E-02    7.7396485500E-01   -2.3528216521E-01   -3.6290694891E+00    7.0544114296E-02
    1.9079980000E-02    7.7595094852E-01   -2.4369502500E-01   -3.6611719997E+00    7.0544208343E-02
    1.9119980000E-02    7.7820980668E-01   -2.5205512657E-01   -3.6933432032E+00    7.0544270496E-02
    1.9159980000E-02    7.8074003441E-01   -2.6035186122E-01   -3.7255704002E+00    7.0544302968E-02
    1.9199980000E-02    7.8353961871E-01   -2.6857463557E-01   -3.7578408632E+00    7.0544308155E-02
    1.9239980000E-02    7.8660594806E-01   -2.7671287735E-01   -3.7901418192E+00    7.0544288521E-02
    1.9279980000E-02    7.8993583124E-01   -2.8475604373E-01   -3.8224604415E+00    7.0544246513E-02
    1.9319980000E-02    7.9352551608E-01   -2.9269363322E-01   -3.8547838537E+00    7.0544184496E-02
    1.9359980000E-02    7.9737070863E-01   -3.0051520193E-01   -3.8870991465E+00    7.0544104728E-02
    1.9399980000E-02    8.0146659311E-01   -3.0821038415E-01   -3.9193934085E+00    7.0544009363E-02
    1.9439980000E-02    8.0580785320E-01   -3.1576891685E-01   -3.9516537673E+00    7.0543900473E-02
    1.9479980000E-02    8.1038869483E-01   -3.2318066721E-01   -3.9838674398E+00    7.0543780100E-02
    1.9519980000E-02    8.1520287052E-01   -3.3043566220E-01   -4.0160217872E+00    7.0543650314E-02
    1.9559980000E-02    8.2024370490E-01   -3.3752411887E-01   -4.0481043700E+00    7.0543513273E-02
    1.9599980000E-02    8.2550412143E-01   -3.4443647419E-01   -4.0801030009E+00    7.0543371280E-02
    1.9639980000E-02    8.3097666942E-01   -3.5116341349E-01   -4.1120057908E+00    7.0543226829E-02
    1.9679980000E-02    8.3665355130E-01   -3.5769589655E-01   -4.1438011877E+00    7.0543082632E-02
    1.9719980000E-02    8.4252664946E-01   -3.6402518091E-01   -4.1754780053E+00    7.0542941628E-02
    1.9759980000E-02    8.4858755226E-01   -3.7014284204E-01   -4.2070254430E+00    7.0542806971E-02
    1.9799980000E-02    8.5482757910E-01   -3.7604079030E-01   -4.2384330969E+00    7.0542682012E-02
    1.9839980000E-02    8.6123780397E-01   -3.8171128506E-01   -4.2696909638E+00    7.0542570251E-02
    1.9879980000E-02    8.6780907755E-01   -3.8714694601E-01   -4.3007894392E+00    7.0542475302E-02
    1.9919980000E-02    8.7453204749E-01   -3.9234076243E-01   -4.3317193115E+00    7.0542400842E-02
    1.9959980000E-02    8.8139717669E-01   -3.9728610070E-01   -4.3624717535E+00    7.0542350567E-02
    1.9999980000E-02    8.8839475948E-01   -4.0197671092E-01   -4.3930383117E+00    7.0542328161E-02
    2.0039980000E-02    8.9551493561E-01   -4.0640673307E-01   -4.4234108956E+00    7.0542337263E-02
    2.0079980000E-02    9.0274770179E-01   -4.1057070356E-01   -4.4535817651E+00    7.0542381458E-02
    2.0119980000E-02    9.1008292110E-01   -4.1446356280E-01   -4.4835435171E+00    7.0542464268E-02
    2.0159980000E-02    9.1751033028E-01   -4.1808066443E-01   -4.5132890708E+00    7.0542589157E-02
    2.0199980000E-02    9.2501954541E-01   -4.2141778690E-01   -4.5428116497E+00    7.0542759551E-02
    2.0239980000E-02    9.3260006654E-01   -4.2447114787E-01   -4.5721047619E+00    7.0542978854E-02
    2.0279980000E-02    9.4024128206E-01   -4.2723742181E-01   -4.6011621760E+00    7.0543250474E-02
    2.0319980000E-02    9.4793247383E-01   -4.2971376111E-01   -4.6299778934E+00    7.0543577852E-02
    2.0359980000E-02    9.5566282421E-01   -4.3189782053E-01   -4.6585461177E+00    7.0543964483E-02
    2.0399980000E-02    9.6342142605E-01   -4.3378778499E-01   -4.6868612198E+00    7.0544413938E-02
    2.0439980000E-02    9.7119729706E-01   -4.3538239986E-01   -4.7149177018E+00    7.0544929881E-02
    2.0479980000E-02    9.7897939938E-01   -4.3668100330E-01   -4.7427101595E+00    7.0545516067E-02
    2.0519980000E-02    9.8675666553E-01   -4.3768355935E-01   -4.7702332453E+00    7.0546176341E-02
    2.0559980000E-02    9.9451803109E-01   -4.3839069053E-01   -4.7974816340E+00    7.0546914604E-02
    2.0599980000E-02    1.0022524747E+00   -4.3880370851E-01   -4.8244499935E+00    7.0547734784E-02
    2.0639980000E-02    1.0099490651E+00   -4.3892464114E-01   -4.8511329612E+00    7.0548640770E-02
    2.0679980000E-02    1.0175970147E+00   -4.3875625422E-01   -4.8775251306E+00    7.0549636341E-02
    2.0719980000E-02    1.0251857385E+00   -4.3830206626E-01   -4.9036210469E+00    7.0550725078E-02
    2.0759980000E-02    1.0327049178E+00   -4.3756635483E-01   -4.9294152153E+00    7.0551910265E-02
    2.0799980000E-02    1.0401445656E+00   -4.3655415333E-01   -4.9549021206E+00    7.0553194788E-02
    2.0839980000E-02    1.0474950921E+00   -4.3527123714E-01   -4.9800762590E+00    7.0554581035E-02
    2.0879980000E-02    1.0547473697E+00   -4.3372409899E-01   -5.0049321800E+00    7.0556070810E-02
    2.0919980000E-02    1.0618927916E+00   -4.3191991351E-01   -5.0294645372E+00    7.0557665260E-02
    2.0959980000E-02    1.0689233259E+00   -4.2986649179E-01   -5.0536681451E+00    7.0559364833E-02
    2.0999980000E-02    1.0758315604E+00   -4.2757222700E-01   -5.0775380372E+00    7.0561169262E-02
    2.1039980000E-02    1.0826107379E+00   -4.2504603279E-01   -5.1010695239E+00    7.0563077577E-02
    2.1079980000E-02    1.0892547806E+00   -4.2229727639E-01   -5.1242582454E+00    7.0565088154E-02
    2.1119980000E-02    1.0957583039E+00   -4.1933570861E-01   -5.1471002158E+00    7.0567198786E-02
    2.1159980000E-02    1.1021166180E+00   -4.1617139291E-01   -5.1695918572E+00    7.0569406773E-02
    2.1199980000E-02    1.1083257200E+00   -4.1281463558E-01   -5.1917300211E+00    7.0571709030E-02
    2.1239980000E-02    1.1143822760E+00   -4.0927591910E-01   -5.2135119960E+00    7.0574102196E-02
    2.1279980000E-02    1.1202835954E+00   -4.0556584000E-01   -5.2349355027E+00    7.0576582744E-02
    2.1319980000E-02    1.1260275986E+00   -4.0169505266E-01   -5.2559986766E+00    7.0579147077E-02
    2.1359980000E-02    1.1316127801E+00   -3.9767421956E-01   -5.2767000402E+00    7.0581791615E-02
    2.1399980000E-02    1.1370381684E+00   -3.9351396864E-01   -5.2970384668E+00    7.0584512854E-02
    2.1439980000E-02    1.1423032842E+00   -3.8922485752E-01   -5.3170131399E+00    7.0587307419E-02
    2.1479980000E-02    1.1474080992E+00   -3.8481734449E-01   -5.3366235081E+00    7.0590172082E-02
    2.1519980000E-02    1.1523529944E+00   -3.8030176570E-01   -5.3558692415E+00    7.0593103779E-02
    2.1559980000E-02    1.1571387217E+00   -3.7568831772E-01   -5.3747501882E+00    7.0596099594E-02
    2.1599980000E-02    1.1617663669E+00   -3.7098704486E-01   -5.3932663350E+00    7.0599156750E-02
    2.1639980000E-02    1.1662373159E+00   -3.6620783030E-01   -5.4114177732E+00    7.0602272581E-02
    2.1679980000E-02    1.1705532236E+00   -3.6136039017E-01   -5.4292046692E+00    7.0605444506E-02
    2.1719980000E-02    1.1747159859E+00   -3.5645426987E-01   -5.4466272415E+00    7.0608669998E-02
    2.1759980000E-02    1.1787277144E+00   -3.5149884193E-01   -5.4636857426E+00    7.0611946567E-02
    2.1799980000E-02    1.1825907131E+00   -3.4650330476E-01   -5.4803804474E+00    7.0615271734E-02
    2.1839980000E-02    1.1863074586E+00   -3.4147668186E-01   -5.4967116449E+00    7.0618643018E-02
    2.1879980000E-02    1.1898805802E+00   -3.3642782107E-01   -5.5126796345E+00    7.0622057932E-02
    2.1919980000E-02    1.1933128438E+00   -3.3136539370E-01   -5.5282847252E+00    7.0625513976E-02
    2.1959980000E-02    1.1966071349E+00   -3.2629789322E-01   -5.5435272367E+00    7.0629008647E-02
    2.1999980000E-02    1.1997664444E+00   -3.2123363349E-01   -5.5584075018E+00    7.0632539440E-02
    2.2039980000E-02    1.2027938541E+00   -3.1618074661E-01   -5.5729258703E+00    7.0636103864E-02
    2.2079980000E-02    1.2056925230E+00   -3.1114718022E-01   -5.5870827119E+00    7.0639699451E-02
    2.2119980000E-02    1.2084656743E+00   -3.0614069446E-01   -5.6008784201E+00    7.0643323775E-02
    2.2159980000E-02    1.2111165828E+00   -3.0116885862E-01   -5.6143134145E+00    7.0646974456E-02
    2.2199980000E-02    1.2136485625E+00   -2.9623904756E-01   -5.6273881436E+00    7.0650649179E-02
    2.2239980000E-02    1.2160649546E+00   -2.9135843800E-01   -5.6401030859E+00    7.0654345702E-02
    2.2279980000E-02    1.2183691159E+00   -2.8653400484E-01   -5.6524587513E+00    7.0658061861E-02
    2.2319980000E-02    1.2205644074E+00   -2.8177251739E-01   -5.6644556812E+00    7.0661795578E-02
    2.2359980000E-02    1.2226541839E+00   -2.7708053587E-01   -5.6760944487E+00    7.0665544861E-02
    2.2399980000E-02    1.2246417832E+00   -2.7246440797E-01   -5.6873756580E+00    7.0669307812E-02
    2.2439980000E-02    1.2265305165E+00   -2.6793026566E-01   -5.6982999438E+00    7.0673082619E-02
    2.2479980000E-02    1.2283236588E+00   -2.6348402235E-01   -5.7088679705E+00    7.0676867561E-02
    2.2519980000E-02    1.2300244404E+00   -2.5913137025E-01   -5.7190804311E+00    7.0680661003E-02
    2.2559980000E-02    1.2316360383E+00   -2.5487777822E-01   -5.7289380466E+00    7.0684461396E-02
    2.2599980000E-02    1.2331615687E+00   -2.5072848996E-01   -5.7384415646E+00    7.0688267275E-02
    2.2639980000E-02    1.2346040801E+00   -2.4668852261E-01   -5.7475917580E+00    7.0692077257E-02
    2.2679980000E-02    1.2359665463E+00   -2.4276266597E-01   -5.7563894240E+00    7.0695890041E-02
    2.2719980000E-02    1.2372518609E+00   -2.3895548210E-01   -5.7648353826E+00    7.0699704407E-02
    2.2759980000E-02    1.2384628315E+00   -2.3527130561E-01   -5.7729304746E+00    7.0703519219E-02
    2.2799980000E-02    1.2396021751E+00   -2.3171424444E-01   -5.7806755596E+00    7.0707333425E-02
    2.2839980000E-02    1.2406725136E+00   -2.2828818138E-01   -5.7880715137E+00    7.0711146059E-02
    2.2879980000E-02    1.2416763697E+00   -2.2499677609E-01   -5.7951192267E+00    7.0714956243E-02
    2.2919980000E-02    1.2426161638E+00   -2.2184346783E-01   -5.8018195986E+00    7.0718763191E-02
    2.2959980000E-02    1.2434942108E+00   -2.1883147882E-01   -5.8081735362E+00    7.0722566212E-02
    2.2999980000E-02    1.2443127174E+00   -2.1596381811E-01   -5.8141819485E+00    7.0726364710E-02
    2.3039980000E-02    1.2450737798E+00   -2.1324328612E-01   -5.8198457424E+00    7.0730158189E-02
    2.3079980000E-02    1.2457793820E+00   -2.1067247957E-01   -5.8251658176E+00    7.0733946253E-02
    2.3119980000E-02    1.2464313940E+00   -2.0825379694E-01   -5.8301430612E+00    7.0737728609E-02
    2.3159980000E-02    1.2470315706E+00   -2.0598944422E-01   -5.8347783422E+00    7.0741505064E-02
    2.3199980000E-02    1.2475815501E+00   -2.0388144100E-01   -5.8390725054E+00    7.0745275526E-02
    2.3239980000E-02    1.2480828536E+00   -2.0193162668E-01   -5.8430263654E+00    7.0749040003E-02
    2.3279980000E-02    1.2485368843E+00   -2.0014166682E-01   -5.8466407011E+00    7.0752798601E-02
    2.3319980000E-02    1.2489449270E+00   -1.9851305946E-01   -5.8499162490E+00    7.0756551516E-02
    2.3359980000E-02    1.2493081477E+00   -1.9704714132E-01   -5.8528536979E+00    7.0760299035E-02
    2.3399980000E-02    1.2496275934E+00   -1.9574509377E-01   -5.8554536830E+00    7.0764041526E-02
    2.3439980000E-02    1.2499041919E+00   -1.9460794852E-01   -5.8577167808E+00    7.0767779434E-02
    2.3479980000E-02    1.2501387518E+00   -1.9363659290E-01   -5.8596435042E+00    7.0771513274E-02
    2.3519980000E-02    1.2503319623E+00   -1.9283177461E-01   -5.8612342978E+00    7.0775243620E-02
    2.3559980000E-02    1.2504843935E+00   -1.9219410601E-01   -5.8624895343E+00    7.0778971101E-02
    2.3599980000E-02    1.2505964961E+00   -1.9172406764E-01   -5.8634095112E+00    7.0782696387E-02
    2.3639980000E-02    1.2506686017E+00   -1.9142201115E-01   -5.8639944480E+00    7.0786420184E-02
    2.3679980000E-02    1.2507009227E+00   -1.9128816151E-01   -5.8642444843E+00    7.0790143220E-02
    2.3719980000E-02    1.2506935523E+00   -1.9132261834E-01   -5.8641596782E+00    7.0793866237E-02
    2.3759980000E-02    1.2506464647E+00   -1.9152535659E-01   -5.8637400062E+00    7.0797589980E-02
    2.3799980000E-02    1.2505595149E+00   -1.9189622633E-01   -5.8629853632E+00    7.0801315188E-02
    2.3839980000E-02    1.2504324386E+00   -1.9243495177E-01   -5.8618955633E+00    7.0805042583E-02
    2.3879980000E-02    1.2502648526E+00   -1.9314112951E-01   -5.8604703412E+00    7.0808772857E-02
    2.3919980000E-02    1.2500562542E+00   -1.9401422601E-01   -5.8587093552E+00    7.0812506667E-02
    2.3959980000E-02    1.2498060215E+00   -1.9505357437E-01   -5.8566121892E+00    7.0816244623E-02
    2.3999980000E-02    1.2495134134E+00   -1.9625837044E-01   -5.8541783571E+00    7.0819987278E-02
    2.4039980000E-02    1.2491775694E+00   -1.9762766831E-01   -5.8514073066E+00    7.0823735123E-02
    2.4079980000E-02    1.2487975098E+00   -1.9916037529E-01   -5.8482984237E+00    7.0827488575E-02
    2.4119980000E-02    1.2483721357E+00   -2.0085524641E-01   -5.8448510381E+00    7.0831247974E-02
    2.4159980000E-02    1.2479002293E+00   -2.0271087861E-01   -5.8410644283E+00    7.0835013574E-02
    2.4199980000E-02    1.2473804541E+00   -2.0472570458E-01   -5.8369378278E+00    7.0838785541E-02
    2.4239980000E-02    1.2468113554E+00   -2.0689798648E-01   -5.8324704304E+00    7.0842563944E-02
    2.4279980000E-02    1.2461913609E+00   -2.0922580961E-01   -5.8276613967E+00    7.0846348756E-02
    2.4319980000E-02    1.2455187812E+00   -2.1170707602E-01   -5.8225098601E+00    7.0850139850E-02
    2.4359980000E-02    1.2447918111E+00   -2.1433949835E-01   -5.8170149324E+00    7.0853936997E-02
    2.4399980000E-02    1.2440085308E+00   -2.1712059380E-01   -5.8111757099E+00    7.0857739869E-02
    2.4439980000E-02    1.2431669070E+00   -2.2004767853E-01   -5.8049912788E+00    7.0861548035E-02
    2.4479980000E-02    1.2422647951E+00   -2.2311786231E-01   -5.7984607207E+00    7.0865360963E-02
    2.4519980000E-02    1.2412999408E+00   -2.2632804376E-01   -5.7915831168E+00    7.0869178027E-02
    2.4559980000E-02    1.2402699833E+00   -2.2967490607E-01   -5.7843575530E+00    7.0872998502E-02
    2.4599980000E-02    1.2391724571E+00   -2.3315491325E-01   -5.7767831237E+00    7.0876821573E-02
    2.4639980000E-02    1.2380047962E+00   -2.3676430707E-01   -5.7688589350E+00    7.0880646332E-02
    2.4679980000E-02    1.2367643371E+00   -2.4049910454E-01   -5.7605841082E+00    7.0884471786E-02
    2.4719980000E-02    1.2354483234E+00   -2.4435509610E-01   -5.7519577821E+00    7.0888296855E-02
    2.4759980000E-02    1.2340539102E+00   -2.4832784437E-01   -5.7429791155E+00    7.0892120377E-02
    2.4799980000E-02    1.2325781691E+00   -2.5241268353E-01   -5.7336472889E+00    7.0895941108E-02
    2.4839980000E-02    1.2310180943E+00   -2.5660471934E-01   -5.7239615061E+00    7.0899757720E-02
    2.4879980000E-02    1.2293706086E+00   -2.6089882960E-01   -5.7139209957E+00    7.0903568804E-02
    2.4919980000E-02    1.2276325702E+00   -2.6528966523E-01   -5.7035250123E+00    7.0907372870E-02
    2.4959980000E-02    1.2258007802E+00   -2.6977165177E-01   -5.6927728376E+00    7.0911168341E-02
    2.4999980000E-02    1.2238719906E+00   -2.7433899136E-01   -5.6816637811E+00    7.0914953554E-02
    2.5039980000E-02    1.2218429126E+00   -2.7898566507E-01   -5.6701971816E+00    7.0918726758E-02
    2.5079980000E-02    1.2197102262E+00   -2.8370543559E-01   -5.6583724078E+00    7.0922486113E-02
    2.5119980000E-02    1.2174705891E+00   -2.8849185030E-01   -5.6461888588E+00    7.0926229687E-02
    2.5159980000E-02    1.2151206478E+00   -2.9333824452E-01   -5.6336459651E+00    7.0929955460E-02
    2.5199980000E-02    1.2126570474E+00   -2.9823774503E-01   -5.6207431885E+00    7.0933661321E-02
    2.5239980000E-02    1.2100764431E+00   -3.0318327373E-01   -5.6074800221E+00    7.0937345079E-02
    2.5279980000E-02    1.2073755115E+00   -3.0816755141E-01   -5.5938559899E+00    7.0941004463E-02
    2.5319980000E-02    1.2045509628E+00   -3.1318310153E-01   -5.5798706450E+00    7.0944637133E-02
    2.5359980000E-02    1.2015995525E+00   -3.1822225397E-01   -5.5655235685E+00    7.0948240690E-02
    2.5399980000E-02    1.1985180942E+00   -3.2327714856E-01   -5.5508143663E+00    7.0951812689E-02
    2.5439980000E-02    1.1953034728E+00   -3.2833973846E-01   -5.5357426667E+00    7.0955350652E-02
    2.5479980000E-02    1.1919526572E+00   -3.3340179312E-01   -5.5203081164E+00    7.0958852078E-02
    2.5519980000E-02    1.1884627150E+00   -3.3845490086E-01   -5.5045103777E+00    7.0962314457E-02
    2.5559980000E-02    1.1848308264E+00   -3.4349047099E-01   -5.4883491251E+00    7.0965735283E-02
    2.5599980000E-02    1.1810543003E+00   -3.4849973550E-01   -5.4718240437E+00    7.0969112051E-02
    2.5639980000E-02    1.1771305901E+00   -3.5347375020E-01   -5.4549348286E+00    7.0972442270E-02
    2.5679980000E-02    1.1730573122E+00   -3.5840339576E-01   -5.4376811876E+00    7.0975723447E-02
    2.5719980000E-02    1.1688322654E+00   -3.6327937845E-01   -5.4200628466E+00    7.0978953085E-02
    2.5759980000E-02    1.1644534524E+00   -3.6809223126E-01   -5.4020795600E+00    7.0982128661E-02
    2.5799980000E-02    1.1599191039E+00   -3.7283231560E-01   -5.3837311249E+00    7.0985247608E-02
    2.5839980000E-02    1.1552277051E+00   -3.7748982417E-01   -5.3650174019E+00    7.0988307285E-02
    2.5879980000E-02    1.1503780249E+00   -3.8205478569E-01   -5.3459383414E+00    7.0991304951E-02
    2.5919980000E-02    1.1453691483E+00   -3.8651707217E-01   -5.3264940150E+00    7.0994237739E-02
    2.5959980000E-02    1.1402005111E+00   -3.9086640957E-01   -5.3066846532E+00    7.0997102633E-02
    2.5999980000E-02    1.1348719384E+00   -3.9509239270E-01   -5.2865106866E+00    7.0999896458E-02
    2.6039980000E-02    1.1293836834E+00   -3.9918450509E-01   -5.2659727898E+00    7.1002615876E-02
    2.6079980000E-02    1.1237364695E+00   -4.0313214479E-01   -5.2450719267E+00    7.1005257404E-02
    2.6119980000E-02    1.1179315316E+00   -4.0692465652E-01   -5.2238093941E+00    7.1007817452E-02
    2.6159980000E-02    1.1119706571E+00   -4.1055137076E-01   -5.2021868606E+00    7.1010292370E-02
    2.6199980000E-02    1.1058562247E+00   -4.1400164980E-01   -5.1802063997E+00    7.1012678528E-02
    2.6239980000E-02    1.0995912393E+00   -4.1726494064E-01   -5.1578705128E+00    7.1014972407E-02
    2.6279980000E-02    1.0931793615E+00   -4.2033083416E-01   -5.1351821419E+00    7.1017170699E-02
    2.6319980000E-02    1.0866249299E+00   -4.2318912957E-01   -5.1121446679E+00    7.1019270420E-02
    2.6359980000E-02    1.0799329747E+00   -4.2582990281E-01   -5.0887618972E+00    7.1021269022E-02
    2.6399980000E-02    1.0731092213E+00   -4.2824357710E-01   -5.0650380341E+00    7.1023164489E-02
    2.6439980000E-02    1.0661600835E+00   -4.3042099373E-01   -5.0409776411E+00    7.1024955423E-02
    2.6479980000E-02    1.0590926448E+00   -4.3235348090E-01   -5.0165855904E+00    7.1026641105E-02
    2.6519980000E-02    1.0519146295E+00   -4.3403291836E-01   -4.9918670079E+00    7.1028221528E-02
    2.6559980000E-02    1.0446343629E+00   -4.3545179587E-01   -4.9668272141E+00    7.1029697393E-02
    2.6599980000E-02    1.0372607222E+00   -4.3660326356E-01   -4.9414716657E+00    7.1031070082E-02
    2.6639980000E-02    1.0298030805E+00   -4.3748117289E-01   -4.9158059010E+00    7.1032341604E-02
    2.6679980000E-02    1.0222712448E+00   -4.3808010709E-01   -4.8898354923E+00    7.1033514510E-02
    2.6719980000E-02    1.0146753911E+00   -4.3839540085E-01   -4.8635660080E+00    7.1034591801E-02
    2.6759980000E-02    1.0070259985E+00   -4.3842314924E-01   -4.8370029863E+00    7.1035576830E-02
    2.6799980000E-02    9.9933378422E-01   -4.3816020645E-01   -4.8101519209E+00    7.1036473198E-02
    2.6839980000E-02    9.9160964187E-01   -4.3760417551E-01   -4.7830182582E+00    7.1037284660E-02
    2.6879980000E-02    9.8386458488E-01   -4.3675339022E-01   -4.7556074066E+00    7.1038015051E-02
    2.6919980000E-02    9.7610969534E-01   -4.3560689087E-01   -4.7279247550E+00    7.1038668210E-02
    2.6959980000E-02    9.6835607999E-01   -4.3416439554E-01   -4.6999756996E+00    7.1039247943E-02
    2.6999980000E-02    9.6061483315E-01   -4.3242626845E-01   -4.6717656761E+00    7.1039757985E-02
    2.7039980000E-02    9.5289700672E-01   -4.3039348706E-01   -4.6433001962E+00    7.1040201986E-02
    2.7079980000E-02    9.4521358679E-01   -4.2806760935E-01   -4.6145848852E+00    7.1040583513E-02
    2.7119980000E-02    9.3757547592E-01   -4.2545074239E-01   -4.5856255200E+00    7.1040906057E-02
    2.7159980000E-02    9.2999348037E-01   -4.2254551309E-01   -4.5564280650E+00    7.1041173051E-02
    2.7199980000E-02    9.2247830088E-01   -4.1935504200E-01   -4.5269987055E+00    7.1041387893E-02
    2.7239980000E-02    9.1504052597E-01   -4.1588292025E-01   -4.4973438774E+00    7.1041553973E-02
    2.7279980000E-02    9.0769062653E-01   -4.1213319001E-01   -4.4674702935E+00    7.1041674690E-02
    2.7319980000E-02    9.0043895075E-01   -4.0811032817E-01   -4.4373849656E+00    7.1041753482E-02
    2.7359980000E-02    8.9329571831E-01   -4.0381923312E-01   -4.4070952233E+00    7.1041793836E-02
    2.7399980000E-02    8.8627101335E-01   -3.9926521395E-01   -4.3766087298E+00    7.1041799296E-02
    2.7439980000E-02    8.7937477554E-01   -3.9445398170E-01   -4.3459334961E+00    7.1041773465E-02
    2.7479980000E-02    8.7261678914E-01   -3.8939164183E-01   -4.3150778926E+00    7.1041719986E-02
    2.7519980000E-02    8.6600666974E-01   -3.8408468742E-01   -4.2840506602E+00    7.1041642527E-02
    2.7559980000E-02    8.5955384893E-01   -3.7853999220E-01   -4.2528609195E+00    7.1041544745E-02
    2.7599980000E-02    8.5326755677E-01   -3.7276480294E-01   -4.2215181792E+00    7.1041430245E-02
    2.7639980000E-02    8.4715680249E-01   -3.6676673044E-01   -4.1900323414E+00    7.1041302537E-02
    2.7679980000E-02    8.4123035340E-01   -3.6055373862E-01   -4.1584137045E+00    7.1041164994E-02
    2.7719980000E-02    8.3549671234E-01   -3.5413413124E-01   -4.1266729601E+00    7.1041020810E-02
    2.7759980000E-02    8.2996409386E-01   -3.4751653586E-01   -4.0948211845E+00    7.1040872974E-02
    2.7799980000E-02    8.2464039936E-01   -3.4070988479E-01   -4.0628698217E+00    7.1040724253E-02
    2.7839980000E-02    8.1953319149E-01   -3.3372339307E-01   -4.0308306580E+00    7.1040577196E-02
    2.7879980000E-02    8.1464966809E-01   -3.2656653359E-01   -3.9987157880E+00    7.1040434156E-02
    2.7919980000E-02    8.0999663614E-01   -3.1924900983E-01   -3.9665375714E+00    7.1040297331E-02
    2.7959980000E-02    8.0558048591E-01   -3.1178072688E-01   -3.9343085839E+00    7.1040168813E-02
    2.7999980000E-02    8.0140716599E-01   -3.0417176165E-01   -3.9020415637E+00    7.1040050653E-02
    2.8039980000E-02    7.9748215925E-01   -2.9643233336E-01   -3.8697493571E+00    7.1039944922E-02
    2.8079980000E-02    7.9381046009E-01   -2.8857277557E-01   -3.8374448672E+00    7.1039853760E-02
    2.8119980000E-02    7.9039655295E-01   -2.8060351062E-01   -3.8051410089E+00    7.1039779417E-02
    2.8159980000E-02    7.8724439199E-01   -2.7253502763E-01   -3.7728506745E+00    7.1039724262E-02
    2.8199980000E-02    7.8435738153E-01   -2.6437786457E-01   -3.7405867108E+00    7.1039690765E-02
    2.8239980000E-02    7.8173835694E-01   -2.5614259437E-01   -3.7083619094E+00    7.1039681453E-02
    2.8279980000E-02    7.7938956538E-01   -2.4783981496E-01   -3.6761890095E+00    7.1039698824E-02
    2.8319980000E-02    7.7731264614E-01   -2.3948014204E-01   -3.6440807103E+00    7.1039745243E-02
    2.8359980000E-02    7.7550861035E-01   -2.3107420338E-01   -3.6120496900E+00    7.1039822812E-02
    2.8399980000E-02    7.7397782042E-01   -2.2263263280E-01   -3.5801086264E+00    7.1039933231E-02
    2.8439980000E-02    7.7271996973E-01   -2.1416606205E-01   -3.5482702123E+00    7.1040077658E-02
    2.8479980000E-02    7.7173406383E-01   -2.0568510863E-01   -3.5165471631E+00    7.1040256579E-02
    2.8519980000E-02    7.7101840459E-01   -1.9720035807E-01   -3.4849522094E+00    7.1040469701E-02
    2.8559980000E-02    7.7057057936E-01   -1.8872233962E-01   -3.4534980724E+00    7.1040715878E-02
    2.8599980000E-02    7.7038745696E-01   -1.8026149493E-01   -3.4221974208E+00    7.1040993081E-02
    2.8639980000E-02    7.7046519250E-01   -1.7182813997E-01   -3.3910628084E+00    7.1041298413E-02
    2.8679980000E-02    7.7079924272E-01   -1.6343242151E-01   -3.3601065958E+00    7.1041628175E-02
    2.8719980000E-02    7.7138439269E-01   -1.5508426963E-01   -3.3293408599E+00    7.1041977985E-02
    2.8759980000E-02    7.7221479429E-01   -1.4679334879E-01   -3.2987772965E+00    7.1042342933E-02
    2.8799980000E-02    7.7328401596E-01   -1.3856900990E-01   -3.2684271234E+00    7.1042717779E-02
    2.8839980000E-02    7.7458510226E-01   -1.3042024598E-01   -3.2383009894E+00    7.1043097169E-02
    2.8879980000E-02    7.7611064122E-01   -1.2235565381E-01   -3.2084088969E+00    7.1043475860E-02
    2.8919980000E-02    7.7785283672E-01   -1.1438340356E-01   -3.1787601422E+00    7.1043848938E-02
    2.8959980000E-02    7.7980358295E-01   -1.0651121749E-01   -3.1493632776E+00    7.1044212024E-02
    2.8999980000E-02    7.8195453787E-01   -9.8746358476E-02   -3.1202260982E+00    7.1044561432E-02
    2.9039980000E-02    7.8429719268E-01   -9.1095628062E-02   -3.0913556519E+00    7.1044894300E-02
    2.9079980000E-02    7.8682293489E-01   -8.3565373124E-02   -3.0627582725E+00    7.1045208664E-02
    2.9119980000E-02    7.8952310310E-01   -7.6161499755E-02   -3.0344396312E+00    7.1045503484E-02
    2.9159980000E-02    7.9238903216E-01   -6.8889492433E-02   -3.0064048036E+00    7.1045778618E-02
    2.9199980000E-02    7.9541208829E-01   -6.1754436418E-02   -2.9786583461E+00    7.1046034752E-02
    2.9239980000E-02    7.9858369422E-01   -5.4761041227E-02   -2.9512043762E+00    7.1046273292E-02
    2.9279980000E-02    8.0189534524E-01   -4.7913663216E-02   -2.9240466527E+00    7.1046496224E-02
    2.9319980000E-02    8.0533861724E-01   -4.1216325577E-02   -2.8971886498E+00    7.1046705958E-02
    2.9359980000E-02    8.0890516836E-01   -3.4672734438E-02   -2.8706336218E+00    7.1046905161E-02
    2.9399980000E-02    8.1258673610E-01   -2.8286290198E-02   -2.8443846559E+00    7.1047096589E-02
    2.9439980000E-02    8.1637513147E-01   -2.2060093717E-02   -2.8184447113E+00    7.1047282931E-02
    2.9479980000E-02    8.2026223211E-01   -1.5996947399E-02   -2.7928166438E+00    7.1047466673E-02
    2.9519980000E-02    8.2423997577E-01   -1.0099351634E-02   -2.7675032165E+00    7.1047649982E-02
    2.9559980000E-02    8.2830035558E-01   -4.3694973533E-03   -2.7425070983E+00    7.1047834616E-02
    2.9599980000E-02    8.3243541802E-01    1.1907442919E-03   -2.7178308511E+00    7.1048021865E-02
    2.9639980000E-02    8.3663726424E-01    6.5798339773E-03   -2.6934769102E+00    7.1048212524E-02
    2.9679980000E-02    8.4089805517E-01    1.1796576799E-02   -2.6694475583E+00    7.1048406891E-02
    2.9719980000E-02    8.4521002044E-01    1.6840134259E-02   -2.6457448972E+00    7.1048604788E-02
    2.9759980000E-02    8.4956547077E-01    2.1710034592E-02   -2.6223708204E+00    7.1048805607E-02
    2.9799980000E-02    8.5395681361E-01    2.6406180579E-02   -2.5993269867E+00    7.1049008371E-02
    2.9839980000E-02    8.5837657133E-01    3.0928854138E-02   -2.5766147990E+00    7.1049211806E-02
    2.9879980000E-02    8.6281740115E-01    3.5278717266E-02   -2.5542353883E+00    7.1049414420E-02
    2.9919980000E-02    8.6727211635E-01    3.9456809067E-02   -2.5321896046E+00    7.1049614584E-02
    2.9959980000E-02    8.7173370779E-01    4.3464538838E-02   -2.5104780140E+00    7.1049810614E-02
    2.9999980000E-02    8.7619536513E-01    4.7303675357E-02   -2.4891009035E+00    7.1050000841E-02
    3.0039980000E-02    8.8065049715E-01    5.0976332651E-02   -2.4680582912E+00    7.1050183681E-02
    3.0079980000E-02    8.8509275071E-01    5.4484952653E-02   -2.4473499432E+00    7.1050357690E-02
    3.0119980000E-02    8.8951602777E-01    5.7832285205E-02   -2.4269753940E+00    7.1050521609E-02
    3.0159980000E-02    8.9391450036E-01    6.1021365926E-02   -2.4069339713E+00    7.1050674399E-02
    3.0199980000E-02    8.9828262325E-01    6.4055492462E-02   -2.3872248224E+00    7.1050815265E-02
    3.0239980000E-02    9.0261514419E-01    6.6938199604E-02   -2.3678469421E+00    7.1050943665E-02
    3.0279980000E-02    9.0690711167E-01    6.9673233764E-02   -2.3487992006E+00    7.1051059318E-02
    3.0319980000E-02    9.1115388041E-01    7.2264527208E-02   -2.3300803708E+00    7.1051162191E-02
    3.0359980000E-02    9.1535111449E-01    7.4716172421E-02   -2.3116891526E+00    7.1051252492E-02
    3.0399980000E-02    9.1949478837E-01    7.7032396911E-02   -2.2936241969E+00    7.1051330646E-02
    3.0439980000E-02    9.2358118591E-01    7.9217538709E-02   -2.2758841249E+00    7.1051397276E-02
    3.0479980000E-02    9.2760689755E-01    8.1276022754E-02   -2.2584675454E+00    7.1051453171E-02
    3.0519980000E-02    9.3156881583E-01    8.3212338339E-02   -2.2413730688E+00    7.1051499262E-02
    3.0559980000E-02    9.3546412944E-01    8.5031017723E-02   -2.2245993173E+00    7.1051536588E-02
    3.0599980000E-02    9.3929031592E-01    8.6736615989E-02   -2.2081449330E+00    7.1051566272E-02
    3.0639980000E-02    9.4304513318E-01    8.8333692215E-02   -2.1920085826E+00    7.1051589488E-02
    3.0679980000E-02    9.4672660996E-01    8.9826791988E-02   -2.1761889598E+00    7.1051607437E-02
    3.0719980000E-02    9.5033303549E-01    9.1220431270E-02   -2.1606847859E+00    7.1051621324E-02
    3.0759980000E-02    9.5386294827E-01    9.2519081630E-02   -2.1454948080E+00    7.1051632334E-02
    3.0799980000E-02    9.5731512434E-01    9.3727156824E-02   -2.1306177968E+00    7.1051641614E-02
    3.0839980000E-02    9.6068856493E-01    9.4849000712E-02   -2.1160525426E+00    7.1051650259E-02
    3.0879980000E-02    9.6398248383E-01    9.5888876470E-02   -2.1017978514E+00    7.1051659299E-02
    3.0919980000E-02    9.6719629442E-01    9.6850957084E-02   -2.0878525402E+00    7.1051669688E-02
    3.0959980000E-02    9.7032959652E-01    9.7739317070E-02   -2.0742154327E+00    7.1051682299E-02
    3.0999980000E-02    9.7338216326E-01    9.8557925373E-02   -2.0608853546E+00    7.1051697918E-02
    3.1039980000E-02    9.7635392789E-01    9.9310639406E-02   -2.0478611303E+00    7.1051717243E-02
    3.1079980000E-02    9.7924497080E-01    1.0000120016E-01   -2.0351415792E+00    7.1051740886E-02
    3.1119980000E-02    9.8205550670E-01    1.0063322832E-01   -2.0227255130E+00    7.1051769369E-02
    3.1159980000E-02    9.8478587211E-01    1.0121022136E-01   -2.0106117336E+00    7.1051803134E-02
    3.1199980000E-02    9.8743651320E-01    1.0173555146E-01   -1.9987990320E+00    7.1051842543E-02
    3.1239980000E-02    9.9000797404E-01    1.0221246434E-01   -1.9872861875E+00    7.1051887882E-02
    3.1279980000E-02    9.9250088535E-01    1.0264407870E-01   -1.9760719675E+00    7.1051939371E-02
    3.1319980000E-02    9.9491595370E-01    1.0303338645E-01   -1.9651551284E+00    7.1051997167E-02
    3.1359980000E-02    9.9725395126E-01    1.0338325350E-01   -1.9545344168E+00    7.1052061369E-02
    3.1399980000E-02    9.9951570615E-01    1.0369642108E-01   -1.9442085709E+00    7.1052132027E-02
    3.1439980000E-02    1.0017020933E+00    1.0397550750E-01   -1.9341763227E+00    7.1052209147E-02
    3.1479980000E-02    1.0038140260E+00    1.0422301039E-01   -1.9244364006E+00    7.1052292694E-02
    3.1519980000E-02    1.0058524478E+00    1.0444130921E-01   -1.9149875318E+00    7.1052382603E-02
    3.1559980000E-02    1.0078183252E+00    1.0463266807E-01   -1.9058284452E+00    7.1052478778E-02
    3.1599980000E-02    1.0097126410E+00    1.0479923878E-01   -1.8969578745E+00    7.1052581100E-02
    3.1639980000E-02    1.0115363876E+00    1.0494306410E-01   -1.8883745615E+00    7.1052689431E-02
    3.1679980000E-02    1.0132905618E+00    1.0506608108E-01   -1.8800772587E+00    7.1052803617E-02
    3.1719980000E-02    1.0149761592E+00    1.0517012452E-01   -1.8720647325E+00    7.1052923490E-02
    3.1759980000E-02    1.0165941695E+00    1.0525693050E-01   -1.8643357668E+00    7.1053048872E-02
    3.1799980000E-02    1.0181455722E+00    1.0532813992E-01   -1.8568891649E+00    7.1053179581E-02
    3.1839980000E-02    1.0196313328E+00    1.0538530198E-01   -1.8497237531E+00    7.1053315425E-02
    3.1879980000E-02    1.0210523993E+00    1.0542987773E-01   -1.8428383832E+00    7.1053456211E-02
    3.1919980000E-02    1.0224096990E+00    1.0546324347E-01   -1.8362319346E+00    7.1053601743E-02
    3.1959980000E-02    1.0237041357E+00    1.0548669412E-01   -1.8299033172E+00    7.1053751825E-02
    3.1999980000E-02    1.0249365875E+00    1.0550144649E-01   -1.8238514729E+00    7.1053906258E-02
    3.2039980000E-02    1.0261079043E+00    1.0550864242E-01   -1.8180753784E+00    7.1054064847E-02
    3.2079980000E-02    1.0272189064E+00    1.0550935189E-01   -1.8125740463E+00    7.1054227394E-02
    3.2119980000E-02    1.0282703821E+00    1.0550457583E-01   -1.8073465273E+00    7.1054393707E-02
    3.2159980000E-02    1.0292630871E+00    1.0549524902E-01   -1.8023919113E+00    7.1054563591E-02
    3.2199980000E-02    1.0301977425E+00    1.0548224266E-01   -1.7977093289E+00    7.1054736857E-02
    3.2239980000E-02    1.0310750343E+00    1.0546636690E-01   -1.7932979527E+00    7.1054913314E-02
    3.2279980000E-02    1.0318956122E+00    1.0544837322E-01   -1.7891569985E+00    7.1055092775E-02
    3.2319980000E-02    1.0326600889E+00    1.0542895662E-01   -1.7852857256E+00    7.1055275056E-02
    3.2359980000E-02    1.0333690394E+00    1.0540875769E-01   -1.7816834384E+00    7.1055459970E-02
    3.2399980000E-02    1.0340230005E+00    1.0538836456E-01   -1.7783494867E+00    7.1055647338E-02
    3.2439980000E-02    1.0346224703E+00    1.0536831467E-01   -1.7752832665E+00    7.1055836976E-02
    3.2479980000E-02    1.0351679081E+00    1.0534909639E-01   -1.7724842204E+00    7.1056028706E-02
    3.2519980000E-02    1.0356597337E+00    1.0533115052E-01   -1.7699518380E+00    7.1056222349E-02
    3.2559980000E-02    1.0360983271E+00    1.0531487169E-01   -1.7676856568E+00    7.1056417728E-02
    3.2599980000E-02    1.0364840289E+00    1.0530060950E-01   -1.7656852617E+00    7.1056614666E-02
    3.2639980000E-02    1.0368171395E+00    1.0528866967E-01   -1.7639502862E+00    7.1056812987E-02
    3.2679980000E-02    1.0370979195E+00    1.0527931495E-01   -1.7624804117E+00    7.1057012516E-02
    3.2719980000E-02    1.0373265891E+00    1.0527276597E-01   -1.7612753686E+00    7.1057213079E-02
    3.2759980000E-02    1.0375033285E+00    1.0526920187E-01   -1.7603349356E+00    7.1057414502E-02
    3.2799980000E-02    1.0376282775E+00    1.0526876094E-01   -1.7596589406E+00    7.1057616610E-02
    3.2839980000E-02    1.0377015357E+00    1.0527154097E-01   -1.7592472602E+00    7.1057819230E-02
    3.2879980000E-02    1.0377231623E+00    1.0527759963E-01   -1.7590998200E+00    7.1058022189E-02
    3.2919980000E-02    1.0376931764E+00    1.0528695459E-01   -1.7592165945E+00    7.1058225314E-02
    3.2959980000E-02    1.0376115564E+00    1.0529958361E-01   -1.7595976076E+00    7.1058428431E-02
    3.2999980000E-02    1.0374782408E+00    1.0531542447E-01   -1.7602429318E+00    7.1058631368E-02
    3.3039980000E-02    1.0372931276E+00    1.0533437477E-01   -1.7611526889E+00    7.1058833950E-02
    3.3079980000E-02    1.0370560745E+00    1.0535629161E-01   -1.7623270495E+00    7.1059036005E-02
    3.3119980000E-02    1.0367668991E+00    1.0538099116E-01   -1.7637662329E+00    7.1059237359E-02
    3.3159980000E-02    1.0364253788E+00    1.0540824808E-01   -1.7654705074E+00    7.1059437837E-02
    3.3199980000E-02    1.0360312509E+00    1.0543779482E-01   -1.7674401898E+00    7.1059637266E-02
    3.3239980000E-02    1.0355842127E+00    1.0546932082E-01   -1.7696756453E+00    7.1059835469E-02
    3.3279980000E-02    1.0350839218E+00    1.0550247149E-01   -1.7721772871E+00    7.1060032270E-02
    3.3319980000E-02    1.0345299959E+00    1.0553684720E-01   -1.7749455767E+00    7.1060227494E-02
    3.3359980000E-02    1.0339220133E+00    1.0557200200E-01   -1.7779810229E+00    7.1060420962E-02
    3.3399980000E-02    1.0332595131E+00    1.0560744225E-01   -1.7812841817E+00    7.1060612495E-02
    3.3439980000E-02    1.0325419955E+00    1.0564262518E-01   -1.7848556561E+00    7.1060801912E-02
    3.3479980000E-02    1.0317689222E+00    1.0567695715E-01   -1.7886960949E+00    7.1060989033E-02
    3.3519980000E-02    1.0309397166E+00    1.0570979198E-01   -1.7928061928E+00    7.1061173675E-02
    3.3559980000E-02    1.0300537650E+00    1.0574042892E-01   -1.7971866894E+00    7.1061355651E-02
    3.3599980000E-02    1.0291104165E+00    1.0576811063E-01   -1.8018383682E+00    7.1061534776E-02
    3.3639980000E-02    1.0281089843E+00    1.0579202096E-01   -1.8067620558E+00    7.1061710860E-02
    3.3679980000E-02    1.0270487465E+00    1.0581128259E-01   -1.8119586210E+00    7.1061883714E-02
    3.3719980000E-02    1.0259289470E+00    1.0582495449E-01   -1.8174289733E+00    7.1062053146E-02
    3.3759980000E-02    1.0247487970E+00    1.0583202933E-01   -1.8231740620E+00    7.1062218960E-02
    3.3799980000E-02    1.0235074765E+00    1.0583143068E-01   -1.8291948742E+00    7.1062380962E-02
    3.3839980000E-02    1.0222041355E+00    1.0582201009E-01   -1.8354924334E+00    7.1062538956E-02
    3.3879980000E-02    1.0208378965E+00    1.0580254405E-01   -1.8420677979E+00    7.1062692743E-02
    3.3919980000E-02    1.0194078561E+00    1.0577173088E-01   -1.8489220583E+00    7.1062842127E-02
    3.3959980000E-02    1.0179130882E+00    1.0572818745E-01   -1.8560563359E+00    7.1062986912E-02
    3.3999980000E-02    1.0163526458E+00    1.0567044585E-01   -1.8634717800E+00    7.1063126902E-02
    3.4039980000E-02    1.0147255649E+00    1.0559694995E-01   -1.8711695657E+00    7.1063261909E-02
    3.4079980000E-02    1.0130308678E+00    1.0550605198E-01   -1.8791508911E+00    7.1063391745E-02
    3.4119980000E-02    1.0112675668E+00    1.0539600901E-01   -1.8874169744E+00    7.1063516232E-02
    3.4159980000E-02    1.0094346684E+00    1.0526497942E-01   -1.8959690514E+00    7.1063635201E-02
    3.4199980000E-02    1.0075311786E+00    1.0511101946E-01   -1.9048083722E+00    7.1063748495E-02
    3.4239980000E-02    1.0055561075E+00    1.0493207981E-01   -1.9139361983E+00    7.1063855974E-02
    3.4279980000E-02    1.0035084755E+00    1.0472600226E-01   -1.9233537995E+00    7.1063957514E-02
    3.4319980000E-02    1.0013873193E+00    1.0449051649E-01   -1.9330624506E+00    7.1064053017E-02
    3.4359980000E-02    9.9919169877E-01    1.0422323712E-01   -1.9430634291E+00    7.1064142411E-02
    3.4399980000E-02    9.9692070424E-01    1.0392166087E-01   -1.9533580115E+00    7.1064225658E-02
    3.4439980000E-02    9.9457346457E-01    1.0358316413E-01   -1.9639474713E+00    7.1064302759E-02
    3.4479980000E-02    9.9214915552E-01    1.0320500073E-01   -1.9748330764E+00    7.1064373755E-02
    3.4519980000E-02    9.8964700886E-01    1.0278430027E-01   -1.9860160867E+00    7.1064438739E-02
    3.4559980000E-02    9.8706632201E-01    1.0231806680E-01   -1.9974977532E+00    7.1064497861E-02
    3.4599980000E-02    9.8440646822E-01    1.0180317805E-01   -2.0092793161E+00    7.1064551331E-02
    3.4639980000E-02    9.8166690732E-01    1.0123638530E-01   -2.0213620045E+00    7.1064599426E-02
    3.4679980000E-02    9.7884719692E-01    1.0061431390E-01   -2.0337470366E+00    7.1064642497E-02
    3.4719980000E-02    9.7594700410E-01    9.9933464502E-02   -2.0464356200E+00    7.1064680976E-02
    3.4759980000E-02    9.7296611756E-01    9.9190215099E-02   -2.0594289530E+00    7.1064715373E-02
    3.4799980000E-02    9.6990445998E-01    9.8380823993E-02   -2.0727282270E+00    7.1064746287E-02
    3.4839980000E-02    9.6676210090E-01    9.7501433635E-02   -2.0863346291E+00    7.1064774404E-02
    3.4879980000E-02    9.6353926957E-01    9.6548075507E-02   -2.1002493449E+00    7.1064800497E-02
    3.4919980000E-02    9.6023636813E-01    9.5516676054E-02   -2.1144735632E+00    7.1064825425E-02
    3.4959980000E-02    9.5685398472E-01    9.4403063736E-02   -2.1290084796E+00    7.1064850130E-02
    3.4999980000E-02    9.5339290659E-01    9.3202977260E-02   -2.1438553011E+00    7.1064875628E-02
    3.5039980000E-02    9.4985413302E-01    9.1912075021E-02   -2.1590152507E+00    7.1064903001E-02
    3.5079980000E-02    9.4623888801E-01    9.0525945805E-02   -2.1744895716E+00    7.1064933385E-02
    3.5119980000E-02    9.4254863258E-01    8.9040120794E-02   -2.1902795303E+00    7.1064967955E-02
    3.5159980000E-02    9.3878507658E-01    8.7450086883E-02   -2.2063864200E+00    7.1065007906E-02
    3.5199980000E-02    9.3495018985E-01    8.5751301356E-02   -2.2228115613E+00    7.1065054430E-02
    3.5239980000E-02    9.3104621270E-01    8.3939207906E-02   -2.2395563021E+00    7.1065108698E-02
    3.5279980001E-02    9.2707566544E-01    8.2009254020E-02   -2.2566220152E+00    7.1065171827E-02
    3.5319980001E-02    9.2304135691E-01    7.9956909712E-02   -2.2740100933E+00    7.1065244858E-02
    3.5359980001E-02    9.1894639184E-01    7.7777687555E-02   -2.2917219415E+00    7.1065328721E-02
    3.5399980001E-02    9.1479417690E-01    7.5467163990E-02   -2.3097589665E+00    7.1065424212E-02
    3.5439980001E-02    9.1058842518E-01    7.3021001806E-02   -2.3281225628E+00    7.1065531960E-02
    3.5479980001E-02    9.0633315907E-01    7.0434973687E-02   -2.3468140961E+00    7.1065652402E-02
    3.5519980001E-02    9.0203271124E-01    6.7704986673E-02   -2.3658348827E+00    7.1065785757E-02
    3.5559980001E-02    8.9769172369E-01    6.4827107330E-02   -2.3851861670E+00    7.1065932011E-02
    3.5599980001E-02    8.9331514452E-01    6.1797587378E-02   -2.4048690961E+00    7.1066090897E-02
    3.5639980001E-02    8.8890822251E-01    5.8612889467E-02   -2.4248846929E+00    7.1066261894E-02
    3.5679980001E-02    8.8447649922E-01    5.5269712735E-02   -2.4452338283E+00    7.1066444228E-02
    3.5719980001E-02    8.8002579866E-01    5.1765017727E-02   -2.4659171931E+00    7.1066636879E-02
    3.5759980001E-02    8.7556221458E-01    4.8096050199E-02   -2.4869352714E+00    7.1066838610E-02
    3.5799980001E-02    8.7109209533E-01    4.4260363302E-02   -2.5082883158E+00    7.1067047996E-02
    3.5839980001E-02    8.6662202669E-01    4.0255837637E-02   -2.5299763267E+00    7.1067263471E-02
    3.5879980001E-02    8.6215881282E-01    3.6080698635E-02   -2.5519990356E+00    7.1067483381E-02
    3.5919980001E-02    8.5770945576E-01    3.1733530824E-02   -2.5743558941E+00    7.1067706054E-02
    3.5959980001E-02    8.5328113413E-01    2.7213288538E-02   -2.5970460696E+00    7.1067929869E-02
    3.5999980001E-02    8.4888118146E-01    2.2519302813E-02   -2.6200684474E+00    7.1068153341E-02
    3.6039980001E-02    8.4451706505E-01    1.7651284294E-02   -2.6434216404E+00    7.1068375195E-02
    3.6079980001E-02    8.4019636594E-01    1.2609322208E-02   -2.6671040043E+00    7.1068594448E-02
    3.6119980001E-02    8.3592676085E-01    7.3938796379E-03   -2.6911136594E+00    7.1068810486E-02
    3.6159980001E-02    8.3171600674E-01    2.0057855549E-03   -2.7154485167E+00    7.1069023117E-02
    3.6199980001E-02    8.2757192858E-01   -3.5537756934E-03   -2.7401063058E+00    7.1069232623E-02
    3.6239980001E-02    8.2350241084E-01   -9.2832765619E-03   -2.7650846034E+00    7.1069439778E-02
    3.6279980001E-02    8.1951539280E-01   -1.5180859093E-02   -2.7903808591E+00    7.1069645851E-02
    3.6319980001E-02    8.1561886771E-01   -2.1244347143E-02   -2.8159924166E+00    7.1069852577E-02
    3.6359980001E-02    8.1182088543E-01   -2.7471256834E-02   -2.8419165257E+00    7.1070062097E-02
    3.6399980001E-02    8.0812955783E-01   -3.3858804077E-02   -2.8681503452E+00    7.1070276873E-02
    3.6439980001E-02    8.0455306594E-01   -4.0403908140E-02   -2.8946909320E+00    7.1070499570E-02
    3.6479980001E-02    8.0109966761E-01   -4.7103190466E-02   -2.9215352170E+00    7.1070732922E-02
    3.6519980001E-02    7.9777770395E-01   -5.3952968290E-02   -2.9486799665E+00    7.1070979575E-02
    3.6559980001E-02    7.9459560295E-01   -6.0949242986E-02   -2.9761217291E+00    7.1071241918E-02
    3.6599980001E-02    7.9156187833E-01   -6.8087683537E-02   -3.0038567710E+00    7.1071521923E-02
    3.6639980001E-02    7.8868512194E-01   -7.5363606002E-02   -3.0318810011E+00    7.1071820978E-02
    3.6679980001E-02    7.8597398804E-01   -8.2771950295E-02   -3.0601898907E+00    7.1072139754E-02
    3.6719980001E-02    7.8343716823E-01   -9.0307256003E-02   -3.0887783920E+00    7.1072478096E-02
    3.6759980001E-02    7.8108335626E-01   -9.7963639250E-02   -3.1176408604E+00    7.1072834945E-02
    3.6799980001E-02    7.7892120259E-01   -1.0573477278E-01   -3.1467709867E+00    7.1073208320E-02
    3.6839980001E-02    7.7695925908E-01   -1.1361387139E-01   -3.1761617440E+00    7.1073595336E-02
    3.6879980001E-02    7.7520591526E-01   -1.2159368466E-01   -3.2058053531E+00    7.1073992281E-02
    3.6919980001E-02    7.7366932795E-01   -1.2966649842E-01   -3.2356932715E+00    7.1074394741E-02
    3.6959980001E-02    7.7235734676E-01   -1.3782414601E-01   -3.2658162059E+00    7.1074797762E-02
    3.6999980001E-02    7.7127743863E-01   -1.4605802939E-01   -3.2961641489E+00    7.1075196053E-02
    3.7039980001E-02    7.7043661422E-01   -1.5435914976E-01   -3.3267264388E+00    7.1075584205E-02
    3.7079980001E-02    7.6984135957E-01   -1.6271814619E-01   -3.3574918372E+00    7.1075956917E-02
    3.7119980001E-02    7.6949757549E-01   -1.7112534053E-01   -3.3884486204E+00    7.1076309211E-02
    3.7159980001E-02    7.6941052706E-01   -1.7957078600E-01   -3.4195846778E+00    7.1076636632E-02
    3.7199980001E-02    7.6958480445E-01   -1.8804431694E-01   -3.4508876103E+00    7.1076935407E-02
    3.7239980001E-02    7.7002429578E-01   -1.9653559707E-01   -3.4823448230E+00    7.1077202563E-02
    3.7279980001E-02    7.7073217165E-01   -2.0503416386E-01   -3.5139436050E+00    7.1077435995E-02
    3.7319980001E-02    7.7171088023E-01   -2.1352946722E-01   -3.5456711936E+00    7.1077634490E-02
    3.7359980001E-02    7.7296215142E-01   -2.2201090138E-01   -3.5775148191E+00    7.1077797687E-02
    3.7399980001E-02    7.7448700802E-01   -2.3046782955E-01   -3.6094617311E+00    7.1077926018E-02
    3.7439980001E-02    7.7628578187E-01   -2.3888960177E-01   -3.6414992059E+00    7.1078020592E-02
    3.7479980001E-02    7.7835813306E-01   -2.4726556695E-01   -3.6736145405E+00    7.1078083071E-02
    3.7519980001E-02    7.8070307051E-01   -2.5558508078E-01   -3.7057950363E+00    7.1078115531E-02
    3.7559980001E-02    7.8331897290E-01   -2.6383751125E-01   -3.7380279781E+00    7.1078120319E-02
    3.7599980001E-02    7.8620360911E-01   -2.7201224389E-01   -3.7703006151E+00    7.1078099923E-02
    3.7639980001E-02    7.8935415801E-01   -2.8009868832E-01   -3.8026001463E+00    7.1078056868E-02
    3.7679980001E-02    7.9276722774E-01   -2.8808628777E-01   -3.8349137175E+00    7.1077993628E-02
    3.7719980001E-02    7.9643887484E-01   -2.9596453238E-01   -3.8672284293E+00    7.1077912580E-02
    3.7759980001E-02    8.0036462368E-01   -3.0372297681E-01   -3.8995313593E+00    7.1077815982E-02
    3.7799980001E-02    8.0453948672E-01   -3.1135126204E-01   -3.9318095954E+00    7.1077705983E-02
    3.7839980001E-02    8.0895798591E-01   -3.1883914080E-01   -3.9640502808E+00    7.1077584662E-02
    3.7879980001E-02    8.1361417539E-01   -3.2617650568E-01   -3.9962406650E+00    7.1077454078E-02
    3.7919980001E-02    8.1850166549E-01   -3.3335341885E-01   -4.0283681580E+00    7.1077316329E-02
    3.7959980001E-02    8.2361364782E-01   -3.4036014213E-01   -4.0604203845E+00    7.1077173620E-02
    3.7999980001E-02    8.2894292112E-01   -3.4718716633E-01   -4.0923852338E+00    7.1077028312E-02
    3.8039980001E-02    8.3448191754E-01   -3.5382523897E-01   -4.1242509025E+00    7.1076882962E-02
    3.8079980001E-02    8.4022272881E-01   -3.6026538942E-01   -4.1560059304E+00    7.1076740351E-02
    3.8119980001E-02    8.4615713211E-01   -3.6649895134E-01   -4.1876392252E+00    7.1076603484E-02
    3.8159980001E-02    8.5227661514E-01   -3.7251758195E-01   -4.2191400803E+00    7.1076475578E-02
    3.8199980001E-02    8.5857240023E-01   -3.7831327824E-01   -4.2504981837E+00    7.1076360033E-02
    3.8239980001E-02    8.6503546706E-01   -3.8387839039E-01   -4.2817036204E+00    7.1076260393E-02
    3.8279980001E-02    8.7165657406E-01   -3.8920563270E-01   -4.3127468700E+00    7.1076180303E-02
    3.8319980001E-02    8.7842627794E-01   -3.9428809255E-01   -4.3436188011E+00    7.1076123460E-02
    3.8359980001E-02    8.8533495137E-01   -3.9911923794E-01   -4.3743106627E+00    7.1076093578E-02
    3.8399980001E-02    8.9237279853E-01   -4.0369292427E-01   -4.4048140745E+00    7.1076094352E-02
    3.8439980001E-02    8.9952986845E-01   -4.0800340102E-01   -4.4351210163E+00    7.1076129433E-02
    3.8479980001E-02    9.0679606608E-01   -4.1204531900E-01   -4.4652238154E+00    7.1076202419E-02
    3.8519980001E-02    9.1416116115E-01   -4.1581373893E-01   -4.4951151335E+00    7.1076316847E-02
    3.8559980001E-02    9.2161479516E-01   -4.1930414195E-01   -4.5247879502E+00    7.1076476206E-02
    3.8599980001E-02    9.2914648701E-01   -4.2251244268E-01   -4.5542355451E+00    7.1076683950E-02
    3.8639980001E-02    9.3674563786E-01   -4.2543500529E-01   -4.5834514751E+00    7.1076943518E-02
    3.8679980001E-02    9.4440153618E-01   -4.2806866295E-01   -4.6124295490E+00    7.1077258356E-02
    3.8719980001E-02    9.5210336404E-01   -4.3041074069E-01   -4.6411637980E+00    7.1077631946E-02
    3.8759980001E-02    9.5984020584E-01   -4.3245908173E-01   -4.6696484421E+00    7.1078067828E-02
    3.8799980001E-02    9.6760106059E-01   -4.3421207670E-01   -4.6978778548E+00    7.1078569615E-02
    3.8839980001E-02    9.7537485904E-01   -4.3566869524E-01   -4.7258465246E+00    7.1079141004E-02
    3.8879980001E-02    9.8315048651E-01   -4.3682851912E-01   -4.7535490175E+00    7.1079785778E-02
    3.8919980001E-02    9.9091681240E-01   -4.3769177548E-01   -4.7809799402E+00    7.1080507791E-02
    3.8959980001E-02    9.9866272669E-01   -4.3825936897E-01   -4.8081339074E+00    7.1081310934E-02
    3.8999980001E-02    1.0063771837E+00   -4.3853291122E-01   -4.8350055139E+00    7.1082199095E-02
    3.9039980001E-02    1.0140492528E+00   -4.3851474573E-01   -4.8615893157E+00    7.1083176091E-02
    3.9079980001E-02    1.0216681749E+00   -4.3820796684E-01   -4.8878798199E+00    7.1084245585E-02
    3.9119980001E-02    1.0292234245E+00   -4.3761643083E-01   -4.9138714862E+00    7.1085411001E-02
    3.9159980001E-02    1.0367047744E+00   -4.3674475801E-01   -4.9395587405E+00    7.1086675414E-02
    3.9199980001E-02    1.0441023625E+00   -4.3559832465E-01   -4.9649360003E+00    7.1088041455E-02
    3.9239980001E-02    1.0514067568E+00   -4.3418324410E-01   -4.9899977121E+00    7.1089511213E-02
    3.9279980001E-02    1.0586090187E+00   -4.3250633691E-01   -5.0147383986E+00    7.1091086152E-02
    3.9319980001E-02    1.0657007595E+00   -4.3057509047E-01   -5.0391527128E+00    7.1092767057E-02
    3.9359980001E-02    1.0726741909E+00   -4.2839760896E-01   -5.0632354973E+00    7.1094553995E-02
    3.9399980001E-02    1.0795221650E+00   -4.2598255509E-01   -5.0869818434E+00    7.1096446317E-02
    3.9439980001E-02    1.0862382054E+00   -4.2333908544E-01   -5.1103871479E+00    7.1098442687E-02
    3.9479980001E-02    1.0928165261E+00   -4.2047678147E-01   -5.1334471628E+00    7.1100541141E-02
    3.9519980001E-02    1.0992520395E+00   -4.1740557838E-01   -5.1561580362E+00    7.1102739167E-02
    3.9559980001E-02    1.1055403535E+00   -4.1413569411E-01   -5.1785163402E+00    7.1105033810E-02
    3.9599980001E-02    1.1116777585E+00   -4.1067756035E-01   -5.2005190871E+00    7.1107421779E-02
    3.9639980001E-02    1.1176612057E+00   -4.0704175748E-01   -5.2221637305E+00    7.1109899557E-02
    3.9679980001E-02    1.1234882773E+00   -4.0323895470E-01   -5.2434481544E+00    7.1112463511E-02
    3.9719980001E-02    1.1291571525E+00   -3.9927985647E-01   -5.2643706508E+00    7.1115109980E-02
    3.9759980001E-02    1.1346665680E+00   -3.9517515573E-01   -5.2849298868E+00    7.1117835354E-02
    3.9799980001E-02    1.1400157772E+00   -3.9093549430E-01   -5.3051248662E+00    7.1120636129E-02
    3.9839980001E-02    1.1452045082E+00   -3.8657143005E-01   -5.3249548857E+00    7.1123508941E-02
    3.9879980001E-02    1.1502329220E+00   -3.8209341074E-01   -5.3444194900E+00    7.1126450590E-02
    3.9919980001E-02    1.1551015724E+00   -3.7751175365E-01   -5.3635184272E+00    7.1129458032E-02
    3.9959980001E-02    1.1598113679E+00   -3.7283663036E-01   -5.3822516071E+00    7.1132528373E-02
    3.9999980001E-02    1.1643635360E+00   -3.6807805588E-01   -5.4006190638E+00    7.1135658847E-02
    4.0039980001E-02    1.1687595908E+00   -3.6324588117E-01   -5.4186209235E+00    7.1138846786E-02
    4.0079980001E-02    1.1730013033E+00   -3.5834978834E-01   -5.4362573774E+00    7.1142089597E-02
    4.0119980001E-02    1.1770906745E+00   -3.5339928762E-01   -5.4535286618E+00    7.1145384732E-02
    4.0159980001E-02    1.1810299110E+00   -3.4840371574E-01   -5.4704350419E+00    7.1148729667E-02
    4.0199980001E-02    1.1848214036E+00   -3.4337223477E-01   -5.4869768027E+00    7.1152121888E-02
    4.0239980001E-02    1.1884677068E+00   -3.3831383142E-01   -5.5031542424E+00    7.1155558872E-02
    4.0279980001E-02    1.1919715216E+00   -3.3323731607E-01   -5.5189676699E+00    7.1159038092E-02
    4.0319980001E-02    1.1953356780E+00   -3.2815132164E-01   -5.5344174054E+00    7.1162557012E-02
    4.0359980001E-02    1.1985631202E+00   -3.2306430199E-01   -5.5495037818E+00    7.1166113094E-02
    4.0399980001E-02    1.2016568911E+00   -3.1798452983E-01   -5.5642271479E+00    7.1169703810E-02
    4.0439980001E-02    1.2046201191E+00   -3.1292009418E-01   -5.5785878716E+00    7.1173326652E-02
    4.0479980001E-02    1.2074560043E+00   -3.0787889740E-01   -5.5925863431E+00    7.1176979146E-02
    4.0519980001E-02    1.2101678053E+00   -3.0286865187E-01   -5.6062229783E+00    7.1180658865E-02
    4.0559980001E-02    1.2127588269E+00   -2.9789687638E-01   -5.6194982210E+00    7.1184363440E-02
    4.0599980001E-02    1.2152324079E+00   -2.9297089242E-01   -5.6324125449E+00    7.1188090573E-02
    4.0639980001E-02    1.2175919088E+00   -2.8809782029E-01   -5.6449664545E+00    7.1191838044E-02
    4.0679980001E-02    1.2198407006E+00   -2.8328457534E-01   -5.6571604858E+00    7.1195603717E-02
    4.0719980001E-02    1.2219821534E+00   -2.7853786418E-01   -5.6689952069E+00    7.1199385545E-02
    4.0759980001E-02    1.2240196261E+00   -2.7386418111E-01   -5.6804712169E+00    7.1203181573E-02
    4.0799980001E-02    1.2259564557E+00   -2.6926980474E-01   -5.6915891458E+00    7.1206989937E-02
    4.0839980001E-02    1.2277959479E+00   -2.6476079484E-01   -5.7023496539E+00    7.1210808861E-02
    4.0879980001E-02    1.2295413679E+00   -2.6034298955E-01   -5.7127534306E+00    7.1214636661E-02
    4.0919980001E-02    1.2311959315E+00   -2.5602200292E-01   -5.7228011934E+00    7.1218471740E-02
    4.0959980001E-02    1.2327627976E+00   -2.5180322278E-01   -5.7324936874E+00    7.1222312586E-02
    4.0999980001E-02    1.2342450602E+00   -2.4769180916E-01   -5.7418316835E+00    7.1226157769E-02
    4.1039980001E-02    1.2356457420E+00   -2.4369269311E-01   -5.7508159780E+00    7.1230005945E-02
    4.1079980001E-02    1.2369677877E+00   -2.3981057607E-01   -5.7594473906E+00    7.1233855850E-02
    4.1119980001E-02    1.2382140585E+00   -2.3604992980E-01   -5.7677267630E+00    7.1237706305E-02
    4.1159980001E-02    1.2393873270E+00   -2.3241499692E-01   -5.7756549573E+00    7.1241556214E-02
    4.1199980001E-02    1.2404902721E+00   -2.2890979200E-01   -5.7832328533E+00    7.1245404568E-02
    4.1239980002E-02    1.2415254753E+00   -2.2553810343E-01   -5.7904613462E+00    7.1249250447E-02
    4.1279980002E-02    1.2424954169E+00   -2.2230349579E-01   -5.7973413438E+00    7.1253093023E-02
    4.1319980002E-02    1.2434024723E+00   -2.1920931295E-01   -5.8038737621E+00    7.1256931560E-02
    4.1359980002E-02    1.2442489100E+00   -2.1625868178E-01   -5.8100595223E+00    7.1260765421E-02
    4.1399980002E-02    1.2450368883E+00   -2.1345451644E-01   -5.8158995456E+00    7.1264594070E-02
    4.1439980002E-02    1.2457684537E+00   -2.1079952322E-01   -5.8213947487E+00    7.1268417071E-02
    4.1479980002E-02    1.2464455389E+00   -2.0829620582E-01   -5.8265460383E+00    7.1272234092E-02
    4.1519980002E-02    1.2470699616E+00   -2.0594687114E-01   -5.8313543056E+00    7.1276044903E-02
    4.1559980002E-02    1.2476434229E+00   -2.0375363530E-01   -5.8358204205E+00    7.1279849380E-02
    4.1599980002E-02    1.2481675068E+00   -2.0171842995E-01   -5.8399452254E+00    7.1283647499E-02
    4.1639980002E-02    1.2486436790E+00   -1.9984300870E-01   -5.8437295291E+00    7.1287439340E-02
    4.1679980002E-02    1.2490732865E+00   -1.9812895358E-01   -5.8471741008E+00    7.1291225075E-02
    4.1719980002E-02    1.2494575573E+00   -1.9657768147E-01   -5.8502796640E+00    7.1295004972E-02
    4.1759980002E-02    1.2497976000E+00   -1.9519045028E-01   -5.8530468906E+00    7.1298779385E-02
    4.1799980002E-02    1.2500944035E+00   -1.9396836498E-01   -5.8554763956E+00    7.1302548748E-02
    4.1839980002E-02    1.2503488371E+00   -1.9291238316E-01   -5.8575687315E+00    7.1306313573E-02
    4.1879980002E-02    1.2505616504E+00   -1.9202332014E-01   -5.8593243840E+00    7.1310074434E-02
    4.1919980002E-02    1.2507334733E+00   -1.9130185364E-01   -5.8607437674E+00    7.1313831966E-02
    4.1959980002E-02    1.2508648158E+00   -1.9074852769E-01   -5.8618272211E+00    7.1317586851E-02
    4.1999980002E-02    1.2509560684E+00   -1.9036375600E-01   -5.8625750067E+00    7.1321339811E-02
    4.2039980002E-02    1.2510075021E+00   -1.9014782452E-01   -5.8629873052E+00    7.1325091597E-02
    4.2079980002E-02    1.2510192680E+00   -1.9010089324E-01   -5.8630642160E+00    7.1328842978E-02
    4.2119980002E-02    1.2509913980E+00   -1.9022299726E-01   -5.8628057551E+00    7.1332594734E-02
    4.2159980002E-02    1.2509238041E+00   -1.9051404694E-01   -5.8622118559E+00    7.1336347639E-02
    4.2199980002E-02    1.2508162790E+00   -1.9097382733E-01   -5.8612823688E+00    7.1340102459E-02
    4.2239980002E-02    1.2506684956E+00   -1.9160199675E-01   -5.8600170633E+00    7.1343859932E-02
    4.2279980002E-02    1.2504800073E+00   -1.9239808457E-01   -5.8584156293E+00    7.1347620767E-02
    4.2319980002E-02    1.2502502477E+00   -1.9336148827E-01   -5.8564776804E+00    7.1351385627E-02
    4.2359980002E-02    1.2499785308E+00   -1.9449146978E-01   -5.8542027566E+00    7.1355155125E-02
    4.2399980002E-02    1.2496640507E+00   -1.9578715117E-01   -5.8515903290E+00    7.1358929810E-02
    4.2439980002E-02    1.2493058818E+00   -1.9724750980E-01   -5.8486398038E+00    7.1362710164E-02
    4.2479980002E-02    1.2489029788E+00   -1.9887137288E-01   -5.8453505271E+00    7.1366496590E-02
    4.2519980002E-02    1.2484541769E+00   -2.0065741171E-01   -5.8417217910E+00    7.1370289408E-02
    4.2559980002E-02    1.2479581921E+00   -2.0260413553E-01   -5.8377528386E+00    7.1374088849E-02
    4.2599980002E-02    1.2474136213E+00   -2.0470988517E-01   -5.8334428703E+00    7.1377895050E-02
    4.2639980002E-02    1.2468189430E+00   -2.0697282658E-01   -5.8287910497E+00    7.1381708049E-02
    4.2679980002E-02    1.2461725179E+00   -2.0939094434E-01   -5.8237965099E+00    7.1385527783E-02
    4.2719980002E-02    1.2454725898E+00   -2.1196203524E-01   -5.8184583598E+00    7.1389354088E-02
    4.2759980002E-02    1.2447172866E+00   -2.1468370205E-01   -5.8127756894E+00    7.1393186694E-02
    4.2799980002E-02    1.2439046217E+00   -2.1755334757E-01   -5.8067475764E+00    7.1397025229E-02
    4.2839980002E-02    1.2430324958E+00   -2.2056816906E-01   -5.8003730910E+00    7.1400869220E-02
    4.2879980002E-02    1.2420986983E+00   -2.2372515309E-01   -5.7936513014E+00    7.1404718090E-02
    4.2919980002E-02    1.2411009102E+00   -2.2702107091E-01   -5.7865812784E+00    7.1408571167E-02
    4.2959980002E-02    1.2400367064E+00   -2.3045247442E-01   -5.7791620996E+00    7.1412427682E-02
    4.2999980002E-02    1.2389035588E+00   -2.3401569268E-01   -5.7713928531E+00    7.1416286771E-02
    4.3039980002E-02    1.2376988398E+00   -2.3770682911E-01   -5.7632726412E+00    7.1420147484E-02
    4.3079980002E-02    1.2364198265E+00   -2.4152175930E-01   -5.7548005826E+00    7.1424008779E-02
    4.3119980002E-02    1.2350637046E+00   -2.4545612950E-01   -5.7459758154E+00    7.1427869533E-02
    4.3159980002E-02    1.2336275737E+00   -2.4950535573E-01   -5.7367974987E+00    7.1431728536E-02
    4.3199980002E-02    1.2321084530E+00   -2.5366462346E-01   -5.7272648144E+00    7.1435584498E-02
    4.3239980002E-02    1.2305032867E+00   -2.5792888796E-01   -5.7173769690E+00    7.1439436044E-02
    4.3279980002E-02    1.2288089511E+00   -2.6229287509E-01   -5.7071331943E+00    7.1443281717E-02
    4.3319980002E-02    1.2270222618E+00   -2.6675108271E-01   -5.6965327488E+00    7.1447119975E-02
    4.3359980002E-02    1.2251399812E+00   -2.7129778243E-01   -5.6855749186E+00    7.1450949190E-02
    4.3399980002E-02    1.2231588270E+00   -2.7592702192E-01   -5.6742590185E+00    7.1454767645E-02
    4.3439980002E-02    1.2210754811E+00   -2.8063262749E-01   -5.6625843927E+00    7.1458573534E-02
    4.3479980002E-02    1.2188865991E+00   -2.8540820706E-01   -5.6505504157E+00    7.1462364958E-02
    4.3519980002E-02    1.2165888205E+00   -2.9024715342E-01   -5.6381564931E+00    7.1466139927E-02
    4.3559980002E-02    1.2141787787E+00   -2.9514264775E-01   -5.6254020615E+00    7.1469896360E-02
    4.3599980002E-02    1.2116531126E+00   -3.0008766330E-01   -5.6122865893E+00    7.1473632088E-02
    4.3639980002E-02    1.2090084776E+00   -3.0507496924E-01   -5.5988095761E+00    7.1477344859E-02
    4.3679980002E-02    1.2062415575E+00   -3.1009713453E-01   -5.5849705518E+00    7.1481032345E-02
    4.3719980002E-02    1.2033490768E+00   -3.1514653185E-01   -5.5707690750E+00    7.1484692153E-02
    4.3759980002E-02    1.2003278127E+00   -3.2021534132E-01   -5.5562047314E+00    7.1488321832E-02
    4.3799980002E-02    1.1971746087E+00   -3.2529555409E-01   -5.5412771307E+00    7.1491918893E-02
    4.3839980002E-02    1.1938863874E+00   -3.3037897563E-01   -5.5259859035E+00    7.1495480813E-02
    4.3879980002E-02    1.1904601642E+00   -3.3545722859E-01   -5.5103306984E+00    7.1499005055E-02
    4.3919980002E-02    1.1868930621E+00   -3.4052175528E-01   -5.4943111784E+00    7.1502489076E-02
    4.3959980002E-02    1.1831823262E+00   -3.4556381958E-01   -5.4779270189E+00    7.1505930334E-02
    4.3999980002E-02    1.1793253403E+00   -3.5057450850E-01   -5.4611779064E+00    7.1509326295E-02
    4.4039980002E-02    1.1753196440E+00   -3.5554473327E-01   -5.4440635402E+00    7.1512674427E-02
    4.4079980002E-02    1.1711629519E+00   -3.6046523029E-01   -5.4265836360E+00    7.1515972197E-02
    4.4119980002E-02    1.1668531738E+00   -3.6532656207E-01   -5.4087379344E+00    7.1519217053E-02
    4.4159980002E-02    1.1623884381E+00   -3.7011911872E-01   -5.3905262135E+00    7.1522406406E-02
    4.4199980002E-02    1.1577671171E+00   -3.7483312023E-01   -5.3719483068E+00    7.1525537607E-02
    4.4239980002E-02    1.1529878551E+00   -3.7945862040E-01   -5.3530041270E+00    7.1528607917E-02
    4.4279980002E-02    1.1480495994E+00   -3.8398551294E-01   -5.3336936960E+00    7.1531614481E-02
    4.4319980002E-02    1.1429516345E+00   -3.8840354063E-01   -5.3140171795E+00    7.1534554301E-02
    4.4359980002E-02    1.1376936184E+00   -3.9270230836E-01   -5.2939749273E+00    7.1537424223E-02
    4.4399980002E-02    1.1322756222E+00   -3.9687130088E-01   -5.2735675171E+00    7.1540220926E-02
    4.4439980002E-02    1.1266981703E+00   -4.0089990609E-01   -5.2527957994E+00    7.1542940934E-02
    4.4479980002E-02    1.1209622830E+00   -4.0477744461E-01   -5.2316609425E+00    7.1545580641E-02
    4.4519980002E-02    1.1150695174E+00   -4.0849320605E-01   -5.2101644745E+00    7.1548136356E-02
    4.4559980002E-02    1.1090220079E+00   -4.1203649238E-01   -5.1883083198E+00    7.1550604368E-02
    4.4599980002E-02    1.1028225029E+00   -4.1539666825E-01   -5.1660948266E+00    7.1552981035E-02
    4.4639980002E-02    1.0964743974E+00   -4.1856321799E-01   -5.1435267850E+00    7.1555262879E-02
    4.4679980002E-02    1.0899817581E+00   -4.2152580828E-01   -5.1206074320E+00    7.1557446698E-02
    4.4719980002E-02    1.0833493420E+00   -4.2427435553E-01   -5.0973404425E+00    7.1559529677E-02
    4.4759980002E-02    1.0765826036E+00   -4.2679909616E-01   -5.0737299081E+00    7.1561509496E-02
    4.4799980002E-02    1.0696876937E+00   -4.2909065796E-01   -5.0497803016E+00    7.1563384421E-02
    4.4839980002E-02    1.0626714451E+00   -4.3114013044E-01   -5.0254964319E+00    7.1565153377E-02
    4.4879980002E-02    1.0555413489E+00   -4.3293913191E-01   -5.0008833892E+00    7.1566815996E-02
    4.4919980002E-02    1.0483055182E+00   -4.3447987109E-01   -4.9759464867E+00    7.1568372625E-02
    4.4959980002E-02    1.0409726436E+00   -4.3575520138E-01   -4.9506912004E+00    7.1569824317E-02
    4.4999980002E-02    1.0335519393E+00   -4.3675866618E-01   -4.9251231107E+00    7.1571172779E-02
    4.5039980002E-02    1.0260530835E+00   -4.3748453393E-01   -4.8992478515E+00    7.1572420303E-02
    4.5079980002E-02    1.0184861541E+00   -4.3792782253E-01   -4.8730710665E+00    7.1573569678E-02
    4.5119980002E-02    1.0108615627E+00   -4.3808431267E-01   -4.8465983776E+00    7.1574624087E-02
    4.5159980002E-02    1.0031899884E+00   -4.3795055081E-01   -4.8198353645E+00    7.1575587011E-02
    4.5199980002E-02    9.9548231434E-01   -4.3752384244E-01   -4.7927875574E+00    7.1576462125E-02
    4.5239980002E-02    9.8774956849E-01   -4.3680223703E-01   -4.7654604412E+00    7.1577253214E-02
    4.5279980002E-02    9.8000286923E-01   -4.3578450607E-01   -4.7378594707E+00    7.1577964103E-02
    4.5319980002E-02    9.7225337797E-01   -4.3447011588E-01   -4.7099900941E+00    7.1578598599E-02
    4.5359980002E-02    9.6451225859E-01   -4.3285919685E-01   -4.6818577846E+00    7.1579160457E-02
    4.5399980002E-02    9.5679064395E-01   -4.3095251082E-01   -4.6534680759E+00    7.1579653355E-02
    4.5439980002E-02    9.4909960922E-01   -4.2875141796E-01   -4.6248266000E+00    7.1580080893E-02
    4.5479980002E-02    9.4145015135E-01   -4.2625784452E-01   -4.5959391266E+00    7.1580446595E-02
    4.5519980002E-02    9.3385317374E-01   -4.2347425244E-01   -4.5668116005E+00    7.1580753928E-02
    4.5559980002E-02    9.2631947515E-01   -4.2040361159E-01   -4.5374501772E+00    7.1581006318E-02
    4.5599980002E-02    9.1885974149E-01   -4.1704937521E-01   -4.5078612545E+00    7.1581207178E-02
    4.5639980002E-02    9.1148453950E-01   -4.1341545862E-01   -4.4780515007E+00    7.1581359931E-02
    4.5679980002E-02    9.0420431110E-01   -4.0950622132E-01   -4.4480278785E+00    7.1581468029E-02
    4.5719980002E-02    8.9702936753E-01   -4.0532645217E-01   -4.4177976654E+00    7.1581534971E-02
    4.5759980002E-02    8.8996988234E-01   -4.0088135729E-01   -4.3873684701E+00    7.1581564312E-02
    4.5799980002E-02    8.8303588298E-01   -3.9617655009E-01   -4.3567482471E+00    7.1581559664E-02
    4.5839980002E-02    8.7623724019E-01   -3.9121804290E-01   -4.3259453080E+00    7.1581524684E-02
    4.5879980002E-02    8.6958365546E-01   -3.8601223939E-01   -4.2949683324E+00    7.1581463054E-02
    4.5919980002E-02    8.6308464621E-01   -3.8056592725E-01   -4.2638263763E+00    7.1581378456E-02
    4.5959980002E-02    8.5674952895E-01   -3.7488627036E-01   -4.2325288800E+00    7.1581274525E-02
    4.5999980002E-02    8.5058740061E-01   -3.6898079980E-01   -4.2010856732E+00    7.1581154815E-02
    4.6039980002E-02    8.4460711809E-01   -3.6285740330E-01   -4.1695069773E+00    7.1581022750E-02
    4.6079980002E-02    8.3881727650E-01   -3.5652431234E-01   -4.1378034043E+00    7.1580881584E-02
    4.6119980002E-02    8.3322618605E-01   -3.4999008682E-01   -4.1059859488E+00    7.1580734371E-02
    4.6159980002E-02    8.2784184802E-01   -3.4326359676E-01   -4.0740659736E+00    7.1580583945E-02
    4.6199980002E-02    8.2267193000E-01   -3.3635400117E-01   -4.0420551875E+00    7.1580432920E-02
    4.6239980002E-02    8.1772374066E-01   -3.2927072401E-01   -4.0099656139E+00    7.1580283708E-02
    4.6279980002E-02    8.1300420446E-01   -3.2202342770E-01   -3.9778095514E+00    7.1580138549E-02
    4.6319980002E-02    8.0851983651E-01   -3.1462198479E-01   -3.9455995269E+00    7.1579999569E-02
    4.6359980002E-02    8.0427671811E-01   -3.0707644848E-01   -3.9133482449E+00    7.1579868835E-02
    4.6399980002E-02    8.0028047312E-01   -2.9939702323E-01   -3.8810685331E+00    7.1579748419E-02
    4.6439980002E-02    7.9653624540E-01   -2.9159403633E-01   -3.8487732916E+00    7.1579640458E-02
    4.6479980002E-02    7.9304867743E-01   -2.8367791175E-01   -3.8164754458E+00    7.1579547191E-02
    4.6519980002E-02    7.8982188987E-01   -2.7565914715E-01   -3.7841879090E+00    7.1579470986E-02
    4.6559980002E-02    7.8685946199E-01   -2.6754829466E-01   -3.7519235557E+00    7.1579414327E-02
    4.6599980002E-02    7.8416441228E-01   -2.5935594582E-01   -3.7196952077E+00    7.1579379774E-02
    4.6639980002E-02    7.8173917905E-01   -2.5109272035E-01   -3.6875156322E+00    7.1579369896E-02
    4.6679980002E-02    7.7958560052E-01   -2.4276925808E-01   -3.6553975509E+00    7.1579387162E-02
    4.6719980002E-02    7.7770489420E-01   -2.3439621268E-01   -3.6233536562E+00    7.1579433819E-02
    4.6759980002E-02    7.7609763583E-01   -2.2598424566E-01   -3.5913966301E+00    7.1579511754E-02
    4.6799980002E-02    7.7476373831E-01   -2.1754401877E-01   -3.5595391610E+00    7.1579622346E-02
    4.6839980002E-02    7.7370243178E-01   -2.0908618298E-01   -3.5277939530E+00    7.1579766333E-02
    4.6879980002E-02    7.7291224625E-01   -2.0062136224E-01   -3.4961737221E+00    7.1579943694E-02
    4.6919980002E-02    7.7239099867E-01   -1.9216013106E-01   -3.4646911769E+00    7.1580153562E-02
    4.6959980002E-02    7.7213578635E-01   -1.8371298515E-01   -3.4333589803E+00    7.1580394183E-02
    4.6999980002E-02    7.7214298888E-01   -1.7529030521E-01   -3.4021896934E+00    7.1580662915E-02
    4.7039980002E-02    7.7240828008E-01   -1.6690231493E-01   -3.3711957019E+00    7.1580956285E-02
    4.7079980002E-02    7.7292665134E-01   -1.5855903455E-01   -3.3403891292E+00    7.1581270093E-02
    4.7119980002E-02    7.7369244670E-01   -1.5027023233E-01   -3.3097817424E+00    7.1581599561E-02
    4.7159980002E-02    7.7469940956E-01   -1.4204537632E-01   -3.2793848553E+00    7.1581939526E-02
    4.7199980003E-02    7.7594073969E-01   -1.3389358898E-01   -3.2492092370E+00    7.1582284651E-02
    4.7239980003E-02    7.7740915872E-01   -1.2582360728E-01   -3.2192650319E+00    7.1582629656E-02
    4.7279980003E-02    7.7909698148E-01   -1.1784375015E-01   -3.1895616954E+00    7.1582969542E-02
    4.7319980003E-02    7.8099619028E-01   -1.0996189478E-01   -3.1601079518E+00    7.1583299801E-02
    4.7359980003E-02    7.8309850896E-01   -1.0218546266E-01   -3.1309117749E+00    7.1583616593E-02
    4.7399980003E-02    7.8539547382E-01   -9.4521415103E-02   -3.1019803927E+00    7.1583916884E-02
    4.7439980003E-02    7.8787849864E-01   -8.6976257775E-02   -3.0733203151E+00    7.1584198534E-02
    4.7479980003E-02    7.9053893182E-01   -7.9556052759E-02   -3.0449373810E+00    7.1584460339E-02
    4.7519980003E-02    7.9336810424E-01   -7.2266436396E-02   -3.0168368215E+00    7.1584702011E-02
    4.7559980003E-02    7.9635736697E-01   -6.5112640864E-02   -2.9890233346E+00    7.1584924122E-02
    4.7599980003E-02    7.9949811895E-01   -5.8099517335E-02   -2.9615011637E+00    7.1585128000E-02
    4.7639980003E-02    8.0278182524E-01   -5.1231558689E-02   -2.9342741781E+00    7.1585315595E-02
    4.7679980003E-02    8.0620002690E-01   -4.4512919991E-02   -2.9073459482E+00    7.1585489319E-02
    4.7719980003E-02    8.0974434408E-01   -3.7947435325E-02   -2.8807198117E+00    7.1585651882E-02
    4.7759980003E-02    8.1340647391E-01   -3.1538629996E-02   -2.8543989289E+00    7.1585806116E-02
    4.7799980003E-02    8.1717818521E-01   -2.5289727606E-02   -2.8283863242E+00    7.1585954820E-02
    4.7839980003E-02    8.2105131156E-01   -1.9203651936E-02   -2.8026849132E+00    7.1586100605E-02
    4.7879980003E-02    8.2501774460E-01   -1.3283024020E-02   -2.7772975161E+00    7.1586245778E-02
    4.7919980003E-02    8.2906942865E-01   -7.5301550965E-03   -2.7522268575E+00    7.1586392240E-02
    4.7959980003E-02    8.3319835797E-01   -1.9470364200E-03   -2.7274755560E+00    7.1586541422E-02
    4.7999980003E-02    8.3739657735E-01    3.4646729374E-03   -2.7030461044E+00    7.1586694243E-02
    4.8039980003E-02    8.4165618639E-01    8.7036591004E-03   -2.6789408451E+00    7.1586851110E-02
    4.8079980003E-02    8.4596934776E-01    1.3768966033E-02   -2.6551619414E+00    7.1587011928E-02
    4.8119980003E-02    8.5032829903E-01    1.8660006725E-02   -2.6317113491E+00    7.1587176144E-02
    4.8159980003E-02    8.5472536802E-01    2.3376571988E-02   -2.6085907893E+00    7.1587342808E-02
    4.8199980003E-02    8.5915299071E-01    2.7918836132E-02   -2.5858017265E+00    7.1587510640E-02
    4.8239980003E-02    8.6360373139E-01    3.2287358991E-02   -2.5633453508E+00    7.1587678117E-02
    4.8279980003E-02    8.6807030408E-01    3.6483084019E-02   -2.5412225678E+00    7.1587843549E-02
    4.8319980003E-02    8.7254559450E-01    4.0507332351E-02   -2.5194339944E+00    7.1588005168E-02
    4.8359980003E-02    8.7702268199E-01    4.4361792958E-02   -2.4979799626E+00    7.1588161203E-02
    4.8399980003E-02    8.8149486056E-01    4.8048509132E-02   -2.4768605295E+00    7.1588309951E-02
    4.8439980003E-02    8.8595565868E-01    5.1569861695E-02   -2.4560754931E+00    7.1588449840E-02
    4.8479980003E-02    8.9039885729E-01    5.4928549392E-02   -2.4356244130E+00    7.1588579476E-02
    4.8519980003E-02    8.9481850568E-01    5.8127566974E-02   -2.4155066356E+00    7.1588697686E-02
    4.8559980003E-02    8.9920893512E-01    6.1170181506E-02   -2.3957213204E+00    7.1588803540E-02
    4.8599980003E-02    9.0356476997E-01    6.4059907395E-02   -2.3762674694E+00    7.1588896372E-02
    4.8639980003E-02    9.0788093640E-01    6.6800480642E-02   -2.3571439552E+00    7.1588975783E-02
    4.8679980003E-02    9.1215266868E-01    6.9395832738E-02   -2.3383495492E+00    7.1589041636E-02
    4.8719980003E-02    9.1637551303E-01    7.1850064595E-02   -2.3198829481E+00    7.1589094046E-02
    4.8759980003E-02    9.2054532939E-01    7.4167420835E-02   -2.3017427974E+00    7.1589133365E-02
    4.8799980003E-02    9.2465829099E-01    7.6352264711E-02   -2.2839277129E+00    7.1589160154E-02
    4.8839980003E-02    9.2871088215E-01    7.8409053874E-02   -2.2664362986E+00    7.1589175157E-02
    4.8879980003E-02    9.3269989421E-01    8.0342317153E-02   -2.2492671611E+00    7.1589179275E-02
    4.8919980003E-02    9.3662242002E-01    8.2156632485E-02   -2.2324189212E+00    7.1589173536E-02
    4.8959980003E-02    9.4047584694E-01    8.3856606085E-02   -2.2158902217E+00    7.1589159059E-02
    4.8999980003E-02    9.4425784863E-01    8.5446852909E-02   -2.1996797331E+00    7.1589137032E-02
    4.9039980003E-02    9.4796637576E-01    8.6931978484E-02   -2.1837861558E+00    7.1589108678E-02
    4.9079980003E-02    9.5159964569E-01    8.8316562084E-02   -2.1682082206E+00    7.1589075233E-02
    4.9119980003E-02    9.5515613147E-01    8.9605141308E-02   -2.1529446875E+00    7.1589037924E-02
    4.9159980003E-02    9.5863455001E-01    9.0802198014E-02   -2.1379943422E+00    7.1588997945E-02
    4.9199980003E-02    9.6203384977E-01    9.1912145626E-02   -2.1233559926E+00    7.1588956441E-02
    4.9239980003E-02    9.6535319799E-01    9.2939317777E-02   -2.1090284641E+00    7.1588914496E-02
    4.9279980003E-02    9.6859196760E-01    9.3887958257E-02   -2.0950105947E+00    7.1588873122E-02
    4.9319980003E-02    9.7174972392E-01    9.4762212235E-02   -2.0813012296E+00    7.1588833248E-02
    4.9359980003E-02    9.7482621127E-01    9.5566118708E-02   -2.0678992173E+00    7.1588795718E-02
    4.9399980003E-02    9.7782133956E-01    9.6303604121E-02   -2.0548034042E+00    7.1588761287E-02
    4.9439980003E-02    9.8073517101E-01    9.6978477112E-02   -2.0420126317E+00    7.1588730620E-02
    4.9479980003E-02    9.8356790705E-01    9.7594424320E-02   -2.0295257324E+00    7.1588704292E-02
    4.9519980003E-02    9.8631987547E-01    9.8155007177E-02   -2.0173415282E+00    7.1588682795E-02
    4.9559980003E-02    9.8899151795E-01    9.8663659639E-02   -2.0054588284E+00    7.1588666535E-02
    4.9599980003E-02    9.9158337796E-01    9.9123686764E-02   -1.9938764286E+00    7.1588655845E-02
    4.9639980003E-02    9.9409608918E-01    9.9538264080E-02   -1.9825931111E+00    7.1588650983E-02
    4.9679980003E-02    9.9653036435E-01    9.9910437657E-02   -1.9716076446E+00    7.1588652143E-02
    4.9719980003E-02    9.9888698473E-01    1.0024312483E-01   -1.9609187860E+00    7.1588659458E-02
    4.9759980003E-02    1.0011667901E+00    1.0053911546E-01   -1.9505252816E+00    7.1588673010E-02
    4.9799980003E-02    1.0033706692E+00    1.0080107375E-01   -1.9404258693E+00    7.1588692831E-02
    4.9839980003E-02    1.0054995513E+00    1.0103154040E-01   -1.9306192810E+00    7.1588718913E-02
    4.9879980003E-02    1.0075543975E+00    1.0123293523E-01   -1.9211042454E+00    7.1588751213E-02
    4.9919980003E-02    1.0095361933E+00    1.0140756002E-01   -1.9118794911E+00    7.1588789654E-02
    4.9959980003E-02    1.0114459417E+00    1.0155760164E-01   -1.9029437493E+00    7.1588834137E-02
    4.9999980003E-02    1.0132846563E+00    1.0168513539E-01   -1.8942957577E+00    7.1588884540E-02
    5.0039980003E-02    1.0150533557E+00    1.0179212844E-01   -1.8859342629E+00    7.1588940722E-02
    5.0079980003E-02    1.0167530581E+00    1.0188044341E-01   -1.8778580243E+00    7.1589002530E-02
    5.0119980003E-02    1.0183847761E+00    1.0195184200E-01   -1.8700658170E+00    7.1589069798E-02
    5.0159980003E-02    1.0199495124E+00    1.0200798865E-01   -1.8625564347E+00    7.1589142351E-02
    5.0199980003E-02    1.0214482557E+00    1.0205045418E-01   -1.8553286931E+00    7.1589220010E-02
    5.0239980003E-02    1.0228819773E+00    1.0208071941E-01   -1.8483814321E+00    7.1589302589E-02
    5.0279980003E-02    1.0242516275E+00    1.0210017877E-01   -1.8417135190E+00    7.1589389900E-02
    5.0319980003E-02    1.0255581333E+00    1.0211014370E-01   -1.8353238504E+00    7.1589481751E-02
    5.0359980003E-02    1.0268023954E+00    1.0211184614E-01   -1.8292113552E+00    7.1589577953E-02
    5.0399980003E-02    1.0279852860E+00    1.0210644176E-01   -1.8233749960E+00    7.1589678314E-02
    5.0439980003E-02    1.0291076472E+00    1.0209501313E-01   -1.8178137713E+00    7.1589782642E-02
    5.0479980003E-02    1.0301702888E+00    1.0207857279E-01   -1.8125267174E+00    7.1589890748E-02
    5.0519980003E-02    1.0311739874E+00    1.0205806609E-01   -1.8075129098E+00    7.1590002443E-02
    5.0559980003E-02    1.0321194844E+00    1.0203437404E-01   -1.8027714647E+00    7.1590117539E-02
    5.0599980003E-02    1.0330074857E+00    1.0200831581E-01   -1.7983015403E+00    7.1590235850E-02
    5.0639980003E-02    1.0338386601E+00    1.0198065130E-01   -1.7941023375E+00    7.1590357191E-02
    5.0679980003E-02    1.0346136390E+00    1.0195208337E-01   -1.7901731018E+00    7.1590481380E-02
    5.0719980003E-02    1.0353330152E+00    1.0192326004E-01   -1.7865131232E+00    7.1590608234E-02
    5.0759980003E-02    1.0359973429E+00    1.0189477651E-01   -1.7831217376E+00    7.1590737572E-02
    5.0799980003E-02    1.0366071369E+00    1.0186717699E-01   -1.7799983270E+00    7.1590869216E-02
    5.0839980003E-02    1.0371628724E+00    1.0184095643E-01   -1.7771423207E+00    7.1591002988E-02
    5.0879980003E-02    1.0376649846E+00    1.0181656209E-01   -1.7745531949E+00    7.1591138708E-02
    5.0919980003E-02    1.0381138682E+00    1.0179439496E-01   -1.7722304739E+00    7.1591276202E-02
    5.0959980003E-02    1.0385098779E+00    1.0177481103E-01   -1.7701737300E+00    7.1591415294E-02
    5.0999980003E-02    1.0388533276E+00    1.0175812245E-01   -1.7683825840E+00    7.1591555807E-02
    5.1039980003E-02    1.0391444904E+00    1.0174459851E-01   -1.7668567052E+00    7.1591697568E-02
    5.1079980003E-02    1.0393835988E+00    1.0173446653E-01   -1.7655958120E+00    7.1591840403E-02
    5.1119980003E-02    1.0395708443E+00    1.0172791257E-01   -1.7645996715E+00    7.1591984136E-02
    5.1159980003E-02    1.0397063776E+00    1.0172508205E-01   -1.7638681001E+00    7.1592128596E-02
    5.1199980003E-02    1.0397903085E+00    1.0172608020E-01   -1.7634009634E+00    7.1592273607E-02
    5.1239980003E-02    1.0398227058E+00    1.0173097244E-01   -1.7631981762E+00    7.1592418998E-02
    5.1279980003E-02    1.0398035973E+00    1.0173978454E-01   -1.7632597028E+00    7.1592564595E-02
    5.1319980003E-02    1.0397329698E+00    1.0175250275E-01   -1.7635855566E+00    7.1592710224E-02
    5.1359980003E-02    1.0396107694E+00    1.0176907374E-01   -1.7641758004E+00    7.1592855713E-02
    5.1399980003E-02    1.0394369010E+00    1.0178940441E-01   -1.7650305465E+00    7.1593000889E-02
    5.1439980003E-02    1.0392112286E+00    1.0181336164E-01   -1.7661499562E+00    7.1593145578E-02
    5.1479980003E-02    1.0389335755E+00    1.0184077182E-01   -1.7675342402E+00    7.1593289606E-02
    5.1519980003E-02    1.0386037241E+00    1.0187142031E-01   -1.7691836582E+00    7.1593432801E-02
    5.1559980003E-02    1.0382214159E+00    1.0190505074E-01   -1.7710985187E+00    7.1593574987E-02
    5.1599980003E-02    1.0377863518E+00    1.0194136422E-01   -1.7732791791E+00    7.1593715991E-02
    5.1639980003E-02    1.0372981922E+00    1.0198001837E-01   -1.7757260455E+00    7.1593855637E-02
    5.1679980003E-02    1.0367565571E+00    1.0202062619E-01   -1.7784395722E+00    7.1593993750E-02
    5.1719980003E-02    1.0361610262E+00    1.0206275491E-01   -1.7814202613E+00    7.1594130153E-02
    5.1759980003E-02    1.0355111392E+00    1.0210592455E-01   -1.7846686627E+00    7.1594264669E-02
    5.1799980003E-02    1.0348063961E+00    1.0214960643E-01   -1.7881853736E+00    7.1594397120E-02
    5.1839980003E-02    1.0340462575E+00    1.0219322154E-01   -1.7919710377E+00    7.1594527326E-02
    5.1879980003E-02    1.0332301453E+00    1.0223613869E-01   -1.7960263447E+00    7.1594655107E-02
    5.1919980003E-02    1.0323574426E+00    1.0227767260E-01   -1.8003520298E+00    7.1594780281E-02
    5.1959980003E-02    1.0314274952E+00    1.0231708175E-01   -1.8049488726E+00    7.1594902663E-02
    5.1999980003E-02    1.0304396116E+00    1.0235356621E-01   -1.8098176965E+00    7.1595022070E-02
    5.2039980003E-02    1.0293930642E+00    1.0238626514E-01   -1.8149593673E+00    7.1595138314E-02
    5.2079980003E-02    1.0282870904E+00    1.0241425433E-01   -1.8203747922E+00    7.1595251208E-02
    5.2119980003E-02    1.0271208936E+00    1.0243654347E-01   -1.8260649185E+00    7.1595360562E-02
    5.2159980003E-02    1.0258936449E+00    1.0245207329E-01   -1.8320307318E+00    7.1595466186E-02
    5.2199980003E-02    1.0246044844E+00    1.0245971266E-01   -1.8382732549E+00    7.1595567888E-02
    5.2239980003E-02    1.0232525231E+00    1.0245825539E-01   -1.8447935453E+00    7.1595665477E-02
    5.2279980003E-02    1.0218368454E+00    1.0244641710E-01   -1.8515926938E+00    7.1595758762E-02
    5.2319980003E-02    1.0203565110E+00    1.0242283182E-01   -1.8586718219E+00    7.1595847552E-02
    5.2359980003E-02    1.0188105579E+00    1.0238604859E-01   -1.8660320795E+00    7.1595931661E-02
    5.2399980003E-02    1.0171980056E+00    1.0233452791E-01   -1.8736746424E+00    7.1596010904E-02
    5.2439980003E-02    1.0155178580E+00    1.0226663821E-01   -1.8816007099E+00    7.1596085103E-02
    5.2479980003E-02    1.0137691081E+00    1.0218065221E-01   -1.8898115012E+00    7.1596154087E-02
    5.2519980003E-02    1.0119507412E+00    1.0207474327E-01   -1.8983082534E+00    7.1596217694E-02
    5.2559980003E-02    1.0100617408E+00    1.0194698181E-01   -1.9070922173E+00    7.1596275775E-02
    5.2599980003E-02    1.0081010926E+00    1.0179533173E-01   -1.9161646553E+00    7.1596328197E-02
    5.2639980003E-02    1.0060677913E+00    1.0161764692E-01   -1.9255268375E+00    7.1596374847E-02
    5.2679980003E-02    1.0039608462E+00    1.0141166795E-01   -1.9351800385E+00    7.1596415634E-02
    5.2719980003E-02    1.0017792881E+00    1.0117501884E-01   -1.9451255347E+00    7.1596450496E-02
    5.2759980003E-02    9.9952217683E-01    1.0090520417E-01   -1.9553646011E+00    7.1596479403E-02
    5.2799980003E-02    9.9718860921E-01    1.0059960638E-01   -1.9658985080E+00    7.1596502365E-02
    5.2839980003E-02    9.9477772740E-01    1.0025548346E-01   -1.9767285194E+00    7.1596519434E-02
    5.2879980003E-02    9.9228872818E-01    9.9869967006E-02   -1.9878558897E+00    7.1596530715E-02
    5.2919980003E-02    9.8972087266E-01    9.9440060777E-02   -1.9992818628E+00    7.1596536365E-02
    5.2959980003E-02    9.8707349652E-01    9.8962639768E-02   -2.0110076702E+00    7.1596536608E-02
    5.2999980003E-02    9.8434602092E-01    9.8434449883E-02   -2.0230345306E+00    7.1596531733E-02
    5.3039980003E-02    9.8153796381E-01    9.7852108292E-02   -2.0353636494E+00    7.1596522105E-02
    5.3079980003E-02    9.7864895180E-01    9.7212104533E-02   -2.0479962199E+00    7.1596508167E-02
    5.3119980003E-02    9.7567873242E-01    9.6510802435E-02   -2.0609334240E+00    7.1596490448E-02
    5.3159980004E-02    9.7262718679E-01    9.5744442924E-02   -2.0741764348E+00    7.1596469561E-02
    5.3199980004E-02    9.6949434252E-01    9.4909147794E-02   -2.0877264189E+00    7.1596446211E-02
    5.3239980004E-02    9.6628038697E-01    9.4000924497E-02   -2.1015845404E+00    7.1596421190E-02
    5.3279980004E-02    9.6298568048E-01    9.3015672021E-02   -2.1157519644E+00    7.1596395380E-02
    5.3319980004E-02    9.5961076983E-01    9.1949187908E-02   -2.1302298624E+00    7.1596369742E-02
    5.3359980004E-02    9.5615640148E-01    9.0797176469E-02   -2.1450194161E+00    7.1596345319E-02
    5.3399980004E-02    9.5262353484E-01    8.9555258240E-02   -2.1601218235E+00    7.1596323219E-02
    5.3439980004E-02    9.4901335507E-01    8.8218980722E-02   -2.1755383025E+00    7.1596304603E-02
    5.3479980004E-02    9.4532728570E-01    8.6783830439E-02   -2.1912700961E+00    7.1596290677E-02
    5.3519980004E-02    9.4156700058E-01    8.5245246339E-02   -2.2073184750E+00    7.1596282663E-02
    5.3559980004E-02    9.3773443533E-01    8.3598634561E-02   -2.2236847404E+00    7.1596281784E-02
    5.3599980004E-02    9.3383179797E-01    8.1839384577E-02   -2.2403702237E+00    7.1596289241E-02
    5.3639980004E-02    9.2986157868E-01    7.9962886706E-02   -2.2573762855E+00    7.1596306179E-02
    5.3679980004E-02    9.2582655853E-01    7.7964550989E-02   -2.2747043111E+00    7.1596333667E-02
    5.3719980004E-02    9.2172981701E-01    7.5839827389E-02   -2.2923557037E+00    7.1596372662E-02
    5.3759980004E-02    9.1757473828E-01    7.3584227269E-02   -2.3103318748E+00    7.1596423983E-02
    5.3799980004E-02    9.1336501584E-01    7.1193346070E-02   -2.3286342304E+00    7.1596488276E-02
    5.3839980004E-02    9.0910465561E-01    6.8662887067E-02   -2.3472641551E+00    7.1596565994E-02
    5.3879980004E-02    9.0479797711E-01    6.5988686070E-02   -2.3662229918E+00    7.1596657366E-02
    5.3919980004E-02    9.0044961267E-01    6.3166736860E-02   -2.3855120193E+00    7.1596762376E-02
    5.3959980004E-02    8.9606450441E-01    6.0193217122E-02   -2.4051324267E+00    7.1596880755E-02
    5.3999980004E-02    8.9164789904E-01    5.7064514569E-02   -2.4250852862E+00    7.1597011966E-02
    5.4039980004E-02    8.8720534004E-01    5.3777252899E-02   -2.4453715245E+00    7.1597155210E-02
    5.4079980004E-02    8.8274265757E-01    5.0328317162E-02   -2.4659918942E+00    7.1597309434E-02
    5.4119980004E-02    8.7826595574E-01    4.6714878081E-02   -2.4869469453E+00    7.1597473353E-02
    5.4159980004E-02    8.7378159764E-01    4.2934414806E-02   -2.5082370000E+00    7.1597645485E-02
    5.4199980004E-02    8.6929618802E-01    3.8984735585E-02   -2.5298621296E+00    7.1597824194E-02
    5.4239980004E-02    8.6481655415E-01    3.4863995826E-02   -2.5518221362E+00    7.1598007747E-02
    5.4279980004E-02    8.6034972511E-01    3.0570713044E-02   -2.5741165400E+00    7.1598194378E-02
    5.4319980004E-02    8.5590291010E-01    2.6103778294E-02   -2.5967445733E+00    7.1598382367E-02
    5.4359980004E-02    8.5148347630E-01    2.1462463735E-02   -2.6197051804E+00    7.1598570117E-02
    5.4399980004E-02    8.4709892713E-01    1.6646426190E-02   -2.6429970254E+00    7.1598756239E-02
    5.4439980004E-02    8.4275688146E-01    1.1655706654E-02   -2.6666185069E+00    7.1598939632E-02
    5.4479980004E-02    8.3846505476E-01    6.4907260014E-03   -2.6905677784E+00    7.1599119564E-02
    5.4519980004E-02    8.3423124268E-01    1.1522772850E-03   -2.7148427732E+00    7.1599295731E-02
    5.4559980004E-02    8.3006330787E-01   -4.3584847034E-03   -2.7394412333E+00    7.1599468311E-02
    5.4599980004E-02    8.2596917050E-01   -1.0040055753E-02   -2.7643607376E+00    7.1599637991E-02
    5.4639980004E-02    8.2195680261E-01   -1.5890595396E-02   -2.7895987298E+00    7.1599805970E-02
    5.4679980004E-02    8.1803422644E-01   -2.1907939743E-02   -2.8151525404E+00    7.1599973936E-02
    5.4719980004E-02    8.1420951635E-01   -2.8089612775E-02   -2.8410194018E+00    7.1600144012E-02
    5.4759980004E-02    8.1049080374E-01   -3.4432834909E-02   -2.8671964537E+00    7.1600318672E-02
    5.4799980004E-02    8.0688628400E-01   -4.0934527752E-02   -2.8936807355E+00    7.1600500628E-02
    5.4839980004E-02    8.0340422411E-01   -4.7591314224E-02   -2.9204691660E+00    7.1600692697E-02
    5.4879980004E-02    8.0005296954E-01   -5.4399513495E-02   -2.9475585072E+00    7.1600897637E-02
    5.4919980004E-02    7.9684094852E-01   -6.1355130619E-02   -2.9749453158E+00    7.1601117989E-02
    5.4959980004E-02    7.9377667192E-01   -6.8453841153E-02   -3.0026258803E+00    7.1601355898E-02
    5.4999980004E-02    7.9086872693E-01   -7.5690971564E-02   -3.0305961485E+00    7.1601612953E-02
    5.5039980004E-02    7.8812576288E-01   -8.3061476663E-02   -3.0588516493E+00    7.1601890043E-02
    5.5079980004E-02    7.8555646786E-01   -9.0559915734E-02   -3.0873874107E+00    7.1602187236E-02
    5.5119980004E-02    7.8316953532E-01   -9.8180429330E-02   -3.1161978823E+00    7.1602503698E-02
    5.5159980004E-02    7.8097362028E-01   -1.0591671889E-01   -3.1452768655E+00    7.1602837662E-02
    5.5199980004E-02    7.7897728565E-01   -1.1376203134E-01   -3.1746174580E+00    7.1603186439E-02
    5.5239980004E-02    7.7718893970E-01   -1.2170915062E-01   -3.2042120157E+00    7.1603546483E-02
    5.5279980004E-02    7.7561676662E-01   -1.2975039777E-01   -3.2340521376E+00    7.1603913516E-02
    5.5319980004E-02    7.7426865247E-01   -1.3787764057E-01   -3.2641286734E+00    7.1604282679E-02
    5.5359980004E-02    7.7315210960E-01   -1.4608231310E-01   -3.2944317564E+00    7.1604648736E-02
    5.5399980004E-02    7.7227420257E-01   -1.5435544475E-01   -3.3249508582E+00    7.1605006291E-02
    5.5439980004E-02    7.7164147867E-01   -1.6268769764E-01   -3.3556748626E+00    7.1605350020E-02
    5.5479980004E-02    7.7125990602E-01   -1.7106941042E-01   -3.3865921541E+00    7.1605674890E-02
    5.5519980004E-02    7.7113482131E-01   -1.7949064625E-01   -3.4176907142E+00    7.1605976367E-02
    5.5559980004E-02    7.7127088893E-01   -1.8794124232E-01   -3.4489582185E+00    7.1606250580E-02
    5.5599980004E-02    7.7167207201E-01   -1.9641085825E-01   -3.4803821295E+00    7.1606494454E-02
    5.5639980004E-02    7.7234161542E-01   -2.0488902094E-01   -3.5119497775E+00    7.1606705785E-02
    5.5679980004E-02    7.7328203955E-01   -2.1336516410E-01   -3.5436484267E+00    7.1606883266E-02
    5.5719980004E-02    7.7449514362E-01   -2.2182866108E-01   -3.5754653220E+00    7.1607026463E-02
    5.5759980004E-02    7.7598201632E-01   -2.3026885061E-01   -3.6073877183E+00    7.1607135751E-02
    5.5799980004E-02    7.7774305188E-01   -2.3867505565E-01   -3.6394028905E+00    7.1607212208E-02
    5.5839980004E-02    7.7977796961E-01   -2.4703659642E-01   -3.6714981302E+00    7.1607257486E-02
    5.5879980004E-02    7.8208583508E-01   -2.5534279899E-01   -3.7036607313E+00    7.1607273670E-02
    5.5919980004E-02    7.8466508182E-01   -2.6358300134E-01   -3.7358779708E+00    7.1607263135E-02
    5.5959980004E-02    7.8751353260E-01   -2.7174655871E-01   -3.7681370905E+00    7.1607228411E-02
    5.5999980004E-02    7.9062842005E-01   -2.7982285025E-01   -3.8004252827E+00    7.1607172070E-02
    5.6039980004E-02    7.9400640662E-01   -2.8780128812E-01   -3.8327296869E+00    7.1607096638E-02
    5.6079980004E-02    7.9764360409E-01   -2.9567133044E-01   -3.8650373968E+00    7.1607004543E-02
    5.6119980004E-02    8.0153559316E-01   -3.0342249822E-01   -3.8973354809E+00    7.1606898084E-02
    5.6159980004E-02    8.0567744355E-01   -3.1104439662E-01   -3.9296110152E+00    7.1606779448E-02
    5.6199980004E-02    8.1006373490E-01   -3.1852673967E-01   -3.9618511255E+00    7.1606650738E-02
    5.6239980004E-02    8.1468857872E-01   -3.2585937793E-01   -3.9940430374E+00    7.1606514023E-02
    5.6279980004E-02    8.1954564142E-01   -3.3303232775E-01   -4.0261741296E+00    7.1606371403E-02
    5.6319980004E-02    8.2462816829E-01   -3.4003580114E-01   -4.0582319870E+00    7.1606225074E-02
    5.6359980004E-02    8.2992900825E-01   -3.4686023509E-01   -4.0902044496E+00    7.1606077377E-02
    5.6399980004E-02    8.3544063892E-01   -3.5349631933E-01   -4.1220796563E+00    7.1605930848E-02
    5.6439980004E-02    8.4115519183E-01   -3.5993502187E-01   -4.1538460801E+00    7.1605788243E-02
    5.6479980004E-02    8.4706447742E-01   -3.6616761185E-01   -4.1854925543E+00    7.1605652541E-02
    5.6519980004E-02    8.5316000947E-01   -3.7218567930E-01   -4.2170082911E+00    7.1605526939E-02
    5.6559980004E-02    8.5943302873E-01   -3.7798115204E-01   -4.2483828913E+00    7.1605414821E-02
    5.6599980004E-02    8.6587452556E-01   -3.8354630968E-01   -4.2796063492E+00    7.1605319724E-02
    5.6639980004E-02    8.7247526127E-01   -3.8887379521E-01   -4.3106690506E+00    7.1605245292E-02
    5.6679980004E-02    8.7922578793E-01   -3.9395662455E-01   -4.3415617691E+00    7.1605195234E-02
    5.6719980004E-02    8.8611646643E-01   -3.9878819461E-01   -4.3722756589E+00    7.1605173279E-02
    5.6759980004E-02    8.9313748256E-01   -4.0336229059E-01   -4.4028022462E+00    7.1605183146E-02
    5.6799980004E-02    9.0027886090E-01   -4.0767309301E-01   -4.4331334194E+00    7.1605228517E-02
    5.6839980004E-02    9.0753047648E-01   -4.1171518538E-01   -4.4632614179E+00    7.1605313020E-02
    5.6879980004E-02    9.1488206427E-01   -4.1548356300E-01   -4.4931788187E+00    7.1605440228E-02
    5.6919980004E-02    9.2232322676E-01   -4.1897364378E-01   -4.5228785213E+00    7.1605613662E-02
    5.6959980004E-02    9.2984344005E-01   -4.2218128153E-01   -4.5523537291E+00    7.1605836803E-02
    5.6999980004E-02    9.3743205922E-01   -4.2510278224E-01   -4.5815979270E+00    7.1606113116E-02
    5.7039980004E-02    9.4507832376E-01   -4.2773492379E-01   -4.6106048558E+00    7.1606446066E-02
    5.7079980004E-02    9.5277136424E-01   -4.3007497906E-01   -4.6393684816E+00    7.1606839149E-02
    5.7119980004E-02    9.6050021137E-01   -4.3212074254E-01   -4.6678829628E+00    7.1607295910E-02
    5.7159980004E-02    9.6825380861E-01   -4.3387055985E-01   -4.6961426126E+00    7.1607819961E-02
    5.7199980004E-02    9.7602102963E-01   -4.3532335971E-01   -4.7241418611E+00    7.1608414996E-02
    5.7239980004E-02    9.8379070157E-01   -4.3647868729E-01   -4.7518752161E+00    7.1609084788E-02
    5.7279980004E-02    9.9155163488E-01   -4.3733673789E-01   -4.7793372259E+00    7.1609833173E-02
    5.7319980004E-02    9.9929266041E-01   -4.3789838930E-01   -4.8065224455E+00    7.1610664029E-02
    5.7359980004E-02    1.0070026736E+00   -4.3816523153E-01   -4.8334254089E+00    7.1611581220E-02
    5.7399980004E-02    1.0146706858E+00   -4.3813959191E-01   -4.8600406091E+00    7.1612588539E-02
    5.7439980004E-02    1.0222858815E+00   -4.3782455410E-01   -4.8863624885E+00    7.1613689625E-02
    5.7479980004E-02    1.0298376807E+00   -4.3722396925E-01   -4.9123854399E+00    7.1614887869E-02
    5.7519980004E-02    1.0373158047E+00   -4.3634245794E-01   -4.9381038206E+00    7.1616186313E-02
    5.7559980004E-02    1.0447103425E+00   -4.3518540194E-01   -4.9635119788E+00    7.1617587549E-02
    5.7599980004E-02    1.0520118175E+00   -4.3375892496E-01   -4.9886042914E+00    7.1619093623E-02
    5.7639980004E-02    1.0592112500E+00   -4.3206986252E-01   -5.0133752119E+00    7.1620705949E-02
    5.7679980004E-02    1.0663002149E+00   -4.3012572102E-01   -5.0378193261E+00    7.1622425256E-02
    5.7719980004E-02    1.0732708911E+00   -4.2793462736E-01   -5.0619314120E+00    7.1624251551E-02
    5.7759980004E-02    1.0801161028E+00   -4.2550527009E-01   -5.0857064996E+00    7.1626184122E-02
    5.7799980004E-02    1.0868293491E+00   -4.2284683442E-01   -5.1091399292E+00    7.1628221563E-02
    5.7839980004E-02    1.0934048238E+00   -4.1996893271E-01   -5.1322274010E+00    7.1630361839E-02
    5.7879980004E-02    1.0998374221E+00   -4.1688153302E-01   -5.1549650166E+00    7.1632602370E-02
    5.7919980004E-02    1.1061227380E+00   -4.1359488777E-01   -5.1773493075E+00    7.1634940128E-02
    5.7959980004E-02    1.1122570505E+00   -4.1011946445E-01   -5.1993772503E+00    7.1637371753E-02
    5.7999980004E-02    1.1182373016E+00   -4.0646588040E-01   -5.2210462686E+00    7.1639893664E-02
    5.8039980004E-02    1.1240610664E+00   -4.0264484270E-01   -5.2423542211E+00    7.1642502165E-02
    5.8079980004E-02    1.1297265185E+00   -3.9866709450E-01   -5.2632993784E+00    7.1645193536E-02
    5.8119980004E-02    1.1352323903E+00   -3.9454336818E-01   -5.2838803908E+00    7.1647964113E-02
    5.8159980004E-02    1.1405779320E+00   -3.9028434553E-01   -5.3040962478E+00    7.1650810339E-02
    5.8199980004E-02    1.1457628696E+00   -3.8590062500E-01   -5.3239462348E+00    7.1653728803E-02
    5.8239980004E-02    1.1507873628E+00   -3.8140269535E-01   -5.3434298876E+00    7.1656716258E-02
    5.8279980004E-02    1.1556519650E+00   -3.7680091531E-01   -5.3625469470E+00    7.1659769614E-02
    5.8319980004E-02    1.1603575849E+00   -3.7210549826E-01   -5.3812973175E+00    7.1662885935E-02
    5.8359980004E-02    1.1649054513E+00   -3.6732650131E-01   -5.3996810292E+00    7.1666062410E-02
    5.8399980004E-02    1.1692970804E+00   -3.6247381777E-01   -5.4176982054E+00    7.1669296330E-02
    5.8439980004E-02    1.1735342459E+00   -3.5755717225E-01   -5.4353490362E+00    7.1672585058E-02
    5.8479980004E-02    1.1776189523E+00   -3.5258611763E-01   -5.4526337573E+00    7.1675926005E-02
    5.8519980004E-02    1.1815534109E+00   -3.4757003328E-01   -5.4695526354E+00    7.1679316605E-02
    5.8559980004E-02    1.1853400175E+00   -3.4251812392E-01   -5.4861059577E+00    7.1682754300E-02
    5.8599980004E-02    1.1889813330E+00   -3.3743941867E-01   -5.5022940259E+00    7.1686236530E-02
    5.8639980004E-02    1.1924800651E+00   -3.3234277014E-01   -5.5181171541E+00    7.1689760729E-02
    5.8679980004E-02    1.1958390516E+00   -3.2723685309E-01   -5.5335756685E+00    7.1693324323E-02
    5.8719980004E-02    1.1990612446E+00   -3.2213016273E-01   -5.5486699093E+00    7.1696924744E-02
    5.8759980004E-02    1.2021496963E+00   -3.1703101253E-01   -5.5634002335E+00    7.1700559432E-02
    5.8799980004E-02    1.2051075443E+00   -3.1194753154E-01   -5.5777670182E+00    7.1704225851E-02
    5.8839980004E-02    1.2079379984E+00   -3.0688766130E-01   -5.5917706638E+00    7.1707921503E-02
    5.8879980004E-02    1.2106443274E+00   -3.0185915239E-01   -5.6054115969E+00    7.1711643940E-02
    5.8919980004E-02    1.2132298465E+00   -2.9686956072E-01   -5.6186902721E+00    7.1715390776E-02
    5.8959980004E-02    1.2156979048E+00   -2.9192624369E-01   -5.6316071747E+00    7.1719159699E-02
    5.8999980004E-02    1.2180518734E+00   -2.8703635621E-01   -5.6441628209E+00    7.1722948477E-02
    5.9039980004E-02    1.2202951337E+00   -2.8220684679E-01   -5.6563577584E+00    7.1726754963E-02
    5.9079980004E-02    1.2224310662E+00   -2.7744445370E-01   -5.6681925670E+00    7.1730577105E-02
    5.9119980004E-02    1.2244630397E+00   -2.7275570129E-01   -5.6796678575E+00    7.1734412940E-02
    5.9159980005E-02    1.2263944010E+00   -2.6814689653E-01   -5.6907842717E+00    7.1738260600E-02
    5.9199980005E-02    1.2282284654E+00   -2.6362412578E-01   -5.7015424813E+00    7.1742118308E-02
    5.9239980005E-02    1.2299685068E+00   -2.5919325191E-01   -5.7119431871E+00    7.1745984377E-02
    5.9279980005E-02    1.2316177498E+00   -2.5485991180E-01   -5.7219871184E+00    7.1749857207E-02
    5.9319980005E-02    1.2331793612E+00   -2.5062951416E-01   -5.7316750314E+00    7.1753735287E-02
    5.9359980005E-02    1.2346564427E+00   -2.4650723791E-01   -5.7410077087E+00    7.1757617187E-02
    5.9399980005E-02    1.2360520236E+00   -2.4249803097E-01   -5.7499859581E+00    7.1761501563E-02
    5.9439980005E-02    1.2373690553E+00   -2.3860660960E-01   -5.7586106109E+00    7.1765387153E-02
    5.9479980005E-02    1.2386104045E+00   -2.3483745836E-01   -5.7668825208E+00    7.1769272780E-02
    5.9519980005E-02    1.2397788489E+00   -2.3119483064E-01   -5.7748025618E+00    7.1773157352E-02
    5.9559980005E-02    1.2408770721E+00   -2.2768274984E-01   -5.7823716260E+00    7.1777039866E-02
    5.9599980005E-02    1.2419076594E+00   -2.2430501122E-01   -5.7895906211E+00    7.1780919406E-02
    5.9639980005E-02    1.2428730942E+00   -2.2106518441E-01   -5.7964604670E+00    7.1784795154E-02
    5.9679980005E-02    1.2437757547E+00   -2.1796661655E-01   -5.8029820924E+00    7.1788666382E-02
    5.9719980005E-02    1.2446179113E+00   -2.1501243614E-01   -5.8091564311E+00    7.1792532468E-02
    5.9759980005E-02    1.2454017237E+00   -2.1220555738E-01   -5.8149844166E+00    7.1796392886E-02
    5.9799980005E-02    1.2461292391E+00   -2.0954868521E-01   -5.8204669778E+00    7.1800247216E-02
    5.9839980005E-02    1.2468023905E+00   -2.0704432070E-01   -5.8256050334E+00    7.1804095145E-02
    5.9879980005E-02    1.2474229951E+00   -2.0469476696E-01   -5.8303994862E+00    7.1807936464E-02
    5.9919980005E-02    1.2479927531E+00   -2.0250213533E-01   -5.8348512171E+00    7.1811771068E-02
    5.9959980005E-02    1.2485132469E+00   -2.0046835180E-01   -5.8389610787E+00    7.1815598961E-02
    5.9999980005E-02    1.2489859401E+00   -1.9859516362E-01   -5.8427298896E+00    7.1819420244E-02
    6.0039980005E-02    1.2494121772E+00   -1.9688414587E-01   -5.8461584277E+00    7.1823235119E-02
    6.0079980005E-02    1.2497931832E+00   -1.9533670802E-01   -5.8492474244E+00    7.1827043883E-02
    6.0119980005E-02    1.2501300631E+00   -1.9395410027E-01   -5.8519975582E+00    7.1830846919E-02
    6.0159980005E-02    1.2504238016E+00   -1.9273741961E-01   -5.8544094497E+00    7.1834644696E-02
    6.0199980005E-02    1.2506752638E+00   -1.9168761552E-01   -5.8564836558E+00    7.1838437755E-02
    6.0239980005E-02    1.2508851940E+00   -1.9080549516E-01   -5.8582206653E+00    7.1842226705E-02
    6.0279980005E-02    1.2510542169E+00   -1.9009172807E-01   -5.8596208942E+00    7.1846012214E-02
    6.0319980005E-02    1.2511828367E+00   -1.8954685017E-01   -5.8606846825E+00    7.1849795000E-02
    6.0359980005E-02    1.2512714375E+00   -1.8917126710E-01   -5.8614122906E+00    7.1853575818E-02
    6.0399980005E-02    1.2513202837E+00   -1.8896525679E-01   -5.8618038974E+00    7.1857355453E-02
    6.0439980005E-02    1.2513295194E+00   -1.8892897133E-01   -5.8618595984E+00    7.1861134710E-02
    6.0479980005E-02    1.2512991687E+00   -1.8906243787E-01   -5.8615794050E+00    7.1864914401E-02
    6.0519980005E-02    1.2512291359E+00   -1.8936555884E-01   -5.8609632439E+00    7.1868695334E-02
    6.0559980005E-02    1.2511192052E+00   -1.8983811126E-01   -5.8600109583E+00    7.1872478305E-02
    6.0599980005E-02    1.2509690409E+00   -1.9047974523E-01   -5.8587223090E+00    7.1876264085E-02
    6.0639980005E-02    1.2507781870E+00   -1.9128998165E-01   -5.8570969762E+00    7.1880053410E-02
    6.0679980005E-02    1.2505460674E+00   -1.9226820914E-01   -5.8551345627E+00    7.1883846973E-02
    6.0719980005E-02    1.2502719861E+00   -1.9341368030E-01   -5.8528345972E+00    7.1887645412E-02
    6.0759980005E-02    1.2499551267E+00   -1.9472550721E-01   -5.8501965383E+00    7.1891449301E-02
    6.0799980005E-02    1.2495945524E+00   -1.9620265648E-01   -5.8472197793E+00    7.1895259144E-02
    6.0839980005E-02    1.2491892066E+00   -1.9784394368E-01   -5.8439036531E+00    7.1899075366E-02
    6.0879980005E-02    1.2487379126E+00   -1.9964802738E-01   -5.8402474376E+00    7.1902898304E-02
    6.0919980005E-02    1.2482393739E+00   -2.0161340289E-01   -5.8362503619E+00    7.1906728207E-02
    6.0959980005E-02    1.2476921746E+00   -2.0373839577E-01   -5.8319116121E+00    7.1910565224E-02
    6.0999980005E-02    1.2470947800E+00   -2.0602115521E-01   -5.8272303377E+00    7.1914409406E-02
    6.1039980005E-02    1.2464455369E+00   -2.0845964737E-01   -5.8222056574E+00    7.1918260700E-02
    6.1079980005E-02    1.2457426751E+00   -2.1105164889E-01   -5.8168366660E+00    7.1922118948E-02
    6.1119980005E-02    1.2449843078E+00   -2.1379474049E-01   -5.8111224400E+00    7.1925983887E-02
    6.1159980005E-02    1.2441684334E+00   -2.1668630101E-01   -5.8050620435E+00    7.1929855149E-02
    6.1199980005E-02    1.2432929372E+00   -2.1972350163E-01   -5.7986545339E+00    7.1933732259E-02
    6.1239980005E-02    1.2423555930E+00   -2.2290330075E-01   -5.7918989669E+00    7.1937614644E-02
    6.1279980005E-02    1.2413540658E+00   -2.2622243929E-01   -5.7847944013E+00    7.1941501627E-02
    6.1319980005E-02    1.2402859141E+00   -2.2967743659E-01   -5.7773399032E+00    7.1945392436E-02
    6.1359980005E-02    1.2391485934E+00   -2.3326458694E-01   -5.7695345500E+00    7.1949286203E-02
    6.1399980005E-02    1.2379394596E+00   -2.3697995678E-01   -5.7613774333E+00    7.1953181971E-02
    6.1439980005E-02    1.2366557727E+00   -2.4081938254E-01   -5.7528676621E+00    7.1957078693E-02
    6.1479980005E-02    1.2352947020E+00   -2.4477846914E-01   -5.7440043649E+00    7.1960975235E-02
    6.1519980005E-02    1.2338533303E+00   -2.4885258920E-01   -5.7347866918E+00    7.1964870381E-02
    6.1559980005E-02    1.2323286602E+00   -2.5303688273E-01   -5.7252138159E+00    7.1968762829E-02
    6.1599980005E-02    1.2307176196E+00   -2.5732625760E-01   -5.7152849352E+00    7.1972651194E-02
    6.1639980005E-02    1.2290170689E+00   -2.6171539042E-01   -5.7049992731E+00    7.1976534008E-02
    6.1679980005E-02    1.2272238080E+00   -2.6619872803E-01   -5.6943560801E+00    7.1980409717E-02
    6.1719980005E-02    1.2253345845E+00   -2.7077048936E-01   -5.6833546342E+00    7.1984276680E-02
    6.1759980005E-02    1.2233461016E+00   -2.7542466786E-01   -5.6719942422E+00    7.1988133164E-02
    6.1799980005E-02    1.2212550278E+00   -2.8015503417E-01   -5.6602742404E+00    7.1991977348E-02
    6.1839980005E-02    1.2190580062E+00   -2.8495513921E-01   -5.6481939954E+00    7.1995807316E-02
    6.1879980005E-02    1.2167516645E+00   -2.8981831756E-01   -5.6357529048E+00    7.1999621060E-02
    6.1919980005E-02    1.2143326261E+00   -2.9473769109E-01   -5.6229503976E+00    7.2003416478E-02
    6.1959980005E-02    1.2117975207E+00   -2.9970617275E-01   -5.6097859344E+00    7.2007191380E-02
    6.1999980005E-02    1.2091429963E+00   -3.0471647055E-01   -5.5962590069E+00    7.2010943489E-02
    6.2039980005E-02    1.2063657307E+00   -3.0976109152E-01   -5.5823691374E+00    7.2014670454E-02
    6.2079980005E-02    1.2034624442E+00   -3.1483234575E-01   -5.5681158774E+00    7.2018369853E-02
    6.2119980005E-02    1.2004299121E+00   -3.1992235021E-01   -5.5534988052E+00    7.2022039209E-02
    6.2159980005E-02    1.1972649776E+00   -3.2502303243E-01   -5.5385175237E+00    7.2025676001E-02
    6.2199980005E-02    1.1939645651E+00   -3.3012613385E-01   -5.5231716572E+00    7.2029277677E-02
    6.2239980005E-02    1.1905256947E+00   -3.3522321280E-01   -5.5074608484E+00    7.2032841668E-02
    6.2279980005E-02    1.1869454961E+00   -3.4030564699E-01   -5.4913847552E+00    7.2036365395E-02
    6.2319980005E-02    1.1832212241E+00   -3.4536463554E-01   -5.4749430486E+00    7.2039846283E-02
    6.2359980005E-02    1.1793502749E+00   -3.5039120058E-01   -5.4581354125E+00    7.2043281760E-02
    6.2399980005E-02    1.1753302039E+00   -3.5537618840E-01   -5.4409615446E+00    7.2046669256E-02
    6.2439980005E-02    1.1711587444E+00   -3.6031027053E-01   -5.4234211616E+00    7.2050006196E-02
    6.2479980005E-02    1.1668338289E+00   -3.6518394482E-01   -5.4055140075E+00    7.2053289984E-02
    6.2519980005E-02    1.1623536123E+00   -3.6998753703E-01   -5.3872398671E+00    7.2056517983E-02
    6.2559980005E-02    1.1577164976E+00   -3.7471120345E-01   -5.3685985849E+00    7.2059687493E-02
    6.2599980005E-02    1.1529211645E+00   -3.7934493505E-01   -5.3495900895E+00    7.2062795717E-02
    6.2639980005E-02    1.1479666007E+00   -3.8387856403E-01   -5.3302144241E+00    7.2065839739E-02
    6.2679980005E-02    1.1428521364E+00   -3.8830177346E-01   -5.3104717830E+00    7.2068816498E-02
    6.2719980005E-02    1.1375774810E+00   -3.9260411091E-01   -5.2903625516E+00    7.2071722769E-02
    6.2759980005E-02    1.1321427629E+00   -3.9677500694E-01   -5.2698873515E+00    7.2074555163E-02
    6.2799980005E-02    1.1265485705E+00   -4.0080379917E-01   -5.2490470855E+00    7.2077310130E-02
    6.2839980005E-02    1.1207959941E+00   -4.0467976276E-01   -5.2278429834E+00    7.2079983994E-02
    6.2879980005E-02    1.1148866675E+00   -4.0839214766E-01   -5.2062766434E+00    7.2082572998E-02
    6.2919980005E-02    1.1088228082E+00   -4.1193022297E-01   -5.1843500680E+00    7.2085073371E-02
    6.2959980005E-02    1.1026072540E+00   -4.1528332826E-01   -5.1620656917E+00    7.2087481419E-02
    6.2999980005E-02    1.0962434949E+00   -4.1844093151E-01   -5.1394263967E+00    7.2089793625E-02
    6.3039980005E-02    1.0897356981E+00   -4.2139269271E-01   -5.1164355169E+00    7.2092006761E-02
    6.3079980005E-02    1.0830887250E+00   -4.2412853188E-01   -5.0930968278E+00    7.2094117997E-02
    6.3119980005E-02    1.0763081385E+00   -4.2663869995E-01   -5.0694145221E+00    7.2096125016E-02
    6.3159980005E-02    1.0694001997E+00   -4.2891385049E-01   -5.0453931736E+00    7.2098026096E-02
    6.3199980005E-02    1.0623718536E+00   -4.3094511009E-01   -5.0210376894E+00    7.2099820189E-02
    6.3239980005E-02    1.0552307026E+00   -4.3272414530E-01   -4.9963532542E+00    7.2101506957E-02
    6.3279980005E-02    1.0479849709E+00   -4.3424322389E-01   -4.9713452703E+00    7.2103086786E-02
    6.3319980005E-02    1.0406434572E+00   -4.3549526843E-01   -4.9460192964E+00    7.2104560764E-02
    6.3359980005E-02    1.0332154809E+00   -4.3647390081E-01   -4.9203809901E+00    7.2105930632E-02
    6.3399980005E-02    1.0257108207E+00   -4.3717347632E-01   -4.8944360555E+00    7.2107198708E-02
    6.3439980005E-02    1.0181396504E+00   -4.3758910694E-01   -4.8681902015E+00    7.2108367798E-02
    6.3479980005E-02    1.0105124716E+00   -4.3771667359E-01   -4.8416491105E+00    7.2109441095E-02
    6.3519980005E-02    1.0028400480E+00   -4.3755282791E-01   -4.8148184196E+00    7.2110422073E-02
    6.3559980005E-02    9.9513334128E-01   -4.3709498454E-01   -4.7877037144E+00    7.2111314396E-02
    6.3599980005E-02    9.8740345202E-01   -4.3634130499E-01   -4.7603105355E+00    7.2112121829E-02
    6.3639980005E-02    9.7966156562E-01   -4.3529067484E-01   -4.7326443945E+00    7.2112848171E-02
    6.3679980005E-02    9.7191890516E-01   -4.3394267588E-01   -4.7047107998E+00    7.2113497202E-02
    6.3719980005E-02    9.6418669126E-01   -4.3229755475E-01   -4.6765152889E+00    7.2114072652E-02
    6.3759980005E-02    9.5647610892E-01   -4.3035618991E-01   -4.6480634650E+00    7.2114578180E-02
    6.3799980005E-02    9.4879828128E-01   -4.2812005830E-01   -4.6193610365E+00    7.2115017371E-02
    6.3839980005E-02    9.4116424929E-01   -4.2559120296E-01   -4.5904138557E+00    7.2115393749E-02
    6.3879980005E-02    9.3358495662E-01   -4.2277220264E-01   -4.5612279578E+00    7.2115710788E-02
    6.3919980005E-02    9.2607123856E-01   -4.1966614412E-01   -4.5318095956E+00    7.2115971932E-02
    6.3959980005E-02    9.1863381371E-01   -4.1627659779E-01   -4.5021652717E+00    7.2116180626E-02
    6.3999980005E-02    9.1128327731E-01   -4.1260759649E-01   -4.4723017662E+00    7.2116340329E-02
    6.4039980005E-02    9.0403009522E-01   -4.0866361778E-01   -4.4422261602E+00    7.2116454538E-02
    6.4079980005E-02    8.9688459735E-01   -4.0444956919E-01   -4.4119458555E+00    7.2116526802E-02
    6.4119980005E-02    8.8985697009E-01   -3.9997077615E-01   -4.3814685907E+00    7.2116560722E-02
    6.4159980005E-02    8.8295724693E-01   -3.9523297193E-01   -4.3508024545E+00    7.2116559953E-02
    6.4199980005E-02    8.7619529724E-01   -3.9024228904E-01   -4.3199558966E+00    7.2116528186E-02
    6.4239980005E-02    8.6958081277E-01   -3.8500525132E-01   -4.2889377373E+00    7.2116469128E-02
    6.4279980005E-02    8.6312329220E-01   -3.7952876614E-01   -4.2577571747E+00    7.2116386469E-02
    6.4319980005E-02    8.5683202368E-01   -3.7382011588E-01   -4.2264237910E+00    7.2116283840E-02
    6.4359980005E-02    8.5071606568E-01   -3.6788694830E-01   -4.1949475563E+00    7.2116164771E-02
    6.4399980005E-02    8.4478422637E-01   -3.6173726500E-01   -4.1633388289E+00    7.2116032651E-02
    6.4439980005E-02    8.3904504176E-01   -3.5537940773E-01   -4.1316083520E+00    7.2115890684E-02
    6.4479980005E-02    8.3350675287E-01   -3.4882204196E-01   -4.0997672435E+00    7.2115741871E-02
    6.4519980005E-02    8.2817728214E-01   -3.4207413782E-01   -4.0678269800E+00    7.2115588986E-02
    6.4559980005E-02    8.2306420938E-01   -3.3514494800E-01   -4.0357993721E+00    7.2115434588E-02
    6.4599980005E-02    8.1817474746E-01   -3.2804398312E-01   -4.0036965315E+00    7.2115281042E-02
    6.4639980005E-02    8.1351571805E-01   -3.2078098477E-01   -3.9715308304E+00    7.2115130557E-02
    6.4679980005E-02    8.0909352768E-01   -3.1336589697E-01   -3.9393148544E+00    7.2114985244E-02
    6.4719980005E-02    8.0491414439E-01   -3.0580883683E-01   -3.9070613515E+00    7.2114847176E-02
    6.4759980005E-02    8.0098307521E-01   -2.9812006554E-01   -3.8747831796E+00    7.2114718452E-02
    6.4799980005E-02    7.9730534453E-01   -2.9030996067E-01   -3.8424932567E+00    7.2114601254E-02
    6.4839980005E-02    7.9388547339E-01   -2.8238899100E-01   -3.8102045171E+00    7.2114497882E-02
    6.4879980005E-02    7.9072745939E-01   -2.7436769454E-01   -3.7779298763E+00    7.2114410770E-02
    6.4919980005E-02    7.8783475711E-01   -2.6625666046E-01   -3.7456822075E+00    7.2114342467E-02
    6.4959980005E-02    7.8521025841E-01   -2.5806651507E-01   -3.7134743306E+00    7.2114295592E-02
    6.4999980005E-02    7.8285627241E-01   -2.4980791132E-01   -3.6813190120E+00    7.2114272749E-02
    6.5039980005E-02    7.8077450471E-01   -2.4149152118E-01   -3.6492289750E+00    7.2114276419E-02
    6.5079980005E-02    7.7896603594E-01   -2.3312802936E-01   -3.6172169163E+00    7.2114308827E-02
    6.5119980006E-02    7.7743129982E-01   -2.2472812676E-01   -3.5852955228E+00    7.2114371794E-02
    6.5159980006E-02    7.7617006159E-01   -2.1630250192E-01   -3.5534774865E+00    7.2114466599E-02
    6.5199980006E-02    7.7518139801E-01   -2.0786182847E-01   -3.5217755095E+00    7.2114593838E-02
    6.5239980006E-02    7.7446368038E-01   -1.9941674723E-01   -3.4902022957E+00    7.2114753313E-02
    6.5279980006E-02    7.7401456276E-01   -1.9097784180E-01   -3.4587705267E+00    7.2114943960E-02
    6.5319980006E-02    7.7383097720E-01   -1.8255560732E-01   -3.4274928186E+00    7.2115163812E-02
    6.5359980006E-02    7.7390913797E-01   -1.7416041266E-01   -3.3963816612E+00    7.2115410016E-02
    6.5399980006E-02    7.7424455649E-01   -1.6580245713E-01   -3.3654493416E+00    7.2115678905E-02
    6.5439980006E-02    7.7483206777E-01   -1.5749172347E-01   -3.3347078559E+00    7.2115966117E-02
    6.5479980006E-02    7.7566586880E-01   -1.4923792933E-01   -3.3041688149E+00    7.2116266757E-02
    6.5519980006E-02    7.7673956828E-01   -1.4105047984E-01   -3.2738433495E+00    7.2116575603E-02
    6.5559980006E-02    7.7804624629E-01   -1.3293842379E-01   -3.2437420234E+00    7.2116887324E-02
    6.5599980006E-02    7.7957852168E-01   -1.2491041575E-01   -3.2138747581E+00    7.2117196717E-02
    6.5639980006E-02    7.8132862465E-01   -1.1697468607E-01   -3.1842507762E+00    7.2117498927E-02
    6.5679980006E-02    7.8328847124E-01   -1.0913902006E-01   -3.1548785660E+00    7.2117789655E-02
    6.5719980006E-02    7.8544973685E-01   -1.0141074672E-01   -3.1257658701E+00    7.2118065321E-02
    6.5759980006E-02    7.8780392566E-01   -9.3796737025E-02   -3.0969196975E+00    7.2118323198E-02
    6.5799980006E-02    7.9034243359E-01   -8.6303410637E-02   -3.0683463572E+00    7.2118561477E-02
    6.5839980006E-02    7.9305660280E-01   -7.8936749757E-02   -3.0400515107E+00    7.2118779297E-02
    6.5879980006E-02    7.9593776665E-01   -7.1702318074E-02   -3.0120402390E+00    7.2118976711E-02
    6.5919980006E-02    7.9897728432E-01   -6.4605282803E-02   -2.9843171180E+00    7.2119154612E-02
    6.5959980006E-02    8.0216656564E-01   -5.7650437645E-02   -2.9568862983E+00    7.2119314617E-02
    6.5999980006E-02    8.0549708661E-01   -5.0842224709E-02   -2.9297515834E+00    7.2119458923E-02
    6.6039980006E-02    8.0896039706E-01   -4.4184753690E-02   -2.9029165017E+00    7.2119590140E-02
    6.6079980006E-02    8.1254812189E-01   -3.7681817038E-02   -2.8763843693E+00    7.2119711120E-02
    6.6119980006E-02    8.1625195781E-01   -3.1336900248E-02   -2.8501583399E+00    7.2119824782E-02
    6.6159980006E-02    8.2006366731E-01   -2.5153186942E-02   -2.8242414412E+00    7.2119933955E-02
    6.6199980006E-02    8.2397507167E-01   -1.9133558790E-02   -2.7986365970E+00    7.2120041230E-02
    6.6239980006E-02    8.2797804450E-01   -1.3280590787E-02   -2.7733466345E+00    7.2120148845E-02
    6.6279980006E-02    8.3206450718E-01   -7.5965426772E-03   -2.7483742810E+00    7.2120258595E-02
    6.6319980006E-02    8.3622642722E-01   -2.0833475559E-03   -2.7237221486E+00    7.2120371772E-02
    6.6359980006E-02    8.4045582008E-01    3.2574011518E-03   -2.6993927123E+00    7.2120489135E-02
    6.6399980006E-02    8.4474475500E-01    8.4244631400E-03   -2.6753882828E+00    7.2120610914E-02
    6.6439980006E-02    8.4908536462E-01    1.3416963916E-02   -2.6517109775E+00    7.2120736834E-02
    6.6479980006E-02    8.5346985834E-01    1.8234405685E-02   -2.6283626917E+00    7.2120866160E-02
    6.6519980006E-02    8.5789053894E-01    2.2876675541E-02   -2.6053450728E+00    7.2120997771E-02
    6.6559980006E-02    8.6233982166E-01    2.7344050287E-02   -2.5826594991E+00    7.2121130226E-02
    6.6599980006E-02    8.6681025531E-01    3.1637197430E-02   -2.5603070654E+00    7.2121261857E-02
    6.6639980006E-02    8.7129454442E-01    3.5757172123E-02   -2.5382885738E+00    7.2121390853E-02
    6.6679980006E-02    8.7578557171E-01    3.9705410024E-02   -2.5166045340E+00    7.2121515341E-02
    6.6719980006E-02    8.8027642028E-01    4.3483716241E-02   -2.4952551687E+00    7.2121633469E-02
    6.6759980006E-02    8.8476039481E-01    4.7094250662E-02   -2.4742404268E+00    7.2121743473E-02
    6.6799980006E-02    8.8923104119E-01    5.0539510089E-02   -2.4535600016E+00    7.2121843741E-02
    6.6839980006E-02    8.9368216435E-01    5.3822307660E-02   -2.4332133540E+00    7.2121932857E-02
    6.6879980006E-02    8.9810784379E-01    5.6945750085E-02   -2.4131997393E+00    7.2122009643E-02
    6.6919980006E-02    9.0250244677E-01    5.9913213228E-02   -2.3935182353E+00    7.2122073178E-02
    6.6959980006E-02    9.0686063902E-01    6.2728316545E-02   -2.3741677726E+00    7.2122122818E-02
    6.6999980006E-02    9.1117739289E-01    6.5394896846E-02   -2.3551471634E+00    7.2122158192E-02
    6.7039980006E-02    9.1544799314E-01    6.7916981816E-02   -2.3364551302E+00    7.2122179204E-02
    6.7079980006E-02    9.1966804039E-01    7.0298763664E-02   -2.3180903319E+00    7.2122186012E-02
    6.7119980006E-02    9.2383345228E-01    7.2544573199E-02   -2.3000513872E+00    7.2122179015E-02
    6.7159980006E-02    9.2794046270E-01    7.4658854604E-02   -2.2823368956E+00    7.2122158821E-02
    6.7199980006E-02    9.3198561906E-01    7.6646141110E-02   -2.2649454536E+00    7.2122126226E-02
    6.7239980006E-02    9.3596577792E-01    7.8511031717E-02   -2.2478756693E+00    7.2122082179E-02
    6.7279980006E-02    9.3987809898E-01    8.0258169106E-02   -2.2311261720E+00    7.2122027752E-02
    6.7319980006E-02    9.4372003782E-01    8.1892218801E-02   -2.2146956193E+00    7.2121964108E-02
    6.7359980006E-02    9.4748933728E-01    8.3417849670E-02   -2.1985827012E+00    7.2121892475E-02
    6.7399980006E-02    9.5118401786E-01    8.4839715784E-02   -2.1827861417E+00    7.2121814113E-02
    6.7439980006E-02    9.5480236711E-01    8.6162439672E-02   -2.1673046978E+00    7.2121730289E-02
    6.7479980006E-02    9.5834292822E-01    8.7390596962E-02   -2.1521371572E+00    7.2121642257E-02
    6.7519980006E-02    9.6180448802E-01    8.8528702429E-02   -2.1372823343E+00    7.2121551236E-02
    6.7559980006E-02    9.6518606426E-01    8.9581197415E-02   -2.1227390657E+00    7.2121458390E-02
    6.7599980006E-02    9.6848689264E-01    9.0552438609E-02   -2.1085062049E+00    7.2121364822E-02
    6.7639980006E-02    9.7170641343E-01    9.1446688155E-02   -2.0945826165E+00    7.2121271556E-02
    6.7679980006E-02    9.7484425788E-01    9.2268105052E-02   -2.0809671710E+00    7.2121179532E-02
    6.7719980006E-02    9.7790023464E-01    9.3020737795E-02   -2.0676587398E+00    7.2121089603E-02
    6.7759980006E-02    9.8087431612E-01    9.3708518207E-02   -2.0546561905E+00    7.2121002530E-02
    6.7799980006E-02    9.8376662502E-01    9.4335256416E-02   -2.0419583831E+00    7.2120918984E-02
    6.7839980006E-02    9.8657742103E-01    9.4904636890E-02   -2.0295641666E+00    7.2120839545E-02
    6.7879980006E-02    9.8930708787E-01    9.5420215488E-02   -2.0174723769E+00    7.2120764705E-02
    6.7919980006E-02    9.9195612068E-01    9.5885417438E-02   -2.0056818352E+00    7.2120694878E-02
    6.7959980006E-02    9.9452511384E-01    9.6303536176E-02   -1.9941913470E+00    7.2120630396E-02
    6.7999980006E-02    9.9701474927E-01    9.6677732974E-02   -1.9829997025E+00    7.2120571522E-02
    6.8039980006E-02    9.9942578529E-01    9.7011037269E-02   -1.9721056767E+00    7.2120518453E-02
    6.8079980006E-02    1.0017590460E+00    9.7306347634E-02   -1.9615080313E+00    7.2120471325E-02
    6.8119980006E-02    1.0040154114E+00    9.7566433304E-02   -1.9512055161E+00    7.2120430223E-02
    6.8159980006E-02    1.0061958076E+00    9.7793936193E-02   -1.9411968718E+00    7.2120395185E-02
    6.8199980006E-02    1.0083011987E+00    9.7991373329E-02   -1.9314808320E+00    7.2120366207E-02
    6.8239980006E-02    1.0103325779E+00    9.8161139641E-02   -1.9220561266E+00    7.2120343250E-02
    6.8279980006E-02    1.0122909604E+00    9.8305511044E-02   -1.9129214849E+00    7.2120326246E-02
    6.8319980006E-02    1.0141773762E+00    9.8426647752E-02   -1.9040756389E+00    7.2120315100E-02
    6.8359980006E-02    1.0159928638E+00    9.8526597779E-02   -1.8955173268E+00    7.2120309697E-02
    6.8399980006E-02    1.0177384640E+00    9.8607300562E-02   -1.8872452958E+00    7.2120309903E-02
    6.8439980006E-02    1.0194152153E+00    9.8670590689E-02   -1.8792583062E+00    7.2120315571E-02
    6.8479980006E-02    1.0210241482E+00    9.8718201663E-02   -1.8715551344E+00    7.2120326542E-02
    6.8519980006E-02    1.0225662815E+00    9.8751769685E-02   -1.8641345757E+00    7.2120342651E-02
    6.8559980006E-02    1.0240426179E+00    9.8772837418E-02   -1.8569954480E+00    7.2120363723E-02
    6.8599980006E-02    1.0254541410E+00    9.8782857715E-02   -1.8501365938E+00    7.2120389580E-02
    6.8639980006E-02    1.0268018118E+00    9.8783197266E-02   -1.8435568838E+00    7.2120420040E-02
    6.8679980006E-02    1.0280865658E+00    9.8775140172E-02   -1.8372552186E+00    7.2120454921E-02
    6.8719980006E-02    1.0293093112E+00    9.8759891403E-02   -1.8312305317E+00    7.2120494038E-02
    6.8759980006E-02    1.0304709260E+00    9.8738580152E-02   -1.8254817908E+00    7.2120537204E-02
    6.8799980006E-02    1.0315722567E+00    9.8712263044E-02   -1.8200080006E+00    7.2120584236E-02
    6.8839980006E-02    1.0326141165E+00    9.8681927224E-02   -1.8148082039E+00    7.2120634949E-02
    6.8879980006E-02    1.0335972837E+00    9.8648493288E-02   -1.8098814836E+00    7.2120689159E-02
    6.8919980006E-02    1.0345225006E+00    9.8612818074E-02   -1.8052269638E+00    7.2120746683E-02
    6.8959980006E-02    1.0353904727E+00    9.8575697294E-02   -1.8008438112E+00    7.2120807340E-02
    6.8999980006E-02    1.0362018675E+00    9.8537868013E-02   -1.7967312361E+00    7.2120870949E-02
    6.9039980006E-02    1.0369573141E+00    9.8500010976E-02   -1.7928884935E+00    7.2120937331E-02
    6.9079980006E-02    1.0376574020E+00    9.8462752775E-02   -1.7893148838E+00    7.2121006307E-02
    6.9119980006E-02    1.0383026813E+00    9.8426667861E-02   -1.7860097539E+00    7.2121077700E-02
    6.9159980006E-02    1.0388936620E+00    9.8392280407E-02   -1.7829724972E+00    7.2121151333E-02
    6.9199980006E-02    1.0394308132E+00    9.8360066014E-02   -1.7802025545E+00    7.2121227030E-02
    6.9239980006E-02    1.0399145638E+00    9.8330453269E-02   -1.7776994147E+00    7.2121304616E-02
    6.9279980006E-02    1.0403453013E+00    9.8303825157E-02   -1.7754626148E+00    7.2121383917E-02
    6.9319980006E-02    1.0407233723E+00    9.8280520324E-02   -1.7734917401E+00    7.2121464757E-02
    6.9359980006E-02    1.0410490820E+00    9.8260834201E-02   -1.7717864251E+00    7.2121546962E-02
    6.9399980006E-02    1.0413226942E+00    9.8245019985E-02   -1.7703463532E+00    7.2121630361E-02
    6.9439980006E-02    1.0415444315E+00    9.8233289482E-02   -1.7691712568E+00    7.2121714778E-02
    6.9479980006E-02    1.0417144747E+00    9.8225813815E-02   -1.7682609179E+00    7.2121800041E-02
    6.9519980006E-02    1.0418329633E+00    9.8222723995E-02   -1.7676151678E+00    7.2121885978E-02
    6.9559980006E-02    1.0418999952E+00    9.8224111359E-02   -1.7672338875E+00    7.2121972414E-02
    6.9599980006E-02    1.0419156266E+00    9.8230027879E-02   -1.7671170075E+00    7.2122059178E-02
    6.9639980006E-02    1.0418798724E+00    9.8240486335E-02   -1.7672645079E+00    7.2122146096E-02
    6.9679980006E-02    1.0417927057E+00    9.8255460361E-02   -1.7676764184E+00    7.2122232996E-02
    6.9719980006E-02    1.0416540582E+00    9.8274884361E-02   -1.7683528184E+00    7.2122319706E-02
    6.9759980006E-02    1.0414638198E+00    9.8298653288E-02   -1.7692938370E+00    7.2122406052E-02
    6.9799980006E-02    1.0412218392E+00    9.8326622301E-02   -1.7704996526E+00    7.2122491862E-02
    6.9839980006E-02    1.0409279235E+00    9.8358606282E-02   -1.7719704933E+00    7.2122576962E-02
    6.9879980006E-02    1.0405818383E+00    9.8394379223E-02   -1.7737066364E+00    7.2122661181E-02
    6.9919980006E-02    1.0401833079E+00    9.8433673480E-02   -1.7757084083E+00    7.2122744344E-02
    6.9959980006E-02    1.0397320153E+00    9.8476178887E-02   -1.7779761848E+00    7.2122826278E-02
    6.9999980006E-02    1.0392276023E+00    9.8521541732E-02   -1.7805103901E+00    7.2122906809E-02
    7.0039980006E-02    1.0386696697E+00    9.8569363597E-02   -1.7833114971E+00    7.2122985763E-02
    7.0079980006E-02    1.0380577774E+00    9.8619200046E-02   -1.7863800270E+00    7.2123062964E-02
    7.0119980006E-02    1.0373914449E+00    9.8670559180E-02   -1.7897165487E+00    7.2123138238E-02
    7.0159980006E-02    1.0366701512E+00    9.8722900032E-02   -1.7933216783E+00    7.2123211408E-02
    7.0199980006E-02    1.0358933354E+00    9.8775630824E-02   -1.7971960791E+00    7.2123282296E-02
    7.0239980006E-02    1.0350603973E+00    9.8828107064E-02   -1.8013404601E+00    7.2123350724E-02
    7.0279980006E-02    1.0341706974E+00    9.8879629495E-02   -1.8057555760E+00    7.2123416514E-02
    7.0319980006E-02    1.0332235584E+00    9.8929441889E-02   -1.8104422260E+00    7.2123479484E-02
    7.0359980006E-02    1.0322182649E+00    9.8976728685E-02   -1.8154012526E+00    7.2123539453E-02
    7.0399980006E-02    1.0311540655E+00    9.9020612477E-02   -1.8206335411E+00    7.2123596238E-02
    7.0439980006E-02    1.0300301729E+00    9.9060151343E-02   -1.8261400178E+00    7.2123649656E-02
    7.0479980006E-02    1.0288457657E+00    9.9094336034E-02   -1.8319216487E+00    7.2123699522E-02
    7.0519980006E-02    1.0275999898E+00    9.9122087003E-02   -1.8379794379E+00    7.2123745650E-02
    7.0559980006E-02    1.0262919598E+00    9.9142251309E-02   -1.8443144260E+00    7.2123787855E-02
    7.0599980006E-02    1.0249207613E+00    9.9153599374E-02   -1.8509276880E+00    7.2123825953E-02
    7.0639980006E-02    1.0234854530E+00    9.9154821624E-02   -1.8578203311E+00    7.2123859759E-02
    7.0679980006E-02    1.0219850691E+00    9.9144525016E-02   -1.8649934924E+00    7.2123889091E-02
    7.0719980006E-02    1.0204186223E+00    9.9121229466E-02   -1.8724483365E+00    7.2123913772E-02
    7.0759980006E-02    1.0187851070E+00    9.9083364203E-02   -1.8801860528E+00    7.2123933626E-02
    7.0799980006E-02    1.0170835027E+00    9.9029264051E-02   -1.8882078525E+00    7.2123948487E-02
    7.0839980006E-02    1.0153127784E+00    9.8957165691E-02   -1.8965149655E+00    7.2123958197E-02
    7.0879980006E-02    1.0134718966E+00    9.8865203906E-02   -1.9051086376E+00    7.2123962609E-02
    7.0919980006E-02    1.0115598186E+00    9.8751407850E-02   -1.9139901268E+00    7.2123961590E-02
    7.0959980006E-02    1.0095755098E+00    9.8613697385E-02   -1.9231607005E+00    7.2123955026E-02
    7.0999980006E-02    1.0075179457E+00    9.8449879510E-02   -1.9326216315E+00    7.2123942822E-02
    7.1039980006E-02    1.0053861185E+00    9.8257644943E-02   -1.9423741952E+00    7.2123924912E-02
    7.1079980007E-02    1.0031790441E+00    9.8034564894E-02   -1.9524196661E+00    7.2123901259E-02
    7.1119980007E-02    1.0008957698E+00    9.7778088086E-02   -1.9627593146E+00    7.2123871863E-02
    7.1159980007E-02    9.9853538263E-01    9.7485538085E-02   -1.9733944045E+00    7.2123836764E-02
    7.1199980007E-02    9.9609701824E-01    9.7154110997E-02   -1.9843261900E+00    7.2123796051E-02
    7.1239980007E-02    9.9357987046E-01    9.6780873598E-02   -1.9955559140E+00    7.2123749865E-02
    7.1279980007E-02    9.9098320132E-01    9.6362761971E-02   -2.0070848057E+00    7.2123698409E-02
    7.1319980007E-02    9.8830635181E-01    9.5896580708E-02   -2.0189140801E+00    7.2123641951E-02
    7.1359980007E-02    9.8554875305E-01    9.5379002771E-02   -2.0310449372E+00    7.2123580831E-02
    7.1399980007E-02    9.8270993809E-01    9.4806570061E-02   -2.0434785621E+00    7.2123515467E-02
    7.1439980007E-02    9.7978955414E-01    9.4175694798E-02   -2.0562161260E+00    7.2123446361E-02
    7.1479980007E-02    9.7678737520E-01    9.3482661754E-02   -2.0692587880E+00    7.2123374099E-02
    7.1519980007E-02    9.7370331507E-01    9.2723631440E-02   -2.0826076975E+00    7.2123299360E-02
    7.1559980007E-02    9.7053744066E-01    9.1894644299E-02   -2.0962639976E+00    7.2123222912E-02
    7.1599980007E-02    9.6728998546E-01    9.0991625974E-02   -2.1102288291E+00    7.2123145613E-02
    7.1639980007E-02    9.6396136310E-01    9.0010393715E-02   -2.1245033351E+00    7.2123068409E-02
    7.1679980007E-02    9.6055218100E-01    8.8946663980E-02   -2.1390886662E+00    7.2122992328E-02
    7.1719980007E-02    9.5706325381E-01    8.7796061280E-02   -2.1539859858E+00    7.2122918473E-02
    7.1759980007E-02    9.5349561673E-01    8.6554128310E-02   -2.1691964755E+00    7.2122848009E-02
    7.1799980007E-02    9.4985053848E-01    8.5216337406E-02   -2.1847213406E+00    7.2122782151E-02
    7.1839980007E-02    9.4612953381E-01    8.3778103358E-02   -2.2005618139E+00    7.2122722146E-02
    7.1879980007E-02    9.4233437541E-01    8.2234797596E-02   -2.2167191600E+00    7.2122669251E-02
    7.1919980007E-02    9.3846710521E-01    8.0581763774E-02   -2.2331946767E+00    7.2122624713E-02
    7.1959980007E-02    9.3453004482E-01    7.8814334734E-02   -2.2499896958E+00    7.2122589739E-02
    7.1999980007E-02    9.3052580490E-01    7.6927850870E-02   -2.2671055807E+00    7.2122565470E-02
    7.2039980007E-02    9.2645729359E-01    7.4917679842E-02   -2.2845437217E+00    7.2122552952E-02
    7.2079980007E-02    9.2232772355E-01    7.2779237613E-02   -2.3023055288E+00    7.2122553101E-02
    7.2119980007E-02    9.1814061764E-01    7.0508010748E-02   -2.3203924200E+00    7.2122566676E-02
    7.2159980007E-02    9.1389981296E-01    6.8099579868E-02   -2.3388058076E+00    7.2122594248E-02
    7.2199980007E-02    9.0960946319E-01    6.5549644151E-02   -2.3575470800E+00    7.2122636170E-02
    7.2239980007E-02    9.0527403897E-01    6.2854046696E-02   -2.3766175805E+00    7.2122692558E-02
    7.2279980007E-02    9.0089832617E-01    6.0008800546E-02   -2.3960185833E+00    7.2122763269E-02
    7.2319980007E-02    8.9648742190E-01    5.7010115097E-02   -2.4157512667E+00    7.2122847886E-02
    7.2359980007E-02    8.9204672816E-01    5.3854422568E-02   -2.4358166844E+00    7.2122945720E-02
    7.2399980007E-02    8.8758194299E-01    5.0538404147E-02   -2.4562157363E+00    7.2123055811E-02
    7.2439980007E-02    8.8309904909E-01    4.7059015367E-02   -2.4769491383E+00    7.2123176943E-02
    7.2479980007E-02    8.7860429996E-01    4.3413510241E-02   -2.4980173946E+00    7.2123307675E-02
    7.2519980007E-02    8.7410420365E-01    3.9599463605E-02   -2.5194207713E+00    7.2123446373E-02
    7.2559980007E-02    8.6960550440E-01    3.5614791165E-02   -2.5411592744E+00    7.2123591268E-02
    7.2599980007E-02    8.6511516234E-01    3.1457766691E-02   -2.5632326324E+00    7.2123740513E-02
    7.2639980007E-02    8.6064033195E-01    2.7127035902E-02   -2.5856402846E+00    7.2123892256E-02
    7.2679980007E-02    8.5618833962E-01    2.2621626628E-02   -2.6083813766E+00    7.2124044721E-02
    7.2719980007E-02    8.5176666103E-01    1.7940954973E-02   -2.6314547628E+00    7.2124196291E-02
    7.2759980007E-02    8.4738289919E-01    1.3084827358E-02   -2.6548590154E+00    7.2124345595E-02
    7.2799980007E-02    8.4304476371E-01    8.0534385091E-03   -2.6785924418E+00    7.2124491590E-02
    7.2839980007E-02    8.3876005234E-01    2.8473656698E-03   -2.7026531063E+00    7.2124633638E-02
    7.2879980007E-02    8.3453663518E-01   -2.5324404425E-03   -2.7270388567E+00    7.2124771565E-02
    7.2919980007E-02    8.3038244248E-01   -8.0846672084E-03   -2.7517473542E+00    7.2124905706E-02
    7.2959980007E-02    8.2630545614E-01   -1.3807653263E-02   -2.7767761017E+00    7.2125036929E-02
    7.2999980007E-02    8.2231370535E-01   -1.9699402133E-02   -2.8021224711E+00    7.2125166624E-02
    7.3039980007E-02    8.1841526608E-01   -2.5757595155E-02   -2.8277837238E+00    7.2125296673E-02
    7.3079980007E-02    8.1461826410E-01   -3.1979602424E-02   -2.8537570237E+00    7.2125429382E-02
    7.3119980007E-02    8.1093088076E-01   -3.8362490622E-02   -2.8800394393E+00    7.2125567387E-02
    7.3159980007E-02    8.0736136034E-01   -4.4903026701E-02   -2.9066279327E+00    7.2125713528E-02
    7.3199980007E-02    8.0391801772E-01   -5.1597676662E-02   -2.9335193346E+00    7.2125870702E-02
    7.3239980007E-02    8.0060924462E-01   -5.8442599042E-02   -2.9607103053E+00    7.2126041701E-02
    7.3279980007E-02    7.9744351261E-01   -6.5433633085E-02   -2.9881972811E+00    7.2126229038E-02
    7.3319980007E-02    7.9442937109E-01   -7.2566282105E-02   -3.0159764090E+00    7.2126434772E-02
    7.3359980007E-02    7.9157543838E-01   -7.9835692976E-02   -3.0440434724E+00    7.2126660352E-02
    7.3399980007E-02    7.8889038441E-01   -8.7236633161E-02   -3.0723938115E+00    7.2126906469E-02
    7.3439980007E-02    7.8638290383E-01   -9.4763467074E-02   -3.1010222430E+00    7.2127172956E-02
    7.3479980007E-02    7.8406167877E-01   -1.0241013384E-01   -3.1299229852E+00    7.2127458716E-02
    7.3519980007E-02    7.8193533137E-01   -1.1017012859E-01   -3.1590895925E+00    7.2127761704E-02
    7.3559980007E-02    7.8001236666E-01   -1.1803648953E-01   -3.1885149062E+00    7.2128078964E-02
    7.3599980007E-02    7.7830110713E-01   -1.2600179242E-01   -3.2181910238E+00    7.2128406707E-02
    7.3639980007E-02    7.7680962120E-01   -1.3405815414E-01   -3.2481092913E+00    7.2128740452E-02
    7.3679980007E-02    7.7554564825E-01   -1.4219724588E-01   -3.2782603200E+00    7.2129075203E-02
    7.3719980007E-02    7.7451652304E-01   -1.5041031621E-01   -3.3086340258E+00    7.2129405653E-02
    7.3759980007E-02    7.7372910309E-01   -1.5868822323E-01   -3.3392196910E+00    7.2129726418E-02
    7.3799980007E-02    7.7318970159E-01   -1.6702147442E-01   -3.3700060428E+00    7.2130032268E-02
    7.3839980007E-02    7.7290402902E-01   -1.7540027211E-01   -3.4009813435E+00    7.2130318341E-02
    7.3879980007E-02    7.7287714501E-01   -1.8381456211E-01   -3.4321334872E+00    7.2130580349E-02
    7.3919980007E-02    7.7311342215E-01   -1.9225408292E-01   -3.4634500943E+00    7.2130814724E-02
    7.3959980007E-02    7.7361652181E-01   -2.0070841284E-01   -3.4949185994E+00    7.2131018738E-02
    7.3999980007E-02    7.7438938161E-01   -2.0916701290E-01   -3.5265263264E+00    7.2131190557E-02
    7.4039980007E-02    7.7543421348E-01   -2.1761926384E-01   -3.5582605464E+00    7.2131329251E-02
    7.4079980007E-02    7.7675251037E-01   -2.2605449622E-01   -3.5901085184E+00    7.2131434752E-02
    7.4119980007E-02    7.7834505979E-01   -2.3446201359E-01   -3.6220575107E+00    7.2131507768E-02
    7.4159980007E-02    7.8021196200E-01   -2.4283110901E-01   -3.6540948059E+00    7.2131549672E-02
    7.4199980007E-02    7.8235265097E-01   -2.5115107640E-01   -3.6862076939E+00    7.2131562358E-02
    7.4239980007E-02    7.8476591652E-01   -2.5941121815E-01   -3.7183834560E+00    7.2131548097E-02
    7.4279980007E-02    7.8744992654E-01   -2.6760085094E-01   -3.7506093467E+00    7.2131509396E-02
    7.4319980007E-02    7.9040224860E-01   -2.7570931159E-01   -3.7828725776E+00    7.2131448867E-02
    7.4359980007E-02    7.9361987071E-01   -2.8372596473E-01   -3.8151603081E+00    7.2131369119E-02
    7.4399980007E-02    7.9709922135E-01   -2.9164021343E-01   -3.8474596468E+00    7.2131272685E-02
    7.4439980007E-02    8.0083618913E-01   -2.9944151374E-01   -3.8797576644E+00    7.2131161978E-02
    7.4479980007E-02    8.0482614238E-01   -3.0711939335E-01   -3.9120414193E+00    7.2131039279E-02
    7.4519980007E-02    8.0906394932E-01   -3.1466347412E-01   -3.9442979940E+00    7.2130906757E-02
    7.4559980007E-02    8.1354399882E-01   -3.2206349799E-01   -3.9765145407E+00    7.2130766510E-02
    7.4599980007E-02    8.1826022218E-01   -3.2930935518E-01   -4.0086783318E+00    7.2130620624E-02
    7.4639980007E-02    8.2320611580E-01   -3.3639111360E-01   -4.0407768125E+00    7.2130471234E-02
    7.4679980007E-02    8.2837476459E-01   -3.4329904844E-01   -4.0727976517E+00    7.2130320591E-02
    7.4719980007E-02    8.3375886606E-01   -3.5002367083E-01   -4.1047287886E+00    7.2130171108E-02
    7.4759980007E-02    8.3935075468E-01   -3.5655575467E-01   -4.1365584715E+00    7.2130025406E-02
    7.4799980007E-02    8.4514242622E-01   -3.6288636112E-01   -4.1682752898E+00    7.2129886326E-02
    7.4839980007E-02    8.5112556194E-01   -3.6900686030E-01   -4.1998681966E+00    7.2129756935E-02
    7.4879980007E-02    8.5729155218E-01   -3.7490895001E-01   -4.2313265239E+00    7.2129640508E-02
    7.4919980007E-02    8.6363151925E-01   -3.8058467166E-01   -4.2626399908E+00    7.2129540496E-02
    7.4959980007E-02    8.7013633930E-01   -3.8602642350E-01   -4.2937987060E+00    7.2129460491E-02
    7.4999980007E-02    8.7679666292E-01   -3.9122697168E-01   -4.3247931664E+00    7.2129404179E-02
    7.5039980007E-02    8.8360293416E-01   -3.9617945948E-01   -4.3556142521E+00    7.2129375298E-02
    7.5079980007E-02    8.9054540786E-01   -4.0087741546E-01   -4.3862532203E+00    7.2129377598E-02
    7.5119980007E-02    8.9761416488E-01   -4.0531476100E-01   -4.4167016969E+00    7.2129414813E-02
    7.5159980007E-02    9.0479912520E-01   -4.0948581806E-01   -4.4469516664E+00    7.2129490632E-02
    7.5199980007E-02    9.1209005885E-01   -4.1338531778E-01   -4.4769954611E+00    7.2129608697E-02
    7.5239980007E-02    9.1947659477E-01   -4.1700841066E-01   -4.5068257464E+00    7.2129772591E-02
    7.5279980007E-02    9.2694822806E-01   -4.2035067895E-01   -4.5364355050E+00    7.2129985854E-02
    7.5319980007E-02    9.3449432604E-01   -4.2340815175E-01   -4.5658180159E+00    7.2130251989E-02
    7.5359980007E-02    9.4210413408E-01   -4.2617732339E-01   -4.5949668305E+00    7.2130574486E-02
    7.5399980007E-02    9.4976678211E-01   -4.2865517519E-01   -4.6238757441E+00    7.2130956847E-02
    7.5439980007E-02    9.5747129289E-01   -4.3083920059E-01   -4.6525387636E+00    7.2131402602E-02
    7.5479980007E-02    9.6520659341E-01   -4.3272743364E-01   -4.6809500712E+00    7.2131915334E-02
    7.5519980007E-02    9.7296153047E-01   -4.3431848002E-01   -4.7091039862E+00    7.2132498693E-02
    7.5559980007E-02    9.8072489163E-01   -4.3561155008E-01   -4.7369949254E+00    7.2133156404E-02
    7.5599980007E-02    9.8848543241E-01   -4.3660649264E-01   -4.7646173640E+00    7.2133892257E-02
    7.5639980007E-02    9.9623191052E-01   -4.3730382830E-01   -4.7919657992E+00    7.2134710092E-02
    7.5679980007E-02    1.0039531271E+00   -4.3770478076E-01   -4.8190347191E+00    7.2135613759E-02
    7.5719980007E-02    1.0116379754E+00   -4.3781130440E-01   -4.8458185778E+00    7.2136607064E-02
    7.5759980007E-02    1.0192754956E+00   -4.3762610652E-01   -4.8723117804E+00    7.2137693697E-02
    7.5799980007E-02    1.0268549355E+00   -4.3715266241E-01   -4.8985086790E+00    7.2138877144E-02
    7.5839980007E-02    1.0343658149E+00   -4.3639522192E-01   -4.9244035804E+00    7.2140160590E-02
    7.5879980007E-02    1.0417979930E+00   -4.3535880611E-01   -4.9499907669E+00    7.2141546815E-02
    7.5919980007E-02    1.0491417348E+00   -4.3404919323E-01   -4.9752645295E+00    7.2143038093E-02
    7.5959980007E-02    1.0563877762E+00   -4.3247289363E-01   -5.0002192117E+00    7.2144636103E-02
    7.5999980007E-02    1.0635273846E+00   -4.3063711368E-01   -5.0248492631E+00    7.2146341857E-02
    7.6039980007E-02    1.0705524124E+00   -4.2854970955E-01   -5.0491492982E+00    7.2148155654E-02
    7.6079980007E-02    1.0774553421E+00   -4.2621913184E-01   -5.0731141578E+00    7.2150077066E-02
    7.6119980007E-02    1.0842293219E+00   -4.2365436296E-01   -5.0967389691E+00    7.2152104948E-02
    7.6159980007E-02    1.0908681899E+00   -4.2086484912E-01   -5.1200192009E+00    7.2154237492E-02
    7.6199980007E-02    1.0973664868E+00   -4.1786042916E-01   -5.1429507096E+00    7.2156472299E-02
    7.6239980007E-02    1.1037194573E+00   -4.1465126246E-01   -5.1655297743E+00    7.2158806472E-02
    7.6279980007E-02    1.1099230416E+00   -4.1124775806E-01   -5.1877531191E+00    7.2161236727E-02
    7.6319980007E-02    1.1159738569E+00   -4.0766050696E-01   -5.2096179207E+00    7.2163759508E-02
    7.6359980007E-02    1.1218691704E+00   -4.0390021908E-01   -5.2311218030E+00    7.2166371094E-02
    7.6399980007E-02    1.1276068668E+00   -3.9997766611E-01   -5.2522628190E+00    7.2169067704E-02
    7.6439980007E-02    1.1331854106E+00   -3.9590363117E-01   -5.2730394215E+00    7.2171845579E-02
    7.6479980007E-02    1.1386038055E+00   -3.9168886538E-01   -5.2934504263E+00    7.2174701048E-02
    7.6519980007E-02    1.1438615522E+00   -3.8734405169E-01   -5.3134949695E+00    7.2177630575E-02
    7.6559980007E-02    1.1489586060E+00   -3.8287977538E-01   -5.3331724617E+00    7.2180630783E-02
    7.6599980007E-02    1.1538953364E+00   -3.7830650090E-01   -5.3524825427E+00    7.2183698458E-02
    7.6639980007E-02    1.1586724867E+00   -3.7363455418E-01   -5.3714250370E+00    7.2186830550E-02
    7.6679980007E-02    1.1632911381E+00   -3.6887410975E-01   -5.3899999142E+00    7.2190024144E-02
    7.6719980007E-02    1.1677526750E+00   -3.6403518161E-01   -5.4082072533E+00    7.2193276444E-02
    7.6759980007E-02    1.1720587542E+00   -3.5912761719E-01   -5.4260472138E+00    7.2196584740E-02
    7.6799980007E-02    1.1762112768E+00   -3.5416109354E-01   -5.4435200112E+00    7.2199946380E-02
    7.6839980007E-02    1.1802123622E+00   -3.4914511489E-01   -5.4606259000E+00    7.2203358752E-02
    7.6879980007E-02    1.1840643259E+00   -3.4408901131E-01   -5.4773651609E+00    7.2206819255E-02
    7.6919980007E-02    1.1877696582E+00   -3.3900193760E-01   -5.4937380926E+00    7.2210325293E-02
    7.6959980007E-02    1.1913310053E+00   -3.3389287236E-01   -5.5097450084E+00    7.2213874268E-02
    7.6999980007E-02    1.1947511522E+00   -3.2877061672E-01   -5.5253862345E+00    7.2217463574E-02
    7.7039980008E-02    1.1980330063E+00   -3.2364379275E-01   -5.5406621115E+00    7.2221090608E-02
    7.7079980008E-02    1.2011795823E+00   -3.1852084137E-01   -5.5555729962E+00    7.2224752774E-02
    7.7119980008E-02    1.2041939878E+00   -3.1341001980E-01   -5.5701192649E+00    7.2228447497E-02
    7.7159980008E-02    1.2070794092E+00   -3.0831939848E-01   -5.5843013164E+00    7.2232172236E-02
    7.7199980008E-02    1.2098390985E+00   -3.0325685770E-01   -5.5981195752E+00    7.2235924498E-02
    7.7239980008E-02    1.2124763604E+00   -2.9823008385E-01   -5.6115744934E+00    7.2239701846E-02
    7.7279980008E-02    1.2149945396E+00   -2.9324656549E-01   -5.6246665530E+00    7.2243501918E-02
    7.7319980008E-02    1.2173970083E+00   -2.8831358933E-01   -5.6373962669E+00    7.2247322428E-02
    7.7359980008E-02    1.2196871548E+00   -2.8343823617E-01   -5.6497641800E+00    7.2251161181E-02
    7.7399980008E-02    1.2218683714E+00   -2.7862737690E-01   -5.6617708685E+00    7.2255016070E-02
    7.7439980008E-02    1.2239440439E+00   -2.7388766864E-01   -5.6734169405E+00    7.2258885082E-02
    7.7479980008E-02    1.2259175403E+00   -2.6922555108E-01   -5.6847030350E+00    7.2262766299E-02
    7.7519980008E-02    1.2277922017E+00   -2.6464724304E-01   -5.6956298214E+00    7.2266657896E-02
    7.7559980008E-02    1.2295713316E+00   -2.6015873939E-01   -5.7061979985E+00    7.2270558141E-02
    7.7599980008E-02    1.2312581879E+00   -2.5576580825E-01   -5.7164082938E+00    7.2274465391E-02
    7.7639980008E-02    1.2328559739E+00   -2.5147398863E-01   -5.7262614627E+00    7.2278378091E-02
    7.7679980008E-02    1.2343678307E+00   -2.4728858847E-01   -5.7357582871E+00    7.2282294770E-02
    7.7719980008E-02    1.2357968300E+00   -2.4321468322E-01   -5.7448995748E+00    7.2286214044E-02
    7.7759980008E-02    1.2371459675E+00   -2.3925711488E-01   -5.7536861582E+00    7.2290134613E-02
    7.7799980008E-02    1.2384181569E+00   -2.3542049170E-01   -5.7621188926E+00    7.2294055260E-02
    7.7839980008E-02    1.2396162241E+00   -2.3170918837E-01   -5.7701986549E+00    7.2297974855E-02
    7.7879980008E-02    1.2407429027E+00   -2.2812734701E-01   -5.7779263414E+00    7.2301892356E-02
    7.7919980008E-02    1.2418008294E+00   -2.2467887867E-01   -5.7853028654E+00    7.2305806812E-02
    7.7959980008E-02    1.2427925399E+00   -2.2136746563E-01   -5.7923291542E+00    7.2309717362E-02
    7.7999980008E-02    1.2437204658E+00   -2.1819656431E-01   -5.7990061456E+00    7.2313623246E-02
    7.8039980008E-02    1.2445869312E+00   -2.1516940891E-01   -5.8053347843E+00    7.2317523800E-02
    7.8079980008E-02    1.2453941504E+00   -2.1228901558E-01   -5.8113160173E+00    7.2321418466E-02
    7.8119980008E-02    1.2461442255E+00   -2.0955818733E-01   -5.8169507890E+00    7.2325306786E-02
    7.8159980008E-02    1.2468391443E+00   -2.0697951932E-01   -5.8222400361E+00    7.2329188415E-02
    7.8199980008E-02    1.2474807792E+00   -2.0455540472E-01   -5.8271846815E+00    7.2333063110E-02
    7.8239980008E-02    1.2480708856E+00   -2.0228804090E-01   -5.8317856288E+00    7.2336930741E-02
    7.8279980008E-02    1.2486111006E+00   -2.0017943592E-01   -5.8360437557E+00    7.2340791281E-02
    7.8319980008E-02    1.2491029427E+00   -1.9823141515E-01   -5.8399599079E+00    7.2344644810E-02
    7.8359980008E-02    1.2495478110E+00   -1.9644562807E-01   -5.8435348928E+00    7.2348491511E-02
    7.8399980008E-02    1.2499469844E+00   -1.9482355498E-01   -5.8467694729E+00    7.2352331663E-02
    7.8439980008E-02    1.2503016217E+00   -1.9336651350E-01   -5.8496643601E+00    7.2356165639E-02
    7.8479980008E-02    1.2506127613E+00   -1.9207566498E-01   -5.8522202093E+00    7.2359993899E-02
    7.8519980008E-02    1.2508813208E+00   -1.9095202045E-01   -5.8544376133E+00    7.2363816983E-02
    7.8559980008E-02    1.2511080976E+00   -1.8999644611E-01   -5.8563170978E+00    7.2367635501E-02
    7.8599980008E-02    1.2512937680E+00   -1.8920966840E-01   -5.8578591161E+00    7.2371450129E-02
    7.8639980008E-02    1.2514388881E+00   -1.8859227834E-01   -5.8590640459E+00    7.2375261595E-02
    7.8679980008E-02    1.2515438932E+00   -1.8814473526E-01   -5.8599321856E+00    7.2379070673E-02
    7.8719980008E-02    1.2516090984E+00   -1.8786736972E-01   -5.8604637514E+00    7.2382878170E-02
    7.8759980008E-02    1.2516346981E+00   -1.8776038574E-01   -5.8606588755E+00    7.2386684916E-02
    7.8799980008E-02    1.2516207666E+00   -1.8782386214E-01   -5.8605176050E+00    7.2390491754E-02
    7.8839980008E-02    1.2515672574E+00   -1.8805775304E-01   -5.8600399012E+00    7.2394299530E-02
    7.8879980008E-02    1.2514740041E+00   -1.8846188752E-01   -5.8592256399E+00    7.2398109079E-02
    7.8919980008E-02    1.2513407195E+00   -1.8903596846E-01   -5.8580746126E+00    7.2401921216E-02
    7.8959980008E-02    1.2511669960E+00   -1.8977957051E-01   -5.8565865283E+00    7.2405736725E-02
    7.8999980008E-02    1.2509523057E+00   -1.9069213731E-01   -5.8547610160E+00    7.2409556350E-02
    7.9039980008E-02    1.2506959997E+00   -1.9177297789E-01   -5.8525976279E+00    7.2413380782E-02
    7.9079980008E-02    1.2503973089E+00   -1.9302126246E-01   -5.8500958434E+00    7.2417210653E-02
    7.9119980008E-02    1.2500553434E+00   -1.9443601749E-01   -5.8472550735E+00    7.2421046524E-02
    7.9159980008E-02    1.2496690925E+00   -1.9601612027E-01   -5.8440746656E+00    7.2424888880E-02
    7.9199980008E-02    1.2492374251E+00   -1.9776029304E-01   -5.8405539094E+00    7.2428738122E-02
    7.9239980008E-02    1.2487590900E+00   -1.9966709664E-01   -5.8366920422E+00    7.2432594556E-02
    7.9279980008E-02    1.2482327156E+00   -2.0173492404E-01   -5.8324882556E+00    7.2436458396E-02
    7.9319980008E-02    1.2476568110E+00   -2.0396199356E-01   -5.8279417010E+00    7.2440329753E-02
    7.9359980008E-02    1.2470297659E+00   -2.0634634212E-01   -5.8230514967E+00    7.2444208634E-02
    7.9399980008E-02    1.2463498521E+00   -2.0888581854E-01   -5.8178167337E+00    7.2448094940E-02
    7.9439980008E-02    1.2456152241E+00   -2.1157807691E-01   -5.8122364824E+00    7.2451988463E-02
    7.9479980008E-02    1.2448239203E+00   -2.1442057036E-01   -5.8063097982E+00    7.2455888890E-02
    7.9519980008E-02    1.2439738646E+00   -2.1741054506E-01   -5.8000357277E+00    7.2459795800E-02
    7.9559980008E-02    1.2430628685E+00   -2.2054503471E-01   -5.7934133138E+00    7.2463708664E-02
    7.9599980008E-02    1.2420886328E+00   -2.2382085559E-01   -5.7864416008E+00    7.2467626855E-02
    7.9639980008E-02    1.2410487507E+00   -2.2723460208E-01   -5.7791196390E+00    7.2471549642E-02
    7.9679980008E-02    1.2399407101E+00   -2.3078264294E-01   -5.7714464886E+00    7.2475476199E-02
    7.9719980008E-02    1.2387618978E+00   -2.3446111810E-01   -5.7634212231E+00    7.2479405604E-02
    7.9759980008E-02    1.2375096024E+00   -2.3826593627E-01   -5.7550429325E+00    7.2483336845E-02
    7.9799980008E-02    1.2361810194E+00   -2.4219277315E-01   -5.7463107260E+00    7.2487268823E-02
    7.9839980008E-02    1.2347732559E+00   -2.4623707030E-01   -5.7372237336E+00    7.2491200351E-02
    7.9879980008E-02    1.2332833354E+00   -2.5039403470E-01   -5.7277811083E+00    7.2495130158E-02
    7.9919980008E-02    1.2317082047E+00   -2.5465863893E-01   -5.7179820271E+00    7.2499056889E-02
    7.9959980008E-02    1.2300447397E+00   -2.5902562193E-01   -5.7078256929E+00    7.2502979104E-02
    7.9999980008E-02    1.2282897526E+00   -2.6348949027E-01   -5.6973113346E+00    7.2506895278E-02
