 sig=    1.000000000000000      inputfile=
 /home/rjrj524/Finished/vmec_gc_tracer/revised_251128/nc/wout_pwO_nfp2_A6.nc                                                                                                                             
 dt=   2.0000000000000000E-008
 steps=      2000000
 x0=   7.0000000000000007E-002    3.070000000000000      
    0.000000000000000     
 u=   -3280.000000000000     
 v_perp=    22200.00000000000     
 
time(s)         x0(1)       x0(2)        x0(3)      r
    3.9980000000E-05    1.2716219060E+00    2.8304294600E-02   -9.0945805240E-02    6.9957216397E-02
    7.9980000000E-05    1.2675600866E+00    9.2311118592E-02   -1.9628004986E-01    6.9664673820E-02
    1.1998000000E-04    1.2564619317E+00    1.7178653424E-01   -3.3697438745E-01    6.9154828321E-02
    1.5998000000E-04    1.2307214949E+00    2.6482264818E-01   -5.2866054545E-01    6.8549859319E-02
    1.9998000000E-04    1.1801385175E+00    3.5713114156E-01   -7.7844869144E-01    6.7990127378E-02
    2.3998000000E-04    1.0970249476E+00    4.2688371396E-01   -1.0890310355E+00    6.7581804278E-02
    2.7998000000E-04    9.8540725637E-01    4.4885620305E-01   -1.4595790510E+00    6.7405050306E-02
    3.1998000000E-04    8.6904178748E-01    4.0862809212E-01   -1.8825335586E+00    6.7398133101E-02
    3.5998000000E-04    7.7791144105E-01    3.1369919908E-01   -2.3453396304E+00    6.7415623962E-02
    3.9998000000E-04    7.3669558935E-01    1.8689416816E-01   -2.8232525448E+00    6.7345039402E-02
    4.3998000000E-04    7.5258484007E-01    5.8340271024E-02   -3.2817368633E+00    6.7165022094E-02
    4.7998000000E-04    8.0833085348E-01   -4.6543587635E-02   -3.6935692162E+00    6.6978047955E-02
    5.1998000000E-04    8.8008970366E-01   -1.1589178529E-01   -4.0495679776E+00    6.6799743567E-02
    5.5998000000E-04    9.4832071367E-01   -1.5127197105E-01   -4.3502533168E+00    6.6627183333E-02
    5.9998000000E-04    1.0030906791E+00   -1.6311817516E-01   -4.6001215705E+00    6.6434379875E-02
    6.3998000000E-04    1.0436021027E+00   -1.6206584842E-01   -4.8042566813E+00    6.6222181790E-02
    6.7998000000E-04    1.0726663399E+00   -1.5524385214E-01   -4.9685026063E+00    6.5975992532E-02
    7.1998000000E-04    1.0932095072E+00   -1.4665519500E-01   -5.0977444317E+00    6.5679448010E-02
    7.5998000000E-04    1.1074018605E+00   -1.3843003324E-01   -5.1951726225E+00    6.5332369314E-02
    7.9998000000E-04    1.1167163739E+00   -1.3168836889E-01   -5.2627793406E+00    6.4943476360E-02
    8.3998000000E-04    1.1220911712E+00   -1.2701745984E-01   -5.3018500266E+00    6.4526869110E-02
    8.7998000000E-04    1.1240516305E+00   -1.2469618953E-01   -5.3130962960E+00    6.4099322674E-02
    9.1998000000E-04    1.1227732021E+00   -1.2481673287E-01   -5.2966685914E+00    6.3677811626E-02
    9.5998000000E-04    1.1181006225E+00   -1.2731892232E-01   -5.2521589309E+00    6.3278869958E-02
    9.9998000000E-04    1.1095302937E+00   -1.3193429504E-01   -5.1786106932E+00    6.2917903474E-02
    1.0399800000E-03    1.0961508711E+00   -1.3805124112E-01   -5.0745162279E+00    6.2607844085E-02
    1.0799800000E-03    1.0765216333E+00   -1.4448857278E-01   -4.9376513577E+00    6.2357667285E-02
    1.1199800000E-03    1.0484666474E+00   -1.4909599700E-01   -4.7646151548E+00    6.2165561007E-02
    1.1599800000E-03    1.0089150764E+00   -1.4797799286E-01   -4.5505430942E+00    6.2015253145E-02
    1.1999800000E-03    9.5475630367E-01   -1.3405703763E-01   -4.2899093279E+00    6.1901526533E-02
    1.2399800000E-03    8.8705315602E-01   -9.6299491594E-02   -3.9781675683E+00    6.1820171989E-02
    1.2799800000E-03    8.1750397009E-01   -2.4326075905E-02   -3.6120204964E+00    6.1740302996E-02
    1.3199800000E-03    7.6730360126E-01    8.1599580518E-02   -3.1930785377E+00    6.1653072691E-02
    1.3599800000E-03    7.5942788777E-01    2.0709621716E-01   -2.7330850850E+00    6.1569459711E-02
    1.3999800000E-03    8.0633031158E-01    3.2585873965E-01   -2.2601757177E+00    6.1565377096E-02
    1.4399800000E-03    8.9779488781E-01    4.0955808095E-01   -1.8067946770E+00    6.1596079822E-02
    1.4799800000E-03    1.0090968316E+00    4.3862914786E-01   -1.3954290777E+00    6.1561057325E-02
    1.5199800000E-03    1.1117272712E+00    4.0965450800E-01   -1.0377730022E+00    6.1348697253E-02
    1.5599800000E-03    1.1861539113E+00    3.3962695668E-01   -7.3991787312E-01    6.0944816676E-02
    1.5999800000E-03    1.2308471260E+00    2.5240935456E-01   -5.0124209358E-01    6.0426646095E-02
    1.6399800000E-03    1.2534998786E+00    1.6734718472E-01   -3.1858230096E-01    5.9885321683E-02
    1.6799800000E-03    1.2633402030E+00    9.6128873900E-02   -1.8460049474E-01    5.9433018958E-02
    1.7199800000E-03    1.2670415268E+00    3.9891351525E-02   -8.5046711814E-02    5.9157063095E-02
    1.7599800000E-03    1.2678871421E+00   -8.0334467539E-03   -1.8869128807E-03    5.9078409770E-02
    1.7999800000E-03    1.2666789924E+00   -5.6946868990E-02    8.3195703325E-02    5.9194925789E-02
    1.8399800000E-03    1.2621838842E+00   -1.1586141447E-01    1.8849265087E-01    5.9503889818E-02
    1.8799800000E-03    1.2504847187E+00   -1.9020402800E-01    3.3147398315E-01    5.9968727530E-02
    1.9199800000E-03    1.2242115043E+00   -2.7665723253E-01    5.2479840019E-01    6.0488920736E-02
    1.9599800000E-03    1.1739587079E+00   -3.6187823115E-01    7.7440154160E-01    6.0958122342E-02
    1.9999800000E-03    1.0929014088E+00   -4.2572072428E-01    1.0828960326E+00    6.1293784886E-02
    2.0399800000E-03    9.8524273911E-01   -4.4450906602E-01    1.4500600672E+00    6.1431486659E-02
    2.0799800000E-03    8.7314980875E-01   -4.0436226483E-01    1.8693731220E+00    6.1424701408E-02
    2.1199800000E-03    7.8483838515E-01   -3.1160246818E-01    2.3288701203E+00    6.1392546124E-02
    2.1599800000E-03    7.4393329149E-01   -1.8737091010E-01    2.8046091076E+00    6.1433205623E-02
    2.1999800000E-03    7.5776340334E-01   -6.0338736179E-02    3.2632204542E+00    6.1570944257E-02
    2.2399800000E-03    8.1073794334E-01    4.4766951494E-02    3.6777422482E+00    6.1718060811E-02
    2.2799800000E-03    8.7972235453E-01    1.1602506770E-01    4.0383229409E+00    6.1863349342E-02
    2.3199800000E-03    9.4550172303E-01    1.5472587507E-01    4.3446534014E+00    6.2020197249E-02
    2.3599800000E-03    9.9854771647E-01    1.7061618386E-01    4.6006327561E+00    6.2215536707E-02
    2.3999800000E-03    1.0381353523E+00    1.7359101231E-01    4.8109838332E+00    6.2447296697E-02
    2.4399800000E-03    1.0668304679E+00    1.7041814089E-01    4.9814799577E+00    6.2723774518E-02
    2.4799800000E-03    1.0872977789E+00    1.6506560727E-01    5.1172373963E+00    6.3054825417E-02
    2.5199800000E-03    1.1015489199E+00    1.5972251908E-01    5.2218250045E+00    6.3442437360E-02
    2.5599800000E-03    1.1109901983E+00    1.5553497041E-01    5.2977120531E+00    6.3883151747E-02
    2.5999800000E-03    1.1165470105E+00    1.5305583379E-01    5.3466292024E+00    6.4364544482E-02
    2.6399800000E-03    1.1187523232E+00    1.5252843544E-01    5.3696482476E+00    6.4870009517E-02
    2.6799800000E-03    1.1178231279E+00    1.5402239012E-01    5.3672763053E+00    6.5384512323E-02
    2.7199800000E-03    1.1136973369E+00    1.5750295162E-01    5.3395588476E+00    6.5894326904E-02
    2.7599800000E-03    1.1060337613E+00    1.6281137195E-01    5.2860689826E+00    6.6384163460E-02
    2.7999800000E-03    1.0941524525E+00    1.6960952576E-01    5.2057922250E+00    6.6837491571E-02
    2.8399800000E-03    1.0769363281E+00    1.7721041314E-01    5.0969799526E+00    6.7243953990E-02
    2.8799800000E-03    1.0527142663E+00    1.8424854156E-01    4.9570140947E+00    6.7606449412E-02
    2.9199800000E-03    1.0192084250E+00    1.8802692000E-01    4.7819657886E+00    6.7934755747E-02
    2.9599800000E-03    9.7378475308E-01    1.8354161402E-01    4.5661804364E+00    6.8240738943E-02
    2.9999800000E-03    9.1490103996E-01    1.6267678917E-01    4.3036001974E+00    6.8531223968E-02
    3.0399800000E-03    8.4550400260E-01    1.1522014654E-01    3.9892695463E+00    6.8805305695E-02
    3.0799800000E-03    7.7698457646E-01    3.3143684156E-02    3.6185707836E+00    6.9076716348E-02
    3.1199800000E-03    7.2910507760E-01   -8.2155920072E-02    3.1923279969E+00    6.9344921397E-02
    3.1599800000E-03    7.2626113276E-01   -2.1636242617E-01    2.7229448259E+00    6.9560912101E-02
    3.1999800000E-03    7.8211440456E-01   -3.4198113328E-01    2.2422006661E+00    6.9635978230E-02
    3.2399800000E-03    8.8386569587E-01   -4.2945260867E-01    1.7841074564E+00    6.9613602838E-02
    3.2799800000E-03    1.0046961880E+00   -4.5858863224E-01    1.3697599640E+00    6.9620836157E-02
    3.3199800000E-03    1.1144156181E+00   -4.2602204739E-01    1.0094832468E+00    6.9813902889E-02
    3.3599800000E-03    1.1924677426E+00   -3.4986196746E-01    7.0939077678E-01    7.0232251086E-02
    3.3999800000E-03    1.2382083959E+00   -2.5522153620E-01    4.6938789872E-01    7.0791043958E-02
    3.4399800000E-03    1.2605717187E+00   -1.6292368121E-01    2.8655059457E-01    7.1381574853E-02
    3.4799800000E-03    1.2698028344E+00   -8.5456365540E-02    1.5256835792E-01    7.1855680379E-02
    3.5199800000E-03    1.2728938689E+00   -2.2457939592E-02    5.0237586632E-02    7.2098769653E-02
    3.5599800000E-03    1.2727874154E+00    3.5422944918E-02   -4.2269447046E-02    7.2083971467E-02
    3.5999800000E-03    1.2693180065E+00    9.9759638346E-02   -1.4732936835E-01    7.1814591779E-02
    3.6399800000E-03    1.2591196843E+00    1.7913854545E-01   -2.8637991857E-01    7.1330175673E-02
    3.6799800000E-03    1.2346946055E+00    2.7237621826E-01   -4.7542963126E-01    7.0758127560E-02
    3.7199800000E-03    1.1855835520E+00    3.6586072643E-01   -7.2164756258E-01    7.0240595577E-02
    3.7599800000E-03    1.1032330941E+00    4.3843024463E-01   -1.0274845417E+00    6.9878535467E-02
    3.7999800000E-03    9.8971337456E-01    4.6514007884E-01   -1.3925632831E+00    6.9745831994E-02
    3.8399800000E-03    8.6717779865E-01    4.2951637051E-01   -1.8109041045E+00    6.9771604620E-02
    3.8799800000E-03    7.6551787540E-01    3.3632400688E-01   -2.2726933719E+00    6.9793096843E-02
    3.9199800000E-03    7.1126524499E-01    2.0638648748E-01   -2.7566027783E+00    6.9687033848E-02
    3.9599800000E-03    7.1600784419E-01    6.9462602891E-02   -3.2277926314E+00    6.9421862187E-02
    3.9999800000E-03    7.6419065156E-01   -4.7857133128E-02   -3.6545034389E+00    6.9082181701E-02
    4.0399800000E-03    8.3143987994E-01   -1.3255773774E-01   -4.0252935896E+00    6.8718580069E-02
    4.0799800000E-03    8.9969248505E-01   -1.8362010232E-01   -4.3400650523E+00    6.8331680833E-02
    4.1199800000E-03    9.5896123259E-01   -2.0807208400E-01   -4.6036081308E+00    6.7927034648E-02
    4.1599800000E-03    1.0059378222E+00   -2.1529648964E-01   -4.8209600818E+00    6.7509467515E-02
    4.1999800000E-03    1.0413214918E+00   -2.1342465005E-01   -4.9983436220E+00    6.7088263183E-02
    4.2399800000E-03    1.0673432037E+00   -2.0771361001E-01   -5.1415737251E+00    6.6655519600E-02
    4.2799800000E-03    1.0862559806E+00   -2.0098110427E-01   -5.2551081226E+00    6.6187126948E-02
    4.3199800000E-03    1.0997709266E+00   -1.9462465131E-01   -5.3420484846E+00    6.5679136696E-02
    4.3599800000E-03    1.1090036565E+00   -1.8933808603E-01   -5.4040973736E+00    6.5146954221E-02
    4.3999800000E-03    1.1146258891E+00   -1.8547762225E-01   -5.4419294928E+00    6.4605153898E-02
    4.4399800000E-03    1.1170123510E+00   -1.8322559420E-01   -5.4557316676E+00    6.4061209430E-02
    4.4799800000E-03    1.1163158974E+00   -1.8265911139E-01   -5.4455121315E+00    6.3518538205E-02
    4.5199800000E-03    1.1124861868E+00   -1.8377741162E-01   -5.4111806253E+00    6.2980732216E-02
    4.5599800000E-03    1.1052564695E+00   -1.8646921680E-01   -5.3524537648E+00    6.2456012313E-02
    4.5999800000E-03    1.0940770893E+00   -1.9045473618E-01   -5.2685621343E+00    6.1960597910E-02
    4.6399800000E-03    1.0779977403E+00   -1.9514338144E-01   -5.1577901423E+00    6.1512856632E-02
    4.6799800000E-03    1.0555405143E+00   -1.9936028452E-01   -5.0172295669E+00    6.1115741947E-02
    4.7199800000E-03    1.0247043315E+00   -2.0074632905E-01   -4.8428007622E+00    6.0757366529E-02
    4.7599800000E-03    9.8316176139E-01   -1.9496466296E-01   -4.6290964819E+00    6.0433934803E-02
    4.7999800000E-03    9.2914491431E-01   -1.7503675813E-01   -4.3701580615E+00    6.0148938249E-02
    4.8399800000E-03    8.6405289783E-01   -1.3175751220E-01   -4.0612631649E+00    5.9907857869E-02
    4.8799800000E-03    7.9668522978E-01   -5.6673682586E-02   -3.6983823152E+00    5.9692872078E-02
    4.9199800000E-03    7.4488235117E-01    5.1205044929E-02   -3.2815768185E+00    5.9488084669E-02
    4.9599800000E-03    7.3142691135E-01    1.8063670413E-01   -2.8205887868E+00    5.9312344006E-02
    4.9999800000E-03    7.7247023475E-01    3.0753738170E-01   -2.3427922374E+00    5.9251417359E-02
    5.0399800000E-03    8.6110102348E-01    4.0353407242E-01   -1.8818626691E+00    5.9287825884E-02
    5.0799800000E-03    9.7394416979E-01    4.4764674550E-01   -1.4614090741E+00    5.9325592630E-02
    5.1199800000E-03    1.0834505044E+00    4.3320617995E-01   -1.0927032463E+00    5.9244037728E-02
    5.1599800000E-03    1.1671241942E+00    3.7293513518E-01   -7.8169813223E-01    5.8969726330E-02
    5.1999800000E-03    1.2198025400E+00    2.8996844825E-01   -5.2875784509E-01    5.8554610590E-02
    5.2399800000E-03    1.2478506623E+00    2.0430324734E-01   -3.3151445639E-01    5.8072667071E-02
    5.2799800000E-03    1.2605775931E+00    1.2959965958E-01   -1.8475786876E-01    5.7622342247E-02
    5.3199800000E-03    1.2655596227E+00    7.0212665035E-02   -7.7052861152E-02    5.7304954310E-02
    5.3599800000E-03    1.2670168884E+00    2.1750060792E-02    8.1044476875E-03    5.7165579190E-02
    5.3999800000E-03    1.2664636178E+00   -2.4197390045E-02    8.8340398644E-02    5.7211097578E-02
    5.4399800000E-03    1.2634633326E+00   -7.6740947486E-02    1.8133489461E-01    5.7447175122E-02
    5.4799800000E-03    1.2553807559E+00   -1.4329678528E-01    3.0493476975E-01    5.7867470226E-02
    5.5199800000E-03    1.2364377210E+00   -2.2496729116E-01    4.7452119764E-01    5.8406556218E-02
    5.5599800000E-03    1.1979245526E+00   -3.1248402185E-01    6.9906857450E-01    5.8954426152E-02
    5.5999800000E-03    1.1314940982E+00   -3.8799716163E-01    9.8253550361E-01    5.9413639588E-02
    5.6399800000E-03    1.0358963214E+00   -4.2816094484E-01    1.3265255877E+00    5.9700080579E-02
    5.6799800000E-03    9.2663239785E-01   -4.1284932601E-01    1.7262679457E+00    5.9786730365E-02
    5.7199800000E-03    8.3155454138E-01   -3.4111555004E-01    2.1707036883E+00    5.9766821198E-02
    5.7599800000E-03    7.7660073611E-01   -2.2979794733E-01    2.6395668060E+00    5.9738350991E-02
    5.7999800000E-03    7.7533117479E-01   -1.0614112569E-01    3.1018256673E+00    5.9766058177E-02
    5.8399800000E-03    8.1982232064E-01    2.2059894095E-03    3.5280821081E+00    5.9799651284E-02
    5.8799800000E-03    8.8832149615E-01    7.7774745287E-02    3.9037854057E+00    5.9823523945E-02
    5.9199800000E-03    9.5806615403E-01    1.1745958887E-01    4.2254615502E+00    5.9843854013E-02
    5.9599800000E-03    1.0145364693E+00    1.3119286062E-01    4.4953456173E+00    5.9888592742E-02
    5.9999800000E-03    1.0554156580E+00    1.3122666774E-01    4.7175268489E+00    5.9972712363E-02
    6.0399800000E-03    1.0839811660E+00    1.2542811892E-01    4.8973716419E+00    6.0097831928E-02
    6.0799800000E-03    1.1036925297E+00    1.1790815316E-01    5.0396567606E+00    6.0275333823E-02
    6.1199800000E-03    1.1169716859E+00    1.1086806499E-01    5.1477281884E+00    6.0510209296E-02
    6.1599800000E-03    1.1253813840E+00    1.0555253255E-01    5.2238033130E+00    6.0793855427E-02
    6.1999800000E-03    1.1298880816E+00    1.0264463395E-01    5.2693565857E+00    6.1112388486E-02
    6.2399800000E-03    1.1310168113E+00    1.0245784329E-01    5.2852954171E+00    6.1451251656E-02
    6.2799800000E-03    1.1289169110E+00    1.0506498843E-01    5.2719813628E+00    6.1795620414E-02
    6.3199800000E-03    1.1233791341E+00    1.1034932889E-01    5.2292179125E+00    6.2130164320E-02
    6.3599800000E-03    1.1138137876E+00    1.1796467812E-01    5.1562570949E+00    6.2439101108E-02
    6.3999800000E-03    1.0991783352E+00    1.2720949131E-01    5.0517761531E+00    6.2707275183E-02
    6.4399800000E-03    1.0778251626E+00    1.3679421488E-01    4.9136739073E+00    6.2924376675E-02
    6.4799800000E-03    1.0472822618E+00    1.4433794248E-01    4.7385907063E+00    6.3094306631E-02
    6.5199800000E-03    1.0041875679E+00    1.4537296407E-01    4.5216044560E+00    6.3234064075E-02
    6.5599800000E-03    9.4564363293E-01    1.3172455480E-01    4.2571084399E+00    6.3347627696E-02
    6.5999800000E-03    8.7423121146E-01    9.1389546375E-02    3.9404699631E+00    6.3443082061E-02
    6.6399800000E-03    8.0388895502E-01    1.4688304449E-02    3.5682914214E+00    6.3549187506E-02
    6.6799800000E-03    7.5679547260E-01   -9.5925893069E-02    3.1429104502E+00    6.3670402263E-02
    6.7199800000E-03    7.5605873769E-01   -2.2387127121E-01    2.6781711531E+00    6.3772984360E-02
    6.7599800000E-03    8.1181446407E-01   -3.4096388297E-01    2.2046717407E+00    6.3781158261E-02
    6.7999800000E-03    9.1053481079E-01   -4.1854192507E-01    1.7547084211E+00    6.3755798397E-02
    6.8399800000E-03    1.0255099741E+00   -4.3793682837E-01    1.3490719596E+00    6.3816986949E-02
    6.8799800000E-03    1.1272829475E+00   -3.9824037664E-01    9.9891509445E-01    6.4090634826E-02
    6.9199800000E-03    1.1982264187E+00   -3.1944454716E-01    7.0997475128E-01    6.4570318625E-02
    6.9599800000E-03    1.2392215593E+00   -2.2628606278E-01    4.8123620562E-01    6.5162329020E-02
    6.9999800000E-03    1.2591874693E+00   -1.3832939326E-01    3.0885748096E-01    6.5751409155E-02
    7.0399800000E-03    1.2675718755E+00   -6.5940058595E-02    1.8319078288E-01    6.6198368746E-02
    7.0799800000E-03    1.2705299765E+00   -7.2827385309E-03    8.6756132658E-02    6.6419050865E-02
    7.1199800000E-03    1.2706037860E+00    4.6849701754E-02   -1.1095158500E-03    6.6405193999E-02
    7.1599800000E-03    1.2676257745E+00    1.0714039448E-01   -1.0108660191E-01    6.6168574662E-02
    7.1999800000E-03    1.2586077810E+00    1.8164863258E-01   -2.3295764308E-01    6.5749078585E-02
    7.2399800000E-03    1.2368010687E+00    2.7018121298E-01   -4.1201025766E-01    6.5259116276E-02
    7.2799800000E-03    1.1922946921E+00    3.6141693370E-01   -6.4563095092E-01    6.4828834874E-02
    7.3199800000E-03    1.1159071137E+00    4.3654710549E-01   -9.3634236034E-01    6.4549343584E-02
    7.3599800000E-03    1.0065156508E+00    4.7221948279E-01   -1.2846664825E+00    6.4483984269E-02
    7.3999800000E-03    8.8139530837E-01    4.4909932262E-01   -1.6871437982E+00    6.4576533732E-02
    7.4399800000E-03    7.6856026420E-01    3.6615036069E-01   -2.1376475690E+00    6.4656755626E-02
    7.4799800000E-03    6.9521379472E-01    2.3906954043E-01   -2.6214288453E+00    6.4591331502E-02
    7.5199800000E-03    6.7960705630E-01    9.5224172540E-02   -3.1073976933E+00    6.4335575037E-02
    7.5599800000E-03    7.1364511073E-01   -3.7403104315E-02   -3.5591555954E+00    6.3904854037E-02
    7.5999800000E-03    7.7356220708E-01   -1.4224333532E-01   -3.9582858171E+00    6.3388360163E-02
    7.6399800000E-03    8.4157478843E-01   -2.1429044240E-01   -4.3021245925E+00    6.2798372559E-02
    7.6799800000E-03    9.0713122372E-01   -2.5618520593E-01   -4.5937997295E+00    6.2206187214E-02
    7.7199800000E-03    9.6370217666E-01   -2.7534289816E-01   -4.8383407686E+00    6.1618871251E-02
    7.7599800000E-03    1.0087261435E+00   -2.8060490708E-01   -5.0413856507E+00    6.1051713302E-02
    7.7999800000E-03    1.0433030609E+00   -2.7886550836E-01   -5.2097544310E+00    6.0488658934E-02
    7.8399800000E-03    1.0696456258E+00   -2.7419184203E-01   -5.3494029003E+00    5.9931106209E-02
    7.8799800000E-03    1.0894837274E+00   -2.6868667272E-01   -5.4631885403E+00    5.9386650625E-02
    7.9199800000E-03    1.1040196919E+00   -2.6341204672E-01   -5.5521796730E+00    5.8845208002E-02
    7.9599800000E-03    1.1141489230E+00   -2.5888860240E-01   -5.6170847311E+00    5.8299009683E-02
    7.9999800000E-03    1.1205227730E+00   -2.5537899806E-01   -5.6584591687E+00    5.7748122090E-02
    8.0399800000E-03    1.1235572411E+00   -2.5305451016E-01   -5.6766467728E+00    5.7195262976E-02
    8.0799800000E-03    1.1234540089E+00   -2.5198680616E-01   -5.6717607864E+00    5.6642952899E-02
    8.1199800000E-03    1.1201948058E+00   -2.5219737715E-01   -5.6437102612E+00    5.6093737628E-02
    8.1599800000E-03    1.1135423745E+00   -2.5365903688E-01   -5.5921966768E+00    5.5550552907E-02
    8.1999800000E-03    1.1030543280E+00   -2.5622599605E-01   -5.5166966081E+00    5.5016051190E-02
    8.2399800000E-03    1.0880802181E+00   -2.5958707443E-01   -5.4165325190E+00    5.4488678973E-02
    8.2799800000E-03    1.0677446291E+00   -2.6307113337E-01   -5.2909077726E+00    5.3961780467E-02
    8.3199800000E-03    1.0408007054E+00   -2.6531178408E-01   -5.1381493906E+00    5.3440478067E-02
    8.3599800000E-03    1.0053498422E+00   -2.6376466556E-01   -4.9540421824E+00    5.2938891213E-02
    8.3999800000E-03    9.5936946059E-01   -2.5373491219E-01   -4.7322235139E+00    5.2446310283E-02
    8.4399800000E-03    9.0253806528E-01   -2.2789823992E-01   -4.4666923373E+00    5.1973036492E-02
    8.4799800000E-03    8.3794077898E-01   -1.7789309304E-01   -4.1525883208E+00    5.1535285348E-02
    8.5199800000E-03    7.7312146077E-01   -9.7413274438E-02   -3.7861240601E+00    5.1149515073E-02
    8.5599800000E-03    7.2205562492E-01    1.3992160415E-02   -3.3669590212E+00    5.0829633748E-02
    8.5999800000E-03    7.0541680713E-01    1.4702164034E-01   -2.9036500776E+00    5.0591382978E-02
    8.6399800000E-03    7.4081778649E-01    2.8025481506E-01   -2.4225037988E+00    5.0497600306E-02
    8.6799800000E-03    8.2470725386E-01    3.8642678489E-01   -1.9575597387E+00    5.0546883868E-02
    8.7199800000E-03    9.3556087594E-01    4.4446232384E-01   -1.5326764291E+00    5.0661615060E-02
    8.7599800000E-03    1.0480214737E+00    4.4623196164E-01   -1.1582815148E+00    5.0731665670E-02
    8.7999800000E-03    1.1393439946E+00    4.0009255203E-01   -8.3878693533E-01    5.0639817634E-02
    8.8399800000E-03    1.2004719241E+00    3.2676645471E-01   -5.7493620941E-01    5.0395177507E-02
    8.8799800000E-03    1.2354200084E+00    2.4580558215E-01   -3.6479207571E-01    5.0046698328E-02
    8.9199800000E-03    1.2526308023E+00    1.7147751312E-01   -2.0491002386E-01    4.9667378895E-02
    8.9599800000E-03    1.2600198517E+00    1.1099578582E-01   -8.7587193064E-02    4.9345997086E-02
    8.9999800000E-03    1.2627450200E+00    6.3684575029E-02   -1.2752404647E-04    4.9144462667E-02
    9.0399800000E-03    1.2632896227E+00    2.3861345782E-02    7.2194106041E-02    4.9081585267E-02
    9.0799800000E-03    1.2623444998E+00   -1.5826677617E-02    1.4404984291E-01    4.9163363731E-02
    9.1199800000E-03    1.2592192898E+00   -6.2977569909E-02    2.3037944661E-01    4.9402549175E-02
    9.1599800000E-03    1.2514346708E+00   -1.2399956607E-01    3.4687175098E-01    4.9805504303E-02
    9.1999800000E-03    1.2338055325E+00   -2.0030027882E-01    5.0788625747E-01    5.0331059564E-02
    9.2399800000E-03    1.1984379652E+00   -2.8409237479E-01    7.2277750311E-01    5.0888463778E-02
    9.2799800000E-03    1.1374405523E+00   -3.5888408265E-01    9.9624607551E-01    5.1382933354E-02
    9.3199800000E-03    1.0491063365E+00   -4.0208085458E-01    1.3305670798E+00    5.1726970842E-02
    9.3599800000E-03    9.4691631425E-01   -3.9304222772E-01    1.7216191408E+00    5.1869469278E-02
    9.3999800000E-03    8.5712716619E-01   -3.2898483090E-01    2.1579297899E+00    5.1869673318E-02
    9.4399800000E-03    8.0498818733E-01   -2.2520114908E-01    2.6195195171E+00    5.1806605462E-02
    9.4799800000E-03    8.0342876413E-01   -1.0786071119E-01    3.0768056171E+00    5.1743447000E-02
    9.5199800000E-03    8.4654765880E-01   -4.2184202432E-03    3.5021882077E+00    5.1667904311E-02
    9.5599800000E-03    9.1439697017E-01    6.7036039299E-02    3.8806736390E+00    5.1580169211E-02
    9.5999800000E-03    9.8356245326E-01    1.0188915921E-01    4.2075548458E+00    5.1463639360E-02
    9.6399800000E-03    1.0389763088E+00    1.1059025923E-01    4.4832001272E+00    5.1361012094E-02
    9.6799800000E-03    1.0784829297E+00    1.0608669202E-01    4.7105834552E+00    5.1306748358E-02
    9.7199800000E-03    1.1055397560E+00    9.6617360324E-02    4.8945803616E+00    5.1308551663E-02
    9.7599800000E-03    1.1237914362E+00    8.6297702205E-02    5.0396959204E+00    5.1366710501E-02
    9.7999800000E-03    1.1357850498E+00    7.7243589218E-02    5.1490313364E+00    5.1474506249E-02
    9.8399800000E-03    1.1431465985E+00    7.0650611680E-02    5.2246826887E+00    5.1621723518E-02
    9.8799800000E-03    1.1468673062E+00    6.7183669016E-02    5.2681243000E+00    5.1795847102E-02
    9.9199800000E-03    1.1474610418E+00    6.7151237990E-02    5.2802553550E+00    5.1984955601E-02
    9.9599800000E-03    1.1450311335E+00    7.0610671368E-02    5.2613566723E+00    5.2178140768E-02
    9.9999800000E-03    1.1392862101E+00    7.7395160252E-02    5.2110754830E+00    5.2363990547E-02
    1.0039980000E-02    1.1295113398E+00    8.7056617961E-02    5.1284544696E+00    5.2529274078E-02
    1.0079980000E-02    1.1144754846E+00    9.8736900957E-02    5.0119508278E+00    5.2660347802E-02
    1.0119980000E-02    1.0922376399E+00    1.1092981582E-01    4.8592925650E+00    5.2748257631E-02
    1.0159980000E-02    1.0598584355E+00    1.2091168248E-01    4.6669943199E+00    5.2791904326E-02
    1.0199980000E-02    1.0134848258E+00    1.2333252607E-01    4.4300977657E+00    5.2796489681E-02
    1.0239980000E-02    9.5072723333E-01    1.0817836610E-01    4.1436575134E+00    5.2770137780E-02
    1.0279980000E-02    8.7744262756E-01    6.2129694755E-02    3.8045920428E+00    5.2739481095E-02
    1.0319980000E-02    8.1246009130E-01   -2.1656960802E-02    3.4126533305E+00    5.2720114738E-02
    1.0359980000E-02    7.7926438929E-01   -1.3473502907E-01    2.9745351725E+00    5.2715919457E-02
    1.0399980000E-02    7.9606874606E-01   -2.5524300138E-01    2.5097769702E+00    5.2694543304E-02
    1.0439980000E-02    8.6372592976E-01   -3.5438702887E-01    2.0491828283E+00    5.2645263317E-02
    1.0479980000E-02    9.6405721398E-01   -4.0730148388E-01    1.6209518367E+00    5.2653254837E-02
    1.0519980000E-02    1.0696404110E+00   -4.0199265672E-01    1.2418207137E+00    5.2816976213E-02
    1.0559980000E-02    1.1551865926E+00   -3.4629581760E-01    9.2152004907E-01    5.3197614762E-02
    1.0599980000E-02    1.2112243602E+00   -2.6356566817E-01    6.6236439815E-01    5.3729966189E-02
    1.0639980000E-02    1.2422287116E+00   -1.7604446117E-01    4.6154386252E-01    5.4316417091E-02
    1.0679980000E-02    1.2570451691E+00   -9.9125470359E-02    3.1329254542E-01    5.4843427275E-02
    1.0719980000E-02    1.2633724245E+00   -3.8127272488E-02    2.0583678291E-01    5.5209867601E-02
    1.0759980000E-02    1.2657173475E+00    1.1118359185E-02    1.2240829677E-01    5.5383894688E-02
    1.0799980000E-02    1.2658598712E+00    5.6905351644E-02    4.5435122601E-02    5.5377121449E-02
    1.0839980000E-02    1.2636470662E+00    1.0798457378E-01   -4.2089880858E-02    5.5204665329E-02
    1.0879980000E-02    1.2568961940E+00    1.7141854625E-01   -1.5670697039E-01    5.4894806992E-02
    1.0919980000E-02    1.2405469986E+00    2.4896440436E-01   -3.1250991110E-01    5.4524044393E-02
    1.0959980000E-02    1.2064136882E+00    3.3380237641E-01   -5.1786558987E-01    5.4200025258E-02
    1.0999980000E-02    1.1452717430E+00    4.1174953812E-01   -7.7610931090E-01    5.4007746091E-02
    1.1039980000E-02    1.0516943617E+00    4.6350245818E-01   -1.0886626793E+00    5.4001067531E-02
    1.1079980000E-02    9.3287762768E-01    4.6785432587E-01   -1.4550601344E+00    5.4180404473E-02
    1.1119980000E-02    8.1075687908E-01    4.1377711234E-01   -1.8732836284E+00    5.4390370231E-02
    1.1159980000E-02    7.1095909204E-01    3.0634681541E-01   -2.3374038778E+00    5.4492989993E-02
    1.1199980000E-02    6.5814140366E-01    1.6488779893E-01   -2.8289863903E+00    5.4389025661E-02
    1.1239980000E-02    6.6108188032E-01    1.7183394064E-02   -3.3132651300E+00    5.4061241118E-02
    1.1279980000E-02    7.0461364678E-01   -1.1369598591E-01   -3.7581498518E+00    5.3534941618E-02
    1.1319980000E-02    7.6876476771E-01   -2.1556859705E-01   -4.1514236615E+00    5.2880976927E-02
    1.1359980000E-02    8.4097151954E-01   -2.8418591580E-01   -4.4910237566E+00    5.2169994540E-02
    1.1399980000E-02    9.1074462863E-01   -3.2266552253E-01   -4.7804256517E+00    5.1459135445E-02
    1.1439980000E-02    9.7090384031E-01   -3.3915075932E-01   -5.0253371499E+00    5.0753777025E-02
    1.1479980000E-02    1.0195434653E+00   -3.4247637495E-01   -5.2327587457E+00    5.0066045730E-02
    1.1519980000E-02    1.0576459152E+00   -3.3915604167E-01   -5.4084247229E+00    4.9436087248E-02
    1.1559980000E-02    1.0869454332E+00   -3.3291975750E-01   -5.5557814881E+00    4.8850613930E-02
    1.1599980000E-02    1.1091640431E+00   -3.2564259800E-01   -5.6774263658E+00    4.8280252274E-02
    1.1639980000E-02    1.1256784192E+00   -3.1830525028E-01   -5.7749401232E+00    4.7714626113E-02
    1.1679980000E-02    1.1375171222E+00   -3.1157852045E-01   -5.8490968259E+00    4.7148251776E-02
    1.1719980000E-02    1.1454649330E+00   -3.0601739570E-01   -5.9006595931E+00    4.6574880336E-02
    1.1759980000E-02    1.1500892465E+00   -3.0203391856E-01   -5.9304882002E+00    4.5994621169E-02
    1.1799980000E-02    1.1517276493E+00   -2.9991089457E-01   -5.9391957622E+00    4.5412743644E-02
    1.1839980000E-02    1.1504914507E+00   -2.9976206446E-01   -5.9269057003E+00    4.4835591060E-02
    1.1879980000E-02    1.1462653059E+00   -3.0154078756E-01   -5.8932100559E+00    4.4269058906E-02
    1.1919980000E-02    1.1387036340E+00   -3.0502964305E-01   -5.8372759779E+00    4.3716288627E-02
    1.1959980000E-02    1.1272354763E+00   -3.0983707833E-01   -5.7581397436E+00    4.3174581747E-02
    1.1999980000E-02    1.1110783488E+00   -3.1541618997E-01   -5.6549854156E+00    4.2637402701E-02
    1.2039980000E-02    1.0892172295E+00   -3.2105777792E-01   -5.5268491965E+00    4.2100117889E-02
    1.2079980000E-02    1.0603655701E+00   -3.2564879639E-01   -5.3719835155E+00    4.1550701893E-02
    1.2119980000E-02    1.0230135145E+00   -3.2707444767E-01   -5.1878389256E+00    4.0969075369E-02
    1.2159980000E-02    9.7562793508E-01   -3.2133274962E-01   -4.9706386497E+00    4.0366084319E-02
    1.2199980000E-02    9.1732813876E-01   -3.0193828439E-01   -4.7141712288E+00    3.9780394161E-02
    1.2239980000E-02    8.5039199437E-01   -2.6052627403E-01   -4.4123706765E+00    3.9217483206E-02
    1.2279980000E-02    7.8200516214E-01   -1.8979950775E-01   -4.0606457539E+00    3.8688253452E-02
    1.2319980000E-02    7.2274687730E-01   -8.7641060541E-02   -3.6577468297E+00    3.8246086753E-02
    1.2359980000E-02    6.8685655672E-01    4.0622072683E-02   -3.2081134296E+00    3.7922756666E-02
    1.2399980000E-02    6.9297036273E-01    1.8064461066E-01   -2.7287113625E+00    3.7765078147E-02
    1.2439980000E-02    7.4959426689E-01    3.0897750256E-01   -2.2512383589E+00    3.7776215322E-02
    1.2479980000E-02    8.4457340166E-01    4.0168982377E-01   -1.8054420882E+00    3.7934402378E-02
    1.2519980000E-02    9.5548129125E-01    4.4468561839E-01   -1.4065003570E+00    3.8161056628E-02
    1.2559980000E-02    1.0601921695E+00    4.3699930969E-01   -1.0590652586E+00    3.8345747527E-02
    1.2599980000E-02    1.1421574621E+00    3.9056418439E-01   -7.6384904939E-01    3.8390383429E-02
    1.2639980000E-02    1.1967612984E+00    3.2389849256E-01   -5.1984057310E-01    3.8301151895E-02
    1.2679980000E-02    1.2285655269E+00    2.5284178400E-01   -3.2480812796E-01    3.8108315750E-02
    1.2719980000E-02    1.2449316599E+00    1.8849154319E-01   -1.7555911745E-01    3.7867565358E-02
    1.2759980000E-02    1.2524834906E+00    1.3643735831E-01   -6.5809771698E-02    3.7643315969E-02
    1.2799980000E-02    1.2556452414E+00    9.6783089624E-02    1.3947127610E-02    3.7479956629E-02
    1.2839980000E-02    1.2567878933E+00    6.6194636397E-02    7.4303027274E-02    3.7392661654E-02
    1.2879980000E-02    1.2569537513E+00    4.0203051486E-02    1.2523973663E-01    3.7382382797E-02
    1.2919980000E-02    1.2564124667E+00    1.4154155885E-02    1.7605574857E-01    3.7451577355E-02
    1.2959980000E-02    1.2548409989E+00   -1.6802081202E-02    2.3628826088E-01    3.7612059982E-02
    1.2999980000E-02    1.2511074552E+00   -5.7784430558E-02    3.1678477932E-01    3.7884623307E-02
    1.3039980000E-02    1.2426285456E+00   -1.1313393035E-01    4.2989230054E-01    3.8283849694E-02
    1.3079980000E-02    1.2245441038E+00   -1.8316689097E-01    5.8748365691E-01    3.8787484241E-02
    1.3119980000E-02    1.1898013805E+00   -2.6044716525E-01    7.9803164542E-01    3.9331071230E-02
    1.3159980000E-02    1.1316439623E+00   -3.2937538193E-01    1.0666054509E+00    3.9834033721E-02
    1.3199980000E-02    1.0494885522E+00   -3.6826116254E-01    1.3958182052E+00    4.0209262695E-02
    1.3239980000E-02    9.5654820420E-01   -3.5799730343E-01    1.7814586322E+00    4.0395293200E-02
    1.3279980000E-02    8.7728923772E-01   -2.9620950097E-01    2.2113813705E+00    4.0424207315E-02
    1.3319980000E-02    8.3447655257E-01   -1.9778637603E-01    2.6650686559E+00    4.0357458432E-02
    1.3359980000E-02    8.3799551683E-01   -8.7758584906E-02    3.1146586486E+00    4.0237241960E-02
    1.3399980000E-02    8.8180645394E-01    8.2753786279E-03    3.5354881848E+00    4.0072735224E-02
    1.3439980000E-02    9.4706751994E-01    7.2710901600E-02    3.9142135621E+00    3.9830867862E-02
    1.3479980000E-02    1.0120631570E+00    1.0218806592E-01    4.2453284612E+00    3.9531429346E-02
    1.3519980000E-02    1.0642837857E+00    1.0596662597E-01    4.5261666856E+00    3.9270127444E-02
    1.3559980000E-02    1.1018210894E+00    9.6325146192E-02    4.7580324786E+00    3.9078451790E-02
    1.3599980000E-02    1.1274119481E+00    8.1988971014E-02    4.9451123851E+00    3.8958704218E-02
    1.3639980000E-02    1.1443882091E+00    6.7602636091E-02    5.0918014437E+00    3.8901709064E-02
    1.3679980000E-02    1.1552771826E+00    5.5522946927E-02    5.2013508649E+00    3.8891027965E-02
    1.3719980000E-02    1.1617595013E+00    4.6984275797E-02    5.2760616737E+00    3.8912515889E-02
    1.3759980000E-02    1.1648725834E+00    4.2604066217E-02    5.3176199573E+00    3.8954682377E-02
    1.3799980000E-02    1.1651426376E+00    4.2636203321E-02    5.3270547860E+00    3.9008233854E-02
    1.3839980000E-02    1.1626476125E+00    4.7099876220E-02    5.3046227834E+00    3.9065284201E-02
    1.3879980000E-02    1.1570305486E+00    5.5802616021E-02    5.2497836658E+00    3.9117234366E-02
    1.3919980000E-02    1.1474667331E+00    6.8257411992E-02    5.1612777274E+00    3.9153089254E-02
    1.3959980000E-02    1.1325724561E+00    8.3498896203E-02    5.0372392598E+00    3.9159833544E-02
    1.3999980000E-02    1.1102291909E+00    9.9758951710E-02    4.8751040031E+00    3.9123513702E-02
    1.4039980000E-02    1.0773804925E+00    1.1375791426E-01    4.6711323957E+00    3.9031994361E-02
    1.4079980000E-02    1.0304515477E+00    1.1915285343E-01    4.4205888872E+00    3.8883359339E-02
    1.4119980000E-02    9.6812330088E-01    1.0505399526E-01    4.1198317117E+00    3.8690760657E-02
    1.4159980000E-02    8.9740876608E-01    5.8890742169E-02    3.7682483535E+00    3.8512702642E-02
    1.4199980000E-02    8.3730441330E-01   -2.3831520799E-02    3.3686902952E+00    3.8389982717E-02
    1.4239980000E-02    8.0996588381E-01   -1.3239804284E-01    2.9298508511E+00    3.8290770446E-02
    1.4279980000E-02    8.2964158953E-01   -2.4412020520E-01    2.4720624630E+00    3.8209738538E-02
    1.4319980000E-02    8.9458198227E-01   -3.3196299655E-01    2.0237321001E+00    3.8162851382E-02
    1.4359980000E-02    9.8725022998E-01   -3.7397403714E-01    1.6105455552E+00    3.8218761552E-02
    1.4399980000E-02    1.0820215867E+00   -3.6187403321E-01    1.2480394963E+00    3.8444759353E-02
    1.4439980000E-02    1.1575296918E+00   -3.0607766315E-01    9.4485585186E-01    3.8856309734E-02
    1.4479980000E-02    1.2069626134E+00   -2.2894093228E-01    7.0165693228E-01    3.9377774187E-02
    1.4519980000E-02    1.2347385552E+00   -1.5044817944E-01    5.1473477253E-01    3.9919855283E-02
    1.4559980000E-02    1.2485361009E+00   -8.3368738754E-02    3.7779918240E-01    4.0395154783E-02
    1.4599980000E-02    1.2548368977E+00   -3.1653487929E-02    2.8032789402E-01    4.0743545815E-02
    1.4639980000E-02    1.2575592471E+00    7.6609514111E-03    2.0903509606E-01    4.0957042919E-02
    1.4679980000E-02    1.2585642325E+00    4.0181855021E-02    1.5100980787E-01    4.1054977077E-02
    1.4719980000E-02    1.2584725434E+00    7.1729451119E-02    9.4688490994E-02    4.1054464149E-02
    1.4759980000E-02    1.2570438756E+00    1.0782959684E-01    2.9085575932E-02    4.0964292899E-02
    1.4799980000E-02    1.2530328839E+00    1.5343369191E-01   -5.7048788634E-02    4.0794838914E-02
    1.4839980000E-02    1.2435987371E+00    2.1155256772E-01   -1.7485155647E-01    4.0577393608E-02
    1.4879980000E-02    1.2236360782E+00    2.8077539702E-01   -3.3330947654E-01    4.0374950815E-02
    1.4919980000E-02    1.1859372840E+00    3.5395343804E-01   -5.3755108472E-01    4.0262246224E-02
    1.4959980000E-02    1.1231301194E+00    4.1889865054E-01   -7.8985217712E-01    4.0296454542E-02
    1.4999980000E-02    1.0317853366E+00    4.5918966377E-01   -1.0918240740E+00    4.0507907266E-02
    1.5039980000E-02    9.1873193275E-01    4.5732932727E-01   -1.4441769179E+00    4.0866529113E-02
    1.5079980000E-02    8.0129895319E-01    4.0291888100E-01   -1.8479904580E+00    4.1231382608E-02
    1.5119980000E-02    7.0199368751E-01    2.9743736272E-01   -2.3005058868E+00    4.1483611554E-02
    1.5159980000E-02    6.4389785097E-01    1.5624944081E-01   -2.7882181303E+00    4.1526712730E-02
    1.5199980000E-02    6.3813228890E-01    4.2489644192E-03   -3.2806563519E+00    4.1298828624E-02
    1.5239980000E-02    6.7611484614E-01   -1.3594636506E-01   -3.7445265791E+00    4.0813306511E-02
    1.5279980000E-02    7.4173300042E-01   -2.4923055805E-01   -4.1617331663E+00    4.0150356447E-02
    1.5319980000E-02    8.2193337871E-01   -3.2737135670E-01   -4.5267798815E+00    3.9361566770E-02
    1.5359980000E-02    9.0289168572E-01   -3.7109562192E-01   -4.8413281817E+00    3.8543231885E-02
    1.5399980000E-02    9.7485746030E-01   -3.8820260289E-01   -5.1112894158E+00    3.7733371300E-02
    1.5439980000E-02    1.0339790813E+00   -3.8846755604E-01   -5.3427039477E+00    3.6974549627E-02
    1.5479980000E-02    1.0805947098E+00   -3.7935380333E-01   -5.5404420520E+00    3.6267797653E-02
    1.5519980000E-02    1.1167633140E+00   -3.6511086615E-01   -5.7092092550E+00    3.5600546405E-02
    1.5559980000E-02    1.1444570791E+00   -3.4806065441E-01   -5.8519560268E+00    3.4970605835E-02
    1.5599980000E-02    1.1652609578E+00   -3.2998508275E-01   -5.9707151705E+00    3.4380283052E-02
    1.5639980000E-02    1.1804071233E+00   -3.1258598693E-01   -6.0667094386E+00    3.3837791513E-02
    1.5679980000E-02    1.1909578120E+00   -2.9732742441E-01   -6.1406245948E+00    3.3336672536E-02
    1.5719980000E-02    1.1978651067E+00   -2.8527004161E-01   -6.1932083209E+00    3.2865530100E-02
    1.5759980000E-02    1.2018856883E+00   -2.7709170165E-01   -6.2252408016E+00    3.2415287690E-02
    1.5799980000E-02    1.2035100060E+00   -2.7317494942E-01   -6.2372935512E+00    3.1978204596E-02
    1.5839980000E-02    1.2029425809E+00   -2.7369695856E-01   -6.2295613601E+00    3.1546789859E-02
    1.5879980000E-02    1.2000939862E+00   -2.7866206522E-01   -6.2017907335E+00    3.1113548380E-02
    1.5919980000E-02    1.1945745256E+00   -2.8787247362E-01   -6.1533041885E+00    3.0670995037E-02
    1.5959980000E-02    1.1857009883E+00   -3.0084688483E-01   -6.0831168739E+00    3.0211147384E-02
    1.5999980000E-02    1.1725307578E+00   -3.1668924106E-01   -5.9901476559E+00    2.9724449956E-02
    1.6039980000E-02    1.1539314229E+00   -3.3402055062E-01   -5.8733596953E+00    2.9202882361E-02
    1.6079980000E-02    1.1285820861E+00   -3.5110789550E-01   -5.7314356690E+00    2.8648936639E-02
    1.6119980000E-02    1.0948921973E+00   -3.6600248912E-01   -5.5623629467E+00    2.8065479082E-02
    1.6159980000E-02    1.0510226821E+00   -3.7623417572E-01   -5.3632867540E+00    2.7451506080E-02
    1.6199980000E-02    9.9516095234E-01   -3.7769107013E-01   -5.1298921422E+00    2.6806283482E-02
    1.6239980000E-02    9.2694634892E-01   -3.6333444991E-01   -4.8576052116E+00    2.6144103706E-02
    1.6279980000E-02    8.4966373997E-01   -3.2402905262E-01   -4.5410684750E+00    2.5503561856E-02
    1.6319980000E-02    7.7216085811E-01   -2.5221330294E-01   -4.1752352755E+00    2.4915570235E-02
    1.6359980000E-02    7.0787203549E-01   -1.4662339265E-01   -3.7598662661E+00    2.4450986209E-02
    1.6399980000E-02    6.7030956001E-01   -1.4896143421E-02   -3.3021626183E+00    2.4140642084E-02
    1.6439980000E-02    6.7310893325E-01    1.2791489268E-01   -2.8207333208E+00    2.4032628092E-02
    1.6479980000E-02    7.2186960849E-01    2.6077056688E-01   -2.3457484466E+00    2.4142007105E-02
    1.6519980000E-02    8.0696861202E-01    3.6235711496E-01   -1.9045617316E+00    2.4421967860E-02
    1.6559980000E-02    9.0911871105E-01    4.1996074853E-01   -1.5106317135E+00    2.4802260097E-02
    1.6599980000E-02    1.0089775483E+00    4.3304734502E-01   -1.1670934265E+00    2.5201974625E-02
    1.6639980000E-02    1.0930230034E+00    4.1034270391E-01   -8.7171281375E-01    2.5527476898E-02
    1.6679980000E-02    1.1551561766E+00    3.6498086379E-01   -6.2238962872E-01    2.5734588670E-02
    1.6719980000E-02    1.1962188535E+00    3.0996743104E-01   -4.1662369834E-01    2.5824797457E-02
    1.6759980000E-02    1.2208019146E+00    2.5527922681E-01   -2.5210814293E-01    2.5820934278E-02
    1.6799980000E-02    1.2342732414E+00    2.0757591004E-01   -1.2612611501E-01    2.5764220924E-02
    1.6839980000E-02    1.2411424998E+00    1.7003366970E-01   -3.4114170401E-02    2.5695515181E-02
    1.6879980000E-02    1.2444557090E+00    1.4296548186E-01    2.9899133461E-02    2.5639757072E-02
    1.6919980000E-02    1.2459723931E+00    1.2516953516E-01    7.1790748871E-02    2.5604790801E-02
    1.6959980000E-02    1.2465997121E+00    1.1515575641E-01    9.6184678614E-02    2.5587932089E-02
    1.6999980000E-02    1.2467516769E+00    1.1182535726E-01    1.0599102833E-01    2.5581977017E-02
    1.7039980000E-02    1.2465545682E+00    1.1472784092E-01    1.0233726385E-01    2.5578395875E-02
    1.7079980000E-02    1.2459190133E+00    1.2411622452E-01    8.4593683613E-02    2.5568813051E-02
    1.7119980000E-02    1.2444986499E+00    1.4089492705E-01    5.0382297861E-02    2.5546364858E-02
    1.7159980000E-02    1.2415275836E+00    1.6640173842E-01   -4.3625802576E-03    2.5508480327E-02
    1.7199980000E-02    1.2355188351E+00    2.0184085240E-01   -8.5034894849E-02    2.5462301137E-02
    1.7239980000E-02    1.2238698319E+00    2.4723307849E-01   -1.9737709728E-01    2.5431482420E-02
    1.7279980000E-02    1.2026125178E+00    3.0018458635E-01   -3.4599847904E-01    2.5457496342E-02
    1.7319980000E-02    1.1667611172E+00    3.5519154159E-01   -5.3352700903E-01    2.5587864786E-02
    1.7359980000E-02    1.1115406779E+00    4.0378319328E-01   -7.6168959828E-01    2.5855144693E-02
    1.7399980000E-02    1.0345381638E+00    4.3486189411E-01   -1.0327081277E+00    2.6268358051E-02
    1.7439980000E-02    9.3835612402E-01    4.3609068291E-01   -1.3489955060E+00    2.6794454908E-02
    1.7479980000E-02    8.3219320556E-01    3.9651727536E-01   -1.7138381544E+00    2.7364554065E-02
    1.7519980000E-02    7.3280521601E-01    3.1042652907E-01   -2.1296141795E+00    2.7861192075E-02
    1.7559980000E-02    6.6082218840E-01    1.8411626210E-01   -2.5907002507E+00    2.8192075219E-02
    1.7599980000E-02    6.3208286981E-01    3.5211389815E-02   -3.0797205031E+00    2.8272553401E-02
    1.7639980000E-02    6.5072495852E-01   -1.1443636469E-01   -3.5661734406E+00    2.8071461085E-02
    1.7679980000E-02    7.0931426619E-01   -2.4494207341E-01   -4.0213983447E+00    2.7609223792E-02
    1.7719980000E-02    7.9410288638E-01   -3.4115574947E-01   -4.4301209149E+00    2.6984535478E-02
    1.7759980000E-02    8.8822946845E-01   -3.9684054408E-01   -4.7876890663E+00    2.6275590562E-02
    1.7799980000E-02    9.7653283251E-01   -4.1670554121E-01   -5.0974647930E+00    2.5563425822E-02
    1.7839980000E-02    1.0509648008E+00   -4.1077496859E-01   -5.3647855717E+00    2.4899919690E-02
    1.7879980000E-02    1.1094652694E+00   -3.8836683246E-01   -5.5937656406E+00    2.4323077884E-02
    1.7919980000E-02    1.1530115968E+00   -3.5636179974E-01   -5.7881301049E+00    2.3845255536E-02
    1.7959980000E-02    1.1836584494E+00   -3.2022788418E-01   -5.9504422302E+00    2.3459840434E-02
    1.7999980000E-02    1.2039973297E+00   -2.8453572690E-01   -6.0822269635E+00    2.3156784650E-02
    1.8039980000E-02    1.2167593077E+00   -2.5279379667E-01   -6.1848266585E+00    2.2924925590E-02
    1.8079980000E-02    1.2243607940E+00   -2.2723002926E-01   -6.2600419846E+00    2.2745872107E-02
    1.8119980000E-02    1.2286250902E+00   -2.0889498267E-01   -6.3101419576E+00    2.2599836832E-02
    1.8159980000E-02    1.2307348754E+00   -1.9808923506E-01   -6.3372939099E+00    2.2471832160E-02
    1.8199980000E-02    1.2313166397E+00   -1.9482123705E-01   -6.3429457785E+00    2.2352437083E-02
    1.8239980000E-02    1.2305287342E+00   -1.9911263542E-01   -6.3274328055E+00    2.2235570713E-02
    1.8279980000E-02    1.2280821776E+00   -2.1108867400E-01   -6.2898561937E+00    2.2115216201E-02
    1.8319980000E-02    1.2231753710E+00   -2.3083499374E-01   -6.2282395390E+00    2.1982096038E-02
    1.8359980000E-02    1.2143697263E+00   -2.5801955713E-01   -6.1399803242E+00    2.1821295972E-02
    1.8399980000E-02    1.1995007034E+00   -2.9135383698E-01   -6.0225286663E+00    2.1612917639E-02
    1.8439980000E-02    1.1757796416E+00   -3.2814398859E-01   -5.8739024542E+00    2.1338466662E-02
    1.8479980000E-02    1.1401758907E+00   -3.6420595491E-01   -5.6924245900E+00    2.0986578050E-02
    1.8519980000E-02    1.0900274096E+00   -3.9396899831E-01   -5.4758608612E+00    2.0551567755E-02
    1.8559980000E-02    1.0237786547E+00   -4.1044863556E-01   -5.2208618941E+00    2.0039718988E-02
    1.8599980000E-02    9.4231875060E-01   -4.0488347449E-01   -4.9237324601E+00    1.9478706518E-02
    1.8639980000E-02    8.5133600715E-01   -3.6737895190E-01   -4.5805148318E+00    1.8913450396E-02
    1.8679980000E-02    7.6332298096E-01   -2.9083932977E-01   -4.1872356490E+00    1.8417261441E-02
    1.8719980000E-02    6.9530386695E-01   -1.7752400693E-01   -3.7475152537E+00    1.8060182972E-02
    1.8759980000E-02    6.6221674699E-01   -3.9732366767E-02   -3.2741998669E+00    1.7887971080E-02
    1.8799980000E-02    6.7207957921E-01    1.0362473013E-01   -2.7927979324E+00    1.7937903769E-02
    1.8839980000E-02    7.2245915390E-01    2.3242820650E-01   -2.3322454064E+00    1.8203796095E-02
    1.8879980000E-02    8.0153530578E-01    3.3013485600E-01   -1.9125886420E+00    1.8628366539E-02
    1.8919980000E-02    8.9283477329E-01    3.8867478247E-01   -1.5421204164E+00    1.9167410924E-02
    1.8959980000E-02    9.8057464654E-01    4.1063166242E-01   -1.2203787418E+00    1.9738179566E-02
    1.8999980000E-02    1.0554905486E+00    4.0512399398E-01   -9.4275713751E-01    2.0282651816E-02
    1.9039980000E-02    1.1143759492E+00    3.8178181944E-01   -7.0561278562E-01    2.0762684384E-02
    1.9079980000E-02    1.1576898051E+00    3.4850369704E-01   -5.0524828737E-01    2.1161334106E-02
    1.9119980000E-02    1.1875874191E+00    3.1159364529E-01   -3.3880645699E-01    2.1478609545E-02
    1.9159980000E-02    1.2069715288E+00    2.7599674063E-01   -2.0441531385E-01    2.1723007114E-02
    1.9199980000E-02    1.2188197326E+00    2.4523228218E-01   -1.0035255390E-01    2.1908890342E-02
    1.9239980000E-02    1.2256651253E+00    2.2132828270E-01   -2.4366034118E-02    2.2056375653E-02
    1.9279980000E-02    1.2293411548E+00    2.0507868442E-01    2.6194647739E-02    2.2183497206E-02
    1.9319980000E-02    1.2309835903E+00    1.9657179599E-01    5.3716595025E-02    2.2302503734E-02
    1.9359980000E-02    1.2311510832E+00    1.9567379288E-01    5.9726480099E-02    2.2420889689E-02
    1.9399980000E-02    1.2299295143E+00    2.0230272456E-01    4.4572823427E-02    2.2544342973E-02
    1.9439980000E-02    1.2269590311E+00    2.1646561824E-01    7.3957330498E-03    2.2680125380E-02
    1.9479980000E-02    1.2213786001E+00    2.3806931288E-01   -5.3630433861E-02    2.2840021449E-02
    1.9519980000E-02    1.2117279142E+00    2.6653572142E-01   -1.4079166903E-01    2.3041507099E-02
    1.9559980000E-02    1.1959049799E+00    3.0032832386E-01   -2.5618640820E-01    2.3304717946E-02
    1.9599980000E-02    1.1713126273E+00    3.3663889514E-01   -4.0135825009E-01    2.3644634268E-02
    1.9639980000E-02    1.1352306892E+00    3.7146572920E-01   -5.7762961315E-01    2.4071113949E-02
    1.9679980000E-02    1.0852763713E+00    3.9984970198E-01   -7.8689725833E-01    2.4593535599E-02
    1.9719980000E-02    1.0197532657E+00    4.1585817487E-01   -1.0322978295E+00    2.5213621504E-02
    1.9759980000E-02    9.3866892838E-01    4.1157378892E-01   -1.3178430576E+00    2.5904604273E-02
    1.9799980000E-02    8.4640322770E-01    3.7691923474E-01   -1.6479255018E+00    2.6623570732E-02
    1.9839980000E-02    7.5428245648E-01    3.0322721301E-01   -2.0281661034E+00    2.7308603400E-02
    1.9879980000E-02    6.7922209020E-01    1.9043472949E-01   -2.4584288540E+00    2.7868769678E-02
    1.9919980000E-02    6.3687698864E-01    4.9220580393E-02   -2.9302616895E+00    2.8230256137E-02
    1.9959980000E-02    6.3888739507E-01   -1.0273011623E-01   -3.4218190855E+00    2.8304269400E-02
    1.9999980000E-02    6.8814139046E-01   -2.4429335869E-01   -3.9018251357E+00    2.8104818665E-02
    2.0039980000E-02    7.7471740528E-01   -3.5441651363E-01   -4.3441310985E+00    2.7692083633E-02
    2.0079980000E-02    8.7967351690E-01   -4.1981752917E-01   -4.7375588536E+00    2.7148210622E-02
    2.0119980000E-02    9.8307926462E-01   -4.4009611462E-01   -5.0804563066E+00    2.6586998932E-02
    2.0159980000E-02    1.0715138078E+00   -4.2406955660E-01   -5.3764319466E+00    2.6105346319E-02
    2.0199980000E-02    1.1388412044E+00   -3.8361304972E-01   -5.6282028780E+00    2.5756780649E-02
    2.0239980000E-02    1.1849576017E+00   -3.3086073460E-01   -5.8381313079E+00    2.5554292461E-02
    2.0279980000E-02    1.2136710558E+00   -2.7580739643E-01   -6.0081812611E+00    2.5476853212E-02
    2.0319980000E-02    1.2300673498E+00   -2.2566501478E-01   -6.1402414917E+00    2.5483128129E-02
    2.0359980000E-02    1.2387866409E+00   -1.8452676941E-01   -6.2378321095E+00    2.5525768420E-02
    2.0399980000E-02    1.2431884965E+00   -1.5357082917E-01   -6.3062667955E+00    2.5570641499E-02
    2.0439980000E-02    1.2453316111E+00   -1.3208288761E-01   -6.3513201702E+00    2.5602173792E-02
    2.0479980000E-02    1.2463360100E+00   -1.1868648009E-01   -6.3778929398E+00    2.5618417643E-02
    2.0519980000E-02    1.2467523237E+00   -1.1218067471E-01   -6.3893399516E+00    2.5624363598E-02
    2.0559980000E-02    1.2468017022E+00   -1.1192445449E-01   -6.3872880787E+00    2.5627772966E-02
    2.0599980000E-02    1.2464830962E+00   -1.1796389446E-01   -6.3716211317E+00    2.5637235186E-02
    2.0639980000E-02    1.2455670639E+00   -1.3104006183E-01   -6.3404620374E+00    2.5660987885E-02
    2.0679980000E-02    1.2434718634E+00   -1.5247208512E-01   -6.2901589744E+00    2.5704948376E-02
    2.0719980000E-02    1.2389945320E+00   -1.8375862066E-01   -6.2154659915E+00    2.5768413592E-02
    2.0759980000E-02    1.2298991011E+00   -2.2566823262E-01   -6.1102667821E+00    2.5837179251E-02
    2.0799980000E-02    1.2125275823E+00   -2.7686673078E-01   -5.9689835697E+00    2.5878878817E-02
    2.0839980000E-02    1.1818808378E+00   -3.3276878318E-01   -5.7878541888E+00    2.5849733079E-02
    2.0879980000E-02    1.1326372140E+00   -3.8532408697E-01   -5.5645501786E+00    2.5714783528E-02
    2.0919980000E-02    1.0612789491E+00   -4.2320535043E-01   -5.2965958345E+00    2.5458660851E-02
    2.0959980000E-02    9.6954519741E-01   -4.3276285316E-01   -4.9816984128E+00    2.5095415666E-02
    2.0999980000E-02    8.6666747068E-01   -4.0215397622E-01   -4.6176226875E+00    2.4691325237E-02
    2.1039980000E-02    7.6892279859E-01   -3.2578242471E-01   -4.2033202639E+00    2.4346875403E-02
    2.1079980000E-02    6.9666588641E-01   -2.0920618860E-01   -3.7458364736E+00    2.4125822487E-02
    2.1119980000E-02    6.6642730914E-01   -6.9517811985E-02   -3.2643628361E+00    2.4107129693E-02
    2.1159980000E-02    6.8163682382E-01    7.1041310334E-02   -2.7893193281E+00    2.4301008674E-02
    2.1199980000E-02    7.3176703852E-01    1.9344066803E-01   -2.3477111796E+00    2.4681009059E-02
    2.1239980000E-02    8.0314501827E-01    2.8561382305E-01   -1.9522439858E+00    2.5200488071E-02
    2.1279980000E-02    8.8195960117E-01    3.4349340286E-01   -1.6070938737E+00    2.5818549552E-02
    2.1319980000E-02    9.5619619051E-01    3.7148726213E-01   -1.3095057466E+00    2.6470185076E-02
    2.1359980000E-02    1.0194449427E+00    3.7836263305E-01   -1.0537888780E+00    2.7130604610E-02
    2.1399980000E-02    1.0701830130E+00    3.7269381805E-01   -8.3510163082E-01    2.7762512615E-02
    2.1439980000E-02    1.1096209398E+00    3.6025019076E-01   -6.4882199480E-01    2.8364612875E-02
    2.1479980000E-02    1.1396698892E+00    3.4427736524E-01   -4.9120747644E-01    2.8936196770E-02
    2.1519980000E-02    1.1620739553E+00    3.2694132579E-01   -3.5982275387E-01    2.9478746466E-02
    2.1559980000E-02    1.1783076864E+00    3.1009019930E-01   -2.5293816720E-01    2.9986822415E-02
    2.1599980000E-02    1.1896015189E+00    2.9533220625E-01   -1.6942301293E-01    3.0462517435E-02
    2.1639980000E-02    1.1970130182E+00    2.8384988151E-01   -1.0823317608E-01    3.0915409177E-02
    2.1679980000E-02    1.2013828436E+00    2.7635488723E-01   -6.8304150971E-02    3.1354406221E-02
    2.1719980000E-02    1.2032753715E+00    2.7320089724E-01   -4.8759274802E-02    3.1787157080E-02
    2.1759980000E-02    1.2029561063E+00    2.7449517987E-01   -4.9086484975E-02    3.2221143391E-02
    2.1799980000E-02    1.2003943950E+00    2.8016384593E-01   -6.9216940302E-02    3.2663836097E-02
    2.1839980000E-02    1.1952696626E+00    2.8995470247E-01   -1.0951077463E-01    3.3122753819E-02
    2.1879980000E-02    1.1869796882E+00    3.0337583463E-01   -1.7064655742E-01    3.3606010677E-02
    2.1919980000E-02    1.1746805093E+00    3.1960375520E-01   -2.5341385196E-01    3.4123736112E-02
    2.1959980000E-02    1.1573736765E+00    3.3741152987E-01   -3.5849984828E-01    3.4686896265E-02
    2.1999980000E-02    1.1339519837E+00    3.5521374443E-01   -4.8671656543E-01    3.5295570528E-02
    2.2039980000E-02    1.1030563143E+00    3.7128356017E-01   -6.3965956288E-01    3.5940456121E-02
    2.2079980000E-02    1.0629428219E+00    3.8374426835E-01   -8.1962276272E-01    3.6623981358E-02
    2.2119980000E-02    1.0115104480E+00    3.8968975531E-01   -1.0302967395E+00    3.7348809406E-02
    2.2159980000E-02    9.4708175119E-01    3.8366305753E-01   -1.2766443345E+00    3.8132760789E-02
    2.2199980000E-02    8.7075666890E-01    3.5695660244E-01   -1.5637241318E+00    3.8949331584E-02
    2.2239980000E-02    7.8862614084E-01    2.9994328204E-01   -1.8980917514E+00    3.9765743569E-02
    2.2279980000E-02    7.1270336739E-01    2.0713125505E-01   -2.2843590817E+00    4.0511657201E-02
    2.2319980000E-02    6.5663696254E-01    8.1611190580E-02   -2.7214328742E+00    4.1111544988E-02
    2.2359980000E-02    6.3436694385E-01   -6.5640733539E-02   -3.2002037126E+00    4.1500544438E-02
    2.2399980000E-02    6.6128388784E-01   -2.1633420767E-01   -3.6951017408E+00    4.1618642349E-02
    2.2439980000E-02    7.3853448077E-01   -3.4577196445E-01   -4.1713410605E+00    4.1477544633E-02
    2.2479980000E-02    8.4808661924E-01   -4.3163979041E-01   -4.6050821739E+00    4.1171003127E-02
    2.2519980000E-02    9.6632719206E-01   -4.6416099871E-01   -4.9880635870E+00    4.0790896473E-02
    2.2559980000E-02    1.0722449583E+00   -4.4706210277E-01   -5.3200029499E+00    4.0480238567E-02
    2.2599980000E-02    1.1521439035E+00   -3.9448388019E-01   -5.6017585412E+00    4.0344357034E-02
    2.2639980000E-02    1.2040004771E+00   -3.2435835077E-01   -5.8344157761E+00    4.0375672730E-02
    2.2679980000E-02    1.2335396345E+00   -2.5149461064E-01   -6.0197294694E+00    4.0534383419E-02
    2.2719980000E-02    1.2484400554E+00   -1.8617082942E-01   -6.1608568617E+00    4.0752928468E-02
    2.2759980000E-02    1.2551813362E+00   -1.3321511054E-01   -6.2645635364E+00    4.0957299919E-02
    2.2799980000E-02    1.2578978218E+00   -9.1930312693E-02   -6.3410438623E+00    4.1096680847E-02
    2.2839980000E-02    1.2586885418E+00   -5.8228428203E-02   -6.4016850387E+00    4.1150675531E-02
    2.2879980000E-02    1.2583355351E+00   -2.6811373322E-02   -6.4576292449E+00    4.1111403257E-02
    2.2919980000E-02    1.2567286059E+00    8.0095537535E-03   -6.5200314884E+00    4.0966951733E-02
    2.2959980000E-02    1.2527933769E+00    5.2122942984E-02   -6.6010450116E+00    4.0697255503E-02
    2.2999980000E-02    1.2438922891E+00    1.1047496497E-01   -6.7140548648E+00    4.0290017029E-02
    2.3039980000E-02    1.2249884122E+00    1.8355671109E-01   -6.8715950123E+00    3.9775648395E-02
    2.3079980000E-02    1.1887446356E+00    2.6356821100E-01   -7.0822965760E+00    3.9230967269E-02
    2.3119980000E-02    1.1281252851E+00    3.3433236883E-01   -7.3511386025E+00    3.8745883508E-02
    2.3159980000E-02    1.0424622555E+00    3.7372566944E-01   -7.6805789618E+00    3.8408502850E-02
    2.3199980000E-02    9.4536012216E-01    3.6256243236E-01   -8.0664885367E+00    3.8263815948E-02
    2.3239980000E-02    8.6168178705E-01    2.9876692302E-01   -8.4974068208E+00    3.8261164722E-02
    2.3279980000E-02    8.1496257775E-01    1.9734729659E-01   -8.9534816459E+00    3.8329094338E-02
    2.3319980000E-02    8.1640384301E-01    8.3672017677E-02   -9.4064079044E+00    3.8417731779E-02
    2.3359980000E-02    8.6036738138E-01   -1.5965286227E-02   -9.8299689995E+00    3.8524120666E-02
    2.3399980000E-02    9.2792787773E-01   -8.3316467349E-02   -1.0209421506E+01    3.8668041935E-02
    2.3439980000E-02    9.9671718120E-01   -1.1431735475E-01   -1.0539130624E+01    3.8861715033E-02
    2.3479980000E-02    1.0526008533E+00   -1.1839840539E-01   -1.0817883677E+01    3.9038322487E-02
    2.3519980000E-02    1.0930445897E+00   -1.0823620546E-01   -1.1047692723E+01    3.9162296412E-02
    2.3559980000E-02    1.1209152778E+00   -9.2725391964E-02   -1.1233015346E+01    3.9228529854E-02
    2.3599980000E-02    1.1397205505E+00   -7.6633575149E-02   -1.1378300287E+01    3.9244047246E-02
    2.3639980000E-02    1.1520990638E+00   -6.2450981392E-02   -1.1486716543E+01    3.9222589066E-02
    2.3679980000E-02    1.1598237970E+00   -5.1542171284E-02   -1.1560484914E+01    3.9177785142E-02
    2.3719980000E-02    1.1640204225E+00   -4.4636053828E-02   -1.1601217180E+01    3.9121948867E-02
    2.3759980000E-02    1.1653040965E+00   -4.2075483221E-02   -1.1609876367E+01    3.9064955540E-02
    2.3799980000E-02    1.1638427490E+00   -4.3957504091E-02   -1.1586662702E+01    3.9014814085E-02
    2.3839980000E-02    1.1593695053E+00   -5.0170850061E-02   -1.1530977334E+01    3.8979813287E-02
    2.3879980000E-02    1.1511494119E+00   -6.0326833111E-02   -1.1441492174E+01    3.8970188814E-02
    2.3919980000E-02    1.1378898288E+00   -7.3583429946E-02   -1.1316269133E+01    3.8998435553E-02
    2.3959980000E-02    1.1175702943E+00   -8.8313673266E-02   -1.1152663107E+01    3.9080152713E-02
    2.3999980000E-02    1.0872668992E+00   -1.0137880126E-01   -1.0946890009E+01    3.9230096895E-02
    2.4039980000E-02    1.0435904434E+00   -1.0658035360E-01   -1.0694368669E+01    3.9452238046E-02
    2.4079980000E-02    9.8512929084E-01   -9.3283717695E-02   -1.0391809764E+01    3.9737241683E-02
    2.4119980000E-02    9.1769512444E-01   -4.9327642645E-02   -1.0039709817E+01    4.0023448840E-02
    2.4159980000E-02    8.5886762440E-01    3.0072812142E-02   -9.6419312656E+00    4.0225290728E-02
    2.4199980000E-02    8.3067224285E-01    1.3499400926E-01   -9.2062388910E+00    4.0370524306E-02
    2.4239980000E-02    8.4732759205E-01    2.4335856803E-01   -8.7514154075E+00    4.0469339488E-02
    2.4279980000E-02    9.0802509984E-01    3.2873074806E-01   -8.3046572840E+00    4.0503030700E-02
    2.4319980000E-02    9.9644680699E-01    3.6925877318E-01   -7.8918555134E+00    4.0413667236E-02
    2.4359980000E-02    1.0873887444E+00    3.5686021946E-01   -7.5293432938E+00    4.0145248899E-02
    2.4399980000E-02    1.1599166700E+00    3.0212608047E-01   -7.2262318500E+00    3.9703635689E-02
    2.4439980000E-02    1.2073829974E+00    2.2716522679E-01   -6.9830959584E+00    3.9172764766E-02
    2.4479980000E-02    1.2340073811E+00    1.5147871829E-01   -6.7960957077E+00    3.8636717706E-02
    2.4519980000E-02    1.2471860395E+00    8.7311753696E-02   -6.6589111860E+00    3.8171979372E-02
    2.4559980000E-02    1.2531675939E+00    3.8466281739E-02   -6.5613491940E+00    3.7827667050E-02
    2.4599980000E-02    1.2557525953E+00    2.3466622884E-03   -6.4909113914E+00    3.7606765654E-02
    2.4639980000E-02    1.2567930481E+00   -2.6003977358E-02   -6.4357617795E+00    3.7488842420E-02
    2.4679980000E-02    1.2570139074E+00   -5.1648452983E-02   -6.3856708424E+00    3.7456319022E-02
    2.4719980000E-02    1.2564695687E+00   -7.9358699458E-02   -6.3312751368E+00    3.7501997265E-02
    2.4759980000E-02    1.2545785948E+00   -1.1377283459E-01   -6.2629711095E+00    3.7625414459E-02
    2.4799980000E-02    1.2497653156E+00   -1.5906114558E-01   -6.1703422161E+00    3.7821194499E-02
    2.4839980000E-02    1.2387716448E+00   -2.1729255178E-01   -6.0429698597E+00    3.8061235322E-02
    2.4879980000E-02    1.2160730361E+00   -2.8593195809E-01   -5.8726616696E+00    3.8288497588E-02
    2.4919980000E-02    1.1743838355E+00   -3.5668476314E-01   -5.6547747758E+00    3.8438842885E-02
    2.4959980000E-02    1.1070590451E+00   -4.1614352056E-01   -5.3868108843E+00    3.8469036801E-02
    2.4999980000E-02    1.0129408286E+00   -4.4654528725E-01   -5.0668550814E+00    3.8354974503E-02
    2.5039980000E-02    9.0268897294E-01   -4.3108082306E-01   -4.6948414366E+00    3.8133667902E-02
    2.5079980000E-02    7.9637924217E-01   -3.6367750779E-01   -4.2726224208E+00    3.7929960099E-02
    2.5119980000E-02    7.1691278756E-01   -2.5162372653E-01   -3.8089636122E+00    3.7832482847E-02
    2.5159980000E-02    6.8387853152E-01   -1.1451511686E-01   -3.3262531906E+00    3.7901978937E-02
    2.5199980000E-02    6.9978037384E-01    2.2431115335E-02   -2.8575238459E+00    3.8143921326E-02
    2.5239980000E-02    7.4890274127E-01    1.3950336667E-01   -2.4290105626E+00    3.8524392028E-02
    2.5279980000E-02    8.1394657569E-01    2.2699529271E-01   -2.0500897088E+00    3.9017435882E-02
    2.5319980000E-02    8.8279042192E-01    2.8317754195E-01   -1.7224971134E+00    3.9565120821E-02
    2.5359980000E-02    9.4622305103E-01    3.1311191340E-01   -1.4427857187E+00    4.0139028121E-02
    2.5399980000E-02    9.9934798025E-01    3.2508630620E-01   -1.2057945337E+00    4.0735523294E-02
    2.5439980000E-02    1.0417833611E+00    3.2680390729E-01   -1.0048820180E+00    4.1333303190E-02
    2.5479980000E-02    1.0748999336E+00    3.2354200075E-01   -8.3496985151E-01    4.1898036469E-02
    2.5519980000E-02    1.1002562507E+00    3.1828832441E-01   -6.9303783752E-01    4.2439296190E-02
    2.5559980000E-02    1.1192674219E+00    3.1259414746E-01   -5.7688727126E-01    4.2975871464E-02
    2.5599980000E-02    1.1330898794E+00    3.0732313062E-01   -4.8519376052E-01    4.3514401505E-02
    2.5639980000E-02    1.1426212251E+00    3.0309813829E-01   -4.1715006906E-01    4.4060371774E-02
    2.5679980000E-02    1.1485436436E+00    3.0039247943E-01   -3.7186844573E-01    4.4619408139E-02
    2.5719980000E-02    1.1513221163E+00    2.9951822264E-01   -3.4840518188E-01    4.5191244870E-02
    2.5759980000E-02    1.1511925816E+00    3.0060872652E-01   -3.4610673846E-01    4.5771047812E-02
    2.5799980000E-02    1.1481622084E+00    3.0363499226E-01   -3.6481459198E-01    4.6352531930E-02
    2.5839980000E-02    1.1420126695E+00    3.0840140724E-01   -4.0489952369E-01    4.6929561112E-02
    2.5879980000E-02    1.1322964381E+00    3.1456619491E-01   -4.6713087994E-01    4.7498773339E-02
    2.5919980000E-02    1.1183426130E+00    3.2164007047E-01   -5.5235165726E-01    4.8063632268E-02
    2.5959980000E-02    1.0992591133E+00    3.2902533241E-01   -6.6125256677E-01    4.8630846671E-02
    2.5999980000E-02    1.0738662161E+00    3.3594640193E-01   -7.9489423702E-01    4.9205843238E-02
    2.6039980000E-02    1.0406033586E+00    3.4109954084E-01   -9.5538890819E-01    4.9808274646E-02
    2.6079980000E-02    9.9768248328E-01    3.4185566716E-01   -1.1456734276E+00    5.0467777146E-02
    2.6119980000E-02    9.4358343861E-01    3.3323240032E-01   -1.3700815862E+00    5.1169564529E-02
    2.6159980000E-02    8.7830904803E-01    3.0739018098E-01   -1.6354498265E+00    5.1875442503E-02
    2.6199980000E-02    8.0619456087E-01    2.5533442831E-01   -1.9481217841E+00    5.2589531269E-02
    2.6239980000E-02    7.3648030472E-01    1.7074677497E-01   -2.3133066464E+00    5.3285853040E-02
    2.6279980000E-02    6.8025744778E-01    5.4091430562E-02   -2.7317522578E+00    5.3880921355E-02
    2.6319980000E-02    6.5329933237E-01   -8.7041361844E-02   -3.1983388978E+00    5.4327746043E-02
    2.6359980000E-02    6.7639583359E-01   -2.3519781245E-01   -3.6909164545E+00    5.4545180235E-02
    2.6399980000E-02    7.5434850998E-01   -3.6361588534E-01   -4.1729570319E+00    5.4544083272E-02
    2.6439980000E-02    8.6808647204E-01   -4.4707697331E-01   -4.6164614046E+00    5.4376190510E-02
    2.6479980000E-02    9.9184108825E-01   -4.7283618736E-01   -5.0102828570E+00    5.4159221002E-02
    2.6519980000E-02    1.1006509823E+00   -4.4339165834E-01   -5.3512063796E+00    5.4059470910E-02
    2.6559980000E-02    1.1785564821E+00   -3.7632428778E-01   -5.6376900015E+00    5.4161632463E-02
    2.6599980000E-02    1.2256900301E+00   -2.9287908522E-01   -5.8704169927E+00    5.4426567072E-02
    2.6639980000E-02    1.2501145543E+00   -2.1007299579E-01   -6.0514141159E+00    5.4786424346E-02
    2.6679980000E-02    1.2610032939E+00   -1.3892928767E-01   -6.1860704438E+00    5.5141476926E-02
    2.6719980000E-02    1.2651344739E+00   -8.1998877656E-02   -6.2857843264E+00    5.5391157475E-02
    2.6759980000E-02    1.2660715519E+00   -3.4386373576E-02   -6.3663120002E+00    5.5485138081E-02
    2.6799980000E-02    1.2649380824E+00    1.2134733473E-02   -6.4445350633E+00    5.5405405952E-02
    2.6839980000E-02    1.2609910025E+00    6.6397231822E-02   -6.5377818506E+00    5.5136599761E-02
    2.6879980000E-02    1.2512271716E+00    1.3533417948E-01   -6.6636733819E+00    5.4681594409E-02
    2.6919980000E-02    1.2294989216E+00    2.1895470939E-01   -6.8370518483E+00    5.4109808000E-02
    2.6959980000E-02    1.1870623591E+00    3.0657480895E-01   -7.0664338495E+00    5.3536471709E-02
    2.6999980000E-02    1.1163020859E+00    3.7904008009E-01   -7.3558387572E+00    5.3067720904E-02
    2.7039980000E-02    1.0183516177E+00    4.1210568223E-01   -7.7062956637E+00    5.2793205816E-02
    2.7079980000E-02    9.1172227512E-01    3.8805559557E-01   -8.1114243281E+00    5.2719786219E-02
    2.7119980000E-02    8.2446093349E-01    3.0968372231E-01   -8.5586531711E+00    5.2752562339E-02
    2.7159980000E-02    7.8081603390E-01    1.9628554974E-01   -9.0253994556E+00    5.2794749137E-02
    2.7199980000E-02    7.9031758787E-01    7.6016399800E-02   -9.4804558981E+00    5.2798619189E-02
    2.7239980000E-02    8.4216614559E-01   -2.4498737422E-02   -9.8970868517E+00    5.2811635479E-02
    2.7279980000E-02    9.1424348708E-01   -8.9590302050E-02   -1.0263068946E+01    5.2835349783E-02
    2.7319980000E-02    9.8388973646E-01   -1.1869382509E-01   -1.0575705559E+01    5.2868086540E-02
    2.7359980000E-02    1.0385213586E+00   -1.2352428228E-01   -1.0837000994E+01    5.2880240390E-02
    2.7399980000E-02    1.0774448877E+00   -1.1642151287E-01   -1.1051051223E+01    5.2856772511E-02
    2.7439980000E-02    1.1043418733E+00   -1.0488323961E-01   -1.1223120838E+01    5.2791163129E-02
    2.7479980000E-02    1.1227008534E+00   -9.2701251876E-02   -1.1357481856E+01    5.2680870229E-02
    2.7519980000E-02    1.1349290360E+00   -8.1885221686E-02   -1.1456938745E+01    5.2530898270E-02
    2.7559980000E-02    1.1425835940E+00   -7.3574314158E-02   -1.1523362637E+01    5.2353246297E-02
    2.7599980000E-02    1.1466221724E+00   -6.8401798798E-02   -1.1558002878E+01    5.2161831810E-02
    2.7639980000E-02    1.1475418892E+00   -6.6666144862E-02   -1.1561522519E+01    5.1968925931E-02
    2.7679980000E-02    1.1454377816E+00   -6.8421141203E-02   -1.1533961793E+01    5.1785432636E-02
    2.7719980000E-02    1.1400089830E+00   -7.3491372104E-02   -1.1474728286E+01    5.1622644548E-02
    2.7759980000E-02    1.1305180856E+00   -8.1410311446E-02   -1.1382634124E+01    5.1493051396E-02
    2.7799980000E-02    1.1156873304E+00   -9.1281184734E-02   -1.1255919228E+01    5.1408393533E-02
    2.7839980000E-02    1.0934779895E+00   -1.0153066880E-01   -1.1092064782E+01    5.1377172228E-02
    2.7879980000E-02    1.0607829700E+00   -1.0926243331E-01   -1.0887274050E+01    5.1403373354E-02
    2.7919980000E-02    1.0136921188E+00   -1.0862286277E-01   -1.0636597021E+01    5.1482519901E-02
    2.7959980000E-02    9.5050556621E-01   -8.8769568387E-02   -1.0335858398E+01    5.1599249838E-02
    2.7999980000E-02    8.7925019496E-01   -3.6515402165E-02   -9.9833138697E+00    5.1701309274E-02
    2.8039980000E-02    8.2065599341E-01    5.2282763735E-02   -9.5805733389E+00    5.1782140181E-02
    2.8079980000E-02    7.9770474037E-01    1.6578445212E-01   -9.1365613033E+00    5.1848667534E-02
    2.8119980000E-02    8.2473397664E-01    2.8004907583E-01   -8.6732053335E+00    5.1914733782E-02
    2.8159980000E-02    8.9815766750E-01    3.6702568292E-01   -8.2207202470E+00    5.1956986160E-02
    2.8199980000E-02    9.9761822850E-01    4.0486535401E-01   -7.8048886852E+00    5.1896355544E-02
    2.8239980000E-02    1.0958150962E+00    3.8634903664E-01   -7.4407012569E+00    5.1655781331E-02
    2.8279980000E-02    1.1712096297E+00    3.2442158910E-01   -7.1364246468E+00    5.1226081998E-02
    2.8319980000E-02    1.2187573200E+00    2.4261831336E-01   -6.8922604615E+00    5.0688889411E-02
    2.8359980000E-02    1.2442657689E+00    1.6087109722E-01   -6.7047369898E+00    5.0134626775E-02
    2.8399980000E-02    1.2561775477E+00    9.1706263840E-02   -6.5672004387E+00    4.9660312652E-02
    2.8439980000E-02    1.2611932027E+00    3.8063640490E-02   -6.4674786484E+00    4.9337614584E-02
    2.8479980000E-02    1.2630527699E+00   -4.5964442742E-03   -6.3900345598E+00    4.9179271094E-02
    2.8519980000E-02    1.2632444536E+00   -4.3600263502E-02   -6.3194408582E+00    4.9171853076E-02
    2.8559980000E-02    1.2617601004E+00   -8.6565564903E-02   -6.2409357101E+00    4.9306575860E-02
    2.8599980000E-02    1.2570841254E+00   -1.4030374057E-01   -6.1396750490E+00    4.9574721859E-02
    2.8639980000E-02    1.2454484424E+00   -2.0843143396E-01   -6.0015085127E+00    4.9937228257E-02
    2.8679980000E-02    1.2201462845E+00   -2.8768305785E-01   -5.8160996755E+00    5.0311852734E-02
    2.8719980000E-02    1.1725327439E+00   -3.6689255725E-01   -5.5782799540E+00    5.0614607588E-02
    2.8759980000E-02    1.0956210459E+00   -4.2889714098E-01   -5.2856184983E+00    5.0786320728E-02
    2.8799980000E-02    9.9103685609E-01   -4.5232272225E-01   -4.9371332166E+00    5.0787086473E-02
    2.8839980000E-02    8.7617570243E-01   -4.2123586968E-01   -4.5356312100E+00    5.0677576138E-02
    2.8879980000E-02    7.7619126883E-01   -3.3626018656E-01   -4.0878410775E+00    5.0584134749E-02
    2.8919980000E-02    7.1555126104E-01   -2.1272583158E-01   -3.6104440198E+00    5.0606149497E-02
    2.8959980000E-02    7.0840309079E-01   -7.6249104659E-02   -3.1342303252E+00    5.0777201034E-02
    2.8999980000E-02    7.4581592263E-01    4.7422063633E-02   -2.6918474203E+00    5.1068217109E-02
    2.9039980000E-02    8.0626673702E-01    1.4320627080E-01   -2.2997289354E+00    5.1419754809E-02
    2.9079980000E-02    8.7227000903E-01    2.0727465428E-01   -1.9608804784E+00    5.1837037002E-02
    2.9119980000E-02    9.3345482748E-01    2.4369119699E-01   -1.6725895869E+00    5.2293268641E-02
    2.9159980000E-02    9.8477325072E-01    2.6024121678E-01   -1.4304797236E+00    5.2780306540E-02
    2.9199980000E-02    1.0250651407E+00    2.6508602323E-01   -1.2291012744E+00    5.3275709938E-02
    2.9239980000E-02    1.0558031935E+00    2.6422837056E-01   -1.0620148240E+00    5.3787845794E-02
    2.9279980000E-02    1.0791070995E+00    2.6110758897E-01   -9.2369591701E-01    5.4314135996E-02
    2.9319980000E-02    1.0965181581E+00    2.5757101768E-01   -8.1142047517E-01    5.4840658052E-02
    2.9359980000E-02    1.1090605829E+00    2.5456153281E-01   -7.2416189237E-01    5.5371199748E-02
    2.9399980000E-02    1.1174813697E+00    2.5254554073E-01   -6.6119921272E-01    5.5910562764E-02
    2.9439980000E-02    1.1223251766E+00    2.5172487770E-01   -6.2192385933E-01    5.6457479708E-02
    2.9479980000E-02    1.1239274484E+00    2.5218177899E-01   -6.0592612731E-01    5.7008865967E-02
    2.9519980000E-02    1.1224160197E+00    2.5389837694E-01   -6.1302231400E-01    5.7561984386E-02
    2.9559980000E-02    1.1176885310E+00    2.5685756998E-01   -6.4321794528E-01    5.8114390574E-02
    2.9599980000E-02    1.1094381205E+00    2.6091573161E-01   -6.9675057398E-01    5.8663297950E-02
    2.9639980000E-02    1.0971251112E+00    2.6587739650E-01   -7.7407428140E-01    5.9206767570E-02
    2.9679980000E-02    1.0799777366E+00    2.7136144487E-01   -8.7583632024E-01    5.9748279399E-02
    2.9719980000E-02    1.0569544900E+00    2.7662420783E-01   -1.0028409695E+00    6.0299064870E-02
    2.9759980000E-02    1.0266147565E+00    2.8014741790E-01   -1.1568228876E+00    6.0861306880E-02
    2.9799980000E-02    9.8690540003E-01    2.7894706635E-01   -1.3422751254E+00    6.1424047419E-02
    2.9839980000E-02    9.3585706693E-01    2.6754375378E-01   -1.5660544713E+00    6.2001787874E-02
    2.9879980000E-02    8.7403940740E-01    2.3772953529E-01   -1.8343623645E+00    6.2592899473E-02
    2.9919980000E-02    8.0616928037E-01    1.8092029765E-01   -2.1525055191E+00    6.3188448563E-02
    2.9959980000E-02    7.4065688947E-01    9.1800784369E-02   -2.5248847638E+00    6.3747790955E-02
    2.9999980000E-02    6.9129738331E-01   -2.8670917512E-02   -2.9522544291E+00    6.4223515128E-02
    3.0039980000E-02    6.8033953310E-01   -1.7011029060E-01   -3.4256852701E+00    6.4572993296E-02
    3.0079980000E-02    7.2677012987E-01   -3.0907729027E-01   -3.9153205165E+00    6.4730609447E-02
    3.0119980000E-02    8.2391163990E-01   -4.1610332507E-01   -4.3847385836E+00    6.4706514433E-02
    3.0159980000E-02    9.4665214700E-01   -4.6904674374E-01   -4.8114732653E+00    6.4602406605E-02
    3.0199980000E-02    1.0669437153E+00   -4.6017009039E-01   -5.1865463983E+00    6.4571296596E-02
    3.0239980000E-02    1.1600308849E+00   -4.0088976434E-01   -5.5051925192E+00    6.4754476552E-02
    3.0279980000E-02    1.2189831469E+00   -3.1464486193E-01   -5.7661454348E+00    6.5122484142E-02
    3.0319980000E-02    1.2503687979E+00   -2.2274780510E-01   -5.9709859066E+00    6.5598082005E-02
    3.0359980000E-02    1.2644284344E+00   -1.4067880390E-01   -6.1241731562E+00    6.6069720310E-02
    3.0399980000E-02    1.2697100328E+00   -7.4110255091E-02   -6.2372598534E+00    6.6402726876E-02
    3.0439980000E-02    1.2709108701E+00   -1.8151114703E-02   -6.3285894978E+00    6.6524301771E-02
    3.0479980000E-02    1.2694421461E+00    3.7228844026E-02   -6.4186826889E+00    6.6414925414E-02
    3.0519980000E-02    1.2641080470E+00    1.0250068206E-01   -6.5284187408E+00    6.6069108725E-02
    3.0559980000E-02    1.2505434714E+00    1.8384844327E-01   -6.6774889868E+00    6.5529260092E-02
    3.0599980000E-02    1.2205759162E+00    2.7668614358E-01   -6.8794681308E+00    6.4921919372E-02
    3.0639980000E-02    1.1643364971E+00    3.6503453686E-01   -7.1402754705E+00    6.4376983339E-02
    3.0679980000E-02    1.0759462233E+00    4.2613168865E-01   -7.4623528480E+00    6.3996816249E-02
    3.0719980000E-02    9.6362166224E-01    4.3545247460E-01   -7.8435244693E+00    6.3848914109E-02
    3.0759980000E-02    8.5365420198E-01    3.8337298368E-01   -8.2748262537E+00    6.3850195436E-02
    3.0799980000E-02    7.7514900511E-01    2.8139247449E-01   -8.7410418781E+00    6.3870094000E-02
    3.0839980000E-02    7.4946767998E-01    1.5460608458E-01   -9.2142602140E+00    6.3811222737E-02
    3.0879980000E-02    7.7772857289E-01    3.3020489164E-02   -9.6607878297E+00    6.3684389927E-02
    3.0919980000E-02    8.4028347536E-01   -6.0584514596E-02   -1.0058456254E+01    6.3573175799E-02
    3.0959980000E-02    9.1366793243E-01   -1.1710356757E-01   -1.0400601816E+01    6.3473759878E-02
    3.0999980000E-02    9.7911624221E-01   -1.4149567553E-01   -1.0688746543E+01    6.3372017738E-02
    3.1039980000E-02    1.0291716367E+00   -1.4594262148E-01   -1.0927090592E+01    6.3243542762E-02
    3.1079980000E-02    1.0650702694E+00   -1.4065672394E-01   -1.1120909994E+01    6.3089456554E-02
    3.1119980000E-02    1.0903088892E+00   -1.3161526743E-01   -1.1275660991E+01    6.2895751487E-02
    3.1159980000E-02    1.1078043121E+00   -1.2199175381E-01   -1.1395431987E+01    6.2650300167E-02
    3.1199980000E-02    1.1195554073E+00   -1.1349833174E-01   -1.1482838998E+01    6.2358190937E-02
    3.1239980000E-02    1.1268621650E+00   -1.0706555457E-01   -1.1539520334E+01    6.2033146237E-02
    3.1279980000E-02    1.1305109515E+00   -1.0318432672E-01   -1.1566482311E+01    6.1690948257E-02
    3.1319980000E-02    1.1308820027E+00   -1.0206900287E-01   -1.1564180134E+01    6.1347191925E-02
    3.1359980000E-02    1.1279943288E+00   -1.0373145036E-01   -1.1532510258E+01    6.1016915354E-02
    3.1399980000E-02    1.1215017260E+00   -1.0798602361E-01   -1.1470818872E+01    6.0714778559E-02
    3.1439980000E-02    1.1106570895E+00   -1.1434145646E-01   -1.1377905319E+01    6.0455185478E-02
    3.1479980000E-02    1.0942025826E+00   -1.2184887183E-01   -1.1251937179E+01    6.0250268587E-02
    3.1519980000E-02    1.0701564264E+00   -1.2882843969E-01   -1.1090154023E+01    6.0102007126E-02
    3.1559980000E-02    1.0355316321E+00   -1.3224167792E-01   -1.0888449851E+01    5.9999509140E-02
    3.1599980000E-02    9.8660354418E-01   -1.2624642317E-01   -1.0641504490E+01    5.9936026510E-02
    3.1639980000E-02    9.2207531330E-01   -1.0039579580E-01   -1.0344474639E+01    5.9908554611E-02
    3.1679980000E-02    8.5037919674E-01   -4.2225667935E-02   -9.9940883051E+00    5.9886631793E-02
    3.1719980000E-02    7.9166011969E-01    5.2142983301E-02   -9.5905031579E+00    5.9860629331E-02
    3.1759980000E-02    7.6923524739E-01    1.7166258505E-01   -9.1421096848E+00    5.9819388570E-02
    3.1799980000E-02    7.9952050511E-01    2.9248465171E-01   -8.6721209745E+00    5.9823985200E-02
    3.1839980000E-02    8.7861953084E-01    3.8569912939E-01   -8.2127731895E+00    5.9859498157E-02
    3.1879980000E-02    9.8486523453E-01    4.2858121168E-01   -7.7902728879E+00    5.9835374149E-02
    3.1919980000E-02    1.0899834657E+00    4.1279248370E-01   -7.4190124208E+00    5.9648830307E-02
    3.1959980000E-02    1.1707481415E+00    3.5065580618E-01   -7.1070889506E+00    5.9259631303E-02
    3.1999980000E-02    1.2215163318E+00    2.6606511577E-01   -6.8552354887E+00    5.8741732231E-02
    3.2039980000E-02    1.2484290354E+00    1.7980608123E-01   -6.6605703134E+00    5.8184748917E-02
    3.2079980000E-02    1.2606463947E+00    1.0562876478E-01   -6.5169462637E+00    5.7696221303E-02
    3.2119980000E-02    1.2655153409E+00    4.7100218402E-02   -6.4116759904E+00    5.7371336955E-02
    3.2159980000E-02    1.2670298570E+00   -9.9760662158E-04   -6.3274405876E+00    5.7239129501E-02
    3.2199980000E-02    1.2665462773E+00   -4.7416845081E-02   -6.2463216949E+00    5.7294957353E-02
    3.2239980000E-02    1.2634744962E+00   -1.0119210486E-01   -6.1506180281E+00    5.7534563422E-02
    3.2279980000E-02    1.2549333651E+00   -1.6912126020E-01   -6.0228969037E+00    5.7935735161E-02
    3.2319980000E-02    1.2348144884E+00   -2.5121236369E-01   -5.8489208316E+00    5.8417888183E-02
    3.2359980000E-02    1.1941623058E+00   -3.3760700230E-01   -5.6209688346E+00    5.8873767634E-02
    3.2399980000E-02    1.1245320785E+00   -4.1081424084E-01   -5.3358331213E+00    5.9219079235E-02
    3.2439980000E-02    1.0245903032E+00   -4.4826251208E-01   -4.9921498696E+00    5.9388077931E-02
    3.2479980000E-02    9.0972987737E-01   -4.3035276134E-01   -4.5935354685E+00    5.9386536044E-02
    3.2519980000E-02    8.0705407069E-01   -3.5546828316E-01   -4.1484078774E+00    5.9336138193E-02
    3.2559980000E-02    7.4269334869E-01   -2.3893399348E-01   -3.6741233885E+00    5.9346300452E-02
    3.2599980000E-02    7.3283353284E-01   -1.0704120705E-01   -3.2013338076E+00    5.9476712719E-02
    3.2639980000E-02    7.7057761994E-01    1.2571334258E-02   -2.7627924563E+00    5.9678984253E-02
    3.2679980000E-02    8.3370972479E-01    1.0273856814E-01   -2.3755200373E+00    5.9887541949E-02
    3.2719980000E-02    9.0150045910E-01    1.5928401531E-01   -2.0431239269E+00    6.0114190227E-02
    3.2759980000E-02    9.6094042302E-01    1.8831489401E-01   -1.7625591756E+00    6.0379572343E-02
    3.2799980000E-02    1.0078890102E+00    1.9930453495E-01   -1.5294889617E+00    6.0686716840E-02
    3.2839980000E-02    1.0431709097E+00    2.0038480411E-01   -1.3383828835E+00    6.1029814826E-02
    3.2879980000E-02    1.0690580843E+00    1.9701358571E-01   -1.1833607910E+00    6.1408489184E-02
    3.2919980000E-02    1.0877431217E+00    1.9231920267E-01   -1.0597750468E+00    6.1833080010E-02
    3.2959980000E-02    1.1009432545E+00    1.8791518658E-01   -9.6420091848E-01    6.2309550383E-02
    3.2999980000E-02    1.1098362763E+00    1.8458810734E-01   -8.9440565847E-01    6.2824241024E-02
    3.3039980000E-02    1.1151278420E+00    1.8274455480E-01   -8.4925357051E-01    6.3358201262E-02
    3.3079980000E-02    1.1172008159E+00    1.8255293890E-01   -8.2830027276E-01    6.3899807446E-02
    3.3119980000E-02    1.1161976477E+00    1.8405700833E-01   -8.3139273143E-01    6.4443996373E-02
    3.3159980000E-02    1.1120556362E+00    1.8721711477E-01   -8.5849504151E-01    6.4987832370E-02
    3.3199980000E-02    1.1045050628E+00    1.9190224920E-01   -9.0969186437E-01    6.5526170706E-02
    3.3239980000E-02    1.0930214018E+00    1.9784768553E-01   -9.8537977047E-01    6.6047726798E-02
    3.3279980000E-02    1.0767102325E+00    2.0454185267E-01   -1.0867274941E+00    6.6535464664E-02
    3.3319980000E-02    1.0541393902E+00    2.1096985096E-01   -1.2161916081E+00    6.6982063521E-02
    3.3359980000E-02    1.0232683616E+00    2.1506695340E-01   -1.3776303574E+00    6.7405714369E-02
    3.3399980000E-02    9.8173287048E-01    2.1280167171E-01   -1.5762544222E+00    6.7825792619E-02
    3.3439980000E-02    9.2787329553E-01    1.9728061821E-01   -1.8183650190E+00    6.8237281000E-02
    3.3479980000E-02    8.6286844671E-01    1.5932153780E-01   -2.1095441871E+00    6.8632563938E-02
    3.3519980000E-02    7.9337058261E-01    9.0256430202E-02   -2.4547245235E+00    6.9008403824E-02
    3.3559980000E-02    7.3387276705E-01   -1.3242636459E-02   -2.8569065847E+00    6.9357251553E-02
    3.3599980000E-02    7.0645093195E-01   -1.4392793737E-01   -3.3109062869E+00    6.9672591896E-02
    3.3639980000E-02    7.3398040143E-01   -2.8087874489E-01   -3.7939256560E+00    6.9851749374E-02
    3.3679980000E-02    8.1724716866E-01   -3.9393788362E-01   -4.2694134436E+00    6.9877664566E-02
    3.3719980000E-02    9.3402224840E-01   -4.5712815661E-01   -4.7090411973E+00    6.9835868808E-02
    3.3759980000E-02    1.0553461049E+00   -4.5759577049E-01   -5.0990767147E+00    6.9876740452E-02
    3.3799980000E-02    1.1531067648E+00   -4.0247962697E-01   -5.4320070710E+00    7.0142121237E-02
    3.3839980000E-02    1.2164412825E+00   -3.1536893155E-01   -5.7048823224E+00    7.0601506372E-02
    3.3879980000E-02    1.2506044144E+00   -2.1966555055E-01   -5.9191949752E+00    7.1164223120E-02
    3.3919980000E-02    1.2659913394E+00   -1.3301903887E-01   -6.0793370410E+00    7.1708185783E-02
    3.3959980000E-02    1.2718160450E+00   -6.2464352594E-02   -6.1973042834E+00    7.2082944012E-02
    3.3999980000E-02    1.2732199949E+00   -2.8874470428E-03   -6.2929502226E+00    7.2211298076E-02
    3.4039980000E-02    1.2716822606E+00    5.6699795063E-02   -6.3885883416E+00    7.2080374398E-02
    3.4079980000E-02    1.2657019287E+00    1.2732844962E-01   -6.5065994293E+00    7.1698216240E-02
    3.4119980000E-02    1.2501190528E+00    2.1417601236E-01   -6.6670203904E+00    7.1137836206E-02
    3.4159980000E-02    1.2157321154E+00    3.1011014185E-01   -6.8820504682E+00    7.0549496901E-02
    3.4199980000E-02    1.1522711551E+00    3.9718164962E-01   -7.1562461562E+00    7.0058566362E-02
    3.4239980000E-02    1.0548660437E+00    4.5161309518E-01   -7.4911920004E+00    6.9760529279E-02
    3.4279980000E-02    9.3510247814E-01    4.4985011998E-01   -7.8835050144E+00    6.9691723019E-02
    3.4319980000E-02    8.2154878595E-01    3.8570172722E-01   -8.3246930289E+00    6.9719125102E-02
    3.4359980000E-02    7.4319708177E-01    2.7311305298E-01   -8.7994650350E+00    6.9696530073E-02
    3.4399980000E-02    7.2101869767E-01    1.3873109847E-01   -9.2783828183E+00    6.9538960229E-02
    3.4439980000E-02    7.5264949460E-01    1.2702356151E-02   -9.7258528356E+00    6.9277200550E-02
    3.4479980000E-02    8.1515429266E-01   -8.4488495839E-02   -1.0120995371E+01    6.9008355335E-02
    3.4519980000E-02    8.8617374016E-01   -1.4614210339E-01   -1.0459068542E+01    6.8735734382E-02
    3.4559980000E-02    9.5035865894E-01   -1.7708062307E-01   -1.0743251575E+01    6.8453559034E-02
    3.4599980000E-02    1.0015198415E+00   -1.8736761601E-01   -1.0978435022E+01    6.8154116583E-02
    3.4639980000E-02    1.0398101959E+00   -1.8630458041E-01   -1.1170195429E+01    6.7837217818E-02
    3.4679980000E-02    1.0676869590E+00   -1.8019619501E-01   -1.1324655022E+01    6.7490705545E-02
    3.4719980000E-02    1.0876565098E+00   -1.7259051212E-01   -1.1446490432E+01    6.7103933587E-02
    3.4759980000E-02    1.1016521798E+00   -1.6531914851E-01   -1.1538796994E+01    6.6669768972E-02
    3.4799980000E-02    1.1110153921E+00   -1.5930396715E-01   -1.1603670036E+01    6.6193124940E-02
    3.4839980000E-02    1.1165999830E+00   -1.5500312243E-01   -1.1642423291E+01    6.5689223471E-02
    3.4879980000E-02    1.1188834081E+00   -1.5263763184E-01   -1.1655716313E+01    6.5174351258E-02
    3.4919980000E-02    1.1180428061E+00   -1.5229700796E-01   -1.1643700906E+01    6.4662606782E-02
    3.4959980000E-02    1.1139860924E+00   -1.5395467607E-01   -1.1606075334E+01    6.4168146199E-02
    3.4999980000E-02    1.1063241859E+00   -1.5745681043E-01   -1.1542028633E+01    6.3707272282E-02
    3.5039980000E-02    1.0943125871E+00   -1.6241040238E-01   -1.1450123827E+01    6.3295256367E-02
    3.5079980000E-02    1.0767664410E+00   -1.6797301470E-01   -1.1328233008E+01    6.2939450001E-02
    3.5119980000E-02    1.0519549041E+00   -1.7248009333E-01   -1.1173341221E+01    6.2639821501E-02
    3.5159980000E-02    1.0174759390E+00   -1.7285841919E-01   -1.0981013228E+01    6.2390622266E-02
    3.5199980000E-02    9.7051219522E-01   -1.6368201057E-01   -1.0745526356E+01    6.2179215995E-02
    3.5239980000E-02    9.0972766031E-01   -1.3631440028E-01   -1.0461592660E+01    6.2007126798E-02
    3.5279980001E-02    8.4021218901E-01   -8.0136194240E-02   -1.0124964582E+01    6.1860247467E-02
    3.5319980001E-02    7.7746378402E-01    1.0906361614E-02   -9.7333195172E+00    6.1715653063E-02
    3.5359980001E-02    7.4373627218E-01    1.3075245121E-01   -9.2916190081E+00    6.1564073183E-02
    3.5399980001E-02    7.6023450750E-01    2.5984522735E-01   -8.8190194783E+00    6.1476158154E-02
    3.5439980001E-02    8.3025165067E-01    3.6959063733E-01   -8.3485452940E+00    6.1485815703E-02
    3.5479980001E-02    9.3539287909E-01    4.3441766634E-01   -7.9096176183E+00    6.1516909827E-02
    3.5519980001E-02    1.0485093217E+00    4.4075852341E-01   -7.5185852285E+00    6.1457245435E-02
    3.5559980001E-02    1.1427585278E+00    3.9362563428E-01   -7.1840621282E+00    6.1202007821E-02
    3.5599980001E-02    1.2059552591E+00    3.1481682857E-01   -6.9090034829E+00    6.0781134423E-02
    3.5639980001E-02    1.2414968617E+00    2.2668561901E-01   -6.6915674295E+00    6.0270931361E-02
    3.5679980001E-02    1.2584160213E+00    1.4592503998E-01   -6.5277370322E+00    5.9767122960E-02
    3.5719980001E-02    1.2653464731E+00    8.0456537441E-02   -6.4079092418E+00    5.9382427032E-02
    3.5759980001E-02    1.2676826906E+00    2.8026256792E-02   -6.3160439290E+00    5.9182819228E-02
    3.5799980001E-02    1.2676825527E+00   -1.9439121758E-02   -6.2338221651E+00    5.9179354313E-02
    3.5839980001E-02    1.2653874596E+00   -7.1443796354E-02   -6.1428717708E+00    5.9373771995E-02
    3.5879980001E-02    1.2586494083E+00   -1.3627885747E-01   -6.0247437968E+00    5.9760399065E-02
    3.5919980001E-02    1.2422280120E+00   -2.1667446124E-01   -5.8629753143E+00    6.0280023889E-02
    3.5959980001E-02    1.2076128194E+00   -3.0510423350E-01   -5.6474096224E+00    6.0820185056E-02
    3.5999980001E-02    1.1457898036E+00   -3.8487827026E-01   -5.3736927300E+00    6.1280573807E-02
    3.6039980001E-02    1.0532818547E+00   -4.3343727722E-01   -5.0398303398E+00    6.1578698556E-02
    3.6079980001E-02    9.4207821304E-01   -4.2866781569E-01   -4.6489761469E+00    6.1673033215E-02
    3.6119980001E-02    8.3916619486E-01   -3.6545888326E-01   -4.2105462479E+00    6.1656194531E-02
    3.6159980001E-02    7.7182250313E-01   -2.5771624150E-01   -3.7417878799E+00    6.1636108037E-02
    3.6199980001E-02    7.5779333638E-01   -1.3131522104E-01   -3.2723815153E+00    6.1690748438E-02
    3.6239980001E-02    7.9351568706E-01   -1.4930647179E-02   -2.8344076917E+00    6.1785799429E-02
    3.6279980001E-02    8.5809219526E-01    7.1647384529E-02   -2.4461727630E+00    6.1867076286E-02
    3.6319980001E-02    9.2868350703E-01    1.2236918111E-01   -2.1126281111E+00    6.1945489951E-02
    3.6359980001E-02    9.8894975170E-01    1.4441864622E-01   -1.8317339134E+00    6.2043805117E-02
    3.6399980001E-02    1.0341306559E+00    1.4960398343E-01   -1.5994022027E+00    6.2180267675E-02
    3.6439980001E-02    1.0664248355E+00    1.4668149330E-01   -1.4103483996E+00    6.2353640219E-02
    3.6479980001E-02    1.0891529490E+00    1.4063296911E-01   -1.2592532851E+00    6.2579503140E-02
    3.6519980001E-02    1.1048549362E+00    1.3418563482E-01   -1.1421171332E+00    6.2866653568E-02
    3.6559980001E-02    1.1152415786E+00    1.2884734588E-01   -1.0563062627E+00    6.3209155556E-02
    3.6599980001E-02    1.1214195726E+00    1.2542642152E-01   -1.0000589387E+00    6.3595376878E-02
    3.6639980001E-02    1.1240484040E+00    1.2431024345E-01   -9.7219648474E-01    6.4010753014E-02
    3.6679980001E-02    1.1234223690E+00    1.2562986707E-01   -9.7208433192E-01    6.4439035388E-02
    3.6719980001E-02    1.1195015206E+00    1.2935655430E-01   -9.9964243336E-01    6.4863405477E-02
    3.6759980001E-02    1.1119099107E+00    1.3529926232E-01   -1.0553511542E+00    6.5266800813E-02
    3.6799980001E-02    1.0998928687E+00    1.4301687999E-01   -1.1402559575E+00    6.5633561660E-02
    3.6839980001E-02    1.0822162557E+00    1.5165630567E-01   -1.2560187507E+00    6.5952491435E-02
    3.6879980001E-02    1.0570219592E+00    1.5958657160E-01   -1.4052475958E+00    6.6219203714E-02
    3.6919980001E-02    1.0216762520E+00    1.6372546900E-01   -1.5921086238E+00    6.6443082219E-02
    3.6959980001E-02    9.7308247575E-01    1.5840044611E-01   -1.8222562254E+00    6.6644307221E-02
    3.6999980001E-02    9.0987961068E-01    1.3430444678E-01   -2.1012295629E+00    6.6824389080E-02
    3.7039980001E-02    8.3762458494E-01    8.0059258608E-02   -2.4337262359E+00    6.6998034622E-02
    3.7079980001E-02    7.7240106571E-01   -1.0685307143E-02   -2.8228101954E+00    6.7181593654E-02
    3.7119980001E-02    7.3686234970E-01   -1.3174036269E-01   -3.2640444382E+00    6.7375472258E-02
    3.7159980001E-02    7.5355914761E-01   -2.6306333362E-01   -3.7383183316E+00    6.7498505506E-02
    3.7199980001E-02    8.2629733022E-01   -3.7476604680E-01   -4.2114328857E+00    6.7508342018E-02
    3.7239980001E-02    9.3569013402E-01   -4.3978652674E-01   -4.6532108874E+00    6.7488570370E-02
    3.7279980001E-02    1.0530572490E+00   -4.4330055285E-01   -5.0469043532E+00    6.7576723557E-02
    3.7319980001E-02    1.1497348500E+00   -3.9044035031E-01   -5.3831417193E+00    6.7895052958E-02
    3.7359980001E-02    1.2133470312E+00   -3.0447316971E-01   -5.6581731331E+00    6.8403848441E-02
    3.7399980001E-02    1.2481861197E+00   -2.0933694828E-01   -5.8736973646E+00    6.9005182104E-02
    3.7439980001E-02    1.2642176107E+00   -1.2307905119E-01   -6.0343778689E+00    6.9573781794E-02
    3.7479980001E-02    1.2705369236E+00   -5.3052835763E-02   -6.1522320745E+00    6.9964554092E-02
    3.7519980001E-02    1.2723569444E+00    5.5548314844E-03   -6.2468816875E+00    7.0109208503E-02
    3.7559980001E-02    1.2713221524E+00    6.3410902570E-02   -6.3401806007E+00    7.0004124365E-02
    3.7599980001E-02    1.2662278574E+00    1.3133899047E-01   -6.4538408394E+00    6.9664167103E-02
    3.7639980001E-02    1.2524278667E+00    2.1507622299E-01   -6.6074969027E+00    6.9159285169E-02
    3.7679980001E-02    1.2212214883E+00    3.0914200077E-01   -6.8136638747E+00    6.8632261759E-02
    3.7719980001E-02    1.1621434807E+00    3.9739804093E-01   -7.0771265847E+00    6.8204015905E-02
    3.7759980001E-02    1.0686273662E+00    4.5768439173E-01   -7.3995413881E+00    6.7960399685E-02
    3.7799980001E-02    9.4820757863E-01    4.6599656519E-01   -7.7791813844E+00    6.7939956391E-02
    3.7839980001E-02    8.2685476603E-01    4.1159200769E-01   -8.2100641939E+00    6.8007781541E-02
    3.7879980001E-02    7.3339896938E-01    3.0379668661E-01   -8.6815037539E+00    6.8008497108E-02
    3.7919980001E-02    6.9246917326E-01    1.6615943231E-01   -9.1688974047E+00    6.7842877298E-02
    3.7959980001E-02    7.0880756211E-01    2.8685296295E-02   -9.6355022311E+00    6.7504802046E-02
    3.7999980001E-02    7.6191782733E-01   -8.5529283465E-02   -1.0053523565E+01    6.7083772107E-02
    3.8039980001E-02    8.2914531521E-01   -1.6700304308E-01   -1.0415377785E+01    6.6606701897E-02
    3.8079980001E-02    8.9594319745E-01   -2.1637756888E-01   -1.0722767938E+01    6.6097552730E-02
    3.8119980001E-02    9.5445039218E-01   -2.4037779617E-01   -1.0980469758E+01    6.5579151171E-02
    3.8159980001E-02    1.0014188650E+00   -2.4793722828E-01   -1.1193830345E+01    6.5063817887E-02
    3.8199980001E-02    1.0372079389E+00   -2.4685597720E-01   -1.1369030129E+01    6.4567383759E-02
    3.8239980001E-02    1.0639886833E+00   -2.4206643218E-01   -1.1512219751E+01    6.4062122442E-02
    3.8279980001E-02    1.0839400476E+00   -2.3615511079E-01   -1.1628137874E+01    6.3537554265E-02
    3.8319980001E-02    1.0985505781E+00   -2.3042242329E-01   -1.1719076488E+01    6.3006697825E-02
    3.8359980001E-02    1.1087570621E+00   -2.2552240431E-01   -1.1785663059E+01    6.2475156823E-02
    3.8399980001E-02    1.1151776791E+00   -2.2178476412E-01   -1.1828051596E+01    6.1941749540E-02
    3.8439980001E-02    1.1182029223E+00   -2.1939284775E-01   -1.1846356006E+01    6.1406614938E-02
    3.8479980001E-02    1.1180236617E+00   -2.1842238860E-01   -1.1840623956E+01    6.0872012758E-02
    3.8519980001E-02    1.1146237523E+00   -2.1889900041E-01   -1.1810791333E+01    6.0340496562E-02
    3.8559980001E-02    1.1077904915E+00   -2.2076898510E-01   -1.1756704044E+01    5.9813258389E-02
    3.8599980001E-02    1.0971155709E+00   -2.2384639493E-01   -1.1678173237E+01    5.9290152962E-02
    3.8639980001E-02    1.0819512815E+00   -2.2769469227E-01   -1.1574800335E+01    5.8776312412E-02
    3.8679980001E-02    1.0612362819E+00   -2.3144944868E-01   -1.1445139079E+01    5.8289443431E-02
    3.8719980001E-02    1.0332708962E+00   -2.3346029691E-01   -1.1285689300E+01    5.7838808782E-02
    3.8759980001E-02    9.9588913806E-01   -2.3049606008E-01   -1.1091169732E+01    5.7406372931E-02
    3.8799980001E-02    9.4731628733E-01   -2.1685727306E-01   -1.0855576948E+01    5.6993196942E-02
    3.8839980001E-02    8.8769668811E-01   -1.8448867723E-01   -1.0573311428E+01    5.6619854473E-02
    3.8879980001E-02    8.2125028849E-01   -1.2493004217E-01   -1.0240013797E+01    5.6291375896E-02
    3.8919980001E-02    7.5914153889E-01   -3.2915137097E-02   -9.8525005752E+00    5.6006323053E-02
    3.8959980001E-02    7.2033430508E-01    8.8092753651E-02   -9.4136661772E+00    5.5751714432E-02
    3.8999980001E-02    7.2706426118E-01    2.2250964469E-01   -8.9395839939E+00    5.5589885475E-02
    3.9039980001E-02    7.8818920585E-01    3.4375500555E-01   -8.4628500003E+00    5.5565655825E-02
    3.9079980001E-02    8.8905708305E-01    4.2555933397E-01   -8.0146067606E+00    5.5635283828E-02
    3.9119980001E-02    1.0044447563E+00    4.5203940670E-01   -7.6123542888E+00    5.5693671462E-02
    3.9159980001E-02    1.1079644233E+00    4.2292294600E-01   -7.2638465958E+00    5.5613572397E-02
    3.9199980001E-02    1.1824320968E+00    3.5565934607E-01   -6.9725852037E+00    5.5355919053E-02
    3.9239980001E-02    1.2273610647E+00    2.7244510466E-01   -6.7375259805E+00    5.4973371163E-02
    3.9279980001E-02    1.2504554772E+00    1.9089893929E-01   -6.5559759639E+00    5.4537561814E-02
    3.9319980001E-02    1.2606576568E+00    1.2196643554E-01   -6.4217214183E+00    5.4144655088E-02
    3.9359980001E-02    1.2645407510E+00    6.7607002288E-02   -6.3225581564E+00    5.3880707679E-02
    3.9399980001E-02    1.2655249798E+00    2.2611361390E-02   -6.2425131406E+00    5.3778687774E-02
    3.9439980001E-02    1.2647133725E+00   -2.1109925419E-02   -6.1650748626E+00    5.3845479819E-02
    3.9479980001E-02    1.2614917475E+00   -7.2075712765E-02   -6.0735803379E+00    5.4090585381E-02
    3.9519980001E-02    1.2531776888E+00   -1.3719638445E-01   -5.9509896201E+00    5.4512432927E-02
    3.9559980001E-02    1.2340918139E+00   -2.1735935720E-01   -5.7824310798E+00    5.5053241699E-02
    3.9599980001E-02    1.1957826578E+00   -3.0344045001E-01   -5.5589737110E+00    5.5609641401E-02
    3.9639980001E-02    1.1302484371E+00   -3.7773838306E-01   -5.2764404316E+00    5.6084537622E-02
    3.9679980001E-02    1.0366747363E+00   -4.1694889360E-01   -4.9331156510E+00    5.6391401696E-02
    3.9719980001E-02    9.3069958675E-01   -4.0131557299E-01   -4.5340355299E+00    5.6496818472E-02
    3.9759980001E-02    8.3983414730E-01   -3.3031435081E-01   -4.0909526203E+00    5.6480835767E-02
    3.9799980001E-02    7.8933178515E-01   -2.2103587143E-01   -3.6248732646E+00    5.6432432498E-02
    3.9839980001E-02    7.9135060149E-01   -1.0068314181E-01   -3.1664853858E+00    5.6412738726E-02
    3.9879980001E-02    8.3772791943E-01    3.4985461156E-03   -2.7436755557E+00    5.6385986453E-02
    3.9919980001E-02    9.0709213732E-01    7.4137672364E-02   -2.3703054132E+00    5.6351844466E-02
    3.9959980001E-02    9.7630592206E-01    1.0872456908E-01   -2.0499727305E+00    5.6306431998E-02
    3.9999980001E-02    1.0312198432E+00    1.1818620621E-01   -1.7810886232E+00    5.6282276186E-02
