 sig=    1.000000000000000      inputfile=
 /home/rjrj524/Finished/vmec_gc_tracer/revised_251128/nc/wout_pwO_nfp2_A6.nc                                                                                                                             
 dt=   2.0000000000000000E-008
 steps=      2000000
 x0=   7.0000000000000007E-002    3.070000000000000      
    0.000000000000000     
 u=   -3570.000000000000     
 v_perp=    29000.00000000000     
 
time(s)         x0(1)       x0(2)        x0(3)      r
    3.9980000000E-05    1.2714058686E+00    3.4106450718E-02   -9.9264550883E-02    6.9908801279E-02
    7.9980000000E-05    1.2655713970E+00    1.1128890805E-01   -2.2652923130E-01    6.9349407387E-02
    1.1998000000E-04    1.2462113037E+00    2.1657705140E-01   -4.2126320979E-01    6.8412152745E-02
    1.5998000000E-04    1.1950379038E+00    3.3633996592E-01   -7.0880787652E-01    6.7433190177E-02
    1.9998000000E-04    1.0926756055E+00    4.2958919951E-01   -1.0977031209E+00    6.6734062698E-02
    2.3998000000E-04    9.4522180672E-01    4.4391947703E-01   -1.5862930474E+00    6.6519767989E-02
    2.7998000000E-04    8.0529609039E-01    3.5703888242E-01   -2.1570674771E+00    6.6559431172E-02
    3.1998000000E-04    7.3279801372E-01    2.0034696117E-01   -2.7719219751E+00    6.6475974589E-02
    3.5998000000E-04    7.5360793774E-01    3.4593058541E-02   -3.3615488881E+00    6.6145376729E-02
    3.9998000000E-04    8.3313749624E-01   -8.8385982575E-02   -3.8696969517E+00    6.5787466724E-02
    4.3998000000E-04    9.2364575951E-01   -1.5276356157E-01   -4.2830976983E+00    6.5440785782E-02
    4.7998000000E-04    9.9632949340E-01   -1.7323567205E-01   -4.6087357549E+00    6.5063541682E-02
    5.1998000000E-04    1.0463303507E+00   -1.7168736014E-01   -4.8574447833E+00    6.4645229884E-02
    5.5998000000E-04    1.0788580819E+00   -1.6240953192E-01   -5.0414490568E+00    6.4155163524E-02
    5.9998000000E-04    1.0992352071E+00   -1.5226559409E-01   -5.1697889065E+00    6.3573925479E-02
    6.3998000000E-04    1.1109296593E+00   -1.4424312018E-01   -5.2474759648E+00    6.2915120449E-02
    6.7998000000E-04    1.1158702281E+00   -1.3959292951E-01   -5.2771002236E+00    6.2215069941E-02
    7.1998000000E-04    1.1148125424E+00   -1.3876174213E-01   -5.2594754056E+00    6.1520293051E-02
    7.5998000000E-04    1.1075133325E+00   -1.4163290576E-01   -5.1937639396E+00    6.0876847631E-02
    7.9998000000E-04    1.0926669898E+00   -1.4739035468E-01   -5.0774880250E+00    6.0324259184E-02
    8.3998000000E-04    1.0676436748E+00   -1.5386399485E-01   -4.9061924101E+00    5.9889104178E-02
    8.7998000000E-04    1.0279188123E+00   -1.5625003221E-01   -4.6722632172E+00    5.9568689577E-02
    9.1998000000E-04    9.6711855519E-01   -1.4426116625E-01   -4.3646747639E+00    5.9336578808E-02
    9.5998000000E-04    8.8356760934E-01   -9.8335410835E-02   -3.9729491186E+00    5.9188236421E-02
    9.9998000000E-04    7.9840202209E-01    2.4268535410E-03   -3.4904759104E+00    5.9058775044E-02
    1.0399800000E-03    7.5646180460E-01    1.5263734514E-01   -2.9247630168E+00    5.8911424078E-02
    1.0799800000E-03    7.9795242755E-01    3.1021946476E-01   -2.3173336302E+00    5.8876307541E-02
    1.1199800000E-03    9.1475221615E-01    4.1593021195E-01   -1.7359853316E+00    5.8930863500E-02
    1.1599800000E-03    1.0560497076E+00    4.3060601263E-01   -1.2282747089E+00    5.8812496417E-02
    1.1999800000E-03    1.1668172507E+00    3.6153551482E-01   -8.1577883930E-01    5.8291826755E-02
    1.2399800000E-03    1.2285717353E+00    2.5523379526E-01   -5.0281272095E-01    5.7486681647E-02
    1.2799800000E-03    1.2547927386E+00    1.5360007022E-01   -2.8324402691E-01    5.6626047358E-02
    1.3199800000E-03    1.2636423908E+00    7.7875218037E-02   -1.4080435790E-01    5.5967671838E-02
    1.3599800000E-03    1.2661175373E+00    2.5328795489E-02   -4.6285967571E-02    5.5634748780E-02
    1.3999800000E-03    1.2662658722E+00   -1.8100420677E-02    3.1319746780E-02    5.5609315507E-02
    1.4399800000E-03    1.2643465255E+00   -6.7994419383E-02    1.2084276996E-01    5.5886970406E-02
    1.4799800000E-03    1.2571346735E+00   -1.3903553517E-01    2.5281991464E-01    5.6491384574E-02
    1.5199800000E-03    1.2350499156E+00   -2.3701179467E-01    4.5760213651E-01    5.7332776440E-02
    1.5599800000E-03    1.1807203520E+00   -3.4500337466E-01    7.5393837881E-01    5.8161770530E-02
    1.5999800000E-03    1.0783220383E+00   -4.2405199964E-01    1.1490973813E+00    5.8742246323E-02
    1.6399800000E-03    9.3873707161E-01   -4.2587109024E-01    1.6414471634E+00    5.8917331346E-02
    1.6799800000E-03    8.1329377430E-01   -3.3401296876E-01    2.2125140418E+00    5.8870876149E-02
    1.7199800000E-03    7.5626217029E-01   -1.8111028541E-01    2.8204217703E+00    5.8879217210E-02
    1.7599800000E-03    7.8565351054E-01   -2.5417698783E-02    3.3979195230E+00    5.9028245424E-02
    1.7999800000E-03    8.6673100752E-01    8.5720192121E-02    3.8962635725E+00    5.9164980861E-02
    1.8399800000E-03    9.5291781079E-01    1.4043817490E-01    4.3036457233E+00    5.9311733630E-02
    1.8799800000E-03    1.0180208234E+00    1.5698573986E-01    4.6253990358E+00    5.9535667618E-02
    1.9199800000E-03    1.0610828147E+00    1.5634593405E-01    4.8715054815E+00    5.9847036097E-02
    1.9599800000E-03    1.0884214123E+00    1.5023971385E-01    5.0533159237E+00    6.0268422650E-02
    1.9999800000E-03    1.1049304812E+00    1.4419576903E-01    5.1791692877E+00    6.0809484472E-02
    2.0399800000E-03    1.1135265452E+00    1.4073423173E-01    5.2540067645E+00    6.1447541150E-02
    2.0799800000E-03    1.1157310391E+00    1.4084777318E-01    5.2806468772E+00    6.2145241966E-02
    2.1199800000E-03    1.1119775589E+00    1.4475880567E-01    5.2602453757E+00    6.2857217342E-02
    2.1599800000E-03    1.1017147350E+00    1.5213720226E-01    5.1923139046E+00    6.3536485326E-02
    2.1999800000E-03    1.0832741318E+00    1.6195258892E-01    5.0746246024E+00    6.4143739551E-02
    2.2399800000E-03    1.0535470406E+00    1.7169796406E-01    4.9027414999E+00    6.4661231406E-02
    2.2799800000E-03    1.0075953104E+00    1.7556795831E-01    4.6685413754E+00    6.5100919318E-02
    2.3199800000E-03    9.3978771481E-01    1.6107427903E-01    4.3600323773E+00    6.5497448440E-02
    2.3599800000E-03    8.5161195041E-01    1.0745107843E-01    3.9659325526E+00    6.5856396457E-02
    2.3999800000E-03    7.6628465501E-01   -3.5556711077E-03    3.4775396125E+00    6.6221013168E-02
    2.4399800000E-03    7.2884304366E-01   -1.6375551100E-01    2.9018739149E+00    6.6582234566E-02
    2.4799800000E-03    7.8179846856E-01   -3.2811182510E-01    2.2856731096E+00    6.6725727969E-02
    2.5199800000E-03    9.1220048265E-01   -4.3407044284E-01    1.7009710452E+00    6.6685066825E-02
    2.5599800000E-03    1.0637164892E+00   -4.4152949449E-01    1.1928977358E+00    6.6807577974E-02
    2.5999800000E-03    1.1779755353E+00   -3.6076306678E-01    7.8195496127E-01    6.7410141515E-02
    2.6399800000E-03    1.2388159896E+00   -2.4249610639E-01    4.7305279663E-01    6.8351325010E-02
    2.6799800000E-03    1.2631480995E+00   -1.3171322277E-01    2.5976459650E-01    6.9329011189E-02
    2.7199800000E-03    1.2708123476E+00   -4.8898649972E-02    1.2106035990E-01    6.9985112374E-02
    2.7599800000E-03    1.2724058968E+00    1.5080231810E-02    1.8998063312E-02    7.0173113996E-02
    2.7999800000E-03    1.2703854697E+00    8.1342523362E-02   -8.7347099742E-02    6.9902678195E-02
    2.8399800000E-03    1.2610285145E+00    1.6964435888E-01   -2.3848016454E-01    6.9206413181E-02
    2.8799800000E-03    1.2317078441E+00    2.8377706781E-01   -4.6873523154E-01    6.8313964020E-02
    2.9199800000E-03    1.1612979838E+00    3.9818522393E-01   -7.9395546470E-01    6.7575548053E-02
    2.9599800000E-03    1.0347567778E+00    4.6694914393E-01   -1.2180657607E+00    6.7241134376E-02
    2.9999800000E-03    8.7462244625E-01    4.4286540103E-01   -1.7354637759E+00    6.7317848092E-02
    3.0399800000E-03    7.4010034042E-01    3.2119389709E-01   -2.3297526422E+00    6.7376137360E-02
    3.0799800000E-03    6.8661805510E-01    1.4365771950E-01   -2.9576088853E+00    6.7088680984E-02
    3.1199800000E-03    7.2298054500E-01   -2.7830858105E-02   -3.5434682012E+00    6.6438006300E-02
    3.1599800000E-03    8.0324618172E-01   -1.5277162026E-01   -4.0406245923E+00    6.5628670773E-02
    3.1999800000E-03    8.8955316816E-01   -2.2354490687E-01   -4.4447362664E+00    6.4723808528E-02
    3.2399800000E-03    9.6312668632E-01   -2.5218173868E-01   -4.7651173488E+00    6.3811717989E-02
    3.2799800000E-03    1.0176002390E+00   -2.5713997039E-01   -5.0135268716E+00    6.2930289328E-02
    3.3199800000E-03    1.0553405196E+00   -2.5251327506E-01   -5.2032245411E+00    6.2065334370E-02
    3.3599800000E-03    1.0810260004E+00   -2.4528487560E-01   -5.3454596395E+00    6.1177102864E-02
    3.3999800000E-03    1.0978394573E+00   -2.3838046205E-01   -5.4454071461E+00    6.0286388680E-02
    3.4399800000E-03    1.1075581551E+00   -2.3302982671E-01   -5.5042568886E+00    5.9397361104E-02
    3.4799800000E-03    1.1111567542E+00   -2.2978063480E-01   -5.5222611551E+00    5.8508167733E-02
    3.5199800000E-03    1.1089973062E+00   -2.2884504946E-01   -5.4994280240E+00    5.7623158931E-02
    3.5599800000E-03    1.1008653842E+00   -2.3016736599E-01   -5.4355130856E+00    5.6746314996E-02
    3.5999800000E-03    1.0859573431E+00   -2.3331584803E-01   -5.3300126785E+00    5.5880298980E-02
    3.6399800000E-03    1.0626671338E+00   -2.3704660689E-01   -5.1810935371E+00    5.5049726753E-02
    3.6799800000E-03    1.0279350511E+00   -2.3847808146E-01   -4.9826381207E+00    5.4288413878E-02
    3.7199800000E-03    9.7743005368E-01   -2.3086651883E-01   -4.7236291950E+00    5.3570542554E-02
    3.7599800000E-03    9.0840079889E-01   -2.0103806814E-01   -4.3915941595E+00    5.2920994144E-02
    3.7999800000E-03    8.2541305161E-01   -1.3139900665E-01   -3.9762524322E+00    5.2376265492E-02
    3.8399800000E-03    7.4904924306E-01   -9.6293680458E-03   -3.4712385250E+00    5.1931335966E-02
    3.8799800000E-03    7.1966609315E-01    1.5431137162E-01   -2.8866002728E+00    5.1580736205E-02
    3.9199800000E-03    7.7444645699E-01    3.1801398297E-01   -2.2716647341E+00    5.1487453913E-02
    3.9599800000E-03    8.9935319343E-01    4.2530607177E-01   -1.6948890729E+00    5.1611372046E-02
    3.9999800000E-03    1.0436260181E+00    4.4294640270E-01   -1.1959290296E+00    5.1691159963E-02
    4.0399800000E-03    1.1567194451E+00    3.8043541526E-01   -7.8936161540E-01    5.1440723092E-02
    4.0799800000E-03    1.2212315313E+00    2.8117494855E-01   -4.7721349130E-01    5.0894001850E-02
    4.1199800000E-03    1.2497626442E+00    1.8388924686E-01   -2.5434137184E-01    5.0218288087E-02
    4.1599800000E-03    1.2598563833E+00    1.0978740099E-01   -1.0798009772E-01    4.9632494609E-02
    4.1999800000E-03    1.2628349271E+00    5.9691283918E-02   -1.4177018789E-02    4.9277086776E-02
    4.2399800000E-03    1.2634085442E+00    2.3231585002E-02    5.3468447667E-02    4.9156663084E-02
    4.2799800000E-03    1.2628023071E+00   -1.1710069800E-02    1.1816774210E-01    4.9255589648E-02
    4.3199800000E-03    1.2602401575E+00   -5.7443917301E-02    2.0283449797E-01    4.9602868797E-02
    4.3599800000E-03    1.2520098633E+00   -1.2610908768E-01    3.3431817545E-01    5.0249528917E-02
    4.3999800000E-03    1.2284131734E+00   -2.2160451522E-01    5.4053759714E-01    5.1136439925E-02
    4.4399800000E-03    1.1728866210E+00   -3.2600601970E-01    8.3956603390E-01    5.2042236489E-02
    4.4799800000E-03    1.0720749466E+00   -3.9929497714E-01    1.2393945459E+00    5.2721836852E-02
    4.5199800000E-03    9.4130234403E-01   -3.9414283066E-01    1.7366939246E+00    5.2988674862E-02
    4.5599800000E-03    8.3290880349E-01   -2.9980158818E-01    2.3077869385E+00    5.2960457950E-02
    4.5999800000E-03    7.9604937640E-01   -1.5347592612E-01    2.9045596021E+00    5.2855896637E-02
    4.6399800000E-03    8.3910363572E-01   -1.3412543631E-02    3.4636108875E+00    5.2746862282E-02
    4.6799800000E-03    9.2579563575E-01    7.6194465799E-02    3.9454226994E+00    5.2610240282E-02
    4.7199800000E-03    1.0088187523E+00    1.0920001691E-01    4.3399491994E+00    5.2436677780E-02
    4.7599800000E-03    1.0662465444E+00    1.1018511270E-01    4.6501628460E+00    5.2336522560E-02
    4.7999800000E-03    1.1017109591E+00    1.0041926049E-01    4.8851665812E+00    5.2350470393E-02
    4.8399800000E-03    1.1228154751E+00    8.9466256977E-02    5.0546243907E+00    5.2480747333E-02
    4.8799800000E-03    1.1344449001E+00    8.1402224324E-02    5.1647281354E+00    5.2709530632E-02
    4.9199800000E-03    1.1392094933E+00    7.8123318535E-02    5.2190771498E+00    5.3006180498E-02
    4.9599800000E-03    1.1381961596E+00    8.0366461882E-02    5.2195045638E+00    5.3335160506E-02
    4.9999800000E-03    1.1312666313E+00    8.8037465608E-02    5.1661283993E+00    5.3660528744E-02
    5.0399800000E-03    1.1170359704E+00    1.0021437574E-01    5.0573475937E+00    5.3943595042E-02
    5.0799800000E-03    1.0925482418E+00    1.1471392643E-01    4.8896882409E+00    5.4150629532E-02
    5.1199800000E-03    1.0525369470E+00    1.2682892722E-01    4.6568360956E+00    5.4272590307E-02
    5.1599800000E-03    9.8937656278E-01    1.2565058399E-01    4.3486299392E+00    5.4321099192E-02
    5.1999800000E-03    9.0112154567E-01    8.8677554728E-02    3.9549678177E+00    5.4318731515E-02
    5.2399800000E-03    8.1246398092E-01   -7.3555247313E-03    3.4708974921E+00    5.4326373172E-02
    5.2799800000E-03    7.7115873804E-01   -1.5426847570E-01    2.9061599265E+00    5.4364652812E-02
    5.3199800000E-03    8.1456341023E-01   -3.0627343375E-01    2.3036771008E+00    5.4332769644E-02
    5.3599800000E-03    9.3170086608E-01   -4.0304629675E-01    1.7299383769E+00    5.4287071560E-02
    5.3999800000E-03    1.0701709091E+00   -4.0636274610E-01    1.2318252241E+00    5.4509344062E-02
    5.4399800000E-03    1.1754950753E+00   -3.2737502631E-01    8.3207316270E-01    5.5191871424E-02
    5.4799800000E-03    1.2325611312E+00   -2.1565704030E-01    5.3444829221E-01    5.6154375934E-02
    5.5199800000E-03    1.2563689582E+00   -1.1344741594E-01    3.3084296425E-01    5.7104134867E-02
    5.5599800000E-03    1.2645692130E+00   -3.8910374520E-02    2.0081253475E-01    5.7757228399E-02
    5.5999800000E-03    1.2669950846E+00    1.4894923550E-02    1.1168944927E-01    5.8034933734E-02
    5.6399800000E-03    1.2668625188E+00    6.4226433207E-02    3.0624630294E-02    5.7981307760E-02
    5.6799800000E-03    1.2634292071E+00    1.2561292272E-01   -7.3452018989E-02    5.7619347548E-02
    5.7199800000E-03    1.2511565213E+00    2.1137086638E-01   -2.3189874315E-01    5.7015825003E-02
    5.7599800000E-03    1.2165931919E+00    3.1799546406E-01   -4.6909779264E-01    5.6405304005E-02
    5.7999800000E-03    1.1401211827E+00    4.1975489393E-01   -7.9532574502E-01    5.6050241064E-02
    5.8399800000E-03    1.0099476126E+00    4.7525472034E-01   -1.2133206056E+00    5.6115816523E-02
    5.8799800000E-03    8.4928657239E-01    4.4281316152E-01   -1.7206831703E+00    5.6481572228E-02
    5.9199800000E-03    7.1084293285E-01    3.1601464411E-01   -2.3092498377E+00    5.6700230994E-02
    5.9599800000E-03    6.4800888677E-01    1.3048569975E-01   -2.9449376786E+00    5.6473535145E-02
    5.9999800000E-03    6.7367711571E-01   -5.5779075504E-02   -3.5543117096E+00    5.5731129241E-02
    6.0399800000E-03    7.4902359901E-01   -2.0207543046E-01   -4.0837944004E+00    5.4636367868E-02
    6.0799800000E-03    8.4189070731E-01   -2.9384824096E-01   -4.5229377227E+00    5.3377829217E-02
    6.1199800000E-03    9.2971818395E-01   -3.3662184106E-01   -4.8781939886E+00    5.2126240571E-02
    6.1599800000E-03    9.9981882737E-01   -3.4834762911E-01   -5.1628640164E+00    5.0900391722E-02
    6.1999800000E-03    1.0514902903E+00   -3.4559567870E-01   -5.3908438070E+00    4.9786510964E-02
    6.2399800000E-03    1.0881707484E+00   -3.3756334379E-01   -5.5704692465E+00    4.8778270405E-02
    6.2799800000E-03    1.1135053043E+00   -3.2825579945E-01   -5.7072106330E+00    4.7801633480E-02
    6.3199800000E-03    1.1301378036E+00   -3.1958724269E-01   -5.8038677221E+00    4.6834425338E-02
    6.3599800000E-03    1.1398091179E+00   -3.1283654900E-01   -5.8617561218E+00    4.5865566953E-02
    6.3999800000E-03    1.1435914786E+00   -3.0889379550E-01   -5.8819785999E+00    4.4895284137E-02
    6.4399800000E-03    1.1419045169E+00   -3.0817226194E-01   -5.8649003876E+00    4.3936027037E-02
    6.4799800000E-03    1.1345028284E+00   -3.1055892571E-01   -5.8097643484E+00    4.2998775952E-02
    6.5199800000E-03    1.1204863859E+00   -3.1540286178E-01   -5.7151322098E+00    4.2081747668E-02
    6.5599800000E-03    1.0983106396E+00   -3.2154886901E-01   -5.5794011511E+00    4.1173989232E-02
    6.5999800000E-03    1.0656985340E+00   -3.2719068420E-01   -5.3998257086E+00    4.0256767784E-02
    6.6399800000E-03    1.0196702428E+00   -3.2864877108E-01   -5.1715296474E+00    3.9283162964E-02
    6.6799800000E-03    9.5707359565E-01   -3.1780664599E-01   -4.8865150205E+00    3.8278782587E-02
    6.7199800000E-03    8.7726993957E-01   -2.8024718508E-01   -4.5317104245E+00    3.7325309251E-02
    6.7599800000E-03    7.8987373414E-01   -1.9897516873E-01   -4.0958676650E+00    3.6442883826E-02
    6.7999800000E-03    7.1580560202E-01   -6.6472308664E-02   -3.5747975320E+00    3.5739048213E-02
    6.8399800000E-03    6.8632027653E-01    1.0492165916E-01   -2.9808542514E+00    3.5310873978E-02
    6.8799800000E-03    7.3429847271E-01    2.7772775418E-01   -2.3626057221E+00    3.5242613304E-02
    6.9199800000E-03    8.5053320542E-01    4.0105970791E-01   -1.7863827420E+00    3.5499755838E-02
    6.9599800000E-03    9.9062420363E-01    4.4404745621E-01   -1.2883276862E+00    3.5893023277E-02
    6.9999800000E-03    1.1107566566E+00    4.1082502862E-01   -8.7677453105E-01    3.6126948424E-02
    7.0399800000E-03    1.1884584811E+00    3.3404869738E-01   -5.5133371743E-01    3.6074128152E-02
    7.0799800000E-03    1.2286427023E+00    2.4841936459E-01   -3.0772182769E-01    3.5799524940E-02
    7.1199800000E-03    1.2458212571E+00    1.7646028899E-01   -1.3922114797E-01    3.5435645304E-02
    7.1599800000E-03    1.2521179658E+00    1.2685442457E-01   -3.2659563089E-02    3.5118323546E-02
    7.1999800000E-03    1.2541637777E+00    9.7691224073E-02    2.8952569882E-02    3.4897994029E-02
    7.2399800000E-03    1.2547173671E+00    8.3957126986E-02    5.9483173163E-02    3.4754349308E-02
    7.2799800000E-03    1.2547056308E+00    8.2214464596E-02    6.6631034807E-02    3.4645280145E-02
    7.3199800000E-03    1.2542403119E+00    9.1784574089E-02    5.1854507594E-02    3.4527248716E-02
    7.3599800000E-03    1.2527840524E+00    1.1480048988E-01    1.0557908635E-02    3.4359318084E-02
    7.3999800000E-03    1.2485819883E+00    1.5562798480E-01   -6.7974853784E-02    3.4114305074E-02
    7.4399800000E-03    1.2371599120E+00    2.1805979638E-01   -1.9917749117E-01    3.3815792837E-02
    7.4799800000E-03    1.2092838273E+00    2.9898483070E-01   -3.9779780147E-01    3.3577553695E-02
    7.5199800000E-03    1.1511478927E+00    3.8317016955E-01   -6.7216500217E-01    3.3561734459E-02
    7.5599800000E-03    1.0508673135E+00    4.4336564538E-01   -1.0264263912E+00    3.3878206732E-02
    7.5999800000E-03    9.1340839497E-01    4.4505410537E-01   -1.4633454963E+00    3.4510989640E-02
    7.6399800000E-03    7.6929370271E-01    3.6471964655E-01   -1.9856132970E+00    3.5162215876E-02
    7.6799800000E-03    6.6473884086E-01    2.0810077892E-01   -2.5845398166E+00    3.5535644263E-02
    7.7199800000E-03    6.3825714286E-01    1.5239372930E-02   -3.2177747198E+00    3.5369792338E-02
    7.7599800000E-03    6.8667712122E-01   -1.6451724160E-01   -3.8164498823E+00    3.4638631802E-02
    7.7999800000E-03    7.8039383569E-01   -2.9703081480E-01   -4.3385196538E+00    3.3526977549E-02
    7.8399800000E-03    8.8882316028E-01   -3.6918221019E-01   -4.7745065202E+00    3.2237890738E-02
    7.8799800000E-03    9.8562308835E-01   -3.9179507395E-01   -5.1325786116E+00    3.0957080295E-02
    7.9199800000E-03    1.0604517415E+00   -3.8535070049E-01   -5.4249560926E+00    2.9774123294E-02
    7.9599800000E-03    1.1144836788E+00   -3.6505595110E-01   -5.6616749049E+00    2.8711617712E-02
    7.9999800000E-03    1.1520152836E+00   -3.3890851317E-01   -5.8502769413E+00    2.7770112239E-02
    8.0399800000E-03    1.1768404084E+00   -3.1218128646E-01   -5.9947544272E+00    2.6941332948E-02
    8.0799800000E-03    1.1921126445E+00   -2.8923452458E-01   -6.0971464649E+00    2.6210294179E-02
    8.1199800000E-03    1.2004507865E+00   -2.7311004663E-01   -6.1590763358E+00    2.5546743324E-02
    8.1599800000E-03    1.2036459134E+00   -2.6551945360E-01   -6.1819990367E+00    2.4924530187E-02
    8.1999800000E-03    1.2024425119E+00   -2.6718261752E-01   -6.1664610050E+00    2.4319031895E-02
    8.2399800000E-03    1.1964673524E+00   -2.7803069984E-01   -6.1116779421E+00    2.3705855781E-02
    8.2799800000E-03    1.1842011207E+00   -2.9703901893E-01   -6.0156848821E+00    2.3061118793E-02
    8.3199800000E-03    1.1630504349E+00   -3.2173818134E-01   -5.8759576823E+00    2.2359684487E-02
    8.3599800000E-03    1.1296294351E+00   -3.4792660315E-01   -5.6897106857E+00    2.1581229872E-02
    8.3999800000E-03    1.0800458911E+00   -3.6987441471E-01   -5.4527784223E+00    2.0713579503E-02
    8.4399800000E-03    1.0103747647E+00   -3.7927979246E-01   -5.1581075882E+00    1.9762401902E-02
    8.4799800000E-03    9.1952398845E-01   -3.6169143679E-01   -4.7965854710E+00    1.8784482378E-02
    8.5199800000E-03    8.1662733554E-01   -2.9783331607E-01   -4.3578897631E+00    1.7864555904E-02
    8.5599800000E-03    7.2619432196E-01   -1.7687578007E-01   -3.8369146639E+00    1.7137566719E-02
    8.5999800000E-03    6.7889260397E-01   -1.0557341552E-02   -3.2478755177E+00    1.6726394551E-02
    8.6399800000E-03    6.9872625295E-01    1.6763183671E-01   -2.6337640663E+00    1.6731239518E-02
    8.6799800000E-03    7.8411217505E-01    3.1400710853E-01   -2.0552837660E+00    1.7134879073E-02
    8.7199800000E-03    9.0407147769E-01    3.9692326755E-01   -1.5504503844E+00    1.7784438407E-02
    8.7599800000E-03    1.0208880801E+00    4.1361076093E-01   -1.1284425071E+00    1.8490917934E-02
    8.7999800000E-03    1.1119765047E+00    3.8319463196E-01   -7.8375404948E-01    1.9074478287E-02
    8.8399800000E-03    1.1720048354E+00    3.2968130127E-01   -5.1039929649E-01    1.9460440090E-02
    8.8799800000E-03    1.2063402651E+00    2.7273726637E-01   -3.0271638073E-01    1.9657887906E-02
    8.9199800000E-03    1.2236527947E+00    2.2524511567E-01   -1.5621045074E-01    1.9729888292E-02
    8.9599800000E-03    1.2313727770E+00    1.9350033149E-01   -6.4867744916E-02    1.9751784820E-02
    8.9999800000E-03    1.2340511771E+00    1.7898675727E-01   -2.1705258256E-02    1.9767818543E-02
    9.0399800000E-03    1.2335943188E+00    1.8142614020E-01   -2.2235874842E-02    1.9790854946E-02
    9.0799800000E-03    1.2298286926E+00    2.0066104856E-01   -6.6583610991E-02    1.9825823892E-02
    9.1199800000E-03    1.2205080231E+00    2.3643134526E-01   -1.5916513096E-01    1.9896186377E-02
    9.1599800000E-03    1.2008632089E+00    2.8629695471E-01   -3.0607127462E-01    2.0063151783E-02
    9.1999800000E-03    1.1636754221E+00    3.4307791116E-01   -5.1176600051E-01    2.0410993711E-02
    9.2399800000E-03    1.1010693058E+00    3.9405904591E-01   -7.7945373896E-01    2.0997304606E-02
    9.2799800000E-03    1.0082150974E+00    4.2155678484E-01   -1.1142484731E+00    2.1825035284E-02
    9.3199800000E-03    8.8880623553E-01    4.0392115195E-01   -1.5227331895E+00    2.2821037397E-02
    9.3599800000E-03    7.6288389704E-01    3.2035177978E-01   -2.0134827280E+00    2.3803795707E-02
    9.3999800000E-03    6.6794262943E-01    1.6940064164E-01   -2.5849878363E+00    2.4502059609E-02
    9.4399800000E-03    6.3777312488E-01   -2.0230518000E-02   -3.2089702938E+00    2.4723977400E-02
    9.4799800000E-03    6.8371650998E-01   -2.0496132676E-01   -3.8256180669E+00    2.4373239431E-02
    9.5199800000E-03    7.8820693725E-01   -3.4296817924E-01   -4.3803257751E+00    2.3589886321E-02
    9.5599800000E-03    9.1495114514E-01   -4.1149388089E-01   -4.8519767681E+00    2.2572369188E-02
    9.5999800000E-03    1.0292105361E+00   -4.1818509494E-01   -5.2433300862E+00    2.1592411007E-02
    9.6399800000E-03    1.1153093109E+00   -3.8493849872E-01   -5.5627234154E+00    2.0798927525E-02
    9.6799800000E-03    1.1720169476E+00   -3.3239827554E-01   -5.8166661642E+00    2.0248008865E-02
    9.7199800000E-03    1.2050535803E+00   -2.7693786938E-01   -6.0098159375E+00    1.9924744631E-02
    9.7599800000E-03    1.2222321057E+00   -2.3002242165E-01   -6.1453044190E+00    1.9767154526E-02
    9.7999800000E-03    1.2302492959E+00   -1.9773492257E-01   -6.2278758888E+00    1.9693931670E-02
    9.8399800000E-03    1.2332993714E+00   -1.8193508346E-01   -6.2633718737E+00    1.9651295563E-02
    9.8799800000E-03    1.2331791244E+00   -1.8280476912E-01   -6.2553838989E+00    1.9619855834E-02
    9.9199800000E-03    1.2296725229E+00   -2.0057072980E-01   -6.2030820850E+00    1.9593505098E-02
    9.9599800000E-03    1.2204153354E+00   -2.3530915330E-01   -6.1013755859E+00    1.9553330657E-02
    9.9999800000E-03    1.2003206222E+00   -2.8476179288E-01   -5.9434182122E+00    1.9447301101E-02
    1.0039980000E-02    1.1616297081E+00   -3.4144410514E-01   -5.7237911524E+00    1.9199968458E-02
    1.0079980000E-02    1.0960255086E+00   -3.9136140226E-01   -5.4379841125E+00    1.8758372906E-02
    1.0119980000E-02    9.9963342949E-01   -4.1402173342E-01   -5.0800347602E+00    1.8130813432E-02
    1.0159980000E-02    8.8045749346E-01   -3.8568654748E-01   -4.6438654978E+00    1.7408076627E-02
    1.0199980000E-02    7.6429180821E-01   -2.8983164439E-01   -4.1248398267E+00    1.6785632586E-02
    1.0239980000E-02    6.8944511186E-01   -1.3458299135E-01   -3.5364656334E+00    1.6439315843E-02
    1.0279980000E-02    6.8278632581E-01    4.4691397135E-02   -2.9223195281E+00    1.6506101462E-02
    1.0319980000E-02    7.4017816193E-01    2.0485790886E-01   -2.3429535186E+00    1.6983813639E-02
    1.0359980000E-02    8.3565417100E-01    3.1559361144E-01   -1.8356898169E+00    1.7757259709E-02
    1.0399980000E-02    9.3830515167E-01    3.6949203661E-01   -1.4109762469E+00    1.8691041316E-02
    1.0439980000E-02    1.0260484664E+00    3.8024084429E-01   -1.0614964238E+00    1.9667720076E-02
    1.0479980000E-02    1.0921373339E+00    3.6697047778E-01   -7.7732117610E-01    2.0599493951E-02
    1.0519980000E-02    1.1386070474E+00    3.4287714804E-01   -5.4953843649E-01    2.1438730095E-02
    1.0559980000E-02    1.1694747495E+00    3.1574927875E-01   -3.7177335278E-01    2.2187462650E-02
    1.0599980000E-02    1.1886287833E+00    2.9120176473E-01   -2.4026986215E-01    2.2860399592E-02
    1.0639980000E-02    1.1994222738E+00    2.7318969308E-01   -1.5228048924E-01    2.3481302856E-02
    1.0679980000E-02    1.2043214837E+00    2.6386836035E-01   -1.0525245131E-01    2.4074779600E-02
    1.0719980000E-02    1.2046497014E+00    2.6403406538E-01   -9.7365670529E-02    2.4665095483E-02
    1.0759980000E-02    1.2005572364E+00    2.7359324250E-01   -1.2810050203E-01    2.5277292475E-02
    1.0799980000E-02    1.1910614954E+00    2.9165128398E-01   -1.9827452349E-01    2.5936356332E-02
    1.0839980000E-02    1.1741257663E+00    3.1623267092E-01   -3.0951455729E-01    2.6668910337E-02
    1.0879980000E-02    1.1469228028E+00    3.4394909455E-01   -4.6351870129E-01    2.7505291885E-02
    1.0919980000E-02    1.1061187019E+00    3.7009925218E-01   -6.6257597893E-01    2.8459606078E-02
    1.0959980000E-02    1.0477459971E+00    3.8896233333E-01   -9.1119095703E-01    2.9541743325E-02
    1.0999980000E-02    9.6766904234E-01    3.9126513032E-01   -1.2176756001E+00    3.0746475223E-02
    1.1039980000E-02    8.6647711907E-01    3.6001979084E-01   -1.5922270194E+00    3.2031834627E-02
    1.1079980000E-02    7.5804092929E-01    2.7517964265E-01   -2.0473631490E+00    3.3303038178E-02
    1.1119980000E-02    6.7127801080E-01    1.3045233075E-01   -2.5881973800E+00    3.4344674542E-02
    1.1159980000E-02    6.3665350502E-01   -5.5755518745E-02   -3.1997705810E+00    3.4956818435E-02
    1.1199980000E-02    6.8119654743E-01   -2.4521906967E-01   -3.8311178815E+00    3.4985819405E-02
    1.1239980000E-02    7.9794934426E-01   -3.8786042685E-01   -4.4150812601E+00    3.4520506348E-02
    1.1279980000E-02    9.4373633667E-01   -4.5018919156E-01   -4.9183883697E+00    3.3832185335E-02
    1.1319980000E-02    1.0746668137E+00   -4.3404074288E-01   -5.3368634711E+00    3.3237988118E-02
    1.1359980000E-02    1.1655332516E+00   -3.6680901208E-01   -5.6734488490E+00    3.2982516322E-02
    1.1399980000E-02    1.2162299966E+00   -2.8219234608E-01   -5.9312937516E+00    3.3041999912E-02
    1.1439980000E-02    1.2398071705E+00   -2.0484971271E-01   -6.1149074297E+00    3.3293379663E-02
    1.1479980000E-02    1.2492754628E+00   -1.4732938535E-01   -6.2338580041E+00    3.3578362605E-02
    1.1519980000E-02    1.2527289774E+00   -1.1089752886E-01   -6.3033090520E+00    3.3802931425E-02
    1.1559980000E-02    1.2539183630E+00   -9.1443354581E-02   -6.3376693755E+00    3.3957795801E-02
    1.1599980000E-02    1.2542593210E+00   -8.5181755617E-02   -6.3460360751E+00    3.4074906829E-02
    1.1639980000E-02    1.2541020029E+00   -9.0820897395E-02   -6.3312093314E+00    3.4196773555E-02
    1.1679980000E-02    1.2530863685E+00   -1.0996246246E-01   -6.2896751753E+00    3.4367603652E-02
    1.1719980000E-02    1.2497019885E+00   -1.4675100526E-01   -6.2114284441E+00    3.4624288326E-02
    1.1759980000E-02    1.2398566191E+00   -2.0550770354E-01   -6.0809856298E+00    3.4963534821E-02
    1.1799980000E-02    1.2147022751E+00   -2.8442609370E-01   -5.8824315889E+00    3.5295750037E-02
    1.1839980000E-02    1.1604462682E+00   -3.6908001598E-01   -5.6057470922E+00    3.5474252374E-02
    1.1879980000E-02    1.0646291006E+00   -4.3177049427E-01   -5.2455836538E+00    3.5397895613E-02
    1.1919980000E-02    9.3221879156E-01   -4.3573335359E-01   -4.7988925893E+00    3.5050194028E-02
    1.1959980000E-02    7.9650624648E-01   -3.5795984172E-01   -4.2672681880E+00    3.4677167929E-02
    1.1999980000E-02    7.0407508929E-01   -2.0874549580E-01   -3.6675236721E+00    3.4532241781E-02
    1.2039980000E-02    6.8983294891E-01   -3.0352759400E-02   -3.0508448607E+00    3.4743011489E-02
    1.2079980000E-02    7.4213373810E-01    1.2836282498E-01   -2.4828854091E+00    3.5292934003E-02
    1.2119980000E-02    8.2486503953E-01    2.4047070316E-01   -1.9953408258E+00    3.6089434208E-02
    1.2159980000E-02    9.1159501994E-01    3.0222438483E-01   -1.5927889048E+00    3.7008091227E-02
    1.2199980000E-02    9.8524213669E-01    3.2669093850E-01   -1.2671131757E+00    3.7988970676E-02
    1.2239980000E-02    1.0411426444E+00    3.3093159181E-01   -1.0055575563E+00    3.8995303190E-02
    1.2279980000E-02    1.0816162001E+00    3.2681650310E-01   -7.9693095776E-01    3.9940274866E-02
    1.2319980000E-02    1.1098634951E+00    3.2035084256E-01   -6.3485694415E-01    4.0850655847E-02
    1.2359980000E-02    1.1286438204E+00    3.1423197286E-01   -5.1528723571E-01    4.1764046911E-02
    1.2399980000E-02    1.1399533041E+00    3.0998684379E-01   -4.3609251721E-01    4.2694053725E-02
    1.2439980000E-02    1.1451110662E+00    3.0860005209E-01   -3.9556636450E-01    4.3649828130E-02
    1.2479980000E-02    1.1447893007E+00    3.1052468492E-01   -3.9228683445E-01    4.4625832499E-02
    1.2519980000E-02    1.1389923150E+00    3.1566939989E-01   -4.2587245418E-01    4.5607923387E-02
    1.2559980000E-02    1.1270573153E+00    3.2343261547E-01   -4.9713491772E-01    4.6584788032E-02
    1.2599980000E-02    1.1076689517E+00    3.3275368495E-01   -6.0744655659E-01    4.7560723586E-02
    1.2639980000E-02    1.0788085483E+00    3.4217540249E-01   -7.5843996184E-01    4.8549111917E-02
    1.2679980000E-02    1.0374576175E+00    3.4933426825E-01   -9.5379361780E-01    4.9585053494E-02
    1.2719980000E-02    9.7978240051E-01    3.4893284896E-01   -1.1998058017E+00    5.0747694902E-02
    1.2759980000E-02    9.0304038036E-01    3.2937358426E-01   -1.5064230526E+00    5.1993783307E-02
    1.2799980000E-02    8.1106912722E-01    2.7240132351E-01   -1.8881626650E+00    5.3263062356E-02
    1.2839980000E-02    7.2092038763E-01    1.6243837202E-01   -2.3571477349E+00    5.4500220686E-02
    1.2879980000E-02    6.5697800309E-01    3.9300414907E-04   -2.9153207594E+00    5.5504703479E-02
    1.2919980000E-02    6.5686750825E-01   -1.9170959849E-01   -3.5418171810E+00    5.6079817402E-02
    1.2959980000E-02    7.4844222020E-01   -3.6467168554E-01   -4.1690364575E+00    5.6142568167E-02
    1.2999980000E-02    8.9988871515E-01   -4.6358290131E-01   -4.7331365821E+00    5.5829920172E-02
    1.3039980000E-02    1.0558082946E+00   -4.6554572093E-01   -5.2121079212E+00    5.5499065243E-02
    1.3079980000E-02    1.1692593650E+00   -3.9075634943E-01   -5.6006263844E+00    5.5564664387E-02
    1.3119980000E-02    1.2305194484E+00   -2.8411815886E-01   -5.8980759424E+00    5.6009953181E-02
    1.3159980000E-02    1.2562015750E+00   -1.8263006320E-01   -6.1087283089E+00    5.6640073704E-02
    1.3199980000E-02    1.2647477191E+00   -1.0542753780E-01   -6.2468743427E+00    5.7180396202E-02
    1.3239980000E-02    1.2668786792E+00   -4.9813675071E-02   -6.3400457240E+00    5.7449587860E-02
    1.3279980000E-02    1.2663629383E+00   -1.5607120927E-03   -6.4193407501E+00    5.7411683105E-02
    1.3319980000E-02    1.2628996332E+00    5.5883507096E-02   -6.5155426742E+00    5.7035691797E-02
    1.3359980000E-02    1.2518646415E+00    1.3752115412E-01   -6.6618548866E+00    5.6287710844E-02
    1.3399980000E-02    1.2212128701E+00    2.4481462736E-01   -6.8886546007E+00    5.5306722141E-02
    1.3439980000E-02    1.1524143362E+00    3.5241962253E-01   -7.2123259981E+00    5.4393901132E-02
    1.3479980000E-02    1.0351943223E+00    4.1379150327E-01   -7.6387857205E+00    5.3827035515E-02
    1.3519980000E-02    8.9681369730E-01    3.8462034522E-01   -8.1592794914E+00    5.3703443862E-02
    1.3559980000E-02    7.9544054717E-01    2.6839731460E-01   -8.7460997025E+00    5.3771751910E-02
    1.3599980000E-02    7.7585313103E-01    1.1214001795E-01   -9.3446418774E+00    5.3778564478E-02
    1.3639980000E-02    8.3435105577E-01   -2.4171081352E-02   -9.8905051120E+00    5.3756081113E-02
    1.3679980000E-02    9.2711882765E-01   -1.0343668736E-01   -1.0351039505E+01    5.3761374790E-02
    1.3719980000E-02    1.0096350249E+00   -1.2797040710E-01   -1.0721798732E+01    5.3763707164E-02
    1.3759980000E-02    1.0658966751E+00   -1.2376648201E-01   -1.1009385039E+01    5.3704643713E-02
    1.3799980000E-02    1.1010797929E+00   -1.1014462045E-01   -1.1224516784E+01    5.3567366506E-02
    1.3839980000E-02    1.1224143478E+00   -9.5807026347E-02   -1.1376418027E+01    5.3344292162E-02
    1.3879980000E-02    1.1344740975E+00   -8.4580741673E-02   -1.1470491901E+01    5.3052953905E-02
    1.3919980000E-02    1.1397463687E+00   -7.8254507379E-02   -1.1509682602E+01    5.2730150791E-02
    1.3959980000E-02    1.1392757218E+00   -7.7502778988E-02   -1.1495141302E+01    5.2413547544E-02
    1.3999980000E-02    1.1328871507E+00   -8.2214130982E-02   -1.1426293215E+01    5.2138415911E-02
    1.4039980000E-02    1.1191353002E+00   -9.1394577863E-02   -1.1300851075E+01    5.1939787415E-02
    1.4079980000E-02    1.0949050154E+00   -1.0271796545E-01   -1.1114660121E+01    5.1845853592E-02
    1.4119980000E-02    1.0545379818E+00   -1.1116207040E-01   -1.0860617941E+01    5.1871264595E-02
    1.4159980000E-02    9.9025007939E-01   -1.0459936914E-01   -1.0528569760E+01    5.2008254165E-02
    1.4199980000E-02    9.0274050017E-01   -5.8711972495E-02   -1.0110776582E+01    5.2189692508E-02
    1.4239980000E-02    8.2274932809E-01    4.6268721411E-02   -9.6067661590E+00    5.2325084700E-02
    1.4279980000E-02    7.9847679943E-01    1.9310747221E-01   -9.0326128859E+00    5.2432826732E-02
    1.4319980000E-02    8.5680450176E-01    3.3086520603E-01   -8.4367076294E+00    5.2538275535E-02
    1.4359980000E-02    9.7634356455E-01    4.0358448800E-01   -7.8819462529E+00    5.2508742043E-02
    1.4399980000E-02    1.1029483170E+00    3.8475757920E-01   -7.4090646352E+00    5.2128825265E-02
    1.4439980000E-02    1.1913746753E+00    2.9862885367E-01   -7.0364978453E+00    5.1365772341E-02
    1.4479980000E-02    1.2366847670E+00    1.9372778463E-01   -6.7632090961E+00    5.0441442113E-02
    1.4519980000E-02    1.2548575627E+00    1.0485937720E-01   -6.5791651973E+00    4.9602232471E-02
    1.4559980000E-02    1.2609831841E+00    4.3433970493E-02   -6.4630225376E+00    4.9036414823E-02
    1.4599980000E-02    1.2628479552E+00    2.0647529226E-03   -6.3863509651E+00    4.8757392080E-02
    1.4639980000E-02    1.2631736944E+00   -3.1615725204E-02   -6.3237572034E+00    4.8710932138E-02
    1.4679980000E-02    1.2622624041E+00   -6.9590576028E-02   -6.2530748025E+00    4.8879980919E-02
    1.4719980000E-02    1.2583457001E+00   -1.2376128359E-01   -6.1507589307E+00    4.9284709961E-02
    1.4759980000E-02    1.2456014434E+00   -2.0308596849E-01   -5.9903465785E+00    4.9900039264E-02
    1.4799980000E-02    1.2111597997E+00   -3.0282522488E-01   -5.7499503329E+00    5.0557400561E-02
    1.4839980000E-02    1.1372221585E+00   -3.9781982855E-01   -5.4190890701E+00    5.1044790777E-02
    1.4879980000E-02    1.0149774585E+00   -4.4678141259E-01   -4.9935447876E+00    5.1210141916E-02
    1.4919980000E-02    8.7021655513E-01   -4.1003296705E-01   -4.4775747871E+00    5.1089196525E-02
    1.4959980000E-02    7.5580778221E-01   -2.8747390003E-01   -3.8888497444E+00    5.0988644005E-02
    1.4999980000E-02    7.1866572926E-01   -1.1889968959E-01   -3.2740215214E+00    5.1139572081E-02
    1.5039980000E-02    7.6106463751E-01    3.9224206430E-02   -2.7024606498E+00    5.1523552987E-02
    1.5079980000E-02    8.4128953434E-01    1.5083642417E-01   -2.2147330227E+00    5.1993834369E-02
    1.5119980000E-02    9.2253701089E-01    2.1160961559E-01   -1.8159801310E+00    5.2570661279E-02
    1.5159980000E-02    9.8816217982E-01    2.3595700830E-01   -1.4986461176E+00    5.3248702355E-02
    1.5199980000E-02    1.0354913432E+00    2.4108976124E-01   -1.2518631732E+00    5.3981966722E-02
    1.5239980000E-02    1.0678947438E+00    2.3889838773E-01   -1.0630752706E+00    5.4764337250E-02
    1.5279980000E-02    1.0895839401E+00    2.3513460484E-01   -9.2199193363E-01    5.5609829136E-02
    1.5319980000E-02    1.1032615199E+00    2.3226640943E-01   -8.2370859076E-01    5.6479330841E-02
    1.5359980000E-02    1.1103370349E+00    2.3133560369E-01   -7.6691431745E-01    5.7358503212E-02
    1.5399980000E-02    1.1115103193E+00    2.3268453104E-01   -7.5113814284E-01    5.8246334041E-02
    1.5439980000E-02    1.1069031754E+00    2.3631360422E-01   -7.7615579054E-01    5.9137389741E-02
    1.5479980000E-02    1.0960488665E+00    2.4196722016E-01   -8.4204211545E-01    6.0027343548E-02
    1.5519980000E-02    1.0778570071E+00    2.4901728096E-01   -9.4914766483E-01    6.0919693926E-02
    1.5559980000E-02    1.0503868834E+00    2.5607269161E-01   -1.0989236782E+00    6.1810811111E-02
    1.5599980000E-02    1.0102116012E+00    2.5978444234E-01   -1.2972884059E+00    6.2681968102E-02
    1.5639980000E-02    9.5264599715E-01    2.5222385888E-01   -1.5562035729E+00    6.3578234315E-02
    1.5679980000E-02    8.7630753945E-01    2.1821476331E-01   -1.8888712508E+00    6.4499188184E-02
    1.5719980000E-02    7.8932416650E-01    1.3951526840E-01   -2.3067814977E+00    6.5410754698E-02
    1.5759980000E-02    7.1267577348E-01    6.2689586988E-03   -2.8182991785E+00    6.6208925744E-02
    1.5799980000E-02    6.8717498539E-01   -1.6981681895E-01   -3.4150542909E+00    6.6822190981E-02
    1.5839980000E-02    7.5479902927E-01   -3.4330277106E-01   -4.0426469560E+00    6.7052219990E-02
    1.5879980000E-02    8.9684216924E-01   -4.5280497132E-01   -4.6274951701E+00    6.6962082900E-02
    1.5919980000E-02    1.0555527218E+00   -4.6215779979E-01   -5.1321113953E+00    6.6913924027E-02
    1.5959980000E-02    1.1742541241E+00   -3.8386944281E-01   -5.5419942589E+00    6.7308607398E-02
    1.5999980000E-02    1.2375883856E+00   -2.6727298473E-01   -5.8533072286E+00    6.8077773933E-02
    1.6039980000E-02    1.2629678755E+00   -1.5605786970E-01   -6.0710120807E+00    6.8959316122E-02
    1.6079980000E-02    1.2707964640E+00   -7.1767592046E-02   -6.2135075770E+00    6.9600683609E-02
    1.6119980000E-02    1.2722473011E+00   -7.2643445679E-03   -6.3167385351E+00    6.9808387887E-02
    1.6159980000E-02    1.2701141361E+00    5.7926374064E-02   -6.4211451108E+00    6.9558241122E-02
    1.6199980000E-02    1.2610716989E+00    1.4425079894E-01   -6.5676008249E+00    6.8845863626E-02
    1.6239980000E-02    1.2332164425E+00    2.5770047905E-01   -6.7925441702E+00    6.7853100547E-02
    1.6279980000E-02    1.1660921790E+00    3.7382166647E-01   -7.1144422451E+00    6.6940849074E-02
    1.6319980000E-02    1.0450662615E+00    4.4556383856E-01   -7.5386280267E+00    6.6399720719E-02
    1.6359980000E-02    8.9294717240E-01    4.2451379211E-01   -8.0580525861E+00    6.6321287971E-02
    1.6399980000E-02    7.7028983658E-01    3.0799448527E-01   -8.6501027554E+00    6.6354928063E-02
    1.6439980000E-02    7.3024610365E-01    1.4083874390E-01   -9.2649371911E+00    6.6179539607E-02
    1.6479980000E-02    7.7711167857E-01   -1.4319556342E-02   -9.8304266354E+00    6.5819855848E-02
    1.6519980000E-02    8.6519844573E-01   -1.1706570514E-01   -1.0306208366E+01    6.5467783416E-02
    1.6559980000E-02    9.5146707905E-01   -1.6374524104E-01   -1.0688475396E+01    6.5117844228E-02
    1.6599980000E-02    1.0160708551E+00   -1.7441688540E-01   -1.0986524372E+01    6.4726901744E-02
    1.6639980000E-02    1.0593845046E+00   -1.6901287397E-01   -1.1211900563E+01    6.4288387545E-02
    1.6679980000E-02    1.0872433558E+00   -1.5888664152E-01   -1.1376229896E+01    6.3766652890E-02
    1.6719980000E-02    1.1043514082E+00   -1.4921588060E-01   -1.1486998159E+01    6.3155122665E-02
    1.6759980000E-02    1.1135970146E+00   -1.4223125007E-01   -1.1548251039E+01    6.2476100488E-02
    1.6799980000E-02    1.1164781401E+00   -1.3884414890E-01   -1.1561947657E+01    6.1771174139E-02
    1.6839980000E-02    1.1134053430E+00   -1.3930481345E-01   -1.1528339315E+01    6.1087324892E-02
    1.6879980000E-02    1.1037936398E+00   -1.4330694966E-01   -1.1446042275E+01    6.0469226284E-02
    1.6919980000E-02    1.0859413959E+00   -1.4967648658E-01   -1.1311985482E+01    5.9952716127E-02
    1.6959980000E-02    1.0566641084E+00   -1.5556752646E-01   -1.1120832280E+01    5.9557621536E-02
    1.6999980000E-02    1.0107104481E+00   -1.5478145379E-01   -1.0863692698E+01    5.9268015785E-02
    1.7039980000E-02    9.4188881618E-01   -1.3426776164E-01   -1.0529136710E+01    5.9066548017E-02
    1.7079980000E-02    8.5393244149E-01   -7.1902909457E-02   -1.0107692054E+01    5.8933081056E-02
    1.7119980000E-02    7.7753978368E-01    4.7597065987E-02   -9.5956506095E+00    5.8802288717E-02
    1.7159980000E-02    7.6018757759E-01    2.0643750291E-01   -9.0093095602E+00    5.8669904701E-02
    1.7199980000E-02    8.3024795613E-01    3.5313860300E-01   -8.4031873712E+00    5.8687569790E-02
    1.7239980000E-02    9.6158472029E-01    4.3132415503E-01   -7.8425942738E+00    5.8717667114E-02
    1.7279980000E-02    1.0977911244E+00    4.1484646687E-01   -7.3646911716E+00    5.8478167230E-02
    1.7319980000E-02    1.1921401744E+00    3.2802397537E-01   -6.9853719860E+00    5.7841852401E-02
    1.7359980000E-02    1.2400605950E+00    2.1953095997E-01   -6.7041571380E+00    5.6992202362E-02
    1.7399980000E-02    1.2588115721E+00    1.2540737100E-01   -6.5125250058E+00    5.6173220221E-02
    1.7439980000E-02    1.2647702382E+00    5.8510794186E-02   -6.3893492297E+00    5.5620030889E-02
    1.7479980000E-02    1.2662649127E+00    1.0651311477E-02   -6.3035526034E+00    5.5392516611E-02
    1.7519980000E-02    1.2658414594E+00   -3.3246553572E-02   -6.2250390161E+00    5.5465223501E-02
    1.7559980000E-02    1.2627470541E+00   -8.8721630074E-02   -6.1248215858E+00    5.5849633153E-02
    1.7599980000E-02    1.2520595332E+00   -1.6896252958E-01   -5.9715728539E+00    5.6551963581E-02
    1.7639980000E-02    1.2214176922E+00   -2.7335139597E-01   -5.7376193271E+00    5.7416390643E-02
    1.7679980000E-02    1.1522340638E+00   -3.7678969310E-01   -5.4089659307E+00    5.8183687235E-02
    1.7719980000E-02    1.0339815220E+00   -4.3503491070E-01   -4.9805391631E+00    5.8633573235E-02
    1.7759980000E-02    8.9243278769E-01   -4.0475071084E-01   -4.4592740230E+00    5.8699818694E-02
    1.7799980000E-02    7.8463320354E-01   -2.8712224486E-01   -3.8695790189E+00    5.8643280831E-02
    1.7839980000E-02    7.5725149585E-01   -1.2649614515E-01   -3.2639745061E+00    5.8709232727E-02
    1.7879980000E-02    8.0916495756E-01    1.8124788557E-02   -2.7094066183E+00    5.8861034158E-02
    1.7919980000E-02    8.9656722715E-01    1.1004389178E-01   -2.2409071822E+00    5.8997028990E-02
    1.7959980000E-02    9.7713286055E-01    1.4945797100E-01   -1.8625976246E+00    5.9163821840E-02
    1.7999980000E-02    1.0343643504E+00    1.5848355962E-01   -1.5669384905E+00    5.9418999362E-02
    1.8039980000E-02    1.0715855733E+00    1.5513267521E-01   -1.3430409395E+00    5.9765573333E-02
    1.8079980000E-02    1.0949571897E+00    1.4860679644E-01   -1.1801938268E+00    6.0230454646E-02
    1.8119980000E-02    1.1086523753E+00    1.4320282017E-01   -1.0713087638E+00    6.0809871122E-02
    1.8159980000E-02    1.1150752301E+00    1.4082602363E-01   -1.0122342246E+00    6.1475672620E-02
    1.8199980000E-02    1.1153744292E+00    1.4215505024E-01   -1.0006963280E+00    6.2187077957E-02
    1.8239980000E-02    1.1096669903E+00    1.4723084441E-01   -1.0360595754E+00    6.2897686560E-02
    1.8279980000E-02    1.0970746533E+00    1.5554216779E-01   -1.1193479472E+00    6.3561494252E-02
    1.8319980000E-02    1.0755242643E+00    1.6572210927E-01   -1.2534035065E+00    6.4144734244E-02
    1.8359980000E-02    1.0413693563E+00    1.7451453588E-01   -1.4436100729E+00    6.4638304410E-02
    1.8399980000E-02    9.8917317647E-01    1.7445700137E-01   -1.6995060594E+00    6.5064880365E-02
    1.8439980000E-02    9.1420526166E-01    1.5036918219E-01   -2.0334107689E+00    6.5451000454E-02
    1.8479980000E-02    8.2318870678E-01    8.0231453936E-02   -2.4560039054E+00    6.5810219594E-02
    1.8519980000E-02    7.4712253237E-01   -4.8450959261E-02   -2.9733153296E+00    6.6179583322E-02
    1.8559980000E-02    7.3450209242E-01   -2.1640094920E-01   -3.5689246786E+00    6.6501127015E-02
    1.8599980000E-02    8.1557390598E-01   -3.6920298878E-01   -4.1826265821E+00    6.6564091607E-02
    1.8639980000E-02    9.5919784087E-01   -4.4747301866E-01   -4.7470063061E+00    6.6528452110E-02
    1.8679980000E-02    1.1043498300E+00   -4.2405798034E-01   -5.2269644088E+00    6.6781485916E-02
    1.8719980000E-02    1.2016696869E+00   -3.2618524404E-01   -5.6064542957E+00    6.7513014243E-02
    1.8759980000E-02    1.2490174400E+00   -2.0629217572E-01   -5.8850860649E+00    6.8499656899E-02
    1.8799980000E-02    1.2665022925E+00   -1.0343109560E-01   -6.0724227118E+00    6.9411728658E-02
    1.8839980000E-02    1.2716461832E+00   -2.8247100901E-02   -6.1956661739E+00    6.9926285718E-02
    1.8879980000E-02    1.2721441496E+00    3.4159886318E-02   -6.2949254181E+00    6.9971818690E-02
    1.8919980000E-02    1.2685772727E+00    1.0553399395E-01   -6.4109721716E+00    6.9562395334E-02
    1.8959980000E-02    1.2548801249E+00    2.0275160414E-01   -6.5837740116E+00    6.8768541088E-02
    1.8999980000E-02    1.2152184317E+00    3.2090414874E-01   -6.8426468213E+00    6.7891797783E-02
    1.9039980000E-02    1.1280445749E+00    4.2666995054E-01   -7.1983933731E+00    6.7256544639E-02
    1.9079980000E-02    9.8611686299E-01    4.7052844966E-01   -7.6526523821E+00    6.7076912197E-02
    1.9119980000E-02    8.2738469652E-01    4.1409454090E-01   -8.1962651259E+00    6.7195530013E-02
    1.9159980000E-02    7.1308647246E-01    2.6901234057E-01   -8.8076816135E+00    6.7168341461E-02
    1.9199980000E-02    6.9024567832E-01    8.6970138609E-02   -9.4307917804E+00    6.6758349274E-02
    1.9239980000E-02    7.4572846268E-01   -7.2564382879E-02   -9.9913992623E+00    6.6045785044E-02
    1.9279980000E-02    8.3090880343E-01   -1.8023134126E-01   -1.0459191553E+01    6.5196583032E-02
    1.9319980000E-02    9.1464036467E-01   -2.3599692666E-01   -1.0836265751E+01    6.4291007188E-02
    1.9359980000E-02    9.8245172903E-01   -2.5525698846E-01   -1.1133069189E+01    6.3383868599E-02
    1.9399980000E-02    1.0312229690E+00   -2.5603240919E-01   -1.1361950087E+01    6.2517178219E-02
    1.9439980000E-02    1.0647559693E+00   -2.5005446727E-01   -1.1536118313E+01    6.1645839102E-02
    1.9479980000E-02    1.0874233055E+00   -2.4268328292E-01   -1.1665096247E+01    6.0755434138E-02
    1.9519980000E-02    1.1018861773E+00   -2.3614745604E-01   -1.1752373600E+01    5.9866191179E-02
    1.9559980000E-02    1.1096335589E+00   -2.3139291453E-01   -1.1798642839E+01    5.8977330806E-02
    1.9599980000E-02    1.1114438279E+00   -2.2884282474E-01   -1.1804075053E+01    5.8089140302E-02
    1.9639980000E-02    1.1074981497E+00   -2.2863125686E-01   -1.1768599080E+01    5.7206775871E-02
    1.9679980000E-02    1.0974014593E+00   -2.3062108775E-01   -1.1691906241E+01    5.6333158500E-02
    1.9719980000E-02    1.0801535560E+00   -2.3416701177E-01   -1.1573292890E+01    5.5474240295E-02
    1.9759980000E-02    1.0537723576E+00   -2.3767105436E-01   -1.1409971672E+01    5.4664581059E-02
    1.9799980000E-02    1.0146899616E+00   -2.3737805705E-01   -1.1194140535E+01    5.3921816575E-02
    1.9839980000E-02    9.5861170815E-01   -2.2475257596E-01   -1.0913922440E+01    5.3220382968E-02
    1.9879980000E-02    8.8426363723E-01   -1.8471472200E-01   -1.0557192248E+01    5.2604474458E-02
    1.9919980000E-02    8.0008209922E-01   -9.9827288853E-02   -1.0114572820E+01    5.2095310017E-02
    1.9959980000E-02    7.3308778184E-01    3.7291885642E-02   -9.5827210181E+00    5.1674523523E-02
    1.9999980000E-02    7.2714345669E-01    2.0702282960E-01   -8.9814434141E+00    5.1390112005E-02
    2.0039980000E-02    8.0750734898E-01    3.5889445353E-01   -8.3716838421E+00    5.1382312135E-02
    2.0079980000E-02    9.4416408349E-01    4.4051151194E-01   -7.8161893584E+00    5.1524315332E-02
    2.0119980000E-02    1.0833137732E+00    4.3029766250E-01   -7.3445805796E+00    5.1523517744E-02
    2.0159980000E-02    1.1813317676E+00    3.5159637974E-01   -6.9672781976E+00    5.1167411407E-02
    2.0199980000E-02    1.2328756793E+00    2.4955243381E-01   -6.6832163548E+00    5.0560486818E-02
    2.0239980000E-02    1.2540768981E+00    1.5811303722E-01   -6.4856897865E+00    4.9889633651E-02
    2.0279980000E-02    1.2611539616E+00    9.2047403148E-02   -6.3582392570E+00    4.9368260305E-02
    2.0319980000E-02    1.2631107788E+00    4.7346513713E-02   -6.2749577961E+00    4.9088702694E-02
    2.0359980000E-02    1.2632864808E+00    1.2487678205E-02   -6.2102791682E+00    4.9037210104E-02
    2.0399980000E-02    1.2622350398E+00   -2.4683045456E-02   -6.1415054162E+00    4.9209557440E-02
    2.0439980000E-02    1.2584577797E+00   -7.6694901659E-02   -6.0446874637E+00    4.9648721886E-02
    2.0479980000E-02    1.2466895688E+00   -1.5447778709E-01   -5.8916929085E+00    5.0388144076E-02
    2.0519980000E-02    1.2147488085E+00   -2.5600999387E-01   -5.6567011532E+00    5.1307003005E-02
    2.0559980000E-02    1.1452905483E+00   -3.5553483635E-01   -5.3256149324E+00    5.2163465433E-02
    2.0599980000E-02    1.0308693615E+00   -4.0786045520E-01   -4.8928640900E+00    5.2717544736E-02
    2.0639980000E-02    9.0083192010E-01   -3.7228152411E-01   -4.3682135452E+00    5.2863822066E-02
    2.0679980000E-02    8.1151945825E-01   -2.5532797168E-01   -3.7820170427E+00    5.2787444333E-02
    2.0719980000E-02    8.0213179170E-01   -1.0457848290E-01   -3.1907807710E+00    5.2688098172E-02
    2.0759980000E-02    8.6454107383E-01    2.2558336499E-02   -2.6540094689E+00    5.2569999394E-02
    2.0799980000E-02    9.5462555116E-01    9.2532549626E-02   -2.2000038500E+00    5.2419072504E-02
    2.0839980000E-02    1.0300631547E+00    1.1218918820E-01   -1.8331975654E+00    5.2260147533E-02
    2.0879980000E-02    1.0795480357E+00    1.0809014738E-01   -1.5482714334E+00    5.2197876657E-02
    2.0919980000E-02    1.1096983045E+00    9.7286399106E-02   -1.3351422862E+00    5.2253041525E-02
    2.0959980000E-02    1.1273779448E+00    8.6948497259E-02   -1.1851526322E+00    5.2420749190E-02
    2.0999980000E-02    1.1366239688E+00    8.0263272616E-02   -1.0930979022E+00    5.2678656333E-02
    2.1039980000E-02    1.1395014386E+00    7.8693751268E-02   -1.0559686997E+00    5.2993327521E-02
    2.1079980000E-02    1.1366911608E+00    8.2696983298E-02   -1.0724668466E+00    5.3329150591E-02
    2.1119980000E-02    1.1276766376E+00    9.1936034787E-02   -1.1430174998E+00    5.3649423642E-02
    2.1159980000E-02    1.1106353057E+00    1.0516338147E-01   -1.2697748396E+00    5.3915173315E-02
    2.1199980000E-02    1.0819930439E+00    1.1960548314E-01   -1.4569467977E+00    5.4098399625E-02
    2.1239980000E-02    1.0356227743E+00    1.2919472861E-01   -1.7120595674E+00    5.4198896204E-02
    2.1279980000E-02    9.6408569009E-01    1.1981523576E-01   -2.0459752522E+00    5.4229586946E-02
    2.1319980000E-02    8.7142967727E-01    6.6089765754E-02   -2.4675945283E+00    5.4227127567E-02
    2.1359980000E-02    7.9211029167E-01   -4.8588764720E-02   -2.9789294363E+00    5.4243449577E-02
    2.1399980000E-02    7.7465369369E-01   -2.0344673206E-01   -3.5620400585E+00    5.4279246409E-02
    2.1439980000E-02    8.4467185275E-01   -3.4453275424E-01   -4.1626601573E+00    5.4218619645E-02
    2.1479980000E-02    9.7494974583E-01   -4.1472678155E-01   -4.7165954620E+00    5.4222975841E-02
    2.1519980000E-02    1.1078297224E+00   -3.8873010544E-01   -5.1860415275E+00    5.4583042465E-02
    2.1559980000E-02    1.1977765610E+00   -2.9413270903E-01   -5.5538889303E+00    5.5378376302E-02
    2.1599980000E-02    1.2424925349E+00   -1.8174486058E-01   -5.8213330330E+00    5.6368947502E-02
    2.1639980000E-02    1.2599067968E+00   -8.7478975336E-02   -5.9993841338E+00    5.7249969795E-02
    2.1679980000E-02    1.2656592710E+00   -2.0760207533E-02   -6.1132724289E+00    5.7783970445E-02
    2.1719980000E-02    1.2671535604E+00    2.9991831216E-02   -6.1968214457E+00    5.7953207102E-02
    2.1759980000E-02    1.2662251128E+00    8.1589127577E-02   -6.2821085361E+00    5.7800430126E-02
    2.1799980000E-02    1.2608748059E+00    1.4998657463E-01   -6.4004452238E+00    5.7347280589E-02
    2.1839980000E-02    1.2433302133E+00    2.4398497902E-01   -6.5823067272E+00    5.6709457169E-02
    2.1879980000E-02    1.1974717442E+00    3.5275171661E-01   -6.8476168610E+00    5.6156430621E-02
    2.1919980000E-02    1.1039606013E+00    4.4473599570E-01   -7.2032937699E+00    5.5922224755E-02
    2.1959980000E-02    9.5929218546E-01    4.7541673130E-01   -7.6505954901E+00    5.6125765602E-02
    2.1999980000E-02    7.9975404242E-01    4.1113773141E-01   -8.1856508019E+00    5.6485202243E-02
    2.2039980000E-02    6.8054309287E-01    2.5977212666E-01   -8.7953792728E+00    5.6582274768E-02
    2.2079980000E-02    6.4833155496E-01    6.7909477066E-02   -9.4312628327E+00    5.6193766013E-02
    2.2119980000E-02    6.9493304747E-01   -1.0833760874E-01   -1.0017916035E+01    5.5313662765E-02
    2.2159980000E-02    7.7864171231E-01   -2.3757382156E-01   -1.0518454652E+01    5.4143485793E-02
    2.2199980000E-02    8.7208696815E-01   -3.1190753369E-01   -1.0929241491E+01    5.2881794021E-02
    2.2239980000E-02    9.5480275584E-01   -3.4244386458E-01   -1.1260107638E+01    5.1641827162E-02
    2.2279980000E-02    1.0186394214E+00   -3.4796438601E-01   -1.1525225680E+01    5.0443702190E-02
    2.2319980000E-02    1.0649917946E+00   -3.4279108836E-01   -1.1736904969E+01    4.9375260779E-02
    2.2359980000E-02    1.0976112728E+00   -3.3403722894E-01   -1.1902235356E+01    4.8384761977E-02
    2.2399980000E-02    1.1198659251E+00   -3.2475840513E-01   -1.2025861813E+01    4.7414607523E-02
    2.2439980000E-02    1.1340666903E+00   -3.1658624249E-01   -1.2109855058E+01    4.6450273860E-02
    2.2479980000E-02    1.1417272207E+00   -3.1067177872E-01   -1.2155422295E+01    4.5482669939E-02
    2.2519980000E-02    1.1437101412E+00   -3.0775944921E-01   -1.2163503215E+01    4.4517015039E-02
    2.2559980000E-02    1.1402188245E+00   -3.0809576869E-01   -1.2134098292E+01    4.3566620345E-02
    2.2599980000E-02    1.1307915638E+00   -3.1139058234E-01   -1.2066155212E+01    4.2639097901E-02
    2.2639980000E-02    1.1143195778E+00   -3.1682101910E-01   -1.1958187404E+01    4.1728048077E-02
    2.2679980000E-02    1.0890316191E+00   -3.2307006568E-01   -1.1808411753E+01    4.0822159018E-02
    2.2719980000E-02    1.0523988430E+00   -3.2792759341E-01   -1.1613408118E+01    3.9893074667E-02
    2.2759980000E-02    1.0012983088E+00   -3.2657285752E-01   -1.1367583167E+01    3.8900714738E-02
    2.2799980000E-02    9.3283271181E-01   -3.0888513156E-01   -1.1061091872E+01    3.7911786721E-02
    2.2839980000E-02    8.4884050203E-01   -2.5873791625E-01   -1.0680648283E+01    3.6980555715E-02
    2.2879980000E-02    7.6311678740E-01   -1.6065687405E-01   -1.0216501797E+01    3.6140683136E-02
    2.2919980000E-02    6.9953622886E-01   -1.2947605201E-02   -9.6688818202E+00    3.5521518164E-02
    2.2959980000E-02    6.9315129227E-01    1.6424201934E-01   -9.0595329071E+00    3.5210988073E-02
    2.2999980000E-02    7.6724202943E-01    3.2597398492E-01   -8.4486089114E+00    3.5260145059E-02
    2.3039980000E-02    8.9666251005E-01    4.2450675215E-01   -7.8959198374E+00    3.5585673758E-02
    2.3079980000E-02    1.0343758153E+00    4.4009993062E-01   -7.4261136187E+00    3.5960056913E-02
    2.3119980000E-02    1.1413736430E+00    3.8809433978E-01   -7.0432047498E+00    3.6094611116E-02
    2.3159980000E-02    1.2052627047E+00    3.0503803557E-01   -6.7452979247E+00    3.5957092905E-02
    2.3199980000E-02    1.2361855540E+00    2.2205264994E-01   -6.5274725717E+00    3.5634471933E-02
    2.3239980000E-02    1.2486847948E+00    1.5713829928E-01   -6.3811858986E+00    3.5273754776E-02
    2.3279980000E-02    1.2530766984E+00    1.1473371616E-01   -6.2912113116E+00    3.4987741455E-02
    2.3319980000E-02    1.2544455213E+00    9.1063609842E-02   -6.2408729822E+00    3.4797747040E-02
    2.3359980000E-02    1.2547661226E+00    8.1293525004E-02   -6.2181296747E+00    3.4672244730E-02
    2.3399980000E-02    1.2546395859E+00    8.2780941261E-02   -6.2172383019E+00    3.4568164301E-02
    2.3439980000E-02    1.2540042407E+00    9.5678515903E-02   -6.2385031277E+00    3.4442993020E-02
    2.3479980000E-02    1.2520950258E+00    1.2285731259E-01   -6.2882155942E+00    3.4257922978E-02
    2.3519980000E-02    1.2466510017E+00    1.6899773619E-01   -6.3786326541E+00    3.3994219468E-02
    2.3559980000E-02    1.2321721684E+00    2.3687298288E-01   -6.5257518198E+00    3.3696388497E-02
    2.3599980000E-02    1.1980617493E+00    3.2060732734E-01   -6.7430673165E+00    3.3498795064E-02
    2.3639980000E-02    1.1300652846E+00    4.0178357385E-01   -7.0373418127E+00    3.3558432404E-02
    2.3679980000E-02    1.0188736192E+00    4.5044890628E-01   -7.4124117645E+00    3.3965210585E-02
    2.3719980000E-02    8.7599149151E-01    4.3274159417E-01   -7.8708058051E+00    3.4636775263E-02
    2.3759980000E-02    7.3727367585E-01    3.3109585580E-01   -8.4143582722E+00    3.5238815668E-02
    2.3799980000E-02    6.5013996607E-01    1.6050114902E-01   -9.0278694419E+00    3.5495550975E-02
    2.3839980000E-02    6.4478898747E-01   -3.3257917437E-02   -9.6586665048E+00    3.5180277437E-02
    2.3879980000E-02    7.0756600877E-01   -2.0345275935E-01   -1.0240127672E+01    3.4333139362E-02
    2.3919980000E-02    8.0804571555E-01   -3.2078812260E-01   -1.0740398111E+01    3.3153917386E-02
    2.3959980000E-02    9.1537437982E-01   -3.7855302371E-01   -1.1155358184E+01    3.1861438533E-02
    2.3999980000E-02    1.0069209297E+00   -3.9185606623E-01   -1.1495760622E+01    3.0599171233E-02
    2.4039980000E-02    1.0760481255E+00   -3.8078999449E-01   -1.1773058344E+01    2.9448747748E-02
    2.4079980000E-02    1.1254417753E+00   -3.5844267242E-01   -1.1997025852E+01    2.8419166624E-02
    2.4119980000E-02    1.1593821450E+00   -3.3170655297E-01   -1.2174137257E+01    2.7507184565E-02
    2.4159980000E-02    1.1814791448E+00   -3.0559638194E-01   -1.2307779261E+01    2.6706031149E-02
    2.4199980000E-02    1.1947579981E+00   -2.8417066598E-01   -1.2399751043E+01    2.5995025977E-02
    2.4239980000E-02    1.2016561541E+00   -2.7010432190E-01   -1.2451687477E+01    2.5344373536E-02
    2.4279980000E-02    1.2037105386E+00   -2.6482240614E-01   -1.2464884534E+01    2.4728741892E-02
    2.4319980000E-02    1.2013860361E+00   -2.6883637021E-01   -1.2439572277E+01    2.4123600061E-02
    2.4359980000E-02    1.1940229653E+00   -2.8186993578E-01   -1.2374630100E+01    2.3504788947E-02
    2.4399980000E-02    1.1798186224E+00   -3.0258828499E-01   -1.2267880277E+01    2.2848366605E-02
    2.4439980000E-02    1.1559520326E+00   -3.2809421691E-01   -1.2116750488E+01    2.2129155012E-02
    2.4479980000E-02    1.1188878670E+00   -3.5379584226E-01   -1.1918250891E+01    2.1330182545E-02
    2.4519980000E-02    1.0646530718E+00   -3.7353867462E-01   -1.1667624605E+01    2.0440326540E-02
    2.4559980000E-02    9.8956685124E-01   -3.7784614254E-01   -1.1357019428E+01    1.9475753395E-02
    2.4599980000E-02    8.9429948193E-01   -3.5046498631E-01   -1.0977172306E+01    1.8508135090E-02
    2.4639980000E-02    7.9172423133E-01   -2.7261150356E-01   -1.0517657469E+01    1.7620129279E-02
    2.4679980000E-02    7.0937257524E-01   -1.3823315806E-01   -9.9773985088E+00    1.6963541382E-02
    2.4719980000E-02    6.7721909291E-01    3.4861528963E-02   -9.3765906449E+00    1.6654617756E-02
    2.4759980000E-02    7.1508731756E-01    2.0911688469E-01   -8.7659345350E+00    1.6766424229E-02
    2.4799980000E-02    8.1282776029E-01    3.4146771110E-01   -8.2036523334E+00    1.7244315128E-02
    2.4839980000E-02    9.3519099789E-01    4.0673274596E-01   -7.7196654836E+00    1.7928648947E-02
    2.4879980000E-02    1.0469076754E+00    4.0925248742E-01   -7.3175864426E+00    1.8613927494E-02
    2.4919980000E-02    1.1300938826E+00    3.7072976054E-01   -6.9913864142E+00    1.9149291986E-02
    2.4959980000E-02    1.1828666792E+00    3.1468112136E-01   -6.7349982204E+00    1.9481973211E-02
    2.4999980000E-02    1.2120546236E+00    2.5911417600E-01   -6.5431528035E+00    1.9638694848E-02
    2.5039980000E-02    1.2263273117E+00    2.1520107513E-01   -6.4111981107E+00    1.9690459935E-02
    2.5079980000E-02    1.2324504748E+00    1.8774766075E-01   -6.3325805415E+00    1.9707372412E-02
    2.5119980000E-02    1.2342480350E+00    1.7749877045E-01   -6.3005898326E+00    1.9724090076E-02
    2.5159980000E-02    1.2330670893E+00    1.8409887882E-01   -6.3117707566E+00    1.9748743929E-02
    2.5199980000E-02    1.2282469937E+00    2.0747432928E-01   -6.3674432891E+00    1.9788166924E-02
    2.5239980000E-02    1.2169678764E+00    2.4709342572E-01   -6.4727861252E+00    1.9873766504E-02
    2.5279980000E-02    1.1938014029E+00    2.9957869431E-01   -6.6337766640E+00    2.0075760995E-02
    2.5319980000E-02    1.1511160805E+00    3.5638458267E-01   -6.8543527430E+00    2.0476244480E-02
    2.5359980000E-02    1.0813608295E+00    4.0351549658E-01   -7.1379635159E+00    2.1121960742E-02
    2.5399980000E-02    9.8118788854E-01    4.2216154500E-01   -7.4902703270E+00    2.1998329697E-02
    2.5439980000E-02    8.5751600362E-01    3.9006482084E-01   -7.9181553836E+00    2.3012535719E-02
    2.5479980000E-02    7.3541808780E-01    2.8889526200E-01   -8.4298420973E+00    2.3944377533E-02
    2.5519980000E-02    6.5380501231E-01    1.2491703621E-01   -9.0183273152E+00    2.4544203801E-02
    2.5559980000E-02    6.4240221855E-01   -6.7652559449E-02   -9.6466743828E+00    2.4624506474E-02
    2.5599980000E-02    7.0535183907E-01   -2.4434394354E-01   -1.0251950415E+01    2.4147084012E-02
    2.5639980000E-02    8.1900687403E-01   -3.6621925988E-01   -1.0787168141E+01    2.3285757694E-02
    2.5679980000E-02    9.4518044032E-01   -4.1783151542E-01   -1.1238173784E+01    2.2255977817E-02
    2.5719980000E-02    1.0532071693E+00   -4.1261912660E-01   -1.1611214911E+01    2.1313352862E-02
    2.5759980000E-02    1.1317835136E+00   -3.7290804057E-01   -1.1913953180E+01    2.0577656204E-02
    2.5799980000E-02    1.1819747535E+00   -3.1836105934E-01   -1.2152655560E+01    2.0085967514E-02
    2.5839980000E-02    1.2103892801E+00   -2.6417415345E-01   -1.2331376970E+01    1.9809912133E-02
    2.5879980000E-02    1.2247880213E+00   -2.2049745640E-01   -1.2453415903E+01    1.9679258230E-02
    2.5919980000E-02    1.2313036519E+00   -1.9217161419E-01   -1.2524033852E+01    1.9616180191E-02
    2.5959980000E-02    1.2334999462E+00   -1.8040387297E-01   -1.2548841859E+01    1.9576384337E-02
    2.5999980000E-02    1.2326625801E+00   -1.8528838321E-01   -1.2530482178E+01    1.9546070659E-02
    2.6039980000E-02    1.2280987270E+00   -2.0711578492E-01   -1.2466994720E+01    1.9518472820E-02
    2.6079980000E-02    1.2168543602E+00   -2.4567548081E-01   -1.2352557287E+01    1.9468147327E-02
    2.6119980000E-02    1.1931546677E+00   -2.9771718365E-01   -1.2180425602E+01    1.9334940059E-02
    2.6159980000E-02    1.1488300772E+00   -3.5427339825E-01   -1.1945631365E+01    1.9044658117E-02
    2.6199980000E-02    1.0760499807E+00   -3.9980033421E-01   -1.1643402401E+01    1.8555390400E-02
    2.6239980000E-02    9.7303064347E-01   -4.1254097217E-01   -1.1267577343E+01    1.7894725217E-02
    2.6279980000E-02    8.5158357828E-01   -3.6918675706E-01   -1.0812002707E+01    1.7175174530E-02
    2.6319980000E-02    7.4173387667E-01   -2.5747268404E-01   -1.0274485357E+01    1.6605735249E-02
    2.6359980000E-02    6.8149683605E-01   -9.2691568126E-02   -9.6748210895E+00    1.6349617179E-02
    2.6399980000E-02    6.9155190930E-01    8.5721104285E-02   -9.0636152370E+00    1.6514840932E-02
    2.6439980000E-02    7.6060465192E-01    2.3619341198E-01   -8.4990648783E+00    1.7071720166E-02
    2.6479980000E-02    8.6054717547E-01    3.3318336536E-01   -8.0110029722E+00    1.7898627770E-02
    2.6519980000E-02    9.6108918585E-01    3.7509449293E-01   -7.6049331220E+00    1.8846274871E-02
    2.6559980000E-02    1.0438675298E+00    3.7848715843E-01   -7.2715594358E+00    1.9818141528E-02
    2.6599980000E-02    1.1049822679E+00    3.6164739411E-01   -7.0013625676E+00    2.0728123765E-02
    2.6639980000E-02    1.1473764962E+00    3.3615373669E-01   -6.7857689891E+00    2.1542327552E-02
    2.6679980000E-02    1.1751098274E+00    3.0910933210E-01   -6.6191607297E+00    2.2269319267E-02
    2.6719980000E-02    1.1919810263E+00    2.8576653422E-01   -6.4981651797E+00    2.2925401720E-02
    2.6759980000E-02    1.2011759750E+00    2.6964432093E-01   -6.4200740008E+00    2.3535536218E-02
    2.6799980000E-02    1.2049076834E+00    2.6251945297E-01   -6.3824261488E+00    2.4123913048E-02
    2.6839980000E-02    1.2042206252E+00    2.6494350056E-01   -6.3836672571E+00    2.4715005742E-02
    2.6879980000E-02    1.1989931612E+00    2.7664195498E-01   -6.4236144933E+00    2.5333889413E-02
    2.6919980000E-02    1.1879806456E+00    2.9650161794E-01   -6.5033522219E+00    2.6005542546E-02
    2.6959980000E-02    1.1689225034E+00    3.2223821711E-01   -6.6245928383E+00    2.6757730008E-02
    2.6999980000E-02    1.1388506468E+00    3.5011495266E-01   -6.7890548007E+00    2.7619134621E-02
    2.7039980000E-02    1.0942940124E+00    3.7519473768E-01   -6.9994250482E+00    2.8600384137E-02
    2.7079980000E-02    1.0311246362E+00    3.9129918149E-01   -7.2609592903E+00    2.9709693798E-02
    2.7119980000E-02    9.4562244315E-01    3.8757129238E-01   -7.5827539418E+00    3.0939152641E-02
    2.7159980000E-02    8.4080335058E-01    3.4531834435E-01   -7.9753741790E+00    3.2226595601E-02
    2.7199980000E-02    7.3454367259E-01    2.4601055065E-01   -8.4511025917E+00    3.3464204110E-02
    2.7239980000E-02    6.5739889954E-01    8.9000944934E-02   -9.0111280621E+00    3.4422173447E-02
    2.7279980000E-02    6.3972969817E-01   -1.0208482330E-01   -9.6335757466E+00    3.4898921149E-02
    2.7319980000E-02    7.0384660075E-01   -2.8491176762E-01   -1.0259051234E+01    3.4788540711E-02
    2.7359980000E-02    8.3186188816E-01   -4.1019538523E-01   -1.0825402275E+01    3.4248604776E-02
    2.7399980000E-02    9.7753192053E-01   -4.5248033876E-01   -1.1308272388E+01    3.3549111162E-02
    2.7439980000E-02    1.1002182349E+00   -4.2114138896E-01   -1.1707088991E+01    3.3025170224E-02
    2.7479980000E-02    1.1807296178E+00   -3.4700952596E-01   -1.2024610480E+01    3.2851283139E-02
    2.7519980000E-02    1.2236547614E+00   -2.6236741079E-01   -1.2264348483E+01    3.2969614052E-02
    2.7559980000E-02    1.2428664173E+00   -1.8909718365E-01   -1.2431518336E+01    3.3241220282E-02
    2.7599980000E-02    1.2503754162E+00   -1.3678101348E-01   -1.2537354663E+01    3.3515731742E-02
    2.7639980000E-02    1.2530735801E+00   -1.0475008472E-01   -1.2597485877E+01    3.3721262925E-02
    2.7679980000E-02    1.2539898751E+00   -8.8577529764E-02   -1.2625331834E+01    3.3862351557E-02
    2.7719980000E-02    1.2542141302E+00   -8.4943367498E-02   -1.2628571214E+01    3.3974790656E-02
    2.7759980000E-02    1.2539351946E+00   -9.3186486868E-02   -1.2608626487E+01    3.4101490377E-02
    2.7799980000E-02    1.2526206091E+00   -1.1551597794E-01   -1.2560628413E+01    3.4286009357E-02
    2.7839980000E-02    1.2483954840E+00   -1.5642594634E-01   -1.2473268349E+01    3.4560658636E-02
    2.7879980000E-02    1.2363968621E+00   -2.1964765640E-01   -1.2330401095E+01    3.4907769730E-02
    2.7919980000E-02    1.2066721012E+00   -3.0125234493E-01   -1.2116900491E+01    3.5220456558E-02
    2.7959980000E-02    1.1449405880E+00   -3.8410529632E-01   -1.1824055040E+01    3.5353578148E-02
    2.7999980000E-02    1.0405978934E+00   -4.3808383928E-01   -1.1446851702E+01    3.5219744929E-02
    2.8039980000E-02    9.0425663992E-01   -4.2672991693E-01   -1.0983023950E+01    3.4840614695E-02
    2.8079980000E-02    7.7339181048E-01   -3.3286609634E-01   -1.0435703052E+01    3.4496688485E-02
    2.8119980000E-02    6.9486032265E-01   -1.7379829055E-01   -9.8273318225E+00    3.4418756627E-02
    2.8159980000E-02    6.9634348143E-01    4.0732778615E-03   -9.2156171531E+00    3.4701146491E-02
    2.8199980000E-02    7.5738540188E-01    1.5480430241E-01   -8.6623409241E+00    3.5302065663E-02
    2.8239980000E-02    8.4276589744E-01    2.5649270267E-01   -8.1916952280E+00    3.6132278088E-02
    2.8279980000E-02    9.2791133598E-01    3.0939986900E-01   -7.8050979623E+00    3.7062534671E-02
    2.8319980000E-02    9.9804801815E-01    3.2850612293E-01   -7.4931335194E+00    3.8052664593E-02
    2.8359980000E-02    1.0506309289E+00    3.3028153642E-01   -7.2426310582E+00    3.9049067775E-02
    2.8399980000E-02    1.0884197469E+00    3.2530110630E-01   -7.0435392994E+00    3.9980997858E-02
    2.8439980000E-02    1.1145832127E+00    3.1868873308E-01   -6.8900267632E+00    4.0888984378E-02
    2.8479980000E-02    1.1317364374E+00    3.1278921895E-01   -6.7785073587E+00    4.1803236033E-02
    2.8519980000E-02    1.1417344574E+00    3.0901427624E-01   -6.7070471767E+00    4.2736689746E-02
    2.8559980000E-02    1.1457738012E+00    3.0824597612E-01   -6.6739373487E+00    4.3696050842E-02
    2.8599980000E-02    1.1443975190E+00    3.1082937817E-01   -6.6779047750E+00    4.4673156350E-02
    2.8639980000E-02    1.1374780981E+00    3.1656893415E-01   -6.7188177763E+00    4.5653487877E-02
    2.8679980000E-02    1.1242214352E+00    3.2476674687E-01   -6.7976737492E+00    4.6627838908E-02
    2.8719980000E-02    1.1031815265E+00    3.3428232221E-01   -6.9158719039E+00    4.7603670269E-02
    2.8759980000E-02    1.0721713246E+00    3.4355225948E-01   -7.0752579113E+00    4.8595097704E-02
    2.8799980000E-02    1.0279570600E+00    3.4986255771E-01   -7.2800659736E+00    4.9648175991E-02
    2.8839980000E-02    9.6670210370E-01    3.4695745456E-01   -7.5370386374E+00    5.0834166820E-02
    2.8879980000E-02    8.8632346400E-01    3.2173364341E-01   -7.8572928750E+00    5.2081461423E-02
    2.8919980000E-02    7.9296447321E-01    2.5541016844E-01   -8.2553088232E+00    5.3351120120E-02
    2.8959980000E-02    7.0583790602E-01    1.3464595058E-01   -8.7421145286E+00    5.4556061717E-02
    2.8999980000E-02    6.5070550755E-01   -3.5715734477E-02   -9.3166142328E+00    5.5494665187E-02
    2.9039980000E-02    6.6786182539E-01   -2.2865776957E-01   -9.9496256647E+00    5.5963705343E-02
    2.9079980000E-02    7.7512975951E-01   -3.9080472083E-01   -1.0568121035E+01    5.5932005512E-02
    2.9119980000E-02    9.3169796007E-01   -4.7130223731E-01   -1.1116412367E+01    5.5582712071E-02
    2.9159980000E-02    1.0821606189E+00   -4.5539310681E-01   -1.1578020308E+01    5.5305810601E-02
    2.9199980000E-02    1.1848551515E+00   -3.7090927937E-01   -1.1948609859E+01    5.5455826808E-02
    2.9239980000E-02    1.2375771622E+00   -2.6288307396E-01   -1.2228631007E+01    5.5954604081E-02
    2.9279980000E-02    1.2586679433E+00   -1.6537178968E-01   -1.2423594419E+01    5.6588161613E-02
    2.9319980000E-02    1.2653976304E+00   -9.3148491269E-02   -1.2550631685E+01    5.7082558813E-02
    2.9359980000E-02    1.2668724154E+00   -4.0169748962E-02   -1.2638830833E+01    5.7291981306E-02
    2.9399980000E-02    1.2659045294E+00    8.6626430111E-03   -1.2719186710E+01    5.7190842262E-02
    2.9439980000E-02    1.2614772954E+00    6.9974052736E-02   -1.2822826012E+01    5.6741500640E-02
    2.9479980000E-02    1.2477514443E+00    1.5741395945E-01   -1.2983288259E+01    5.5928546863E-02
    2.9519980000E-02    1.2109788659E+00    2.6759954828E-01   -1.3228720291E+01    5.4938365580E-02
    2.9559980000E-02    1.1325575714E+00    3.7009481818E-01   -1.3572776110E+01    5.4076449199E-02
    2.9599980000E-02    1.0073254055E+00    4.1579973852E-01   -1.4019467386E+01    5.3606199780E-02
    2.9639980000E-02    8.7157825972E-01    3.6710808319E-01   -1.4556088959E+01    5.3545438310E-02
    2.9679980000E-02    7.8414458148E-01    2.3814103352E-01   -1.5150623922E+01    5.3617879035E-02
    2.9719980000E-02    7.8232330663E-01    8.1301025811E-02   -1.5743355337E+01    5.3604911982E-02
    2.9759980000E-02    8.5167308582E-01   -4.5450029529E-02   -1.6273694883E+01    5.3589763919E-02
    2.9799980000E-02    9.4533830852E-01   -1.1237634681E-01   -1.6716266764E+01    5.3598228931E-02
    2.9839980000E-02    1.0228501992E+00   -1.2907480378E-01   -1.7069907643E+01    5.3589828907E-02
    2.9879980000E-02    1.0742830859E+00   -1.2189306651E-01   -1.7342318773E+01    5.3514524991E-02
    2.9919980000E-02    1.1062416686E+00   -1.0764964264E-01   -1.7544433380E+01    5.3357998589E-02
    2.9959980000E-02    1.1254741632E+00   -9.3688135097E-02   -1.7684690374E+01    5.3116449484E-02
    2.9999980000E-02    1.1360646032E+00   -8.3306823172E-02   -1.7767905591E+01    5.2812832071E-02
    3.0039980000E-02    1.1401806279E+00   -7.8029111749E-02   -1.7796654647E+01    5.2485324500E-02
    3.0079980000E-02    1.1386210110E+00   -7.8366163926E-02   -1.7771756281E+01    5.2170952455E-02
    3.0119980000E-02    1.1309766323E+00   -8.4061428280E-02   -1.7692302222E+01    5.1904897451E-02
    3.0159980000E-02    1.1155312264E+00   -9.3909202578E-02   -1.7555666865E+01    5.1721795475E-02
    3.0199980000E-02    1.0887678335E+00   -1.0523022509E-01   -1.7357250031E+01    5.1647521083E-02
    3.0239980000E-02    1.0444973840E+00   -1.1210337801E-01   -1.7089237542E+01    5.1693311939E-02
    3.0279980000E-02    9.7517680001E-01   -1.0031973698E-01   -1.6741379144E+01    5.1846414187E-02
    3.0319980000E-02    8.8571364207E-01   -4.4053337022E-02   -1.6307039820E+01    5.2019737459E-02
    3.0359980000E-02    8.1261542885E-01    7.1354030450E-02   -1.5787783867E+01    5.2150466642E-02
    3.0399980000E-02    8.0298549605E-01    2.2102594007E-01   -1.5204792695E+01    5.2255184304E-02
    3.0439980000E-02    8.7575956236E-01    3.5046976897E-01   -1.4612037005E+01    5.2352313780E-02
    3.0479980000E-02    1.0010499893E+00    4.0683486858E-01   -1.4070290080E+01    5.2273988420E-02
    3.0519980000E-02    1.1228553192E+00    3.7221224363E-01   -1.3615329846E+01    5.1814559503E-02
    3.0559980000E-02    1.2025709521E+00    2.7917723363E-01   -1.3261697915E+01    5.1005796122E-02
    3.0599980000E-02    1.2414726013E+00    1.7531565178E-01   -1.3005977521E+01    5.0080649687E-02
    3.0639980000E-02    1.2564861088E+00    9.1454702858E-02   -1.2836465168E+01    4.9284346715E-02
    3.0679980000E-02    1.2614387007E+00    3.4607703570E-02   -1.2729686520E+01    4.8776173674E-02
    3.0719980000E-02    1.2629078734E+00   -4.4472063100E-03   -1.2657258827E+01    4.8544645411E-02
    3.0759980000E-02    1.2630292321E+00   -3.8114799848E-02   -1.2594618607E+01    4.8538638964E-02
    3.0799980000E-02    1.2617571691E+00   -7.8330828649E-02   -1.2519655300E+01    4.8750451989E-02
    3.0839980000E-02    1.2567673407E+00   -1.3688622721E-01   -1.2408137064E+01    4.9200393431E-02
    3.0879980000E-02    1.2410751967E+00   -2.2110144942E-01   -1.2233635471E+01    4.9839432780E-02
    3.0919980000E-02    1.2004097114E+00   -3.2238881473E-01   -1.1976334453E+01    5.0477415033E-02
    3.0959980000E-02    1.1172017801E+00   -4.1205981563E-01   -1.1627496908E+01    5.0911656051E-02
    3.0999980000E-02    9.8733247122E-01   -4.4676211615E-01   -1.1183883274E+01    5.1004633516E-02
    3.1039980000E-02    8.4422296694E-01   -3.9207035551E-01   -1.0652026792E+01    5.0864287290E-02
    3.1079980000E-02    7.4181956846E-01   -2.5663278721E-01   -1.0053475164E+01    5.0798733242E-02
    3.1119980000E-02    7.2181874285E-01   -8.5841312315E-02   -9.4416532991E+00    5.1003670438E-02
    3.1159980000E-02    7.7511476526E-01    6.5053156788E-02   -8.8844569450E+00    5.1407279843E-02
    3.1199980000E-02    8.5780484116E-01    1.6637287079E-01   -8.4139024290E+00    5.1895277107E-02
    3.1239980000E-02    9.3680033402E-01    2.1873528305E-01   -8.0312839316E+00    5.2491178847E-02
    3.1279980000E-02    9.9886811150E-01    2.3810455015E-01   -7.7282276617E+00    5.3183658141E-02
    3.1319980000E-02    1.0430110116E+00    2.4107623154E-01   -7.4933120935E+00    5.3922738750E-02
    3.1359980000E-02    1.0730897018E+00    2.3823333655E-01   -7.3140751948E+00    5.4718581916E-02
    3.1399980000E-02    1.0931094218E+00    2.3446621415E-01   -7.1811538111E+00    5.5571221471E-02
    3.1439980000E-02    1.1054617857E+00    2.3188295624E-01   -7.0906379989E+00    5.6442235320E-02
    3.1479980000E-02    1.1113927998E+00    2.3135262142E-01   -7.0415241541E+00    5.7322943045E-02
    3.1519980000E-02    1.1114941279E+00    2.3313464527E-01   -7.0333818093E+00    5.8211814990E-02
    3.1559980000E-02    1.1057809912E+00    2.3717674176E-01   -7.0660390472E+00    5.9102719576E-02
    3.1599980000E-02    1.0936726032E+00    2.4317313084E-01   -7.1396263967E+00    5.9992321432E-02
    3.1639980000E-02    1.0739484195E+00    2.5039653036E-01   -7.2545790512E+00    6.0885066621E-02
    3.1679980000E-02    1.0444568654E+00    2.5721839122E-01   -7.4128224169E+00    6.1773145695E-02
    3.1719980000E-02    1.0014424607E+00    2.5971164030E-01   -7.6214205704E+00    6.2643028203E-02
    3.1759980000E-02    9.4032750950E-01    2.4873412119E-01   -7.8930029034E+00    6.3547072630E-02
    3.1799980000E-02    8.6108863340E-01    2.0792951259E-01   -8.2405421455E+00    6.4465772339E-02
    3.1839980000E-02    7.7391505945E-01    1.1964192987E-01   -8.6752061507E+00    6.5365420361E-02
    3.1879980000E-02    7.0280936522E-01   -2.3074817851E-02   -9.2038057196E+00    6.6137196036E-02
    3.1919980000E-02    6.9216329047E-01   -2.0307368763E-01   -9.8118948666E+00    6.6688045110E-02
    3.1959980000E-02    7.7660245740E-01   -3.6921908293E-01   -1.0436484817E+01    6.6845603366E-02
    3.1999980000E-02    9.2615646632E-01   -4.6207641497E-01   -1.1008436922E+01    6.6729628920E-02
    3.2039980000E-02    1.0811210911E+00   -4.5298853982E-01   -1.1496681806E+01    6.6739685124E-02
    3.2079980000E-02    1.1894064645E+00   -3.6396756625E-01   -1.1888583737E+01    6.7216127166E-02
    3.2119980000E-02    1.2442158774E+00   -2.4564816483E-01   -1.2182369116E+01    6.8026075887E-02
    3.2159980000E-02    1.2651219248E+00   -1.3864183830E-01   -1.2384531300E+01    6.8888815495E-02
    3.2199980000E-02    1.2712772730E+00   -5.9114077065E-02   -1.2517040068E+01    6.9456711523E-02
    3.2239980000E-02    1.2720541739E+00    3.9126437381E-03   -1.2617610369E+01    6.9581945613E-02
    3.2279980000E-02    1.2691019346E+00    7.1620275782E-02   -1.2726729623E+01    6.9246673556E-02
    3.2319980000E-02    1.2578148004E+00    1.6322365783E-01   -1.2885263566E+01    6.8461487240E-02
    3.2359980000E-02    1.2244215473E+00    2.7980943464E-01   -1.3127138819E+01    6.7459504170E-02
    3.2399980000E-02    1.1479745899E+00    3.9170360396E-01   -1.3467498955E+01    6.6597824838E-02
    3.2439980000E-02    1.0179526023E+00    4.4936931435E-01   -1.3910103891E+01    6.6150393392E-02
    3.2479980000E-02    8.6649175816E-01    4.0933111221E-01   -1.4444868413E+01    6.6124426410E-02
    3.2519980000E-02    7.5574136986E-01    2.7924834112E-01   -1.5045935229E+01    6.6138411374E-02
    3.2559980000E-02    7.3333653059E-01    1.0970887293E-01   -1.5657109756E+01    6.5913396455E-02
    3.2599980000E-02    7.9153805920E-01   -3.7810755378E-02   -1.6207912343E+01    6.5551193961E-02
    3.2639980000E-02    8.8198368084E-01   -1.2964920985E-01   -1.6666492644E+01    6.5201627713E-02
    3.2679980000E-02    9.6500914398E-01   -1.6805560638E-01   -1.7032908672E+01    6.4845154280E-02
    3.2719980000E-02    1.0254147949E+00   -1.7457231128E-01   -1.7317050073E+01    6.4446009412E-02
    3.2759980000E-02    1.0655243030E+00   -1.6768557205E-01   -1.7530826422E+01    6.3992946531E-02
    3.2799980000E-02    1.0911763898E+00   -1.5735019265E-01   -1.7685290233E+01    6.3452628270E-02
    3.2839980000E-02    1.1067261370E+00   -1.4802432806E-01   -1.7787170827E+01    6.2824460022E-02
    3.2879980000E-02    1.1147851740E+00   -1.4160916107E-01   -1.7840084761E+01    6.2134907704E-02
    3.2919980000E-02    1.1166380337E+00   -1.3888301649E-01   -1.7845688371E+01    6.1427469414E-02
    3.2959980000E-02    1.1125276476E+00   -1.3999219451E-01   -1.7803946823E+01    6.0749086310E-02
    3.2999980000E-02    1.1016913900E+00   -1.4452875826E-01   -1.7713196429E+01    6.0143387320E-02
    3.3039980000E-02    1.0822179557E+00   -1.5110964605E-01   -1.7570044874E+01    5.9644093630E-02
    3.3079980000E-02    1.0506267402E+00   -1.5649053387E-01   -1.7368656216E+01    5.9266769405E-02
    3.3119980000E-02    1.0013222248E+00   -1.5365470963E-01   -1.7099525660E+01    5.8990378022E-02
    3.3159980000E-02    9.2859230591E-01   -1.2802716575E-01   -1.6751241094E+01    5.8803492216E-02
    3.3199980000E-02    8.3968407549E-01   -5.6802752217E-02   -1.6314888282E+01    5.8673909067E-02
    3.3239980000E-02    7.6955702230E-01    7.1266749176E-02   -1.5788793363E+01    5.8540512996E-02
    3.3279980000E-02    7.6564604207E-01    2.3225529325E-01   -1.5194519177E+01    5.8425828145E-02
    3.3319980000E-02    8.4860166977E-01    3.7126011890E-01   -1.4591807355E+01    5.8462972041E-02
    3.3359980000E-02    9.8471500364E-01    4.3481233442E-01   -1.4042853961E+01    5.8470531925E-02
    3.3399980000E-02    1.1163089960E+00    4.0409967071E-01   -1.3580254128E+01    5.8165288893E-02
    3.3439980000E-02    1.2024982579E+00    3.1073050572E-01   -1.3217096403E+01    5.7482485729E-02
    3.3479980000E-02    1.2444096762E+00    2.0271696375E-01   -1.2951087530E+01    5.6622213797E-02
    3.3519980000E-02    1.2602095946E+00    1.1284433971E-01   -1.2772243535E+01    5.5835095328E-02
    3.3559980000E-02    1.2650954504E+00    4.9908870413E-02   -1.2657146681E+01    5.5335816910E-02
    3.3599980000E-02    1.2662127656E+00    3.7187784858E-03   -1.2574371487E+01    5.5158278481E-02
    3.3639980000E-02    1.2654879216E+00   -4.1021348125E-02   -1.2494257133E+01    5.5278994620E-02
    3.3679980000E-02    1.2616468761E+00   -9.9761326502E-02   -1.2387563714E+01    5.5715765634E-02
    3.3719980000E-02    1.2487943345E+00   -1.8449735797E-01   -1.2222810682E+01    5.6458584612E-02
    3.3759980000E-02    1.2132233671E+00   -2.9095414535E-01   -1.1974174116E+01    5.7321998143E-02
    3.3799980000E-02    1.1362987636E+00   -3.9037982317E-01   -1.1629683921E+01    5.8049660603E-02
    3.3839980000E-02    1.0113131820E+00   -4.3652254544E-01   -1.1185403539E+01    5.8429971069E-02
    3.3879980000E-02    8.7127183561E-01   -3.9067571642E-01   -1.0651036565E+01    5.8455783277E-02
    3.3919980000E-02    7.7410242785E-01   -2.6234778447E-01   -1.0054364233E+01    5.8404684079E-02
    3.3959980000E-02    7.6118868115E-01   -1.0048244750E-01   -9.4527007402E+00    5.8497371440E-02
    3.3999980000E-02    8.2212597735E-01    3.7211305994E-02   -8.9105718263E+00    5.8644321088E-02
    3.4039980000E-02    9.1079049246E-01    1.1978631428E-01   -8.4565683797E+00    5.8780377612E-02
    3.4079980000E-02    9.8795740331E-01    1.5275175771E-01   -8.0918814719E+00    5.8960075514E-02
    3.4119980000E-02    1.0415703845E+00    1.5885127678E-01   -7.8082743654E+00    5.9229965257E-02
    3.4159980000E-02    1.0762358259E+00    1.5452524359E-01   -7.5945318034E+00    5.9595535066E-02
    3.4199980000E-02    1.0978684833E+00    1.4794103274E-01   -7.4404141496E+00    6.0081777854E-02
    3.4239980000E-02    1.1103149225E+00    1.4289731303E-01   -7.3393965611E+00    6.0679303943E-02
    3.4279980000E-02    1.1157551457E+00    1.4104948701E-01   -7.2876533982E+00    6.1357763058E-02
    3.4319980000E-02    1.1151703069E+00    1.4294918218E-01   -7.2831588789E+00    6.2075019897E-02
    3.4359980000E-02    1.1085311386E+00    1.4855853368E-01   -7.3255219919E+00    6.2784412609E-02
    3.4399980000E-02    1.0948044668E+00    1.5727124361E-01   -7.4160226206E+00    6.3440783068E-02
    3.4439980000E-02    1.0717182802E+00    1.6754193445E-01   -7.5578063516E+00    6.4013377578E-02
    3.4479980000E-02    1.0353704064E+00    1.7570305551E-01   -7.7567490398E+00    6.4497303607E-02
    3.4519980000E-02    9.8015465644E-01    1.7341647954E-01   -8.0230124620E+00    6.4919383551E-02
    3.4559980000E-02    9.0206905417E-01    1.4426502237E-01   -8.3688713944E+00    6.5300296939E-02
    3.4599980000E-02    8.1070824879E-01    6.6143165127E-02   -8.8047559438E+00    6.5660627395E-02
    3.4639980000E-02    7.4035643591E-01   -7.0020764200E-02   -9.3348711276E+00    6.6031776424E-02
    3.4679980000E-02    7.4018111119E-01   -2.3974800558E-01   -9.9376158350E+00    6.6324091968E-02
    3.4719980000E-02    8.3293376926E-01   -3.8535978420E-01   -1.0547945925E+01    6.6355066841E-02
    3.4759980000E-02    9.8058461679E-01   -4.5012724271E-01   -1.1102047690E+01    6.6333276679E-02
    3.4799980000E-02    1.1210716559E+00   -4.1360754140E-01   -1.1568699353E+01    6.6652807890E-02
    3.4839980000E-02    1.2107044025E+00   -3.0976426462E-01   -1.1933969308E+01    6.7433513246E-02
    3.4879980000E-02    1.2526213164E+00   -1.9045194951E-01   -1.2199159473E+01    6.8429669805E-02
    3.4919980000E-02    1.2675888540E+00   -9.1569031103E-02   -1.2375616955E+01    6.9299797915E-02
    3.4959980000E-02    1.2718354062E+00   -1.9336888254E-02   -1.2493188192E+01    6.9748387150E-02
    3.4999980000E-02    1.2718614084E+00    4.3057110044E-02   -1.2592485565E+01    6.9730123656E-02
    3.5039980000E-02    1.2674250187E+00    1.1732531435E-01   -1.2714231913E+01    6.9259516032E-02
    3.5079980000E-02    1.2512729528E+00    2.1846076663E-01   -1.2897828373E+01    6.8432718339E-02
    3.5119980000E-02    1.2062118046E+00    3.3731617391E-01   -1.3169927983E+01    6.7575008511E-02
    3.5159980000E-02    1.1111032772E+00    4.3755341671E-01   -1.3539501235E+01    6.6994776703E-02
    3.5199980000E-02    9.6347044344E-01    4.6870965950E-01   -1.4007009916E+01    6.6882576984E-02
    3.5239980000E-02    8.0740029555E-01    3.9803963970E-01   -1.4561859843E+01    6.7006045937E-02
    3.5279980001E-02    7.0396466051E-01    2.4406155273E-01   -1.5179287814E+01    6.6932343311E-02
    3.5319980001E-02    6.9457281996E-01    6.2019417066E-02   -1.5797696372E+01    6.6468999191E-02
    3.5359980001E-02    7.5694699338E-01   -9.1186791576E-02   -1.6346112237E+01    6.5737345274E-02
    3.5399980001E-02    8.4336199130E-01   -1.9107210146E-01   -1.6800897827E+01    6.4873182136E-02
    3.5439980001E-02    9.2549002794E-01   -2.4058075345E-01   -1.7166284360E+01    6.3968572764E-02
    3.5479980001E-02    9.9062677245E-01   -2.5621328189E-01   -1.7453024546E+01    6.3066204286E-02
    3.5519980001E-02    1.0369931725E+00   -2.5547189205E-01   -1.7673723734E+01    6.2203924349E-02
    3.5559980001E-02    1.0688056209E+00   -2.4903843838E-01   -1.7841423801E+01    6.1328869735E-02
    3.5599980001E-02    1.0902239458E+00   -2.4165833569E-01   -1.7964747950E+01    6.0438376818E-02
    3.5639980001E-02    1.1037003854E+00   -2.3529730536E-01   -1.8046526809E+01    5.9549860508E-02
    3.5679980001E-02    1.1106061047E+00   -2.3081683494E-01   -1.8087313568E+01    5.8661102177E-02
    3.5719980001E-02    1.1116413157E+00   -2.2857928280E-01   -1.8087249508E+01    5.7773548685E-02
    3.5759980001E-02    1.1069083998E+00   -2.2868590483E-01   -1.8046228223E+01    5.6892579956E-02
    3.5799980001E-02    1.0959300019E+00   -2.3096556819E-01   -1.7963908791E+01    5.6020732650E-02
    3.5839980001E-02    1.0776124126E+00   -2.3466680599E-01   -1.7839465295E+01    5.5165978650E-02
    3.5879980001E-02    1.0497959740E+00   -2.3800524552E-01   -1.7669627392E+01    5.4365942113E-02
    3.5919980001E-02    1.0087126631E+00   -2.3678081738E-01   -1.7445914728E+01    5.3629816171E-02
    3.5959980001E-02    9.5018038188E-01   -2.2162541849E-01   -1.7156186704E+01    5.2937404766E-02
    3.5999980001E-02    8.7373885661E-01   -1.7674593049E-01   -1.6788574982E+01    5.2336681409E-02
    3.6039980001E-02    7.8976294345E-01   -8.5096396973E-02   -1.6334100567E+01    5.1842901256E-02
    3.6079980001E-02    7.2802623908E-01    5.8055030429E-02   -1.5791202834E+01    5.1432530624E-02
    3.6119980001E-02    7.3294050045E-01    2.2876421868E-01   -1.5184648798E+01    5.1182447724E-02
    3.6159980001E-02    8.2320538758E-01    3.7402467829E-01   -1.4579007020E+01    5.1208151414E-02
    3.6199980001E-02    9.6322851308E-01    4.4407403386E-01   -1.4033378520E+01    5.1350369635E-02
    3.6239980001E-02    1.0987718598E+00    4.2275085565E-01   -1.3573708858E+01    5.1307922922E-02
    3.6279980001E-02    1.1902664637E+00    3.3864026716E-01   -1.3208764809E+01    5.0912507287E-02
    3.6319980001E-02    1.2368260194E+00    2.3648339960E-01   -1.2936416383E+01    5.0286915794E-02
    3.6359980001E-02    1.2554274981E+00    1.4800892445E-01   -1.2749123392E+01    4.9626037044E-02
    3.6399980001E-02    1.2614984939E+00    8.5214695426E-02   -1.2628844098E+01    4.9135457660E-02
    3.6439980001E-02    1.2631199515E+00    4.2438489908E-02   -1.2549198500E+01    4.8887676742E-02
    3.6479980001E-02    1.2631437217E+00    7.8827968377E-03   -1.2485054220E+01    4.8865247148E-02
    3.6519980001E-02    1.2618627762E+00   -3.0620856796E-02   -1.2413789227E+01    4.9069971224E-02
    3.6559980001E-02    1.2574209849E+00   -8.5656817473E-02   -1.2310900044E+01    4.9549227159E-02
    3.6599980001E-02    1.2437807354E+00   -1.6727498500E-01   -1.2147917947E+01    5.0323367352E-02
    3.6639980001E-02    1.2077298124E+00   -2.7051423762E-01   -1.1900319446E+01    5.1246486227E-02
    3.6679980001E-02    1.1320368833E+00   -3.6649922847E-01   -1.1555510244E+01    5.2073458373E-02
    3.6719980001E-02    1.0127469242E+00   -4.0842247071E-01   -1.1109147914E+01    5.2568320447E-02
    3.6759980001E-02    8.8494609068E-01   -3.6014150711E-01   -1.0573838586E+01    5.2670531333E-02
    3.6799980001E-02    8.0511391982E-01   -2.3515907255E-01   -9.9830543534E+00    5.2581034514E-02
    3.6839980001E-02    8.0714321822E-01   -8.4452124816E-02   -9.3961144310E+00    5.2482758163E-02
    3.6879980001E-02    8.7626841739E-01    3.6072827305E-02   -8.8695424410E+00    5.2361480308E-02
    3.6919980001E-02    9.6629415947E-01    9.7975462134E-02   -8.4272706009E+00    5.2203700608E-02
    3.6959980001E-02    1.0381780373E+00    1.1294241712E-01   -8.0718621519E+00    5.2055433704E-02
    3.6999980001E-02    1.0845753426E+00    1.0723244004E-01   -7.7971292337E+00    5.2010016255E-02
    3.7039980001E-02    1.1127210149E+00    9.6195516493E-02   -7.5927968142E+00    5.2083117293E-02
    3.7079980001E-02    1.1290984635E+00    8.6193899096E-02   -7.4506996388E+00    5.2266915101E-02
    3.7119980001E-02    1.1374215227E+00    8.0110630116E-02   -7.3659903441E+00    5.2537218497E-02
    3.7159980001E-02    1.1395456932E+00    7.9253098266E-02   -7.3358843061E+00    5.2859680848E-02
    3.7199980001E-02    1.1359919010E+00    8.3967205718E-02   -7.3593035808E+00    5.3198709557E-02
    3.7239980001E-02    1.1260849495E+00    9.3822394974E-02   -7.4368924072E+00    5.3517227410E-02
    3.7279980001E-02    1.1078170275E+00    1.0741983352E-01   -7.5710398547E+00    5.3776419936E-02
    3.7319980001E-02    1.0773452234E+00    1.2170589002E-01   -7.7662872393E+00    5.3951113160E-02
    3.7359980001E-02    1.0282110476E+00    1.2994161342E-01   -8.0306745113E+00    5.4044161649E-02
    3.7399980001E-02    9.5335722371E-01    1.1658018803E-01   -8.3751777180E+00    5.4068797529E-02
    3.7439980001E-02    8.5987974310E-01    5.5604835176E-02   -8.8081278443E+00    5.4068111118E-02
    3.7479980001E-02    7.8561564184E-01   -6.5981115122E-02   -9.3300029413E+00    5.4088667349E-02
    3.7519980001E-02    7.7847478330E-01   -2.2253997619E-01   -9.9190037425E+00    5.4117671272E-02
    3.7559980001E-02    8.5831989524E-01   -3.5768803581E-01   -1.0517078290E+01    5.4050218151E-02
    3.7599980001E-02    9.9219495404E-01   -4.1656923781E-01   -1.1062158066E+01    5.4081604445E-02
    3.7639980001E-02    1.1214572845E+00   -3.7971394330E-01   -1.1519711406E+01    5.4498890673E-02
    3.7679980001E-02    1.2052741520E+00   -2.8041741550E-01   -1.1874982317E+01    5.5330700602E-02
    3.7719980001E-02    1.2456156403E+00   -1.6881042144E-01   -1.2130750395E+01    5.6323006773E-02
    3.7759980001E-02    1.2609422556E+00   -7.7984140677E-02   -1.2299394334E+01    5.7168696588E-02
    3.7799980001E-02    1.2659267743E+00   -1.4017545181E-02   -1.2407885820E+01    5.7654937356E-02
    3.7839980001E-02    1.2671008072E+00    3.6009650480E-02   -1.2490164849E+01    5.7782328505E-02
    3.7879980001E-02    1.2658054104E+00    8.8979401475E-02   -1.2578063924E+01    5.7590545007E-02
    3.7919980001E-02    1.2594834129E+00    1.6046830051E-01   -1.2703027851E+01    5.7104310185E-02
    3.7959980001E-02    1.2393716183E+00    2.5744393050E-01   -1.2894840903E+01    5.6462238769E-02
    3.7999980001E-02    1.1884140870E+00    3.6611101738E-01   -1.3171520125E+01    5.5940257140E-02
    3.8039980001E-02    1.0878973075E+00    4.5284974810E-01   -1.3538947261E+01    5.5759308737E-02
    3.8079980001E-02    9.3857986064E-01    4.7249075388E-01   -1.3997744305E+01    5.6010448515E-02
    3.8119980001E-02    7.8116122680E-01    3.9572598353E-01   -1.4543504431E+01    5.6355862098E-02
    3.8159980001E-02    6.7121906175E-01    2.3595833929E-01   -1.5160353167E+01    5.6397293410E-02
    3.8199980001E-02    6.5103001308E-01    4.3343016894E-02   -1.5793923679E+01    5.5944022990E-02
    3.8239980001E-02    7.0457348487E-01   -1.2796171396E-01   -1.6370495096E+01    5.5020048011E-02
    3.8279980001E-02    7.9089716417E-01   -2.5011351883E-01   -1.6859496963E+01    5.3827723879E-02
    3.8319980001E-02    8.8395560962E-01   -3.1780967186E-01   -1.7259450089E+01    5.2569632199E-02
    3.8359980001E-02    9.6441296481E-01   -3.4400569035E-01   -1.7581146972E+01    5.1334484032E-02
    3.8399980001E-02    1.0258202680E+00   -3.4745811677E-01   -1.7839005864E+01    5.0152261574E-02
    3.8439980001E-02    1.0701833541E+00   -3.4148633273E-01   -1.8044535190E+01    4.9100772147E-02
    3.8479980001E-02    1.1012972160E+00   -3.3249116600E-01   -1.8204451171E+01    4.8116124340E-02
    3.8519980001E-02    1.1224003518E+00   -3.2323367801E-01   -1.8323036058E+01    4.7148770843E-02
    3.8559980001E-02    1.1356851527E+00   -3.1525899652E-01   -1.8402130499E+01    4.6185653818E-02
    3.8599980001E-02    1.1425825106E+00   -3.0967731383E-01   -1.8442932941E+01    4.5218903851E-02
    3.8639980001E-02    1.1438745427E+00   -3.0717192341E-01   -1.8446306134E+01    4.4255638182E-02
    3.8679980001E-02    1.1396805077E+00   -3.0792318072E-01   -1.8412105573E+01    4.3309144965E-02
    3.8719980001E-02    1.1294538281E+00   -3.1157444881E-01   -1.8339176083E+01    4.2385533880E-02
    3.8759980001E-02    1.1120030605E+00   -3.1723466733E-01   -1.8226010611E+01    4.1477006043E-02
    3.8799980001E-02    1.0854634535E+00   -3.2351988672E-01   -1.8070712043E+01    4.0571893383E-02
    3.8839980001E-02    1.0472123376E+00   -3.2801596820E-01   -1.7869596341E+01    3.9637636578E-02
    3.8879980001E-02    9.9408959908E-01   -3.2538136338E-01   -1.7616749736E+01    3.8641346757E-02
    3.8919980001E-02    9.2338769913E-01   -3.0470125743E-01   -1.7301592175E+01    3.7660946203E-02
    3.8959980001E-02    8.3814412190E-01   -2.4935871975E-01   -1.6911037612E+01    3.6739947835E-02
    3.8999980001E-02    7.5366974935E-01   -1.4484117059E-01   -1.6436039673E+01    3.5922381456E-02
    3.9039980001E-02    6.9503588206E-01    8.1129439029E-03   -1.5878729858E+01    3.5337206526E-02
    3.9079980001E-02    6.9825213837E-01    1.8619411464E-01   -1.5265293648E+01    3.5073603383E-02
    3.9119980001E-02    7.8146497316E-01    3.4223628446E-01   -1.4659020135E+01    3.5166726611E-02
    3.9159980001E-02    9.1443006958E-01    4.3073398197E-01   -1.4115973066E+01    3.5512409865E-02
    3.9199980001E-02    1.0499872703E+00    4.3637204996E-01   -1.3656981311E+01    3.5869571218E-02
    3.9239980001E-02    1.1515762105E+00    3.7843160117E-01   -1.3284904168E+01    3.5966961218E-02
    3.9279980001E-02    1.2105489350E+00    2.9397956160E-01   -1.2997282340E+01    3.5800561773E-02
    3.9319980001E-02    1.2384168378E+00    2.1258958990E-01   -1.2788965807E+01    3.5465436297E-02
    3.9359980001E-02    1.2494656442E+00    1.5048796189E-01   -1.2650582542E+01    3.5110550182E-02
    3.9399980001E-02    1.2532924657E+00    1.1067081524E-01   -1.2566292184E+01    3.4837874587E-02
    3.9439980001E-02    1.2544659284E+00    8.8880597485E-02   -1.2519730435E+01    3.4659164493E-02
    3.9479980001E-02    1.2547194269E+00    8.0440457793E-02   -1.2499570233E+01    3.4540193233E-02
    3.9519980001E-02    1.2545564492E+00    8.2998546300E-02   -1.2500751885E+01    3.4438113191E-02
    3.9559980001E-02    1.2538601323E+00    9.6986011930E-02   -1.2524166342E+01    3.4311042606E-02
    3.9599980001E-02    1.2517864033E+00    1.2550400117E-01   -1.2576646329E+01    3.4121225670E-02
    3.9639980001E-02    1.2458999725E+00    1.7328546381E-01   -1.2670902274E+01    3.3853209821E-02
    3.9679980001E-02    1.2303657321E+00    2.4270916514E-01   -1.2823015974E+01    3.3558324751E-02
    3.9719980001E-02    1.1941964507E+00    3.2700866400E-01   -1.3046032186E+01    3.3376148193E-02
    3.9759980001E-02    1.1231167478E+00    4.0684963504E-01   -1.3346303272E+01    3.3460428704E-02
    3.9799980001E-02    1.0088267064E+00    4.5155542566E-01   -1.3727592842E+01    3.3894328505E-02
    3.9839980001E-02    8.6483721558E-01    4.2777555497E-01   -1.4192424794E+01    3.4573084945E-02
    3.9879980001E-02    7.2840906707E-01    3.1993188109E-01   -1.4742157440E+01    3.5158074981E-02
    3.9919980001E-02    6.4697759628E-01    1.4578841708E-01   -1.5359361044E+01    3.5376910060E-02
    3.9959980001E-02    6.4778497245E-01   -4.7601041826E-02   -1.5988540939E+01    3.5018741701E-02
    3.9999980001E-02    7.1448801331E-01   -2.1452628198E-01   -1.6564532439E+01    3.4142093671E-02
