 sig=    1.000000000000000      inputfile=
 /home/rjrj524/Finished/vmec_gc_tracer/revised_251128/nc/wout_pwO_nfp2_A6.nc                                                                                                                             
 dt=   1.0000000000000000E-008
 steps=      8000000
 x0=   4.0000000000000001E-002    3.080000000000000      
    6.410000000000000     
 u=   -36900.00000000000     
 v_perp=    146000.0000000000     
 
time(s)         x0(1)       x0(2)        x0(3)      r
    1.9990000000E-05    1.2098201727E+00    2.8688684954E-01    5.8133573448E+00    3.5892702419E-02
    3.9990000000E-05    8.7253076154E-01    4.4085707925E-01    4.6977804929E+00    3.8895857538E-02
    5.9990000000E-05    6.0800826730E-01   -9.7088219212E-03    3.0120983257E+00    4.2476235965E-02
    7.9990000000E-05    8.9350155091E-01   -3.9515677307E-01    1.4757237646E+00    2.7003273655E-02
    9.9990000000E-05    1.1639298299E+00   -3.1662590524E-01    4.9579098507E-01    1.4661049518E-02
    1.1999000000E-04    1.2345457533E+00   -1.1265527044E-01   -6.7852945994E-02    1.1933795225E-02
    1.3999000000E-04    1.2182589771E+00    8.9859155096E-02   -5.1574949413E-01    8.5855439587E-03
    1.5999000000E-04    1.0532964107E+00    3.0006549115E-01   -1.3540208254E+00    3.3659893983E-03
    1.7999000000E-04    7.8155175427E-01    1.1506659243E-01   -2.7816410866E+00    3.4028115560E-03
    1.9999000000E-04    9.2746187894E-01   -2.2531811937E-01   -4.3262584881E+00    3.3942938829E-03
    2.1999000000E-04    1.1508885817E+00   -1.6651322467E-01   -5.3426041871E+00    3.8442274761E-03
    2.3999000000E-04    1.2143368991E+00   -9.1963008005E-03   -5.8821034537E+00    5.1457839905E-03
    2.5999000000E-04    1.2183482625E+00    1.0813103403E-01   -6.1978805717E+00    7.6597422882E-03
    2.7999000000E-04    1.1830399532E+00    2.2959832388E-01   -6.6033768230E+00    1.3076748079E-02
    2.9999000000E-04    1.0472091393E+00    3.3524362502E-01   -7.3080871154E+00    2.2604819918E-02
    3.1999000000E-04    7.5219117285E-01    2.2488359083E-01   -8.4615399092E+00    3.6479161021E-02
    3.3999000000E-04    6.9463895709E-01   -2.7014340667E-01   -1.0141803424E+01    4.4387252632E-02
    3.5999000000E-04    1.1012435699E+00   -4.1112712763E-01   -1.1593341970E+01    4.1044107043E-02
    3.7999000000E-04    1.2599863652E+00   -7.9105098772E-02   -1.2413455108E+01    4.8595561618E-02
    3.9999000000E-04    1.2243793805E+00    2.5974338403E-01   -1.3007763622E+01    4.4500346920E-02
    4.1999000000E-04    8.9612719977E-01    4.4922358157E-01   -1.4118644704E+01    4.4114833659E-02
    4.3999000000E-04    6.2269249935E-01    1.7489665380E-02   -1.5801585849E+01    4.5499462296E-02
    4.5999000000E-04    8.8572101468E-01   -3.6142229417E-01   -1.7307753772E+01    2.9962833386E-02
    4.7999000000E-04    1.1381954746E+00   -3.1884758337E-01   -1.8262752967E+01    1.6421735936E-02
    4.9999000000E-04    1.2196573818E+00   -1.6332175051E-01   -1.8834756533E+01    1.0036665186E-02
    5.1999000000E-04    1.2250364325E+00   -1.1960510505E-02   -1.9209043382E+01    7.1576423219E-03
    5.3999000000E-04    1.1589340106E+00    1.7753904215E-01   -1.9783798869E+01    3.1038268770E-03
    5.5999000000E-04    8.6997321898E-01    2.5741294201E-01   -2.0871069797E+01    1.7474139776E-03
    5.7999000000E-04    7.6220237997E-01   -1.3570896365E-01   -2.2473592674E+01    2.9196192441E-03
    5.9999000000E-04    1.0763309293E+00   -2.7205293620E-01   -2.3841091076E+01    1.7717789544E-03
    6.1999000000E-04    1.2170400414E+00   -6.8829847784E-02   -2.4625172717E+01    6.5323585609E-03
    6.3999000000E-04    1.2306414253E+00    1.1184101932E-01   -2.5046782988E+01    9.6676170040E-03
    6.5999000000E-04    1.1714160352E+00    2.9350567306E-01   -2.5569854765E+01    1.3229182285E-02
    6.7999000000E-04    9.4046424108E-01    3.8916872474E-01   -2.6473851326E+01    2.4817716145E-02
    6.9999000000E-04    6.3089174676E-01    7.6244035618E-02   -2.7913681731E+01    4.1163507854E-02
    7.1999000000E-04    8.1941990984E-01   -4.1531347754E-01   -2.9636142249E+01    4.1191430887E-02
    7.3999000000E-04    1.1921367474E+00   -3.2095208671E-01   -3.0836837757E+01    3.7821660276E-02
    7.5999000000E-04    1.2605885931E+00    9.0300727131E-03   -3.1477145093E+01    4.3287795857E-02
    7.7999000000E-04    1.1639065301E+00    3.4195835610E-01   -3.2173960041E+01    3.5955470014E-02
    7.9999000000E-04    7.7749492114E-01    3.5323139176E-01   -3.3477238637E+01    3.7746433237E-02
    8.1999000000E-04    7.0849947721E-01   -1.3363791109E-01   -3.5180723447E+01    3.4311330449E-02
    8.3999000000E-04    1.0020477236E+00   -3.2957062065E-01   -3.6455182095E+01    2.2056235871E-02
    8.5999000000E-04    1.1667617816E+00   -2.4012485728E-01   -3.7234756074E+01    1.2505104619E-02
    8.7999000000E-04    1.2138720763E+00   -1.1973085240E-01   -3.7681860552E+01    6.6582005756E-03
    8.9999000000E-04    1.2169256211E+00   -1.2007147348E-02   -3.7977376994E+01    4.1983050526E-03
    9.1999000000E-04    1.1783731242E+00    1.2817172863E-01   -3.8410228357E+01    3.5812101624E-03
    9.3999000000E-04    1.0137621902E+00    2.4951025897E-01   -3.9243148718E+01    4.4369333238E-03
    9.5999000000E-04    7.6676831963E-01    2.7570893340E-02   -4.0638726121E+01    5.5874875565E-03
    9.7999000000E-04    9.3513095767E-01   -3.1575821809E-01   -4.2217324042E+01    4.7420503210E-03
    9.9999000000E-04    1.1896421538E+00   -1.8620985656E-01   -4.3268460178E+01    7.7852611393E-03
    1.0199900000E-03    1.2391669498E+00    4.6037755462E-02   -4.3810329908E+01    1.2722646148E-02
    1.0399900000E-03    1.1999874875E+00    2.6082245607E-01   -4.4306552169E+01    1.3516488592E-02
    1.0599900000E-03    9.7740941386E-01    4.1285390842E-01   -4.5191239560E+01    2.2158092999E-02
    1.0799900000E-03    6.3405790233E-01    1.3764769751E-01   -4.6617640139E+01    3.7895621761E-02
    1.0999900000E-03    7.7377632702E-01   -3.8202835518E-01   -4.8355291090E+01    3.7199092596E-02
    1.1199900000E-03    1.1608933881E+00   -3.5745087485E-01   -4.9594492456E+01    3.0208315228E-02
    1.1399900000E-03    1.2558451609E+00   -4.7980398834E-02   -5.0271269931E+01    3.4498719267E-02
    1.1599900000E-03    1.1998676133E+00    2.6187125961E-01   -5.0874095430E+01    2.8783358354E-02
    1.1799900000E-03    8.7122282584E-01    3.8910848372E-01   -5.2030208513E+01    2.7966045344E-02
    1.1999900000E-03    6.9516955995E-01   -3.8247146669E-02   -5.3697239358E+01    2.8093662877E-02
    1.2199900000E-03    9.6393647101E-01   -3.0572345968E-01   -5.5079365853E+01    1.8967905904E-02
    1.2399900000E-03    1.1519696691E+00   -2.3355049346E-01   -5.5928561753E+01    1.0328656026E-02
    1.2599900000E-03    1.2088449803E+00   -1.1448607460E-01   -5.6411951546E+01    4.9236115884E-03
    1.2799900000E-03    1.2167168271E+00   -1.4965637436E-02   -5.6693443612E+01    2.7969264567E-03
    1.2999900000E-03    1.1949931841E+00    1.0245299487E-01   -5.7035207337E+01    3.1134798191E-03
    1.3199900000E-03    1.0879347279E+00    2.3966788766E-01   -5.7695848166E+01    5.9064386048E-03
    1.3399900000E-03    8.2262007803E-01    1.7514411255E-01   -5.8863220041E+01    9.3820012627E-03
    1.3599900000E-03    7.9289847342E-01   -2.4059232251E-01   -6.0487157328E+01    1.0317026549E-02
    1.3799900000E-03    1.1174292958E+00   -3.0547761377E-01   -6.1809004856E+01    9.6566443244E-03
    1.3999900000E-03    1.2384889177E+00   -4.4733622946E-02   -6.2534019470E+01    1.5647486339E-02
    1.4199900000E-03    1.2279402293E+00    1.8917246627E-01   -6.3005106460E+01    1.6336482089E-02
    1.4399900000E-03    1.0552777992E+00    4.1025040740E-01   -6.3799904869E+01    2.0012383718E-02
    1.4599900000E-03    6.7909136719E-01    2.5108808839E-01   -6.5133949925E+01    3.4358502413E-02
    1.4799900000E-03    6.9398828526E-01   -2.9449164177E-01   -6.6886486413E+01    3.5835927337E-02
    1.4999900000E-03    1.0936477110E+00   -4.0720372819E-01   -6.8230491145E+01    2.5084904427E-02
    1.5199900000E-03    1.2452908403E+00   -1.3016446421E-01   -6.9003011646E+01    2.6348055840E-02
    1.5399900000E-03    1.2318508744E+00    1.4762760068E-01   -6.9519229104E+01    2.4103003510E-02
    1.5599900000E-03    1.0094679959E+00    3.9134828465E-01   -7.0454425287E+01    1.9577071903E-02
    1.5799900000E-03    7.0235273129E-01    1.1904336768E-01   -7.1992177991E+01    2.2095243828E-02
    1.5999900000E-03    8.8291053119E-01   -2.6285358288E-01   -7.3539213151E+01    1.6600061837E-02
    1.6199900000E-03    1.1196791228E+00   -2.4748433299E-01   -7.4536129167E+01    9.1735556818E-03
    1.6399900000E-03    1.2013870182E+00   -1.2219343956E-01   -7.5108740786E+01    3.9362605217E-03
    1.6599900000E-03    1.2166666361E+00   -1.8146243405E-02   -7.5415117956E+01    2.0055647897E-03
    1.6799900000E-03    1.2085094373E+00    6.4041413986E-02   -7.5707935427E+01    2.0966232052E-03
    1.6999900000E-03    1.1428418818E+00    2.0412764828E-01   -7.6231058642E+01    4.4943766161E-03
    1.7199900000E-03    9.2620718336E-01    2.5862455544E-01   -7.7191403436E+01    8.6166982731E-03
    1.7399900000E-03    7.2877348403E-01   -7.8767038496E-02   -7.8704205193E+01    1.1889470310E-02
    1.7599900000E-03    9.9620451698E-01   -3.5844894805E-01   -8.0234129136E+01    9.9760433609E-03
    1.7799900000E-03    1.2178499649E+00   -1.5104993156E-01   -8.1177751015E+01    1.3806250105E-02
    1.7999900000E-03    1.2425047923E+00    9.4450288655E-02   -8.1676936870E+01    1.7265306336E-02
    1.8199900000E-03    1.1505966693E+00    3.4519445728E-01   -8.2312718190E+01    1.7067749147E-02
    1.8399900000E-03    8.0952087951E-01    3.7938692475E-01   -8.3446984047E+01    2.8224211206E-02
    1.8599900000E-03    6.1493706115E-01   -1.0703542481E-01   -8.5130116428E+01    3.6362486591E-02
    1.8799900000E-03    9.6228920428E-01   -4.3637094176E-01   -8.6672131850E+01    2.5785429086E-02
    1.8999900000E-03    1.2182986379E+00   -2.3739451941E-01   -8.7628308386E+01    2.1980562529E-02
    1.9199900000E-03    1.2476176920E+00    3.1913878021E-02   -8.8154174379E+01    2.3506227928E-02
    1.9399900000E-03    1.1385234635E+00    3.1924173451E-01   -8.8855611623E+01    1.7261705750E-02
    1.9599900000E-03    7.8906719081E-01    2.9353908559E-01   -9.0154503182E+01    1.8735140770E-02
    1.9799900000E-03    7.6802985421E-01   -1.5388045311E-01   -9.1813519905E+01    1.7204808675E-02
    1.9999900000E-03    1.0489049964E+00   -2.8341738756E-01   -9.3042285891E+01    1.0181609444E-02
    2.0199900000E-03    1.1833180970E+00   -1.6661715415E-01   -9.3769527893E+01    4.4222165868E-03
    2.0399900000E-03    1.2156266674E+00   -5.1690001551E-02   -9.4160052990E+01    1.7418635097E-03
    2.0599900000E-03    1.2104172112E+00    9.0817976521E-02   -9.4430787574E+01    2.4829510464E-03
    2.0799900000E-03    1.1533356634E+00    2.1770702857E-01   -9.4921115707E+01    6.5054392648E-03
    2.0999900000E-03    9.5907773467E-01    2.9234943048E-01   -9.5798950267E+01    1.3368117696E-02
    2.1199900000E-03    7.0519046208E-01    8.2761192332E-03   -9.7222590457E+01    2.0085121954E-02
    2.1399900000E-03    9.0896450854E-01   -3.7858523135E-01   -9.8851759848E+01    1.8728407351E-02
    2.1599900000E-03    1.2031079245E+00   -2.2752466255E-01   -9.9941577030E+01    2.0236624721E-02
    2.1799900000E-03    1.2502201923E+00    5.4993673818E-02   -1.0050844000E+02    2.5125635416E-02
    2.1999900000E-03    1.1659584154E+00    3.3783406191E-01   -1.0114687971E+02    2.2464500070E-02
    2.2199900000E-03    8.0845714429E-01    3.9235042809E-01   -1.0231313831E+02    3.0751496908E-02
    2.2399900000E-03    6.1901677454E-01   -1.0107795077E-01   -1.0401870698E+02    3.5720036269E-02
    2.2599900000E-03    9.5615206878E-01   -4.2233341476E-01   -1.0552147326E+02    2.2488889865E-02
    2.2799900000E-03    1.2041335477E+00   -2.5845333446E-01   -1.0645744226E+02    1.5500541529E-02
    2.2999900000E-03    1.2433127071E+00   -1.9238838401E-02   -1.0697340059E+02    1.6044815323E-02
    2.3199900000E-03    1.1766644286E+00    2.3810153419E-01   -1.0756736680E+02    1.0631090375E-02
    2.3399900000E-03    8.8035354254E-01    3.2426208876E-01   -1.0870765301E+02    9.4931946854E-03
    2.3599900000E-03    7.5450102428E-01   -7.0831770097E-02   -1.1033234810E+02    1.0176310484E-02
    2.3799900000E-03    1.0210502938E+00   -2.6770132936E-01   -1.1167598211E+02    6.4845358638E-03
    2.3999900000E-03    1.1771335975E+00   -1.5110406640E-01   -1.1247260968E+02    3.1446264403E-03
    2.4199900000E-03    1.2150988450E+00   -1.9855500517E-02   -1.1288983737E+02    2.0024164127E-03
    2.4399900000E-03    1.2142180759E+00    8.2486477489E-02   -1.1316716475E+02    3.1809052119E-03
    2.4599900000E-03    1.1740695913E+00    2.0103002078E-01   -1.1358949711E+02    7.2339913692E-03
    2.4799900000E-03    1.0221436444E+00    3.0329332029E-01   -1.1435351353E+02    1.4694646224E-02
    2.4999900000E-03    7.3646687433E-01    1.3182646064E-01   -1.1562043663E+02    2.3634188569E-02
    2.5199900000E-03    7.9559040563E-01   -3.2904856023E-01   -1.1729828639E+02    2.5406794927E-02
    2.5399900000E-03    1.1564387438E+00   -3.1983443989E-01   -1.1857729854E+02    2.3976803623E-02
    2.5599900000E-03    1.2534064584E+00   -1.4251094960E-02   -1.1926020290E+02    3.0589166440E-02
    2.5799900000E-03    1.2050447312E+00    2.8108512675E-01   -1.1983869563E+02    2.7375047765E-02
    2.5999900000E-03    8.8752864656E-01    4.3359998866E-01   -1.2091422241E+02    3.1733719416E-02
    2.6199900000E-03    6.0709783048E-01    5.4927822210E-03   -1.2256737274E+02    3.8071307665E-02
    2.6399900000E-03    8.8371032412E-01   -4.0090832741E-01   -1.2414698747E+02    2.5112524357E-02
    2.6599900000E-03    1.1712889557E+00   -3.1155280522E-01   -1.2516242755E+02    1.4319088439E-02
    2.6799900000E-03    1.2393971039E+00   -8.4794492888E-02   -1.2573226082E+02    1.3485522924E-02
    2.6999900000E-03    1.2114521797E+00    1.4219718259E-01   -1.2622216558E+02    9.6710666743E-03
    2.7199900000E-03    9.9833183239E-01    3.3435747361E-01   -1.2715941062E+02    5.6657337566E-03
    2.7399900000E-03    7.4952456228E-01    6.2203969070E-02   -1.2867604785E+02    6.9385192399E-03
    2.7599900000E-03    9.5006862336E-01   -2.5039741963E-01   -1.3017417198E+02    5.2750866006E-03
    2.7799900000E-03    1.1558259930E+00   -1.7297755906E-01   -1.3111669444E+02    3.3670462108E-03
    2.7999900000E-03    1.2130039942E+00   -2.4954768921E-02   -1.3161766460E+02    2.9497683247E-03
    2.8199900000E-03    1.2169589909E+00    8.5227057017E-02   -1.3191547594E+02    4.5725957801E-03
    2.8399900000E-03    1.1847044954E+00    2.0242330728E-01   -1.3230644586E+02    9.0247374569E-03
    2.8599900000E-03    1.0552488444E+00    3.1239371903E-01   -1.3300601185E+02    1.7085398172E-02
    2.8799900000E-03    7.6829078081E-01    2.1026529899E-01   -1.3416514554E+02    2.8214163043E-02
    2.8999900000E-03    7.1902044778E-01   -2.6550213709E-01   -1.3583279251E+02    3.3649746138E-02
    2.9199900000E-03    1.1046241531E+00   -3.8584187318E-01   -1.3725101886E+02    3.0552182174E-02
    2.9399900000E-03    1.2541208858E+00   -7.2173481886E-02   -1.3804626109E+02    3.7416819448E-02
    2.9599900000E-03    1.2257330938E+00    2.3989916810E-01   -1.3860923938E+02    3.4684493779E-02
    2.9799900000E-03    9.3340913233E-01    4.4892993705E-01   -1.3964422952E+02    3.5521368857E-02
    2.9999900000E-03    6.1309157341E-01    6.4396060299E-02   -1.4127286065E+02    4.0814935494E-02
    3.0199900000E-03    8.4940461986E-01   -3.7008570845E-01   -1.4286986668E+02    2.7384365842E-02
    3.0399900000E-03    1.1415208400E+00   -3.3397029843E-01   -1.4390735753E+02    1.4261596645E-02
    3.0599900000E-03    1.2299469023E+00   -1.3770699044E-01   -1.4451251739E+02    1.0537325616E-02
    3.0799900000E-03    1.2250451922E+00    5.2750983897E-02   -1.4493577649E+02    8.0258747349E-03
    3.0999900000E-03    1.1003193007E+00    2.7373871203E-01   -1.4567534906E+02    2.9299850669E-03
    3.1199900000E-03    8.0984811227E-01    1.8326600115E-01   -1.4699674042E+02    2.3707368411E-03
    3.1399900000E-03    8.7006900436E-01   -1.9814825847E-01   -1.4859184696E+02    2.3967245372E-03
    3.1599900000E-03    1.1256170208E+00   -2.0162541340E-01   -1.4972556571E+02    2.6450039674E-03
    3.1799900000E-03    1.2118018416E+00   -3.5028825654E-02   -1.5034433116E+02    4.0898574497E-03
    3.1999900000E-03    1.2209496844E+00    9.4217790534E-02   -1.5068801008E+02    6.4353560698E-03
    3.2199900000E-03    1.1883244169E+00    2.2265732511E-01   -1.5109353346E+02    1.1017192268E-02
    3.2399900000E-03    1.0534819324E+00    3.3694422041E-01   -1.5179912502E+02    2.0022268736E-02
    3.2599900000E-03    7.5555471797E-01    2.3309187879E-01   -1.5295556588E+02    3.3602788599E-02
    3.2799900000E-03    6.9225771323E-01   -2.6043127577E-01   -1.5463555656E+02    4.1192278285E-02
    3.2999900000E-03    1.0936937152E+00   -4.1072426846E-01   -1.5608756072E+02    3.7372626585E-02
    3.3199900000E-03    1.2571287908E+00   -8.8247731712E-02   -1.5691257700E+02    4.4203732334E-02
    3.3399900000E-03    1.2276264058E+00    2.4118318605E-01   -1.5749183100E+02    4.0829411425E-02
    3.3599900000E-03    9.1978289422E-01    4.4812210430E-01   -1.5856552511E+02    4.0070280448E-02
    3.3799900000E-03    6.2515505757E-01    4.3722011443E-02   -1.6022380694E+02    4.2623735238E-02
    3.3999900000E-03    8.7230783105E-01   -3.5356017990E-01   -1.6175988434E+02    2.8368214615E-02
    3.4199900000E-03    1.1337004129E+00   -3.1996518727E-01   -1.6274067629E+02    1.5147765904E-02
    3.4399900000E-03    1.2192463735E+00   -1.6199841381E-01   -1.6332640486E+02    9.0455909086E-03
    3.4599900000E-03    1.2253259612E+00   -8.7204723181E-03   -1.6370429193E+02    6.3943437925E-03
    3.4799900000E-03    1.1594935689E+00    1.8118299614E-01   -1.6427822201E+02    2.5695020407E-03
    3.4999900000E-03    8.7255568936E-01    2.6055496673E-01   -1.6535988989E+02    2.1988240431E-03
    3.5199900000E-03    7.5511710074E-01   -1.3168839357E-01   -1.6696108704E+02    3.6164872876E-03
    3.5399900000E-03    1.0570848930E+00   -3.0077452907E-01   -1.6835289554E+02    1.3012156971E-03
    3.5599900000E-03    1.2147499300E+00   -9.9157213171E-02   -1.6916112812E+02    4.6906877664E-03
    3.5799900000E-03    1.2321399811E+00    8.8716553553E-02   -1.6959496936E+02    7.4082752714E-03
    3.5999900000E-03    1.1734451774E+00    2.8113168855E-01   -1.7012172751E+02    9.4290296872E-03
    3.6199900000E-03    9.3244660973E-01    3.8111384027E-01   -1.7105780789E+02    1.9016828025E-02
    3.6399900000E-03    6.3685367272E-01    4.8983595732E-02   -1.7254253550E+02    3.2159924463E-02
    3.6599900000E-03    8.5168454156E-01   -4.0681318608E-01   -1.7422654663E+02    2.9350022534E-02
    3.6799900000E-03    1.1910609921E+00   -2.9581247011E-01   -1.7536602561E+02    2.5704368717E-02
    3.6999900000E-03    1.2538721435E+00    2.7784932031E-03   -1.7597316271E+02    2.9950644862E-02
    3.7199900000E-03    1.1752922559E+00    3.0541043940E-01   -1.7661484792E+02    2.4406010888E-02
    3.7399900000E-03    8.2217976256E-01    3.6870707014E-01   -1.7782487220E+02    2.6575936076E-02
    3.7599900000E-03    6.8768869239E-01   -9.5017896866E-02   -1.7951487313E+02    2.6324210035E-02
    3.7799900000E-03    9.8143591943E-01   -3.4051131296E-01   -1.8088213703E+02    1.5465285008E-02
    3.7999900000E-03    1.1708984533E+00   -2.4233783532E-01   -1.8172555931E+02    7.1058395788E-03
    3.8199900000E-03    1.2211211716E+00   -9.7055570551E-02   -1.8220422262E+02    3.3985467888E-03
    3.8399900000E-03    1.2175163127E+00    3.8518080880E-02   -1.8255125767E+02    1.7228650645E-03
    3.8599900000E-03    1.1323165662E+00    2.2413198007E-01   -1.8312710451E+02    1.6595227573E-03
    3.8799900000E-03    8.8404389920E-01    2.4779970466E-01   -1.8418759656E+02    4.5889046437E-03
    3.8999900000E-03    7.4941569666E-01   -1.3419034198E-01   -1.8576882485E+02    6.3737504556E-03
    3.9199900000E-03    1.0449656859E+00   -3.2964988183E-01   -1.8720176666E+02    4.4162736473E-03
    3.9399900000E-03    1.2197303861E+00   -1.1458587308E-01   -1.8804337748E+02    8.0048597517E-03
    3.9599900000E-03    1.2360500342E+00    9.7890794926E-02   -1.8849977660E+02    1.0622521045E-02
    3.9799900000E-03    1.1544160374E+00    3.1972443927E-01   -1.8909818499E+02    1.1597963570E-02
    3.9999900000E-03    8.5150803340E-01    3.7382205174E-01   -1.9016397597E+02    2.1964173069E-02
    4.0199900000E-03    6.2418373477E-01   -6.4171715303E-02   -1.9178610663E+02    3.1851292996E-02
    4.0399900000E-03    9.3831407319E-01   -4.2669390740E-01   -1.9337298729E+02    2.4273573058E-02
    4.0599900000E-03    1.2131352498E+00   -2.4229847016E-01   -1.9437351512E+02    2.1423817760E-02
    4.0799900000E-03    1.2488943223E+00    3.2428634702E-02   -1.9491377796E+02    2.3820028271E-02
    4.0999900000E-03    1.1479365402E+00    3.2120276365E-01   -1.9559561644E+02    1.8326325417E-02
    4.1199900000E-03    7.9283030133E-01    3.2073535195E-01   -1.9686182826E+02    2.0850894046E-02
    4.1399900000E-03    7.2906296285E-01   -1.4290853184E-01   -1.9854185045E+02    1.9753486804E-02
    4.1599900000E-03    1.0239503878E+00   -3.1940070587E-01   -1.9983420073E+02    1.0860685048E-02
    4.1799900000E-03    1.1827084773E+00   -2.0297032724E-01   -2.0061659241E+02    4.3381519633E-03
    4.1999900000E-03    1.2206852456E+00   -6.6609510059E-02   -2.0104994359E+02    1.5966489271E-03
    4.2199900000E-03    1.2046315975E+00    1.1299509570E-01   -2.0137512333E+02    1.5391916349E-03
    4.2399900000E-03    1.1128338172E+00    2.5647967508E-01   -2.0198632130E+02    5.2983720783E-03
    4.2599900000E-03    8.5477903063E-01    2.4943178560E-01   -2.0305664677E+02    1.1533107285E-02
    4.2799900000E-03    7.2302639886E-01   -1.5986314013E-01   -2.0465343720E+02    1.5094968620E-02
    4.2999900000E-03    1.0455966638E+00   -3.6520661326E-01   -2.0611482212E+02    1.2184588555E-02
    4.3199900000E-03    1.2309403137E+00   -1.2014210156E-01   -2.0697274602E+02    1.6370240701E-02
    4.3399900000E-03    1.2393917995E+00    1.2866957579E-01   -2.0745817473E+02    1.8105574874E-02
    4.3599900000E-03    1.1028843498E+00    3.8383586325E-01   -2.0819209482E+02    1.7954983556E-02
    4.3799900000E-03    7.2582362812E-01    3.0569773189E-01   -2.0947441681E+02    2.8964749832E-02
    4.3999900000E-03    6.7124088460E-01   -2.2343565533E-01   -2.1121074484E+02    3.0497581826E-02
    4.4199900000E-03    1.0449072553E+00   -4.0902571560E-01   -2.1259198240E+02    1.8405156293E-02
    4.4399900000E-03    1.2280458926E+00   -1.8246498681E-01   -2.1341260744E+02    1.6033221380E-02
    4.4599900000E-03    1.2394389871E+00    5.8073759245E-02   -2.1389109250E+02    1.5898514107E-02
    4.4799900000E-03    1.1144056074E+00    3.2184296349E-01   -2.1462098371E+02    1.0691808581E-02
    4.4999900000E-03    7.7736580605E-01    2.5212958148E-01   -2.1594471198E+02    1.2643629997E-02
    4.5199900000E-03    7.9502356482E-01   -1.8484499343E-01   -2.1758950241E+02    1.1284478399E-02
    4.5399900000E-03    1.0745393361E+00   -2.7367394185E-01   -2.1878708314E+02    5.6197521779E-03
    4.5599900000E-03    1.1947190942E+00   -1.3948483989E-01   -2.1948336594E+02    1.7301819858E-03
    4.5799900000E-03    1.2221859636E+00    4.2010850921E-02   -2.1984192254E+02    1.5648298361E-03
    4.5999900000E-03    1.1979387125E+00    1.7446495947E-01   -2.2022708996E+02    3.7614528683E-03
    4.6199900000E-03    1.0745310574E+00    3.0817329998E-01   -2.2092130057E+02    9.5852304047E-03
    4.6399900000E-03    7.8390149536E-01    2.2831487984E-01   -2.2208627036E+02    1.8918419751E-02
    4.6599900000E-03    7.2199855203E-01   -2.3541983053E-01   -2.2374557350E+02    2.2967959818E-02
    4.6799900000E-03    1.0857823339E+00   -3.7451520540E-01   -2.2515264408E+02    1.9042503249E-02
    4.6999900000E-03    1.2434491401E+00   -9.4811574897E-02   -2.2595208343E+02    2.3882914255E-02
    4.7199900000E-03    1.2333164807E+00    1.7822072684E-01   -2.2646213229E+02    2.3297810599E-02
    4.7399900000E-03    1.0213750426E+00    4.2356305378E-01   -2.2734889192E+02    2.3116982246E-02
    4.7599900000E-03    6.5019335680E-01    1.7766384146E-01   -2.2882990268E+02    3.1691696936E-02
    4.7799900000E-03    7.7541406265E-01   -3.2054874621E-01   -2.3052251900E+02    2.4767490214E-02
    4.7999900000E-03    1.1107276372E+00   -3.5663421598E-01   -2.3169512630E+02    1.2550861479E-02
    4.8199900000E-03    1.2288063609E+00   -1.4572442596E-01   -2.3237532365E+02    9.8088506840E-03
    4.8399900000E-03    1.2301838374E+00    5.6475110963E-02   -2.3280838028E+02    8.3408489463E-03
    4.8599900000E-03    1.1125666694E+00    2.8965093448E-01   -2.3351928155E+02    3.9698059352E-03
    4.8799900000E-03    8.0170936661E-01    2.2856626382E-01   -2.3480686984E+02    4.9799678760E-03
    4.8999900000E-03    8.1639945713E-01   -1.8616057458E-01   -2.3643448476E+02    4.6275924002E-03
    4.9199900000E-03    1.0917396366E+00   -2.5453676073E-01   -2.3763899173E+02    1.8287522343E-03
    4.9399900000E-03    1.2083350176E+00   -7.3171714675E-02   -2.3831334772E+02    1.5132903093E-03
    4.9599900000E-03    1.2236373379E+00    6.8122017149E-02   -2.3868591475E+02    3.1743797198E-03
    4.9799900000E-03    1.1907355258E+00    2.0915719211E-01   -2.3910550304E+02    6.1473861815E-03
    4.9999900000E-03    1.0432252881E+00    3.3430870543E-01   -2.3985214547E+02    1.3494789720E-02
    5.0199900000E-03    7.3855875227E-01    1.9772999391E-01   -2.4108334149E+02    2.4815891261E-02
    5.0399900000E-03    7.3655336121E-01   -2.9005681976E-01   -2.4277552290E+02    2.8596987552E-02
    5.0599900000E-03    1.1181143607E+00   -3.6918279631E-01   -2.4413464536E+02    2.4559701941E-02
    5.0799900000E-03    1.2510044856E+00   -6.7814465595E-02   -2.4488858481E+02    3.0149178265E-02
    5.0999900000E-03    1.2225907081E+00    2.2594228458E-01   -2.4543543644E+02    2.7532205757E-02
    5.1199900000E-03    9.4731248018E-01    4.3309843647E-01   -2.4644413564E+02    2.8092819850E-02
    5.1399900000E-03    6.3069923378E-01    7.3844116017E-02   -2.4804508923E+02    3.3628731269E-02
    5.1599900000E-03    8.5306529397E-01   -3.5377626756E-01   -2.4964180910E+02    2.2423238447E-02
    5.1799900000E-03    1.1392422489E+00   -3.2056400752E-01   -2.5068387433E+02    1.0858434358E-02
    5.1999900000E-03    1.2271428487E+00   -1.3111645180E-01   -2.5128669470E+02    7.4744937460E-03
    5.2199900000E-03    1.2250417586E+00    4.8178879626E-02   -2.5169445882E+02    5.4978721505E-03
    5.2399900000E-03    1.1177301639E+00    2.6126696248E-01   -2.5238439296E+02    1.6113444585E-03
    5.2599900000E-03    7.9779031898E-01    2.2086506566E-01   -2.5363363829E+02    3.6901110312E-03
    5.2799900000E-03    7.9524685403E-01   -2.0575820373E-01   -2.5527281372E+02    3.5868910087E-03
    5.2999900000E-03    1.1119539774E+00   -2.6004528065E-01   -2.5651994392E+02    1.1702459342E-03
    5.3199900000E-03    1.2219179608E+00   -4.4209491736E-02   -2.5720707513E+02    4.9739186160E-03
    5.3399900000E-03    1.2265027272E+00    1.2444724336E-01   -2.5760463971E+02    7.2852440984E-03
    5.3599900000E-03    1.1542348651E+00    3.0113108481E-01   -2.5816220166E+02    1.1145658477E-02
    5.3799900000E-03    9.0206465430E-01    3.6712000037E-01   -2.5912404408E+02    2.2478714538E-02
    5.3999900000E-03    6.3144105147E-01    7.5470142662E-04   -2.6063673402E+02    3.5920195663E-02
    5.4199900000E-03    8.8752024149E-01   -4.2792595724E-01   -2.6230533989E+02    3.3058388094E-02
    5.4399900000E-03    1.2102888005E+00   -2.6746825704E-01   -2.6340793374E+02    3.1535425994E-02
    5.4599900000E-03    1.2557915414E+00    4.3677053127E-02   -2.6399467828E+02    3.5665799039E-02
    5.4799900000E-03    1.1406026966E+00    3.5998495032E-01   -2.6471939965E+02    2.9385224513E-02
    5.4999900000E-03    7.5291695530E-01    3.2479873810E-01   -2.6604766312E+02    3.2913034349E-02
    5.5199900000E-03    7.1449686870E-01   -1.6994838229E-01   -2.6775332804E+02    2.9391132628E-02
    5.5399900000E-03    1.0206564587E+00   -3.4337697409E-01   -2.6902074196E+02    1.6972363013E-02
    5.5599900000E-03    1.1824672870E+00   -2.3072542776E-01   -2.6979603474E+02    8.4213440098E-03
    5.5799900000E-03    1.2222975931E+00   -9.0392163887E-02   -2.7023748702E+02    4.5423031641E-03
    5.5999900000E-03    1.2134685321E+00    4.6856295521E-02   -2.7059430349E+02    2.5235923865E-03
    5.6199900000E-03    1.1123298888E+00    2.3458400941E-01   -2.7122051539E+02    1.8132308410E-03
    5.6399900000E-03    8.4850923308E-01    2.1075927029E-01   -2.7236274472E+02    4.0188155127E-03
    5.6599900000E-03    7.8367070003E-01   -1.9165802116E-01   -2.7397439703E+02    4.7650074283E-03
    5.6799900000E-03    1.0903164839E+00   -3.0145060897E-01   -2.7531743724E+02    3.7032061372E-03
    5.6999900000E-03    1.2264995034E+00   -7.3411510910E-02   -2.7607472332E+02    8.0758948735E-03
    5.7199900000E-03    1.2316580501E+00    1.2936927624E-01   -2.7651101083E+02    1.0084581796E-02
    5.7399900000E-03    1.1311618878E+00    3.4204818681E-01   -2.7715117418E+02    1.2434609442E-02
    5.7599900000E-03    8.1186046731E-01    3.4947483780E-01   -2.7826492830E+02    2.4368941000E-02
    5.7799900000E-03    6.3102959160E-01   -1.2330259647E-01   -2.7992389693E+02    3.3562415207E-02
    5.7999900000E-03    9.8127861033E-01   -4.3308910139E-01   -2.8146843393E+02    2.5648408143E-02
    5.8199900000E-03    1.2271448746E+00   -2.0828336479E-01   -2.8241720306E+02    2.4801619885E-02
    5.8399900000E-03    1.2475242043E+00    7.2971234842E-02   -2.8294377604E+02    2.6369940197E-02
    5.8599900000E-03    1.1077026496E+00    3.6429892855E-01   -2.8371008295E+02    2.0849164533E-02
    5.8799900000E-03    7.3788346787E-01    2.6641986637E-01   -2.8508357709E+02    2.4358268334E-02
    5.8999900000E-03    7.6511704984E-01   -2.0436130534E-01   -2.8675559838E+02    2.0855015725E-02
    5.9199900000E-03    1.0585292339E+00   -3.1266099488E-01   -2.8795260148E+02    1.1233151497E-02
    5.9399900000E-03    1.1918332761E+00   -1.8735417121E-01   -2.8867063797E+02    4.7558054482E-03
    5.9599900000E-03    1.2211953673E+00   -5.7133169099E-02   -2.8906919813E+02    1.9935773722E-03
    5.9799900000E-03    1.2016834440E+00    1.2171305217E-01   -2.8939902869E+02    1.0390938321E-03
    5.9999900000E-03    1.1092965585E+00    2.4423535796E-01   -2.9003483023E+02    3.2637844882E-03
    6.0199900000E-03    8.4610982441E-01    2.2234466657E-01   -2.9115201814E+02    7.3323717661E-03
    6.0399900000E-03    7.5866829948E-01   -1.8800817024E-01   -2.9276395792E+02    9.0394842615E-03
    6.0599900000E-03    1.0772495008E+00   -3.2961055064E-01   -2.9415261122E+02    7.0817687527E-03
    6.0799900000E-03    1.2300644880E+00   -8.8423341430E-02   -2.9494449710E+02    1.1605392876E-02
    6.0999900000E-03    1.2343536715E+00    1.3602101445E-01   -2.9540369491E+02    1.3283376888E-02
    6.1199900000E-03    1.1108134913E+00    3.6865307290E-01   -2.9610209289E+02    1.4745110727E-02
    6.1399900000E-03    7.5578948804E-01    3.2163515835E-01   -2.9731602467E+02    2.6797854380E-02
    6.1599900000E-03    6.5246651178E-01   -1.9335861970E-01   -2.9903245524E+02    3.1895607830E-02
    6.1799900000E-03    1.0283523610E+00   -4.2112846699E-01   -3.0048168947E+02    2.1663760237E-02
    6.1999900000E-03    1.2315028013E+00   -1.8182155372E-01   -3.0134706132E+02    2.0734153318E-02
    6.2199900000E-03    1.2421241166E+00    8.0911434926E-02   -3.0184791232E+02    2.1042625426E-02
    6.2399900000E-03    1.0950110454E+00    3.5643151467E-01   -3.0262684118E+02    1.5882867310E-02
    6.2599900000E-03    7.4126409099E-01    2.3843145780E-01   -3.0401126879E+02    1.8972984420E-02
    6.2799900000E-03    7.9359696963E-01   -2.1268647224E-01   -3.0566166292E+02    1.5986740453E-02
    6.2999900000E-03    1.0765084567E+00   -2.9021993223E-01   -3.0682742637E+02    8.1551884677E-03
    6.3199900000E-03    1.1957948229E+00   -1.5904462818E-01   -3.0751545351E+02    2.9248847645E-03
    6.3399900000E-03    1.2214405087E+00   -4.3307287805E-02   -3.0789347687E+02    9.9412425294E-04
    6.3599900000E-03    1.1964673774E+00    1.5273894190E-01   -3.0823764351E+02    2.7167518422E-03
    6.3799900000E-03    1.0806632188E+00    2.8471643013E-01   -3.0891703141E+02    7.7473183030E-03
    6.3999900000E-03    8.0075391272E-01    2.1500179400E-01   -3.1007297338E+02    1.5254430286E-02
    6.4199900000E-03    7.4102972721E-01   -2.3144053183E-01   -3.1171785029E+02    1.8215279891E-02
    6.4399900000E-03    1.0916034332E+00   -3.5577737932E-01   -3.1310783131E+02    1.5235962747E-02
    6.4599900000E-03    1.2411494703E+00   -8.2850961335E-02   -3.1389197900E+02    2.0378142688E-02
    6.4799900000E-03    1.2323103531E+00    1.7746580586E-01   -3.1438956110E+02    2.0299990246E-02
    6.4999900000E-03    1.0364181207E+00    4.1872041804E-01   -3.1524064321E+02    2.1248136630E-02
    6.5199900000E-03    6.5760005186E-01    2.0617507017E-01   -3.1667198129E+02    3.1845629872E-02
    6.5399900000E-03    7.4509781493E-01   -3.1494083186E-01   -3.1839631476E+02    2.7537503431E-02
    6.5599900000E-03    1.1060826981E+00   -3.7425002884E-01   -3.1962975108E+02    1.5436683061E-02
    6.5799900000E-03    1.2347996101E+00   -1.3832140531E-01   -3.2034046518E+02    1.4092839887E-02
    6.5999900000E-03    1.2308336208E+00    9.0553579305E-02   -3.2080440575E+02    1.2479465572E-02
    6.6199900000E-03    1.0750131814E+00    3.3433248408E-01   -3.2160290000E+02    7.8864313093E-03
    6.6399900000E-03    7.5457748845E-01    1.8699223986E-01   -3.2300009888E+02    9.9500699011E-03
    6.6599900000E-03    8.4637260173E-01   -2.2411304628E-01   -3.2461130661E+02    8.0375013941E-03
    6.6799900000E-03    1.1088525663E+00   -2.4547680731E-01   -3.2572329093E+02    3.6654321761E-03
    6.6999900000E-03    1.2019029435E+00   -1.1603122874E-01   -3.2635463291E+02    1.2169478112E-03
    6.7199900000E-03    1.2210908408E+00    5.4486421291E-02   -3.2668466635E+02    1.8478153043E-03
    6.7399900000E-03    1.1927346686E+00    1.8189031817E-01   -3.2707734747E+02    4.5450209312E-03
    6.7599900000E-03    1.0636366322E+00    3.0790006891E-01   -3.2778575398E+02    1.0856445904E-02
    6.7799900000E-03    7.7296424707E-01    2.0935340092E-01   -3.2897002916E+02    2.0226207816E-02
    6.7999900000E-03    7.3488236450E-01   -2.5760085858E-01   -3.3063661749E+02    2.3840534394E-02
    6.8199900000E-03    1.1025746304E+00   -3.6598754361E-01   -3.3202021137E+02    2.0379680236E-02
    6.8399900000E-03    1.2466702152E+00   -7.6781822633E-02   -3.3279533616E+02    2.5865907701E-02
    6.8599900000E-03    1.2286390229E+00    2.0290650988E-01   -3.3331850497E+02    2.4557587216E-02
    6.8799900000E-03    9.9002014737E-01    4.3261560553E-01   -3.3425350009E+02    2.5326332922E-02
    6.8999900000E-03    6.3287199458E-01    1.3603950070E-01   -3.3578413551E+02    3.3652589180E-02
    6.9199900000E-03    8.0185024869E-01   -3.4590374980E-01   -3.3745525841E+02    2.4975069684E-02
    6.9399900000E-03    1.1278003492E+00   -3.4714464884E-01   -3.3858544094E+02    1.2886075827E-02
    6.9599900000E-03    1.2320741152E+00   -1.3120868332E-01   -3.3923570998E+02    1.0611653227E-02
    6.9799900000E-03    1.2270335976E+00    7.5367151385E-02   -3.3967662066E+02    8.6267888435E-03
    6.9999900000E-03    1.0878434252E+00    3.0572625608E-01   -3.4044106064E+02    4.1660547873E-03
    7.0199900000E-03    7.7985476383E-01    1.8959599948E-01   -3.4179380447E+02    5.3166836187E-03
    7.0399900000E-03    8.5062862008E-01   -2.1260326259E-01   -3.4340428491E+02    4.4463013222E-03
    7.0599900000E-03    1.1140758500E+00   -2.3121658743E-01   -3.4453809951E+02    2.0623949488E-03
    7.0799900000E-03    1.2127005906E+00   -5.0356126470E-02   -3.4516207656E+02    2.2074073505E-03
    7.0999900000E-03    1.2220666723E+00    8.5476682796E-02   -3.4551768359E+02    4.0693825001E-03
    7.1199900000E-03    1.1837923179E+00    2.2430321333E-01   -3.4595353854E+02    7.7885391171E-03
    7.1399900000E-03    1.0260885395E+00    3.3886177812E-01   -3.4672164299E+02    1.6004622576E-02
    7.1599900000E-03    7.2147387701E-01    1.7433282881E-01   -3.4798032501E+02    2.7936072169E-02
    7.1799900000E-03    7.5139112088E-01   -3.1721129627E-01   -3.4968183523E+02    3.1405707017E-02
    7.1999900000E-03    1.1365920881E+00   -3.5998127477E-01   -3.5101508325E+02    2.7880198863E-02
    7.2199900000E-03    1.2546589292E+00   -4.7165362715E-02   -3.5174439086E+02    3.4053184360E-02
    7.2399900000E-03    1.2128077318E+00    2.5961551025E-01   -3.5232224537E+02    3.0297662783E-02
    7.2599900000E-03    8.9975517866E-01    4.3033023443E-01   -3.5340418159E+02    3.1811719837E-02
    7.2799900000E-03    6.2845155896E-01    1.4274134498E-02   -3.5506028976E+02    3.5474045092E-02
    7.2999900000E-03    8.9150768060E-01   -3.6774202287E-01   -3.5659591148E+02    2.2404414545E-02
    7.3199900000E-03    1.1529679848E+00   -3.0566742587E-01   -3.5757761727E+02    1.1058384654E-02
    7.3399900000E-03    1.2277790979E+00   -1.2231017152E-01   -3.5814504986E+02    7.5399302442E-03
    7.3599900000E-03    1.2219477359E+00    5.3104033837E-02   -3.5855224013E+02    5.2212236060E-03
    7.3799900000E-03    1.1066080876E+00    2.6208863357E-01   -3.5926512631E+02    1.2808782094E-03
    7.3999900000E-03    7.8260911302E-01    1.9571540471E-01   -3.6054078999E+02    3.9023182127E-03
    7.4199900000E-03    8.0830843090E-01   -2.3135777557E-01   -3.6218069132E+02    3.5881802337E-03
    7.4399900000E-03    1.1283086065E+00   -2.4528990232E-01   -3.6339818389E+02    1.7302387896E-03
    7.4599900000E-03    1.2258691061E+00   -3.2772991594E-02   -3.6406438684E+02    5.8652605604E-03
    7.4799900000E-03    1.2252344135E+00    1.4272177729E-01   -3.6446883946E+02    7.9185014053E-03
    7.4999900000E-03    1.1339401647E+00    3.2606728276E-01   -3.6507917502E+02    1.2079570879E-02
    7.5199900000E-03    8.4702659780E-01    3.5100136772E-01   -3.6612213705E+02    2.4420618148E-02
    7.5399900000E-03    6.2806859310E-01   -8.1973232158E-02   -3.6772089040E+02    3.6253244241E-02
    7.5599900000E-03    9.5227821331E-01   -4.3944578938E-01   -3.6932596471E+02    3.1040652991E-02
    7.5799900000E-03    1.2271752483E+00   -2.2095468326E-01   -3.7033500557E+02    3.1122821489E-02
    7.5999900000E-03    1.2516535581E+00    8.2432680811E-02   -3.7088668146E+02    3.3539911127E-02
    7.6199900000E-03    1.1007906805E+00    3.8762916572E-01   -3.7167996796E+02    2.7706675670E-02
    7.6399900000E-03    7.1431233372E-01    2.6588259333E-01   -3.7308837154E+02    3.1789058549E-02
    7.6599900000E-03    7.5562123859E-01   -2.2037566216E-01   -3.7477108489E+02    2.6522981756E-02
    7.6799900000E-03    1.0555307969E+00   -3.2979391114E-01   -3.7595801917E+02    1.4777489910E-02
    7.6999900000E-03    1.1921527135E+00   -2.0585241012E-01   -3.7667707951E+02    7.1482136154E-03
    7.7199900000E-03    1.2225574837E+00   -7.0892536830E-02   -3.7708426213E+02    3.7884136582E-03
    7.7399900000E-03    1.2083096684E+00    6.6704652522E-02   -3.7745066042E+02    2.0434532345E-03
    7.7599900000E-03    1.0972738628E+00    2.4172754324E-01   -3.7811498844E+02    2.1913258867E-03
    7.7799900000E-03    8.2583507631E-01    1.8463210508E-01   -3.7930587029E+02    4.4468754523E-03
    7.7999900000E-03    8.0423796131E-01   -2.2458398691E-01   -3.8092869935E+02    4.8168333759E-03
    7.8199900000E-03    1.1131084680E+00   -2.8671264742E-01   -3.8222204647E+02    4.2111301036E-03
    7.8399900000E-03    1.2305881644E+00   -5.1811152180E-02   -3.8293600599E+02    8.9343037433E-03
    7.8599900000E-03    1.2285063501E+00    1.5227006864E-01   -3.8337294346E+02    1.0491167936E-02
    7.8799900000E-03    1.1073232684E+00    3.6224289610E-01   -3.8406033367E+02    1.3647392381E-02
    7.8999900000E-03    7.6895200532E-01    3.1968403699E-01   -3.8523806919E+02    2.6546362867E-02
    7.9199900000E-03    6.4731985676E-01   -1.8483608403E-01   -3.8693703791E+02    3.3844812740E-02
    7.9399900000E-03    1.0252403695E+00   -4.2810314594E-01   -3.8842018667E+02    2.5226540042E-02
    7.9599900000E-03    1.2361936525E+00   -1.7480761780E-01   -3.8930665135E+02    2.5743110128E-02
    7.9799900000E-03    1.2431517454E+00    1.0619456140E-01   -3.8982414656E+02    2.6014315162E-02
    7.9999900000E-03    1.0698039995E+00    3.8587574481E-01   -3.9065774475E+02    2.1023977204E-02
    8.0199900000E-03    7.0906025584E-01    2.1221936726E-01   -3.9210437852E+02    2.4767804854E-02
    8.0399900000E-03    8.0255574121E-01   -2.4178224199E-01   -3.9374701444E+02    1.9821843819E-02
    8.0599900000E-03    1.0841501368E+00   -2.9949512365E-01   -3.9487268864E+02    1.0408703239E-02
    8.0799900000E-03    1.1981932782E+00   -1.6911698827E-01   -3.9554193647E+02    4.3646903923E-03
    8.0999900000E-03    1.2213154316E+00   -4.4406975932E-02   -3.9591503220E+02    1.8576308472E-03
    8.1199900000E-03    1.2008058636E+00    1.0908719036E-01   -3.9626487198E+02    9.9250845414E-04
    8.1399900000E-03    1.0961823535E+00    2.5029926351E-01   -3.9693117834E+02    2.7566963549E-03
    8.1599900000E-03    8.2397001434E-01    1.9611198906E-01   -3.9810606021E+02    6.1792532762E-03
    8.1799900000E-03    7.8594988744E-01   -2.2094855320E-01   -3.9973303971E+02    7.0082189617E-03
    8.1999900000E-03    1.1039442019E+00   -3.0552551360E-01   -4.0105701660E+02    5.6683651061E-03
    8.2199900000E-03    1.2319291499E+00   -6.3656100686E-02   -4.0179380864E+02    1.0346663513E-02
    8.2399900000E-03    1.2301590519E+00    1.5136601813E-01   -4.0224262536E+02    1.1680579158E-02
    8.2599900000E-03    1.0989763287E+00    3.7181027321E-01   -4.0295473979E+02    1.4162170277E-02
    8.2799900000E-03    7.4680671619E-01    3.0533979030E-01   -4.0417844635E+02    2.6700235509E-02
    8.2999900000E-03    6.6132313773E-01   -2.1182498956E-01   -4.0589692259E+02    3.1782802207E-02
    8.3199900000E-03    1.0431616963E+00   -4.1809705792E-01   -4.0733374165E+02    2.2206869868E-02
    8.3399900000E-03    1.2358773407E+00   -1.6551976911E-01   -4.0818332483E+02    2.2382308022E-02
    8.3599900000E-03    1.2404632081E+00    1.0325984666E-01   -4.0868817031E+02    2.2255243376E-02
    8.3799900000E-03    1.0719444735E+00    3.7507444026E-01   -4.0951085934E+02    1.7509635608E-02
    8.3999900000E-03    7.1869450021E-01    2.1022739945E-01   -4.1094274774E+02    2.1094807594E-02
    8.4199900000E-03    8.0782038161E-01   -2.3754293785E-01   -4.1258250750E+02    1.6959845854E-02
    8.4399900000E-03    1.0876710518E+00   -2.9169691453E-01   -4.1371254409E+02    8.5006530285E-03
    8.4599900000E-03    1.1995913988E+00   -1.5777842048E-01   -4.1437973963E+02    3.1633069156E-03
    8.4799900000E-03    1.2259515976E+00   -3.0362640273E-02   -4.1474839306E+02    1.1571151441E-03
    8.4999900000E-03    1.1930554363E+00    1.4934534224E-01   -4.1510828000E+02    2.4026551895E-03
    8.5199900000E-03    1.0700865328E+00    2.8027647723E-01   -4.1580975761E+02    7.0699924447E-03
    8.5399900000E-03    7.8877468382E-01    1.8622511721E-01   -4.1700630588E+02    1.3600851342E-02
    8.5599900000E-03    7.6983785601E-01   -2.5786786779E-01   -4.1865752671E+02    1.5370340978E-02
    8.5799900000E-03    1.1149060711E+00   -3.3080882575E-01   -4.1999293640E+02    1.3170558126E-02
    8.5999900000E-03    1.2420321639E+00   -5.8037495391E-02   -4.2073006830E+02    1.8601471860E-02
    8.6199900000E-03    1.2268792252E+00    1.9496433108E-01   -4.2122558466E+02    1.8240430915E-02
    8.6399900000E-03    1.0214213970E+00    4.2021661088E-01   -4.2209120328E+02    2.0580330615E-02
    8.6599900000E-03    6.4965128912E-01    1.8735623497E-01   -4.2353187519E+02    3.2027308578E-02
    8.6799900000E-03    7.5441970274E-01   -3.3200533069E-01   -4.2525659429E+02    2.7965399263E-02
    8.6999900000E-03    1.1195435867E+00   -3.6961457225E-01   -4.2648366433E+02    1.6647629856E-02
    8.7199900000E-03    1.2395245261E+00   -1.1883100135E-01   -4.2718174291E+02    1.6546876266E-02
    8.7399900000E-03    1.2270469917E+00    1.2415422250E-01   -4.2766591022E+02    1.4320136904E-02
    8.7599900000E-03    1.0362827631E+00    3.5882076636E-01   -4.2853862204E+02    1.0240752974E-02
    8.7799900000E-03    7.2765088801E-01    1.3947925775E-01   -4.3001182655E+02    1.2780830935E-02
    8.7999900000E-03    8.7539721650E-01   -2.5163650269E-01   -4.3159087907E+02    9.5531252316E-03
    8.8199900000E-03    1.1231436534E+00   -2.3918261920E-01   -4.3263664636E+02    4.3400111956E-03
    8.8399900000E-03    1.2067870739E+00   -9.0596218158E-02   -4.3322263394E+02    1.3406833102E-03
    8.8599900000E-03    1.2201339318E+00    6.6193799807E-02   -4.3354508011E+02    1.7762097634E-03
    8.8799900000E-03    1.1843128618E+00    1.9626705932E-01   -4.3396721533E+02    4.7164707086E-03
    8.8999900000E-03    1.0349132425E+00    3.1365908976E-01   -4.3472779659E+02    1.1303551148E-02
    8.9199900000E-03    7.4112694066E-01    1.5894537032E-01   -4.3598908684E+02    2.0275976065E-02
    8.9399900000E-03    7.7819098436E-01   -3.0765788150E-01   -4.3766917737E+02    2.2074280352E-02
    8.9599900000E-03    1.1394064272E+00   -3.3216316188E-01   -4.3896753315E+02    1.9476330058E-02
    8.9799900000E-03    1.2493002046E+00   -3.9054995492E-02   -4.3967208500E+02    2.5228654836E-02
    8.9999900000E-03    1.2155863070E+00    2.4066847551E-01   -4.4021512764E+02    2.2905452275E-02
    9.0199900000E-03    9.4067701304E-01    4.3079466565E-01   -4.4121558234E+02    2.5610494762E-02
    9.0399900000E-03    6.2116692342E-01    6.8822498359E-02   -4.4280460143E+02    3.3281937324E-02
    9.0599900000E-03    8.4703119991E-01   -3.7477637195E-01   -4.4443265806E+02    2.3100283448E-02
    9.0799900000E-03    1.1531137863E+00   -3.2399267679E-01   -4.4550358957E+02    1.2299634543E-02
    9.0999900000E-03    1.2362715132E+00   -1.0081117178E-01   -4.4610780583E+02    1.1165184967E-02
    9.1199900000E-03    1.2194558356E+00    1.1467886754E-01   -4.4657018861E+02    8.4168512470E-03
    9.1399900000E-03    1.0410982761E+00    3.2938610553E-01   -4.4742318978E+02    4.5899506926E-03
    9.1599900000E-03    7.5051204475E-01    1.2555961382E-01   -4.4886825424E+02    6.3139986174E-03
    9.1799900000E-03    8.9499669217E-01   -2.4697603180E-01   -4.5043974677E+02    4.5696891112E-03
    9.1999900000E-03    1.1369540767E+00   -2.1235325028E-01   -4.5148264179E+02    1.9842327651E-03
    9.2199900000E-03    1.2172132379E+00   -2.9328668718E-02   -4.5204651519E+02    2.2264908625E-03
    9.2399900000E-03    1.2200957831E+00    1.0384858726E-01   -4.5239259763E+02    4.0899322561E-03
    9.2599900000E-03    1.1690416506E+00    2.4633423388E-01   -4.5287388429E+02    8.2884920901E-03
    9.2799900000E-03    9.8022966630E-01    3.4113241677E-01   -4.5371462849E+02    1.7113851505E-02
    9.2999900000E-03    6.8595511430E-01    9.5859789519E-02   -4.5507673790E+02    2.8495384077E-02
    9.3199900000E-03    8.1871332109E-01   -3.7270073304E-01   -4.5677327599E+02    2.9163937434E-02
    9.3399900000E-03    1.1774040092E+00   -3.0853291505E-01   -4.5799319874E+02    2.7139918404E-02
    9.3599900000E-03    1.2555576942E+00    2.3142588749E-03   -4.5864065038E+02    3.2929887718E-02
    9.3799900000E-03    1.1854144134E+00    3.1065391741E-01   -4.5927017793E+02    2.8215471595E-02
    9.3999900000E-03    8.2956581018E-01    4.0045292438E-01   -4.6044802422E+02    3.2035395211E-02
    9.4199900000E-03    6.4204561911E-01   -7.4719705809E-02   -4.6215194521E+02    3.3469986796E-02
    9.4399900000E-03    9.4840279215E-01   -3.8186200728E-01   -4.6360281459E+02    1.9500228520E-02
    9.4599900000E-03    1.1767486169E+00   -2.7563777363E-01   -4.6451241659E+02    9.7699037498E-03
    9.4799900000E-03    1.2314467610E+00   -8.8660426747E-02   -4.6502805994E+02    7.3829872528E-03
    9.4999900000E-03    1.2128709635E+00    9.6915886334E-02   -4.6546486347E+02    4.5147708899E-03
    9.5199900000E-03    1.0330511253E+00    3.1893326380E-01   -4.6627358981E+02    1.2544424982E-03
    9.5399900000E-03    7.4186133762E-01    1.1583264841E-01   -4.6768153331E+02    4.5727534740E-03
    9.5599900000E-03    8.7041676424E-01   -2.8259806076E-01   -4.6929194728E+02    2.8163410402E-03
    9.5799900000E-03    1.1504454103E+00   -2.3957239078E-01   -4.7039715420E+02    9.9444812245E-04
    9.5999900000E-03    1.2154710434E+00   -1.1398982929E-01   -4.7102949378E+02    9.5357464626E-04
    9.6199900000E-03    1.2221077014E+00    1.2389737581E-02   -4.7143203702E+02    8.8671735984E-04
    9.6399900000E-03    1.1514842138E+00    2.4985718300E-01   -4.7198768535E+02    9.8661035451E-04
    9.6599900000E-03    9.0562537936E-01    3.0063760114E-01   -4.7304247988E+02    2.3025432469E-03
    9.6799900000E-03    7.3102579631E-01   -6.8273244212E-02   -4.7462285008E+02    4.5760965699E-03
    9.6999900000E-03    9.9976555533E-01   -3.2033208456E-01   -4.7608454080E+02    1.4081990301E-03
    9.7199900000E-03    1.2060337446E+00   -1.1565081285E-01   -4.7694664546E+02    4.2097702681E-03
    9.7399900000E-03    1.2320591284E+00    7.3526469832E-02   -4.7740321149E+02    7.4607817096E-03
    9.7599900000E-03    1.1883074883E+00    2.5700579644E-01   -4.7788813033E+02    9.6742973350E-03
    9.7799899999E-03    9.8527212181E-01    3.8388075922E-01   -4.7874426371E+02    1.8721343758E-02
    9.7999899999E-03    6.6028165972E-01    1.3490399474E-01   -4.8012507994E+02    3.3420395485E-02
    9.8199899999E-03    7.7949304929E-01   -3.7070386244E-01   -4.8185209332E+02    3.4423304036E-02
    9.8399899999E-03    1.1623547259E+00   -3.4638856281E-01   -4.8310647752E+02    2.9485395933E-02
    9.8599899999E-03    1.2561816153E+00   -3.2579771436E-02   -4.8378604592E+02    3.4626692398E-02
    9.8799899999E-03    1.1964154068E+00    2.8011051212E-01   -4.8439967062E+02    2.9256280783E-02
    9.8999899999E-03    8.5635818854E-01    3.9720897689E-01   -4.8556460992E+02    3.0066037806E-02
    9.9199899999E-03    6.7138081434E-01   -4.9161737398E-02   -4.8724855647E+02    3.0459805283E-02
    9.9399899999E-03    9.5169159115E-01   -3.3782029298E-01   -4.8866071276E+02    1.9186300315E-02
    9.9599899999E-03    1.1572512392E+00   -2.6099267328E-01   -4.8953910592E+02    9.6922546874E-03
    9.9799899999E-03    1.2172205280E+00   -1.2076577360E-01   -4.9004792671E+02    4.7560332895E-03
    9.9999899999E-03    1.2193222042E+00    7.9932092026E-03   -4.9038692518E+02    2.6997560559E-03
    1.0019990000E-02    1.1579486230E+00    1.8165427231E-01   -4.9090297596E+02    1.6319153700E-03
    1.0039990000E-02    9.4131488472E-01    2.6081932623E-01   -4.9187136706E+02    3.2203892084E-03
    1.0059990000E-02    7.4843320547E-01   -6.4361103286E-02   -4.9339204007E+02    4.9091638071E-03
    1.0079990000E-02    1.0027751258E+00   -3.2656644723E-01   -4.9489178950E+02    3.4636186128E-03
    1.0099990000E-02    1.2081648092E+00   -1.4112553534E-01   -4.9581185867E+02    6.7084505759E-03
    1.0119990000E-02    1.2368413754E+00    7.3574864818E-02   -4.9629480668E+02    1.0202907534E-02
    1.0139990000E-02    1.1787141629E+00    2.8699214914E-01   -4.9683457331E+02    1.1196290484E-02
    1.0159990000E-02    9.2009876464E-01    3.9519953129E-01   -4.9780064228E+02    2.0659757171E-02
    1.0179990000E-02    6.2359305760E-01    3.8086843749E-02   -4.9932481800E+02    3.3682276622E-02
    1.0199990000E-02    8.5895523891E-01   -4.1365285307E-01   -5.0100220585E+02    2.9231243543E-02
    1.0219990000E-02    1.1924489624E+00   -2.9553548475E-01   -5.0212131622E+02    2.4616860717E-02
    1.0239990000E-02    1.2527760309E+00   -1.7812393295E-03   -5.0272182850E+02    2.8253126857E-02
    1.0259990000E-02    1.1736335177E+00    2.9807190664E-01   -5.0336512277E+02    2.2504301933E-02
    1.0279990000E-02    8.2571997089E-01    3.5779471869E-01   -5.0458012848E+02    2.3973337190E-02
    1.0299990000E-02    7.0557570829E-01   -9.7148995741E-02   -5.0626227862E+02    2.3588273431E-02
    1.0319990000E-02    9.9367221470E-01   -3.2260778445E-01   -5.0760699228E+02    1.4167142747E-02
    1.0339990000E-02    1.1705823967E+00   -2.2435904255E-01   -5.0843032533E+02    6.4925819325E-03
    1.0359990000E-02    1.2177967195E+00   -9.0115225520E-02   -5.0889484131E+02    2.6549202113E-03
    1.0379990000E-02    1.2133191625E+00    4.2946355549E-02   -5.0921364879E+02    1.4501553258E-03
    1.0399990000E-02    1.1486468583E+00    2.0511048889E-01   -5.0972532042E+02    3.4792119979E-03
    1.0419990000E-02    9.3438751266E-01    2.6957555003E-01   -5.1067553846E+02    7.7268608435E-03
    1.0439990000E-02    7.2432925467E-01   -5.8690104043E-02   -5.1217998708E+02    1.1341145530E-02
    1.0459990000E-02    9.8047222810E-01   -3.5837207645E-01   -5.1372656163E+02    9.2801714097E-03
    1.0479990000E-02    1.2129067529E+00   -1.6489230121E-01   -5.1469357010E+02    1.2343482389E-02
    1.0499990000E-02    1.2424281920E+00    8.0575295327E-02   -5.1520299310E+02    1.5970732392E-02
    1.0519990000E-02    1.1595490237E+00    3.2967752279E-01   -5.1582022153E+02    1.5509121804E-02
    1.0539990000E-02    8.3137119968E-01    3.8530004494E-01   -5.1692902082E+02    2.5651275405E-02
    1.0559990000E-02    6.1646827840E-01   -8.1197576973E-02   -5.1859313014E+02    3.4125647144E-02
    1.0579990000E-02    9.4675980046E-01   -4.2977955947E-01   -5.2015442877E+02    2.4187839512E-02
    1.0599990000E-02    1.2123118474E+00   -2.4632746151E-01   -5.2113130812E+02    1.9881467281E-02
    1.0619990000E-02    1.2472477914E+00    2.0224399705E-02   -5.2166544331E+02    2.1596902141E-02
    1.0639990000E-02    1.1506680795E+00    3.0361003878E-01   -5.2233892664E+02    1.5780602977E-02
    1.0659990000E-02    8.0808913228E-01    3.1114736319E-01   -5.2359673842E+02    1.7124990506E-02
    1.0679990000E-02    7.5108558999E-01   -1.3462160020E-01   -5.2526146529E+02    1.6347897880E-02
    1.0699990000E-02    1.0355711307E+00   -2.9287198112E-01   -5.2653617239E+02    9.3548130377E-03
    1.0719990000E-02    1.1820627173E+00   -1.7592400138E-01   -5.2729716988E+02    3.7023631315E-03
    1.0739990000E-02    1.2174337855E+00   -6.1064142004E-02   -5.2771363213E+02    1.2563598308E-03
    1.0759990000E-02    1.2091849978E+00    1.0150489141E-01   -5.2801093270E+02    1.9511995736E-03
    1.0779990000E-02    1.1385632993E+00    2.3659846281E-01   -5.2855612651E+02    5.8563068401E-03
    1.0799990000E-02    9.1359473791E-01    2.8323402181E-01   -5.2951791465E+02    1.2574260260E-02
    1.0819990000E-02    7.0049429152E-01   -6.6009104654E-02   -5.3103171952E+02    1.8169647804E-02
    1.0839990000E-02    9.7156335653E-01   -3.8411221586E-01   -5.3260228361E+02    1.5644365070E-02
    1.0859990000E-02    1.2188189341E+00   -1.7889979048E-01   -5.3358910904E+02    1.8432672290E-02
    1.0879990000E-02    1.2461699614E+00    8.9527764668E-02   -5.3411437708E+02    2.1807325786E-02
    1.0899990000E-02    1.1365126284E+00    3.6355497191E-01   -5.3480222112E+02    2.0026270074E-02
    1.0919990000E-02    7.6323722506E-01    3.5143684622E-01   -5.3603296485E+02    2.9677521568E-02
    1.0939990000E-02    6.4409684199E-01   -1.6687979479E-01   -5.3776206344E+02    3.2609873987E-02
    1.0959990000E-02    1.0042414317E+00   -4.1743937921E-01   -5.3919956757E+02    1.9676958347E-02
    1.0979990000E-02    1.2173519903E+00   -2.1952880083E-01   -5.4007473395E+02    1.4977307520E-02
    1.0999990000E-02    1.2415627246E+00    1.8435898573E-02   -5.4056688208E+02    1.5280468910E-02
    1.1019990000E-02    1.1480783250E+00    2.8084048541E-01   -5.4122725158E+02    9.7990572115E-03
    1.1039990000E-02    8.2643121279E-01    2.9124896770E-01   -5.4246225636E+02    1.0290238407E-02
    1.1059990000E-02    7.7416893844E-01   -1.3310065650E-01   -5.4410681321E+02    1.0142294828E-02
    1.1079990000E-02    1.0522304855E+00   -2.7065880330E-01   -5.4537644406E+02    5.6323247709E-03
    1.1099990000E-02    1.1880327643E+00   -1.3923868585E-01   -5.4611772691E+02    2.1790926669E-03
    1.1119990000E-02    1.2215015249E+00    2.5281911983E-02   -5.4650083893E+02    1.8026541407E-03
    1.1139990000E-02    1.2062055917E+00    1.4740241571E-01   -5.4684971384E+02    3.9309122479E-03
    1.1159990000E-02    1.1146114272E+00    2.8305515654E-01   -5.4745737439E+02    9.4380784981E-03
    1.1179990000E-02    8.5620210296E-01    2.8486187683E-01   -5.4849085339E+02    1.8675234138E-02
    1.1199990000E-02    6.8087997989E-01   -1.2676684523E-01   -5.5007185039E+02    2.5622527149E-02
    1.1219990000E-02    1.0058152150E+00   -4.0607532617E-01   -5.5161468576E+02    2.2066836268E-02
    1.1239990000E-02    1.2331623613E+00   -1.5961887892E-01   -5.5255277897E+02    2.5551048160E-02
    1.1259990000E-02    1.2454278071E+00    1.2578360075E-01   -5.5307804922E+02    2.7312134706E-02
    1.1279990000E-02    1.0817938171E+00    4.0765539095E-01   -5.5388109488E+02    2.4899428581E-02
    1.1299990000E-02    6.8617010786E-01    2.6372893072E-01   -5.5527530202E+02    3.3294280454E-02
    1.1319990000E-02    7.1724756197E-01   -2.6214970776E-01   -5.5700555874E+02    2.8830231542E-02
    1.1339990000E-02    1.0672053955E+00   -3.8202441707E-01   -5.5826893689E+02    1.5007322534E-02
    1.1359990000E-02    1.2200817402E+00   -1.8809791704E-01   -5.5902357241E+02    1.0185666180E-02
    1.1379990000E-02    1.2344239529E+00    1.4404596501E-02   -5.5946752578E+02    9.1737038614E-03
    1.1399990000E-02    1.1491640586E+00    2.4841743381E-01   -5.6010231093E+02    4.4118060630E-03
    1.1419990000E-02    8.5429053655E-01    2.7325144406E-01   -5.6129002036E+02    3.9535148713E-03
    1.1439990000E-02    7.8868685716E-01   -1.2736933377E-01   -5.6291307797E+02    4.3391870398E-03
    1.1459990000E-02    1.0634320651E+00   -2.5781732937E-01   -5.6420436395E+02    2.2713557788E-03
    1.1479990000E-02    1.2005377685E+00   -9.2160155781E-02   -5.6494408313E+02    1.9365610212E-03
    1.1499990000E-02    1.2229661287E+00    5.2316940867E-02   -5.6534090658E+02    3.6099126635E-03
    1.1519990000E-02    1.2009644586E+00    1.8484806426E-01   -5.6572173381E+02    6.5594556542E-03
    1.1539990000E-02    1.0868032658E+00    3.1736287358E-01   -5.6638595372E+02    1.3568793272E-02
    1.1559990000E-02    8.0096164925E-01    2.6768695558E-01   -5.6749071081E+02    2.5065205032E-02
    1.1579990000E-02    6.7938019079E-01   -1.9458280335E-01   -5.6913223140E+02    3.2468049505E-02
    1.1599990000E-02    1.0491678833E+00   -4.1352108728E-01   -5.7062947041E+02    2.8228649997E-02
    1.1619990000E-02    1.2457027412E+00   -1.2806890140E-01   -5.7150914712E+02    3.3030328028E-02
    1.1639990000E-02    1.2396024836E+00    1.7532613855E-01   -5.7204882101E+02    3.2524465594E-02
    1.1659990000E-02    1.0099766513E+00    4.3703943226E-01   -5.7297849491E+02    3.0498815731E-02
    1.1679990000E-02    6.4138512773E-01    1.5772301901E-01   -5.7451665780E+02    3.6725912355E-02
    1.1699990000E-02    7.9837177445E-01   -3.1978993956E-01   -5.7617359411E+02    2.6741126076E-02
    1.1719990000E-02    1.1078522085E+00   -3.4528603991E-01   -5.7728609944E+02    1.3364054842E-02
    1.1739990000E-02    1.2200524875E+00   -1.6829156713E-01   -5.7794788576E+02    8.1348990346E-03
    1.1759990000E-02    1.2288662863E+00    6.4159103150E-03   -5.7835645243E+02    6.2821225886E-03
    1.1779990000E-02    1.1528319608E+00    2.1553930977E-01   -5.7896538362E+02    2.1552106908E-03
    1.1799990000E-02    8.4844250290E-01    2.6772710200E-01   -5.8010029831E+02    3.0056778754E-03
    1.1819990000E-02    7.5482513854E-01   -1.4456026958E-01   -5.8172614832E+02    4.2292982444E-03
    1.1839990000E-02    1.0645373392E+00   -3.0031705290E-01   -5.8308694187E+02    1.1480075446E-03
    1.1859990000E-02    1.2166229318E+00   -7.7208278870E-02   -5.8385941915E+02    4.9087416164E-03
    1.1879990000E-02    1.2299962947E+00    1.0359194175E-01   -5.8428378329E+02    7.6152152861E-03
    1.1899990000E-02    1.1682565502E+00    2.8810074748E-01   -5.8481813089E+02    1.0605294401E-02
    1.1919990000E-02    9.2900428115E-01    3.7856534559E-01   -5.8575035210E+02    2.1180559378E-02
    1.1939990000E-02    6.3478287316E-01    4.5222765401E-02   -5.8722823261E+02    3.5248153660E-02
    1.1959990000E-02    8.5198802781E-01   -4.1495317673E-01   -5.8892261461E+02    3.3247161165E-02
    1.1979990000E-02    1.1970587957E+00   -2.9435290296E-01   -5.9007238683E+02    3.0312000475E-02
    1.1999990000E-02    1.2562759786E+00    1.8053098717E-02   -5.9068528819E+02    3.4900505158E-02
    1.2019990000E-02    1.1606109978E+00    3.3480826469E-01   -5.9137214671E+02    2.8653496926E-02
    1.2039990000E-02    7.8439715095E-01    3.5012129700E-01   -5.9265082203E+02    3.1334808401E-02
    1.2059990000E-02    7.0165546978E-01   -1.3457934439E-01   -5.9435600266E+02    2.9153162553E-02
    1.2079990000E-02    1.0026992013E+00   -3.4021612500E-01   -5.9566544656E+02    1.7317202457E-02
    1.2099990000E-02    1.1754843682E+00   -2.3687133429E-01   -5.9646914997E+02    8.6003511939E-03
    1.2119990000E-02    1.2204432987E+00   -9.7969291358E-02   -5.9692889843E+02    4.3832156216E-03
    1.2139990000E-02    1.2152600410E+00    3.4431605499E-02   -5.9727647845E+02    2.4666154831E-03
    1.2159990000E-02    1.1310309534E+00    2.1484914268E-01   -5.9786287726E+02    1.7748751170E-03
    1.2179990000E-02    8.8248129200E-01    2.3227217276E-01   -5.9894370574E+02    3.5067353301E-03
    1.2199990000E-02    7.6845745947E-01   -1.4949035853E-01   -6.0053198833E+02    4.5488178156E-03
    1.2219990000E-02    1.0639888736E+00   -3.1165083506E-01   -6.0193224397E+02    3.3901740225E-03
    1.2239990000E-02    1.2215472979E+00   -9.3007802823E-02   -6.0274255104E+02    7.5675409019E-03
    1.2259990000E-02    1.2336637057E+00    1.1261484055E-01   -6.0319069182E+02    1.0102178470E-02
    1.2279990000E-02    1.1481815822E+00    3.2589848164E-01   -6.0379726488E+02    1.2080899616E-02
    1.2299990000E-02    8.4721872938E-01    3.6944427851E-01   -6.0486054924E+02    2.3467587065E-02
    1.2319990000E-02    6.2167208493E-01   -7.1542464822E-02   -6.0648103960E+02    3.4377656059E-02
    1.2339990000E-02    9.4294413449E-01   -4.3452765338E-01   -6.0807831618E+02    2.7446193354E-02
    1.2359990000E-02    1.2193962205E+00   -2.3552894133E-01   -6.0908420161E+02    2.5542829884E-02
    1.2379990000E-02    1.2501989293E+00    5.3168463631E-02   -6.0963200395E+02    2.7937282323E-02
    1.2399990000E-02    1.1260864715E+00    3.5219452008E-01   -6.1036973340E+02    2.2042270703E-02
    1.2419990000E-02    7.5457411267E-01    2.9212699607E-01   -6.1171145580E+02    2.5143990816E-02
    1.2439990000E-02    7.4922210667E-01   -1.8208011882E-01   -6.1339382421E+02    2.2220267020E-02
    1.2459990000E-02    1.0445117701E+00   -3.1624198499E-01   -6.1462314614E+02    1.2433223055E-02
    1.2479990000E-02    1.1870430958E+00   -1.9700114066E-01   -6.1536469685E+02    5.5054015359E-03
    1.2499990000E-02    1.2202959041E+00   -6.6458489982E-02   -6.1577897682E+02    2.3423605087E-03
    1.2519990000E-02    1.2056198711E+00    8.4423478417E-02   -6.1610842599E+02    1.5671217108E-03
    1.2539990000E-02    1.1190634888E+00    2.3402287695E-01   -6.1670468885E+02    4.1989991357E-03
    1.2559990000E-02    8.6804500023E-01    2.3631883596E-01   -6.1777380729E+02    8.6054885012E-03
    1.2579990000E-02    7.4287168496E-01   -1.6022028904E-01   -6.1936517573E+02    1.1046051821E-02
    1.2599990000E-02    1.0561268509E+00   -3.4530758343E-01   -6.2080556811E+02    8.9428262339E-03
    1.2619990000E-02    1.2292407734E+00   -1.0430731449E-01   -6.2164410140E+02    1.3550150607E-02
    1.2639990000E-02    1.2369637722E+00    1.3277602904E-01   -6.2212064020E+02    1.5499934699E-02
    1.2659990000E-02    1.1104788852E+00    3.7552908091E-01   -6.2283012739E+02    1.6507426150E-02
    1.2679990000E-02    7.4559697597E-01    3.2228403710E-01   -6.2406396014E+02    2.8706662345E-02
    1.2699990000E-02    6.5209625071E-01   -2.0204899461E-01   -6.2579304232E+02    3.3105204064E-02
    1.2719990000E-02    1.0321901321E+00   -4.2234205752E-01   -6.2723140962E+02    2.2066686233E-02
    1.2739990000E-02    1.2319469346E+00   -1.8246966636E-01   -6.2808989699E+02    2.0746092894E-02
    1.2759990000E-02    1.2413383904E+00    8.0513249091E-02   -6.2859267042E+02    2.0786397776E-02
    1.2779990000E-02    1.0904302679E+00    3.5488846342E-01   -6.2938268281E+02    1.5390466663E-02
    1.2799990000E-02    7.4194954883E-01    2.2633047379E-01   -6.3078103503E+02    1.8087164977E-02
    1.2819990000E-02    8.0953563198E-01   -2.1453535018E-01   -6.3242030105E+02    1.5099122436E-02
    1.2839990000E-02    1.0845947372E+00   -2.7600516246E-01   -6.3356374401E+02    7.9269144324E-03
    1.2859990000E-02    1.1961376901E+00   -1.4511206378E-01   -6.3423302040E+02    2.9088089285E-03
    1.2879990000E-02    1.2213004025E+00   -4.9366641871E-02   -6.3460373543E+02    1.0333788694E-03
    1.2899990000E-02    1.2012638743E+00    1.2784358380E-01   -6.3492468239E+02    2.4548952310E-03
    1.2919990000E-02    1.1048910415E+00    2.6219112988E-01   -6.3555114626E+02    7.0049388076E-03
    1.2939990000E-02    8.4341852307E-01    2.4169101631E-01   -6.3663405107E+02    1.3880321491E-02
    1.2959990000E-02    7.2291049319E-01   -1.7771728287E-01   -6.3824209438E+02    1.7678529027E-02
    1.2979990000E-02    1.0566200104E+00   -3.6904705220E-01   -6.3969915734E+02    1.4815157497E-02
    1.2999990000E-02    1.2359163630E+00   -1.0949561687E-01   -6.4054742177E+02    1.9615121066E-02
    1.3019990000E-02    1.2379631899E+00    1.5168083220E-01   -6.4104611089E+02    2.0689791584E-02
    1.3039990000E-02    1.0714400803E+00    4.0756910105E-01   -6.4184320892E+02    2.0898989914E-02
    1.3059990000E-02    6.8348700485E-01    2.5953313578E-01   -6.4320918905E+02    3.2069465323E-02
    1.3079990000E-02    7.0438577417E-01   -2.7723554293E-01   -6.4495396987E+02    3.0357576391E-02
    1.3099990000E-02    1.0793073280E+00   -3.9544394680E-01   -6.4625987045E+02    1.7667396903E-02
    1.3119990000E-02    1.2330094395E+00   -1.5923287500E-01   -6.4702416332E+02    1.5791349122E-02
    1.3139990000E-02    1.2347753587E+00    7.9016015843E-02   -6.4749976254E+02    1.4679286891E-02
    1.3159990000E-02    1.0860119130E+00    3.3386130171E-01   -6.4828559679E+02    9.5653240742E-03
    1.3179990000E-02    7.5861075730E-01    2.0395336637E-01   -6.4967329730E+02    1.1474472635E-02
    1.3199990000E-02    8.3709187329E-01   -2.1348553482E-01   -6.5129263956E+02    9.5452524553E-03
    1.3219990000E-02    1.1015357739E+00   -2.4810249654E-01   -6.5241790781E+02    4.8456882861E-03
    1.3239990000E-02    1.2004594083E+00   -1.0834094532E-01   -6.5305714943E+02    1.7778086796E-03
    1.3259990000E-02    1.2206270899E+00    5.1506335515E-02   -6.5339465566E+02    2.0449441570E-03
    1.3279990000E-02    1.1942102191E+00    1.7893312046E-01   -6.5378306979E+02    4.8158887121E-03
    1.3299990000E-02    1.0700865414E+00    3.0560793615E-01   -6.5447961697E+02    1.1203127103E-02
    1.3319990000E-02    7.8184047183E-01    2.2034616470E-01   -6.5564437518E+02    2.0756375662E-02
    1.3339990000E-02    7.2481894702E-01   -2.4473896726E-01   -6.5730638602E+02    2.4947994831E-02
    1.3359990000E-02    1.0933647567E+00   -3.7425140339E-01   -6.5871432807E+02    2.1397502522E-02
    1.3379990000E-02    1.2465518286E+00   -8.4198003198E-02   -6.5951012198E+02    2.6884350197E-02
    1.3399990000E-02    1.2301615346E+00    2.0046242728E-01   -6.6003860033E+02    2.5690798776E-02
    1.3419990000E-02    9.9113962667E-01    4.3432865273E-01   -6.6097633707E+02    2.6193503744E-02
    1.3439990000E-02    6.3214897766E-01    1.3704797088E-01   -6.6251173332E+02    3.4329086048E-02
    1.3459990000E-02    8.0197170796E-01   -3.4513830923E-01   -6.6418306731E+02    2.5339838076E-02
    1.3479990000E-02    1.1268412361E+00   -3.4752416836E-01   -6.6531176896E+02    1.3016539119E-02
    1.3499990000E-02    1.2314771430E+00   -1.3372375726E-01   -6.6596397833E+02    1.0468630958E-02
    1.3519990000E-02    1.2267365069E+00    7.2330204809E-02   -6.6640693114E+02    8.4356601161E-03
    1.3539990000E-02    1.0887037999E+00    3.0196363986E-01   -6.6717166306E+02    3.8933501242E-03
    1.3559990000E-02    7.8291475406E-01    1.8706442120E-01   -6.6852438886E+02    4.8319411387E-03
    1.3579990000E-02    8.5520216824E-01   -2.1185409927E-01   -6.7013361305E+02    4.0630344511E-03
    1.3599990000E-02    1.1170361143E+00   -2.2555252370E-01   -6.7126502944E+02    2.0543345910E-03
    1.3619990000E-02    1.2114960027E+00   -5.2221470411E-02   -6.7188885120E+02    2.0984377038E-03
    1.3639990000E-02    1.2213540269E+00    8.1429783930E-02   -6.7224375865E+02    3.8013998880E-03
    1.3659990000E-02    1.1848334561E+00    2.1739333853E-01   -6.7267404778E+02    7.5138180158E-03
    1.3679990000E-02    1.0328211629E+00    3.3286016576E-01   -6.7343192026E+02    1.5501586866E-02
    1.3699990000E-02    7.3060271267E-01    1.8037770324E-01   -6.7467657656E+02    2.7020847525E-02
    1.3719990000E-02    7.4787886427E-01   -3.0826605976E-01   -6.7637441743E+02    3.0645378508E-02
    1.3739990000E-02    1.1321374550E+00   -3.6153374438E-01   -6.7771943821E+02    2.7211838335E-02
    1.3759990000E-02    1.2540563983E+00   -4.9492955487E-02   -6.7845788152E+02    3.3413020225E-02
    1.3779990000E-02    1.2141253046E+00    2.5670823050E-01   -6.7903411812E+02    2.9904683713E-02
    1.3799990000E-02    9.0494848763E-01    4.3230166586E-01   -6.8010759723E+02    3.1537833094E-02
    1.3819990000E-02    6.2541162806E-01    2.0985582736E-02   -6.8175958414E+02    3.5690609740E-02
    1.3839990000E-02    8.8587103163E-01   -3.7039219625E-01   -6.8330990608E+02    2.2689068494E-02
    1.3859990000E-02    1.1536245964E+00   -3.0876605760E-01   -6.8430427561E+02    1.1279157173E-02
    1.3879990000E-02    1.2292792881E+00   -1.1882315346E-01   -6.8487833716E+02    8.0536954264E-03
    1.3899990000E-02    1.2209860294E+00    6.4661795821E-02   -6.8529984633E+02    5.6008591967E-03
    1.3919990000E-02    1.0942108107E+00    2.7136410032E-01   -6.8604943256E+02    1.5171829594E-03
    1.3939990000E-02    7.7171016892E-01    1.7465665546E-01   -6.8737256724E+02    3.5987879165E-03
    1.3959990000E-02    8.3508314617E-01   -2.4114612940E-01   -6.8900201082E+02    2.6957078531E-03
    1.3979990000E-02    1.1441051830E+00   -2.0866867091E-01   -6.9016119003E+02    2.0917662121E-03
    1.3999990000E-02    1.2251194671E+00   -8.5565109367E-03   -6.9078714544E+02    6.1974569081E-03
    1.4019990000E-02    1.2216976940E+00    1.5494003808E-01   -6.9118165346E+02    8.6464453936E-03
    1.4039990000E-02    1.1341466249E+00    3.2258684329E-01   -6.9177930658E+02    1.4142277054E-02
    1.4059990000E-02    8.6320904767E-01    3.5358339159E-01   -6.9278377910E+02    2.7227452899E-02
    1.4079990000E-02    6.2448541845E-01   -5.8117581064E-02   -6.9434572168E+02    4.0864529019E-02
    1.4099990000E-02    9.3254462035E-01   -4.4701216065E-01   -6.9598959596E+02    3.7382163824E-02
    1.4119990000E-02    1.2287510862E+00   -2.3205037809E-01   -6.9704177050E+02    3.8016925665E-02
    1.4139990000E-02    1.2549045826E+00    9.2039714454E-02   -6.9761553845E+02    4.0873380750E-02
    1.4159990000E-02    1.0879325730E+00    4.0819984839E-01   -6.9844700044E+02    3.4423160917E-02
    1.4179990000E-02    6.9281484038E-01    2.4984120537E-01   -6.9990378669E+02    3.8319077699E-02
    1.4199990000E-02    7.6490556701E-01   -2.3756271390E-01   -7.0157907698E+02    3.1088589285E-02
    1.4219990000E-02    1.0606854403E+00   -3.3105388605E-01   -7.0272991647E+02    1.8202586361E-02
    1.4239990000E-02    1.1911906425E+00   -2.1249286214E-01   -7.0343046765E+02    9.7120133402E-03
    1.4259990000E-02    1.2212661160E+00   -8.2677147657E-02   -7.0383371410E+02    5.5431683272E-03
    1.4279990000E-02    1.2086852125E+00    5.1050053524E-02   -7.0419449506E+02    3.4460288498E-03
    1.4299990000E-02    1.1102593583E+00    2.1705915241E-01   -7.0485193450E+02    2.3983435826E-03
    1.4319990000E-02    8.4584043048E-01    1.7824053364E-01   -7.0603687441E+02    2.6230766008E-03
    1.4339990000E-02    8.2373181708E-01   -2.1335875724E-01   -7.0764723538E+02    2.5592811609E-03
    1.4359990000E-02    1.1174588861E+00   -2.6584562871E-01   -7.0892645254E+02    3.1296270559E-03
    1.4379990000E-02    1.2283349619E+00   -3.9439479996E-02   -7.0963143350E+02    8.0659164094E-03
    1.4399990000E-02    1.2270377009E+00    1.5406145482E-01   -7.1006026966E+02    1.0080543172E-02
    1.4419990000E-02    1.1187202757E+00    3.5131488146E-01   -7.1071674756E+02    1.4206661560E-02
    1.4439990000E-02    8.0043637993E-01    3.3965096088E-01   -7.1183184197E+02    2.7778944198E-02
    1.4459990000E-02    6.2853220836E-01   -1.4216742332E-01   -7.1349532678E+02    3.8333807750E-02
    1.4479990000E-02    9.9466730654E-01   -4.4338956432E-01   -7.1504792293E+02    3.1268870973E-02
    1.4499990000E-02    1.2365482006E+00   -1.9283655337E-01   -7.1599544774E+02    3.2061563260E-02
    1.4519990000E-02    1.2473230622E+00    1.1027758092E-01   -7.1653788113E+02    3.2920282123E-02
    1.4539990000E-02    1.0632049691E+00    4.0242887054E-01   -7.1739789182E+02    2.7289802062E-02
    1.4559990000E-02    6.9451660141E-01    2.0696678946E-01   -7.1887849178E+02    3.0867706651E-02
    1.4579990000E-02    8.0442323391E-01   -2.4907479329E-01   -7.2051628134E+02    2.4466341169E-02
    1.4599990000E-02    1.0828082916E+00   -3.0331115218E-01   -7.2162040323E+02    1.3884736102E-02
    1.4619990000E-02    1.1954371484E+00   -1.8063326759E-01   -7.2228219166E+02    6.7845700796E-03
    1.4639990000E-02    1.2195990003E+00   -5.9515823683E-02   -7.2265544881E+02    3.3732111590E-03
    1.4659990000E-02    1.2060553334E+00    6.6129812852E-02   -7.2299860521E+02    2.2325111481E-03
    1.4679990000E-02    1.1128626566E+00    2.2355629995E-01   -7.2362345914E+02    3.1648368609E-03
    1.4699990000E-02    8.5394818198E-01    2.0355725038E-01   -7.2475270394E+02    5.3554486656E-03
    1.4719990000E-02    7.8423647348E-01   -1.9607094331E-01   -7.2636170445E+02    6.1667017577E-03
    1.4739990000E-02    1.0940240737E+00   -3.0438674163E-01   -7.2771643199E+02    5.3939516344E-03
    1.4759990000E-02    1.2300966525E+00   -6.5069391589E-02   -7.2847824183E+02    1.0513533448E-02
    1.4779990000E-02    1.2311588452E+00    1.5023109897E-01   -7.2893089494E+02    1.2321422152E-02
    1.4799990000E-02    1.1084697499E+00    3.6915478735E-01   -7.2962509352E+02    1.5233298868E-02
    1.4819990000E-02    7.6180592989E-01    3.2482625198E-01   -7.3081422147E+02    2.8628638432E-02
    1.4839990000E-02    6.4209384004E-01   -1.8885340673E-01   -7.3252494835E+02    3.5942246379E-02
    1.4859990000E-02    1.0258463421E+00   -4.3274509524E-01   -7.3400895100E+02    2.6731989064E-02
    1.4879990000E-02    1.2373618364E+00   -1.7659624153E-01   -7.3489663396E+02    2.7016355553E-02
    1.4899990000E-02    1.2427594488E+00    1.0934242520E-01   -7.3542076330E+02    2.7025389417E-02
    1.4919990000E-02    1.0606908540E+00    3.8844775704E-01   -7.3627556860E+02    2.1722599722E-02
    1.4939990000E-02    7.0695912656E-01    1.9530138529E-01   -7.3774645583E+02    2.5002132269E-02
    1.4959990000E-02    8.2141669630E-01   -2.4467222338E-01   -7.3937080478E+02    1.9809981956E-02
    1.4979990000E-02    1.0918473980E+00   -2.8506031628E-01   -7.4046531601E+02    1.0834666926E-02
    1.4999990000E-02    1.1973910523E+00   -1.5876873709E-01   -7.4111289511E+02    4.7404238615E-03
    1.5019990000E-02    1.2187777468E+00   -4.0940727551E-02   -7.4147170341E+02    2.0681860947E-03
    1.5039990000E-02    1.2023988630E+00    9.4069763825E-02   -7.4179944608E+02    2.0158824344E-03
    1.5059990000E-02    1.1108797115E+00    2.3712867849E-01   -7.4241443402E+02    4.8968165062E-03
    1.5079990000E-02    8.5484035115E-01    2.2261706445E-01   -7.4350816258E+02    9.2918691081E-03
    1.5099990000E-02    7.5194933678E-01   -1.8339259485E-01   -7.4511268830E+02    1.1441740481E-02
    1.5119990000E-02    1.0731344392E+00   -3.3918439811E-01   -7.4652800086E+02    9.5735197130E-03
    1.5139990000E-02    1.2329326238E+00   -8.8281035038E-02   -7.4733941026E+02    1.4681164706E-02
    1.5159990000E-02    1.2348417681E+00    1.5132097614E-01   -7.4781747428E+02    1.6163606919E-02
    1.5179990000E-02    1.0902011074E+00    3.9112282146E-01   -7.4856433285E+02    1.7823250594E-02
    1.5199990000E-02    7.1602552156E-01    2.9473678856E-01   -7.4984640793E+02    3.0673796188E-02
    1.5219990000E-02    6.6960173825E-01   -2.4207831213E-01   -7.5159077057E+02    3.3455861081E-02
    1.5239990000E-02    1.0589398474E+00   -4.1567625714E-01   -7.5298468041E+02    2.2165908330E-02
    1.5259990000E-02    1.2370878632E+00   -1.6163099400E-01   -7.5380447166E+02    2.1673483638E-02
    1.5279990000E-02    1.2377591052E+00    1.0376679882E-01   -7.5430808225E+02    2.0860607486E-02
    1.5299990000E-02    1.0618782694E+00    3.6885735703E-01   -7.5515089210E+02    1.5741001340E-02
    1.5319990000E-02    7.2477153205E-01    1.8486770105E-01   -7.5660463860E+02    1.8487774811E-02
    1.5339990000E-02    8.4045599802E-01   -2.3683989473E-01   -7.5821554179E+02    1.4687516016E-02
    1.5359990000E-02    1.1020576008E+00   -2.6189918408E-01   -7.5930191304E+02    7.7213409983E-03
    1.5379990000E-02    1.1996777585E+00   -1.2990076500E-01   -7.5993161024E+02    2.9052777278E-03
    1.5399990000E-02    1.2174803416E+00   -1.5427129129E-03   -7.6026852535E+02    1.3955081295E-03
    1.5419990000E-02    1.2008630363E+00    1.2046751045E-01   -7.6060190686E+02    2.5422084898E-03
    1.5439990000E-02    1.1068565540E+00    2.5452040283E-01   -7.6122180922E+02    6.9413254633E-03
    1.5459990000E-02    8.4905706248E-01    2.3783701745E-01   -7.6229948201E+02    1.3359915395E-02
    1.5479990000E-02    7.2745210717E-01   -1.7647574289E-01   -7.6390322279E+02    1.6924366466E-02
    1.5499990000E-02    1.0582943552E+00   -3.6515300435E-01   -7.6535904031E+02    1.4316969730E-02
    1.5519990000E-02    1.2358115363E+00   -1.0558468718E-01   -7.6620560986E+02    1.9324406507E-02
    1.5539990000E-02    1.2375171451E+00    1.5462370307E-01   -7.6670430739E+02    2.0454886035E-02
    1.5559990000E-02    1.0712025411E+00    4.0854347683E-01   -7.6750028645E+02    2.1015383344E-02
    1.5579990000E-02    6.8286919103E-01    2.6145620131E-01   -7.6886166753E+02    3.2693885114E-02
    1.5599990000E-02    7.0034821710E-01   -2.7857412546E-01   -7.7061064659E+02    3.1423921595E-02
    1.5619990000E-02    1.0800935810E+00   -3.9884052724E-01   -7.7192555038E+02    1.8765693610E-02
    1.5639990000E-02    1.2348744473E+00   -1.5634406316E-01   -7.7269419587E+02    1.7241125049E-02
    1.5659990000E-02    1.2345050515E+00    8.9021196188E-02   -7.7317807737E+02    1.5989014096E-02
    1.5679990000E-02    1.0736830588E+00    3.4451527595E-01   -7.7399115036E+02    1.0825325699E-02
    1.5699990000E-02    7.4766341363E-01    1.8811929361E-01   -7.7540989442E+02    1.2879185692E-02
    1.5719990000E-02    8.4894479389E-01   -2.2321117061E-01   -7.7701858807E+02    1.0457656300E-02
    1.5739990000E-02    1.1072735501E+00   -2.4352134544E-01   -7.7811589559E+02    5.4842036918E-03
    1.5759990000E-02    1.2012314278E+00   -1.0345085277E-01   -7.7873777410E+02    2.1245093586E-03
    1.5779990000E-02    1.2191926830E+00    4.4917757800E-02   -7.7906560870E+02    1.9983000340E-03
    1.5799990000E-02    1.1956689037E+00    1.6559526320E-01   -7.7943626848E+02    4.7267557108E-03
    1.5819990000E-02    1.0827938894E+00    2.9168449061E-01   -7.8010447843E+02    1.0905974979E-02
    1.5839990000E-02    8.0502288973E-01    2.3251498796E-01   -7.8122955636E+02    1.9965136815E-02
    1.5859990000E-02    7.1631970204E-01   -2.1850471378E-01   -7.8287135457E+02    2.4611684062E-02
    1.5879990000E-02    1.0772305472E+00   -3.8065614767E-01   -7.8431273409E+02    2.1296529125E-02
    1.5899990000E-02    1.2446670183E+00   -9.5510652527E-02   -7.8513856715E+02    2.6793547181E-02
    1.5919990000E-02    1.2338651225E+00    1.8940851880E-01   -7.8566432837E+02    2.6229005015E-02
    1.5939990000E-02    1.0089592289E+00    4.3470231510E-01   -7.8657575259E+02    2.6498465970E-02
    1.5959990000E-02    6.3525109267E-01    1.6433165797E-01   -7.8808410412E+02    3.5460706889E-02
    1.5979990000E-02    7.7956467933E-01   -3.3745896476E-01   -7.8978046663E+02    2.7401189397E-02
    1.5999990000E-02    1.1188141758E+00   -3.6016644938E-01   -7.9094402059E+02    1.4493359712E-02
    1.6019990000E-02    1.2324103751E+00   -1.3974757542E-01   -7.9161898611E+02    1.1970419372E-02
    1.6039990000E-02    1.2280502379E+00    7.5135834807E-02   -7.9207253506E+02    9.9506324432E-03
    1.6059990000E-02    1.0833544979E+00    3.1020107150E-01   -7.9285397146E+02    5.0666420224E-03
    1.6079990000E-02    7.7626278377E-01    1.8096153792E-01   -7.9422932911E+02    6.0564246367E-03
    1.6099990000E-02    8.6340980308E-01   -2.1409614509E-01   -7.9583214220E+02    5.0762784729E-03
    1.6119990000E-02    1.1190798588E+00   -2.2042319899E-01   -7.9694226140E+02    2.8570202241E-03
    1.6139990000E-02    1.2076054740E+00   -6.2155332120E-02   -7.9755441068E+02    2.0559437952E-03
    1.6159990000E-02    1.2196050336E+00    6.3555150478E-02   -7.9789492856E+02    3.2098126343E-03
    1.6179990000E-02    1.1923960512E+00    1.8724912591E-01   -7.9828214452E+02    6.6742931798E-03
    1.6199990000E-02    1.0702024363E+00    3.0842669595E-01   -7.9897021384E+02    1.3849989342E-02
    1.6219990000E-02    7.8410159030E-01    2.2848196103E-01   -8.0011497039E+02    2.4347471338E-02
    1.6239990000E-02    7.1124187660E-01   -2.3942946320E-01   -8.0177447672E+02    2.9707143842E-02
    1.6259990000E-02    1.0873654066E+00   -3.8850319002E-01   -8.0321181124E+02    2.6179176587E-02
    1.6279990000E-02    1.2495152240E+00   -8.8603431394E-02   -8.0402982160E+02    3.2145860165E-02
    1.6299990000E-02    1.2304770226E+00    2.1251331444E-01   -8.0457681502E+02    3.0489656072E-02
    1.6319990000E-02    9.6985794629E-01    4.4310461473E-01   -8.0555665791E+02    3.0718146567E-02
    1.6339990000E-02    6.2275404906E-01    1.0860513106E-01   -8.0713723560E+02    3.7498780331E-02
    1.6359990000E-02    8.2268001350E-01   -3.5457223805E-01   -8.0877884793E+02    2.6303068661E-02
    1.6379990000E-02    1.1319333916E+00   -3.4104838753E-01   -8.0986596309E+02    1.3436854952E-02
    1.6399990000E-02    1.2297447999E+00   -1.3842385242E-01   -8.1049972753E+02    1.0037743475E-02
    1.6419990000E-02    1.2257306654E+00    5.8721605844E-02   -8.1093456768E+02    7.7845665511E-03
    1.6439990000E-02    1.0973896675E+00    2.8326532583E-01   -8.1168239857E+02    2.9885597682E-03
    1.6459990000E-02    7.9921397323E-01    1.8684889800E-01   -8.1301306198E+02    3.0667778594E-03
    1.6479990000E-02    8.6205227374E-01   -2.0353648319E-01   -8.1461828553E+02    2.7689249300E-03
    1.6499990000E-02    1.1227115875E+00   -2.1094879827E-01   -8.1575689931E+02    2.1154941726E-03
    1.6519990000E-02    1.2119310169E+00   -4.1602475538E-02   -8.1638291814E+02    3.1279617583E-03
    1.6539990000E-02    1.2208639234E+00    9.1423209418E-02   -8.1673768919E+02    5.1956897814E-03
    1.6559990000E-02    1.1838569782E+00    2.2548316418E-01   -8.1716863626E+02    9.5128321779E-03
    1.6579990000E-02    1.0334579758E+00    3.3759589229E-01   -8.1791873779E+02    1.8235669310E-02
    1.6599990000E-02    7.3018575983E-01    1.9065285885E-01   -8.1914635360E+02    3.0893032516E-02
    1.6619990000E-02    7.3303555142E-01   -3.0590291244E-01   -8.2084881236E+02    3.5753225040E-02
    1.6639990000E-02    1.1285073183E+00   -3.7571530118E-01   -8.2222165566E+02    3.2253014160E-02
    1.6659990000E-02    1.2569717108E+00   -5.2420528458E-02   -8.2297941682E+02    3.8949394363E-02
    1.6679990000E-02    1.2129441214E+00    2.6907588946E-01   -8.2357527211E+02    3.4785931753E-02
    1.6699990000E-02    8.8433015719E-01    4.3294465771E-01   -8.2468934439E+02    3.6072023768E-02
    1.6719990000E-02    6.2827417089E-01   -3.0770225449E-03   -8.2636964078E+02    3.8462619953E-02
    1.6739990000E-02    9.0213755959E-01   -3.6916787027E-01   -8.2787934466E+02    2.4231686517E-02
    1.6759990000E-02    1.1535703878E+00   -3.0435227643E-01   -8.2883843819E+02    1.2335397643E-02
    1.6779990000E-02    1.2262037996E+00   -1.2900735660E-01   -8.2940008775E+02    8.0291532384E-03
    1.6799990000E-02    1.2212062081E+00    4.1501387279E-02   -8.2980616465E+02    5.5051815745E-03
    1.6819990000E-02    1.1131357544E+00    2.4102941846E-01   -8.3051221350E+02    1.3993417181E-03
    1.6839990000E-02    7.8950989397E-01    1.9216353246E-01   -8.3177717489E+02    3.1982046365E-03
    1.6859990000E-02    8.1237984385E-01   -2.3062800290E-01   -8.3341574578E+02    3.0169665967E-03
    1.6879990000E-02    1.1317507081E+00   -2.3662495214E-01   -8.3463393372E+02    2.1141074300E-03
    1.6899990000E-02    1.2264937119E+00   -2.3805071751E-02   -8.3529929155E+02    6.5927543990E-03
    1.6919990000E-02    1.2240410135E+00    1.5366298165E-01   -8.3571119661E+02    8.7737098740E-03
    1.6939990000E-02    1.1267882181E+00    3.3512251186E-01   -8.3633834638E+02    1.3591887553E-02
    1.6959990000E-02    8.3267121840E-01    3.4659019860E-01   -8.3739786746E+02    2.6827837054E-02
    1.6979990000E-02    6.2564412853E-01   -1.0188843023E-01   -8.3901429909E+02    3.8983488433E-02
    1.6999990000E-02    9.6665991152E-01   -4.4576472438E-01   -8.4061341095E+02    3.3666516263E-02
    1.7019990000E-02    1.2334060323E+00   -2.0901089754E-01   -8.4160962593E+02    3.4526942566E-02
    1.7039990000E-02    1.2507523566E+00    1.0388569213E-01   -8.4216609358E+02    3.6276512024E-02
    1.7059990000E-02    1.0734093968E+00    4.0678220678E-01   -8.4301454861E+02    3.0416092328E-02
    1.7079990000E-02    6.9126068743E-01    2.2611938321E-01   -8.4448559830E+02    3.4305831492E-02
    1.7099990000E-02    7.8454618950E-01   -2.4689390457E-01   -8.4614377565E+02    2.7412750204E-02
    1.7119990000E-02    1.0732228245E+00   -3.1917113433E-01   -8.4727243116E+02    1.5651096040E-02
    1.7139990000E-02    1.1946661254E+00   -1.9617209348E-01   -8.4795483897E+02    7.9467875447E-03
    1.7159990000E-02    1.2210569283E+00   -6.8381820501E-02   -8.4834528861E+02    4.2972262413E-03
    1.7179990000E-02    1.2059586825E+00    6.5020329697E-02   -8.4871029016E+02    2.6487980989E-03
    1.7199990000E-02    1.1009457930E+00    2.2877867329E-01   -8.4937923026E+02    2.3998496673E-03
    1.7219990000E-02    8.3339399817E-01    1.7408272983E-01   -8.5057686260E+02    3.4754141325E-03
    1.7239990000E-02    8.2059870741E-01   -2.2553985649E-01   -8.5219496312E+02    3.5496617714E-03
    1.7259990000E-02    1.1215985857E+00   -2.6964462573E-01   -8.5347006493E+02    3.8430856674E-03
    1.7279990000E-02    1.2305752212E+00   -3.6791470495E-02   -8.5416970123E+02    8.8875924667E-03
    1.7299990000E-02    1.2262057302E+00    1.6384231402E-01   -8.5460787087E+02    1.0606368500E-02
    1.7319990000E-02    1.1028275956E+00    3.6526998109E-01   -8.5530034753E+02    1.4790002931E-02
    1.7339990000E-02    7.6681406247E-01    3.1774468410E-01   -8.5647218979E+02    2.8679200267E-02
    1.7359990000E-02    6.4322734128E-01   -1.8982772754E-01   -8.5817253193E+02    3.7115758103E-02
    1.7379990000E-02    1.0290666499E+00   -4.3489075137E-01   -8.5966975431E+02    2.9053535314E-02
    1.7399990000E-02    1.2409406471E+00   -1.6771657433E-01   -8.6056342568E+02    3.0456687021E-02
    1.7419990000E-02    1.2423534284E+00    1.2957588604E-01   -8.6109835288E+02    3.0195453285E-02
    1.7439990000E-02    1.0395052575E+00    4.0555597143E-01   -8.6199341861E+02    2.5257589661E-02
    1.7459990000E-02    6.8808753321E-01    1.7227877739E-01   -8.6350477559E+02    2.8740425418E-02
    1.7479990000E-02    8.2921491720E-01   -2.6401196299E-01   -8.6511689820E+02    2.2097456293E-02
    1.7499990000E-02    1.0973892199E+00   -2.9179967116E-01   -8.6618623830E+02    1.2171621188E-02
    1.7519990000E-02    1.1995700181E+00   -1.6502308344E-01   -8.6682237190E+02    5.6696982210E-03
    1.7539990000E-02    1.2196897928E+00   -4.5212948864E-02   -8.6718229422E+02    2.7330457681E-03
    1.7559990000E-02    1.2031666638E+00    8.0380117496E-02   -8.6753981062E+02    1.9285985023E-03
    1.7579990000E-02    1.1000031158E+00    2.3479014370E-01   -8.6820463555E+02    2.5505125782E-03
    1.7599990000E-02    8.3141810815E-01    1.8258841363E-01   -8.6939034359E+02    4.4688952124E-03
    1.7619990000E-02    8.0679452209E-01   -2.2357416355E-01   -8.7101241772E+02    4.8131292057E-03
    1.7639990000E-02    1.1149111742E+00   -2.8401858888E-01   -8.7230955912E+02    4.4911224037E-03
    1.7659990000E-02    1.2313275294E+00   -4.6330747179E-02   -8.7302536360E+02    9.4740254944E-03
    1.7679990000E-02    1.2274380588E+00    1.6147821760E-01   -8.7347096934E+02    1.1011632588E-02
    1.7699990000E-02    1.0981155851E+00    3.7040862317E-01   -8.7417836759E+02    1.4647539878E-02
    1.7719990000E-02    7.5314933837E-01    3.0855880505E-01   -8.7538026041E+02    2.8167467792E-02
    1.7739990000E-02    6.5290251573E-01   -2.0718051638E-01   -8.7709453431E+02    3.5019072048E-02
    1.7759990000E-02    1.0409561962E+00   -4.2702371143E-01   -8.7856043643E+02    2.6267177275E-02
    1.7779990000E-02    1.2402103738E+00   -1.6119445622E-01   -8.7942876577E+02    2.7390957524E-02
    1.7799990000E-02    1.2403764332E+00    1.2650117621E-01   -8.7995458706E+02    2.6919330204E-02
    1.7819990000E-02    1.0428852385E+00    3.9750785030E-01   -8.8083841550E+02    2.2214192998E-02
    1.7839990000E-02    6.9488555859E-01    1.7382092333E-01   -8.8233620898E+02    2.5752854310E-02
    1.7859990000E-02    8.3044568790E-01   -2.6081438063E-01   -8.8395088897E+02    1.9823653499E-02
    1.7879990000E-02    1.0991873559E+00   -2.8778377079E-01   -8.8502773232E+02    1.0521288182E-02
    1.7899990000E-02    1.2008920321E+00   -1.5751542445E-01   -8.8566532145E+02    4.5460956744E-03
    1.7919990000E-02    1.2200213677E+00   -3.5873783252E-02   -8.8602497196E+02    2.0262528355E-03
    1.7939990000E-02    1.1961314470E+00    1.1461392274E-01   -8.8638191582E+02    2.0848169523E-03
    1.7959990000E-02    1.0830433633E+00    2.5516703170E-01   -8.8706226247E+02    5.1660408329E-03
    1.7979990000E-02    8.1008491844E-01    1.7969011407E-01   -8.8825048513E+02    9.5191741135E-03
    1.7999990000E-02    7.8828043005E-01   -2.4589585154E-01   -8.8988797153E+02    1.0577153110E-02
    1.8019990000E-02    1.1174799365E+00   -3.0948151177E-01   -8.9120817340E+02    9.3757392170E-03
    1.8039990000E-02    1.2385320526E+00   -4.7900302013E-02   -8.9193463598E+02    1.4880973461E-02
    1.8059990000E-02    1.2261832350E+00    1.8968837566E-01   -8.9241600767E+02    1.5288397178E-02
    1.8079990000E-02    1.0442866988E+00    4.0926758386E-01   -8.9323414673E+02    1.8682623362E-02
    1.8099990000E-02    6.7135276971E-01    2.2655190538E-01   -8.9460338976E+02    3.1916646822E-02
    1.8119990000E-02    7.1864679963E-01   -3.0951821859E-01   -8.9635047317E+02    3.1562750080E-02
    1.8139990000E-02    1.1067008312E+00   -3.8931427540E-01   -8.9765487101E+02    2.1046574217E-02
    1.8159990000E-02    1.2437332313E+00   -1.1795064900E-01   -8.9839932716E+02    2.2154545134E-02
    1.8179990000E-02    1.2275446611E+00    1.5104601445E-01   -8.9891471636E+02    1.9733193203E-02
    1.8199990000E-02    1.0053747123E+00    3.8402968944E-01   -8.9985112244E+02    1.5953846773E-02
    1.8219990000E-02    7.0417100222E-01    1.0953946560E-01   -9.0138677424E+02    1.8711005315E-02
    1.8239990000E-02    8.8753277677E-01   -2.7011530237E-01   -9.0294039312E+02    1.3620846102E-02
    1.8259990000E-02    1.1266315991E+00   -2.4621596293E-01   -9.0394544972E+02    6.7022961984E-03
    1.8279990000E-02    1.2061758586E+00   -1.1175028201E-01   -9.0452126302E+02    2.3770143184E-03
    1.8299990000E-02    1.2213834974E+00   -2.4984500230E-02   -9.0485420940E+02    1.0176272297E-03
    1.8319990000E-02    1.1945896881E+00    1.3116401241E-01   -9.0520932782E+02    2.2672453331E-03
    1.8339990000E-02    1.0784757606E+00    2.6590154987E-01   -9.0589648403E+02    6.2546833587E-03
    1.8359990000E-02    8.0245187429E-01    1.8538856543E-01   -9.0708226120E+02    1.1760255114E-02
    1.8379990000E-02    7.7619867402E-01   -2.4925925889E-01   -9.0872641186E+02    1.3284268968E-02
    1.8399990000E-02    1.1144197267E+00   -3.2270597434E-01   -9.1006277536E+02    1.1565399517E-02
    1.8419990000E-02    1.2405849070E+00   -5.3589061292E-02   -9.1080090069E+02    1.7106001727E-02
    1.8439990000E-02    1.2263418577E+00    1.9493055255E-01   -9.1129473990E+02    1.7090085843E-02
    1.8459990000E-02    1.0282299633E+00    4.1756203697E-01   -9.1214611590E+02    2.0043028040E-02
    1.8479990000E-02    6.5459976437E-01    1.9981642590E-01   -9.1356414545E+02    3.2438411599E-02
    1.8499990000E-02    7.4193665378E-01   -3.2845179694E-01   -9.1530225554E+02    2.9728949620E-02
    1.8519990000E-02    1.1181692419E+00   -3.7640368145E-01   -9.1655832537E+02    1.8733531183E-02
    1.8539990000E-02    1.2422781791E+00   -1.1352782700E-01   -9.1727241800E+02    1.9309918799E-02
    1.8559990000E-02    1.2253093173E+00    1.4460459484E-01   -9.1777862972E+02    1.6742210722E-02
    1.8579990000E-02    1.0105369500E+00    3.7287686478E-01   -9.1870253653E+02    1.2942845493E-02
    1.8599990000E-02    7.1409944223E-01    1.0927891533E-01   -9.2022426093E+02    1.5528248693E-02
    1.8619990000E-02    8.9354342277E-01   -2.6477671683E-01   -9.2177758561E+02    1.1268760535E-02
    1.8639990000E-02    1.1302426850E+00   -2.3559767735E-01   -9.2278400342E+02    5.3535067011E-03
    1.8659990000E-02    1.2071005828E+00   -9.9360788729E-02   -9.2335372780E+02    1.7555553248E-03
    1.8679990000E-02    1.2175767278E+00    4.0298380255E-02   -9.2366848808E+02    1.3437489545E-03
    1.8699990000E-02    1.1870228808E+00    1.7014697306E-01   -9.2406753184E+02    3.7406310523E-03
    1.8719990000E-02    1.0511763308E+00    2.9208939978E-01   -9.2480194617E+02    9.4676261139E-03
    1.8739990000E-02    7.6515771703E-01    1.6446110354E-01   -9.2603586015E+02    1.6947965123E-02
    1.8759990000E-02    7.8105814133E-01   -2.8915549719E-01   -9.2770312324E+02    1.8600093095E-02
    1.8779990000E-02    1.1336979006E+00   -3.2530111462E-01   -9.2901257484E+02    1.6591725215E-02
    1.8799990000E-02    1.2468603762E+00   -3.8373137193E-02   -9.2972549268E+02    2.2447946188E-02
    1.8819990000E-02    1.2179608367E+00    2.3265136140E-01   -9.3025713334E+02    2.0905066697E-02
    1.8839990000E-02    9.6176877336E-01    4.3167535159E-01   -9.3121955379E+02    2.4277473058E-02
    1.8859990000E-02    6.2020224783E-01    1.0057522781E-01   -9.3276974515E+02    3.4076234846E-02
    1.8879990000E-02    8.1936180127E-01   -3.7555371539E-01   -9.3444388855E+02    2.5759146996E-02
    1.8899990000E-02    1.1514422887E+00   -3.3695957728E-01   -9.3556722739E+02    1.4968991577E-02
    1.8919990000E-02    1.2407024051E+00   -9.2056384524E-02   -9.3619847130E+02    1.4894341976E-02
    1.8939990000E-02    1.2162091400E+00    1.4838301022E-01   -9.3669857466E+02    1.1605885646E-02
    1.8959990000E-02    9.9896858656E-01    3.5279833732E-01   -9.3763576579E+02    8.1205693638E-03
    1.8979990000E-02    7.3019895170E-01    7.8263594743E-02   -9.3916003671E+02    1.0134165651E-02
    1.8999990000E-02    9.2523633181E-01   -2.6283631661E-01   -9.4068550903E+02    7.0713366153E-03
    1.9019990000E-02    1.1459653172E+00   -2.0473900316E-01   -9.4165913154E+02    3.2713902386E-03
    1.9039990000E-02    1.2142400084E+00   -3.6963822779E-02   -9.4218357364E+02    1.5362832165E-03
    1.9059990000E-02    1.2177903627E+00    9.2300183085E-02   -9.4251439454E+02    2.9192296734E-03
    1.9079990000E-02    1.1695561418E+00    2.2777438562E-01   -9.4298617640E+02    6.9139381660E-03
    1.9099990000E-02    9.8987433559E-01    3.2424239849E-01   -9.4381675711E+02    1.4808403190E-02
    1.9119990001E-02    7.0178363966E-01    9.2230575832E-02   -9.4517002679E+02    2.4454229127E-02
    1.9139990001E-02    8.2910201183E-01   -3.6293524960E-01   -9.4685543333E+02    2.4793855354E-02
    1.9159990001E-02    1.1770574231E+00   -2.9554975230E-01   -9.4806687731E+02    2.3426855101E-02
    1.9179990001E-02    1.2533757857E+00    7.8669436859E-03   -9.4870871634E+02    2.9143785130E-02
    1.9199990001E-02    1.1865068867E+00    3.0688523417E-01   -9.4932766702E+02    2.5267282782E-02
    1.9219990001E-02    8.4039905222E-01    4.0616146048E-01   -9.5047729764E+02    3.0157314429E-02
    1.9239990001E-02    6.2872425364E-01   -6.2401117751E-02   -9.5217293658E+02    3.3585657366E-02
    1.9259990001E-02    9.3715529182E-01   -3.9598577732E-01   -9.5367023184E+02    2.0044632592E-02
    1.9279990001E-02    1.1834591119E+00   -2.7769406706E-01   -9.5461327538E+02    1.0851444286E-02
    1.9299990001E-02    1.2364534794E+00   -6.7086585459E-02   -9.5514208124E+02    9.7537577630E-03
    1.9319990001E-02    1.2038457207E+00    1.4861298309E-01   -9.5563779158E+02    6.0882705314E-03
    1.9339990001E-02    9.8976723127E-01    3.2265555441E-01   -9.5658304370E+02    3.0189976578E-03
    1.9359990001E-02    7.5073790295E-01    4.2215438547E-02   -9.5810148236E+02    4.3127331799E-03
    1.9379990001E-02    9.5865311215E-01   -2.6316969409E-01   -9.5960392354E+02    2.7587526266E-03
    1.9399990001E-02    1.1675967563E+00   -1.6356197641E-01   -9.6054639994E+02    1.6246230196E-03
    1.9419990001E-02    1.2200772395E+00    9.9753809225E-04   -9.6105070542E+02    2.8502168980E-03
    1.9439990001E-02    1.2151682566E+00    1.3081951980E-01   -9.6139771012E+02    5.0126888273E-03
    1.9459990001E-02    1.1469420410E+00    2.7155366514E-01   -9.6193599301E+02    1.0341926027E-02
    1.9479990001E-02    9.2480102953E-01    3.3153159352E-01   -9.6285580936E+02    2.0203243487E-02
    1.9499990001E-02    6.6274804674E-01    2.6472689096E-03   -9.6432056196E+02    3.0983906367E-02
    1.9519990001E-02    8.9581187660E-01   -4.1247807967E-01   -9.6598368462E+02    2.9456096654E-02
    1.9539990001E-02    1.2111131713E+00   -2.4900717238E-01   -9.6709262848E+02    2.9835577517E-02
    1.9559990001E-02    1.2548319814E+00    6.2468684213E-02   -9.6768028409E+02    3.4300131858E-02
    1.9579990001E-02    1.1351149559E+00    3.7533657770E-01   -9.6841287505E+02    2.9328285007E-02
    1.9599990001E-02    7.3728889054E-01    3.3194340444E-01   -9.6973696385E+02    3.5197795170E-02
    1.9619990001E-02    6.8500382346E-01   -1.8819946125E-01   -9.7147189994E+02    3.2037647062E-02
    1.9639990001E-02    1.0195170491E+00   -3.8078098013E-01   -9.7279109288E+02    1.7271505565E-02
    1.9659990001E-02    1.1992141192E+00   -2.3476399470E-01   -9.7360153343E+02    9.2209196908E-03
    1.9679990001E-02    1.2324123245E+00   -5.1441395920E-02   -9.7406401162E+02    7.3075757410E-03
    1.9699990001E-02    1.1938020676E+00    1.4742276595E-01   -9.7456382534E+02    3.6378457636E-03
    1.9719990001E-02    9.5241286787E-01    3.1779016345E-01   -9.7551497722E+02    1.8139315794E-03
    1.9739990001E-02    7.2607461250E-01   -2.3791850233E-03   -9.7704930971E+02    4.5097312674E-03
    1.9759990001E-02    9.5765845394E-01   -3.1445235659E-01   -9.7857234833E+02    1.6399008491E-03
    1.9779990001E-02    1.1914436659E+00   -1.5470549605E-01   -9.7951713565E+02    2.4244502277E-03
    1.9799990001E-02    1.2313274423E+00    3.9171492335E-02   -9.8001560050E+02    5.6071725318E-03
    1.9819990001E-02    1.2018869339E+00    2.1758614800E-01   -9.8046370918E+02    7.2300962641E-03
    1.9839990001E-02    1.0338264963E+00    3.6886871333E-01   -9.8125426057E+02    1.4204523249E-02
    1.9859990001E-02    7.0354008346E-01    2.0054442462E-01   -9.8255084611E+02    2.7542532805E-02
    1.9879990001E-02    7.3349427199E-01   -3.1048458244E-01   -9.8427400514E+02    3.0636319147E-02
    1.9899990001E-02    1.1231506452E+00   -3.7438373000E-01   -9.8560847946E+02    2.4757669132E-02
    1.9919990001E-02    1.2510093469E+00   -7.4071677434E-02   -9.8635154978E+02    2.9224091571E-02
    1.9939990001E-02    1.2186942520E+00    2.2203697558E-01   -9.8690967734E+02    2.5939175661E-02
    1.9959990001E-02    9.3559460473E-01    4.1739208008E-01   -9.8794886601E+02    2.5366120293E-02
    1.9979990001E-02    6.5461071705E-01    4.5729022410E-02   -9.8957017053E+02    2.8783609965E-02
    1.9999990001E-02    8.9084811679E-01   -3.3217002143E-01   -9.9110586807E+02    1.8759640858E-02
    2.0019990001E-02    1.1405495282E+00   -2.8753874791E-01   -9.9208925595E+02    8.7842464210E-03
    2.0039990001E-02    1.2185648712E+00   -1.3030389915E-01   -9.9266344747E+02    4.3036499069E-03
    2.0059990001E-02    1.2222203021E+00    1.6809695812E-02   -9.9303560149E+02    2.4821988903E-03
    2.0079990001E-02    1.1427354181E+00    2.1551238266E-01   -9.9359710378E+02    1.3915320457E-03
    2.0099990001E-02    8.9715353050E-01    2.6375504986E-01   -9.9463177839E+02    4.7345899991E-03
    2.0119990001E-02    7.3676699836E-01   -1.0867255650E-01   -9.9620314243E+02    7.0821769223E-03
    2.0139990001E-02    1.0245304474E+00   -3.3864059163E-01   -9.9767291327E+02    4.7158809301E-03
    2.0159990001E-02    1.2161753644E+00   -1.3209849645E-01   -9.9855255042E+02    7.6737440601E-03
    2.0179990001E-02    1.2368552288E+00    8.7320716736E-02   -9.9902749566E+02    1.0405672012E-02
    2.0199990001E-02    1.1572801293E+00    3.1410750792E-01   -9.9962777626E+02    1.0949040774E-02
    2.0219990001E-02    8.5356326797E-01    3.7267022444E-01   -1.0007005038E+03    2.0651858044E-02
    2.0239990001E-02    6.2873633071E-01   -6.4984281637E-02   -1.0023293983E+03    2.9783352476E-02
    2.0259990001E-02    9.4204686042E-01   -4.2094098297E-01   -1.0039094502E+03    2.1948566937E-02
    2.0279990001E-02    1.2115524918E+00   -2.3879331265E-01   -1.0049036127E+03    1.8905611327E-02
    2.0299990001E-02    1.2471855710E+00    3.0908352012E-02   -1.0054439564E+03    2.1052587270E-02
    2.0319990001E-02    1.1486095900E+00    3.1451506126E-01   -1.0061217377E+03    1.5946955881E-02
    2.0339990001E-02    7.9886360873E-01    3.1918627726E-01   -1.0073777173E+03    1.8535131038E-02
    2.0359990001E-02    7.2911960611E-01   -1.4158647078E-01   -1.0090587320E+03    1.7868921585E-02
    2.0379990001E-02    1.0258271456E+00   -3.1991058208E-01   -1.0103653471E+03    9.3991203444E-03
    2.0399990001E-02    1.1859411225E+00   -1.9731528490E-01   -1.0111568852E+03    3.3944637629E-03
    2.0419990001E-02    1.2265900197E+00   -4.3208148686E-02   -1.0115931132E+03    1.2001014424E-03
    2.0439990001E-02    1.1944420513E+00    1.7165768513E-01   -1.0119732892E+03    2.5167803830E-03
    2.0459990001E-02    1.0582090633E+00    3.0526856641E-01   -1.0127096241E+03    7.6741949805E-03
    2.0479990001E-02    7.6400636124E-01    1.8660681122E-01   -1.0139436304E+03    1.5580739355E-02
    2.0499990001E-02    7.6549321850E-01   -2.7402195283E-01   -1.0156155139E+03    1.7400615232E-02
    2.0519990001E-02    1.1193925331E+00   -3.3683358681E-01   -1.0169404006E+03    1.4330293977E-02
    2.0539990001E-02    1.2435272775E+00   -5.9748167181E-02   -1.0176718737E+03    1.9265119308E-02
    2.0559990001E-02    1.2237974854E+00    2.0107265891E-01   -1.0181829318E+03    1.8245268637E-02
    2.0579990001E-02    9.9869403726E-01    4.1965018651E-01   -1.0190922019E+03    2.0069299087E-02
    2.0599990001E-02    6.4334640258E-01    1.4530068280E-01   -1.0205882683E+03    2.9564209201E-02
    2.0619990001E-02    7.9458688187E-01   -3.4380250443E-01   -1.0222786227E+03    2.3195998171E-02
    2.0639990001E-02    1.1320509872E+00   -3.4473819393E-01   -1.0234409792E+03    1.2469799482E-02
    2.0659990001E-02    1.2359689156E+00   -1.1100156563E-01   -1.0241003059E+03    1.1719467650E-02
    2.0679990001E-02    1.2238751984E+00    1.1300550582E-01   -1.0245691815E+03    9.5716792875E-03
    2.0699990001E-02    1.0500220704E+00    3.3935378646E-01   -1.0254079883E+03    6.0182162184E-03
    2.0719990001E-02    7.4170299803E-01    1.4976588553E-01   -1.0268420219E+03    8.5076712116E-03
    2.0739990001E-02    8.6715032505E-01   -2.4875837200E-01   -1.0284415674E+03    6.2878484449E-03
    2.0759990001E-02    1.1249762864E+00   -2.3995257519E-01   -1.0295244715E+03    2.1476017130E-03
    2.0779990001E-02    1.2198448737E+00   -3.8939914236E-02   -1.0301189064E+03    1.8024178164E-03
    2.0799990001E-02    1.2212077946E+00    1.0941643626E-01   -1.0304914021E+03    3.4227835484E-03
    2.0819990001E-02    1.1551646241E+00    2.6805279631E-01   -1.0310317585E+03    7.1076484077E-03
    2.0839990001E-02    9.2532294446E-01    3.3898761920E-01   -1.0319708692E+03    1.6048316546E-02
    2.0859990001E-02    6.6288326717E-01    4.2509844995E-03   -1.0334576300E+03    2.6085266660E-02
    2.0879990001E-02    8.9879899641E-01   -4.0263139068E-01   -1.0351062016E+03    2.3520365424E-02
    2.0899990001E-02    1.2048682246E+00   -2.4855623762E-01   -1.0361965371E+03    2.2905756421E-02
    2.0919990001E-02    1.2515186582E+00    4.4236160308E-02   -1.0367745053E+03    2.7012495988E-02
    2.0939990001E-02    1.1535062394E+00    3.4148487831E-01   -1.0374549277E+03    2.2696796099E-02
    2.0959990001E-02    7.8129048247E-01    3.5422966598E-01   -1.0387031018E+03    2.8078552391E-02
    2.0979990001E-02    6.7181336054E-01   -1.4354257434E-01   -1.0404216489E+03    2.7913133388E-02
    2.0999990001E-02    9.9813898428E-01   -3.7813891165E-01   -1.0418028445E+03    1.4900361838E-02
    2.1019990001E-02    1.1948302430E+00   -2.3686709846E-01   -1.0426539174E+03    7.4807933463E-03
    2.1039990001E-02    1.2327759347E+00   -4.8201040269E-02   -1.0431304420E+03    6.1358103782E-03
    2.1059990001E-02    1.1977155795E+00    1.4968700908E-01   -1.0436183550E+03    3.0220896745E-03
    2.1079990001E-02    9.6985536858E-01    3.2554010984E-01   -1.0445411304E+03    2.1933785874E-03
    2.1099990001E-02    7.1934451953E-01    2.8648893368E-02   -1.0460492007E+03    5.6129579780E-03
    2.1119990001E-02    9.2981267217E-01   -3.1732117453E-01   -1.0476079133E+03    2.6510657026E-03
    2.1139990001E-02    1.1856971400E+00   -1.7519038499E-01   -1.0485986132E+03    2.6044153807E-03
    2.1159990001E-02    1.2324966961E+00    2.8346116989E-02   -1.0491215466E+03    5.9996047050E-03
    2.1179990001E-02    1.2047815800E+00    2.1366217700E-01   -1.0495722691E+03    7.2516183787E-03
    2.1199990001E-02    1.0341485391E+00    3.7276255258E-01   -1.0503686999E+03    1.3742062629E-02
    2.1219990001E-02    6.9985633073E-01    2.0071507220E-01   -1.0516779945E+03    2.6895498313E-02
    2.1239990001E-02    7.3552160279E-01   -3.1111103740E-01   -1.0534028490E+03    2.9435577466E-02
    2.1259990001E-02    1.1225477292E+00   -3.7258434937E-01   -1.0547280708E+03    2.3145444170E-02
    2.1279990001E-02    1.2496404884E+00   -7.7452226498E-02   -1.0554669869E+03    2.7181971644E-02
    2.1299990001E-02    1.2195759271E+00    2.1274104373E-01   -1.0560173738E+03    2.4098731750E-02
    2.1319990001E-02    9.4624544775E-01    4.1346244458E-01   -1.0570393161E+03    2.3268817545E-02
    2.1339990001E-02    6.5945004033E-01    5.6187731475E-02   -1.0586466898E+03    2.6909586436E-02
    2.1359990001E-02    8.8738259974E-01   -3.2622126271E-01   -1.0601914737E+03    1.7646122469E-02
    2.1379990001E-02    1.1388109726E+00   -2.8502546755E-01   -1.0611841901E+03    8.0623125294E-03
    2.1399990001E-02    1.2179618700E+00   -1.2815031072E-01   -1.0617627422E+03    3.7445225937E-03
    2.1419990001E-02    1.2221417067E+00    1.7407152079E-02   -1.0621338709E+03    2.0633399992E-03
    2.1439990001E-02    1.1434219265E+00    2.2124972480E-01   -1.0626810455E+03    1.7101890843E-03
    2.1459990001E-02    9.0713133643E-01    2.6922170587E-01   -1.0636955789E+03    5.4414051500E-03
    2.1479990001E-02    7.2992336487E-01   -9.3187281130E-02   -1.0652522362E+03    8.2452052407E-03
    2.1499990001E-02    1.0108224309E+00   -3.4608047995E-01   -1.0667476218E+03    5.8007684038E-03
    2.1519990001E-02    1.2150140926E+00   -1.4305906099E-01   -1.0676540039E+03    8.6451333411E-03
    2.1539990001E-02    1.2383084074E+00    8.4031513521E-02   -1.0681405081E+03    1.1558760613E-02
    2.1559990001E-02    1.1574861161E+00    3.1755168206E-01   -1.0687474403E+03    1.1754959846E-02
    2.1579990001E-02    8.4632489007E-01    3.7425784633E-01   -1.0698341879E+03    2.1416097488E-02
    2.1599990001E-02    6.2765392823E-01   -7.2498324436E-02   -1.0714760255E+03    3.0078624259E-02
    2.1619990001E-02    9.4677208451E-01   -4.2128383704E-01   -1.0730458115E+03    2.1628731174E-02
    2.1639990001E-02    1.2117495824E+00   -2.3794216629E-01   -1.0740299379E+03    1.8291387074E-02
    2.1659990001E-02    1.2465567695E+00    2.8640460839E-02   -1.0745667202E+03    2.0226957165E-02
    2.1679990001E-02    1.1488858307E+00    3.1007969785E-01   -1.0752423406E+03    1.5081838085E-02
    2.1699990001E-02    8.0258599885E-01    3.1623718602E-01   -1.0764957186E+03    1.7397011804E-02
    2.1719990001E-02    7.3447244577E-01   -1.4000802453E-01   -1.0781727305E+03    1.6822920003E-02
    2.1739990001E-02    1.0286650346E+00   -3.1390796760E-01   -1.0794755213E+03    8.8552654023E-03
    2.1759990001E-02    1.1858121193E+00   -1.9130635992E-01   -1.0802624660E+03    3.1054146749E-03
    2.1779990001E-02    1.2286851400E+00   -1.5297274315E-02   -1.0806857930E+03    1.1433310062E-03
    2.1799990001E-02    1.1948635144E+00    1.7459642548E-01   -1.0810760511E+03    2.8229603225E-03
    2.1819990001E-02    1.0587940609E+00    3.0830829753E-01   -1.0818108050E+03    8.2023855497E-03
    2.1839990001E-02    7.6333541530E-01    1.9176767594E-01   -1.0830399025E+03    1.6515139354E-02
    2.1859990001E-02    7.5898078602E-01   -2.7233674995E-01   -1.0847142770E+03    1.8645365287E-02
    2.1879990001E-02    1.1166171085E+00   -3.4290444595E-01   -1.0860497759E+03    1.5367071036E-02
    2.1899990001E-02    1.2441532586E+00   -6.3091225266E-02   -1.0867894457E+03    2.0319356044E-02
    2.1919990001E-02    1.2241212899E+00    2.0215733185E-01   -1.0873054670E+03    1.9171866460E-02
    2.1939990001E-02    9.9411671086E-01    4.2146334618E-01   -1.0882252513E+03    2.0771610193E-02
    2.1959990001E-02    6.4116237384E-01    1.3795287846E-01   -1.0897345362E+03    2.9842940960E-02
    2.1979990001E-02    8.0139571418E-01   -3.4547102419E-01   -1.0914170292E+03    2.2851874673E-02
    2.1999990001E-02    1.1331974188E+00   -3.4161134997E-01   -1.0925660444E+03    1.2015200979E-02
    2.2019990001E-02    1.2349896143E+00   -1.1259937006E-01   -1.0932191407E+03    1.0959777553E-02
    2.2039990001E-02    1.2237558600E+00    1.0682705928E-01   -1.0936831886E+03    8.8308072081E-03
    2.2059990001E-02    1.0561212001E+00    3.3255640103E-01   -1.0945097991E+03    5.2089060194E-03
    2.2079990001E-02    7.4829175961E-01    1.5476368371E-01   -1.0959303195E+03    7.4934575149E-03
    2.2099990001E-02    8.6555651668E-01   -2.4425681479E-01   -1.0975331223E+03    5.5942632952E-03
    2.2119990001E-02    1.1242678906E+00   -2.3866016329E-01   -1.0986251914E+03    1.8725039885E-03
    2.2139990001E-02    1.2192118332E+00   -3.6527195020E-02   -1.0992234873E+03    1.9694263965E-03
    2.2159990001E-02    1.2211337354E+00    1.1014196592E-01   -1.0995963773E+03    3.6900642494E-03
    2.2179990001E-02    1.1566955441E+00    2.6714263902E-01   -1.1001315681E+03    7.5357235079E-03
    2.2199990001E-02    9.3102285850E-01    3.4100251819E-01   -1.1010597605E+03    1.6629476190E-02
    2.2219990001E-02    6.6279968911E-01    1.4886016233E-02   -1.1025336981E+03    2.7070682808E-02
    2.2239990001E-02    8.8903204437E-01   -4.0247321531E-01   -1.1041926103E+03    2.4882975641E-02
    2.2259990001E-02    1.2031062538E+00   -2.5593735979E-01   -1.1052995597E+03    2.4111814238E-02
    2.2279990001E-02    1.2524360760E+00    4.1600845663E-02   -1.1058862258E+03    2.8425830457E-02
    2.2299990001E-02    1.1544223665E+00    3.4279539567E-01   -1.1065692959E+03    2.3899100735E-02
    2.2319990001E-02    7.7957533935E-01    3.5528753399E-01   -1.1078230151E+03    2.9115666416E-02
    2.2339990001E-02    6.7229941366E-01   -1.4406381227E-01   -1.1095437432E+03    2.8630917261E-02
    2.2359990001E-02    9.9796231506E-01   -3.7724684958E-01   -1.1109198810E+03    1.5374156624E-02
    2.2379990001E-02    1.1935813981E+00   -2.3909378038E-01   -1.1117686267E+03    7.6680593822E-03
    2.2399990001E-02    1.2322356440E+00   -5.2937850929E-02   -1.1122458161E+03    6.0944217967E-03
    2.2419990001E-02    1.1990958336E+00    1.4191866906E-01   -1.1127276797E+03    3.0039738982E-03
    2.2439990001E-02    9.7403135893E-01    3.2425250097E-01   -1.1136366925E+03    2.2311478116E-03
    2.2459990001E-02    7.1807759376E-01    3.4492954135E-02   -1.1151337659E+03    5.9817683100E-03
    2.2479990001E-02    9.2237294093E-01   -3.2094849716E-01   -1.1167047135E+03    3.1260825791E-03
    2.2499990001E-02    1.1745562085E+00   -2.1849991356E-01   -1.1177273089E+03    1.6367075317E-03
    2.2519990001E-02    1.2318743820E+00   -1.1909761188E-02   -1.1182686851E+03    3.7535549491E-03
    2.2539990001E-02    1.2112220522E+00    1.7387375059E-01   -1.1187027124E+03    3.9833600901E-03
    2.2559990001E-02    1.0533715059E+00    3.5186615835E-01   -1.1194803972E+03    7.5309284866E-03
    2.2579990001E-02    7.2535013573E-01    2.0472089697E-01   -1.1207883246E+03    1.7101369571E-02
    2.2599990001E-02    7.5313091394E-01   -2.8208867022E-01   -1.1224877398E+03    1.7963922247E-02
    2.2619990001E-02    1.1108498754E+00   -3.4933889918E-01   -1.1237855322E+03    1.1847241553E-02
    2.2639990001E-02    1.2387082197E+00   -9.0595629523E-02   -1.1245124028E+03    1.4332706221E-02
    2.2659990001E-02    1.2272490235E+00    1.5314502667E-01   -1.1249994480E+03    1.3390420454E-02
    2.2679990001E-02    1.0379016969E+00    3.8556583489E-01   -1.1258505606E+03    1.2580430419E-02
    2.2699990001E-02    6.9018831063E-01    1.7716760018E-01   -1.1272910146E+03    1.9315962565E-02
    2.2719990001E-02    7.9818413705E-01   -2.9081274668E-01   -1.1289611023E+03    1.4841372135E-02
    2.2739990001E-02    1.1117993252E+00   -3.2210791936E-01   -1.1301306783E+03    5.9885515370E-03
    2.2759990001E-02    1.2232960798E+00   -1.2528545261E-01   -1.1308009152E+03    4.0176378727E-03
    2.2779990001E-02    1.2276598240E+00    5.6310356968E-02   -1.1312137292E+03    3.3404817576E-03
    2.2799990001E-02    1.1385587715E+00    2.6245801535E-01   -1.1318503820E+03    1.3629217140E-03
    2.2819990001E-02    8.4140761948E-01    2.7632362397E-01   -1.1330155161E+03    4.0600378525E-03
    2.2839990001E-02    7.4916181313E-01   -1.4402406620E-01   -1.1346522099E+03    5.2585423554E-03
    2.2859990001E-02    1.0483972589E+00   -3.1520369927E-01   -1.1360191582E+03    1.2715130623E-03
    2.2879990001E-02    1.2155929023E+00   -8.6865174319E-02   -1.1367932312E+03    3.8936851430E-03
    2.2899990001E-02    1.2298109980E+00    9.5572591895E-02   -1.1372240615E+03    6.3350179210E-03
    2.2919990001E-02    1.1670124128E+00    2.8295250294E-01   -1.1377657868E+03    8.8630552280E-03
    2.2939990001E-02    9.2297469928E-01    3.7102442854E-01   -1.1387168321E+03    1.8638273505E-02
    2.2959990001E-02    6.3973737893E-01    2.6422887056E-02   -1.1402183735E+03    3.1143639398E-02
    2.2979990001E-02    8.7270067260E-01   -4.1151845397E-01   -1.1418921790E+03    2.8067572842E-02
    2.2999990001E-02    1.1993144701E+00   -2.7700812080E-01   -1.1430098260E+03    2.5445766567E-02
    2.3019990001E-02    1.2532576879E+00    2.3389731964E-02   -1.1436068590E+03    2.9481730936E-02
    2.3039990001E-02    1.1589392079E+00    3.2902519192E-01   -1.1442864983E+03    2.4015067790E-02
    2.3059990001E-02    7.9047410942E-01    3.4829569311E-01   -1.1455468810E+03    2.7279424397E-02
    2.3079990001E-02    6.9704029993E-01   -1.3405080518E-01   -1.1472523448E+03    2.6027826876E-02
    2.3099990001E-02    1.0033707444E+00   -3.4688025820E-01   -1.1485878937E+03    1.4527812058E-02
    2.3119990001E-02    1.1819627746E+00   -2.3181689802E-01   -1.1494090350E+03    6.5382080413E-03
    2.3139990001E-02    1.2245216181E+00   -7.7948898276E-02   -1.1498756997E+03    3.4845016853E-03
    2.3159990001E-02    1.2110119434E+00    7.4231362817E-02   -1.1502696721E+03    1.6582102773E-03
    2.3179990001E-02    1.0814878649E+00    2.6594259567E-01   -1.1509664588E+03    2.2818538029E-03
    2.3199990001E-02    7.9990229327E-01    1.7711542306E-01   -1.1521986787E+03    5.9327240244E-03
    2.3219990001E-02    8.0424311156E-01   -2.4638113577E-01   -1.1538395070E+03    6.2239199623E-03
    2.3239990001E-02    1.1210720082E+00   -2.9074350845E-01   -1.1551161868E+03    4.9403820965E-03
    2.3259990001E-02    1.2332223380E+00   -4.9104837605E-02   -1.1558176331E+03    9.3212010295E-03
    2.3279990001E-02    1.2257169655E+00    1.6432488057E-01   -1.1562715558E+03    1.0240165813E-02
    2.3299990001E-02    1.0795068174E+00    3.7654335385E-01   -1.1570187430E+03    1.3293065303E-02
    2.3319990001E-02    7.2563826922E-01    2.7122683746E-01   -1.1582885877E+03    2.5573829292E-02
    2.3339990001E-02    6.8899095339E-01   -2.4918993710E-01   -1.1600170214E+03    2.8811629390E-02
    2.3359990001E-02    1.0727244860E+00   -4.0048297290E-01   -1.1614030222E+03    1.9698164520E-02
    2.3379990001E-02    1.2392128182E+00   -1.3754917181E-01   -1.1622073140E+03    2.0774867996E-02
    2.3399990001E-02    1.2346175641E+00    1.2932239497E-01   -1.1627151155E+03    1.9792982101E-02
    2.3419990001E-02    1.0427782948E+00    3.8448460584E-01   -1.1635846701E+03    1.6155848660E-02
    2.3439990001E-02    7.0203351357E-01    1.7000050454E-01   -1.1650605580E+03    2.0176056856E-02
    2.3459990001E-02    8.3046516492E-01   -2.6513771386E-01   -1.1666852098E+03    1.5255218033E-02
    2.3479990001E-02    1.1057697672E+00   -2.8772589334E-01   -1.1677832966E+03    6.9336277360E-03
    2.3499990001E-02    1.2073334407E+00   -1.4259413086E-01   -1.1684283623E+03    2.3439782073E-03
    2.3519990001E-02    1.2273259591E+00    3.2355947946E-02   -1.1687863662E+03    1.0584496276E-03
    2.3539990001E-02    1.1709449110E+00    2.0274388626E-01   -1.1692534414E+03    2.9509563597E-03
    2.3559990001E-02    9.8606195028E-01    3.0473845941E-01   -1.1701137383E+03    8.5094902114E-03
    2.3579990001E-02    7.1466455252E-01    5.4179026127E-02   -1.1715171358E+03    1.4824443053E-02
    2.3599990001E-02    8.8005783144E-01   -3.5341960234E-01   -1.1731594544E+03    1.3459344034E-02
    2.3619990001E-02    1.1844163043E+00   -2.4832527716E-01   -1.1742862011E+03    1.3306926804E-02
    2.3639990001E-02    1.2460737785E+00    2.1020217092E-02   -1.1748786279E+03    1.8028936821E-02
    2.3659990001E-02    1.1897194148E+00    2.8297771456E-01   -1.1754512458E+03    1.6114225464E-02
    2.3679990001E-02    8.8906061441E-01    4.0796429302E-01   -1.1765040090E+03    2.2417887462E-02
    2.3699990001E-02    6.2048480442E-01   -5.6991095566E-03   -1.1781287496E+03    3.0536246959E-02
    2.3719990001E-02    8.9836074251E-01   -4.0367629917E-01   -1.1797263651E+03    2.0889030801E-02
    2.3739990001E-02    1.1861937343E+00   -2.8333503388E-01   -1.1807531852E+03    1.3525511378E-02
    2.3759990001E-02    1.2430769201E+00   -3.6612244762E-02   -1.1813158431E+03    1.4582065188E-02
    2.3779990001E-02    1.1925379461E+00    2.1629617887E-01   -1.1818750184E+03    1.0287491445E-02
    2.3799990001E-02    9.1650334421E-01    3.5035207242E-01   -1.1829424432E+03    9.3773330732E-03
    2.3819990001E-02    7.2098033236E-01   -2.0824741204E-02   -1.1845512638E+03    1.1211186052E-02
    2.3839990001E-02    9.7560928054E-01   -2.9276831504E-01   -1.1859913698E+03    6.4670053272E-03
    2.3859990001E-02    1.1680204510E+00   -1.9362453827E-01   -1.1868779445E+03    2.0467588396E-03
    2.3879990001E-02    1.2248736859E+00    6.2441700629E-03   -1.1873487885E+03    1.6452569919E-03
    2.3899990001E-02    1.2100650840E+00    1.5320016660E-01   -1.1877328843E+03    3.1869097679E-03
    2.3919990001E-02    1.1027224845E+00    3.0583127228E-01   -1.1883912184E+03    8.0125062786E-03
    2.3939990001E-02    8.1602701571E-01    2.7538611733E-01   -1.1895046044E+03    1.7586802642E-02
    2.3959990001E-02    6.8931341307E-01   -1.7497489886E-01   -1.1911443448E+03    2.3425625536E-02
    2.3979990001E-02    1.0399968885E+00   -3.9577661053E-01   -1.1926260667E+03    1.8667861305E-02
    2.3999990001E-02    1.2361614644E+00   -1.3710428093E-01   -1.1935012597E+03    2.1894797831E-02
    2.4019990001E-02    1.2397730003E+00    1.3729794425E-01   -1.1940162387E+03    2.2561552262E-02
    2.4039990001E-02    1.0629616667E+00    4.0394091857E-01   -1.1948448276E+03    2.0711479492E-02
    2.4059990001E-02    6.8228012861E-01    2.2846885204E-01   -1.1962671105E+03    2.8507606247E-02
    2.4079990001E-02    7.4974256114E-01   -2.7784323569E-01   -1.1979769010E+03    2.3518933208E-02
    2.4099990001E-02    1.0862309871E+00   -3.5981980547E-01   -1.1991993714E+03    1.1382153824E-02
    2.4119990001E-02    1.2212496884E+00   -1.6540292670E-01   -1.1999211574E+03    7.5133453475E-03
    2.4139990001E-02    1.2312668702E+00    2.8794196975E-02   -1.2003555125E+03    6.4443170987E-03
    2.4159990001E-02    1.1421686244E+00    2.5407619479E-01   -1.2009982913E+03    2.6307199512E-03
    2.4179990001E-02    8.4836192176E-01    2.6708284385E-01   -1.2021868237E+03    3.0370987047E-03
    2.4199990001E-02    7.8187311262E-01   -1.3939028603E-01   -1.2038159742E+03    3.5894349425E-03
    2.4219990001E-02    1.0548458053E+00   -2.9130436012E-01   -1.2051281925E+03    1.0876820221E-03
    2.4239990001E-02    1.2096555195E+00   -6.8956649921E-02   -1.2058621238E+03    3.1954912144E-03
    2.4259990001E-02    1.2252521295E+00    8.7898930062E-02   -1.2062682281E+03    5.6821715320E-03
    2.4279990001E-02    1.1844004835E+00    2.4173090142E-01   -1.2067302543E+03    9.4082515352E-03
    2.4299990001E-02    1.0119021455E+00    3.5803410214E-01   -1.2075292093E+03    1.8552014822E-02
    2.4319990001E-02    6.9713136533E-01    1.6553754681E-01   -1.2088259290E+03    3.2376417488E-02
    2.4339990001E-02    7.5399387018E-01   -3.4021797765E-01   -1.2105490591E+03    3.5949649002E-02
    2.4359990001E-02    1.1482955653E+00   -3.6089764232E-01   -1.2118704020E+03    3.2067262326E-02
    2.4379990001E-02    1.2577257852E+00   -3.5905978841E-02   -1.2125914736E+03    3.8270650630E-02
    2.4399990001E-02    1.2005694203E+00    2.8772686042E-01   -1.2132121640E+03    3.3204902111E-02
    2.4419990001E-02    8.5265878050E-01    4.1226647490E-01   -1.2143790291E+03    3.4732877530E-02
    2.4439990001E-02    6.4959145309E-01   -4.6673153408E-02   -1.2160789204E+03    3.5337946827E-02
    2.4459990001E-02    9.3781513757E-01   -3.5971285067E-01   -1.2175226188E+03    2.1807465781E-02
    2.4479990001E-02    1.1601438065E+00   -2.8081751313E-01   -1.2184283123E+03    1.1050927643E-02
    2.4499990001E-02    1.2229364681E+00   -1.2164921587E-01   -1.2189586858E+03    6.4340978397E-03
    2.4519990001E-02    1.2187204898E+00    3.2833233316E-02   -1.2193465014E+03    4.0242777314E-03
    2.4539990001E-02    1.1250205088E+00    2.2778430859E-01   -1.2200062391E+03    1.1469274094E-03
    2.4559990001E-02    8.2293128000E-01    2.0777669195E-01   -1.2211957933E+03    3.4903512550E-03
    2.4579990001E-02    7.9104224002E-01   -2.0880612298E-01   -1.2228285439E+03    3.9431315709E-03
    2.4599990001E-02    1.0991049019E+00   -2.9452124765E-01   -1.2241351844E+03    2.3316026834E-03
    2.4619990001E-02    1.2254211480E+00   -7.2002216375E-02   -1.2248678561E+03    5.6858516295E-03
    2.4639990001E-02    1.2289457730E+00    1.2380779173E-01   -1.2253017468E+03    7.3167695729E-03
    2.4659990001E-02    1.1282797425E+00    3.3048002776E-01   -1.2259463233E+03    9.5611925474E-03
    2.4679990001E-02    8.1488137269E-01    3.3289972700E-01   -1.2270689403E+03    2.0260647492E-02
    2.4699990001E-02    6.4918109325E-01   -1.3354013780E-01   -1.2287286114E+03    2.7966564859E-02
    2.4719990001E-02    9.9618667589E-01   -4.1780374925E-01   -1.2302503606E+03    2.0483498205E-02
    2.4739990001E-02    1.2263934663E+00   -1.9124396083E-01   -1.2311768690E+03    2.0190676624E-02
    2.4759990001E-02    1.2442787521E+00    7.9898744772E-02   -1.2316970707E+03    2.1522765327E-02
    2.4779990001E-02    1.1062541024E+00    3.6094775583E-01   -1.2324574900E+03    1.7161251002E-02
    2.4799990001E-02    7.3870576059E-01    2.6767023058E-01   -1.2338143647E+03    2.1634744229E-02
    2.4819990001E-02    7.5347626494E-01   -2.1133475939E-01   -1.2355018209E+03    1.8713378675E-02
    2.4839990001E-02    1.0604672165E+00   -3.2714367683E-01   -1.2367349870E+03    8.9174143401E-03
    2.4859990001E-02    1.2006587365E+00   -1.8254226810E-01   -1.2374758135E+03    3.3940871336E-03
    2.4879990001E-02    1.2265435844E+00   -2.7216628650E-02   -1.2378914561E+03    1.7798306796E-03
    2.4899990001E-02    1.1820655138E+00    1.7546397175E-01   -1.2383213231E+03    1.6515277341E-03
    2.4919990001E-02    1.0178985699E+00    2.9651508457E-01   -1.2391363328E+03    5.9341523452E-03
    2.4939990001E-02    7.3745822176E-01    9.4885744324E-02   -1.2404902625E+03    1.1431051516E-02
    2.4959990001E-02    8.5486395825E-01   -3.2476264951E-01   -1.2421384874E+03    1.0623549676E-02
    2.4979990001E-02    1.1670643553E+00   -2.6301485418E-01   -1.2433087707E+03    9.9779629578E-03
    2.4999990001E-02    1.2429202586E+00   -1.5739141505E-03   -1.2439291064E+03    1.4770432193E-02
    2.5019990001E-02    1.2057226899E+00    2.4322003961E-01   -1.2444520073E+03    1.3731776296E-02
    2.5039990001E-02    9.5621824458E-01    4.1320827154E-01   -1.2454033203E+03    1.8939453975E-02
    2.5059990001E-02    6.3040931283E-01    8.7144545929E-02   -1.2469300657E+03    2.9608001348E-02
    2.5079990001E-02    8.3054160447E-01   -3.8047934872E-01   -1.2486077860E+03    2.3409555631E-02
    2.5099990002E-02    1.1636915372E+00   -3.2008657662E-01   -1.2497385615E+03    1.5176647523E-02
    2.5119990002E-02    1.2443172114E+00   -5.9592928691E-02   -1.2503610406E+03    1.6751702547E-02
    2.5139990002E-02    1.2063882554E+00    1.9809638877E-01   -1.2508985495E+03    1.3025673761E-02
    2.5159990002E-02    9.4657188589E-01    3.7026879494E-01   -1.2519169162E+03    1.1620834058E-02
    2.5179990002E-02    7.0398315166E-01    2.6765340683E-02   -1.2535042658E+03    1.4183876539E-02
    2.5199990002E-02    9.3734612690E-01   -2.9677452504E-01   -1.2549996179E+03    8.8434460144E-03
    2.5219990002E-02    1.1542566490E+00   -2.2459639759E-01   -1.2559425030E+03    3.1477372396E-03
    2.5239990002E-02    1.2254096457E+00   -5.4117913352E-02   -1.2564631223E+03    1.0761885407E-03
    2.5259990002E-02    1.2134715177E+00    1.3286177076E-01   -1.2568224748E+03    2.2727291330E-03
    2.5279990002E-02    1.1193299129E+00    2.8839487769E-01   -1.2574478769E+03    6.2957339740E-03
    2.5299990002E-02    8.4724378293E-01    2.8987694111E-01   -1.2585188301E+03    1.4838863023E-02
    2.5319990002E-02    6.8556309848E-01   -1.3392895873E-01   -1.2601274863E+03    2.0873406790E-02
    2.5339990002E-02    1.0134183983E+00   -3.9424478391E-01   -1.2616423877E+03    1.6444112694E-02
    2.5359990002E-02    1.2289186948E+00   -1.5693188125E-01   -1.2625558338E+03    1.8902912683E-02
    2.5379990002E-02    1.2423981144E+00    1.1060488054E-01   -1.2630692823E+03    2.0581367467E-02
    2.5399990002E-02    1.0980985980E+00    3.8240880953E-01   -1.2638330333E+03    1.8480169245E-02
    2.5419990002E-02    7.1691397322E-01    2.8073240924E-01   -1.2651745526E+03    2.6583480997E-02
    2.5439990002E-02    7.1009379118E-01   -2.3502966496E-01   -1.2669014896E+03    2.4552166019E-02
    2.5459990002E-02    1.0580820503E+00   -3.7724637215E-01   -1.2682052904E+03    1.2433096824E-02
    2.5479990002E-02    1.2185219239E+00   -1.8229629738E-01   -1.2689823518E+03    8.3907491987E-03
    2.5499990002E-02    1.2342035772E+00    2.2695062349E-02   -1.2694342037E+03    7.7875539648E-03
    2.5519990002E-02    1.1492973154E+00    2.5591895423E-01   -1.2700668427E+03    3.8086909991E-03
    2.5539990002E-02    8.5047629655E-01    2.8446122778E-01   -1.2712441628E+03    4.4925482788E-03
    2.5559990002E-02    7.6556227295E-01   -1.2654541364E-01   -1.2728787094E+03    5.2441586025E-03
    2.5579990002E-02    1.0484121975E+00   -2.8572736191E-01   -1.2742085258E+03    1.8031943118E-03
    2.5599990002E-02    1.2080625182E+00   -8.4157322041E-02   -1.2749716106E+03    2.4916619187E-03
    2.5619990002E-02    1.2263585656E+00    7.7873583767E-02   -1.2753901249E+03    4.8218687327E-03
    2.5639990002E-02    1.1859148294E+00    2.3728618495E-01   -1.2758552177E+03    7.9518572960E-03
    2.5659990002E-02    1.0092199920E+00    3.5770376679E-01   -1.2766667333E+03    1.6496923789E-02
    2.5679990002E-02    6.9430062267E-01    1.5593213683E-01   -1.2779847232E+03    2.9568393537E-02
    2.5699990002E-02    7.6659811492E-01   -3.4329104497E-01   -1.2797040058E+03    3.2039551792E-02
    2.5719990002E-02    1.1511480937E+00   -3.4991567698E-01   -1.2810004174E+03    2.8060190354E-02
    2.5739990002E-02    1.2554116161E+00   -3.4361133678E-02   -1.2817059940E+03    3.3750383365E-02
    2.5759990002E-02    1.2010751444E+00    2.7822574817E-01   -1.2823137627E+03    2.9158558854E-02
    2.5779990002E-02    8.6565073344E-01    4.1111204704E-01   -1.2834549596E+03    3.0865020762E-02
    2.5799990002E-02    6.4820605084E-01   -3.4526180049E-02   -1.2851411030E+03    3.2521633140E-02
    2.5819990002E-02    9.3186096569E-01   -3.6016804537E-01   -1.2866091240E+03    1.9766226403E-02
    2.5839990002E-02    1.1616199387E+00   -2.7951319611E-01   -1.2875335987E+03    9.5278875862E-03
    2.5859990002E-02    1.2248834545E+00   -1.1183129842E-01   -1.2880697369E+03    5.6725601667E-03
    2.5879990002E-02    1.2180292756E+00    5.0085263321E-02   -1.2884697744E+03    3.4546348067E-03
    2.5899990002E-02    1.0827553384E+00    2.8847834716E-01   -1.2891516846E+03    1.1768110777E-03
    2.5919990002E-02    7.9754950977E-01    1.9311299079E-01   -1.2903959024E+03    4.9047024551E-03
    2.5939990002E-02    7.9657846170E-01   -2.3478088245E-01   -1.2920406383E+03    5.1867877641E-03
    2.5959990002E-02    1.1114787804E+00   -2.9409119556E-01   -1.2933199319E+03    3.1455771491E-03
    2.5979990002E-02    1.2289510636E+00   -6.4384546875E-02   -1.2940295512E+03    6.5284795857E-03
    2.5999990002E-02    1.2273602147E+00    1.3724926804E-01   -1.2944689766E+03    7.6907896620E-03
    2.6019990002E-02    1.1071625911E+00    3.4804759214E-01   -1.2951606452E+03    9.9182551245E-03
    2.6039990002E-02    7.7334829614E-01    3.0218162660E-01   -1.2963569442E+03    2.0710979890E-02
    2.6059990002E-02    6.7238913979E-01   -1.9186951843E-01   -1.2980542807E+03    2.5763974623E-02
    2.6079990002E-02    1.0381354726E+00   -4.0418188674E-01   -1.2995000596E+03    1.7506024389E-02
    2.6099990002E-02    1.2316585181E+00   -1.6118620037E-01   -1.3003565095E+03    1.7862901668E-02
    2.6119990002E-02    1.2394180548E+00    9.8533493093E-02   -1.3008589337E+03    1.8204984020E-02
    2.6139990002E-02    1.0864055569E+00    3.6605071961E-01   -1.3016472944E+03    1.4539015032E-02
    2.6159990002E-02    7.2677330579E-01    2.3649813669E-01   -1.3030328034E+03    1.9255122790E-02
    2.6179990002E-02    7.7541798312E-01   -2.3358444737E-01   -1.3047080392E+03    1.5977462426E-02
    2.6199990002E-02    1.0786833760E+00   -3.1745156378E-01   -1.3059094551E+03    6.9643868838E-03
    2.6219990002E-02    1.2065610084E+00   -1.6295940746E-01   -1.3066232746E+03    2.4553399363E-03
    2.6239990002E-02    1.2256640582E+00   -1.2837435213E-02   -1.3070282735E+03    1.3256721540E-03
    2.6259990002E-02    1.1714975967E+00    2.0434704069E-01   -1.3074910269E+03    2.1769412491E-03
    2.6279990002E-02    9.7966111437E-01    3.0729965987E-01   -1.3083701999E+03    7.2914442235E-03
    2.6299990002E-02    7.1227484590E-01    4.3562785204E-02   -1.3097967605E+03    1.3204410823E-02
    2.6319990002E-02    8.9211430334E-01   -3.5272242568E-01   -1.3114277437E+03    1.1395887667E-02
    2.6339990002E-02    1.1860100932E+00   -2.3901870963E-01   -1.3125303211E+03    1.1229479261E-02
    2.6359990002E-02    1.2442746229E+00    2.1549843839E-02   -1.3131105673E+03    1.5569262406E-02
    2.6379990002E-02    1.1902149940E+00    2.7490909925E-01   -1.3136727873E+03    1.3960784513E-02
    2.6399990002E-02    9.0114590893E-01    4.0397836962E-01   -1.3147056478E+03    2.0129500642E-02
    2.6419990002E-02    6.2561662565E-01    6.7933445531E-03   -1.3163110089E+03    2.8620747690E-02
    2.6439990002E-02    8.9186134327E-01   -3.9873281943E-01   -1.3179208306E+03    1.9965150477E-02
    2.6459990002E-02    1.1843350949E+00   -2.8315656579E-01   -1.3189614896E+03    1.3030763629E-02
    2.6479990002E-02    1.2431117775E+00   -3.4591860937E-02   -1.3195299662E+03    1.4326747950E-02
    2.6499990002E-02    1.1934477579E+00    2.1834596513E-01   -1.3200873455E+03    1.0272243337E-02
    2.6519990002E-02    9.1778856060E-01    3.5547456361E-01   -1.3211482008E+03    9.7625019976E-03
    2.6539990002E-02    7.1218982294E-01   -1.5670880877E-02   -1.3227565191E+03    1.1940853593E-02
    2.6559990002E-02    9.6595897986E-01   -3.0176000070E-01   -1.3242136288E+03    6.7416337251E-03
    2.6579990002E-02    1.1668707615E+00   -2.0671598908E-01   -1.3251186247E+03    1.9345195557E-03
    2.6599990002E-02    1.2269411262E+00    1.4154146989E-03   -1.3256012408E+03    1.6853443995E-03
    2.6619990002E-02    1.2090763609E+00    1.6104111143E-01   -1.3260021825E+03    2.8535795472E-03
    2.6639990002E-02    1.0852531302E+00    3.1948398027E-01   -1.3267044621E+03    7.3678034281E-03
    2.6659990002E-02    7.8158796130E-01    2.4868852426E-01   -1.3278882788E+03    1.6864766053E-02
    2.6679990002E-02    7.1269312741E-01   -2.2237488698E-01   -1.3295613646E+03    2.0939189882E-02
    2.6699990002E-02    1.0741028780E+00   -3.7723670284E-01   -1.3309730200E+03    1.5847664180E-02
    2.6719990002E-02    1.2387920110E+00   -1.1094284806E-01   -1.3317847291E+03    1.9242824386E-02
    2.6739990002E-02    1.2339419356E+00    1.5322472709E-01   -1.3322907306E+03    1.9063145331E-02
    2.6759990002E-02    1.0439137404E+00    4.0322116014E-01   -1.3331427795E+03    1.8082837866E-02
    2.6779990002E-02    6.7596450704E-01    1.9816701785E-01   -1.3345873079E+03    2.5865559996E-02
    2.6799990002E-02    7.7244777357E-01   -2.9466188717E-01   -1.3362825054E+03    2.0621610442E-02
    2.6819990002E-02    1.1022956236E+00   -3.4675415488E-01   -1.3374769188E+03    9.6240565195E-03
    2.6839990002E-02    1.2245307944E+00   -1.4494735010E-01   -1.3381722288E+03    6.7933362838E-03
    2.6859990002E-02    1.2293207766E+00    4.9578342486E-02   -1.3386044053E+03    5.7026428720E-03
    2.6879990002E-02    1.1265623115E+00    2.7489368008E-01   -1.3392785058E+03    2.3781598502E-03
    2.6899990002E-02    8.2246570507E-01    2.5209739603E-01   -1.3405085761E+03    3.7869084845E-03
    2.6919990002E-02    7.8629070252E-01   -1.6789110108E-01   -1.3421485144E+03    4.0423992374E-03
    2.6939990002E-02    1.0907328662E+00   -2.4771693742E-01   -1.3434216823E+03    9.2139092405E-04
    2.6959990002E-02    1.2155051175E+00   -5.3135185475E-02   -1.3441395721E+03    3.9530596915E-03
    2.6979990002E-02    1.2253498219E+00    1.0828410278E-01   -1.3445437291E+03    6.4743329106E-03
    2.6999990002E-02    1.1697783741E+00    2.7170607016E-01   -1.3450560079E+03    1.0561780356E-02
    2.7019990002E-02    9.5894951306E-01    3.6608313087E-01   -1.3459357066E+03    2.0924595634E-02
    2.7039990002E-02    6.5635208189E-01    8.3391835897E-02   -1.3473445978E+03    3.4992538063E-02
    2.7059990002E-02    8.2188179614E-01   -3.9757518883E-01   -1.3490604613E+03    3.5417422679E-02
    2.7079990002E-02    1.1878667808E+00   -3.1141291004E-01   -1.3502707572E+03    3.2859223512E-02
    2.7099990002E-02    1.2582938817E+00    1.4078369706E-02   -1.3509171714E+03    3.8361270660E-02
    2.7119990002E-02    1.1648737420E+00    3.4068311376E-01   -1.3516082994E+03    3.2162733161E-02
    2.7139990002E-02    7.8001368958E-01    3.6191077586E-01   -1.3528900481E+03    3.5287910826E-02
    2.7159990002E-02    6.8582872897E-01   -1.3503741739E-01   -1.3546115899E+03    3.2804901467E-02
    2.7179990002E-02    9.9504358748E-01   -3.5586386247E-01   -1.3559418215E+03    1.9306948481E-02
    2.7199990002E-02    1.1774912529E+00   -2.4976978270E-01   -1.3567639616E+03    9.8121843360E-03
    2.7219990002E-02    1.2236129908E+00   -9.8582159650E-02   -1.3572411886E+03    5.6677394235E-03
    2.7239990002E-02    1.2128230413E+00    5.2483895234E-02   -1.3576319799E+03    3.2820102171E-03
    2.7259990002E-02    1.1077795345E+00    2.3399858489E-01   -1.3583307935E+03    1.1327136613E-03
    2.7279990002E-02    8.1205344932E-01    1.7316889302E-01   -1.3595686302E+03    2.6213511146E-03
    2.7299990002E-02    8.2605296780E-01   -2.3412794978E-01   -1.3611972750E+03    2.5111765264E-03
    2.7319990002E-02    1.1269407804E+00   -2.5902906863E-01   -1.3624390353E+03    2.4070760366E-03
    2.7339990002E-02    1.2286236685E+00   -3.5349267084E-02   -1.3631203073E+03    6.6840756359E-03
    2.7359990002E-02    1.2243048900E+00    1.5606687150E-01   -1.3635513569E+03    8.3594465339E-03
    2.7379990002E-02    1.1084340626E+00    3.5012242457E-01   -1.3642292926E+03    1.2450460176E-02
    2.7399990002E-02    7.8542145447E-01    3.1688270694E-01   -1.3653790425E+03    2.5289643496E-02
    2.7419990002E-02    6.4837928556E-01   -1.7374952851E-01   -1.3670617131E+03    3.3696280428E-02
    2.7439990002E-02    1.0221066335E+00   -4.2846470684E-01   -1.3685700847E+03    2.6366371805E-02
    2.7459990002E-02    1.2381039487E+00   -1.6853843748E-01   -1.3694741829E+03    2.7781912298E-02
    2.7479990002E-02    1.2425039622E+00    1.2463879746E-01   -1.3700086406E+03    2.7947922172E-02
    2.7499990002E-02    1.0501735244E+00    4.0226813060E-01   -1.3708817785E+03    2.3528333065E-02
    2.7519990002E-02    6.8866342747E-01    1.8990637313E-01   -1.3723694515E+03    2.7762837515E-02
    2.7539990002E-02    8.0945760171E-01   -2.6520587930E-01   -1.3740107141E+03    2.1395184989E-02
    2.7559990002E-02    1.0930703956E+00   -3.0744455516E-01   -1.3751199632E+03    1.1028465454E-02
    2.7579990002E-02    1.2035452206E+00   -1.6942996920E-01   -1.3757831942E+03    4.8561722215E-03
    2.7599990002E-02    1.2228107757E+00   -3.4186963032E-02   -1.3761671467E+03    2.4560114725E-03
    2.7619990002E-02    1.1880517038E+00    1.3228990590E-01   -1.3765865726E+03    1.5571154629E-03
    2.7639990002E-02    1.0368217942E+00    2.7181615616E-01   -1.3773715450E+03    3.9454237643E-03
    2.7659990002E-02    7.6291779659E-01    9.6166678929E-02   -1.3787079061E+03    7.3117435298E-03
    2.7679990002E-02    8.6840299346E-01   -3.0548993947E-01   -1.3803393558E+03    6.6376838445E-03
    2.7699990002E-02    1.1656306977E+00   -2.4373684237E-01   -1.3814991770E+03    7.1120710236E-03
    2.7719990002E-02    1.2395054363E+00    4.9033709455E-03   -1.3821130780E+03    1.2020668977E-02
    2.7739990002E-02    1.2091296780E+00    2.3160213207E-01   -1.3826097288E+03    1.2049547346E-02
    2.7759990002E-02    9.9316758102E-01    4.0820249670E-01   -1.3834937316E+03    1.8078237896E-02
    2.7779990002E-02    6.4600752050E-01    1.4672637203E-01   -1.3849330080E+03    3.1258270450E-02
    2.7799990002E-02    7.7896539133E-01   -3.6223416850E-01   -1.3866598145E+03    2.8908399169E-02
    2.7819990002E-02    1.1496261095E+00   -3.4988561330E-01   -1.3878838350E+03    2.0905203471E-02
    2.7839990002E-02    1.2488861775E+00   -6.4469105512E-02   -1.3885604799E+03    2.3688659573E-02
    2.7859990002E-02    1.2084173467E+00    2.1836254380E-01   -1.3891227801E+03    1.9587309550E-02
    2.7879990002E-02    9.2395981276E-01    3.8739081092E-01   -1.3901862400E+03    1.8370027035E-02
    2.7899990002E-02    6.9087674273E-01    1.1720547381E-02   -1.3918102026E+03    2.0494912311E-02
    2.7919990002E-02    9.3836539548E-01   -3.0520631905E-01   -1.3932820522E+03    1.3296219777E-02
    2.7939990002E-02    1.1512071142E+00   -2.3727306547E-01   -1.3942044765E+03    5.9283832873E-03
    2.7959990002E-02    1.2138842775E+00   -9.8553942776E-02   -1.3947310382E+03    2.0498944386E-03
    2.7979990002E-02    1.2139840676E+00    9.4373120609E-02   -1.3950418100E+03    1.1399514960E-03
    2.7999990002E-02    1.1590308344E+00    2.0411063323E-01   -1.3955491203E+03    3.7930110209E-03
    2.8019990002E-02    9.6108072833E-01    2.8739723445E-01   -1.3964494766E+03    9.1381174906E-03
    2.8039990002E-02    7.1474758253E-01   -2.9046045486E-03   -1.3979029145E+03    1.4320592468E-02
    2.8059990002E-02    9.3001033905E-01   -3.6498931256E-01   -1.3995105077E+03    1.2487285951E-02
    2.8079990002E-02    1.2027952456E+00   -2.0628355245E-01   -1.4005646583E+03    1.4188461897E-02
    2.8099990002E-02    1.2455416324E+00    5.8927096393E-02   -1.4011183973E+03    1.8470363292E-02
    2.8119990002E-02    1.1668664325E+00    3.2345420034E-01   -1.4017400754E+03    1.6990817715E-02
    2.8139990002E-02    8.3188142259E-01    3.8999688182E-01   -1.4028653047E+03    2.5847452416E-02
    2.8159990002E-02    6.1950348798E-01   -8.0377532789E-02   -1.4045447158E+03    3.2956776652E-02
    2.8179990002E-02    9.4776077424E-01   -4.2248641789E-01   -1.4060912453E+03    2.1953513360E-02
    2.8199990002E-02    1.2073798190E+00   -2.5028243591E-01   -1.4070587901E+03    1.6485828057E-02
    2.8219990002E-02    1.2447318738E+00    5.3800994043E-03   -1.4075927990E+03    1.7663224764E-02
    2.8239990002E-02    1.1595480336E+00    2.7827424808E-01   -1.4082415308E+03    1.2211916208E-02
    2.8259990002E-02    8.3395850397E-01    3.1375713745E-01   -1.4094596570E+03    1.2797914977E-02
    2.8279990002E-02    7.5349649449E-01   -1.1623694685E-01   -1.4111164426E+03    1.2807163868E-02
    2.8299990002E-02    1.0346818829E+00   -2.8432360112E-01   -1.4124209041E+03    7.1969068560E-03
    2.8319990002E-02    1.1833541017E+00   -1.6192671641E-01   -1.4131967961E+03    2.6359150642E-03
    2.8339990002E-02    1.2256352287E+00    1.1049071245E-02   -1.4136032205E+03    1.0916472988E-03
    2.8359990002E-02    1.2060197722E+00    1.3291964346E-01   -1.4139572434E+03    2.7897950526E-03
    2.8379990002E-02    1.1152875988E+00    2.7048979093E-01   -1.4145708796E+03    7.6272577716E-03
    2.8399990002E-02    8.5731058625E-01    2.7072971951E-01   -1.4156210154E+03    1.5687924492E-02
    2.8419990002E-02    6.9745743389E-01   -1.4064000936E-01   -1.4172134270E+03    2.1156192253E-02
    2.8439990002E-02    1.0235793467E+00   -3.9025257543E-01   -1.4187292937E+03    1.7767549442E-02
    2.8459990002E-02    1.2331414275E+00   -1.4018394829E-01   -1.4196382643E+03    2.1637968986E-02
    2.8479990002E-02    1.2416695505E+00    1.3555370181E-01   -1.4201579782E+03    2.3122710522E-02
    2.8499990002E-02    1.0770599121E+00    4.0553700142E-01   -1.4209606774E+03    2.1965107900E-02
    2.8519990002E-02    6.8577580964E-01    2.5953616497E-01   -1.4223447500E+03    3.1603780851E-02
    2.8539990002E-02    7.1401357351E-01   -2.7089710940E-01   -1.4240848379E+03    2.8456618778E-02
    2.8559990002E-02    1.0757494099E+00   -3.8634911796E-01   -1.4253695438E+03    1.5354416448E-02
    2.8579990002E-02    1.2272309690E+00   -1.6924263553E-01   -1.4261287145E+03    1.2114453841E-02
    2.8599990002E-02    1.2337934117E+00    5.3225042494E-02   -1.4265945811E+03    1.1052525569E-02
    2.8619990002E-02    1.1108242536E+00    3.0092722799E-01   -1.4273263212E+03    6.1156242774E-03
    2.8639990002E-02    7.9153987611E-01    2.2819094316E-01   -1.4286458819E+03    7.1996122894E-03
    2.8659990002E-02    8.2258406401E-01   -1.8949145824E-01   -1.4302787397E+03    6.4457377065E-03
    2.8679990002E-02    1.0948849421E+00   -2.4759136797E-01   -1.4314629090E+03    3.1386558056E-03
    2.8699990002E-02    1.2065621006E+00   -7.4542881857E-02   -1.4321263583E+03    1.5253206041E-03
    2.8719990002E-02    1.2220292139E+00    6.8428534776E-02   -1.4325036449E+03    2.9509101296E-03
    2.8739990002E-02    1.1874861383E+00    2.0794673778E-01   -1.4329370448E+03    6.1655588416E-03
    2.8759990002E-02    1.0367108880E+00    3.2851939163E-01   -1.4336990950E+03    1.3556907208E-02
    2.8779990002E-02    7.3452361967E-01    1.7832077597E-01   -1.4349525505E+03    2.4297244060E-02
    2.8799990002E-02    7.5516236286E-01   -3.0553379476E-01   -1.4366499599E+03    2.7293186597E-02
    2.8819990002E-02    1.1328129010E+00   -3.5313175931E-01   -1.4379852926E+03    2.3904393323E-02
    2.8839990002E-02    1.2520524898E+00   -4.6858960292E-02   -1.4387186616E+03    2.9751425161E-02
    2.8859990002E-02    1.2128855324E+00    2.5277032487E-01   -1.4392923809E+03    2.6621940279E-02
    2.8879990002E-02    9.1104065395E-01    4.2869995824E-01   -1.4403532945E+03    2.8676846953E-02
    2.8899990002E-02    6.2592011483E-01    2.5745747755E-02   -1.4419961453E+03    3.3677835347E-02
    2.8919990002E-02    8.8368153134E-01   -3.7278870171E-01   -1.4435648844E+03    2.1464520025E-02
    2.8939990002E-02    1.1576336018E+00   -3.0617230783E-01   -1.4445752245E+03    1.0642238555E-02
    2.8959990002E-02    1.2317246924E+00   -1.0505190841E-01   -1.4451541478E+03    8.2221157249E-03
    2.8979990002E-02    1.2174579889E+00    9.1755751151E-02   -1.4456027869E+03    5.5758557393E-03
    2.8999990002E-02    1.0606075591E+00    3.0132729315E-01   -1.4464160914E+03    1.8001346350E-03
    2.9019990002E-02    7.7349631477E-01    1.3540242455E-01   -1.4478142596E+03    2.6589215492E-03
    2.9039990002E-02    8.9176146448E-01   -2.3971346656E-01   -1.4494035629E+03    1.9103263535E-03
    2.9059990002E-02    1.1526371999E+00   -1.7612202028E-01   -1.4504730993E+03    2.4882368908E-03
    2.9079990002E-02    1.2199366508E+00    7.6061399769E-04   -1.4510491783E+03    5.0977279116E-03
    2.9099990002E-02    1.2178751931E+00    1.4139774818E-01   -1.4514174756E+03    7.9020692969E-03
    2.9119990002E-02    1.1513181303E+00    2.8599224527E-01   -1.4519528958E+03    1.3943051913E-02
    2.9139990002E-02    9.3188325622E-01    3.5203369345E-01   -1.4528522493E+03    2.5429578505E-02
    2.9159990002E-02    6.4945269606E-01    3.6015285470E-02   -1.4542883376E+03    3.9384027940E-02
    2.9179990002E-02    8.5900044774E-01   -4.2188758575E-01   -1.4559933598E+03    3.9521445534E-02
    2.9199990002E-02    1.2086816437E+00   -2.8119983918E-01   -1.4571638949E+03    3.9137313808E-02
    2.9219990002E-02    1.2598969347E+00    5.6812278076E-02   -1.4577869710E+03    4.4326960207E-02
    2.9239990002E-02    1.1276306213E+00    3.9143239149E-01   -1.4585593192E+03    3.7610079462E-02
    2.9259990002E-02    7.1658829377E-01    3.1239917222E-01   -1.4599491309E+03    4.1859340607E-02
    2.9279990002E-02    7.1326534297E-01   -2.0376606883E-01   -1.4616729250E+03    3.5704208304E-02
    2.9299990002E-02    1.0301582721E+00   -3.5964238787E-01   -1.4629152613E+03    2.0672840241E-02
    2.9319990002E-02    1.1890109397E+00   -2.3925225972E-01   -1.4636809863E+03    1.1139506067E-02
    2.9339990002E-02    1.2254178404E+00   -8.7995232330E-02   -1.4641302255E+03    7.0601199413E-03
    2.9359990002E-02    1.2064746581E+00    7.1794370082E-02   -1.4645498433E+03    4.1820031082E-03
    2.9379990002E-02    1.0695955935E+00    2.4469637801E-01   -1.4653336460E+03    1.3167876773E-03
    2.9399990002E-02    7.7226981467E-01    1.0432593118E-01   -1.4666857130E+03    2.5203596300E-03
    2.9419990002E-02    8.8539177849E-01   -2.7981635462E-01   -1.4682954365E+03    1.6917390411E-03
    2.9439990002E-02    1.1661776116E+00   -1.9890771342E-01   -1.4694078321E+03    3.5680492930E-03
    2.9459990002E-02    1.2320463401E+00    1.8083373946E-02   -1.4699970532E+03    8.1952863936E-03
    2.9479990002E-02    1.2132578777E+00    2.0501907725E-01   -1.4704397406E+03    1.0045639292E-02
    2.9499990002E-02    1.0656794924E+00    3.7518047663E-01   -1.4711836789E+03    1.6932411333E-02
    2.9519990002E-02    7.2823494232E-01    2.6531172424E-01   -1.4724081180E+03    3.2232436870E-02
    2.9539990002E-02    6.7441999029E-01   -2.5941112559E-01   -1.4741341526E+03    3.9464137205E-02
    2.9559990002E-02    1.0824562259E+00   -4.1979178417E-01   -1.4755734397E+03    3.2581251407E-02
    2.9579990002E-02    1.2522131913E+00   -1.1375621159E-01   -1.4764029256E+03    3.6741407799E-02
    2.9599990002E-02    1.2290540580E+00    2.0397673553E-01   -1.4769720267E+03    3.3846014158E-02
    2.9619990002E-02    9.4892558700E-01    4.2534509738E-01   -1.4780139752E+03    3.1129568885E-02
    2.9639990002E-02    6.6199461547E-01    6.1255285560E-02   -1.4796435552E+03    3.3358869163E-02
    2.9659990002E-02    8.9136072923E-01   -3.1036523834E-01   -1.4811605087E+03    2.3425221173E-02
    2.9679990002E-02    1.1281526128E+00   -2.7992909194E-01   -1.4821231483E+03    1.3007242114E-02
    2.9699990002E-02    1.2076941005E+00   -1.5008298771E-01   -1.4826944017E+03    6.5022780365E-03
    2.9719990002E-02    1.2194369969E+00   -2.9679129135E-02   -1.4830401602E+03    3.7007652489E-03
    2.9739990002E-02    1.1880007375E+00    1.1365705823E-01   -1.4834635716E+03    2.7723139059E-03
    2.9759990002E-02    1.0371866375E+00    2.5256878855E-01   -1.4842625974E+03    3.4725515264E-03
    2.9779990002E-02    7.7498520886E-01    6.8810827847E-02   -1.4856221930E+03    4.8423298134E-03
    2.9799990002E-02    9.0451020865E-01   -3.0195761147E-01   -1.4872281600E+03    4.1421379508E-03
    2.9819990002E-02    1.1767985903E+00   -2.0795126585E-01   -1.4883366737E+03    6.2620499094E-03
    2.9839990002E-02    1.2377852221E+00    2.8862768423E-02   -1.4889181662E+03    1.1209233195E-02
    2.9859990002E-02    1.2044513677E+00    2.4390462302E-01   -1.4894120479E+03    1.2038700809E-02
    2.9879990002E-02    9.9493461793E-01    4.0597858589E-01   -1.4902805098E+03    1.9771990447E-02
    2.9899990002E-02    6.4815461987E-01    1.5636229478E-01   -1.4916876747E+03    3.4858105859E-02
    2.9919990002E-02    7.6398907087E-01   -3.6582100262E-01   -1.4934313151E+03    3.4771917165E-02
    2.9939990002E-02    1.1526490377E+00   -3.6039876724E-01   -1.4946923786E+03    2.7667728705E-02
    2.9959990002E-02    1.2541485651E+00   -5.2562713597E-02   -1.4953871610E+03    3.1703153644E-02
    2.9979990002E-02    1.2008422606E+00    2.5608518970E-01   -1.4959916852E+03    2.6487455908E-02
    2.9999990002E-02    8.7692195364E-01    3.8920235457E-01   -1.4971390113E+03    2.5909522968E-02
    3.0019990002E-02    6.9156079251E-01   -3.5413622390E-02   -1.4988088866E+03    2.6469527953E-02
    3.0039990002E-02    9.6183603007E-01   -3.1141781892E-01   -1.5002138656E+03    1.7421501466E-02
    3.0059990002E-02    1.1554578236E+00   -2.3543926942E-01   -1.5010822209E+03    8.9651715312E-03
    3.0079990002E-02    1.2122357964E+00   -1.0739873294E-01   -1.5015813945E+03    4.0130365368E-03
    3.0099990002E-02    1.2164259957E+00    6.7224044886E-03   -1.5018999712E+03    2.2399003756E-03
    3.0119990002E-02    1.1749049432E+00    1.5138946393E-01   -1.5023448856E+03    2.9285528721E-03
    3.0139990002E-02    1.0062522725E+00    2.6555965954E-01   -1.5031836697E+03    5.6933873722E-03
    3.0159990002E-02    7.4949677616E-01    3.6753954480E-02   -1.5045803447E+03    8.6613262820E-03
    3.0179990002E-02    9.1533053541E-01   -3.3158443538E-01   -1.5061890189E+03    7.5935069530E-03
    3.0199990002E-02    1.1893808572E+00   -2.0725642364E-01   -1.5072744692E+03    9.6231839049E-03
    3.0219990002E-02    1.2419970638E+00    4.3841975921E-02   -1.5078417023E+03    1.4465964260E-02
    3.0239990002E-02    1.1897463883E+00    2.8332636198E-01   -1.5083925377E+03    1.4297912174E-02
    3.0259990002E-02    9.1763154266E-01    4.1248076763E-01   -1.5093813082E+03    2.2986140402E-02
    3.0279990002E-02    6.1201964163E-01    4.0099456575E-02   -1.5109391626E+03    3.5619411286E-02
    3.0299990002E-02    8.5699090725E-01   -4.1593734783E-01   -1.5126175007E+03    2.9380407268E-02
    3.0319990002E-02    1.1896726874E+00   -3.0232922321E-01   -1.5137295996E+03    2.3152721231E-02
    3.0339990002E-02    1.2512778151E+00   -1.2696969334E-02   -1.5143347912E+03    2.6045075790E-02
    3.0359990002E-02    1.1739431629E+00    2.8467147070E-01   -1.5149788916E+03    2.0137259732E-02
    3.0379990002E-02    8.3455197313E-01    3.4601655022E-01   -1.5161955428E+03    2.0669049651E-02
    3.0399990002E-02    7.2727807528E-01   -9.6438241564E-02   -1.5178695873E+03    2.0319175860E-02
    3.0419990002E-02    1.0094101868E+00   -2.9929746396E-01   -1.5191952583E+03    1.2575506904E-02
    3.0439990002E-02    1.1724999335E+00   -1.9681176492E-01   -1.5199984759E+03    5.7752892476E-03
    3.0459990002E-02    1.2149328854E+00   -7.0566128437E-02   -1.5204464789E+03    2.2755591812E-03
    3.0479990002E-02    1.2113152470E+00    6.5231993263E-02   -1.5207472794E+03    1.8716378934E-03
    3.0499990002E-02    1.1557984612E+00    1.9887685065E-01   -1.5212446474E+03    4.7569585261E-03
    3.0519990002E-02    9.5911821854E-01    2.7758423727E-01   -1.5221462929E+03    9.9458542330E-03
    3.0539990002E-02    7.1873996739E-01   -1.5823691788E-02   -1.5236027432E+03    1.4769441491E-02
    3.0559990002E-02    9.4156949172E-01   -3.6671960069E-01   -1.5252039654E+03    1.3061540729E-02
    3.0579990002E-02    1.2076752971E+00   -1.9471708056E-01   -1.5262458236E+03    1.5519808920E-02
    3.0599990002E-02    1.2457849272E+00    7.3282036508E-02   -1.5267945262E+03    1.9741948848E-02
    3.0619990002E-02    1.1568850175E+00    3.4117259974E-01   -1.5274403109E+03    1.8492500654E-02
    3.0639990002E-02    8.0652714110E-01    3.8194745463E-01   -1.5285985004E+03    2.8479709560E-02
    3.0659990002E-02    6.1938341928E-01   -1.1167030212E-01   -1.5303015678E+03    3.5050273778E-02
    3.0679990002E-02    9.6739425304E-01   -4.2959745977E-01   -1.5318262985E+03    2.3315941918E-02
    3.0699990002E-02    1.2152388911E+00   -2.3745040296E-01   -1.5327706571E+03    1.8525376168E-02
    3.0719990002E-02    1.2448650983E+00    2.3797560066E-02   -1.5332986391E+03    1.9488651278E-02
    3.0739990002E-02    1.1402425362E+00    3.0365919098E-01   -1.5339951839E+03    1.3527632666E-02
    3.0759990002E-02    8.0150063916E-01    2.8571716580E-01   -1.5352830707E+03    1.4531915948E-02
    3.0779990002E-02    7.7965006218E-01   -1.5184322303E-01   -1.5369399814E+03    1.3551361099E-02
    3.0799990002E-02    1.0587898581E+00   -2.7108754767E-01   -1.5381757793E+03    7.8900970098E-03
    3.0819990002E-02    1.1879040815E+00   -1.4475840028E-01   -1.5389009589E+03    3.3019491935E-03
    3.0839990002E-02    1.2171073063E+00   -4.0280868336E-03   -1.5392840748E+03    1.5885605904E-03
    3.0859990002E-02    1.2061295295E+00    1.1740153876E-01   -1.5396099184E+03    3.2208352421E-03
    3.0879990002E-02    1.1281993779E+00    2.4915946450E-01   -1.5401823252E+03    8.1058860794E-03
    3.0899990002E-02    8.9284464508E-01    2.7735879101E-01   -1.5411723069E+03    1.5775207330E-02
    3.0919990002E-02    6.9537349447E-01   -9.6689607485E-02   -1.5427149909E+03    2.1796634615E-02
    3.0939990002E-02    9.9240749089E-01   -3.9406236127E-01   -1.5442782243E+03    1.9124996610E-02
    3.0959990002E-02    1.2283664711E+00   -1.6124074173E-01   -1.5452434940E+03    2.2830723393E-02
    3.0979990002E-02    1.2452635547E+00    1.2214281758E-01   -1.5457768666E+03    2.5261597598E-02
    3.0999990002E-02    1.0947041001E+00    4.0203298716E-01   -1.5465549294E+03    2.3714330325E-02
    3.1019990002E-02    6.9715270489E-01    2.8908356681E-01   -1.5479085753E+03    3.3771824068E-02
    3.1039990002E-02    6.8919216899E-01   -2.5137998701E-01   -1.5496614997E+03    3.1830736959E-02
    3.1059990003E-02    1.0595850916E+00   -4.0114254816E-01   -1.5509871952E+03    1.7899951448E-02
    3.1079990003E-02    1.2267097445E+00   -1.8336598078E-01   -1.5517777788E+03    1.4141436846E-02
    3.1099990003E-02    1.2359449870E+00    4.8464455697E-02   -1.5522562154E+03    1.3220218616E-02
    3.1119990003E-02    1.1112956637E+00    3.0401307194E-01   -1.5529954855E+03    7.6938326283E-03
    3.1139990003E-02    7.8994622284E-01    2.2733098017E-01   -1.5543294042E+03    8.5017640923E-03
    3.1159990003E-02    8.3067393411E-01   -1.8678669556E-01   -1.5559576749E+03    7.6054369212E-03
    3.1179990003E-02    1.0971410558E+00   -2.3748828732E-01   -1.5571235245E+03    4.4357945168E-03
    3.1199990003E-02    1.2002857581E+00   -9.0082191802E-02   -1.5577816083E+03    2.2833975343E-03
    3.1219990003E-02    1.2185207483E+00    3.9958968448E-02   -1.5581374804E+03    2.6609784135E-03
    3.1239990003E-02    1.1989662272E+00    1.5783164319E-01   -1.5584979391E+03    5.5468759974E-03
    3.1259990003E-02    1.0987903179E+00    2.8361554286E-01   -1.5591330487E+03    1.1945721222E-02
    3.1279990003E-02    8.3384536315E-01    2.5795248513E-01   -1.5602022602E+03    2.1409769173E-02
    3.1299990003E-02    6.9438487830E-01   -1.7461623016E-01   -1.5618144007E+03    2.7615826579E-02
    3.1319990003E-02    1.0445701201E+00   -4.0035721249E-01   -1.5633228145E+03    2.4374530793E-02
    3.1339990003E-02    1.2428354694E+00   -1.2145585754E-01   -1.5642132781E+03    2.9605654085E-02
    3.1359990003E-02    1.2389253782E+00    1.7730552668E-01   -1.5647543948E+03    2.9687151089E-02
    3.1379990003E-02    1.0186986551E+00    4.3800399428E-01   -1.5656635401E+03    2.8994245710E-02
    3.1399990003E-02    6.3588664045E-01    1.7626921947E-01   -1.5671753833E+03    3.7494889644E-02
    3.1419990003E-02    7.7352325413E-01   -3.3082540026E-01   -1.5688780482E+03    2.8828068022E-02
    3.1439990003E-02    1.1124270524E+00   -3.6399339350E-01   -1.5700461676E+03    1.5115842460E-02
    3.1459990003E-02    1.2302077692E+00   -1.5055440762E-01   -1.5707324085E+03    1.1687267122E-02
    3.1479990003E-02    1.2281997751E+00    6.2281922348E-02   -1.5711896111E+03    9.6249482363E-03
    3.1499990003E-02    1.0911756285E+00    2.9723484518E-01   -1.5719607829E+03    4.4485263891E-03
    3.1519990003E-02    7.8844069667E-01    1.8242253971E-01   -1.5733243373E+03    4.8157569878E-03
    3.1539990003E-02    8.6965265347E-01   -2.0676703224E-01   -1.5749276000E+03    4.2906521270E-03
    3.1559990003E-02    1.1231766694E+00   -2.0856835008E-01   -1.5760434301E+03    3.0209963282E-03
    3.1579990003E-02    1.2090596812E+00   -4.7510989251E-02   -1.5766575156E+03    2.9344877137E-03
    3.1599990003E-02    1.2189548028E+00    7.9381355222E-02   -1.5770077579E+03    4.5227964698E-03
    3.1619990003E-02    1.1865708847E+00    2.0625419484E-01   -1.5774218698E+03    8.7516686289E-03
    3.1639990003E-02    1.0509105532E+00    3.2026535695E-01   -1.5781440743E+03    1.6869517462E-02
    3.1659990003E-02    7.5654602576E-01    2.0530078370E-01   -1.5793328115E+03    2.8371292491E-02
    3.1679990003E-02    7.2465987227E-01   -2.7914489565E-01   -1.5810194414E+03    3.3511593172E-02
    3.1699990003E-02    1.1143470135E+00   -3.8006322622E-01   -1.5824243458E+03    3.0249775433E-02
    3.1719990003E-02    1.2550106693E+00   -6.1018807521E-02   -1.5832085887E+03    3.6961316735E-02
    3.1739990003E-02    1.2176648919E+00    2.5810761367E-01   -1.5837969206E+03    3.3584004681E-02
    3.1759990003E-02    9.0247406926E-01    4.3979292261E-01   -1.5848817394E+03    3.5087446226E-02
    3.1779990003E-02    6.1880915350E-01    1.9932195078E-02   -1.5865482389E+03    3.8984586262E-02
    3.1799990003E-02    8.8396540095E-01   -3.7583840332E-01   -1.5881031963E+03    2.4943207092E-02
    3.1819990003E-02    1.1543290341E+00   -3.1400379031E-01   -1.5891003564E+03    1.2793751705E-02
    3.1839990003E-02    1.2302262984E+00   -1.2059385111E-01   -1.5896821685E+03    9.2854563262E-03
    3.1859990003E-02    1.2188981173E+00    7.1569008875E-02   -1.5901251007E+03    6.4435187486E-03
    3.1879990003E-02    1.0746418711E+00    2.8155216054E-01   -1.5909210783E+03    1.8598519935E-03
    3.1899990003E-02    7.7407102143E-01    1.3972825395E-01   -1.5923024130E+03    2.4080455184E-03
    3.1919990003E-02    8.8339018174E-01   -2.4251191047E-01   -1.5939004517E+03    1.6406791312E-03
    3.1939990003E-02    1.1528305414E+00   -1.8090304888E-01   -1.5949872408E+03    2.1969874045E-03
    3.1959990003E-02    1.2215851010E+00    1.5330276999E-03   -1.5955730263E+03    5.1399012836E-03
    3.1979990003E-02    1.2178813359E+00    1.4899990843E-01   -1.5959534923E+03    7.8830526194E-03
    3.1999990003E-02    1.1419684286E+00    2.9951183226E-01   -1.5965198134E+03    1.3933041222E-02
    3.2019990003E-02    9.0107656566E-01    3.4890320043E-01   -1.5974673167E+03    2.5938111871E-02
    3.2039990003E-02    6.3861333019E-01   -1.2514265641E-02   -1.5989645979E+03    3.9467554306E-02
    3.2059990003E-02    8.9980933379E-01   -4.3585309110E-01   -1.6006436308E+03    3.7926126093E-02
    3.2079990003E-02    1.2210764247E+00   -2.5057575945E-01   -1.6017531328E+03    3.8446127317E-02
    3.2099990003E-02    1.2571138601E+00    8.2399355336E-02   -1.6023509582E+03    4.2362055569E-02
    3.2119990003E-02    1.1008933126E+00    4.0732214498E-01   -1.6031663556E+03    3.6035461558E-02
    3.2139990003E-02    6.9423003593E-01    2.7257667909E-01   -1.6046046960E+03    4.0521460814E-02
    3.2159990003E-02    7.4097564314E-01   -2.3404468693E-01   -1.6063093662E+03    3.3241470629E-02
    3.2179990003E-02    1.0519761015E+00   -3.4983399759E-01   -1.6075024328E+03    1.8923962384E-02
    3.2199990003E-02    1.1946601760E+00   -2.2269527775E-01   -1.6082344610E+03    1.0103996907E-02
    3.2219990003E-02    1.2250418145E+00   -7.4912363707E-02   -1.6086645894E+03    6.3333343220E-03
    3.2239990003E-02    1.2017658395E+00    8.5303824899E-02   -1.6090951737E+03    3.5909331533E-03
    3.2259990003E-02    1.0558723404E+00    2.4858290435E-01   -1.6099055632E+03    1.2829294736E-03
    3.2279990003E-02    7.7273686275E-01    8.0926755344E-02   -1.6112837297E+03    2.0842165942E-03
    3.2299990003E-02    9.1558897258E-01   -2.8124298500E-01   -1.6128769904E+03    1.2534039308E-03
    3.2319990003E-02    1.1774711020E+00   -1.6839409846E-01   -1.6139488254E+03    5.0565845848E-03
    3.2339990003E-02    1.2323539481E+00    4.4011883904E-02   -1.6145094478E+03    9.9841353796E-03
    3.2359990003E-02    1.2081189017E+00    2.2770494082E-01   -1.6149617294E+03    1.2535598332E-02
    3.2379990003E-02    1.0523991184E+00    3.8425574029E-01   -1.6157184377E+03    2.1192809577E-02
    3.2399990003E-02    7.1365427607E-01    2.5605502743E-01   -1.6169478469E+03    3.8415840206E-02
    3.2419990003E-02    6.7246187809E-01   -2.8026162763E-01   -1.6186852629E+03    4.6968891066E-02
    3.2439990003E-02    1.0968050231E+00   -4.2618653281E-01   -1.6201297518E+03    4.0777914441E-02
    3.2459990003E-02    1.2589689093E+00   -9.7068621529E-02   -1.6209556464E+03    4.6361357069E-02
    3.2479990003E-02    1.2213200681E+00    2.4535130415E-01   -1.6215629717E+03    4.1759308967E-02
    3.2499990003E-02    8.9456743326E-01    4.2520274054E-01   -1.6227006465E+03    3.9489202177E-02
    3.2519990003E-02    6.6749822477E-01    4.0087326534E-04   -1.6243847665E+03    3.9393179165E-02
    3.2539990003E-02    9.2905482629E-01   -3.1470797345E-01   -1.6258139940E+03    2.7795086143E-02
    3.2559990003E-02    1.1367520346E+00   -2.6578954700E-01   -1.6267022996E+03    1.6994045015E-02
    3.2579990003E-02    1.2048204997E+00   -1.5010340810E-01   -1.6272292901E+03    9.6010413481E-03
    3.2599990003E-02    1.2162803363E+00   -4.3886535941E-02   -1.6275482428E+03    5.9833495527E-03
    3.2619990003E-02    1.1937868848E+00    8.1024464430E-02   -1.6279212027E+03    5.1633314504E-03
    3.2639990003E-02    1.0782319646E+00    2.2301975132E-01   -1.6286261122E+03    6.2391091425E-03
    3.2659990003E-02    8.1354905215E-01    1.2388734662E-01   -1.6298674330E+03    7.3857020888E-03
    3.2679990003E-02    8.5146610602E-01   -2.7268795726E-01   -1.6314928365E+03    7.0700019056E-03
    3.2699990003E-02    1.1542693222E+00   -2.4967886144E-01   -1.6327208361E+03    8.7164126247E-03
    3.2719990003E-02    1.2399327578E+00    8.0832433338E-03   -1.6333738573E+03    1.4942852290E-02
    3.2739990003E-02    1.2132441761E+00    2.3890064077E-01   -1.6338728314E+03    1.5646771515E-02
    3.2759990003E-02    1.0048236879E+00    4.2081371685E-01   -1.6347357849E+03    2.3083872163E-02
    3.2779990003E-02    6.4097259664E-01    1.8061657305E-01   -1.6361385514E+03    3.9485920060E-02
    3.2799990003E-02    7.4054726562E-01   -3.6224100581E-01   -1.6379014703E+03    3.9957515726E-02
    3.2819990003E-02    1.1448819433E+00   -3.8020770009E-01   -1.6391899802E+03    3.1538763910E-02
    3.2839990003E-02    1.2557821312E+00   -6.5639155164E-02   -1.6399074414E+03    3.5414781960E-02
    3.2859990003E-02    1.2030948067E+00    2.5253470848E-01   -1.6405189396E+03    2.9756228812E-02
    3.2879990003E-02    8.7613988213E-01    3.8641325927E-01   -1.6416827638E+03    2.8137187362E-02
    3.2899990003E-02    7.0683410201E-01   -3.7386790071E-02   -1.6433543267E+03    2.8039871375E-02
    3.2919990003E-02    9.7509975564E-01   -2.9086635704E-01   -1.6447255542E+03    1.9610464933E-02
    3.2939990003E-02    1.1535670889E+00   -2.1562639182E-01   -1.6455637238E+03    1.1340632043E-02
    3.2959990003E-02    1.2070436458E+00   -1.0013834064E-01   -1.6460409912E+03    5.7762198003E-03
    3.2979990003E-02    1.2138889382E+00   -4.0626432944E-03   -1.6463254410E+03    3.9162976790E-03
    3.2999990003E-02    1.1913526024E+00    1.0827057355E-01   -1.6466759239E+03    5.1479139015E-03
    3.3019990003E-02    1.0859092161E+00    2.3630393662E-01   -1.6473381554E+03    9.1865256060E-03
    3.3039990003E-02    8.2278702387E-01    1.7237522586E-01   -1.6484948534E+03    1.3472657774E-02
    3.3059990003E-02    7.8512421176E-01   -2.4929843872E-01   -1.6501280059E+03    1.4898768799E-02
    3.3079990003E-02    1.1217966509E+00   -3.1587984580E-01   -1.6514771108E+03    1.4283753357E-02
    3.3099990003E-02    1.2440402077E+00   -3.3657301752E-02   -1.6522177561E+03    2.1056230744E-02
    3.3119990003E-02    1.2216275864E+00    2.3009956387E-01   -1.6527405636E+03    2.0752407892E-02
    3.3139990003E-02    9.8930786848E-01    4.3749133338E-01   -1.6536525830E+03    2.5813284557E-02
    3.3159990003E-02    6.1836184261E-01    1.5186939478E-01   -1.6551380297E+03    3.9753407642E-02
    3.3179990003E-02    7.6927090619E-01   -3.7636428030E-01   -1.6568804394E+03    3.5052320322E-02
    3.3199990003E-02    1.1484254664E+00   -3.6619050409E-01   -1.6580963799E+03    2.4252993409E-02
    3.3219990003E-02    1.2497294617E+00   -7.9638328723E-02   -1.6587787093E+03    2.6042215571E-02
    3.3239990003E-02    1.2076344210E+00    2.0984308109E-01   -1.6593517422E+03    2.1164325413E-02
    3.3259990003E-02    9.2000224093E-01    3.7236704308E-01   -1.6604433116E+03    1.8317829121E-02
    3.3279990003E-02    7.2368564970E-01   -4.4336577623E-03   -1.6620732976E+03    1.9305391613E-02
    3.3299990003E-02    9.7612856236E-01   -2.6826347047E-01   -1.6634813390E+03    1.3943038282E-02
    3.3319990003E-02    1.1558130537E+00   -1.8766439553E-01   -1.6643399951E+03    8.1209189076E-03
    3.3339990003E-02    1.2074866471E+00   -6.5695501267E-02   -1.6648137391E+03    4.2511430008E-03
    3.3359990003E-02    1.2133798107E+00    3.0265113756E-02   -1.6650905430E+03    3.8185737964E-03
    3.3379990003E-02    1.1910656717E+00    1.3537802298E-01   -1.6654338383E+03    6.6692740717E-03
    3.3399990003E-02    1.0911269952E+00    2.5321402321E-01   -1.6660705217E+03    1.2814544549E-02
    3.3419990003E-02    8.3322516825E-01    2.1289905041E-01   -1.6671612260E+03    2.0063444008E-02
    3.3439990003E-02    7.3309561389E-01   -2.1493867968E-01   -1.6687803939E+03    2.4065601798E-02
    3.3459990003E-02    1.0852532661E+00   -3.6868898073E-01   -1.6702295471E+03    2.2102667396E-02
    3.3479990003E-02    1.2469029468E+00   -7.4164831966E-02   -1.6710550556E+03    2.9002836552E-02
    3.3499990003E-02    1.2300512600E+00    2.1971584591E-01   -1.6715997767E+03    2.8260418890E-02
    3.3519990003E-02    9.8132144937E-01    4.4977385583E-01   -1.6725492453E+03    3.0775491360E-02
    3.3539990003E-02    6.0851789836E-01    1.3524935536E-01   -1.6740934078E+03    4.1629877013E-02
    3.3559990003E-02    7.8750861547E-01   -3.7563805159E-01   -1.6758051196E+03    3.2764289685E-02
    3.3579990003E-02    1.1422804027E+00   -3.6248317430E-01   -1.6769668149E+03    1.9653157699E-02
    3.3599990003E-02    1.2428088408E+00   -1.0726655894E-01   -1.6776314496E+03    1.9047219698E-02
    3.3619990003E-02    1.2164045940E+00    1.5014681566E-01   -1.6781554920E+03    1.5159105588E-02
    3.3639990003E-02    9.8365486629E-01    3.5145942464E-01   -1.6791394558E+03    1.0512354479E-02
    3.3659990003E-02    7.4415007459E-01    5.1118456402E-02   -1.6807002655E+03    1.1784819251E-02
    3.3679990003E-02    9.6312999143E-01   -2.4360800680E-01   -1.6821710508E+03    9.5461419478E-03
    3.3699990003E-02    1.1550227192E+00   -1.6530674655E-01   -1.6830811102E+03    6.4386644079E-03
    3.3719990003E-02    1.2087854755E+00   -3.0997502973E-02   -1.6835717340E+03    4.5301333455E-03
    3.3739990003E-02    1.2137538275E+00    7.1165499447E-02   -1.6838635967E+03    5.6718818175E-03
    3.3759990003E-02    1.1873728896E+00    1.7752767627E-01   -1.6842303502E+03    1.0126269174E-02
    3.3779990003E-02    1.0776217193E+00    2.8633278633E-01   -1.6848861185E+03    1.8172606973E-02
    3.3799990003E-02    8.0935027700E-01    2.2874323107E-01   -1.6859786579E+03    2.8537726826E-02
    3.3819990003E-02    7.0423783495E-01   -2.2303338323E-01   -1.6876128704E+03    3.4992721013E-02
    3.3839990003E-02    1.0799051494E+00   -3.9942986386E-01   -1.6890967495E+03    3.2470084388E-02
    3.3859990003E-02    1.2535068482E+00   -8.5238874087E-02   -1.6899491159E+03    3.9776825709E-02
    3.3879990003E-02    1.2292923748E+00    2.4005817830E-01   -1.6905282344E+03    3.7602688509E-02
    3.3899990003E-02    9.3418243500E-01    4.5747090013E-01   -1.6915692352E+03    3.8687945496E-02
    3.3919990003E-02    6.0240469616E-01    6.7013955311E-02   -1.6932097805E+03    4.4522079125E-02
    3.3939990003E-02    8.4327300456E-01   -3.8181771085E-01   -1.6948297632E+03    3.0286653195E-02
    3.3959990003E-02    1.1467730417E+00   -3.4104023689E-01   -1.6958848904E+03    1.6435413555E-02
    3.3979990003E-02    1.2343179187E+00   -1.2811775664E-01   -1.6965031675E+03    1.3168009710E-02
    3.3999990003E-02    1.2198675472E+00    8.7306345960E-02   -1.6969750636E+03    9.8519519380E-03
    3.4019990003E-02    1.0489910409E+00    3.0326567425E-01   -1.6978360948E+03    4.1974387835E-03
    3.4039990003E-02    7.8145153213E-01    1.0538147813E-01   -1.6992900597E+03    4.1642451140E-03
    3.4059990003E-02    9.4209063201E-01   -2.2311796980E-01   -1.7008276230E+03    4.3412698434E-03
    3.4079990003E-02    1.1563346610E+00   -1.5232556350E-01   -1.7018253426E+03    4.9476538147E-03
    3.4099990003E-02    1.2143662674E+00    3.1167623234E-03   -1.7023568715E+03    6.1423695436E-03
    3.4119990003E-02    1.2154724076E+00    1.2173457356E-01   -1.7026896361E+03    8.9084166835E-03
    3.4139990003E-02    1.1715542556E+00    2.4461138721E-01   -1.7031385408E+03    1.5274489416E-02
    3.4159990003E-02    1.0147668353E+00    3.3750473854E-01   -1.7039006629E+03    2.5537251366E-02
    3.4179990003E-02    7.1513371911E-01    1.6623749804E-01   -1.7051394818E+03    3.9545563089E-02
    3.4199990003E-02    7.4375937210E-01   -3.3839237433E-01   -1.7068571153E+03    4.5281778904E-02
    3.4219990003E-02    1.1523477564E+00   -3.7049442137E-01   -1.7082251290E+03    4.3082097363E-02
    3.4239990003E-02    1.2641363951E+00   -1.8039205588E-02   -1.7089698131E+03    5.1087513146E-02
    3.4259990003E-02    1.1887390890E+00    3.3557250034E-01   -1.7096469802E+03    4.4644795980E-02
    3.4279990003E-02    7.9406366721E-01    4.0477824741E-01   -1.7109085335E+03    4.7163656680E-02
    3.4299990003E-02    6.4828160315E-01   -1.0520652309E-01   -1.7126533880E+03    4.4259138675E-02
    3.4319990003E-02    9.6154894035E-01   -3.7863259244E-01   -1.7140348284E+03    2.7163697453E-02
    3.4339990003E-02    1.1697028778E+00   -2.8621267951E-01   -1.7148984948E+03    1.5070642867E-02
    3.4359990003E-02    1.2258196336E+00   -1.2397076699E-01   -1.7154139486E+03    9.8873823998E-03
    3.4379990003E-02    1.2153944909E+00    4.2110419057E-02   -1.7158303914E+03    6.6432336773E-03
    3.4399990003E-02    1.0947262437E+00    2.3446947136E-01   -1.7165792735E+03    2.2046252218E-03
    3.4419990003E-02    7.7663630878E-01    1.4000273649E-01   -1.7179030977E+03    2.1739083851E-03
    3.4439990003E-02    8.5955645620E-01   -2.5920022597E-01   -1.7195264719E+03    1.5034378627E-03
    3.4459990003E-02    1.1568673990E+00   -1.9906164948E-01   -1.7206639568E+03    3.1761925314E-03
    3.4479990003E-02    1.2291764127E+00    1.2214698261E-02   -1.7212735611E+03    7.8425187400E-03
    3.4499990003E-02    1.2165997007E+00    1.8966431676E-01   -1.7217011324E+03    1.0204375300E-02
    3.4519990003E-02    1.0941431902E+00    3.5844759087E-01   -1.7223896115E+03    1.6988085093E-02
    3.4539990003E-02    7.7675280467E-01    3.0920105078E-01   -1.7235242829E+03    3.2175720553E-02
    3.4559990003E-02    6.3999450762E-01   -1.8884366173E-01   -1.7252057203E+03    4.3037822736E-02
    3.4579990003E-02    1.0327457425E+00   -4.4486323909E-01   -1.7267404984E+03    3.7115761967E-02
    3.4599990003E-02    1.2491754739E+00   -1.5260130702E-01   -1.7276565273E+03    4.0749026943E-02
    3.4619990003E-02    1.2402654924E+00    1.7681623431E-01   -1.7282279673E+03    3.9443652829E-02
    3.4639990003E-02    9.8245303645E-01    4.3512962013E-01   -1.7292290483E+03    3.5246501762E-02
    3.4659990003E-02    6.5742415589E-01    1.0595471964E-01   -1.7308373150E+03    3.7825215666E-02
    3.4679990003E-02    8.6148736745E-01   -3.0013831622E-01   -1.7323947445E+03    2.7603613177E-02
    3.4699990003E-02    1.1129241899E+00   -2.9473711053E-01   -1.7333930247E+03    1.6153637795E-02
    3.4719990003E-02    1.2029914295E+00   -1.7030168979E-01   -1.7339933219E+03    8.6616845624E-03
    3.4739990003E-02    1.2193314208E+00   -5.0345905366E-02   -1.7343514086E+03    5.1065535608E-03
    3.4759990003E-02    1.1951820793E+00    8.6820014755E-02   -1.7347504468E+03    3.7463641551E-03
    3.4779990003E-02    1.0653963396E+00    2.3617109489E-01   -1.7354987050E+03    3.8098069651E-03
    3.4799990003E-02    7.9881273772E-01    1.0358606426E-01   -1.7367995300E+03    4.5055496666E-03
    3.4819990003E-02    8.7977245692E-01   -2.8009148178E-01   -1.7384162940E+03    4.0202718100E-03
    3.4839990003E-02    1.1639230685E+00   -2.2335759752E-01   -1.7395815157E+03    6.0676912703E-03
    3.4859990003E-02    1.2368689056E+00    1.7039022323E-02   -1.7401979188E+03    1.1470168661E-02
    3.4879990003E-02    1.2108728230E+00    2.3027242457E-01   -1.7406798212E+03    1.2599710912E-02
    3.4899990003E-02    1.0210291339E+00    4.0440822443E-01   -1.7415097786E+03    1.9994570196E-02
    3.4919990003E-02    6.6547143245E-01    2.0024717128E-01   -1.7428632251E+03    3.5921223994E-02
    3.4939990003E-02    7.2660485803E-01   -3.3861811057E-01   -1.7446201846E+03    3.8362348650E-02
    3.4959990003E-02    1.1330417305E+00   -3.8615142867E-01   -1.7459437662E+03    3.0738825339E-02
    3.4979990003E-02    1.2550537542E+00   -7.2111593762E-02   -1.7466834250E+03    3.4928079726E-02
    3.4999990003E-02    1.2092171813E+00    2.4466737837E-01   -1.7472829505E+03    2.9973375061E-02
    3.5019990003E-02    8.9052909732E-01    3.9961719880E-01   -1.7484164761E+03    2.8562663884E-02
    3.5039990003E-02    6.8757278604E-01   -1.6942304405E-02   -1.7500849450E+03    2.9128883119E-02
    3.5059990003E-02    9.5183879161E-01   -3.0642901721E-01   -1.7515020459E+03    1.9878639467E-02
    3.5079990003E-02    1.1491115998E+00   -2.3965015996E-01   -1.7523794917E+03    1.0937569184E-02
    3.5099990003E-02    1.2092081606E+00   -1.1654419020E-01   -1.7528878151E+03    5.3136692266E-03
    3.5119990003E-02    1.2160255891E+00   -7.7733996593E-03   -1.7532019444E+03    3.1276191841E-03
    3.5139990003E-02    1.1841259530E+00    1.2475614897E-01   -1.7536107333E+03    3.5816662323E-03
    3.5159990003E-02    1.0420022508E+00    2.5306402315E-01   -1.7543819193E+03    6.1833890698E-03
    3.5179990003E-02    7.7321665728E-01    8.8080543923E-02   -1.7556993155E+03    8.9325339994E-03
    3.5199990003E-02    8.7324088951E-01   -3.0955264896E-01   -1.7573316928E+03    8.4840674982E-03
    3.5219990003E-02    1.1720920249E+00   -2.3784834468E-01   -1.7585002990E+03    9.9165380726E-03
    3.5239990003E-02    1.2424117111E+00    2.2892436480E-02   -1.7591154537E+03    1.5513482494E-02
    3.5259990003E-02    1.2016386034E+00    2.6473950247E-01   -1.7596475117E+03    1.5377342219E-02
    3.5279990003E-02    9.4988326544E-01    4.2157954349E-01   -1.7605951496E+03    2.3272070733E-02
    3.5299990003E-02    6.1521621895E-01    9.0580769372E-02   -1.7621091185E+03    3.7208372498E-02
    3.5319990003E-02    8.1654082475E-01   -4.0271403977E-01   -1.7638245904E+03    3.2490041937E-02
    3.5339990003E-02    1.1756944545E+00   -3.3009372131E-01   -1.7649931822E+03    2.4978775071E-02
    3.5359990003E-02    1.2524505763E+00   -3.3116023916E-02   -1.7656338292E+03    2.8065186921E-02
    3.5379990003E-02    1.1852879190E+00    2.6906034509E-01   -1.7662619172E+03    2.2181339193E-02
    3.5399990003E-02    8.5317858687E-01    3.5920004473E-01   -1.7674543833E+03    2.1844158603E-02
    3.5419990003E-02    7.2278885125E-01   -7.3505286026E-02   -1.7691252341E+03    2.1729344382E-02
    3.5439990003E-02    9.9930298669E-01   -2.9311693750E-01   -1.7704691895E+03    1.4165944238E-02
    3.5459990003E-02    1.1667475378E+00   -1.9867184630E-01   -1.7712851340E+03    7.1095193913E-03
    3.5479990003E-02    1.2123668368E+00   -7.5453200664E-02   -1.7717419386E+03    3.0854810794E-03
    3.5499990003E-02    1.2135392287E+00    3.3341516028E-02   -1.7720391386E+03    2.2726807552E-03
    3.5519990003E-02    1.1728948941E+00    1.6351478984E-01   -1.7724775912E+03    4.3752492112E-03
    3.5539990003E-02    1.0117897668E+00    2.7157252687E-01   -1.7732915709E+03    8.8352851905E-03
    3.5559990003E-02    7.4403936948E-01    6.0589022322E-02   -1.7746496880E+03    1.3460722689E-02
    3.5579990003E-02    8.8258396653E-01   -3.4006804809E-01   -1.7762900648E+03    1.2811931400E-02
    3.5599990003E-02    1.1850954447E+00   -2.3736941961E-01   -1.7774357035E+03    1.4104477616E-02
    3.5619990003E-02    1.2464303809E+00    3.7202918429E-02   -1.7780364722E+03    1.9522633980E-02
    3.5639990003E-02    1.1858788737E+00    3.0185204195E-01   -1.7786236354E+03    1.8260616817E-02
    3.5659990003E-02    8.7609292113E-01    4.1558302703E-01   -1.7796846191E+03    2.6807748470E-02
    3.5679990003E-02    6.0311687459E-01   -1.5328525212E-02   -1.7813199315E+03    3.6951692338E-02
    3.5699990003E-02    8.9778053683E-01   -4.2663218664E-01   -1.7829436925E+03    2.7193621253E-02
    3.5719990003E-02    1.1985350119E+00   -2.8302564018E-01   -1.7839867620E+03    2.0442026920E-02
    3.5739990003E-02    1.2482780776E+00   -8.3518260712E-03   -1.7845607035E+03    2.2243840372E-02
    3.5759990003E-02    1.1658422346E+00    2.7931089998E-01   -1.7852131170E+03    1.6200893823E-02
    3.5779990003E-02    8.3376431858E-01    3.2287793300E-01   -1.7864424154E+03    1.6282453487E-02
    3.5799990003E-02    7.5438847943E-01   -1.0936767029E-01   -1.7881045301E+03    1.5924550006E-02
    3.5819990003E-02    1.0326030672E+00   -2.7696321563E-01   -1.7893979359E+03    9.9940161409E-03
    3.5839990003E-02    1.1786418808E+00   -1.6334876049E-01   -1.7901677923E+03    4.6833047621E-03
    3.5859990003E-02    1.2144063611E+00   -3.7901013477E-02   -1.7905850350E+03    2.1328369404E-03
    3.5879990003E-02    1.2116471813E+00    6.3837021336E-02   -1.7908830770E+03    2.4512703580E-03
    3.5899990003E-02    1.1625242948E+00    1.9200977357E-01   -1.7913543329E+03    5.8321365895E-03
    3.5919990003E-02    9.8399071344E-01    2.8203150528E-01   -1.7922064183E+03    1.1710738024E-02
    3.5939990003E-02    7.2209790391E-01    3.0100040813E-02   -1.7936038870E+03    1.7569003733E-02
    3.5959990003E-02    8.9892818998E-01   -3.6434591879E-01   -1.7952445286E+03    1.6607725596E-02
    3.5979990003E-02    1.1978229272E+00   -2.2886447170E-01   -1.7963616655E+03    1.8205126280E-02
    3.5999990003E-02    1.2489349279E+00    5.5917970031E-02   -1.7969478733E+03    2.3274473167E-02
    3.6019990003E-02    1.1658193800E+00    3.3711326620E-01   -1.7975911006E+03    2.1246031978E-02
    3.6039990003E-02    8.1123917046E-01    3.9315181181E-01   -1.7987520523E+03    3.0411114045E-02
    3.6059990003E-02    6.1456294658E-01   -1.0126485349E-01   -1.8004613787E+03    3.6532321469E-02
    3.6079990003E-02    9.5831070457E-01   -4.2914891221E-01   -1.8019883302E+03    2.3832863224E-02
    3.6099990003E-02    1.2107014057E+00   -2.4961982586E-01   -1.8029390812E+03    1.7758539217E-02
    3.6119990003E-02    1.2444473805E+00    7.5003044264E-03   -1.8034717745E+03    1.8501695415E-02
    3.6139990003E-02    1.1503573859E+00    2.8404387539E-01   -1.8041464738E+03    1.2440456117E-02
    3.6159990003E-02    8.2198498990E-01    2.9201146084E-01   -1.8054054165E+03    1.2577344342E-02
    3.6179990003E-02    7.8258377648E-01   -1.3438876149E-01   -1.8070566015E+03    1.2088985585E-02
    3.6199990003E-02    1.0578927278E+00   -2.5957836408E-01   -1.8083075474E+03    7.5911652647E-03
    3.6219990003E-02    1.1868829729E+00   -1.3224946512E-01   -1.8090372997E+03    3.6747199197E-03
    3.6239990003E-02    1.2154904477E+00   -7.9129385829E-03   -1.8094261815E+03    2.3424078399E-03
    3.6259990003E-02    1.2086700268E+00    9.7416745287E-02   -1.8097323595E+03    3.7485309294E-03
    3.6279990003E-02    1.1486055050E+00    2.2301886865E-01   -1.8102425705E+03    8.5476063789E-03
    3.6299990003E-02    9.4955265592E-01    2.8960687771E-01   -1.8111372780E+03    1.6096409455E-02
    3.6319990003E-02    6.9947410554E-01   -9.4495514633E-03   -1.8125804924E+03    2.3276674051E-02
    3.6339990003E-02    9.2206876210E-01   -3.9044570363E-01   -1.8142171983E+03    2.1925801482E-02
    3.6359990003E-02    1.2126916985E+00   -2.1489775094E-01   -1.8152999656E+03    2.4216644305E-02
    3.6379990003E-02    1.2509648021E+00    8.3402804248E-02   -1.8158739322E+03    2.8582615800E-02
    3.6399990003E-02    1.1328153372E+00    3.8013340150E-01   -1.8165963404E+03    2.5835967069E-02
    3.6419990003E-02    7.3734586338E-01    3.4498502120E-01   -1.8178823367E+03    3.5171781567E-02
    3.6439990003E-02    6.5070514446E-01   -1.9335668317E-01   -1.8196386928E+03    3.5610634602E-02
    3.6459990003E-02    1.0183050488E+00   -4.1704741905E-01   -1.8210392055E+03    2.0777327220E-02
    3.6479990003E-02    1.2188374895E+00   -2.1852861100E-01   -1.8218922710E+03    1.5124286361E-02
    3.6499990003E-02    1.2394526025E+00    1.7980411298E-02   -1.8223883521E+03    1.4673507718E-02
    3.6519990003E-02    1.1367126232E+00    2.7986395901E-01   -1.8230811838E+03    8.6828025670E-03
    3.6539990003E-02    8.1910299347E-01    2.5907701615E-01   -1.8243606669E+03    8.4715689344E-03
    3.6559990003E-02    8.1438074128E-01   -1.5326835641E-01   -1.8259953252E+03    8.1567851768E-03
    3.6579990003E-02    1.0829034691E+00   -2.3604036549E-01   -1.8272069746E+03    5.5546986541E-03
    3.6599990003E-02    1.1954251740E+00   -9.3818687515E-02   -1.8278963651E+03    3.3947868849E-03
    3.6619990003E-02    1.2169985115E+00    3.1837326671E-02   -1.8282653302E+03    3.6013787289E-03
    3.6639990003E-02    1.2033565434E+00    1.4251606602E-01   -1.8285989902E+03    6.5148853222E-03
    3.6659990003E-02    1.1240503484E+00    2.6503794900E-01   -1.8291703321E+03    1.3005511217E-02
    3.6679990003E-02    8.9112197993E-01    2.9008240032E-01   -1.8301382537E+03    2.2654346549E-02
    3.6699990003E-02    6.7553360940E-01   -8.2693465912E-02   -1.8316623814E+03    3.1123177875E-02
    3.6719990003E-02    9.7183596424E-01   -4.1815183097E-01   -1.8332710594E+03    2.8911714609E-02
    3.6739990003E-02    1.2330514036E+00   -1.7999040155E-01   -1.8342837125E+03    3.2808089915E-02
    3.6759990003E-02    1.2494266165E+00    1.3468862183E-01   -1.8348465867E+03    3.5117525206E-02
    3.6779990003E-02    1.0657546904E+00    4.3047370785E-01   -1.8356980566E+03    3.2249709706E-02
    3.6799990003E-02    6.5737301439E-01    2.4170045637E-01   -1.8371552010E+03    4.0465864191E-02
    3.6819990003E-02    7.3042946263E-01   -2.9061425407E-01   -1.8388902127E+03    3.2986277347E-02
    3.6839990003E-02    1.0804624013E+00   -3.8329529519E-01   -1.8401165049E+03    1.7548906326E-02
    3.6859990003E-02    1.2231591783E+00   -1.8646374464E-01   -1.8408538877E+03    1.2088024942E-02
    3.6879990003E-02    1.2324468039E+00    2.1906584309E-02   -1.8413118797E+03    1.0371820015E-02
    3.6899990003E-02    1.1276753778E+00    2.6120702323E-01   -1.8420105095E+03    4.7468836599E-03
    3.6919990003E-02    8.2906371122E-01    2.2583439779E-01   -1.8432884814E+03    3.7168941199E-03
    3.6939990003E-02    8.4396856245E-01   -1.6662030528E-01   -1.8449052660E+03    3.9014772200E-03
    3.6959990003E-02    1.1064284675E+00   -2.1268552340E-01   -1.8460964890E+03    3.6060787132E-03
    3.6979990003E-02    1.2056625881E+00   -5.1869244338E-02   -1.8467600705E+03    4.1126363739E-03
    3.6999990003E-02    1.2193586424E+00    7.9142838193E-02   -1.8471276981E+03    5.9915200956E-03
    3.7019990003E-02    1.1916641239E+00    2.0404140746E-01   -1.8475265822E+03    1.0467971645E-02
    3.7039990004E-02    1.0703639751E+00    3.2029611147E-01   -1.8482099305E+03    1.8987742045E-02
    3.7059990004E-02    7.8328473477E-01    2.4652933772E-01   -1.8493317007E+03    3.1543531441E-02
    3.7079990004E-02    6.8566191375E-01   -2.3056037935E-01   -1.8509935424E+03    3.9427695588E-02
    3.7099990004E-02    1.0770742142E+00   -4.1458166272E-01   -1.8524831750E+03    3.5939043431E-02
    3.7119990004E-02    1.2551688563E+00   -9.6206010579E-02   -1.8533425960E+03    4.2642613785E-02
    3.7139990004E-02    1.2288288841E+00    2.3797785352E-01   -1.8539319021E+03    3.9853808814E-02
    3.7159990004E-02    9.2351469142E-01    4.5014502528E-01   -1.8550028107E+03    3.9467417467E-02
    3.7179990004E-02    6.1984174770E-01    4.6792708673E-02   -1.8566650963E+03    4.2673739935E-02
    3.7199990004E-02    8.6901552018E-01   -3.6154025054E-01   -1.8582256542E+03    2.8176175187E-02
    3.7219990004E-02    1.1395092705E+00   -3.2280570944E-01   -1.8592274943E+03    1.4799529778E-02
    3.7239990004E-02    1.2241506191E+00   -1.4864512950E-01   -1.8598264020E+03    9.4348336034E-03
    3.7259990004E-02    1.2228890834E+00    2.5620638245E-02   -1.8602454729E+03    6.7357686196E-03
    3.7279990004E-02    1.1196053429E+00    2.3279149561E-01   -1.8609441640E+03    2.1260038406E-03
    3.7299990004E-02    7.9953269757E-01    1.9582319729E-01   -1.8622065475E+03    2.1874645077E-03
    3.7319990004E-02    8.2059238776E-01   -2.1983641997E-01   -1.8638436788E+03    1.9582412524E-03
    3.7339990004E-02    1.1360552405E+00   -2.1236932507E-01   -1.8650522190E+03    2.6829870379E-03
    3.7359990004E-02    1.2245563296E+00   -6.9869693729E-03   -1.8657101143E+03    7.2811503259E-03
    3.7379990004E-02    1.2214133492E+00    1.6267578350E-01   -1.8661240751E+03    1.0055147287E-02
    3.7399990004E-02    1.1300883842E+00    3.3053267932E-01   -1.8667376998E+03    1.6206064963E-02
    3.7419990004E-02    8.5318914664E-01    3.5362182122E-01   -1.8677549776E+03    3.0270457037E-02
    3.7439990004E-02    6.1904493653E-01   -7.1540574065E-02   -1.8693333950E+03    4.4754970982E-02
    3.7459990004E-02    9.4284391135E-01   -4.5584685991E-01   -1.8709831819E+03    4.1387106915E-02
    3.7479990004E-02    1.2354981566E+00   -2.2207821637E-01   -1.8720326351E+03    4.2802109202E-02
    3.7499990004E-02    1.2538937199E+00    1.1753512704E-01   -1.8726197339E+03    4.4842003945E-02
    3.7519990004E-02    1.0526426907E+00    4.2867502064E-01   -1.8735223313E+03    3.8357592147E-02
    3.7539990004E-02    6.7015801754E-01    1.9824369492E-01   -1.8750552133E+03    4.1619376291E-02
    3.7559990004E-02    8.0277456094E-01   -2.6525511530E-01   -1.8766918872E+03    3.2442521246E-02
    3.7579990004E-02    1.0813371672E+00   -3.1616004780E-01   -1.8777745512E+03    1.9737699746E-02
    3.7599990004E-02    1.1938959952E+00   -1.9980053439E-01   -1.8784340470E+03    1.1140295928E-02
    3.7619990004E-02    1.2190409477E+00   -7.7767658243E-02   -1.8788215007E+03    6.5787682706E-03
    3.7639990004E-02    1.2042160361E+00    5.2492296623E-02   -1.8791907649E+03    4.6649897671E-03
    3.7659990004E-02    1.1025606777E+00    2.1134414613E-01   -1.8798632006E+03    4.1035054985E-03
    3.7679990004E-02    8.4019807622E-01    1.5568758171E-01   -1.8810676335E+03    4.1724269722E-03
    3.7699990004E-02    8.3865912488E-01   -2.3479181997E-01   -1.8826845680E+03    3.8521034965E-03
    3.7719990004E-02    1.1353009107E+00   -2.5330907465E-01   -1.8839459302E+03    5.2858935390E-03
    3.7739990004E-02    1.2337493332E+00   -1.1839394355E-02   -1.8846301594E+03    1.1096484917E-02
    3.7759990004E-02    1.2210943555E+00    1.9822931991E-01   -1.8850933715E+03    1.2742830487E-02
    3.7779990004E-02    1.0683729993E+00    3.9103866629E-01   -1.8858506128E+03    1.8832983555E-02
    3.7799990004E-02    7.1365040432E-01    2.7518644064E-01   -1.8871020997E+03    3.4891909446E-02
    3.7819990004E-02    6.6678180120E-01   -2.6535370378E-01   -1.8888486872E+03    4.1741865851E-02
    3.7839990004E-02    1.0819235687E+00   -4.2594414716E-01   -1.8902833542E+03    3.3557176010E-02
    3.7859990004E-02    1.2523293098E+00   -1.2019091712E-01   -1.8911134246E+03    3.7005438772E-02
    3.7879990004E-02    1.2281168991E+00    2.0002356162E-01   -1.8916881905E+03    3.3821407858E-02
    3.7899990004E-02    9.4572687383E-01    4.1761403984E-01   -1.8927437032E+03    3.0412093250E-02
    3.7919990004E-02    6.7703962189E-01    5.0727936593E-02   -1.8943793188E+03    3.1966098216E-02
    3.7939990004E-02    9.1213952312E-01   -2.9455819448E-01   -1.8958651232E+03    2.3011639651E-02
    3.7959990004E-02    1.1314257754E+00   -2.5553004738E-01   -1.8967978693E+03    1.3443442727E-02
    3.7979990004E-02    1.2039422445E+00   -1.3582059417E-01   -1.8973461846E+03    6.9258735871E-03
    3.7999990004E-02    1.2160006852E+00   -2.9406825314E-02   -1.8976681913E+03    4.0402097432E-03
    3.8019990004E-02    1.1946928090E+00    9.2294802827E-02   -1.8980309853E+03    4.0507326402E-03
    3.8039990004E-02    1.0858130972E+00    2.3129969756E-01   -1.8987099142E+03    6.5389278961E-03
    3.8059990004E-02    8.1986394551E-01    1.5681177903E-01   -1.8999048069E+03    9.2696766914E-03
    3.8079990004E-02    8.1265349936E-01   -2.5597577346E-01   -1.9015384066E+03    9.7294719852E-03
    3.8099990004E-02    1.1340305800E+00   -2.8644488181E-01   -1.9028353951E+03    9.8999769719E-03
    3.8119990004E-02    1.2406066272E+00   -1.9053465807E-02   -1.9035393795E+03    1.6183819881E-02
    3.8139990004E-02    1.2189320825E+00    2.2429660820E-01   -1.9040440722E+03    1.6503817025E-02
    3.8159990004E-02    1.0092559128E+00    4.2346310118E-01   -1.9049139973E+03    2.2315166333E-02
    3.8179990004E-02    6.3992493777E-01    1.8140295469E-01   -1.9063374309E+03    3.7316986807E-02
    3.8199990004E-02    7.4564100392E-01   -3.5691413390E-01   -1.9080945575E+03    3.5970006609E-02
    3.8219990004E-02    1.1395714943E+00   -3.7642796258E-01   -1.9093638978E+03    2.6409233140E-02
    3.8239990004E-02    1.2516698234E+00   -7.8052839235E-02   -1.9100754865E+03    2.9132772925E-02
    3.8259990004E-02    1.2088571801E+00    2.2287302227E-01   -1.9106593299E+03    2.4344153354E-02
    3.8279990004E-02    9.0963842129E-01    3.8473997529E-01   -1.9117655988E+03    2.2114690341E-02
    3.8299990004E-02    7.0749115560E-01   -7.1813487957E-03   -1.9134113477E+03    2.3062215947E-02
    3.8319990004E-02    9.6411864990E-01   -2.8479899593E-01   -1.9148278771E+03    1.6063489897E-02
    3.8339990004E-02    1.1524776214E+00   -2.1114874050E-01   -1.9156989703E+03    8.8140632755E-03
    3.8359990004E-02    1.2083010127E+00   -8.8417648395E-02   -1.9161918707E+03    4.0641815839E-03
    3.8379990004E-02    1.2144551029E+00    1.3689021885E-02   -1.9164880495E+03    2.8082339167E-03
    3.8399990004E-02    1.1871517786E+00    1.3252614322E-01   -1.9168670978E+03    4.5619127758E-03
    3.8419990004E-02    1.0651903890E+00    2.5699461215E-01   -1.9175761629E+03    9.0887364492E-03
    3.8439990004E-02    7.9144084157E-01    1.5080744185E-01   -1.9187926737E+03    1.4195798966E-02
    3.8459990004E-02    8.0197542647E-01   -2.8198280768E-01   -1.9204455172E+03    1.5306878867E-02
    3.8479990004E-02    1.1409862954E+00   -3.0252137677E-01   -1.9217459674E+03    1.4771385183E-02
    3.8499990004E-02    1.2460334264E+00   -1.6895596571E-02   -1.9224490312E+03    2.1217897936E-02
    3.8519990004E-02    1.2129945866E+00    2.5122856340E-01   -1.9229910725E+03    2.0208284206E-02
    3.8539990004E-02    9.5158898724E-01    4.3543026785E-01   -1.9239585239E+03    2.5923059241E-02
    3.8559990004E-02    6.0778766719E-01    9.2825233798E-02   -1.9255079694E+03    3.8151058636E-02
    3.8579990004E-02    8.1713441562E-01   -3.9773813248E-01   -1.9272103701E+03    3.0795789884E-02
    3.8599990004E-02    1.1669862055E+00   -3.3665010456E-01   -1.9283565616E+03    2.0960363556E-02
    3.8619990004E-02    1.2482530643E+00   -5.9313990285E-02   -1.9289945004E+03    2.2564248056E-02
    3.8639990004E-02    1.1974758876E+00    2.2301003862E-01   -1.9295796987E+03    1.7396224407E-02
    3.8659990004E-02    9.0232007495E-01    3.5818316688E-01   -1.9306960486E+03    1.5384382160E-02
    3.8679990004E-02    7.3180646894E-01   -3.1127064343E-02   -1.9323325277E+03    1.6251919091E-02
    3.8699990004E-02    9.9250601859E-01   -2.7189747281E-01   -1.9337206035E+03    1.1190785141E-02
    3.8719990004E-02    1.1644637743E+00   -1.7772556047E-01   -1.9345615860E+03    5.9774018126E-03
    3.8739990004E-02    1.2109189239E+00   -5.0740283664E-02   -1.9350212986E+03    2.9927806432E-03
    3.8759990004E-02    1.2132062953E+00    5.1565488440E-02   -1.9353109595E+03    3.1873625972E-03
    3.8779990004E-02    1.1790103337E+00    1.6838758229E-01   -1.9357180168E+03    6.6278947088E-03
    3.8799990004E-02    1.0422433414E+00    2.7846900189E-01   -1.9364592840E+03    1.3079605504E-02
    3.8819990004E-02    7.6235946038E-01    1.3683987002E-01   -1.9377034632E+03    2.0348930512E-02
    3.8839990004E-02    8.0015987527E-01   -3.1244158157E-01   -1.9393753266E+03    2.1946369199E-02
    3.8859990004E-02    1.1538479003E+00   -3.1008461177E-01   -1.9406685296E+03    2.1199636022E-02
    3.8879990004E-02    1.2516680652E+00   -5.2586810704E-03   -1.9413625989E+03    2.7943986673E-02
    3.8899990004E-02    1.2013369420E+00    2.8891760806E-01   -1.9419536805E+03    2.5408471207E-02
    3.8919990004E-02    8.8212046863E-01    4.3299933718E-01   -1.9430318063E+03    3.1411055272E-02
    3.8939990004E-02    5.9904032284E-01   -2.8452628407E-03   -1.9446911262E+03    3.9421143625E-02
    3.8959990004E-02    8.8787013821E-01   -4.1716418111E-01   -1.9462982161E+03    2.7051878314E-02
    3.8979990004E-02    1.1850749522E+00   -3.0268863920E-01   -1.9473314619E+03    1.7321729149E-02
    3.8999990004E-02    1.2444053147E+00   -4.9119176144E-02   -1.9479101251E+03    1.7713607188E-02
    3.9019990004E-02    1.1884549279E+00    2.1621437090E-01   -1.9484965978E+03    1.2332167843E-02
    3.9039990004E-02    9.0166453300E-01    3.3143937403E-01   -1.9496180587E+03    1.0010168282E-02
    3.9059990004E-02    7.5839968221E-01   -4.9817780704E-02   -1.9512425192E+03    1.0754781941E-02
    3.9079990004E-02    1.0197513452E+00   -2.5391956399E-01   -1.9526038012E+03    7.8623158751E-03
    3.9099990004E-02    1.1755681017E+00   -1.3959132222E-01   -1.9534129716E+03    4.7088083483E-03
    3.9119990004E-02    1.2136382875E+00   -8.0788238615E-03   -1.9538442009E+03    3.5174489455E-03
    3.9139990004E-02    1.2112360867E+00    9.6489452414E-02   -1.9541449723E+03    5.2371997330E-03
    3.9159990004E-02    1.1650525460E+00    2.1439521724E-01   -1.9546012179E+03    1.0403231161E-02
    3.9179990004E-02    1.0006647407E+00    3.0389072966E-01   -1.9554010103E+03    1.8906081811E-02
    3.9199990004E-02    7.1734332819E-01    9.5318109693E-02   -1.9567134965E+03    2.8490702461E-02
    3.9219990004E-02    8.2312357874E-01   -3.6303555490E-01   -1.9584061603E+03    2.9955633625E-02
    3.9239990004E-02    1.1812367081E+00   -2.9745499459E-01   -1.9596514549E+03    2.9722415111E-02
    3.9259990004E-02    1.2571595984E+00    2.7097584159E-02   -1.9603113458E+03    3.6316021934E-02
    3.9279990004E-02    1.1711906993E+00    3.4769131034E-01   -1.9609861972E+03    3.1875858430E-02
    3.9299990004E-02    7.8508333060E-01    3.9336360459E-01   -1.9622201046E+03    3.8305045747E-02
    3.9319990004E-02    6.2908202441E-01   -1.2492935565E-01   -1.9639662757E+03    3.9167634036E-02
    3.9339990004E-02    9.7091708276E-01   -4.1294764403E-01   -1.9654121571E+03    2.3041146246E-02
    3.9359990004E-02    1.1986467143E+00   -2.6469961461E-01   -1.9663136643E+03    1.3839576791E-02
    3.9379990004E-02    1.2386780912E+00   -4.4267243048E-02   -1.9668298352E+03    1.2752340842E-02
    3.9399990004E-02    1.1818149238E+00    1.9648201690E-01   -1.9674078736E+03    7.5143512787E-03
    3.9419990004E-02    9.1413615844E-01    3.0119441286E-01   -1.9685125299E+03    4.5063112809E-03
    3.9439990004E-02    7.8412801662E-01   -6.1224355410E-02   -1.9701159093E+03    5.1702009552E-03
    3.9459990004E-02    1.0426824102E+00   -2.3838660456E-01   -1.9714706996E+03    4.5956029165E-03
    3.9479990004E-02    1.1880108069E+00   -1.0037760379E-01   -1.9722645058E+03    4.3662432343E-03
    3.9499990004E-02    1.2180084264E+00    3.8920341369E-02   -1.9726850957E+03    5.4773825641E-03
    3.9519990004E-02    1.2067112711E+00    1.5510549109E-01   -1.9730272401E+03    8.8518063546E-03
    3.9539990004E-02    1.1324482926E+00    2.7842203888E-01   -1.9735802576E+03    1.6145813939E-02
    3.9559990004E-02    9.0892131387E-01    3.1841944062E-01   -1.9745052735E+03    2.7234230185E-02
    3.9579990004E-02    6.5810138218E-01   -2.7648942508E-02   -1.9759796064E+03    3.8834207424E-02
    3.9599990004E-02    9.1778327571E-01   -4.3194908462E-01   -1.9776494954E+03    3.7944836963E-02
    3.9619990004E-02    1.2271359141E+00   -2.2797028341E-01   -1.9787492566E+03    4.0455348834E-02
    3.9639990004E-02    1.2563540634E+00    1.1067796341E-01   -1.9793454263E+03    4.4072495025E-02
    3.9659990004E-02    1.0791391187E+00    4.3091355111E-01   -1.9801979371E+03    3.8862731779E-02
    3.9679990004E-02    6.6351322707E-01    2.5207984167E-01   -1.9816716108E+03    4.4826263690E-02
    3.9699990004E-02    7.3647979155E-01   -2.7121846388E-01   -1.9833913098E+03    3.5640666499E-02
    3.9719990004E-02    1.0662272894E+00   -3.7203966618E-01   -1.9845869380E+03    1.9373384582E-02
    3.9739990004E-02    1.2094254992E+00   -2.1520519464E-01   -1.9853205682E+03    1.1251142171E-02
    3.9759990004E-02    1.2305304507E+00   -3.7567825054E-02   -1.9857636665E+03    8.6273287226E-03
    3.9779990004E-02    1.1741212650E+00    1.6923297907E-01   -1.9863283991E+03    4.0704050924E-03
    3.9799990004E-02    9.0452151196E-01    2.6720998833E-01   -1.9873960064E+03    8.9010053674E-04
    3.9819990004E-02    8.1140860199E-01   -7.8725174090E-02   -1.9889911457E+03    9.1214003891E-04
    3.9839990004E-02    1.0441441698E+00   -2.9726725424E-01   -1.9904020288E+03    1.0453145817E-03
    3.9859990004E-02    1.2114704985E+00   -9.1146284814E-02   -1.9912356926E+03    4.6735841838E-03
    3.9879990004E-02    1.2301668765E+00    9.6999499604E-02   -1.9916889840E+03    7.6695222846E-03
    3.9899990004E-02    1.1719138554E+00    2.8276333122E-01   -1.9922246116E+03    1.0768751178E-02
    3.9919990004E-02    9.3877428965E-01    3.7930539224E-01   -1.9931490162E+03    2.1336492071E-02
    3.9939990004E-02    6.3752915710E-01    5.7868752847E-02   -1.9946168043E+03    3.5784405590E-02
    3.9959990004E-02    8.4310790040E-01   -4.1258263958E-01   -1.9963267081E+03    3.4407898745E-02
    3.9979990004E-02    1.1960885927E+00   -2.9844987329E-01   -1.9974976140E+03    3.1453034005E-02
    3.9999990004E-02    1.2567636267E+00    2.3030159548E-02   -1.9981267813E+03    3.6105512363E-02
    4.0019990004E-02    1.1519094778E+00    3.4694627001E-01   -1.9988422292E+03    2.9690835315E-02
    4.0039990004E-02    7.6684523071E-01    3.3568104410E-01   -2.0001588972E+03    3.2597679508E-02
    4.0059990004E-02    7.1334819360E-01   -1.5599145636E-01   -2.0018716801E+03    2.9506882189E-02
    4.0079990004E-02    1.0172340143E+00   -3.3758599937E-01   -2.0031554760E+03    1.7478712134E-02
    4.0099990004E-02    1.1802889539E+00   -2.2844740498E-01   -2.0039431854E+03    8.8356564339E-03
    4.0119990004E-02    1.2208016531E+00   -8.8844985162E-02   -2.0043997561E+03    4.6231317330E-03
    4.0139990004E-02    1.2104846190E+00    5.0785065768E-02   -2.0047770137E+03    2.7044146011E-03
    4.0159990004E-02    1.1147395459E+00    2.1855918349E-01   -2.0054369476E+03    1.8948955938E-03
    4.0179990004E-02    8.5739953784E-01    1.8494756221E-01   -2.0066219596E+03    1.8686841093E-03
    4.0199990004E-02    8.3463871618E-01   -1.9818664211E-01   -2.0082285537E+03    1.6384218838E-03
    4.0219990004E-02    1.1128894569E+00   -2.6419425486E-01   -2.0095224393E+03    2.3431993251E-03
    4.0239990004E-02    1.2264121701E+00   -4.1467637324E-02   -2.0102414750E+03    6.9370740088E-03
    4.0259990004E-02    1.2256841655E+00    1.5187571086E-01   -2.0106809442E+03    9.0165701881E-03
    4.0279990004E-02    1.1181331039E+00    3.4569398750E-01   -2.0113426263E+03    1.3333463033E-02
    4.0299990004E-02    8.0328023504E-01    3.3329804669E-01   -2.0124605279E+03    2.6599778698E-02
    4.0319990004E-02    6.3463886930E-01   -1.4620493409E-01   -2.0141269098E+03    3.6828446099E-02
    4.0339990004E-02    1.0015078137E+00   -4.3909525139E-01   -2.0156789776E+03    3.0047576753E-02
    4.0359990004E-02    1.2378271244E+00   -1.8262136067E-01   -2.0166231707E+03    3.1287180219E-02
    4.0379990004E-02    1.2447771791E+00    1.2489069307E-01   -2.0171759595E+03    3.1732796532E-02
    4.0399990004E-02    1.0452281833E+00    4.0939183460E-01   -2.0180685328E+03    2.6794854121E-02
    4.0419990004E-02    6.8337709156E-01    1.8213587412E-01   -2.0195803998E+03    3.0611335721E-02
    4.0439990004E-02    8.1778729166E-01   -2.6746875255E-01   -2.0212124704E+03    2.3528660849E-02
    4.0459990004E-02    1.0947685735E+00   -3.0286562808E-01   -2.0223021252E+03    1.2858738697E-02
    4.0479990004E-02    1.2014816614E+00   -1.7136414952E-01   -2.0229564534E+03    6.1074452735E-03
    4.0499990004E-02    1.2209701015E+00   -4.1632631603E-02   -2.0233396465E+03    3.1889826448E-03
    4.0519990004E-02    1.1945224595E+00    1.0422488512E-01   -2.0237545977E+03    2.0908350971E-03
    4.0539990004E-02    1.0539691386E+00    2.5537408660E-01   -2.0245234449E+03    2.8376806818E-03
    4.0559990004E-02    7.8229899731E-01    1.0338754941E-01   -2.0258476470E+03    4.6389242034E-03
    4.0579990004E-02    8.7559620347E-01   -2.8796758066E-01   -2.0274714311E+03    4.1038765008E-03
    4.0599990004E-02    1.1631249501E+00   -2.3044699685E-01   -2.0286303096E+03    5.2853829022E-03
    4.0619990004E-02    1.2365909427E+00    9.0147244528E-03   -2.0292465300E+03    1.0172010562E-02
    4.0639990004E-02    1.2103780366E+00    2.2350378352E-01   -2.0297305446E+03    1.0963497334E-02
    4.0659990004E-02    1.0174564187E+00    3.9922004960E-01   -2.0305715062E+03    1.7524808849E-02
    4.0679990004E-02    6.6617417838E-01    1.8534094144E-01   -2.0319463968E+03    3.1924867479E-02
    4.0699990004E-02    7.4520299775E-01   -3.4075789169E-01   -2.0336927270E+03    3.2714616994E-02
    4.0719990004E-02    1.1366863576E+00   -3.7049501261E-01   -2.0349852311E+03    2.5137641240E-02
    4.0739990004E-02    1.2516334948E+00   -6.9304989055E-02   -2.0357053522E+03    2.8722881783E-02
    4.0759990004E-02    1.2095146095E+00    2.3190723472E-01   -2.0362884735E+03    2.4418157217E-02
    4.0779990004E-02    9.0784905942E-01    3.9683514949E-01   -2.0373850360E+03    2.3368926222E-02
    4.0799990004E-02    6.8322725925E-01   -1.1042261506E-03   -2.0390351707E+03    2.4986273163E-02
    4.0819990004E-02    9.4070404284E-01   -3.1229565373E-01   -2.0404924347E+03    1.6428894677E-02
    4.0839990004E-02    1.1508612215E+00   -2.4490197358E-01   -2.0414033411E+03    8.0590908548E-03
    4.0859990004E-02    1.2134173784E+00   -1.0905178886E-01   -2.0419307199E+03    3.3602528483E-03
    4.0879990004E-02    1.2176851686E+00    1.2041012857E-02   -2.0422734464E+03    1.7276835325E-03
    4.0899990004E-02    1.1646679443E+00    1.7495064927E-01   -2.0427577521E+03    2.6583834152E-03
    4.0919990004E-02    9.7071379850E-01    2.6978139643E-01   -2.0436637955E+03    5.7222168274E-03
    4.0939990004E-02    7.3621312014E-01   -1.5295181766E-02   -2.0451309379E+03    8.7713939420E-03
    4.0959990004E-02    9.5617427569E-01   -3.4416950762E-01   -2.0467076346E+03    7.1797854787E-03
    4.0979990004E-02    1.2034114899E+00   -1.7724708080E-01   -2.0477219893E+03    9.8312669830E-03
    4.0999990004E-02    1.2410773113E+00    6.8607519889E-02   -2.0482574448E+03    1.3862829003E-02
    4.1019990004E-02    1.1701841530E+00    3.1113743433E-01   -2.0488531517E+03    1.3867844833E-02
    4.1039990004E-02    8.6515847430E-01    3.9393059778E-01   -2.0499159936E+03    2.3737201142E-02
    4.1059990004E-02    6.1373115329E-01   -3.9737470151E-02   -2.0515451659E+03    3.4150253760E-02
    4.1079990004E-02    9.1961624729E-01   -4.2861415926E-01   -2.0531598187E+03    2.5874609992E-02
    4.1099990004E-02    1.2087127663E+00   -2.5824563454E-01   -2.0541884604E+03    2.1553641751E-02
    4.1119990004E-02    1.2487063938E+00    2.4142387843E-02   -2.0547530874E+03    2.3705190043E-02
    4.1139990004E-02    1.1441806083E+00    3.1841106326E-01   -2.0554554049E+03    1.7795119811E-02
    4.1159990004E-02    7.8989411886E-01    3.0421064901E-01   -2.0567509380E+03    1.9624602113E-02
    4.1179990004E-02    7.5445009252E-01   -1.5275169344E-01   -2.0584292650E+03    1.8163292609E-02
    4.1199990004E-02    1.0431151794E+00   -2.9681365784E-01   -2.0596880754E+03    1.0347750241E-02
    4.1219990004E-02    1.1853433417E+00   -1.7704290742E-01   -2.0604431629E+03    4.2516855228E-03
    4.1239990004E-02    1.2177361235E+00   -4.5105098534E-02   -2.0608626428E+03    1.5636101563E-03
    4.1259990004E-02    1.2072314469E+00    8.6924154175E-02   -2.0612049028E+03    1.2635573957E-03
    4.1279990004E-02    1.1276950176E+00    2.2684262109E-01   -2.0618031307E+03    3.1562926567E-03
    4.1299990004E-02    8.7867844883E-01    2.4322069229E-01   -2.0628686018E+03    7.0597660651E-03
    4.1319990004E-02    7.4367110388E-01   -1.4681554750E-01   -2.0644610863E+03    9.3404472321E-03
    4.1339990004E-02    1.0508726515E+00   -3.4078915886E-01   -2.0659121237E+03    7.2705158113E-03
    4.1359990004E-02    1.2266393402E+00   -1.0578274229E-01   -2.0667629116E+03    1.1519711036E-02
    4.1379990004E-02    1.2354282368E+00    1.3039723189E-01   -2.0672497169E+03    1.3555775979E-02
    4.1399990004E-02    1.1111208871E+00    3.6909972494E-01   -2.0679603338E+03    1.4890813277E-02
    4.1419990004E-02    7.5189019676E-01    3.1871644080E-01   -2.0691904542E+03    2.6926375461E-02
    4.1439990004E-02    6.5634919611E-01   -2.0137115116E-01   -2.0709201930E+03    3.1626128225E-02
    4.1459990004E-02    1.0362185717E+00   -4.1850426211E-01   -2.0723663041E+03    2.1236902418E-02
    4.1479990004E-02    1.2333835194E+00   -1.7264909090E-01   -2.0732280528E+03    2.0462008744E-02
    4.1499990004E-02    1.2390328665E+00    9.7523366026E-02   -2.0737458394E+03    2.0211998751E-02
    4.1519990004E-02    1.0701804689E+00    3.6746992573E-01   -2.0745777343E+03    1.5389116801E-02
    4.1539990004E-02    7.2459950599E-01    1.9828454500E-01   -2.0760200777E+03    1.8543329270E-02
    4.1559990004E-02    8.2527383313E-01   -2.3795309060E-01   -2.0776549666E+03    1.4798728459E-02
    4.1579990004E-02    1.0980540586E+00   -2.7512478952E-01   -2.0787737662E+03    7.3088261662E-03
    4.1599990004E-02    1.2018968017E+00   -1.3757571156E-01   -2.0794304774E+03    2.5262881632E-03
    4.1619990004E-02    1.2195180866E+00    5.8274749624E-02   -2.0797794258E+03    1.0137467641E-03
    4.1639990004E-02    1.1841256339E+00    1.7255304246E-01   -2.0802139354E+03    3.2448797945E-03
    4.1659990004E-02    1.0355076190E+00    2.9347782056E-01   -2.0809888517E+03    8.6706413796E-03
    4.1679990004E-02    7.4906768820E-01    1.3017950803E-01   -2.0822822764E+03    1.5464045311E-02
    4.1699990004E-02    8.1576607706E-01   -3.1439655762E-01   -2.0839537770E+03    1.5959484451E-02
    4.1719990004E-02    1.1551987001E+00   -2.9527302212E-01   -2.0852030519E+03    1.4733705324E-02
    4.1739990004E-02    1.2468335401E+00   -1.0892115622E-02   -2.0858737866E+03    2.0302536784E-02
    4.1759990004E-02    1.2050075038E+00    2.5983655523E-01   -2.0864319760E+03    1.8525371033E-02
    4.1779990004E-02    9.2286129792E-01    4.2319766109E-01   -2.0874468691E+03    2.3649797840E-02
    4.1799990004E-02    6.1561650120E-01    4.2883047529E-02   -2.0890450807E+03    3.2877395202E-02
    4.1819990004E-02    8.6247707575E-01   -3.9652342126E-01   -2.0906877684E+03    2.3641562196E-02
    4.1839990004E-02    1.1739794571E+00   -3.0781772089E-01   -2.0917640826E+03    1.4669174019E-02
    4.1859990004E-02    1.2431525207E+00   -5.5212750514E-02   -2.0923622054E+03    1.5419278717E-02
    4.1879990004E-02    1.1982440128E+00    2.0158436047E-01   -2.0929191178E+03    1.1121244779E-02
    4.1899990004E-02    9.2958350232E-01    3.5042490511E-01   -2.0939763557E+03    9.3339925080E-03
    4.1919990004E-02    7.2798367888E-01   -9.1728167353E-03   -2.0955815278E+03    1.0964863171E-02
    4.1939990004E-02    9.7750863451E-01   -2.8071615283E-01   -2.0970253380E+03    6.7934631830E-03
    4.1959990004E-02    1.1665676910E+00   -1.8323187567E-01   -2.0979122487E+03    2.7269485021E-03
    4.1979990004E-02    1.2166617069E+00   -2.9088406904E-02   -2.0983917529E+03    9.7982128010E-04
    4.1999990004E-02    1.2129731018E+00    9.4075530808E-02   -2.0987279017E+03    2.1560177869E-03
    4.2019990004E-02    1.1511796418E+00    2.3124136923E-01   -2.0992551411E+03    6.0810331474E-03
    4.2039990004E-02    9.4069015474E-01    2.9945894205E-01   -2.1001775877E+03    1.3293526476E-02
    4.2059990004E-02    6.9482040455E-01   -1.5797229447E-02   -2.1016509030E+03    2.0182384057E-02
    4.2079990004E-02    9.2966560824E-01   -3.8650251790E-01   -2.1032747924E+03    1.8151440506E-02
    4.2099990004E-02    1.2106343174E+00   -2.1104068710E-01   -2.1043353617E+03    1.9784299407E-02
    4.2119990004E-02    1.2484072460E+00    7.4552595324E-02   -2.1049000091E+03    2.3756606189E-02
    4.2139990004E-02    1.1403259684E+00    3.6116240910E-01   -2.1055984397E+03    2.1259875776E-02
    4.2159990004E-02    7.6147265630E-01    3.5040013087E-01   -2.1068494068E+03    2.9963861649E-02
    4.2179990004E-02    6.5160284130E-01   -1.7012540326E-01   -2.1085893560E+03    3.1699183845E-02
    4.2199990004E-02    1.0087439089E+00   -4.0992321378E-01   -2.1100120907E+03    1.8292643664E-02
    4.2219990004E-02    1.2150788431E+00   -2.1881941561E-01   -2.1108804185E+03    1.2918259837E-02
    4.2239990004E-02    1.2390688257E+00    1.4080970746E-02   -2.1113783801E+03    1.2745130043E-02
    4.2259990004E-02    1.1462434041E+00    2.7089486788E-01   -2.1120450958E+03    7.4878738136E-03
    4.2279990004E-02    8.3154727739E-01    2.7858196676E-01   -2.1132826767E+03    7.6337831312E-03
    4.2299990004E-02    7.8752559679E-01   -1.3941220090E-01   -2.1149274535E+03    7.6110955505E-03
    4.2319990004E-02    1.0650809521E+00   -2.6003403494E-01   -2.1161951508E+03    4.1843627855E-03
    4.2339990004E-02    1.1934932136E+00   -1.1879316845E-01   -2.1169293003E+03    1.8116376031E-03
    4.2359990004E-02    1.2208724625E+00    4.0045763536E-02   -2.1173236009E+03    2.2837499798E-03
    4.2379990004E-02    1.1984905797E+00    1.7092562502E-01   -2.1177167331E+03    4.9708325060E-03
    4.2399990004E-02    1.0824322800E+00    3.0213773995E-01   -2.1183996209E+03    1.1335455450E-02
    4.2419990004E-02    7.9737280542E-01    2.3939170929E-01   -2.1195390545E+03    2.1142670127E-02
    4.2439990004E-02    7.0965992696E-01   -2.2164464438E-01   -2.1211965406E+03    2.6240716741E-02
    4.2459990004E-02    1.0777044369E+00   -3.8588476834E-01   -2.1226460578E+03    2.2525400976E-02
    4.2479990004E-02    1.2460192032E+00   -9.5063516472E-02   -2.1234787889E+03    2.7835574867E-02
    4.2499990004E-02    1.2306923978E+00    2.0065164531E-01   -2.1240258591E+03    2.6742609317E-02
    4.2519990004E-02    9.8430095852E-01    4.3574273471E-01   -2.1249839137E+03    2.7057479369E-02
    4.2539990004E-02    6.3009730966E-01    1.2381350092E-01   -2.1265432980E+03    3.4610762461E-02
    4.2559990004E-02    8.1490476465E-01   -3.4923662712E-01   -2.1282074835E+03    2.4832106601E-02
    4.2579990004E-02    1.1321541790E+00   -3.4007318237E-01   -2.1293214625E+03    1.2569407782E-02
    4.2599990004E-02    1.2313392488E+00   -1.2785459435E-01   -2.1299688510E+03    9.8216694097E-03
    4.2619990004E-02    1.2229573944E+00    8.1230588093E-02   -2.1304294329E+03    7.4705396638E-03
    4.2639990004E-02    1.0719745534E+00    3.0391370042E-01   -2.1312339525E+03    3.0972063633E-03
    4.2659990004E-02    7.7573289180E-01    1.5416124855E-01   -2.1326287198E+03    3.9275284370E-03
    4.2679990004E-02    8.8384549353E-01   -2.2793653093E-01   -2.1342260747E+03    3.1297856561E-03
    4.2699990004E-02    1.1334907276E+00   -2.0820966376E-01   -2.1353187237E+03    1.8659843483E-03
    4.2719990004E-02    1.2133980712E+00   -3.9596391437E-02   -2.1359187018E+03    2.1069927824E-03
    4.2739990004E-02    1.2187883711E+00    9.4089379367E-02   -2.1362811749E+03    3.7372829173E-03
    4.2759990004E-02    1.1708609802E+00    2.3350362431E-01   -2.1367628539E+03    8.0126419847E-03
    4.2779990004E-02    9.9009256489E-01    3.3085030531E-01   -2.1375969243E+03    1.6447880749E-02
    4.2799990004E-02    6.9691160763E-01    9.8861902546E-02   -2.1389508105E+03    2.7045874375E-02
    4.2819990004E-02    8.2079092361E-01   -3.6708234435E-01   -2.1406512976E+03    2.7833890960E-02
    4.2839990004E-02    1.1781167630E+00   -3.0252430739E-01   -2.1418806746E+03    2.6255890468E-02
    4.2859990004E-02    1.2550596776E+00    1.2587377788E-02   -2.1425366787E+03    3.2045816137E-02
    4.2879990004E-02    1.1766093332E+00    3.2524892339E-01   -2.1431928320E+03    2.7561013047E-02
    4.2899990004E-02    8.0843152489E-01    3.9014419882E-01   -2.1444028881E+03    3.2442510891E-02
    4.2919990004E-02    6.4418046231E-01   -1.0345103915E-01   -2.1461278083E+03    3.3480076811E-02
    4.2939990004E-02    9.6678353700E-01   -3.9062368066E-01   -2.1475690677E+03    1.9096733947E-02
    4.2959990004E-02    1.1885379408E+00   -2.6254312062E-01   -2.1484692211E+03    1.0058459755E-02
    4.2979990004E-02    1.2342286673E+00   -6.1903520934E-02   -2.1489827469E+03    8.3622925212E-03
    4.2999990005E-02    1.1973739542E+00    1.4965581417E-01   -2.1494949836E+03    4.6196836141E-03
    4.3019990005E-02    9.8118920886E-01    3.0578323462E-01   -2.1504659169E+03    1.6497835066E-03
    4.3039990005E-02    8.0190341376E-01    1.6157670003E-02   -2.1519904664E+03    1.7405908992E-03
    4.3059990005E-02    1.0110736003E+00   -2.3151629090E-01   -2.1534560040E+03    3.1561156334E-03
    4.3079990005E-02    1.1868819529E+00   -9.7974116082E-02   -2.1543588238E+03    6.2650839669E-03
    4.3099990005E-02    1.2221908681E+00    6.2770960046E-02   -2.1548304786E+03    9.4921008891E-03
    4.3119990005E-02    1.2065030063E+00    1.9548108399E-01   -2.1552121446E+03    1.3856507754E-02
    4.3139990005E-02    1.1139035671E+00    3.2338723060E-01   -2.1558154188E+03    2.2929878774E-02
    4.3159990005E-02    8.5772449029E-01    3.3191949219E-01   -2.1567940571E+03    3.7390453647E-02
    4.3179990005E-02    6.2619218974E-01   -7.7995188523E-02   -2.1583353156E+03    5.2631145565E-02
    4.3199990005E-02    9.4973196980E-01   -4.6535764310E-01   -2.1600048892E+03    5.1512498227E-02
    4.3219990005E-02    1.2454699154E+00   -2.0809967618E-01   -2.1610722659E+03    5.5635228714E-02
    4.3239990005E-02    1.2550766625E+00    1.6011847747E-01   -2.1616810056E+03    5.6921313139E-02
    4.3259990005E-02    1.0052999133E+00    4.6179103569E-01   -2.1626728886E+03    5.0744232186E-02
    4.3279990005E-02    6.3581016636E-01    1.4409341576E-01   -2.1642903723E+03    5.2913522797E-02
    4.3299990005E-02    8.2274845389E-01   -3.0377843739E-01   -2.1658863854E+03    3.9379295640E-02
    4.3319990005E-02    1.0935219817E+00   -3.2826520134E-01   -2.1669132993E+03    2.4676054409E-02
    4.3339990005E-02    1.1984050033E+00   -2.1044898337E-01   -2.1675470542E+03    1.4977348392E-02
    4.3359990005E-02    1.2208052643E+00   -8.4514709699E-02   -2.1679352598E+03    9.9484570439E-03
    4.3379990005E-02    1.1994798429E+00    5.9347280134E-02   -2.1683467997E+03    7.0348643800E-03
    4.3399990005E-02    1.0688956082E+00    2.1716621192E-01   -2.1691208348E+03    4.5030905497E-03
    4.3419990005E-02    8.1377934052E-01    7.3395456571E-02   -2.1704607006E+03    2.8174468378E-03
    4.3439990005E-02    9.2752942292E-01   -2.7268540083E-01   -2.1720499910E+03    2.6643510058E-03
    4.3459990005E-02    1.1799073864E+00   -1.7304212168E-01   -2.1731519113E+03    7.1281492390E-03
    4.3479990005E-02    1.2354823358E+00    5.4800579774E-02   -2.1737261737E+03    1.2685075330E-02
    4.3499990005E-02    1.2029670493E+00    2.5544961231E-01   -2.1742154989E+03    1.5134650248E-02
    4.3519990005E-02    1.0135765441E+00    4.0601797211E-01   -2.1750391638E+03    2.5225657966E-02
    4.3539990005E-02    6.6254203229E-01    2.0175774415E-01   -2.1763644329E+03    4.4022432399E-02
    4.3559990005E-02    7.1357009798E-01   -3.5020727960E-01   -2.1781352924E+03    4.9819758155E-02
    4.3579990005E-02    1.1431003524E+00   -3.9875631325E-01   -2.1794983497E+03    4.3745209127E-02
    4.3599990005E-02    1.2633542846E+00   -5.0996814658E-02   -2.1802561654E+03    4.9910875363E-02
    4.3619990005E-02    1.1937745875E+00    3.0327152112E-01   -2.1809252485E+03    4.2732901627E-02
    4.3639990005E-02    8.2000406988E-01    3.8532457009E-01   -2.1821893193E+03    4.1954780803E-02
    4.3659990005E-02    7.0622781917E-01   -8.5093076746E-02   -2.1838976511E+03    3.9128275581E-02
    4.3679990005E-02    9.8792868089E-01   -3.0465951609E-01   -2.1852002674E+03    2.7671406920E-02
    4.3699990005E-02    1.1542273595E+00   -2.3062540086E-01   -2.1859963506E+03    1.7543169796E-02
    4.3719990005E-02    1.2051267115E+00   -1.2474391169E-01   -2.1864595542E+03    1.0448199181E-02
    4.3739990005E-02    1.2125586678E+00   -3.1261261721E-02   -2.1867456146E+03    7.2475457451E-03
    4.3759990005E-02    1.1912681479E+00    8.0543128089E-02   -2.1870971385E+03    7.5102297950E-03
    4.3779990005E-02    1.0891071040E+00    2.1116397130E-01   -2.1877603134E+03    1.0341208123E-02
    4.3799990005E-02    8.3072179910E-01    1.4564190359E-01   -2.1889333030E+03    1.2613167929E-02
    4.3819990005E-02    8.1587633050E-01   -2.6160443020E-01   -2.1905623465E+03    1.2906527918E-02
    4.3839990005E-02    1.1406619829E+00   -2.8576841328E-01   -2.1918723402E+03    1.3798544677E-02
    4.3859990005E-02    1.2447102505E+00   -3.1290465876E-03   -2.1925787466E+03    2.1055719652E-02
    4.3879990005E-02    1.2136949495E+00    2.5801348296E-01   -2.1931154526E+03    2.0963122661E-02
    4.3899990005E-02    9.6537654790E-01    4.4162248217E-01   -2.1940516573E+03    2.8640268936E-02
    4.3919990005E-02    6.0287237684E-01    1.2387885569E-01   -2.1955560355E+03    4.4587153508E-02
    4.3939990005E-02    7.8428496640E-01   -4.0448932541E-01   -2.1973071069E+03    4.0400184447E-02
    4.3959990005E-02    1.1695288906E+00   -3.5674726340E-01   -2.1985175844E+03    3.1189762179E-02
    4.3979990005E-02    1.2557159056E+00   -4.4212887322E-02   -2.1991889634E+03    3.4389756460E-02
    4.3999990005E-02    1.1841149920E+00    2.7554753434E-01   -2.1998399200E+03    2.7483201429E-02
    4.4019990005E-02    8.4122588534E-01    3.5041637486E-01   -2.2010770851E+03    2.6150354096E-02
    4.4039990005E-02    7.4882211931E-01   -8.4854629068E-02   -2.2027494267E+03    2.5125230932E-02
    4.4059990005E-02    1.0213376186E+00   -2.6322645416E-01   -2.2040322538E+03    1.8402654717E-02
    4.4079990005E-02    1.1661867353E+00   -1.6917753307E-01   -2.2047977611E+03    1.1518361832E-02
    4.4099990005E-02    1.2065537418E+00   -6.1121253829E-02   -2.2052186327E+03    6.9085391178E-03
    4.4119990005E-02    1.2105770060E+00    2.5095824506E-02   -2.2054742686E+03    6.1802420041E-03
    4.4139990005E-02    1.1893630851E+00    1.2305301161E-01   -2.2058042647E+03    9.1643370004E-03
    4.4159990005E-02    1.0969126152E+00    2.3619357794E-01   -2.2064203240E+03    1.5517396263E-02
    4.4179990005E-02    8.4975406066E-01    2.1002547508E-01   -2.2074817613E+03    2.2361151405E-02
    4.4199990005E-02    7.3186116104E-01   -2.0580369092E-01   -2.2090848779E+03    2.6535620920E-02
    4.4219990005E-02    1.0814438989E+00   -3.7328489446E-01   -2.2105580247E+03    2.4993300142E-02
    4.4239990005E-02    1.2488681640E+00   -7.1488404501E-02   -2.2114018472E+03    3.2625221303E-02
    4.4259990005E-02    1.2293880032E+00    2.3490003704E-01   -2.2119639434E+03    3.1688729180E-02
    4.4279990005E-02    9.6220834992E-01    4.5923779508E-01   -2.2129452895E+03    3.4931784764E-02
    4.4299990005E-02    5.9337515717E-01    1.1182202957E-01   -2.2145245388E+03    4.5861646234E-02
    4.4319990005E-02    8.0055790200E-01   -3.9525243407E-01   -2.2162323109E+03    3.5476153621E-02
    4.4339990005E-02    1.1543417806E+00   -3.5879635367E-01   -2.2173768917E+03    2.2127083326E-02
    4.4359990005E-02    1.2458312193E+00   -9.3449457583E-02   -2.2180310894E+03    2.1913670732E-02
    4.4379990005E-02    1.2072472212E+00    1.7961526173E-01   -2.2185913297E+03    1.6929957717E-02
    4.4399990005E-02    9.4199678148E-01    3.4680085158E-01   -2.2196590447E+03    1.2540186138E-02
    4.4419990005E-02    7.5774094715E-01   -1.3512864756E-03   -2.2212650951E+03    1.3459067911E-02
    4.4439990005E-02    1.0045886932E+00   -2.3382287164E-01   -2.2226594250E+03    1.1531963573E-02
    4.4459990005E-02    1.1666841386E+00   -1.3406356736E-01   -2.2234948017E+03    8.5242122179E-03
    4.4479990005E-02    1.2089012093E+00   -8.7308151638E-03   -2.2239405383E+03    6.8615217412E-03
    4.4499990005E-02    1.2109271007E+00    8.6463705992E-02   -2.2242207247E+03    8.6339861127E-03
    4.4519990005E-02    1.1825928599E+00    1.8725782135E-01   -2.2245908844E+03    1.4136049521E-02
    4.4539990005E-02    1.0723112860E+00    2.8753639238E-01   -2.2252458490E+03    2.3175572019E-02
    4.4559990005E-02    8.0594896053E-01    2.2595858764E-01   -2.2263291561E+03    3.4448901859E-02
    4.4579990005E-02    6.9782992597E-01   -2.3077380454E-01   -2.2279646904E+03    4.2056903164E-02
    4.4599990005E-02    1.0848078899E+00   -4.0954075206E-01   -2.2294666002E+03    3.9990242340E-02
    4.4619990005E-02    1.2587938929E+00   -7.7431549234E-02   -2.2303286250E+03    4.8329749669E-02
    4.4639990005E-02    1.2244000646E+00    2.7079997989E-01   -2.2309416466E+03    4.4925724106E-02
    4.4659990005E-02    8.8820875089E-01    4.5909518191E-01   -2.2320595251E+03    4.6311561463E-02
    4.4679990005E-02    5.9922623003E-01    1.0345089167E-02   -2.2337617700E+03    4.9117880445E-02
    4.4699990005E-02    8.7954801635E-01   -3.9426174964E-01   -2.2353181053E+03    3.1836737361E-02
    4.4719990005E-02    1.1569705620E+00   -3.3014101103E-01   -2.2363143216E+03    1.7607167807E-02
    4.4739990005E-02    1.2334941946E+00   -1.2742173672E-01   -2.2369062323E+03    1.3555228184E-02
    4.4759990005E-02    1.2161280547E+00    8.3138824943E-02   -2.2373834337E+03    9.7447509860E-03
    4.4779990005E-02    1.0424431407E+00    2.8867336595E-01   -2.2382647773E+03    3.6627980210E-03
    4.4799990005E-02    7.9490499464E-01    7.7611760446E-02   -2.2397336534E+03    2.8240898439E-03
    4.4819990005E-02    9.7190972982E-01   -2.2158349742E-01   -2.2412497714E+03    3.8426053772E-03
    4.4839990005E-02    1.1711193115E+00   -1.2303746928E-01   -2.2422194272E+03    6.2581211897E-03
    4.4859990005E-02    1.2186012222E+00    3.7023222366E-02   -2.2427292940E+03    8.9044629244E-03
    4.4879990005E-02    1.2123196030E+00    1.6217720734E-01   -2.2430848020E+03    1.2751071453E-02
    4.4899990005E-02    1.1478568275E+00    2.8867320968E-01   -2.2436060080E+03    2.0852120193E-02
    4.4919990005E-02    9.4587973182E-01    3.5091929612E-01   -2.2444619493E+03    3.3436914545E-02
    4.4939990005E-02    6.5451389651E-01    6.5745172125E-02   -2.2458377250E+03    4.9566407561E-02
    4.4959990005E-02    8.2635391291E-01   -4.2473636521E-01   -2.2475753437E+03    5.2857074150E-02
    4.4979990005E-02    1.2093699395E+00   -3.0625989208E-01   -2.2488167813E+03    5.3269135868E-02
    4.4999990005E-02    1.2663621407E+00    6.6543253453E-02   -2.2494796121E+03    5.9617987374E-02
    4.5019990005E-02    1.1101580307E+00    4.2480338906E-01   -2.2503144397E+03    5.1224204123E-02
    4.5039990005E-02    6.8082278443E-01    2.8447972545E-01   -2.2517895722E+03    5.4434408234E-02
    4.5059990005E-02    7.3476388634E-01   -2.3300211194E-01   -2.2534993684E+03    4.4310480234E-02
    4.5079990005E-02    1.0416576621E+00   -3.5468266878E-01   -2.2546701654E+03    2.7717565107E-02
    4.5099990005E-02    1.1852116579E+00   -2.4700110861E-01   -2.2553966769E+03    1.6795219705E-02
    4.5119990005E-02    1.2215299476E+00   -1.1214307996E-01   -2.2558367561E+03    1.0924886980E-02
    4.5139990005E-02    1.2088601928E+00    3.2616207060E-02   -2.2562326440E+03    7.5788343500E-03
    4.5159990005E-02    1.0991177079E+00    2.0600214776E-01   -2.2569507038E+03    4.2665282156E-03
    4.5179990005E-02    8.3884599365E-01    1.2151080810E-01   -2.2582284570E+03    1.9657657780E-03
    4.5199990005E-02    8.7086437753E-01   -2.5292620613E-01   -2.2598344909E+03    1.4765499710E-03
    4.5219990005E-02    1.1498301769E+00   -2.2754511571E-01   -2.2610183260E+03    3.0948006754E-03
    4.5239990005E-02    1.2313748336E+00   -2.6070356527E-03   -2.2616560990E+03    7.7361596315E-03
    4.5259990005E-02    1.2168496747E+00    1.9169756441E-01   -2.2621065874E+03    9.3925614587E-03
    4.5279990005E-02    1.0727336725E+00    3.7203650224E-01   -2.2628493979E+03    1.5386616008E-02
    4.5299990005E-02    7.3328175803E-01    2.7004339605E-01   -2.2640787706E+03    2.9928417656E-02
    4.5319990005E-02    6.7589551843E-01   -2.5233787971E-01   -2.2658068003E+03    3.6541855535E-02
    4.5339990005E-02    1.0785326279E+00   -4.1587378362E-01   -2.2672446331E+03    2.9283482287E-02
    4.5359990005E-02    1.2495581287E+00   -1.1733285311E-01   -2.2680763062E+03    3.2810052882E-02
    4.5379990005E-02    1.2289983446E+00    1.9405344240E-01   -2.2686422368E+03    3.0293644478E-02
    4.5399990005E-02    9.5986274102E-01    4.1981934550E-01   -2.2696656902E+03    2.7652597432E-02
    4.5419990005E-02    6.6546586316E-01    7.0743035471E-02   -2.2712823549E+03    3.0376732745E-02
    4.5439990005E-02    8.8796115171E-01   -3.0850314582E-01   -2.2728187434E+03    2.1203845881E-02
    4.5459990005E-02    1.1297622169E+00   -2.7811937260E-01   -2.2737999542E+03    1.1233446193E-02
    4.5479990005E-02    1.2099125616E+00   -1.4163339611E-01   -2.2743818442E+03    5.2862161974E-03
    4.5499990005E-02    1.2195032820E+00   -1.3732198710E-02   -2.2747435834E+03    2.9117418195E-03
    4.5519990005E-02    1.1771049701E+00    1.4285934282E-01   -2.2752155293E+03    2.1978412882E-03
    4.5539990005E-02    9.9549251482E-01    2.6232304090E-01   -2.2760961529E+03    3.3655974033E-03
    4.5559990005E-02    7.5481571796E-01    7.4684307824E-03   -2.2775433019E+03    5.0498823429E-03
    4.5579990005E-02    9.5229389005E-01   -3.2175262599E-01   -2.2791164806E+03    3.9404663771E-03
    4.5599990005E-02    1.1955844955E+00   -1.7338133656E-01   -2.2801386339E+03    6.6913386035E-03
    4.5619990005E-02    1.2378747413E+00    5.8373217669E-02   -2.2806770381E+03    1.0872685695E-02
    4.5639990005E-02    1.1851436462E+00    2.7990327843E-01   -2.2812214951E+03    1.1752374528E-02
    4.5659990005E-02    9.3017862708E-01    4.0046213159E-01   -2.2821843645E+03    2.1047898929E-02
    4.5679990005E-02    6.2256296860E-01    5.1816216849E-02   -2.2837072550E+03    3.4572662666E-02
    4.5699990005E-02    8.4971148931E-01   -4.1267843747E-01   -2.2854040539E+03    3.0378495757E-02
    4.5719990005E-02    1.1914185355E+00   -3.0036374201E-01   -2.2865434717E+03    2.5411153401E-02
    4.5739990005E-02    1.2530294005E+00    2.4340498535E-03   -2.2871621781E+03    2.8953201944E-02
    4.5759990005E-02    1.1636963235E+00    3.1120987754E-01   -2.2878403352E+03    2.2913095390E-02
    4.5779990005E-02    8.0454494410E-01    3.3962511439E-01   -2.2891042489E+03    2.4549858777E-02
    4.5799990005E-02    7.2387397849E-01   -1.2503967134E-01   -2.2907978663E+03    2.3264747921E-02
    4.5819990005E-02    1.0159740782E+00   -3.1431400544E-01   -2.2921040288E+03    1.3958197711E-02
    4.5839990005E-02    1.1771317237E+00   -2.0738126638E-01   -2.2928997800E+03    6.5110786979E-03
    4.5859990005E-02    1.2176905832E+00   -7.5202642033E-02   -2.2933529456E+03    2.7479557174E-03
    4.5879990005E-02    1.2106628688E+00    5.4020227950E-02   -2.2937011795E+03    1.6425062012E-03
    4.5899990005E-02    1.1332387521E+00    2.1250253212E-01   -2.2942818972E+03    3.0824237715E-03
    4.5919990005E-02    8.9054135468E-01    2.3952243090E-01   -2.2953360366E+03    6.0966729615E-03
    4.5939990005E-02    7.5100883439E-01   -1.3983793048E-01   -2.2969202574E+03    7.9657821476E-03
    4.5959990005E-02    1.0512764834E+00   -3.3323667205E-01   -2.2983714735E+03    6.3223646778E-03
    4.5979990005E-02    1.2254208029E+00   -1.0132514534E-01   -2.2992232692E+03    1.0800001556E-02
    4.5999990005E-02    1.2348236029E+00    1.3131461291E-01   -2.2997092180E+03    1.3036334075E-02
    4.6019990005E-02    1.1158052076E+00    3.6527248734E-01   -2.3004080241E+03    1.4837708078E-02
    4.6039990005E-02    7.6309520688E-01    3.2814700710E-01   -2.3016136771E+03    2.7352110354E-02
    4.6059990005E-02    6.4627835272E-01   -1.8744161558E-01   -2.3033363807E+03    3.3514345552E-02
    4.6079990005E-02    1.0268568412E+00   -4.2610953653E-01   -2.3048124507E+03    2.3611570889E-02
    4.6099990005E-02    1.2346563088E+00   -1.7646554912E-01   -2.3056966964E+03    2.3140245771E-02
    4.6119990005E-02    1.2401960154E+00    1.0485621691E-01   -2.3062267353E+03    2.2973188477E-02
    4.6139990005E-02    1.0608075203E+00    3.7848065866E-01   -2.3070819225E+03    1.7997496472E-02
    4.6159990005E-02    7.1410210918E-01    1.8782185274E-01   -2.3085513270E+03    2.1190604573E-02
    4.6179990005E-02    8.3163660410E-01   -2.4568838813E-01   -2.3101788034E+03    1.6675677239E-02
    4.6199990005E-02    1.1005109991E+00   -2.7510972334E-01   -2.3112778939E+03    8.6203737424E-03
    4.6219990005E-02    1.2015107515E+00   -1.4080343039E-01   -2.3119255520E+03    3.3415463432E-03
    4.6239990005E-02    1.2176539490E+00   -1.5662250963E-03   -2.3122899092E+03    1.4396179472E-03
    4.6259990005E-02    1.1880338801E+00    1.4911262375E-01   -2.3126884938E+03    2.9314908736E-03
    4.6279990005E-02    1.0532750484E+00    2.7670324871E-01   -2.3134325461E+03    7.5358665921E-03
    4.6299990005E-02    7.7105146440E-01    1.4417351591E-01   -2.3146925687E+03    1.3305681251E-02
    4.6319990005E-02    8.0957296527E-01   -2.9448124257E-01   -2.3163562712E+03    1.4011641127E-02
    4.6339990005E-02    1.1464754675E+00   -2.9651569660E-01   -2.3176279049E+03    1.3040434554E-02
    4.6359990005E-02    1.2449711327E+00   -1.6266967468E-02   -2.3183144855E+03    1.8770040509E-02
    4.6379990005E-02    1.2101182677E+00    2.4739824509E-01   -2.3188572293E+03    1.7632061766E-02
    4.6399990005E-02    9.4895770652E-01    4.2591256201E-01   -2.3198304432E+03    2.2882423990E-02
    4.6419990005E-02    6.1696394225E-01    8.1441824133E-02   -2.3213859902E+03    3.3884449475E-02
    4.6439990005E-02    8.3170096947E-01   -3.9144966516E-01   -2.3230705552E+03    2.6410707387E-02
    4.6459990005E-02    1.1675050278E+00   -3.2410740031E-01   -2.3241978368E+03    1.7221155383E-02
    4.6479990005E-02    1.2455798467E+00   -5.7271259119E-02   -2.3248246358E+03    1.8531349938E-02
    4.6499990005E-02    1.1986195556E+00    2.1307664519E-01   -2.3253962133E+03    1.3991699867E-02
    4.6519990005E-02    9.1655176319E-01    3.5799096518E-01   -2.3264799295E+03    1.2340276373E-02
    4.6539990005E-02    7.2356039086E-01   -1.7871767690E-02   -2.3281035902E+03    1.3782630010E-02
    4.6559990005E-02    9.7955649720E-01   -2.8289406615E-01   -2.3295315908E+03    8.7948803699E-03
    4.6579990005E-02    1.1651001554E+00   -1.8856105147E-01   -2.3304070574E+03    3.8368831143E-03
    4.6599990005E-02    1.2151549814E+00   -3.2480731955E-02   -2.3308825489E+03    1.4681265464E-03
    4.6619990005E-02    1.2110996374E+00    1.1180932588E-01   -2.3312222819E+03    2.7964573059E-03
    4.6639990005E-02    1.1394675851E+00    2.4963717141E-01   -2.3317827669E+03    7.3409632083E-03
    4.6659990005E-02    9.1068194521E-01    2.9645801268E-01   -2.3327489095E+03    1.5284299481E-02
    4.6679990005E-02    6.8655675720E-01   -5.7969229976E-02   -2.3342686563E+03    2.2283545074E-02
    4.6699990005E-02    9.6037119461E-01   -3.9732668259E-01   -2.3358694361E+03    1.9663669868E-02
    4.6719990005E-02    1.2213740683E+00   -1.8845259788E-01   -2.3368846930E+03    2.2113821645E-02
    4.6739990005E-02    1.2471955536E+00    1.0069888822E-01   -2.3374371890E+03    2.5166064132E-02
    4.6759990005E-02    1.1103559221E+00    3.8817075153E-01   -2.3381952356E+03    2.2807846530E-02
    4.6779990005E-02    7.1619394048E-01    3.0532875710E-01   -2.3395287019E+03    3.1772433607E-02
    4.6799990005E-02    6.8512054067E-01   -2.2810302813E-01   -2.3412793621E+03    3.0235364235E-02
    4.6819990005E-02    1.0471180095E+00   -3.9691207389E-01   -2.3426204785E+03    1.6493430277E-02
    4.6839990005E-02    1.2211163346E+00   -1.9386513421E-01   -2.3434275168E+03    1.1858371433E-02
    4.6859990005E-02    1.2356015777E+00    3.0672565152E-02   -2.3439082083E+03    1.1053635954E-02
    4.6879990005E-02    1.1288204563E+00    2.8096615120E-01   -2.3446088252E+03    5.9124764485E-03
    4.6899990005E-02    8.1409358918E-01    2.4801333622E-01   -2.3458889951E+03    6.2713033064E-03
    4.6919990005E-02    8.1261130257E-01   -1.6743240614E-01   -2.3475282410E+03    5.9697187777E-03
    4.6939990005E-02    1.0870039980E+00   -2.4626073519E-01   -2.3487499382E+03    3.2463351694E-03
    4.6959990005E-02    1.2001543932E+00   -9.5101864561E-02   -2.3494457681E+03    1.7013966919E-03
    4.6979990005E-02    1.2198154120E+00    4.6319911844E-02   -2.3498278108E+03    2.4254628663E-03
    4.6999990005E-02    1.1947736465E+00    1.7498808051E-01   -2.3502274851E+03    5.3871542942E-03
    4.7019990005E-02    1.0734076626E+00    3.0155854665E-01   -2.3509253623E+03    1.1990050954E-02
    4.7039990005E-02    7.8650474464E-01    2.2173902285E-01   -2.3520873451E+03    2.1650944460E-02
    4.7059990005E-02    7.2328329058E-01   -2.4384306062E-01   -2.3537551930E+03    2.6113740777E-02
    4.7079990005E-02    1.0951629234E+00   -3.7538525576E-01   -2.3551779116E+03    2.2755728494E-02
    4.7099990005E-02    1.2483612120E+00   -7.6584752470E-02   -2.3559838351E+03    2.8559187581E-02
    4.7119990005E-02    1.2250808945E+00    2.2226718793E-01   -2.3565422755E+03    2.6838027816E-02
    4.7139990005E-02    9.5696917061E-01    4.3807449069E-01   -2.3575387091E+03    2.8193743253E-02
    4.7159990005E-02    6.2114490391E-01    8.7994273706E-02   -2.3591332043E+03    3.5437987926E-02
    4.7179990005E-02    8.3740886983E-01   -3.6671977792E-01   -2.3607762171E+03    2.4586967026E-02
    4.7199990005E-02    1.1458065881E+00   -3.3055897870E-01   -2.3618605490E+03    1.2725019816E-02
    4.7219990005E-02    1.2341163478E+00   -1.1207850886E-01   -2.3624861787E+03    1.0559986551E-02
    4.7239990005E-02    1.2180618588E+00    1.0507856106E-01   -2.3629648897E+03    7.6972106429E-03
    4.7259990005E-02    1.0407554865E+00    3.1707979307E-01   -2.3638313908E+03    3.4785795174E-03
    4.7279990005E-02    7.6147353322E-01    1.0928108917E-01   -2.3652893991E+03    4.5147802821E-03
    4.7299990005E-02    9.1870193550E-01   -2.4373074315E-01   -2.3668524453E+03    3.4259002952E-03
    4.7319990005E-02    1.1498060589E+00   -1.8513351175E-01   -2.3678773382E+03    2.2168987323E-03
    4.7339990005E-02    1.2162789669E+00   -1.7476236533E-02   -2.3684339307E+03    2.7433143060E-03
    4.7359990005E-02    1.2162972082E+00    1.1397993010E-01   -2.3687942561E+03    4.7228941884E-03
    4.7379990005E-02    1.1579043681E+00    2.5306329871E-01   -2.3693105554E+03    9.8164268541E-03
    4.7399990005E-02    9.5561771553E-01    3.3061653518E-01   -2.3701926773E+03    1.9116064620E-02
    4.7419990005E-02    6.7650502228E-01    4.4474157081E-02   -2.3716101564E+03    2.9868887580E-02
    4.7439990005E-02    8.6437573696E-01   -3.9746443538E-01   -2.3732992572E+03    2.9473062815E-02
    4.7459990005E-02    1.2006262096E+00   -2.6937757460E-01   -2.3744639792E+03    2.9233532126E-02
    4.7479990005E-02    1.2555092400E+00    5.0112988264E-02   -2.3750836706E+03    3.4326378063E-02
    4.7499990005E-02    1.1440106124E+00    3.6815341385E-01   -2.3758083728E+03    2.9444728670E-02
    4.7519990005E-02    7.4659892013E-01    3.4416810805E-01   -2.3771193952E+03    3.5368108683E-02
    4.7539990005E-02    6.7565761698E-01   -1.7841108891E-01   -2.3788647351E+03    3.2861541180E-02
    4.7559990005E-02    1.0140083818E+00   -3.8574440150E-01   -2.3802110481E+03    1.7853714246E-02
    4.7579990005E-02    1.2005695706E+00   -2.3600177898E-01   -2.3810412142E+03    9.7229612735E-03
    4.7599990005E-02    1.2331420053E+00   -4.2528277426E-02   -2.3815221420E+03    7.9171656510E-03
    4.7619990005E-02    1.1840472263E+00    1.7088788851E-01   -2.3820691763E+03    3.8178029635E-03
    4.7639990005E-02    9.2453454280E-01    3.0462556009E-01   -2.3831023351E+03    1.6445706515E-03
    4.7659990005E-02    7.4758318606E-01   -4.9887019865E-02   -2.3846868186E+03    3.1365791528E-03
    4.7679990005E-02    1.0378207167E+00   -2.5586081012E-01   -2.3861236960E+03    9.5382333618E-04
    4.7699990005E-02    1.2017180413E+00   -9.1196276609E-02   -2.3869833652E+03    4.2745467471E-03
    4.7719990005E-02    1.2269123787E+00    8.2068291110E-02   -2.3874408626E+03    7.4354862452E-03
    4.7739990005E-02    1.1901705699E+00    2.4278619639E-01   -2.3879065531E+03    1.1306010809E-02
    4.7759990005E-02    1.0237654696E+00    3.6627541008E-01   -2.3886925798E+03    2.0987070061E-02
    4.7779990005E-02    7.0136881206E-01    1.9450646852E-01   -2.3899631675E+03    3.6489275748E-02
    4.7799990005E-02    7.2512491351E-01   -3.2704041794E-01   -2.3917002477E+03    4.2142164164E-02
    4.7819990005E-02    1.1374314281E+00   -3.8455337483E-01   -2.3930736141E+03    3.7800651619E-02
    4.7839990005E-02    1.2605526434E+00   -4.5304112264E-02   -2.3938339365E+03    4.4395345687E-02
    4.7859990005E-02    1.1991291044E+00    2.9782841827E-01   -2.3944821610E+03    3.8608081304E-02
    4.7879990005E-02    8.3392861358E-01    4.0643379820E-01   -2.3956964699E+03    3.9429452074E-02
    4.7899990005E-02    6.6386043358E-01   -6.8225337368E-02   -2.3974158050E+03    3.8179467641E-02
    4.7919990005E-02    9.5592208007E-01   -3.4853348047E-01   -2.3988105573E+03    2.4502113808E-02
    4.7939990005E-02    1.1585134579E+00   -2.7134535093E-01   -2.3996794550E+03    1.3615238644E-02
    4.7959990005E-02    1.2177058643E+00   -1.3049250667E-01   -2.4001973269E+03    7.6406568757E-03
    4.7979990005E-02    1.2168803304E+00    8.2772912229E-03   -2.4005712611E+03    4.9037266864E-03
    4.7999990005E-02    1.1431871823E+00    1.8250921219E-01   -2.4011700246E+03    2.8238784283E-03
    4.8019990005E-02    9.0178493725E-01    2.1195113789E-01   -2.4022730363E+03    1.8458891000E-03
    4.8039990005E-02    7.8845093848E-01   -1.5157591249E-01   -2.4038665993E+03    1.5052330860E-03
    4.8059990005E-02    1.1011743532E+00   -2.4140682036E-01   -2.4052090374E+03    3.7511257433E-03
    4.8079990005E-02    1.2222986639E+00   -2.7027522523E-02   -2.4059651710E+03    9.7996867368E-03
    4.8099990005E-02    1.2264847120E+00    1.5799680473E-01   -2.4064056347E+03    1.3173921907E-02
    4.8119990005E-02    1.1418744598E+00    3.3592052102E-01   -2.4070076185E+03    1.9367057847E-02
    4.8139990005E-02    8.7021489661E-01    3.7815181824E-01   -2.4079971546E+03    3.4677949749E-02
    4.8159990005E-02    6.0359774730E-01   -2.9962307696E-02   -2.4095459735E+03    5.2493831210E-02
    4.8179990005E-02    9.0470419855E-01   -4.6678891051E-01   -2.4112472501E+03    5.0847419208E-02
    4.8199990005E-02    1.2337678201E+00   -2.5333829734E-01   -2.4123591030E+03    5.1493801916E-02
    4.8219990005E-02    1.2589533277E+00    1.0936050754E-01   -2.4129752681E+03    5.4354765617E-02
    4.8239990005E-02    1.0518816986E+00    4.3587549273E-01   -2.4139000844E+03    4.6181708645E-02
    4.8259990005E-02    6.7135333633E-01    1.9172897693E-01   -2.4154629947E+03    4.8098026504E-02
    4.8279990005E-02    8.2112061266E-01   -2.5441733093E-01   -2.4170703646E+03    3.8137298549E-02
    4.8299990005E-02    1.0813904745E+00   -2.9517389452E-01   -2.4181109870E+03    2.5708339746E-02
    4.8319990005E-02    1.1852957638E+00   -1.9586268807E-01   -2.4187447899E+03    1.6257865204E-02
    4.8339990005E-02    1.2118644892E+00   -9.4352658637E-02   -2.4191102365E+03    1.0240515352E-02
    4.8359990005E-02    1.2078553220E+00    6.5788486370E-03   -2.4194083567E+03    8.0532359127E-03
    4.8379990005E-02    1.1562166578E+00    1.4114572255E-01   -2.4199026319E+03    8.9336011174E-03
    4.8399990005E-02    9.6632617512E-01    2.1985454734E-01   -2.4208264056E+03    1.0406811461E-02
    4.8419990005E-02    7.6239074918E-01   -7.7374120067E-02   -2.4223122916E+03    1.1024308857E-02
    4.8439990005E-02    1.0142625936E+00   -3.3916402966E-01   -2.4238469291E+03    1.0234477659E-02
    4.8459990005E-02    1.2233420615E+00   -1.1546800744E-01   -2.4247907344E+03    1.6475944727E-02
    4.8479990005E-02    1.2401006834E+00    1.4056931208E-01   -2.4253082431E+03    1.9929087450E-02
    4.8499990005E-02    1.1194136379E+00    3.8803182122E-01   -2.4260149400E+03    2.2357716876E-02
    4.8519990005E-02    7.4954068472E-01    3.5368350769E-01   -2.4272178895E+03    3.8180156513E-02
    4.8539990005E-02    6.1235524763E-01   -1.8799138086E-01   -2.4289622562E+03    4.7412589600E-02
    4.8559990005E-02    1.0189986680E+00   -4.5856101112E-01   -2.4304843340E+03    3.6847895434E-02
    4.8579990005E-02    1.2443242424E+00   -1.8486267781E-01   -2.4314030249E+03    3.6865471621E-02
    4.8599990005E-02    1.2416480091E+00    1.3577544951E-01   -2.4319701007E+03    3.5760143304E-02
    4.8619990005E-02    1.0096903866E+00    4.0595580902E-01   -2.4329405660E+03    2.9238198665E-02
    4.8639990005E-02    7.0210607093E-01    1.1730433740E-01   -2.4345218173E+03    3.0796616298E-02
    4.8659990005E-02    9.0011659218E-01   -2.4775584429E-01   -2.4360440742E+03    2.4458910504E-02
    4.8679990005E-02    1.1194204284E+00   -2.2626985916E-01   -2.4370048635E+03    1.6616711496E-02
    4.8699990005E-02    1.1947235948E+00   -1.1598972024E-01   -2.4375615990E+03    9.8055968384E-03
    4.8719990005E-02    1.2107474410E+00   -2.3756894958E-02   -2.4378652393E+03    6.7393316378E-03
    4.8739990005E-02    1.2035304690E+00    6.4608045314E-02   -2.4381334087E+03    7.4496664250E-03
    4.8759990005E-02    1.1527910376E+00    1.7822255172E-01   -2.4386024249E+03    1.2105703762E-02
    4.8779990005E-02    9.8023891126E-01    2.5524508575E-01   -2.4394475769E+03    1.8301797461E-02
    4.8799990005E-02    7.2692372683E-01   -1.1695795135E-03   -2.4408411290E+03    2.3671207821E-02
    4.8819990005E-02    9.2222928684E-01   -3.8056544584E-01   -2.4424823739E+03    2.3049554989E-02
    4.8839990005E-02    1.2142737808E+00   -2.0491965069E-01   -2.4435867398E+03    2.6897534282E-02
    4.8859990005E-02    1.2518422622E+00    1.0306849387E-01   -2.4441717777E+03    3.1710156610E-02
    4.8879990005E-02    1.1229095210E+00    4.0255303011E-01   -2.4449184529E+03    2.9975065207E-02
    4.8899990005E-02    7.1189231958E-01    3.4313076364E-01   -2.4462244348E+03    4.2034054635E-02
    4.8919990005E-02    6.3647931657E-01   -2.2193749216E-01   -2.4480076650E+03    4.3265412277E-02
    4.8939990005E-02    1.0331163272E+00   -4.3803946210E-01   -2.4494239518E+03    2.7458098669E-02
    4.8959990005E-02    1.2326423846E+00   -2.0168362292E-01   -2.4502802841E+03    2.3412090975E-02
    4.8979990006E-02    1.2395166198E+00    7.0360126493E-02   -2.4508052330E+03    2.2382772109E-02
    4.8999990006E-02    1.0729260979E+00    3.4403598378E-01   -2.4516497388E+03    1.5152644102E-02
    4.9019990006E-02    7.5738858544E-01    1.7148267479E-01   -2.4531133190E+03    1.5993569816E-02
    4.9039990006E-02    8.9348379999E-01   -2.0465012018E-01   -2.4546856070E+03    1.4316725685E-02
    4.9059990006E-02    1.1227519303E+00   -1.9048736756E-01   -2.4557170805E+03    1.0922498016E-02
    4.9079990006E-02    1.1984096936E+00   -6.1799348015E-02   -2.4562909233E+03    7.4501690089E-03
    4.9099990006E-02    1.2121518799E+00    3.9708792831E-02   -2.4566037670E+03    7.2742372748E-03
    4.9119990006E-02    1.2001719390E+00    1.3239069031E-01   -2.4569022119E+03    1.0741917878E-02
    4.9139990006E-02    1.1359136143E+00    2.3943689378E-01   -2.4574165921E+03    1.8269354514E-02
    4.9159990006E-02    9.4017308502E-01    2.8956861520E-01   -2.4582917806E+03    2.8238194377E-02
    4.9179990006E-02    6.8414569804E-01   -1.2420934499E-02   -2.4597100952E+03    3.8272720466E-02
    4.9199990006E-02    9.1075206305E-01   -4.2061253005E-01   -2.4613861647E+03    3.8383880762E-02
    4.9219990006E-02    1.2257823689E+00   -2.2521309708E-01   -2.4625130349E+03    4.2041250071E-02
    4.9239990006E-02    1.2574670393E+00    1.2043886736E-01   -2.4631202556E+03    4.6214385740E-02
    4.9259990006E-02    1.0775171848E+00    4.4311336571E-01   -2.4639775076E+03    4.1881492637E-02
    4.9279990006E-02    6.4792057741E-01    2.5960342108E-01   -2.4654508231E+03    4.9594769410E-02
    4.9299990006E-02    7.1491604672E-01   -2.8982340999E-01   -2.4672032804E+03    4.0170802317E-02
    4.9319990006E-02    1.0713879772E+00   -3.9728466349E-01   -2.4684357653E+03    2.2256395330E-02
    4.9339990006E-02    1.2220762886E+00   -2.0591894949E-01   -2.4691887419E+03    1.5157814666E-02
    4.9359990006E-02    1.2334571149E+00    7.7760124633E-03   -2.4696616373E+03    1.3005601712E-02
    4.9379990006E-02    1.1274516044E+00    2.5293351755E-01   -2.4703740876E+03    6.3507151253E-03
    4.9399990006E-02    8.3584719854E-01    2.0851156569E-01   -2.4716774906E+03    4.0846068881E-03
    4.9419990006E-02    8.7670766951E-01   -1.6569687868E-01   -2.4732800957E+03    4.7117114332E-03
    4.9439990006E-02    1.1250116953E+00   -1.7710934943E-01   -2.4744328763E+03    6.3107205839E-03
    4.9459990006E-02    1.2085737977E+00   -1.6677008369E-02   -2.4750633257E+03    7.9725734777E-03
    4.9479990006E-02    1.2173333945E+00    1.0871560947E-01   -2.4754230417E+03    1.0803565758E-02
    4.9499990006E-02    1.1854016710E+00    2.2857591805E-01   -2.4758338855E+03    1.7022028389E-02
    4.9519990006E-02    1.0610635098E+00    3.3217296304E-01   -2.4765177807E+03    2.7288353315E-02
    4.9539990006E-02    7.7323840247E-01    2.5090925398E-01   -2.4776254327E+03    4.2174093013E-02
    4.9559990006E-02    6.6820933054E-01   -2.3921672495E-01   -2.4792925267E+03    5.2920217270E-02
    4.9579990006E-02    1.0813690567E+00   -4.3623464630E-01   -2.4808180844E+03    5.0263474546E-02
    4.9599990006E-02    1.2639788690E+00   -8.9193555110E-02   -2.4817003259E+03    5.8657003460E-02
    4.9619990006E-02    1.2221589125E+00    2.8269630100E-01   -2.4823423437E+03    5.3762604888E-02
    4.9639990006E-02    8.5884024552E-01    4.4662852912E-01   -2.4835313802E+03    5.2997178462E-02
    4.9659990006E-02    6.3090060134E-01   -2.7487575324E-02   -2.4852633793E+03    5.1359391578E-02
    4.9679990006E-02    9.1606668479E-01   -3.6277893451E-01   -2.4867084262E+03    3.4121849771E-02
    4.9699990006E-02    1.1440100734E+00   -3.0866256773E-01   -2.4876156813E+03    2.0338560955E-02
    4.9719990006E-02    1.2169990010E+00   -1.6605242689E-01   -2.4881724141E+03    1.2638629145E-02
    4.9739990006E-02    1.2208080154E+00   -1.9543620831E-02   -2.4885628976E+03    8.9060851946E-03
    4.9759990006E-02    1.1509707508E+00    1.6494541991E-01   -2.4891650573E+03    4.9296901299E-03
    4.9779990006E-02    9.0626513194E-01    2.0120177189E-01   -2.4902918145E+03    1.5468434210E-03
    4.9799990006E-02    8.2190543225E-01   -1.3515916428E-01   -2.4918855797E+03    1.2465385044E-03
    4.9819990006E-02    1.0818971883E+00   -2.4497500966E-01   -2.4931802219E+03    1.3172913113E-03
    4.9839990006E-02    1.2056080335E+00   -9.7502122822E-02   -2.4939313336E+03    1.1484353142E-03
    4.9859990006E-02    1.2177175860E+00   -2.8072674380E-03   -2.4943453103E+03    1.3120937760E-03
    4.9879990006E-02    1.2168663177E+00    3.1119052587E-02   -2.4947053371E+03    1.2573320326E-03
    4.9899990006E-02    1.1444897540E+00    2.2012541715E-01   -2.4952541608E+03    1.1443916481E-03
    4.9919990006E-02    9.1562431456E-01    2.6923473846E-01   -2.4962890242E+03    1.0887955488E-03
    4.9939990006E-02    8.2849836761E-01   -6.5755214819E-02   -2.4978437198E+03    1.1892401856E-03
    4.9959990006E-02    1.0618144414E+00   -2.2665233174E-01   -2.4992390521E+03    3.4691715695E-03
    4.9979990006E-02    1.2037348120E+00   -5.7320723390E-02   -2.5000539734E+03    7.6819011545E-03
    4.9999990006E-02    1.2241820187E+00    1.0238303360E-01   -2.5004889114E+03    1.1361196483E-02
    5.0019990006E-02    1.1910099405E+00    2.4575970642E-01   -2.5009306574E+03    1.6808959340E-02
    5.0039990006E-02    1.0497507476E+00    3.6146944849E-01   -2.5016520590E+03    2.7810769541E-02
    5.0059990006E-02    7.3931936499E-01    2.5224900837E-01   -2.5028104997E+03    4.5221051114E-02
    5.0079990006E-02    6.6453836423E-01   -2.6762215157E-01   -2.5045180289E+03    5.6671712867E-02
    5.0099990006E-02    1.0964651092E+00   -4.3824933183E-01   -2.5060201324E+03    5.3203947914E-02
    5.0119990006E-02    1.2664407349E+00   -8.1534522882E-02   -2.5068807010E+03    6.1405007046E-02
    5.0139990006E-02    1.2145677200E+00    2.9592374702E-01   -2.5075404585E+03    5.5278665733E-02
    5.0159990006E-02    8.3684856491E-01    4.2853690172E-01   -2.5087750225E+03    5.3966685865E-02
    5.0179990006E-02    6.5896068496E-01   -5.4375805469E-02   -2.5105093304E+03    5.0693806881E-02
    5.0199990006E-02    9.4431167128E-01   -3.3970113760E-01   -2.5118821110E+03    3.5196032894E-02
    5.0219990006E-02    1.1426880900E+00   -2.8329022709E-01   -2.5127339343E+03    2.2772772938E-02
    5.0239990006E-02    1.2076087409E+00   -1.6675927563E-01   -2.5132521672E+03    1.4091897698E-02
    5.0259990006E-02    1.2170077139E+00   -5.2960052383E-02   -2.5135937839E+03    9.8443511306E-03
    5.0279990006E-02    1.1838293799E+00    8.8952586621E-02   -2.5140400646E+03    7.8514078362E-03
    5.0299990006E-02    1.0264523120E+00    2.1792896316E-01   -2.5148889940E+03    6.2910930249E-03
    5.0319990006E-02    7.9218644711E-01   -3.1069250418E-04   -2.5163059089E+03    5.1378913194E-03
    5.0339990006E-02    9.7626414510E-01   -3.0409777545E-01   -2.5178670371E+03    4.9376527575E-03
    5.0359990006E-02    1.2037389417E+00   -1.3717408884E-01   -2.5188794739E+03    1.0549107166E-02
    5.0379990006E-02    1.2383626064E+00    9.7895985391E-02   -2.5194098910E+03    1.5466327957E-02
    5.0399990006E-02    1.1738828195E+00    3.1853265915E-01   -2.5199852246E+03    1.8090579779E-02
    5.0419990006E-02    9.0155949954E-01    4.1241441159E-01   -2.5209656068E+03    3.1436811142E-02
    5.0439990006E-02    5.9524765028E-01    2.8668178673E-02   -2.5225046439E+03    4.9370648667E-02
    5.0459990006E-02    8.5571401883E-01   -4.5146483698E-01   -2.5242311519E+03    4.6809071319E-02
    5.0479990006E-02    1.2138202515E+00   -2.9795258484E-01   -2.5253854665E+03    4.3551778014E-02
    5.0499990006E-02    1.2602101242E+00    4.9566645625E-02   -2.5260157212E+03    4.7591689387E-02
    5.0519990006E-02    1.1087214296E+00    3.8961926017E-01   -2.5268383434E+03    3.8805182080E-02
    5.0539990006E-02    7.1967021097E-01    2.5822681405E-01   -2.5283023053E+03    4.0353433623E-02
    5.0559990006E-02    7.9883753343E-01   -2.0100769765E-01   -2.5299514154E+03    3.4038725710E-02
    5.0579990006E-02    1.0657257106E+00   -2.7660915495E-01   -2.5310593053E+03    2.3638801012E-02
    5.0599990006E-02    1.1787620517E+00   -1.7874980764E-01   -2.5317257233E+03    1.4653054993E-02
    5.0619990006E-02    1.2086847702E+00   -8.0699865670E-02   -2.5320993062E+03    9.0863333949E-03
    5.0639990006E-02    1.2086494567E+00    7.0774532926E-03   -2.5323639342E+03    7.5702351545E-03
    5.0659990006E-02    1.1760552200E+00    1.1950412650E-01   -2.5327602404E+03    9.8827971146E-03
    5.0679990006E-02    1.0461018901E+00    2.3064868520E-01   -2.5335023387E+03    1.4294793389E-02
    5.0699990006E-02    7.8019781890E-01    8.2681354911E-02   -2.5347744133E+03    1.7550513209E-02
    5.0719990006E-02    8.6138644571E-01   -3.2641378159E-01   -2.5364235311E+03    1.7598311331E-02
    5.0739990006E-02    1.1811641448E+00   -2.4975238798E-01   -2.5376392326E+03    1.9935125987E-02
    5.0759990006E-02    1.2505608022E+00    4.8911583723E-02   -2.5382771173E+03    2.6720970558E-02
    5.0779990006E-02    1.1800827886E+00    3.3500729759E-01   -2.5389039486E+03    2.5433584449E-02
    5.0799990006E-02    8.3541194800E-01    4.2499378072E-01   -2.5400187323E+03    3.6525543539E-02
    5.0819990006E-02    5.8094300418E-01   -5.9057643889E-02   -2.5417102200E+03    4.7303489238E-02
    5.0839990006E-02    9.2161055577E-01   -4.5603722991E-01   -2.5433265055E+03    3.5468032050E-02
    5.0859990006E-02    1.2164183247E+00   -2.7118039880E-01   -2.5443501420E+03    2.9273718714E-02
    5.0879990006E-02    1.2508256861E+00    2.9166425673E-02   -2.5449265286E+03    3.0773750642E-02
    5.0899990006E-02    1.1189324607E+00    3.3804681470E-01   -2.5457011671E+03    2.2718969626E-02
    5.0919990006E-02    7.6756076009E-01    2.4859272951E-01   -2.5471027939E+03    2.3242225414E-02
    5.0939990006E-02    8.3316943709E-01   -1.7431340209E-01   -2.5487311821E+03    2.0814170900E-02
    5.0959990006E-02    1.0875654570E+00   -2.2540960486E-01   -2.5498461509E+03    1.5561358398E-02
    5.0979990006E-02    1.1862183732E+00   -1.1053355846E-01   -2.5504887209E+03    9.9171961032E-03
    5.0999990006E-02    1.2093075190E+00   -1.0175547811E-02   -2.5508314531E+03    7.4618449466E-03
    5.1019990006E-02    1.2063124491E+00    7.3468347196E-02   -2.5510844634E+03    8.9385576547E-03
    5.1039990006E-02    1.1708940894E+00    1.7334905885E-01   -2.5514794716E+03    1.4551031816E-02
    5.1059990006E-02    1.0438361967E+00    2.6778081774E-01   -2.5521903347E+03    2.2894714108E-02
    5.1079990006E-02    7.7047131459E-01    1.4337899824E-01   -2.5533800877E+03    3.1713209129E-02
    5.1099990006E-02    7.7620641019E-01   -3.1730726304E-01   -2.5550567311E+03    3.5302988288E-02
    5.1119990006E-02    1.1552612047E+00   -3.3615338818E-01   -2.5564136998E+03    3.5119779139E-02
    5.1139990006E-02    1.2603535837E+00    5.6509898100E-03   -2.5571448099E+03    4.3528994073E-02
    5.1159990006E-02    1.1875205662E+00    3.4331742010E-01   -2.5578107406E+03    3.9085170958E-02
    5.1179990006E-02    7.9835004627E-01    4.2364277384E-01   -2.5590252916E+03    4.5697513220E-02
    5.1199990006E-02    6.0010194284E-01   -1.0065285016E-01   -2.5607830813E+03    4.7759841692E-02
    5.1219990006E-02    9.4709934461E-01   -4.3310791654E-01   -2.5622805914E+03    2.9774433491E-02
    5.1239990006E-02    1.2000348882E+00   -2.8443858542E-01   -2.5632220902E+03    1.9133166023E-02
    5.1259990006E-02    1.2426396695E+00   -4.1735459395E-02   -2.5637669643E+03    1.8249285180E-02
    5.1279990006E-02    1.1706752898E+00    2.2463749219E-01   -2.5643987261E+03    1.1582518117E-02
    5.1299990006E-02    8.7710929487E-01    2.8450321296E-01   -2.5656008008E+03    8.2838027093E-03
    5.1319990006E-02    8.2028964136E-01   -9.7586794473E-02   -2.5672229629E+03    8.9885967398E-03
    5.1339990006E-02    1.0796781217E+00   -2.0126565080E-01   -2.5684782292E+03    9.1852940217E-03
    5.1359990006E-02    1.1924112889E+00   -6.2135117654E-02   -2.5691902481E+03    8.9083214677E-03
    5.1379990006E-02    1.2141767934E+00    5.9072979319E-02   -2.5695687909E+03    1.0154951166E-02
    5.1399990006E-02    1.2032532621E+00    1.6050297930E-01   -2.5698863666E+03    1.4738772884E-02
    5.1419990006E-02    1.1417562627E+00    2.6704663919E-01   -2.5703883520E+03    2.3384994692E-02
    5.1439990006E-02    9.5382709502E-01    3.2388952597E-01   -2.5712229220E+03    3.5216742297E-02
    5.1459990006E-02    6.7249553847E-01    5.4452634714E-02   -2.5725750960E+03    4.9413232634E-02
    5.1479990006E-02    8.3873192083E-01   -4.2214242117E-01   -2.5743025828E+03    5.2697472684E-02
    5.1499990006E-02    1.2137537569E+00   -2.9183988729E-01   -2.5755412625E+03    5.4520740878E-02
    5.1519990006E-02    1.2663134975E+00    8.4953975391E-02   -2.5762015354E+03    6.0822810369E-02
    5.1539990006E-02    1.0976318153E+00    4.4106513618E-01   -2.5770582794E+03    5.3121664820E-02
    5.1559990006E-02    6.5965540263E-01    2.7406626831E-01   -2.5785529386E+03    5.7356691367E-02
    5.1579990006E-02    7.2575406322E-01   -2.5920999590E-01   -2.5802788163E+03    4.5669145972E-02
    5.1599990006E-02    1.0497395714E+00   -3.7646625401E-01   -2.5814621359E+03    2.7075188968E-02
    5.1619990006E-02    1.1982758829E+00   -2.4636700998E-01   -2.5822006354E+03    1.6236980825E-02
    5.1639990006E-02    1.2285249832E+00   -8.3783253872E-02   -2.5826551986E+03    1.1701750632E-02
    5.1659990006E-02    1.1934937985E+00    1.0272452301E-01   -2.5831555464E+03    7.2901833610E-03
    5.1679990006E-02    1.0000435528E+00    2.4656639064E-01   -2.5841160759E+03    2.1326829612E-03
    5.1699990006E-02    7.7585749894E-01   -3.5325169482E-02   -2.5856250389E+03    9.8933857948E-04
    5.1719990006E-02    1.0377749236E+00   -2.3691096132E-01   -2.5870877314E+03    3.1816524072E-03
    5.1739990006E-02    1.2017542443E+00   -7.1235972906E-02   -2.5879685541E+03    8.4285363588E-03
    5.1759990006E-02    1.2268573420E+00    1.0250140507E-01   -2.5884324711E+03    1.2598378489E-02
    5.1779990006E-02    1.1918428718E+00    2.5688796840E-01   -2.5888910673E+03    1.7944644704E-02
    5.1799990006E-02    1.0394317901E+00    3.7558976948E-01   -2.5896351573E+03    2.9557931025E-02
    5.1819990006E-02    7.1794565475E-01    2.4462170821E-01   -2.5908251117E+03    4.8506650075E-02
    5.1839990006E-02    6.6812241391E-01   -2.9150340128E-01   -2.5925558379E+03    6.0166296107E-02
    5.1859990006E-02    1.1114052088E+00   -4.3610444076E-01   -2.5940392989E+03    5.6536493666E-02
    5.1879990006E-02    1.2689212851E+00   -6.8915779760E-02   -2.5948815947E+03    6.4992910779E-02
    5.1899990006E-02    1.2055408373E+00    3.1530324606E-01   -2.5955642287E+03    5.7692939324E-02
    5.1919990006E-02    8.1181502652E-01    4.1186089043E-01   -2.5968459131E+03    5.6395899299E-02
    5.1939990006E-02    6.7921889031E-01   -8.1266449615E-02   -2.5985811941E+03    5.1710921698E-02
    5.1959990006E-02    9.6619101362E-01   -3.2754293428E-01   -2.5998973666E+03    3.6780253154E-02
    5.1979990006E-02    1.1454031753E+00   -2.6637088522E-01   -2.6007088642E+03    2.4800275402E-02
    5.1999990006E-02    1.2036947649E+00   -1.6153533526E-01   -2.6011976463E+03    1.5921814652E-02
    5.2019990006E-02    1.2138968365E+00   -6.1292005093E-02   -2.6015119821E+03    1.1206469234E-02
    5.2039990006E-02    1.1915346183E+00    5.9892184644E-02   -2.6018943345E+03    9.8380915044E-03
    5.2059990006E-02    1.0767195289E+00    1.9791649294E-01   -2.6026159185E+03    9.8082769993E-03
    5.2079990006E-02    8.1858792456E-01    8.5405501346E-02   -2.6038851071E+03    9.2296599103E-03
    5.2099990006E-02    8.8915862119E-01   -2.9020766416E-01   -2.6055042527E+03    8.4705193769E-03
    5.2119990006E-02    1.1770056799E+00   -2.1331173261E-01   -2.6066871535E+03    1.2339154738E-02
    5.2139990006E-02    1.2430750603E+00    5.3078505126E-02   -2.6073060242E+03    1.8961261906E-02
    5.2159990006E-02    1.1952200652E+00    2.9675397784E-01   -2.6078624012E+03    2.0003760800E-02
    5.2179990006E-02    9.3120107441E-01    4.3366965153E-01   -2.6088222792E+03    3.1582408070E-02
    5.2199990006E-02    5.9222144476E-01    7.8775730849E-02   -2.6103415469E+03    4.9892049578E-02
    5.2219990006E-02    8.1451552170E-01   -4.3673858743E-01   -2.6120937463E+03    4.7327326198E-02
    5.2239990006E-02    1.1970093835E+00   -3.3224699231E-01   -2.6132897558E+03    4.1405156849E-02
    5.2259990006E-02    1.2609227802E+00    1.0620779772E-02   -2.6139446738E+03    4.5787756187E-02
    5.2279990006E-02    1.1401271132E+00    3.5501386384E-01   -2.6147090712E+03    3.6878504054E-02
    5.2299990006E-02    7.5644089409E-01    2.9515253870E-01   -2.6161097101E+03    3.7366877963E-02
    5.2319990006E-02    7.8802378221E-01   -1.6252555865E-01   -2.6177732050E+03    3.2936050023E-02
    5.2339990006E-02    1.0559011546E+00   -2.6100990806E-01   -2.6189215157E+03    2.4041554964E-02
    5.2359990006E-02    1.1733569525E+00   -1.6564100961E-01   -2.6196055189E+03    1.5580780225E-02
    5.2379990006E-02    1.2058002925E+00   -6.9668886626E-02   -2.6199831123E+03    9.9432774386E-03
    5.2399990006E-02    1.2084381699E+00    1.0662743487E-02   -2.6202267785E+03    8.4949274153E-03
    5.2419990006E-02    1.1865747774E+00    1.0712769914E-01   -2.6205590266E+03    1.1096271461E-02
    5.2439990006E-02    1.0935166538E+00    2.1982097589E-01   -2.6211830567E+03    1.7054064032E-02
    5.2459990006E-02    8.4573649218E-01    1.8379836036E-01   -2.6222676556E+03    2.2567092398E-02
    5.2479990006E-02    7.5547049054E-01   -2.3296690515E-01   -2.6238828326E+03    2.5487295759E-02
    5.2499990006E-02    1.1071132006E+00   -3.5146655438E-01   -2.6253171636E+03    2.4782578785E-02
    5.2519990006E-02    1.2513738867E+00   -3.9947688128E-02   -2.6261194652E+03    3.3116692582E-02
    5.2539990006E-02    1.2200311023E+00    2.6769923498E-01   -2.6266986496E+03    3.1628069831E-02
    5.2559990006E-02    9.2468165792E-01    4.6103881427E-01   -2.6277236123E+03    3.7337536144E-02
    5.2579990006E-02    5.7803836640E-01    6.4172952093E-02   -2.6293439631E+03    4.8950138397E-02
    5.2599990006E-02    8.3085737185E-01   -4.2478728133E-01   -2.6310382663E+03    3.7615748983E-02
    5.2619990006E-02    1.1778246848E+00   -3.4022113049E-01   -2.6321553614E+03    2.5813413895E-02
    5.2639990006E-02    1.2504249504E+00   -5.5104122946E-02   -2.6327864498E+03    2.6849640521E-02
    5.2659990006E-02    1.1832814132E+00    2.4319404859E-01   -2.6334205690E+03    2.0034193315E-02
    5.2679990006E-02    8.6730505739E-01    3.2558642101E-01   -2.6346309268E+03    1.7279956141E-02
    5.2699990006E-02    7.8510363555E-01   -7.8299278696E-02   -2.6362767782E+03    1.7392560866E-02
    5.2719990006E-02    1.0494077639E+00   -2.2257896058E-01   -2.6375476184E+03    1.4719506349E-02
    5.2739990006E-02    1.1767709814E+00   -1.1008384730E-01   -2.6382860449E+03    1.0706414505E-02
    5.2759990006E-02    1.2083144589E+00    1.7526896366E-03   -2.6386790290E+03    8.7066214931E-03
    5.2779990006E-02    1.2080785798E+00    8.8552068578E-02   -2.6389426480E+03    1.0597536098E-02
    5.2799990006E-02    1.1786804408E+00    1.8412024339E-01   -2.6393120645E+03    1.6570461821E-02
    5.2819990006E-02    1.0687258177E+00    2.7943617069E-01   -2.6399670947E+03    2.6014175416E-02
    5.2839990006E-02    8.0499450250E-01    2.1350275812E-01   -2.6410513521E+03    3.7146494695E-02
    5.2859990006E-02    7.0459056489E-01   -2.4402643899E-01   -2.6426900032E+03    4.4685767780E-02
    5.2879990006E-02    1.0967204009E+00   -4.0562793122E-01   -2.6441866623E+03    4.3132530288E-02
    5.2899990006E-02    1.2617366420E+00   -6.1610565581E-02   -2.6450382328E+03    5.2230135873E-02
    5.2919990006E-02    1.2173904242E+00    2.9681635200E-01   -2.6456748356E+03    4.7989486080E-02
    5.2939990006E-02    8.5409382747E-01    4.5489736873E-01   -2.6468413546E+03    5.0360028193E-02
    5.2959990006E-02    5.9724192315E-01   -2.9636070513E-02   -2.6485765727E+03    5.1631595236E-02
    5.2979990006E-02    9.0223550677E-01   -4.0755468672E-01   -2.6501000184E+03    3.2770143947E-02
    5.2999990006E-02    1.1686301718E+00   -3.2259337088E-01   -2.6510694019E+03    1.8657106861E-02
    5.3019990006E-02    1.2359805861E+00   -1.1342905243E-01   -2.6516462163E+03    1.5015318237E-02
    5.3039990006E-02    1.2087476849E+00    1.0958687810E-01   -2.6521549710E+03    1.0424763091E-02
    5.3059990006E-02    1.0044975223E+00    2.9314871845E-01   -2.6531176785E+03    4.1965015466E-03
    5.3079990006E-02    7.9830233554E-01    2.3719617126E-02   -2.6546471154E+03    3.6696913965E-03
    5.3099990006E-02    1.0156474305E+00   -2.1770609475E-01   -2.6561008745E+03    5.3448286546E-03
    5.3119990006E-02    1.1841427021E+00   -8.9595887157E-02   -2.6569889910E+03    8.0796623656E-03
    5.3139990006E-02    1.2190544078E+00    6.1398801031E-02   -2.6574546324E+03    1.0891031833E-02
    5.3159990006E-02    1.2072462598E+00    1.8283856080E-01   -2.6578164088E+03    1.5485982110E-02
    5.3179990006E-02    1.1323304416E+00    3.0296235843E-01   -2.6583675471E+03    2.4731595626E-02
    5.3199990006E-02    9.1271866378E-01    3.4394933168E-01   -2.6592616508E+03    3.8325562443E-02
    5.3219990006E-02    6.3828121512E-01    1.0611999090E-02   -2.6606940982E+03    5.4906691190E-02
    5.3239990006E-02    8.7367279532E-01   -4.5278125970E-01   -2.6624227595E+03    5.7109040436E-02
    5.3259990006E-02    1.2303863066E+00   -2.6735716860E-01   -2.6636064125E+03    5.9658764997E-02
    5.3279990006E-02    1.2644621476E+00    1.1611201855E-01   -2.6642492678E+03    6.4088181902E-02
    5.3299990006E-02    1.0546234150E+00    4.5834514892E-01   -2.6651808202E+03    5.5968401588E-02
    5.3319990006E-02    6.4347035278E-01    2.0749875185E-01   -2.6667548419E+03    5.8434898181E-02
    5.3339990006E-02    7.8242553698E-01   -2.7978068447E-01   -2.6684068164E+03    4.5087550687E-02
    5.3359990006E-02    1.0709542814E+00   -3.4321846817E-01   -2.6694879175E+03    2.8829920507E-02
    5.3379990006E-02    1.1916757999E+00   -2.3264790778E-01   -2.6701605870E+03    1.8057058081E-02
    5.3399990006E-02    1.2206802821E+00   -1.0449587313E-01   -2.6705748471E+03    1.2124579990E-02
    5.3419990006E-02    1.2042593600E+00    3.8506394080E-02   -2.6709802696E+03    8.7458027035E-03
    5.3439990006E-02    1.0857165380E+00    2.0415271577E-01   -2.6717283968E+03    5.4759240603E-03
    5.3459990006E-02    8.3002585932E-01    8.9291190572E-02   -2.6730420418E+03    2.9300916804E-03
    5.3479990006E-02    9.1987807757E-01   -2.6083482779E-01   -2.6746369274E+03    2.8497740480E-03
    5.3499990006E-02    1.1760166557E+00   -1.7491165986E-01   -2.6757662177E+03    7.6673776717E-03
    5.3519990006E-02    1.2352733241E+00    5.5795734833E-02   -2.6763564616E+03    1.3566702863E-02
    5.3539990006E-02    1.2039954650E+00    2.5668611462E-01   -2.6768487162E+03    1.6334749161E-02
    5.3559990006E-02    1.0185518972E+00    4.0739529091E-01   -2.6776648380E+03    2.6868312631E-02
    5.3579990006E-02    6.6590992468E-01    2.1336660280E-01   -2.6789743263E+03    4.6555051980E-02
    5.3599990006E-02    7.0139094289E-01   -3.4503904267E-01   -2.6807508384E+03    5.3821062704E-02
    5.3619990006E-02    1.1402483390E+00   -4.0837490542E-01   -2.6821387904E+03    4.7965465617E-02
    5.3639990006E-02    1.2654782888E+00   -5.1098284219E-02   -2.6829136174E+03    5.4590327311E-02
    5.3659990006E-02    1.1911360296E+00    3.1442659061E-01   -2.6836012509E+03    4.6871083425E-02
    5.3679990006E-02    8.0669059788E-01    3.8045328660E-01   -2.6848959424E+03    4.5939640797E-02
    5.3699990006E-02    7.1448349252E-01   -9.6859150858E-02   -2.6866083581E+03    4.2194789025E-02
    5.3719990006E-02    9.9638039284E-01   -2.9921746083E-01   -2.6878832804E+03    3.0422929048E-02
    5.3739990006E-02    1.1546128435E+00   -2.2507589013E-01   -2.6886608817E+03    2.0040576667E-02
    5.3759990006E-02    1.2033100823E+00   -1.2429892362E-01   -2.6891141246E+03    1.2518559781E-02
    5.3779990006E-02    1.2108596604E+00   -3.5607952730E-02   -2.6893939462E+03    9.1133990171E-03
    5.3799990006E-02    1.1922495078E+00    6.9120851220E-02   -2.6897298937E+03    9.5127648048E-03
    5.3819990006E-02    1.1017848050E+00    1.9626063362E-01   -2.6903584259E+03    1.2825623442E-02
    5.3839990006E-02    8.5356365549E-01    1.6158849885E-01   -2.6914776437E+03    1.5352751927E-02
    5.3859990006E-02    7.9488460412E-01   -2.4035972839E-01   -2.6930946242E+03    1.5996861107E-02
    5.3879990006E-02    1.1255203202E+00   -3.0751468313E-01   -2.6944629843E+03    1.6493353981E-02
    5.3899990006E-02    1.2461790430E+00   -1.5016105243E-02   -2.6952128166E+03    2.4389977423E-02
    5.3919990006E-02    1.2168419503E+00    2.6049185829E-01   -2.6957634664E+03    2.4161685825E-02
    5.3939990006E-02    9.5847618694E-01    4.5067091105E-01   -2.6967181661E+03    3.1745532609E-02
    5.3959990006E-02    5.9175197089E-01    1.1550355400E-01   -2.6982484037E+03    4.7777497950E-02
    5.3979990006E-02    7.8956621930E-01   -4.1442088093E-01   -2.7000016808E+03    4.2378188234E-02
    5.3999990006E-02    1.1741937286E+00   -3.5588570967E-01   -2.7012019502E+03    3.2587173611E-02
    5.4019990006E-02    1.2562340754E+00   -3.9993219822E-02   -2.7018705481E+03    3.5574890388E-02
    5.4039990006E-02    1.1766554188E+00    2.8477224673E-01   -2.7025432661E+03    2.8086408324E-02
    5.4059990006E-02    8.2811017358E-01    3.3456844733E-01   -2.7038162632E+03    2.6667092913E-02
    5.4079990006E-02    7.7029003250E-01   -1.0088683570E-01   -2.7054849862E+03    2.5325915446E-02
    5.4099990006E-02    1.0402409102E+00   -2.4559354572E-01   -2.7067263246E+03    1.9467030056E-02
    5.4119990006E-02    1.1704062258E+00   -1.4615841921E-01   -2.7074586589E+03    1.2947679278E-02
    5.4139990006E-02    1.2056128921E+00   -4.2490529884E-02   -2.7078568300E+03    8.7985609032E-03
    5.4159990006E-02    1.2084361041E+00    3.8930942877E-02   -2.7081031001E+03    8.8268285638E-03
    5.4179990006E-02    1.1878676937E+00    1.2977922276E-01   -2.7084232003E+03    1.2881247449E-02
    5.4199990006E-02    1.1021259876E+00    2.3452200833E-01   -2.7090142339E+03    2.0498138991E-02
    5.4219990006E-02    8.6744262543E-01    2.2601768149E-01   -2.7100234399E+03    2.8677423814E-02
    5.4239990006E-02    7.0860504232E-01   -1.7554497314E-01   -2.7115942610E+03    3.4752165501E-02
    5.4259990006E-02    1.0546148394E+00   -4.0200594024E-01   -2.7131339068E+03    3.3296821776E-02
    5.4279990006E-02    1.2516151521E+00   -9.4433074130E-02   -2.7140415710E+03    4.1432249453E-02
    5.4299990006E-02    1.2343188942E+00    2.3904584938E-01   -2.7146289679E+03    4.0293793236E-02
    5.4319990006E-02    9.4608036168E-01    4.7108420286E-01   -2.7156526379E+03    4.2364646304E-02
    5.4339990006E-02    5.8334170787E-01    8.9134647031E-02   -2.7172826455E+03    5.0822851796E-02
    5.4359990006E-02    8.1722511967E-01   -4.0188034736E-01   -2.7189622709E+03    3.6917084952E-02
    5.4379990006E-02    1.1550526564E+00   -3.5782825251E-01   -2.7200691892E+03    2.2070511582E-02
    5.4399990006E-02    1.2433717572E+00   -1.0618194237E-01   -2.7207132906E+03    2.0476775229E-02
    5.4419990006E-02    1.2081380711E+00    1.5728813577E-01   -2.7212657770E+03    1.5443114647E-02
    5.4439990006E-02    9.5838141450E-01    3.2987037873E-01   -2.7223158380E+03    9.9251463107E-03
    5.4459990006E-02    7.7914078709E-01    1.4850343570E-03   -2.7239070254E+03    1.0710789225E-02
    5.4479990006E-02    1.0221872393E+00   -2.1364015590E-01   -2.7252990008E+03    1.0704046987E-02
    5.4499990006E-02    1.1748979419E+00   -1.0017371221E-01   -2.7261263147E+03    1.0030630382E-02
    5.4519990006E-02    1.2109274078E+00    2.7922128912E-02   -2.7265630049E+03    1.0227416344E-02
    5.4539990006E-02    1.2087425087E+00    1.2613021078E-01   -2.7268604682E+03    1.3670944633E-02
    5.4559990006E-02    1.1707757243E+00    2.2850083514E-01   -2.7272728618E+03    2.1274769102E-02
    5.4579990006E-02    1.0398382276E+00    3.1497703446E-01   -2.7279744353E+03    3.1944217163E-02
    5.4599990006E-02    7.5634301791E-01    2.0042367314E-01   -2.7291161661E+03    4.5931021343E-02
    5.4619990006E-02    7.0565825897E-01   -2.9484211407E-01   -2.7308037508E+03    5.4799148218E-02
    5.4639990006E-02    1.1269094873E+00   -4.0624623489E-01   -2.7322703083E+03    5.3392746593E-02
    5.4659990006E-02    1.2686352456E+00   -3.5718004062E-02   -2.7330879659E+03    6.3107091359E-02
    5.4679990006E-02    1.1968958891E+00    3.4448091983E-01   -2.7337830379E+03    5.6192266333E-02
    5.4699990006E-02    7.8438555077E-01    4.1851613181E-01   -2.7350711445E+03    5.8043668670E-02
    5.4719990006E-02    6.3721017380E-01   -1.0966324118E-01   -2.7368391595E+03    5.3174694600E-02
    5.4739990006E-02    9.5646081624E-01   -3.8900130716E-01   -2.7382178298E+03    3.3356093413E-02
    5.4759990006E-02    1.1682247842E+00   -3.0090340364E-01   -2.7390833946E+03    1.9591882948E-02
    5.4779990006E-02    1.2267435607E+00   -1.3631906783E-01   -2.7396138008E+03    1.3434971770E-02
    5.4799990006E-02    1.2143946606E+00    3.9088342502E-02   -2.7400559508E+03    9.5079273408E-03
    5.4819990006E-02    1.0797209494E+00    2.3415471726E-01   -2.7408557752E+03    3.7421005478E-03
    5.4839990006E-02    8.1155016452E-01    1.0313417430E-01   -2.7422455261E+03    1.0902509593E-03
    5.4859990006E-02    9.1846462724E-01   -2.4263502262E-01   -2.7438038873E+03    1.0397096984E-03
    5.4879990006E-02    1.1480287963E+00   -1.9573958977E-01   -2.7448593369E+03    1.1935725123E-03
    5.4899990006E-02    1.2094665401E+00   -7.2853939490E-02   -2.7454432996E+03    1.1626537823E-03
    5.4919990006E-02    1.2179804978E+00    2.2379729548E-02   -2.7457715929E+03    1.1762125990E-03
    5.4939990007E-02    1.2049213440E+00    9.1978967599E-02   -2.7461339470E+03    1.0608075324E-03
    5.4959990007E-02    1.1185695781E+00    2.2976900509E-01   -2.7467804834E+03    1.1746299973E-03
    5.4979990007E-02    8.8548492197E-01    2.0200741344E-01   -2.7479386217E+03    1.0465389448E-03
    5.4999990007E-02    8.5057981146E-01   -1.3963129692E-01   -2.7495341522E+03    1.2057288792E-03
    5.5019990007E-02    1.0731228688E+00   -2.6912187362E-01   -2.7508272320E+03    1.0060216450E-03
    5.5039990007E-02    1.2086129654E+00   -7.0673830031E-02   -2.7515543218E+03    2.2143610126E-03
    5.5059990007E-02    1.2231805771E+00    8.4828835596E-02   -2.7519684992E+03    4.2379395404E-03
    5.5079990007E-02    1.1784367472E+00    2.3796168904E-01   -2.7524543290E+03    7.9611974550E-03
    5.5099990007E-02    9.9614452216E-01    3.4640369537E-01   -2.7532890865E+03    1.6638692585E-02
    5.5119990007E-02    6.9107857586E-01    1.2139614920E-01   -2.7546397127E+03    2.8604924454E-02
    5.5139990007E-02    7.9952756148E-01   -3.6215987658E-01   -2.7563562651E+03    2.9947893410E-02
    5.5159990007E-02    1.1701177151E+00   -3.2118243132E-01   -2.7576135361E+03    2.7269344129E-02
    5.5179990007E-02    1.2555837015E+00   -1.4425153229E-03   -2.7582915498E+03    3.2955040283E-02
    5.5199990007E-02    1.1799745871E+00    3.1682320733E-01   -2.7589492960E+03    2.8083928760E-02
    5.5219990007E-02    8.1371768723E-01    3.8742926978E-01   -2.7601657898E+03    3.1812353432E-02
    5.5239990007E-02    6.5649795174E-01   -9.9640487008E-02   -2.7618891092E+03    3.2047196250E-02
    5.5259990007E-02    9.7064917836E-01   -3.7513021517E-01   -2.7633107936E+03    1.8228268987E-02
    5.5279990007E-02    1.1823001600E+00   -2.5934429574E-01   -2.7641985853E+03    8.9571002203E-03
    5.5299990007E-02    1.2301652085E+00   -7.5187294249E-02   -2.7647117101E+03    6.3395882658E-03
    5.5319990007E-02    1.2031500723E+00    1.1605079461E-01   -2.7651911015E+03    3.3287636953E-03
    5.5339990007E-02    9.9245445768E-01    3.1204868544E-01   -2.7660755797E+03    1.4041142348E-03
    5.5359990007E-02    7.2879062632E-01    4.7572894611E-02   -2.7675552617E+03    4.7790853965E-03
    5.5379990007E-02    9.1899149131E-01   -3.1398299525E-01   -2.7691430617E+03    2.5148008253E-03
    5.5399990007E-02    1.1804133701E+00   -1.9357250388E-01   -2.7701778966E+03    2.3691725676E-03
    5.5419990007E-02    1.2329564719E+00    2.0434813178E-02   -2.7707314976E+03    5.5596242881E-03
    5.5439990007E-02    1.2015582344E+00    2.1798202344E-01   -2.7712131549E+03    6.4536749277E-03
    5.5459990007E-02    1.0111014954E+00    3.7454968455E-01   -2.7720619402E+03    1.2680927177E-02
    5.5479990007E-02    6.8065931829E-01    1.5383143252E-01   -2.7734461569E+03    2.4713341269E-02
    5.5499990007E-02    7.8089530457E-01   -3.4234182080E-01   -2.7751682526E+03    2.4522193504E-02
    5.5519990007E-02    1.1484082049E+00   -3.3777471374E-01   -2.7764213159E+03    1.8839244566E-02
    5.5539990007E-02    1.2486485875E+00   -4.6904150049E-02   -2.7771108087E+03    2.2554531918E-02
    5.5559990007E-02    1.2038552393E+00    2.4031672515E-01   -2.7776913426E+03    1.8968203890E-02
    5.5579990007E-02    9.0630325402E-01    3.9602149834E-01   -2.7787714529E+03    1.9826820190E-02
    5.5599990007E-02    6.6611074700E-01   -2.7777008233E-03   -2.7804161828E+03    2.2960961399E-02
    5.5619990007E-02    9.2873362120E-01   -3.4019708619E-01   -2.7819231610E+03    1.3649825356E-02
    5.5639990007E-02    1.1617053389E+00   -2.5981396793E-01   -2.7828788826E+03    5.5033824393E-03
    5.5659990007E-02    1.2244430131E+00   -8.8092426218E-02   -2.7834268601E+03    2.7682289303E-03
    5.5679990007E-02    1.2147174547E+00    7.7381921392E-02   -2.7838451346E+03    1.2800058730E-03
    5.5699990007E-02    1.0815198319E+00    2.7810000081E-01   -2.7845456257E+03    3.3411728939E-03
    5.5719990007E-02    7.9388815429E-01    1.9160257753E-01   -2.7857733488E+03    8.4940481435E-03
    5.5739990007E-02    7.8352658600E-01   -2.4716786423E-01   -2.7874331299E+03    9.3541714493E-03
    5.5759990007E-02    1.1151531574E+00   -3.1085837973E-01   -2.7887475926E+03    7.1566979555E-03
    5.5779990007E-02    1.2361780325E+00   -5.5186459604E-02   -2.7894776590E+03    1.1470053682E-02
    5.5799990007E-02    1.2232300548E+00    1.8083773834E-01   -2.7899706925E+03    1.1719411822E-02
    5.5819990007E-02    1.0399408146E+00    3.9589986462E-01   -2.7908033047E+03    1.4597802703E-02
    5.5839990007E-02    6.7855114649E-01    2.0343921657E-01   -2.7921953052E+03    2.5957591690E-02
    5.5859990007E-02    7.4812624756E-01   -3.1277394396E-01   -2.7939302737E+03    2.4511621909E-02
    5.5879990007E-02    1.1177780832E+00   -3.6343386569E-01   -2.7952023238E+03    1.5197983140E-02
    5.5899990007E-02    1.2408284144E+00   -1.0039857125E-01   -2.7959241437E+03    1.6244325288E-02
    5.5919990007E-02    1.2212999116E+00    1.5879143230E-01   -2.7964462556E+03    1.3926785548E-02
    5.5939990007E-02    9.9863569004E-01    3.7648723408E-01   -2.7973865988E+03    1.1603577626E-02
    5.5959990007E-02    7.0048585631E-01    9.6547733576E-02   -2.7989227131E+03    1.5104381332E-02
    5.5979990007E-02    8.8822928132E-01   -2.8857154875E-01   -2.8004992492E+03    1.0184623777E-02
    5.5999990007E-02    1.1376090437E+00   -2.5239805041E-01   -2.8015297931E+03    3.7386076646E-03
    5.6019990007E-02    1.2160168037E+00   -1.0483518212E-01   -2.8021242776E+03    1.0037901678E-03
    5.6039990007E-02    1.2198534753E+00    1.0195754582E-01   -2.8024927701E+03    1.0724546677E-03
    5.6059990007E-02    1.1352115428E+00    2.5695686147E-01   -2.8031040100E+03    2.3186006862E-03
    5.6079990007E-02    8.7313192029E-01    2.8306042727E-01   -2.8041743456E+03    7.9623754382E-03
    5.6099990007E-02    7.1096054765E-01   -1.1792256594E-01   -2.8057777135E+03    1.1854253711E-02
    5.6119990007E-02    1.0182577186E+00   -3.6271844001E-01   -2.8072714421E+03    8.0578103182E-03
    5.6139990007E-02    1.2205644071E+00   -1.4489235053E-01   -2.8081698490E+03    1.0165428813E-02
    5.6159990007E-02    1.2377230289E+00    9.6679187753E-02   -2.8086730680E+03    1.2193859600E-02
    5.6179990007E-02    1.1256479210E+00    3.4572736503E-01   -2.8093662305E+03    1.1708227451E-02
    5.6199990007E-02    7.7395082740E-01    3.2072579174E-01   -2.8105922643E+03    2.0782497627E-02
    5.6219990007E-02    6.7303224150E-01   -1.7884137638E-01   -2.8123087295E+03    2.3838290629E-02
    5.6239990007E-02    1.0283504704E+00   -3.9575797710E-01   -2.8137369286E+03    1.3820917185E-02
    5.6259990007E-02    1.2221776317E+00   -1.8062688481E-01   -2.8145932675E+03    1.1614681772E-02
    5.6279990007E-02    1.2373209516E+00    5.9451911069E-02   -2.8150918263E+03    1.1830867834E-02
    5.6299990007E-02    1.1180620739E+00    3.1747865348E-01   -2.8158151026E+03    7.9845406248E-03
    5.6319990007E-02    7.7963737838E-01    2.6163475099E-01   -2.8171181231E+03    1.1060431594E-02
    5.6339990007E-02    7.7182020270E-01   -1.9055451139E-01   -2.8187916991E+03    1.0218840363E-02
    5.6359990007E-02    1.0703994210E+00   -3.0026400388E-01   -2.8200511982E+03    3.9053981994E-03
    5.6379990007E-02    1.2131535632E+00   -6.8826991628E-02   -2.8207709017E+03    8.9295315302E-04
    5.6399990007E-02    1.2191428938E+00    5.6309709198E-02   -2.8212042924E+03    9.3745387584E-04
    5.6419990007E-02    1.1769801452E+00    2.0075946815E-01   -2.8217096949E+03    1.4665646121E-03
    5.6439990007E-02    9.7919850648E-01    3.1537181009E-01   -2.8226076111E+03    6.1506716179E-03
    5.6459990007E-02    7.0867295177E-01    4.4649539141E-02   -2.8240570905E+03    1.2063124820E-02
    5.6479990007E-02    8.9530404637E-01   -3.5041071260E-01   -2.8256905946E+03    9.8566636825E-03
    5.6499990007E-02    1.1852646626E+00   -2.3600056433E-01   -2.8267873778E+03    9.2344229713E-03
    5.6519990007E-02    1.2424302245E+00    2.1199386080E-02   -2.8273716991E+03    1.3051365657E-02
    5.6539990007E-02    1.1860221692E+00    2.7263288188E-01   -2.8279461009E+03    1.1610570135E-02
    5.6559990007E-02    8.9610523715E-01    3.9227719195E-01   -2.8289932294E+03    1.7645732764E-02
    5.6579990007E-02    6.3553864722E-01   -1.0209296997E-02   -2.8306103252E+03    2.5339436164E-02
    5.6599990007E-02    9.1102277598E-01   -3.9479140660E-01   -2.8322069119E+03    1.7010267808E-02
    5.6619990007E-02    1.1899094522E+00   -2.6431769532E-01   -2.8332307317E+03    1.1137098177E-02
    5.6639990007E-02    1.2418061891E+00   -1.6847467496E-02   -2.8337931876E+03    1.2389095110E-02
    5.6659990007E-02    1.1820517146E+00    2.3834337637E-01   -2.8343820361E+03    8.5409424916E-03
    5.6679990007E-02    8.9043622063E-01    3.4470727624E-01   -2.8354870349E+03    9.2196317309E-03
    5.6699990007E-02    7.1343758787E-01   -5.3449842360E-02   -2.8371226504E+03    1.1269155105E-02
    5.6719990007E-02    9.8666908296E-01   -3.1340655244E-01   -2.8385616632E+03    5.5776106131E-03
    5.6739990007E-02    1.1792849821E+00   -2.0447551602E-01   -2.8394523340E+03    1.2206149660E-03
    5.6759990007E-02    1.2288528354E+00    1.7177908989E-02   -2.8399259190E+03    1.8056063532E-03
    5.6779990007E-02    1.1955939672E+00    1.9768465319E-01   -2.8403890630E+03    2.7789829901E-03
    5.6799990007E-02    1.0201997896E+00    3.4108105946E-01   -2.8412207494E+03    7.9815252847E-03
    5.6819990007E-02    7.0991122505E-01    1.3934223956E-01   -2.8425840213E+03    1.7025733330E-02
    5.6839990007E-02    8.0592666868E-01   -3.2678845735E-01   -2.8442779158E+03    1.6636080095E-02
    5.6859990007E-02    1.1509328356E+00   -3.0968909955E-01   -2.8455092999E+03    1.2912758340E-02
    5.6879990007E-02    1.2447190013E+00   -3.3603649083E-02   -2.8461801854E+03    1.6836514081E-02
    5.6899990007E-02    1.2062931128E+00    2.3235331811E-01   -2.8467329923E+03    1.4608754110E-02
    5.6919990007E-02    9.3594230833E-01    4.0289374190E-01   -2.8477451239E+03    1.7146847548E-02
    5.6939990007E-02    6.4671674873E-01    4.0776334080E-02   -2.8493401521E+03    2.3531744900E-02
    5.6959990007E-02    8.8483237013E-01   -3.6234172468E-01   -2.8509406162E+03    1.5029418446E-02
    5.6979990007E-02    1.1645121604E+00   -2.8527411207E-01   -2.8519829421E+03    7.0358027144E-03
    5.6999990007E-02    1.2340728605E+00   -6.8104722715E-02   -2.8525652849E+03    6.4948808647E-03
    5.7019990007E-02    1.2094786538E+00    1.4369824814E-01   -2.8530522731E+03    4.1842637572E-03
    5.7039990007E-02    1.0140942667E+00    3.3430665012E-01   -2.8539422707E+03    2.7876577895E-03
    5.7059990007E-02    7.2903581775E-01    9.1641197222E-02   -2.8554187597E+03    5.9143375285E-03
    5.7079990007E-02    8.9780756141E-01   -2.8656946611E-01   -2.8570111341E+03    3.2807180841E-03
    5.7099990007E-02    1.1720562677E+00   -1.7969940510E-01   -2.8580532329E+03    1.6906574330E-03
    5.7119990007E-02    1.2285145702E+00    1.9701288233E-02   -2.8586168086E+03    4.9239544238E-03
    5.7139990007E-02    1.2084040549E+00    1.9448597924E-01   -2.8590596373E+03    6.9129731487E-03
    5.7159990007E-02    1.0669186221E+00    3.5307972828E-01   -2.8598021908E+03    1.3472440895E-02
    5.7179990007E-02    7.4328254760E-01    2.4746393750E-01   -2.8610246070E+03    2.6658064494E-02
    5.7199990007E-02    6.9682990953E-01   -2.5953041470E-01   -2.8627401625E+03    3.2415844215E-02
    5.7219990007E-02    1.0912954493E+00   -3.9856329576E-01   -2.8641627645E+03    2.6556319795E-02
    5.7239990007E-02    1.2498991258E+00   -9.6278448693E-02   -2.8649765015E+03    3.0951061504E-02
    5.7259990007E-02    1.2239688516E+00    2.1369046659E-01   -2.8655501149E+03    2.8295904503E-02
    5.7279990007E-02    9.4295436969E-01    4.2354833003E-01   -2.8665900129E+03    2.7335267651E-02
    5.7299990007E-02    6.5043084558E-01    5.4199572494E-02   -2.8682202607E+03    3.0824539621E-02
    5.7319990007E-02    8.8556667686E-01   -3.3374926308E-01   -2.8697736205E+03    2.0307851329E-02
    5.7339990007E-02    1.1400854140E+00   -2.9170335716E-01   -2.8707714581E+03    9.7872262008E-03
    5.7359990007E-02    1.2193551311E+00   -1.3050837101E-01   -2.8713620367E+03    5.0106097271E-03
    5.7379990007E-02    1.2199778883E+00    2.7075516853E-02   -2.8717665563E+03    2.9405447635E-03
    5.7399990007E-02    1.1122652272E+00    2.6104609243E-01   -2.8723923338E+03    1.1410749061E-03
    5.7419990007E-02    8.4763560577E-01    2.2795353052E-01   -2.8735477137E+03    4.0882183141E-03
    5.7439990007E-02    7.7092130339E-01   -1.8264137718E-01   -2.8751776091E+03    5.1228422858E-03
    5.7459990007E-02    1.0824518612E+00   -3.0960954462E-01   -2.8765468385E+03    3.3118309787E-03
    5.7479990007E-02    1.2256858189E+00   -8.0413988566E-02   -2.8773288756E+03    6.9609984073E-03
    5.7499990007E-02    1.2294053821E+00    1.3293138340E-01   -2.8777958279E+03    8.6360242879E-03
    5.7519990007E-02    1.1122421390E+00    3.4952102577E-01   -2.8784899921E+03    1.0984420295E-02
    5.7539990007E-02    7.7587445800E-01    3.1169759028E-01   -2.8796837764E+03    2.2385038859E-02
    5.7559990007E-02    6.6313151528E-01   -1.8711226556E-01   -2.8813908820E+03    2.8248029338E-02
    5.7579990007E-02    1.0346611514E+00   -4.1183927947E-01   -2.8828601145E+03    1.9793009438E-02
    5.7599990007E-02    1.2340486452E+00   -1.6123601358E-01   -2.8837348681E+03    2.0207435586E-02
    5.7619990007E-02    1.2380329066E+00    1.1478079636E-01   -2.8842630799E+03    2.0126423260E-02
    5.7639990007E-02    1.0585492979E+00    3.8168226494E-01   -2.8851146085E+03    1.6378828452E-02
    5.7659990007E-02    7.0545367487E-01    1.9191018915E-01   -2.8865743256E+03    2.0741236534E-02
    5.7679990007E-02    8.1321213989E-01   -2.6020692252E-01   -2.8882279490E+03    1.6015540759E-02
    5.7699990007E-02    1.1003514629E+00   -2.9819037960E-01   -2.8893638043E+03    7.2121021284E-03
    5.7719990007E-02    1.2089281437E+00   -1.4612078793E-01   -2.8900377144E+03    2.5527318284E-03
    5.7739990007E-02    1.2262589063E+00    3.4163401758E-02   -2.8904292822E+03    1.1117894651E-03
    5.7759990007E-02    1.1578053777E+00    2.1442203725E-01   -2.8909482640E+03    3.0752697152E-03
    5.7779990007E-02    9.4575982311E-01    2.9294744752E-01   -2.8918880069E+03    8.4929725739E-03
    5.7799990007E-02    7.0875749716E-01   -2.3037449334E-02   -2.8933830335E+03    1.3593322770E-02
    5.7819990007E-02    9.4793426608E-01   -3.6753443183E-01   -2.8949795457E+03    1.1226161492E-02
    5.7839990007E-02    1.2075564164E+00   -1.9239036525E-01   -2.8960058277E+03    1.2905600796E-02
    5.7859990007E-02    1.2435276558E+00    7.1114261694E-02   -2.8965556304E+03    1.6500806779E-02
    5.7879990007E-02    1.1511325143E+00    3.3565243759E-01   -2.8972138862E+03    1.5280575634E-02
    5.7899990007E-02    8.0256623599E-01    3.6387108875E-01   -2.8983910058E+03    2.4422740197E-02
    5.7919990007E-02    6.3901067607E-01   -1.2823013377E-01   -2.9001000895E+03    2.9583018531E-02
    5.7939990007E-02    9.8673909266E-01   -4.1482707360E-01   -2.9015968501E+03    1.8486186704E-02
    5.7959990007E-02    1.2158994936E+00   -2.1818950142E-01   -2.9025162228E+03    1.4428352557E-02
    5.7979990007E-02    1.2412535010E+00    3.4051980807E-02   -2.9030387628E+03    1.5009654401E-02
    5.7999990007E-02    1.1332178750E+00    3.0404975253E-01   -2.9037446257E+03    1.0003255670E-02
    5.8019990007E-02    7.9707850373E-01    2.7565640127E-01   -2.9050341572E+03    1.1719694727E-02
    5.8039990007E-02    7.7722022801E-01   -1.6632874151E-01   -2.9067006678E+03    1.1003041635E-02
    5.8059990007E-02    1.0645967970E+00   -2.8217142198E-01   -2.9079542260E+03    5.2951688657E-03
    5.8079990007E-02    1.1961435287E+00   -1.3510293629E-01   -2.9086909023E+03    1.4354515124E-03
    5.8099990007E-02    1.2241320877E+00    6.1999621843E-02   -2.9090964337E+03    1.7932602009E-03
    5.8119990007E-02    1.1792991724E+00    2.2030822461E-01   -2.9095859599E+03    4.2516108985E-03
    5.8139990007E-02    9.9196039345E-01    3.3299701843E-01   -2.9104452503E+03    1.1102391221E-02
    5.8159990007E-02    6.9797826529E-01    9.1808950756E-02   -2.9118374568E+03    2.0208684979E-02
    5.8179990007E-02    8.3880911729E-01   -3.5805712391E-01   -2.9135240867E+03    1.9481760209E-02
    5.8199990007E-02    1.1755966241E+00   -2.8559899470E-01   -2.9147150961E+03    1.7474901819E-02
    5.8219990007E-02    1.2492626772E+00    5.8713886583E-03   -2.9153537795E+03    2.2180447065E-02
    5.8239990007E-02    1.1839591963E+00    2.9339846940E-01   -2.9159717479E+03    1.8966155659E-02
    5.8259990007E-02    8.5177503630E-01    3.9327626541E-01   -2.9171086021E+03    2.3767434046E-02
    5.8279990007E-02    6.4126371612E-01   -6.1396942327E-02   -2.9187951323E+03    2.7798187772E-02
    5.8299990007E-02    9.4678494340E-01   -3.8748369481E-01   -2.9203032788E+03    1.6114524133E-02
    5.8319990007E-02    1.1881590440E+00   -2.5844798039E-01   -2.9212519792E+03    8.4789846836E-03
    5.8339990007E-02    1.2360198102E+00   -4.2527946826E-02   -2.9217844625E+03    7.9060491698E-03
    5.8359990007E-02    1.1919735760E+00    1.8230608754E-01   -2.9223244394E+03    4.4268020662E-03
    5.8379990007E-02    9.4895153739E-01    3.2444633867E-01   -2.9233381480E+03    3.0403316874E-03
    5.8399990007E-02    7.3865597272E-01   -7.9987174076E-03   -2.9249100920E+03    4.8403100323E-03
    5.8419990007E-02    9.8035189379E-01   -2.8627060721E-01   -2.9263907371E+03    2.2221705320E-03
    5.8439990007E-02    1.1900415299E+00   -1.2896646982E-01   -2.9272947432E+03    1.9114307899E-03
    5.8459990007E-02    1.2260852519E+00    4.6870972396E-02   -2.9277852738E+03    4.3643614412E-03
    5.8479990007E-02    1.1991632968E+00    2.0627505735E-01   -2.9282282659E+03    7.1240504737E-03
    5.8499990007E-02    1.0539368797E+00    3.4514853583E-01   -2.9289795910E+03    1.4645285938E-02
    5.8519990007E-02    7.3888370130E-01    2.2217534481E-01   -2.9302089358E+03    2.7429929813E-02
    5.8539990007E-02    7.1497331824E-01   -2.8018206441E-01   -2.9319225516E+03    3.2578187329E-02
    5.8559990007E-02    1.1096495637E+00   -3.8583682097E-01   -2.9333236453E+03    2.7806613813E-02
    5.8579990007E-02    1.2529074653E+00   -7.2524945421E-02   -2.9341132686E+03    3.3226747190E-02
    5.8599990007E-02    1.2163026641E+00    2.4449645945E-01   -2.9347061703E+03    2.9829740320E-02
    5.8619990007E-02    9.0742766136E-01    4.2532051788E-01   -2.9357951701E+03    3.0294283067E-02
    5.8639990007E-02    6.4099865588E-01    1.4456252022E-02   -2.9374606877E+03    3.3264048590E-02
    5.8659990007E-02    9.0315008887E-01   -3.5395994181E-01   -2.9389885304E+03    2.1015321817E-02
    5.8679990007E-02    1.1523293233E+00   -2.9158004186E-01   -2.9399626726E+03    1.0167586387E-02
    5.8699990007E-02    1.2242668619E+00   -1.1883797036E-01   -2.9405364404E+03    5.9736000292E-03
    5.8719990007E-02    1.2173802478E+00    5.2260952892E-02   -2.9409631208E+03    3.6697544244E-03
    5.8739990007E-02    1.0710984067E+00    2.9751971061E-01   -2.9416784168E+03    1.0963637422E-03
    5.8759990007E-02    7.8263664661E-01    1.7212063335E-01   -2.9429711926E+03    4.7193958854E-03
    5.8779990007E-02    8.1728355772E-01   -2.5502775535E-01   -2.9446246732E+03    4.5225247279E-03
    5.8799990007E-02    1.1280569802E+00   -2.7745497559E-01   -2.9458668340E+03    2.7976912269E-03
    5.8819990007E-02    1.2309038641E+00   -4.5022129844E-02   -2.9465509022E+03    6.1522320629E-03
    5.8839990007E-02    1.2211302383E+00    1.6177964681E-01   -2.9470121964E+03    6.9520802936E-03
    5.8859990007E-02    1.0737227324E+00    3.6301072640E-01   -2.9477722535E+03    1.0211779599E-02
    5.8879990007E-02    7.3018432045E-01    2.4783892683E-01   -2.9490565935E+03    2.1318913629E-02
    5.8899990007E-02    7.1405393215E-01   -2.6063174752E-01   -2.9507819592E+03    2.3739207155E-02
    5.8919990007E-02    1.0897580874E+00   -3.7911458657E-01   -2.9521449535E+03    1.5970884583E-02
    5.8939990007E-02    1.2397912432E+00   -1.1211195893E-01   -2.9529269809E+03    1.7796043568E-02
    5.8959990007E-02    1.2277740821E+00    1.5486701789E-01   -2.9534503750E+03    1.6441817463E-02
    5.8979990007E-02    1.0158594910E+00    3.9044916459E-01   -2.9543612683E+03    1.4531103074E-02
    5.8999990007E-02    6.8538328216E-01    1.3455224912E-01   -2.9558733681E+03    1.9466654123E-02
    5.9019990007E-02    8.4503444838E-01   -2.9618000706E-01   -2.9575012465E+03    1.3608644140E-02
    5.9039990007E-02    1.1251282409E+00   -2.9007367492E-01   -2.9585935581E+03    5.2686351321E-03
    5.9059990007E-02    1.2184719831E+00   -1.1863872287E-01   -2.9592295352E+03    2.0921614105E-03
    5.9079990007E-02    1.2219900546E+00    7.9901334523E-02   -2.9596250170E+03    1.1136119680E-03
    5.9099990007E-02    1.1247424630E+00    2.5702311548E-01   -2.9602421901E+03    3.2775828024E-03
    5.9119990007E-02    8.6121898635E-01    2.6503418124E-01   -2.9613273661E+03    9.1406904970E-03
    5.9139990007E-02    7.2012672492E-01   -1.4489438749E-01   -2.9629403971E+03    1.2605372995E-02
    5.9159990007E-02    1.0387652600E+00   -3.6044430660E-01   -2.9644139974E+03    9.2436877720E-03
    5.9179990007E-02    1.2270654856E+00   -1.2421976956E-01   -2.9652866952E+03    1.2436557146E-02
    5.9199990007E-02    1.2362106820E+00    1.2431775870E-01   -2.9657914941E+03    1.4050232914E-02
    5.9219990007E-02    1.0982602326E+00    3.7382353740E-01   -2.9665399333E+03    1.4227245475E-02
    5.9239990007E-02    7.2899073723E-01    2.8666731131E-01   -2.9678382491E+03    2.4509711177E-02
    5.9259990007E-02    6.9259502747E-01   -2.3451161414E-01   -2.9695776167E+03    2.5594463731E-02
    5.9279990007E-02    1.0624122207E+00   -3.9177650074E-01   -2.9709459354E+03    1.4844955035E-02
    5.9299990007E-02    1.2302787223E+00   -1.5650066716E-01   -2.9717520520E+03    1.3472813011E-02
    5.9319990007E-02    1.2336446740E+00    8.9235267784E-02   -2.9722515363E+03    1.2789528998E-02
    5.9339990007E-02    1.0798026143E+00    3.4289965354E-01   -2.9730528956E+03    8.8541402417E-03
    5.9359990007E-02    7.4426917837E-01    2.0215342077E-01   -2.9744529527E+03    1.1959144618E-02
    5.9379990007E-02    8.2241542831E-01   -2.3322906797E-01   -2.9761006510E+03    9.6522499392E-03
    5.9399990007E-02    1.1027876211E+00   -2.7231132209E-01   -2.9772575525E+03    3.7153844074E-03
    5.9419990007E-02    1.2187286366E+00   -8.7670748802E-02   -2.9779200696E+03    1.0258328525E-03
    5.9439990007E-02    1.2220362515E+00    9.9464339661E-02   -2.9783230407E+03    2.1031201903E-03
    5.9459990007E-02    1.1449288544E+00    2.7305840076E-01   -2.9789147595E+03    4.8069331679E-03
    5.9479990007E-02    8.8605841049E-01    3.1968652499E-01   -2.9799427481E+03    1.2751514743E-02
    5.9499990007E-02    6.7342811918E-01   -7.1306247826E-02   -2.9815211282E+03    1.9978820274E-02
    5.9519990007E-02    9.6844011219E-01   -3.9531980108E-01   -2.9830964292E+03    1.5564168561E-02
    5.9539990007E-02    1.2176541449E+00   -1.9195314109E-01   -2.9840806549E+03    1.6241182806E-02
    5.9559990007E-02    1.2439304402E+00    7.9873263734E-02   -2.9846223483E+03    1.8657646214E-02
    5.9579990007E-02    1.1223442440E+00    3.5683606694E-01   -2.9853496673E+03    1.6013638300E-02
    5.9599990007E-02    7.5051522464E-01    3.0687783474E-01   -2.9866459242E+03    2.3060953274E-02
    5.9619990007E-02    6.9957634964E-01   -1.9886067706E-01   -2.9883732202E+03    2.2520278879E-02
    5.9639990007E-02    1.0415071335E+00   -3.7344682464E-01   -2.9897210079E+03    1.1136626637E-02
    5.9659990007E-02    1.2135377903E+00   -1.8832246216E-01   -2.9905326986E+03    6.7472780391E-03
    5.9679990007E-02    1.2331821463E+00    1.8163086357E-02   -2.9910038525E+03    6.2156038054E-03
    5.9699990007E-02    1.1528140320E+00    2.4837766939E-01   -2.9916330972E+03    2.7987302725E-03
    5.9719990007E-02    8.5831079558E-01    2.8777958500E-01   -2.9927954321E+03    3.7878758033E-03
    5.9739990007E-02    7.5736319538E-01   -1.2254908801E-01   -2.9944357375E+03    4.8026663135E-03
    5.9759990007E-02    1.0451334924E+00   -2.9435824561E-01   -2.9957990227E+03    1.3004876102E-03
    5.9779990007E-02    1.2118501785E+00   -7.3751757018E-02   -2.9965779493E+03    3.4895039566E-03
    5.9799990007E-02    1.2263506564E+00    1.0082567893E-01   -2.9970190604E+03    6.0292435071E-03
    5.9819990007E-02    1.1679633245E+00    2.7372666418E-01   -2.9975562527E+03    9.7757160634E-03
    5.9839990007E-02    9.4408925702E-01    3.6430784291E-01   -2.9984729854E+03    1.9999985174E-02
    5.9859990007E-02    6.4977639139E-01    5.2648293624E-02   -2.9999308195E+03    3.3321598899E-02
    5.9879990007E-02    8.5212418986E-01   -4.0817085222E-01   -3.0016374808E+03    3.2254753959E-02
    5.9899990007E-02    1.1987004639E+00   -2.8621212417E-01   -3.0028065724E+03    3.0238627270E-02
    5.9919990007E-02    1.2558538123E+00    3.6941493726E-02   -3.0034360491E+03    3.4861929979E-02
    5.9939990007E-02    1.1421508277E+00    3.6006691766E-01   -3.0041721498E+03    2.8972766570E-02
    5.9959990007E-02    7.5011281880E-01    3.2611141404E-01   -3.0055093833E+03    3.2952494207E-02
    5.9979990007E-02    7.1024242374E-01   -1.7749202500E-01   -3.0072352469E+03    2.9420309773E-02
    5.9999990007E-02    1.0258462463E+00   -3.5097319495E-01   -3.0085235697E+03    1.6433516826E-02
    6.0019990007E-02    1.1899831459E+00   -2.2571718914E-01   -3.0093164392E+03    8.0426550266E-03
    6.0039990007E-02    1.2254336511E+00   -6.7616970498E-02   -3.0097811546E+03    4.7561925449E-03
    6.0059990007E-02    1.1997755202E+00    1.0100267270E-01   -3.0102376956E+03    2.3685846733E-03
    6.0079990007E-02    1.0241557456E+00    2.7774075652E-01   -3.0110729538E+03    1.5334697311E-03
    6.0099990007E-02    7.5477674248E-01    6.6757281112E-02   -3.0124838322E+03    3.9311308824E-03
    6.0119990007E-02    9.0795572846E-01   -3.0481977936E-01   -3.0140918859E+03    2.6908356353E-03
    6.0139990007E-02    1.1747238201E+00   -2.0997261138E-01   -3.0151797974E+03    3.4576446679E-03
    6.0159990007E-02    1.2348107141E+00    1.7028678074E-02   -3.0157609188E+03    7.2151837552E-03
    6.0179990007E-02    1.2026097658E+00    2.2571570454E-01   -3.0162560310E+03    7.9159959744E-03
    6.0199990007E-02    1.0004499255E+00    3.8571163570E-01   -3.0171261738E+03    1.4348097815E-02
    6.0219990007E-02    6.6614017195E-01    1.4313020774E-01   -3.0185398620E+03    2.6877113695E-02
    6.0239990007E-02    7.8748073087E-01   -3.5517493380E-01   -3.0202656981E+03    2.5853948964E-02
    6.0259990007E-02    1.1543754854E+00   -3.3592612416E-01   -3.0215020450E+03    1.9718921482E-02
    6.0279990007E-02    1.2493531689E+00   -4.3225160194E-02   -3.0221825122E+03    2.3231172618E-02
    6.0299990007E-02    1.1988838557E+00    2.4821322646E-01   -3.0227775765E+03    1.9160983956E-02
    6.0319990007E-02    8.9033572561E-01    3.8715610178E-01   -3.0238889877E+03    1.9855467132E-02
    6.0339990007E-02    6.7792595002E-01   -2.6000523377E-02   -3.0255488521E+03    2.2036551536E-02
    6.0359990007E-02    9.4950272913E-01   -3.3247311641E-01   -3.0270171563E+03    1.3073170795E-02
    6.0379990007E-02    1.1647069366E+00   -2.4507399130E-01   -3.0279387403E+03    5.3314628785E-03
    6.0399990007E-02    1.2221068533E+00   -8.5192007441E-02   -3.0284692843E+03    2.2545448765E-03
    6.0419990007E-02    1.2062343819E+00    8.7698020183E-02   -3.0288683161E+03    9.4452906134E-04
    6.0439990007E-02    1.0939796705E+00    2.6399619341E-01   -3.0295432727E+03    3.9345557974E-03
    6.0459990007E-02    8.1515721167E-01    2.0645540004E-01   -3.0307248897E+03    9.0365581700E-03
    6.0479990007E-02    7.6856408343E-01   -2.2640194860E-01   -3.0323752946E+03    1.0522226855E-02
    6.0499990007E-02    1.1020667884E+00   -3.2316001676E-01   -3.0337338955E+03    8.3863795722E-03
    6.0519990007E-02    1.2362966941E+00   -6.3442897892E-02   -3.0344969383E+03    1.3067516686E-02
    6.0539990007E-02    1.2256153460E+00    1.8072938665E-01   -3.0349985836E+03    1.3480123420E-02
    6.0559990007E-02    1.0408338014E+00    4.0224668162E-01   -3.0358346845E+03    1.6288788561E-02
    6.0579990007E-02    6.7298677091E-01    2.0829890821E-01   -3.0372320749E+03    2.8127875230E-02
    6.0599990007E-02    7.4214532473E-01   -3.1521312695E-01   -3.0389750796E+03    2.6544619161E-02
    6.0619990007E-02    1.1167609928E+00   -3.6949778623E-01   -3.0402523637E+03    1.6611668971E-02
    6.0639990007E-02    1.2416801736E+00   -1.0348841807E-01   -3.0409798700E+03    1.7507203602E-02
    6.0659990007E-02    1.2206513622E+00    1.6135071548E-01   -3.0415106146E+03    1.4924633798E-02
    6.0679990007E-02    9.9025848891E-01    3.7622458947E-01   -3.0424708859E+03    1.2271140914E-02
    6.0699990007E-02    7.0374943991E-01    8.2409597579E-02   -3.0440247503E+03    1.5258318972E-02
    6.0719990007E-02    9.0409247921E-01   -2.8493653476E-01   -3.0455794466E+03    1.0336052233E-02
    6.0739990007E-02    1.1412536788E+00   -2.3903632401E-01   -3.0465828786E+03    4.1101226256E-03
    6.0759990007E-02    1.2151925864E+00   -1.0644977814E-01   -3.0471631137E+03    1.0500491337E-03
    6.0779990007E-02    1.2131370660E+00    1.1680516583E-01   -3.0475222510E+03    1.8016350718E-03
    6.0799990007E-02    1.1285273141E+00    2.6698305973E-01   -3.0481327841E+03    5.7193134843E-03
    6.0819990007E-02    8.7156154028E-01    2.8709178954E-01   -3.0491778537E+03    1.3388331962E-02
    6.0839990007E-02    6.9255049270E-01   -1.1507342998E-01   -3.0507689566E+03    1.9047392331E-02
    6.0859990007E-02    1.0069432449E+00   -3.8843260169E-01   -3.0523067157E+03    1.5352992028E-02
    6.0879990007E-02    1.2277942371E+00   -1.5328282467E-01   -3.0532420514E+03    1.8170922016E-02
    6.0899990008E-02    1.2410512183E+00    1.2105594919E-01   -3.0537741751E+03    1.9945127693E-02
    6.0919990008E-02    1.0876478761E+00    3.9089564759E-01   -3.0545621611E+03    1.8662304484E-02
    6.0939990008E-02    7.0264894049E-01    2.6723800697E-01   -3.0559276567E+03    2.7803034064E-02
    6.0959990008E-02    7.1462183204E-01   -2.5723538492E-01   -3.0576698339E+03    2.5608004337E-02
    6.0979990008E-02    1.0733808962E+00   -3.7996892246E-01   -3.0589731123E+03    1.3433882329E-02
    6.0999990008E-02    1.2262049852E+00   -1.6309266399E-01   -3.0597444054E+03    1.0440236243E-02
    6.1019990008E-02    1.2317744026E+00    6.2286313153E-02   -3.0602250353E+03    9.3917290649E-03
    6.1039990008E-02    1.1016815962E+00    3.0711927512E-01   -3.0609786889E+03    5.1073826311E-03
    6.1059990008E-02    7.8068032535E-01    2.1555253626E-01   -3.0623200122E+03    6.7772403701E-03
    6.1079990008E-02    8.2552514079E-01   -2.0664589966E-01   -3.0639631852E+03    5.8668566829E-03
    6.1099990008E-02    1.1024660468E+00   -2.5280866275E-01   -3.0651472536E+03    2.1885758827E-03
    6.1119990008E-02    1.2154924513E+00   -5.4873751123E-02   -3.0658124133E+03    1.6601425237E-03
    6.1139990008E-02    1.2215431273E+00    1.0149532815E-01   -3.0662187625E+03    3.3647102719E-03
    6.1159990008E-02    1.1579408094E+00    2.6226740410E-01   -3.0667672994E+03    7.1046876715E-03
    6.1179990008E-02    9.3088917390E-01    3.3717779200E-01   -3.0677093064E+03    1.5950868579E-02
    6.1199990008E-02    6.6541332831E-01    6.1630446188E-03   -3.0692004399E+03    2.5890257254E-02
    6.1219990008E-02    9.0075671105E-01   -4.0232932811E-01   -3.0708601630E+03    2.3460872097E-02
    6.1239990008E-02    1.2071544944E+00   -2.4288923174E-01   -3.0719585432E+03    2.3098026856E-02
    6.1259990008E-02    1.2507939313E+00    5.8554838526E-02   -3.0725499581E+03    2.6936517657E-02
    6.1279990008E-02    1.1351716008E+00    3.6084670177E-01   -3.0732777302E+03    2.2803216081E-02
    6.1299990008E-02    7.4979882942E-01    3.2552541079E-01   -3.0745870143E+03    2.8822588538E-02
    6.1319990008E-02    6.9224375536E-01   -1.8631405763E-01   -3.0763227060E+03    2.7005723376E-02
    6.1339990008E-02    1.0280954786E+00   -3.7394118751E-01   -3.0776614122E+03    1.3880601264E-02
    6.1359990008E-02    1.2047118072E+00   -2.1390686274E-01   -3.0784803527E+03    7.2696196941E-03
    6.1379990008E-02    1.2320691294E+00   -1.9975037152E-02   -3.0789548179E+03    5.9440057758E-03
    6.1399990008E-02    1.1743552673E+00    1.9475372105E-01   -3.0795274499E+03    2.3725249445E-03
    6.1419990008E-02    8.9355772262E-01    3.0237950371E-01   -3.0805934544E+03    2.9412574635E-03
    6.1439990008E-02    7.3000886115E-01   -8.3212862163E-02   -3.0822031012E+03    5.1703802282E-03
    6.1459990008E-02    1.0111006728E+00   -3.2264482480E-01   -3.0836604500E+03    1.5707234089E-03
    6.1479990008E-02    1.2098307425E+00   -1.0862493451E-01   -3.0845173775E+03    3.8885283935E-03
    6.1499990008E-02    1.2308354037E+00    8.8926309619E-02   -3.0849913479E+03    6.6590689067E-03
    6.1519990008E-02    1.1671225056E+00    2.8504788124E-01   -3.0855529831E+03    9.0900147415E-03
    6.1539990008E-02    9.1495703690E-01    3.7143702300E-01   -3.0865278705E+03    1.9013243567E-02
    6.1559990008E-02    6.3640733558E-01    1.0860092754E-02   -3.0880583950E+03    3.1381262908E-02
    6.1579990008E-02    8.8766482136E-01   -4.1705447906E-01   -3.0897317187E+03    2.7698542299E-02
    6.1599990008E-02    1.2057792485E+00   -2.6381446568E-01   -3.0908356455E+03    2.5401956924E-02
    6.1619990008E-02    1.2520395375E+00    4.2531966375E-02   -3.0914350224E+03    2.8883088482E-02
    6.1639990008E-02    1.1355050976E+00    3.5193906013E-01   -3.0921708038E+03    2.3401045471E-02
    6.1659990008E-02    7.5542150170E-01    3.1010623539E-01   -3.0935047518E+03    2.7191156136E-02
    6.1679990008E-02    7.2713140358E-01   -1.8066173303E-01   -3.0952171719E+03    2.4346572084E-02
    6.1699990008E-02    1.0370260035E+00   -3.3682239721E-01   -3.0964931541E+03    1.3134286815E-02
    6.1719990008E-02    1.1922202392E+00   -2.0727896614E-01   -3.0972728993E+03    5.8493820858E-03
    6.1739990008E-02    1.2244289743E+00   -5.3503186078E-02   -3.0977257916E+03    3.0748230558E-03
    6.1759990008E-02    1.1967360866E+00    1.0919648672E-01   -3.0981774429E+03    1.3842214661E-03
    6.1779990008E-02    1.0315536066E+00    2.7730880297E-01   -3.0989918869E+03    2.2923602005E-03
    6.1799990008E-02    7.5860488650E-01    8.3076237632E-02   -3.1003727119E+03    5.0858108395E-03
    6.1819990008E-02    8.8963296683E-01   -3.0463225441E-01   -3.1019977408E+03    4.0438749213E-03
    6.1839990008E-02    1.1711005112E+00   -2.2326160459E-01   -3.1031214546E+03    4.7033059633E-03
    6.1859990008E-02    1.2366876053E+00    1.4737757356E-02   -3.1037215372E+03    8.9046282220E-03
    6.1879990008E-02    1.2027236225E+00    2.3400502443E-01   -3.1042298638E+03    9.3471555893E-03
    6.1899990008E-02    9.8687833504E-01    3.9518495204E-01   -3.1051248459E+03    1.5934488690E-02
    6.1919990008E-02    6.5210273930E-01    1.2654318164E-01   -3.1065724181E+03    2.8617491826E-02
    6.1939990008E-02    7.9937972438E-01   -3.6852032362E-01   -3.1082956147E+03    2.6421752586E-02
    6.1959990008E-02    1.1613663761E+00   -3.3042047622E-01   -3.1095073152E+03    1.9948494186E-02
    6.1979990008E-02    1.2495323908E+00   -3.8503077691E-02   -3.1101738214E+03    2.3201546733E-02
    6.1999990008E-02    1.1939109931E+00    2.5408736545E-01   -3.1107797425E+03    1.8753558663E-02
    6.2019990008E-02    8.7843451735E-01    3.7751749852E-01   -3.1119146518E+03    1.9330269264E-02
    6.2039990008E-02    6.8989583535E-01   -4.3893907361E-02   -3.1135819326E+03    2.0862754222E-02
    6.2059990008E-02    9.6634009472E-01   -3.2440592517E-01   -3.1150186292E+03    1.2391792135E-02
    6.2079990008E-02    1.1674683563E+00   -2.3126356858E-01   -3.1159128617E+03    5.0818938568E-03
    6.2099990008E-02    1.2204773319E+00   -8.0102451388E-02   -3.1164270577E+03    1.8973439605E-03
    6.2119990008E-02    1.2033036435E+00    1.1485744588E-01   -3.1168047270E+03    1.2808365800E-03
    6.2139990008E-02    1.1001663987E+00    2.5969217088E-01   -3.1174713377E+03    4.5914941481E-03
    6.2159990008E-02    8.2649142380E-01    2.1793306928E-01   -3.1186238077E+03    1.0034823293E-02
    6.2179990008E-02    7.5533039878E-01   -2.1185490348E-01   -3.1202670620E+03    1.2089492851E-02
    6.2199990008E-02    1.0906089569E+00   -3.3548150017E-01   -3.1216586843E+03    9.7638463081E-03
    6.2219990008E-02    1.2365080283E+00   -7.3119637805E-02   -3.1224481618E+03    1.4565408822E-02
    6.2239990008E-02    1.2277777605E+00    1.7860366631E-01   -3.1229568427E+03    1.5030391644E-02
    6.2259990008E-02    1.0407898279E+00    4.0678021746E-01   -3.1237983272E+03    1.7479906544E-02
    6.2279990008E-02    6.6841039544E-01    2.0898460794E-01   -3.1252058780E+03    2.9281832828E-02
    6.2299990008E-02    7.4177069923E-01   -3.1695075569E-01   -3.1269509674E+03    2.7177512728E-02
    6.2319990008E-02    1.1160436873E+00   -3.7111290551E-01   -3.1282232324E+03    1.6699479508E-02
    6.2339990008E-02    1.2411553045E+00   -1.0760005634E-01   -3.1289502108E+03    1.7231460506E-02
    6.2359990008E-02    1.2209579201E+00    1.5571233843E-01   -3.1294795325E+03    1.4614565968E-02
    6.2379990008E-02    9.9400334931E-01    3.7201223794E-01   -3.1304357572E+03    1.1633204226E-02
    6.2399990008E-02    7.0965680996E-01    8.3452263985E-02   -3.1319859185E+03    1.4371835864E-02
    6.2419990008E-02    9.0875606592E-01   -2.7882452995E-01   -3.1335365924E+03    9.8384450857E-03
    6.2439990008E-02    1.1419538463E+00   -2.3083723543E-01   -3.1345351263E+03    4.0367925714E-03
    6.2459990008E-02    1.2131970343E+00   -1.0404203272E-01   -3.1351106064E+03    1.0442738268E-03
    6.2479990008E-02    1.2135032373E+00    1.1571546578E-01   -3.1354684489E+03    2.1019909579E-03
    6.2499990008E-02    1.1319073691E+00    2.6634092207E-01   -3.1360698582E+03    6.1959140872E-03
    6.2519990008E-02    8.7949889866E-01    2.9385385521E-01   -3.1370984844E+03    1.4147536472E-02
    6.2539990008E-02    6.8669273949E-01   -1.0024959022E-01   -3.1386770593E+03    2.0417569777E-02
    6.2559990008E-02    9.9411960943E-01   -3.9384826157E-01   -3.1402353843E+03    1.6813971525E-02
    6.2579990008E-02    1.2266107621E+00   -1.6383640246E-01   -3.1411934265E+03    1.9405844615E-02
    6.2599990008E-02    1.2426227124E+00    1.1646179032E-01   -3.1417335650E+03    2.1397059764E-02
    6.2619990008E-02    1.0899381451E+00    3.9185023644E-01   -3.1425226397E+03    1.9710407667E-02
    6.2639990008E-02    7.0225675303E-01    2.6965331240E-01   -3.1438927504E+03    2.8540592408E-02
    6.2659990008E-02    7.1477054753E-01   -2.5509359827E-01   -3.1456353007E+03    2.5952826837E-02
    6.2679990008E-02    1.0711723350E+00   -3.7939870284E-01   -3.1469344767E+03    1.3459501166E-02
    6.2699990008E-02    1.2245649670E+00   -1.6818722186E-01   -3.1477064263E+03    9.9882200221E-03
    6.2719990008E-02    1.2318435487E+00    5.3393608227E-02   -3.1481846601E+03    8.9156484619E-03
    6.2739990008E-02    1.1092890468E+00    2.9679396782E-01   -3.1489226476E+03    4.5434677740E-03
    6.2759990008E-02    7.9171741522E-01    2.2244303767E-01   -3.1502439531E+03    5.8252071071E-03
    6.2779990008E-02    8.2291240371E-01   -1.9747913470E-01   -3.1518874417E+03    5.2043450873E-03
    6.2799990008E-02    1.1003628209E+00   -2.5012270639E-01   -3.1530852841E+03    2.0170136785E-03
    6.2819990008E-02    1.2129037627E+00   -5.8590957699E-02   -3.1537594756E+03    1.5605536936E-03
    6.2839990008E-02    1.2215389891E+00    9.4169698925E-02   -3.1541650808E+03    3.2309267856E-03
    6.2859990008E-02    1.1643130823E+00    2.5100764467E-01   -3.1546938667E+03    6.9270593039E-03
    6.2879990008E-02    9.5212026856E-01    3.3757017566E-01   -3.1556034168E+03    1.5463262916E-02
    6.2899990008E-02    6.7325348164E-01    3.7773934839E-02   -3.1570557127E+03    2.5583761170E-02
    6.2919990008E-02    8.7561079464E-01   -3.9282509771E-01   -3.1587342055E+03    2.4029197008E-02
    6.2939990008E-02    1.1987901198E+00   -2.6074621967E-01   -3.1598727078E+03    2.3169067084E-02
    6.2959990008E-02    1.2518965946E+00    4.4202788141E-02   -3.1604828991E+03    2.7564739942E-02
    6.2979990008E-02    1.1485361457E+00    3.4937963563E-01   -3.1611879531E+03    2.3347974966E-02
    6.2999990008E-02    7.6760235940E-01    3.4571596159E-01   -3.1624660013E+03    2.9128118392E-02
    6.3019990007E-02    6.7722057469E-01   -1.6296236822E-01   -3.1642021808E+03    2.8298483552E-02
    6.3039990007E-02    1.0119712935E+00   -3.7969086862E-01   -3.1655746552E+03    1.4932216731E-02
    6.3059990007E-02    1.2013776647E+00   -2.2559113680E-01   -3.1664191673E+03    7.8269971722E-03
    6.3079990007E-02    1.2328819764E+00   -2.7787400824E-02   -3.1669059121E+03    6.5038939626E-03
    6.3099990007E-02    1.1785860226E+00    1.8883781463E-01   -3.1674712995E+03    2.8238628323E-03
    6.3119990007E-02    9.0816819712E-01    3.0588057979E-01   -3.1685270718E+03    2.2626796955E-03
    6.3139990007E-02    7.3794126004E-01   -6.6173293721E-02   -3.1701285548E+03    4.0951605052E-03
    6.3159990007E-02    1.0067660498E+00   -3.1308856351E-01   -3.1715829994E+03    1.0143486552E-03
    6.3179990007E-02    1.2069318398E+00   -9.2012141471E-02   -3.1724317193E+03    4.2386008693E-03
    6.3199990007E-02    1.2285545818E+00    9.3287377498E-02   -3.1728989541E+03    7.3086867290E-03
    6.3219990007E-02    1.1760890389E+00    2.7142190686E-01   -3.1734242695E+03    1.0897941036E-02
    6.3239990007E-02    9.6102161626E-01    3.7518852369E-01   -3.1743171338E+03    2.1358078418E-02
    6.3259990007E-02    6.5011524458E-01    8.8743210325E-02   -3.1757421133E+03    3.6194011974E-02
    6.3279990007E-02    8.1853612480E-01   -4.0070841451E-01   -3.1774732284E+03    3.6540396285E-02
    6.3299990007E-02    1.1891389401E+00   -3.1337327963E-01   -3.1786919534E+03    3.3558978554E-02
    6.3319990007E-02    1.2582744152E+00    2.0049931856E-02   -3.1793503530E+03    3.8750842299E-02
    6.3339990007E-02    1.1516046936E+00    3.5347320356E-01   -3.1800795786E+03    3.2201282686E-02
    6.3359990007E-02    7.5870271713E-01    3.3579832211E-01   -3.1814141463E+03    3.5240919836E-02
    6.3379990007E-02    7.1199423709E-01   -1.6366049527E-01   -3.1831380145E+03    3.1526582249E-02
    6.3399990007E-02    1.0196824293E+00   -3.4189269261E-01   -3.1844200701E+03    1.8740560907E-02
    6.3419990007E-02    1.1822609632E+00   -2.3066519166E-01   -3.1852098005E+03    9.7390057411E-03
    6.3439990007E-02    1.2215865573E+00   -8.6741566437E-02   -3.1856756128E+03    5.3948472316E-03
    6.3459990007E-02    1.2064221670E+00    6.3219455483E-02   -3.1860866770E+03    3.2303385173E-03
    6.3479990007E-02    1.0875190357E+00    2.3380912914E-01   -3.1868172093E+03    2.0088637558E-03
    6.3499990007E-02    8.2083641144E-01    1.3728660791E-01   -3.1880978374E+03    1.7657403813E-03
    6.3519990007E-02    8.6474831545E-01   -2.4763842101E-01   -3.1897185017E+03    1.3272612616E-03
    6.3539990007E-02    1.1548761006E+00   -2.0482174064E-01   -3.1909024517E+03    4.4021755444E-03
    6.3559990007E-02    1.2312970228E+00    2.0288102837E-02   -3.1915381346E+03    9.7646591256E-03
    6.3579990007E-02    1.2133234061E+00    2.1325332707E-01   -3.1920026563E+03    1.2208559960E-02
    6.3599990007E-02    1.0648130816E+00    3.8101590171E-01   -3.1927540053E+03    2.0179312418E-02
    6.3619990007E-02    7.2459641440E-01    2.7060821949E-01   -3.1939758189E+03    3.7089236867E-02
    6.3639990007E-02    6.6442223107E-01   -2.6456185259E-01   -3.1957159575E+03    4.6046640570E-02
    6.3659990007E-02    1.0873195865E+00   -4.3001453047E-01   -3.1971819101E+03    3.9594619972E-02
    6.3679990007E-02    1.2577308875E+00   -1.0283026317E-01   -3.1980278587E+03    4.4740329248E-02
    6.3699990007E-02    1.2204372651E+00    2.4370961787E-01   -3.1986466893E+03    4.0329222759E-02
    6.3719990007E-02    8.9237179070E-01    4.2122449929E-01   -3.1997936014E+03    3.8125391217E-02
    6.3739990007E-02    6.7199293686E-01   -6.4418878164E-03   -3.2014856117E+03    3.8002651171E-02
    6.3759990007E-02    9.3763522821E-01   -3.1345406635E-01   -3.2029143287E+03    2.6707545737E-02
    6.3779990007E-02    1.1417022154E+00   -2.5827988339E-01   -3.2038029397E+03    1.6183735594E-02
    6.3799990007E-02    1.2066877781E+00   -1.3928787492E-01   -3.2043325408E+03    9.0604611271E-03
    6.3819990007E-02    1.2151108931E+00   -2.7030770852E-02   -3.2046712735E+03    5.8204551781E-03
    6.3839990007E-02    1.1816340840E+00    1.1003949667E-01   -3.2051070030E+03    5.4988129343E-03
    6.3859990007E-02    1.0307039794E+00    2.3622788725E-01   -3.2059202164E+03    6.7335005141E-03
    6.3879990007E-02    7.7508031296E-01    3.9315262866E-02   -3.2072947041E+03    7.7295577740E-03
    6.3899990007E-02    9.2548088409E-01   -3.1880627971E-01   -3.2089047385E+03    6.9476360699E-03
    6.3919990007E-02    1.1927608412E+00   -1.8806486551E-01   -3.2099986808E+03    1.0473293195E-02
    6.3939990007E-02    1.2415009335E+00    6.7859586380E-02   -3.2105743508E+03    1.5645514202E-02
    6.3959990007E-02    1.1786505453E+00    3.1015672472E-01   -3.2111614418E+03    1.6483242501E-02
    6.3979990007E-02    8.8787750153E-01    4.1147953246E-01   -3.2121858009E+03    2.7829703443E-02
    6.3999990007E-02    5.9800532491E-01    6.8692290477E-04   -3.2137808311E+03    4.2088101122E-02
    6.4019990007E-02    8.8376135559E-01   -4.4272120136E-01   -3.2154639871E+03    3.5826265443E-02
    6.4039990007E-02    1.2106196188E+00   -2.8077199744E-01   -3.2165616563E+03    3.1417887242E-02
    6.4059990007E-02    1.2539564193E+00    3.7416827956E-02   -3.2171676195E+03    3.4286429039E-02
    6.4079990007E-02    1.1210834354E+00    3.5752184715E-01   -3.2179466827E+03    2.6858117784E-02
    6.4099990007E-02    7.4729685811E-01    2.6953732651E-01   -3.2193510100E+03    2.8613399767E-02
    6.4119990007E-02    7.9153640638E-01   -1.8781655321E-01   -3.2210169426E+03    2.4677921784E-02
    6.4139990007E-02    1.0666437396E+00   -2.7573907665E-01   -3.2221774150E+03    1.5962596984E-02
    6.4159990007E-02    1.1850055291E+00   -1.6408671914E-01   -3.2228712185E+03    8.5809943323E-03
    6.4179990007E-02    1.2130962188E+00   -5.2569856398E-02   -3.2232619270E+03    4.7009632278E-03
    6.4199990007E-02    1.2063883884E+00    5.3334080850E-02   -3.2235773001E+03    4.4421103055E-03
    6.4219990007E-02    1.1451238097E+00    1.8652660568E-01   -3.2241041226E+03    7.5681081943E-03
    6.4239990007E-02    9.3877310556E-01    2.4613811613E-01   -3.2250532507E+03    1.1880257915E-02
    6.4259990007E-02    7.3240564820E-01   -8.0900500954E-02   -3.2265619853E+03    1.5057909653E-02
    6.4279990007E-02    1.0012416214E+00   -3.6456112090E-01   -3.2281202769E+03    1.3512630639E-02
    6.4299990007E-02    1.2254756938E+00   -1.3639271059E-01   -3.2290844237E+03    1.8565436461E-02
    6.4319990007E-02    1.2415691808E+00    1.3760938643E-01   -3.2296213869E+03    2.1423102380E-02
    6.4339990007E-02    1.0981994018E+00    4.0136671991E-01   -3.2303837958E+03    2.2369363013E-02
    6.4359990007E-02    7.0564210736E-01    3.0801619867E-01   -3.2316892326E+03    3.6052676829E-02
    6.4379990007E-02    6.5806633287E-01   -2.4848595389E-01   -3.2334639449E+03    3.8618011946E-02
    6.4399990007E-02    1.0608870417E+00   -4.2599436763E-01   -3.2348722043E+03    2.5846802743E-02
    6.4419990007E-02    1.2406910688E+00   -1.6040936911E-01   -3.2357061066E+03    2.4993602506E-02
    6.4439990007E-02    1.2331934731E+00    1.2756269298E-01   -3.2362500861E+03    2.3129770590E-02
    6.4459990007E-02    1.0166079880E+00    3.7853391413E-01   -3.2371929687E+03    1.7684243857E-02
    6.4479990007E-02    7.1967746738E-01    1.1175916897E-01   -3.2387425144E+03    1.9549434099E-02
    6.4499990007E-02    9.0951839396E-01   -2.4805289848E-01   -3.2402820291E+03    1.5251191303E-02
    6.4519990007E-02    1.1313579013E+00   -2.1304200928E-01   -3.2412647225E+03    9.4516929793E-03
    6.4539990007E-02    1.2026539708E+00   -8.5261915024E-02   -3.2418233925E+03    4.9510596251E-03
    6.4559990007E-02    1.2134675060E+00    1.9979065214E-02   -3.2421440829E+03    4.0081425491E-03
    6.4579990007E-02    1.1924724752E+00    1.2921150320E-01   -3.2425025639E+03    6.6341525439E-03
    6.4599990007E-02    1.0930714870E+00    2.4986669731E-01   -3.2431477844E+03    1.2662209228E-02
    6.4619990007E-02    8.3397667786E-01    2.1022190397E-01   -3.2442492899E+03    1.9702722758E-02
    6.4639990007E-02    7.3741724264E-01   -2.1918506968E-01   -3.2458786087E+03    2.3496821484E-02
    6.4659990007E-02    1.0912455758E+00   -3.6357564466E-01   -3.2473267727E+03    2.1666221062E-02
    6.4679990007E-02    1.2477279700E+00   -6.3769076976E-02   -3.2481497284E+03    2.8652182038E-02
    6.4699990007E-02    1.2244789072E+00    2.3702737374E-01   -3.2487164490E+03    2.7552963670E-02
    6.4719990007E-02    9.5441026486E-01    4.4936329721E-01   -3.2497081023E+03    3.1105631262E-02
    6.4739990007E-02    6.0065729130E-01    9.4573794365E-02   -3.2512965146E+03    4.1465142131E-02
    6.4759990007E-02    8.1880166358E-01   -3.9435863109E-01   -3.2529903589E+03    3.1326311643E-02
    6.4779990007E-02    1.1599670365E+00   -3.4318363561E-01   -3.2541190282E+03    1.9203465252E-02
    6.4799990007E-02    1.2445180018E+00   -8.0799235226E-02   -3.2547624910E+03    1.9136847812E-02
    6.4819990007E-02    1.2014412608E+00    1.9009999901E-01   -3.2553355207E+03    1.4221544975E-02
    6.4839990007E-02    9.2987154314E-01    3.4193812342E-01   -3.2564201746E+03    1.0753860259E-02
    6.4859990007E-02    7.5499206216E-01   -1.8201435423E-02   -3.2580369160E+03    1.1678223151E-02
    6.4879990007E-02    1.0080169795E+00   -2.4615361120E-01   -3.2594333663E+03    9.2478712627E-03
    6.4899990007E-02    1.1711597259E+00   -1.3905951675E-01   -3.2602716389E+03    6.1268459328E-03
    6.4919990006E-02    1.2119966785E+00   -6.6499357061E-03   -3.2607247144E+03    4.7185105903E-03
    6.4939990006E-02    1.2098606380E+00    9.9334616883E-02   -3.2610409096E+03    6.6045155268E-03
    6.4959990006E-02    1.1626589273E+00    2.1585387577E-01   -3.2615085664E+03    1.2283837352E-02
    6.4979990006E-02    9.9700450829E-01    3.0156011195E-01   -3.2623162104E+03    2.1228643979E-02
    6.4999990006E-02    7.1409872213E-01    8.6480722898E-02   -3.2636374711E+03    3.1146601616E-02
    6.5019990006E-02    8.2956417253E-01   -3.7283360033E-01   -3.2653393026E+03    3.2772057549E-02
    6.5039990006E-02    1.1891001794E+00   -2.9098921077E-01   -3.2665843796E+03    3.3097293255E-02
    6.5059990006E-02    1.2585571727E+00    4.5936613189E-02   -3.2672467280E+03    3.9601632512E-02
    6.5079990006E-02    1.1508041767E+00    3.7732050180E-01   -3.2679751556E+03    3.4804386917E-02
    6.5099990006E-02    7.4016045470E-01    3.6273162408E-01   -3.2692861345E+03    4.1834719092E-02
    6.5119990006E-02    6.5039467854E-01   -1.8027345226E-01   -3.2710569001E+03    3.9591885841E-02
    6.5139990006E-02    1.0066680580E+00   -4.1043420657E-01   -3.2724397640E+03    2.2544311964E-02
    6.5159990006E-02    1.2080055600E+00   -2.4368571775E-01   -3.2732959805E+03    1.3965213798E-02
    6.5179990006E-02    1.2369727115E+00   -2.3522204011E-02   -3.2738019139E+03    1.2502043565E-02
    6.5199990006E-02    1.1599487907E+00    2.2363901123E-01   -3.2744428239E+03    6.6592823601E-03
    6.5219990006E-02    8.7287587941E-01    2.6453191518E-01   -3.2756442617E+03    4.0773153343E-03
    6.5239990006E-02    8.2184686525E-01   -1.1859694309E-01   -3.2772669798E+03    4.6170155185E-03
    6.5259990006E-02    1.0863052439E+00   -2.1468169610E-01   -3.2785340012E+03    4.9143601815E-03
    6.5279990006E-02    1.2003594337E+00   -5.8631328982E-02   -3.2792536292E+03    5.5696773547E-03
    6.5299990006E-02    1.2182940250E+00    7.6877292566E-02   -3.2796504513E+03    7.4869283057E-03
    6.5319990006E-02    1.1934165768E+00    2.0056555453E-01   -3.2800511597E+03    1.2330095156E-02
    6.5339990006E-02    1.0808396066E+00    3.1553885233E-01   -3.2807174338E+03    2.1237039785E-02
    6.5359990006E-02    8.0189267770E-01    2.6343109902E-01   -3.2818045842E+03    3.4207672007E-02
    6.5379990006E-02    6.6993499757E-01   -2.0355667514E-01   -3.2834494852E+03    4.3697717859E-02
    6.5399990006E-02    1.0584789177E+00   -4.2995420259E-01   -3.2849897507E+03    4.0645783684E-02
    6.5419990006E-02    1.2565058854E+00   -1.0794025519E-01   -3.2858948092E+03    4.7620254433E-02
    6.5439990006E-02    1.2299669108E+00    2.4517730243E-01   -3.2865084747E+03    4.4742836212E-02
    6.5459990006E-02    9.0877136074E-01    4.5346715657E-01   -3.2876145434E+03    4.4030139260E-02
    6.5479990006E-02    6.1940768657E-01    2.7488068026E-02   -3.2893070590E+03    4.5913292335E-02
    6.5499990006E-02    8.8264512801E-01   -3.6428726682E-01   -3.2908450096E+03    3.0212305870E-02
    6.5519990006E-02    1.1424934816E+00   -3.1888663651E-01   -3.2918259986E+03    1.6454564188E-02
    6.5539990006E-02    1.2231676196E+00   -1.5037770904E-01   -3.2924213760E+03    1.0378303276E-02
    6.5559990006E-02    1.2202034629E+00    2.3938815660E-02   -3.2928554832E+03    7.2704090344E-03
    6.5579990006E-02    1.1109090341E+00    2.2746256362E-01   -3.2935820547E+03    2.5584394836E-03
    6.5599990006E-02    7.8882634036E-01    1.6748159347E-01   -3.2948802330E+03    1.9408348941E-03
    6.5619990006E-02    8.4416939440E-01   -2.3972756730E-01   -3.2965188016E+03    1.4863729837E-03
    6.5639990006E-02    1.1506933070E+00   -1.9612375791E-01   -3.2976898961E+03    3.2825564043E-03
    6.5659990006E-02    1.2272245358E+00    1.3899710097E-02   -3.2983235623E+03    7.9410766150E-03
    6.5679990006E-02    1.2153692867E+00    1.9097511245E-01   -3.2987649883E+03    1.0746658228E-02
    6.5699990006E-02    1.0958380957E+00    3.5452058919E-01   -3.2994540533E+03    1.8124072284E-02
    6.5719990006E-02    7.8358712167E-01    3.1041513225E-01   -3.3005788613E+03    3.3588230278E-02
    6.5739990006E-02    6.3758791158E-01   -1.8444955684E-01   -3.3022585478E+03    4.5255994139E-02
    6.5759990006E-02    1.0325339564E+00   -4.4851223620E-01   -3.3038141848E+03    3.9953394789E-02
    6.5779990006E-02    1.2518996808E+00   -1.4653312373E-01   -3.3047450341E+03    4.4219166080E-02
    6.5799990006E-02    1.2368817042E+00    1.9953915208E-01   -3.3053434440E+03    4.2243386999E-02
    6.5819990006E-02    9.5056458801E-01    4.3951984260E-01   -3.3064026916E+03    3.8631687619E-02
    6.5839990006E-02    6.5307747855E-01    6.5720580004E-02   -3.3080568538E+03    4.0268709943E-02
    6.5859990006E-02    8.8633952795E-01   -3.1302903069E-01   -3.3095791527E+03    2.8780304453E-02
    6.5879990006E-02    1.1244669845E+00   -2.8782617880E-01   -3.3105437140E+03    1.7195978418E-02
    6.5899990006E-02    1.2058611235E+00   -1.6223664532E-01   -3.3111275430E+03    9.5553686417E-03
    6.5919990006E-02    1.2180154539E+00   -3.8855495259E-02   -3.3114965783E+03    6.0147220034E-03
    6.5939990006E-02    1.1827405884E+00    1.0939040005E-01   -3.3119559629E+03    4.7257125405E-03
    6.5959990006E-02    1.0180475936E+00    2.3834407789E-01   -3.3128131233E+03    4.4611457132E-03
    6.5979990006E-02    7.7645352885E-01    1.1861256615E-02   -3.3142381248E+03    4.5838393031E-03
    6.5999990006E-02    9.6004015587E-01   -3.1006513517E-01   -3.3158140189E+03    3.9485049931E-03
    6.6019990006E-02    1.1983268408E+00   -1.5666113583E-01   -3.3168443396E+03    8.0885430482E-03
    6.6039990006E-02    1.2377039895E+00    7.9285657393E-02   -3.3173891074E+03    1.2663330911E-02
    6.6059990006E-02    1.1770303157E+00    3.0226513639E-01   -3.3179607635E+03    1.4496933304E-02
    6.6079990006E-02    9.0837019073E-01    4.0351335449E-01   -3.3189471972E+03    2.5970343857E-02
    6.6099990006E-02    6.0804531642E-01    2.5900012871E-02   -3.3204952442E+03    4.1325396490E-02
    6.6119990006E-02    8.6519191355E-01   -4.3626601990E-01   -3.3222020341E+03    3.7381313074E-02
    6.6139990006E-02    1.2075191128E+00   -2.8873657412E-01   -3.3233357339E+03    3.3623105194E-02
    6.6159990006E-02    1.2559193778E+00    3.8739072117E-02   -3.3239568086E+03    3.7184558541E-02
    6.6179990006E-02    1.1232646661E+00    3.6565123984E-01   -3.3247374516E+03    2.9799987311E-02
    6.6199990006E-02    7.3970014451E-01    2.7929494269E-01   -3.3261438260E+03    3.1957169046E-02
    6.6219990006E-02    7.7546905282E-01   -1.9127789914E-01   -3.3278236845E+03    2.7418399755E-02
    6.6239990006E-02    1.0581837130E+00   -2.9339921384E-01   -3.3289993324E+03    1.7386166529E-02
    6.6259990006E-02    1.1841129291E+00   -1.8366316461E-01   -3.3297099577E+03    9.3993483868E-03
    6.6279990006E-02    1.2143837382E+00   -6.7780700434E-02   -3.3301172896E+03    5.0501972508E-03
    6.6299990006E-02    1.2064678229E+00    4.6820758713E-02   -3.3304531481E+03    4.1435262577E-03
    6.6319990006E-02    1.1358719174E+00    1.9051245822E-01   -3.3310193994E+03    6.2209119810E-03
    6.6339990006E-02    9.0788640785E-01    2.2623302446E-01   -3.3320432175E+03    9.0956147004E-03
    6.6359990006E-02    7.5407658826E-01   -1.3798009316E-01   -3.3336103698E+03    1.0744430530E-02
    6.6379990006E-02    1.0527535553E+00   -3.3850057901E-01   -3.3350881151E+03    9.5914890709E-03
    6.6399990006E-02    1.2307218973E+00   -9.0364504648E-02   -3.3359579823E+03    1.5387904999E-02
    6.6419990006E-02    1.2343440961E+00    1.6362547187E-01   -3.3364707186E+03    1.7383325377E-02
    6.6439990006E-02    1.0800075092E+00    4.0293623377E-01   -3.3372474068E+03    2.0299653538E-02
    6.6459990006E-02    6.9799219372E-01    2.8401639650E-01   -3.3385562513E+03    3.4997312709E-02
    6.6479990006E-02    6.7125411281E-01   -2.6973116722E-01   -3.3403280216E+03    3.8257529988E-02
    6.6499990006E-02    1.0797809973E+00   -4.1946222615E-01   -3.3417275611E+03    2.7175243543E-02
    6.6519990006E-02    1.2461590411E+00   -1.3434796280E-01   -3.3425444942E+03    2.8195933592E-02
    6.6539990006E-02    1.2275271085E+00    1.6698306492E-01   -3.3431073466E+03    2.5457076770E-02
    6.6559990006E-02    9.7406583509E-01    3.9368677657E-01   -3.3441204026E+03    2.1233128651E-02
    6.6579990006E-02    7.0315161972E-01    6.6784677848E-02   -3.3457230498E+03    2.3067078238E-02
    6.6599990006E-02    9.2564073943E-01   -2.7041568041E-01   -3.3472243656E+03    1.7001490403E-02
    6.6619990006E-02    1.1382394213E+00   -2.2167917249E-01   -3.3481681820E+03    9.8519450698E-03
    6.6639990006E-02    1.2052036777E+00   -9.5775928949E-02   -3.3487111716E+03    4.7117350951E-03
    6.6659990006E-02    1.2140207372E+00    1.1363916941E-02   -3.3490356791E+03    3.2551243147E-03
    6.6679990006E-02    1.1868449145E+00    1.3176244365E-01   -3.3494289834E+03    5.1538257917E-03
    6.6699990006E-02    1.0639587493E+00    2.5574844982E-01   -3.3501480843E+03    9.9184044850E-03
    6.6719990006E-02    7.8909346154E-01    1.4554967780E-01   -3.3513752383E+03    1.5118829023E-02
    6.6739990006E-02    8.0619352151E-01   -2.8925918498E-01   -3.3530374825E+03    1.6220342098E-02
    6.6759990006E-02    1.1473665551E+00   -2.9817115240E-01   -3.3543376194E+03    1.5915134562E-02
    6.6779990006E-02    1.2475561183E+00   -4.3455087774E-03   -3.3550405420E+03    2.2450470373E-02
    6.6799990006E-02    1.2038743790E+00    2.7571248586E-01   -3.3556180251E+03    2.1079969453E-02
    6.6819990005E-02    9.1056860768E-01    4.3271756397E-01   -3.3566488183E+03    2.7970977448E-02
    6.6839990005E-02    5.9868258444E-01    3.2573955338E-02   -3.3582650403E+03    3.8937989483E-02
    6.6859990005E-02    8.6337106236E-01   -4.1858761577E-01   -3.3599312676E+03    2.9316524608E-02
    6.6879990005E-02    1.1867044633E+00   -3.0758378342E-01   -3.3610206537E+03    2.0593710129E-02
    6.6899990005E-02    1.2481146037E+00   -2.8126595693E-02   -3.3616290192E+03    2.2076208621E-02
    6.6919990005E-02    1.1727535121E+00    2.6298741753E-01   -3.3622778796E+03    1.5995234065E-02
    6.6939990005E-02    8.4788880010E-01    3.2308373586E-01   -3.3634989754E+03    1.5188325930E-02
    6.6959990005E-02    7.6406629092E-01   -9.9712638102E-02   -3.3651611571E+03    1.5015447846E-02
    6.6979990005E-02    1.0389145071E+00   -2.6139301435E-01   -3.3664589212E+03    1.0190249534E-02
    6.6999990005E-02    1.1797575870E+00   -1.4468231054E-01   -3.3672276527E+03    5.4686751679E-03
    6.7019990005E-02    1.2132367438E+00   -2.0109901632E-02   -3.3676476288E+03    3.3220757795E-03
    6.7039990005E-02    1.2078602126E+00    8.6271823985E-02   -3.3679658128E+03    4.5224823847E-03
    6.7059990005E-02    1.1503836681E+00    2.1071389641E-01   -3.3684752610E+03    9.4376372589E-03
    6.7079990005E-02    9.5735354255E-01    2.8054180567E-01   -3.3693657171E+03    1.6703597627E-02
    6.7099990005E-02    7.0601999098E-01   -1.0733769402E-02   -3.3708063121E+03    2.3508773738E-02
    6.7119990005E-02    9.2686149660E-01   -3.8952564396E-01   -3.3724499861E+03    2.2355063531E-02
    6.7139990005E-02    1.2158028025E+00   -2.0587720983E-01   -3.3735377485E+03    2.5270323127E-02
    6.7159990005E-02    1.2502581649E+00    1.0125601380E-01   -3.3741229033E+03    2.9383845121E-02
    6.7179990005E-02    1.1130754144E+00    3.9981815073E-01   -3.3748897367E+03    2.7203317784E-02
    6.7199990005E-02    7.0543093154E-01    3.1691297040E-01   -3.3762301688E+03    3.7547472586E-02
    6.7219990005E-02    6.6724225571E-01   -2.3633237565E-01   -3.3780051390E+03    3.6351645657E-02
    6.7239990005E-02    1.0475147216E+00   -4.1490384860E-01   -3.3793708668E+03    2.1176567216E-02
    6.7259990005E-02    1.2278561792E+00   -1.9277960406E-01   -3.3801944266E+03    1.6754603797E-02
    6.7279990005E-02    1.2357401491E+00    5.7211886011E-02   -3.3807048559E+03    1.5539925109E-02
    6.7299990005E-02    1.0892886774E+00    3.1910629811E-01   -3.3815072320E+03    9.3031924385E-03
    6.7319990005E-02    7.7362839690E-01    1.8690135224E-01   -3.3829188615E+03    9.9591601466E-03
    6.7339990005E-02    8.7539122728E-01   -2.0406525107E-01   -3.3845233321E+03    8.8840634439E-03
    6.7359990005E-02    1.1209754353E+00   -2.0309249926E-01   -3.3856131951E+03    6.3362268068E-03
    6.7379990005E-02    1.2035640640E+00   -5.7563890434E-02   -3.3862210230E+03    4.3012012405E-03
    6.7399990005E-02    1.2151289702E+00    6.0917604252E-02   -3.3865698709E+03    5.0771320688E-03
    6.7419990005E-02    1.1893296210E+00    1.7601505203E-01   -3.3869613707E+03    9.2232246392E-03
    6.7439990005E-02    1.0753490332E+00    2.8957591282E-01   -3.3876401354E+03    1.7067229328E-02
    6.7459990005E-02    7.9989023512E-01    2.2201158674E-01   -3.3887645669E+03    2.7341577698E-02
    6.7479990005E-02    7.1319494427E-01   -2.3875132359E-01   -3.3904218953E+03    3.3177174488E-02
    6.7499990005E-02    1.0935355708E+00   -3.8901120900E-01   -3.3918872510E+03    3.0574477713E-02
    6.7519990005E-02    1.2540904902E+00   -6.8998121864E-02   -3.3927213675E+03    3.7764026719E-02
    6.7539990005E-02    1.2201841394E+00    2.6012828655E-01   -3.3933241662E+03    3.4993567371E-02
    6.7559990005E-02    9.0263116270E-01    4.4782386954E-01   -3.3944117196E+03    3.7237441101E-02
    6.7579990005E-02    6.0563064587E-01    2.1400999979E-02   -3.3960894744E+03    4.2140555782E-02
    6.7599990005E-02    8.7794636938E-01   -3.9225104469E-01   -3.3976769926E+03    2.7419558714E-02
    6.7619990005E-02    1.1631232424E+00   -3.1950628058E-01   -3.3986993585E+03    1.4878094029E-02
    6.7639990005E-02    1.2359840403E+00   -1.0099262176E-01   -3.3992967033E+03    1.2342883295E-02
    6.7659990005E-02    1.2079418460E+00    1.2669788550E-01   -3.3998136796E+03    8.3288449560E-03
    6.7679990005E-02    9.9682617372E-01    3.0972916399E-01   -3.4007782006E+03    3.5465114019E-03
    6.7699990005E-02    7.7450897067E-01    3.1663000196E-02   -3.4023145444E+03    3.9768708109E-03
    6.7719990005E-02    9.9173940473E-01   -2.3755233311E-01   -3.4037924370E+03    4.0509988056E-03
    6.7739990005E-02    1.1758480784E+00   -1.2330000122E-01   -3.4047055386E+03    4.6552279422E-03
    6.7759990005E-02    1.2179578460E+00    3.1232470388E-02   -3.4051945073E+03    6.0814610652E-03
    6.7779990005E-02    1.2083940493E+00    1.5728980760E-01   -3.4055648705E+03    9.4482641793E-03
    6.7799990005E-02    1.1318694366E+00    2.8556253683E-01   -3.4061354914E+03    1.6947075556E-02
    6.7819990005E-02    9.0139776869E-01    3.2267550550E-01   -3.4070782453E+03    2.8534465857E-02
    6.7839990005E-02    6.5179759621E-01   -3.6540741369E-02   -3.4085738159E+03    4.0735221747E-02
    6.7859990005E-02    9.2541537171E-01   -4.3823630555E-01   -3.4102497860E+03    3.9690768691E-02
    6.7879990005E-02    1.2315591049E+00   -2.2060692792E-01   -3.4113453153E+03    4.2461305540E-02
    6.7899990005E-02    1.2547649777E+00    1.2837627263E-01   -3.4119526285E+03    4.5324600757E-02
    6.7919990005E-02    1.0515365932E+00    4.4263250444E-01   -3.4128582818E+03    4.0285920883E-02
    6.7939990005E-02    6.4722040809E-01    2.0860492761E-01   -3.4143913668E+03    4.5503563463E-02
    6.7959990005E-02    7.7049190531E-01   -2.9478018861E-01   -3.4160841152E+03    3.4564242650E-02
    6.7979990005E-02    1.0853673304E+00   -3.5671228254E-01   -3.4172274364E+03    1.8914963758E-02
    6.7999990005E-02    1.2114048416E+00   -2.0110706778E-01   -3.4179307369E+03    1.0950065289E-02
    6.8019990005E-02    1.2274553554E+00   -2.8382964766E-02   -3.4183735864E+03    7.9393499633E-03
    6.8039990005E-02    1.1625894415E+00    1.7549250288E-01   -3.4189726997E+03    3.5865208186E-03
    6.8059990005E-02    8.6842876389E-01    2.5647554147E-01   -3.4200883985E+03    1.4597567640E-03
    6.8079990005E-02    7.6886252463E-01   -1.4100727039E-01   -3.4217159688E+03    2.4370142846E-03
    6.8099990005E-02    1.0875143856E+00   -2.5619065433E-01   -3.4230768818E+03    1.4507571265E-03
    6.8119990005E-02    1.2183652716E+00   -5.4247528696E-02   -3.4238594834E+03    5.8843341982E-03
    6.8139990005E-02    1.2264142461E+00    1.3242926185E-01   -3.4243103003E+03    8.6800490697E-03
    6.8159990005E-02    1.1457123727E+00    3.1550588494E-01   -3.4249126697E+03    1.3335295801E-02
    6.8179990005E-02    8.7518314248E-01    3.6271045364E-01   -3.4259223535E+03    2.6030441022E-02
    6.8199990005E-02    6.2309145409E-01   -4.3257718327E-02   -3.4274920517E+03    3.9881207785E-02
    6.8219990005E-02    9.2466245756E-01   -4.4474769976E-01   -3.4291560414E+03    3.6266092747E-02
    6.8239990005E-02    1.2271146093E+00   -2.3461374376E-01   -3.4302268845E+03    3.6316788504E-02
    6.8259990005E-02    1.2528694302E+00    9.8488248213E-02   -3.4308237403E+03    3.8812919349E-02
    6.8279990005E-02    1.0712888293E+00    4.1176927088E-01   -3.4316936265E+03    3.2665839937E-02
    6.8299990005E-02    6.8521050995E-01    2.1907189173E-01   -3.4331922110E+03    3.6384218835E-02
    6.8319990005E-02    7.9219020624E-01   -2.5433182643E-01   -3.4348573310E+03    2.8792878729E-02
    6.8339990005E-02    1.0798531459E+00   -3.1647534796E-01   -3.4359815280E+03    1.6728344674E-02
    6.8359990005E-02    1.1972119759E+00   -1.9095647702E-01   -3.4366669306E+03    8.7917801329E-03
    6.8379990005E-02    1.2204763417E+00   -5.7284183700E-02   -3.4370779785E+03    5.0262570407E-03
    6.8399990005E-02    1.1945949290E+00    9.2039599965E-02   -3.4375125006E+03    3.3998074922E-03
    6.8419990005E-02    1.0508281661E+00    2.4333376813E-01   -3.4383095381E+03    2.9979885778E-03
    6.8439990005E-02    7.8725671313E-01    7.5568384373E-02   -3.4396697388E+03    3.4487205759E-03
    6.8459990005E-02    9.1017278871E-01   -2.9055109860E-01   -3.4412797451E+03    2.8764291406E-03
    6.8479990005E-02    1.1769170826E+00   -1.9644766408E-01   -3.4423934940E+03    5.4746789137E-03
    6.8499990005E-02    1.2361585516E+00    3.9070657736E-02   -3.4429846825E+03    1.0314132495E-02
    6.8519990005E-02    1.1986675610E+00    2.5358201398E-01   -3.4435011861E+03    1.1715491621E-02
    6.8539990005E-02    9.8257612429E-01    4.0173777265E-01   -3.4443909295E+03    2.0488198470E-02
    6.8559990005E-02    6.4302226430E-01    1.3287888373E-01   -3.4458200571E+03    3.5951548526E-02
    6.8579990005E-02    7.8353426587E-01   -3.8303727248E-01   -3.4475695028E+03    3.5755496490E-02
    6.8599990005E-02    1.1687535293E+00   -3.4397999198E-01   -3.4488175014E+03    2.9825927878E-02
    6.8619990005E-02    1.2561737857E+00   -2.1808917484E-02   -3.4495028616E+03    3.4282533751E-02
    6.8639990005E-02    1.1769543921E+00    3.0395834932E-01   -3.4501767572E+03    2.8043857024E-02
    6.8659990005E-02    8.1416326488E-01    3.5885646988E-01   -3.4514345294E+03    2.9018854995E-02
    6.8679990005E-02    7.1361568560E-01   -1.0837388577E-01   -3.4531398308E+03    2.7530223166E-02
    6.8699990005E-02    1.0044972692E+00   -3.1530874894E-01   -3.4544627563E+03    1.7454234737E-02
    6.8719990004E-02    1.1713589682E+00   -2.1778745211E-01   -3.4552738046E+03    9.0634488586E-03
    6.8739990004E-02    1.2155089489E+00   -8.8252439961E-02   -3.4557447492E+03    4.3518424347E-03
    6.8759990004E-02    1.2107130265E+00    3.7379974740E-02   -3.4561014725E+03    2.8706787689E-03
    6.8779990004E-02    1.1388016118E+00    1.9410181621E-01   -3.4566777713E+03    3.7703666263E-03
    6.8799990004E-02    9.0307406684E-01    2.3110227299E-01   -3.4577244830E+03    5.8943303814E-03
    6.8819990004E-02    7.6097324831E-01   -1.3809650505E-01   -3.4593050831E+03    7.1902642594E-03
    6.8839990004E-02    1.0571760305E+00   -3.2471218530E-01   -3.4607584114E+03    6.1094091958E-03
    6.8859990004E-02    1.2266132308E+00   -8.8511670885E-02   -3.4616100762E+03    1.1187546392E-02
    6.8879990004E-02    1.2327963168E+00    1.4783236074E-01   -3.4621074806E+03    1.3403996692E-02
    6.8899990004E-02    1.1018688387E+00    3.7739804747E-01   -3.4628358095E+03    1.6256456697E-02
    6.8919990004E-02    7.4179993470E-01    3.1156953825E-01   -3.4640719776E+03    3.0007250078E-02
    6.8939990004E-02    6.5329244820E-01   -2.1932574623E-01   -3.4658155523E+03    3.5997675880E-02
    6.8959990004E-02    1.0499446811E+00   -4.2635483048E-01   -3.4672757156E+03    2.6225323203E-02
    6.8979990004E-02    1.2420199229E+00   -1.5300904222E-01   -3.4681401921E+03    2.7023247630E-02
    6.8999990004E-02    1.2343485123E+00    1.4634912536E-01   -3.4686953649E+03    2.5573101227E-02
    6.9019990004E-02    1.0060181227E+00    3.9836826043E-01   -3.4696527464E+03    2.1242066913E-02
    6.9039990004E-02    6.9340277789E-01    1.1350753368E-01   -3.4712181203E+03    2.3960228550E-02
    6.9059990004E-02    8.8347663505E-01   -2.7427066244E-01   -3.4727833711E+03    1.7681725893E-02
    6.9079990004E-02    1.1246004760E+00   -2.5383676541E-01   -3.4737937890E+03    9.4844537044E-03
    6.9099990004E-02    1.2055655656E+00   -1.2166030955E-01   -3.4743870714E+03    4.0900993530E-03
    6.9119990004E-02    1.2165635802E+00   -1.8640909838E-03   -3.4747437019E+03    2.2074127001E-03
    6.9139990004E-02    1.1832379009E+00    1.3838806053E-01   -3.4751732010E+03    3.2223128637E-03
    6.9159990004E-02    1.0351646922E+00    2.6439153750E-01   -3.4759645233E+03    6.6345213476E-03
    6.9179990004E-02    7.6171408759E-01    8.7148875909E-02   -3.4773002521E+03    1.0415772181E-02
    6.9199990004E-02    8.7011268162E-01   -3.1931546989E-01   -3.4789489541E+03    9.9559855935E-03
    6.9219990004E-02    1.1753537763E+00   -2.4166782703E-01   -3.4801246266E+03    1.0980520578E-02
    6.9239990004E-02    1.2437848500E+00    2.9387506525E-02   -3.4807494104E+03    1.6330462706E-02
    6.9259990004E-02    1.1901674206E+00    2.8693133602E-01   -3.4813280736E+03    1.5708147338E-02
    6.9279990004E-02    9.0004060173E-01    4.1391140063E-01   -3.4823584948E+03    2.4131098230E-02
    6.9299990004E-02    6.0813329653E-01    1.1266706821E-02   -3.4839653629E+03    3.5485172319E-02
    6.9319990004E-02    8.8224700435E-01   -4.2171241925E-01   -3.4856244145E+03    2.7425125200E-02
    6.9339990004E-02    1.1968677771E+00   -2.8580413128E-01   -3.4867038428E+03    2.1145006548E-02
    6.9359990004E-02    1.2489935197E+00    1.5526330469E-03   -3.4873012136E+03    2.3276959127E-02
    6.9379990004E-02    1.1557022886E+00    2.9915670529E-01   -3.4879895268E+03    1.7233811225E-02
    6.9399990004E-02    8.0925691181E-01    3.1183364759E-01   -3.4892657855E+03    1.8136821684E-02
    6.9419990004E-02    7.5885583330E-01   -1.3573466005E-01   -3.4909447595E+03    1.7134725188E-02
    6.9439990004E-02    1.0434508673E+00   -2.8352082475E-01   -3.4922179374E+03    1.0270921387E-02
    6.9459990004E-02    1.1841178817E+00   -1.6398682680E-01   -3.4929794164E+03    4.4873528994E-03
    6.9479990004E-02    1.2162847505E+00   -3.7678131262E-02   -3.4934063185E+03    1.8876986955E-03
    6.9499990004E-02    1.2059141811E+00    8.6584471275E-02   -3.4937560776E+03    2.2578697020E-03
    6.9519990004E-02    1.1245784009E+00    2.2949223767E-01   -3.4943555604E+03    5.6435823912E-03
    6.9539990004E-02    8.7911005181E-01    2.4354995286E-01   -3.4954093882E+03    1.0783751969E-02
    6.9559990004E-02    7.3215751347E-01   -1.4912064434E-01   -3.4970022693E+03    1.3965218903E-02
    6.9579990004E-02    1.0482108133E+00   -3.5767067385E-01   -3.4984869269E+03    1.1773726788E-02
    6.9599990004E-02    1.2326830688E+00   -1.0430360031E-01   -3.4993622847E+03    1.6693552465E-02
    6.9619990004E-02    1.2348907191E+00    1.6011081646E-01   -3.4998846292E+03    1.8090629420E-02
    6.9639990004E-02    1.0645328283E+00    4.0768671259E-01   -3.5006977030E+03    1.9705913685E-02
    6.9659990004E-02    6.7871877184E-01    2.4879154639E-01   -3.5020721659E+03    3.2196149830E-02
    6.9679990004E-02    7.0898554809E-01   -2.9437018486E-01   -3.5038358435E+03    3.1385974167E-02
    6.9699990004E-02    1.0966689442E+00   -3.9297236124E-01   -3.5051574829E+03    1.9634497912E-02
    6.9719990004E-02    1.2407970528E+00   -1.2828063594E-01   -3.5059243416E+03    1.9511159667E-02
    6.9739990004E-02    1.2251823808E+00    1.4356845304E-01   -3.5064600383E+03    1.7056548666E-02
    6.9759990004E-02    1.0022264840E+00    3.7182468592E-01   -3.5074135288E+03    1.3082738614E-02
    6.9779990004E-02    7.1661119133E-01    9.0944868236E-02   -3.5089650065E+03    1.5348737753E-02
    6.9799990004E-02    9.1396282093E-01   -2.6548336851E-01   -3.5105083001E+03    1.1081897948E-02
    6.9819990004E-02    1.1398420864E+00   -2.1890766371E-01   -3.5114966838E+03    5.5464317987E-03
    6.9839990004E-02    1.2091740262E+00   -7.7310047175E-02   -3.5120566005E+03    2.1251849524E-03
    6.9859990004E-02    1.2148060785E+00    5.8321854734E-02   -3.5123970339E+03    2.0441310738E-03
    6.9879990004E-02    1.1702876253E+00    1.9197362041E-01   -3.5128709169E+03    5.2925088797E-03
    6.9899990004E-02    9.9791931769E-01    2.9248010336E-01   -3.5137106879E+03    1.1607481363E-02
    6.9919990004E-02    7.2260217078E-01    6.1873889356E-02   -3.5150880032E+03    1.8359157032E-02
    6.9939990004E-02    8.7136527603E-01   -3.5829309242E-01   -3.5167556686E+03    1.7817766857E-02
    6.9959990004E-02    1.1894889510E+00   -2.5057622186E-01   -3.5179214785E+03    1.8390563808E-02
    6.9979990004E-02    1.2495135618E+00    4.4863631702E-02   -3.5185411966E+03    2.3588109751E-02
    6.9999990004E-02    1.1654043052E+00    3.3517749398E-01   -3.5192005109E+03    2.1184254653E-02
    7.0019990004E-02    8.0479615225E-01    3.8580328119E-01   -3.5203869134E+03    2.9561320888E-02
    7.0039990004E-02    6.2561454912E-01   -1.1466007382E-01   -3.5221129254E+03    3.4231554659E-02
    7.0059990004E-02    9.7200345880E-01   -4.2034843807E-01   -3.5236174616E+03    2.1168090354E-02
    7.0079990004E-02    1.2106614619E+00   -2.4001731828E-01   -3.5245510449E+03    1.4990140801E-02
    7.0099990004E-02    1.2413755690E+00    1.1173775149E-02   -3.5250853053E+03    1.5175631128E-02
    7.0119990004E-02    1.1429253454E+00    2.8161711230E-01   -3.5257774569E+03    9.4889193763E-03
    7.0139990004E-02    8.1855039340E-01    2.7370956068E-01   -3.5270526107E+03    9.7010930241E-03
    7.0159990004E-02    7.9712209014E-01   -1.4993106946E-01   -3.5287066537E+03    9.2828291560E-03
    7.0179990004E-02    1.0733201222E+00   -2.5236146766E-01   -3.5299493218E+03    5.5616073575E-03
    7.0199990004E-02    1.1944214869E+00   -1.1104878515E-01   -3.5306686616E+03    2.6272483706E-03
    7.0219990004E-02    1.2176495274E+00    2.5640618315E-02   -3.5310639523E+03    2.2842300369E-03
    7.0239990004E-02    1.1980828332E+00    1.4864033371E-01   -3.5314490591E+03    4.7826462118E-03
    7.0259990004E-02    1.0924888313E+00    2.7770473358E-01   -3.5321138070E+03    1.0848835402E-02
    7.0279990004E-02    8.2040465749E-01    2.3399318952E-01   -3.5332306705E+03    1.9424699459E-02
    7.0299990004E-02    7.1828871657E-01   -2.0995951514E-01   -3.5348747624E+03    2.4057737670E-02
    7.0319990004E-02    1.0773378195E+00   -3.7776114568E-01   -3.5363373707E+03    2.1119623888E-02
    7.0339990004E-02    1.2456044837E+00   -8.5412281458E-02   -3.5371793177E+03    2.6929564178E-02
    7.0359990004E-02    1.2278251444E+00    2.1407444921E-01   -3.5377410626E+03    2.5966629241E-02
    7.0379990004E-02    9.7199067026E-01    4.3972590566E-01   -3.5387161953E+03    2.7660739726E-02
    7.0399990004E-02    6.1880815439E-01    1.0935794598E-01   -3.5402912875E+03    3.6365732039E-02
    7.0419990004E-02    8.1907107319E-01   -3.6943155902E-01   -3.5419713464E+03    2.6526398589E-02
    7.0439990004E-02    1.1463670176E+00   -3.3945036547E-01   -3.5430939982E+03    1.4459171134E-02
    7.0459990004E-02    1.2378540563E+00   -1.0230909467E-01   -3.5437410869E+03    1.3050369221E-02
    7.0479990004E-02    1.2127086189E+00    1.3845343594E-01   -3.5442626368E+03    9.5832683407E-03
    7.0499990004E-02    9.9545959595E-01    3.3441507961E-01   -3.5452221595E+03    5.6177861000E-03
    7.0519990004E-02    7.4920808518E-01    5.2608342673E-02   -3.5467637972E+03    6.8852047066E-03
    7.0539990004E-02    9.6016043081E-01   -2.5335297861E-01   -3.5482702333E+03    5.1581999819E-03
    7.0559990004E-02    1.1624312151E+00   -1.6429355119E-01   -3.5492147684E+03    3.2297892687E-03
    7.0579990004E-02    1.2152481925E+00   -9.5868894726E-03   -3.5497279145E+03    2.8963844319E-03
    7.0599990004E-02    1.2118811279E+00    1.1504931805E-01   -3.5500859861E+03    4.9115312157E-03
    7.0619990003E-02    1.1490447522E+00    2.4754084291E-01   -3.5506213718E+03    1.0396972796E-02
    7.0639990003E-02    9.4042631951E-01    3.1193747158E-01   -3.5515312854E+03    1.9498521374E-02
    7.0659990003E-02    6.7965671422E-01    4.3409599275E-04   -3.5529871510E+03    2.8864623590E-02
    7.0679990003E-02    9.0647784702E-01   -4.0576308061E-01   -3.5546555686E+03    2.7692584878E-02
    7.0699990003E-02    1.2149892460E+00   -2.3065200985E-01   -3.5557683098E+03    2.9241250563E-02
    7.0719990003E-02    1.2528506505E+00    8.9809933411E-02   -3.5563692059E+03    3.3321809982E-02
    7.0739990003E-02    1.1081202836E+00    4.0126910374E-01   -3.5571593537E+03    2.9471245932E-02
    7.0759990003E-02    6.9849702570E-01    2.9613730177E-01   -3.5585467426E+03    3.7122136433E-02
    7.0779990003E-02    6.9999669279E-01   -2.4133544605E-01   -3.5603031296E+03    3.2503978335E-02
    7.0799990003E-02    1.0531126826E+00   -3.8824095248E-01   -3.5615994869E+03    1.7268875303E-02
    7.0819990003E-02    1.2167648341E+00   -2.0291514126E-01   -3.5623887211E+03    1.0927643874E-02
    7.0839990003E-02    1.2328966270E+00    8.6875271772E-03   -3.5628695558E+03    9.3866518807E-03
    7.0859990003E-02    1.1381785934E+00    2.4806580048E-01   -3.5635523264E+03    4.1551511206E-03
    7.0879990003E-02    8.4217613231E-01    2.3867057971E-01   -3.5648033086E+03    2.9712616453E-03
    7.0899990003E-02    8.3073763663E-01   -1.5692432045E-01   -3.5664330311E+03    3.1829345043E-03
    7.0919990003E-02    1.1001639716E+00   -2.2174965700E-01   -3.5676659465E+03    2.8351027951E-03
    7.0939990003E-02    1.2067898675E+00   -5.4278866812E-02   -3.5683617038E+03    3.5414626581E-03
    7.0959990003E-02    1.2196572586E+00    8.8036472913E-02   -3.5687608017E+03    5.4947476584E-03
    7.0979990003E-02    1.1807019918E+00    2.2594728505E-01   -3.5692231499E+03    1.0161985300E-02
    7.0999990003E-02    1.0228239258E+00    3.3405847946E-01   -3.5700053831E+03    1.9115721910E-02
    7.1019990003E-02    7.1909972184E-01    1.6283734573E-01   -3.5712768899E+03    3.1462507663E-02
    7.1039990003E-02    7.5979926044E-01   -3.3322269645E-01   -3.5729981359E+03    3.5279625933E-02
    7.1059990003E-02    1.1521880063E+00   -3.5159972392E-01   -3.5743388823E+03    3.2611971199E-02
    7.1079990003E-02    1.2586251505E+00   -1.5283611065E-02   -3.5750712937E+03    3.9377840309E-02
    7.1099990003E-02    1.1864683326E+00    3.2093568382E-01   -3.5757388956E+03    3.4196911243E-02
    7.1119990003E-02    8.0955103564E-01    3.9931027331E-01   -3.5769694661E+03    3.7671183767E-02
    7.1139990003E-02    6.4745797941E-01   -9.8800138633E-02   -3.5787092418E+03    3.7123991122E-02
    7.1159990003E-02    9.6511160487E-01   -3.8178321283E-01   -3.5801338254E+03    2.1715695700E-02
    7.1179990003E-02    1.1805764534E+00   -2.7059303562E-01   -3.5810266540E+03    1.1271602234E-02
    7.1199990003E-02    1.2303715096E+00   -8.4690293226E-02   -3.5815528088E+03    8.0232692715E-03
    7.1219990003E-02    1.2017314886E+00    1.1259411285E-01   -3.5820489985E+03    4.5337771960E-03
    7.1239990003E-02    1.0019788686E+00    2.7345893310E-01   -3.5829707166E+03    8.5320288606E-04
    7.1259990003E-02    7.3989949541E-01    2.3145831584E-02   -3.5844789541E+03    2.8588405692E-03
    7.1279990003E-02    9.6298874647E-01   -2.8223915006E-01   -3.5860262454E+03    9.0474719038E-04
    7.1299990003E-02    1.1935779425E+00   -1.2112934235E-01   -3.5869853062E+03    4.6593095919E-03
    7.1319990003E-02    1.2294376673E+00    7.3730471452E-02   -3.5874985191E+03    8.4706485713E-03
    7.1339990003E-02    1.1918899165E+00    2.5036804156E-01   -3.5879889724E+03    1.1991922197E-02
    7.1359990003E-02    1.0116385074E+00    3.7851380286E-01   -3.5888078091E+03    2.2008547035E-02
    7.1379990003E-02    6.8087785683E-01    1.7838819312E-01   -3.5901243548E+03    3.8434814445E-02
    7.1399990003E-02    7.3909815054E-01   -3.5059496612E-01   -3.5918798184E+03    4.3242066651E-02
    7.1419990003E-02    1.1522901305E+00   -3.7404029845E-01   -3.5932262483E+03    3.8747741936E-02
    7.1439990003E-02    1.2614904430E+00   -2.7663668684E-02   -3.5939685042E+03    4.5096651994E-02
    7.1459990003E-02    1.1826338357E+00    3.2242905867E-01   -3.5946576450E+03    3.8415270113E-02
    7.1479990003E-02    7.9820985685E-01    3.7788104865E-01   -3.5959393964E+03    3.9663293633E-02
    7.1499990003E-02    6.9132290664E-01   -1.1251386541E-01   -3.5976684171E+03    3.6756666351E-02
    7.1519990003E-02    9.8978501884E-01   -3.3731374612E-01   -3.5989963672E+03    2.3704860008E-02
    7.1539990003E-02    1.1669040518E+00   -2.4852123684E-01   -3.5998181756E+03    1.3567860520E-02
    7.1559990003E-02    1.2162968079E+00   -1.1574895534E-01   -3.6003085674E+03    7.5639080702E-03
    7.1579990003E-02    1.2124085734E+00    1.6660223746E-02   -3.6006839091E+03    5.0901153875E-03
    7.1599990003E-02    1.1357964235E+00    1.8253171214E-01   -3.6012925462E+03    4.0481868348E-03
    7.1619990003E-02    8.9012631106E-01    2.0103245036E-01   -3.6024025417E+03    3.7007150929E-03
    7.1639990003E-02    8.0311264460E-01   -1.7369903286E-01   -3.6040039793E+03    3.5311507188E-03
    7.1659990003E-02    1.0977608951E+00   -2.8013269271E-01   -3.6053712019E+03    4.1897114935E-03
    7.1679990003E-02    1.2284544666E+00   -4.3240376759E-02   -3.6061449333E+03    9.9115017170E-03
    7.1699990003E-02    1.2261603682E+00    1.7265843523E-01   -3.6066231822E+03    1.2139912077E-02
    7.1719990003E-02    1.0946959237E+00    3.7566592733E-01   -3.6073470548E+03    1.7297768568E-02
    7.1739990003E-02    7.4887827930E-01    3.0899593477E-01   -3.6085496927E+03    3.2689077287E-02
    7.1759990003E-02    6.4485143038E-01   -2.1794310721E-01   -3.6102816180E+03    4.1565493524E-02
    7.1779990003E-02    1.0515191971E+00   -4.3799301343E-01   -3.6117783396E+03    3.3592984500E-02
    7.1799990003E-02    1.2491971026E+00   -1.4164249177E-01   -3.6126630837E+03    3.6296355579E-02
    7.1819990003E-02    1.2323788121E+00    1.8568574818E-01   -3.6132483577E+03    3.3993559642E-02
    7.1839990003E-02    9.5971171597E-01    4.1922624748E-01   -3.6142900907E+03    3.0183006297E-02
    7.1859990003E-02    6.7579335589E-01    6.4902196354E-02   -3.6159237958E+03    3.2009206565E-02
    7.1879990003E-02    9.0526205093E-01   -2.9344124796E-01   -3.6174349540E+03    2.3152473346E-02
    7.1899990003E-02    1.1307023543E+00   -2.5773807480E-01   -3.6183896228E+03    1.3477132214E-02
    7.1919990003E-02    1.2050320728E+00   -1.3407524374E-01   -3.6189567405E+03    6.9401401365E-03
    7.1939990003E-02    1.2155341901E+00   -1.9187440285E-02   -3.6193069870E+03    4.1608579164E-03
    7.1959990003E-02    1.1839497006E+00    1.1681230046E-01   -3.6197350260E+03    4.4070332514E-03
    7.1979990003E-02    1.0395228314E+00    2.4572594843E-01   -3.6205251438E+03    6.7030984553E-03
    7.1999990003E-02    7.7346834654E-01    7.0221595846E-02   -3.6218677389E+03    8.8433349708E-03
    7.2019990003E-02    8.9295112234E-01   -3.1617575643E-01   -3.6235014201E+03    8.2322045599E-03
    7.2039990003E-02    1.1824373574E+00   -2.1776129653E-01   -3.6246487820E+03    1.0519205923E-02
    7.2059990003E-02    1.2426789992E+00    4.7558309590E-02   -3.6252558144E+03    1.5931243180E-02
    7.2079990003E-02    1.1852920650E+00    2.9827663510E-01   -3.6258389733E+03    1.6051301249E-02
    7.2099990003E-02    8.9566507337E-01    4.1392635692E-01   -3.6268647966E+03    2.6055412782E-02
    7.2119990003E-02    6.0192535091E-01    8.6569114955E-03   -3.6284644086E+03    3.9110593081E-02
    7.2139990003E-02    8.8066939821E-01   -4.3335581741E-01   -3.6301413500E+03    3.2023022479E-02
    7.2159990003E-02    1.2042376072E+00   -2.8434069030E-01   -3.6312352582E+03    2.6674922060E-02
    7.2179990003E-02    1.2519059024E+00    2.1818950083E-02   -3.6318405875E+03    2.9270363853E-02
    7.2199990003E-02    1.1356215948E+00    3.3436064626E-01   -3.6325842068E+03    2.2396402543E-02
    7.2219990003E-02    7.7044512585E-01    2.8672668337E-01   -3.6339407228E+03    2.3878596488E-02
    7.2239990003E-02    7.7970105566E-01   -1.6985671203E-01   -3.6356172734E+03    2.1211678248E-02
    7.2259990003E-02    1.0601129768E+00   -2.7747363509E-01   -3.6368210469E+03    1.3307504173E-02
    7.2279990003E-02    1.1856635179E+00   -1.6102318770E-01   -3.6375399916E+03    6.6284922803E-03
    7.2299990003E-02    1.2145302495E+00   -4.2368324324E-02   -3.6379456695E+03    3.3489512792E-03
    7.2319990003E-02    1.2051674463E+00    7.1619123322E-02   -3.6382840292E+03    3.4579412876E-03
    7.2339990003E-02    1.1312605952E+00    2.1032684141E-01   -3.6388592076E+03    6.7561271409E-03
    7.2359990003E-02    8.9954849851E-01    2.3990029961E-01   -3.6398799755E+03    1.1304184666E-02
    7.2379990003E-02    7.3488696767E-01   -1.3297019291E-01   -3.6414490866E+03    1.4315527386E-02
    7.2399990003E-02    1.0398286277E+00   -3.5823736472E-01   -3.6429546489E+03    1.2527957646E-02
    7.2419990003E-02    1.2322205181E+00   -1.0636653419E-01   -3.6438508006E+03    1.7908179419E-02
    7.2439990003E-02    1.2361188581E+00    1.6281917970E-01   -3.6443794244E+03    1.9601272531E-02
    7.2459990003E-02    1.0659761661E+00    4.1289269452E-01   -3.6451920750E+03    2.1526694177E-02
    7.2479990003E-02    6.7501153966E-01    2.5605033503E-01   -3.6465625815E+03    3.4954556508E-02
    7.2499990003E-02    6.9892762840E-01   -2.9635917659E-01   -3.6483363134E+03    3.4703103518E-02
    7.2519990002E-02    1.0960764080E+00   -4.0175662602E-01   -3.6496732139E+03    2.2602011568E-02
    7.2539990002E-02    1.2434350802E+00   -1.2788194316E-01   -3.6504499363E+03    2.2763577250E-02
    7.2559990002E-02    1.2240340759E+00    1.5638428792E-01   -3.6510010290E+03    1.9884899770E-02
    7.2579990002E-02    9.8306345347E-01    3.7751735462E-01   -3.6519943585E+03    1.5732746535E-02
    7.2599990002E-02    7.1619454426E-01    6.7367960880E-02   -3.6535776271E+03    1.7607977616E-02
    7.2619990002E-02    9.3356432437E-01   -2.6409086369E-01   -3.6550855636E+03    1.2934330396E-02
    7.2639990002E-02    1.1442358224E+00   -2.0645659497E-01   -3.6560349214E+03    7.2477024199E-03
    7.2659990002E-02    1.2076243778E+00   -7.3213582934E-02   -3.6565718231E+03    3.4084049273E-03
    7.2679990002E-02    1.2137176432E+00    3.8368242021E-02   -3.6569003658E+03    3.0050711374E-03
    7.2699990002E-02    1.1794692644E+00    1.6156620124E-01   -3.6573268363E+03    6.0333089253E-03
    7.2719990002E-02    1.0380124271E+00    2.7456981421E-01   -3.6580922750E+03    1.1967030796E-02
    7.2739990002E-02    7.5775974951E-01    1.1746812026E-01   -3.6593735484E+03    1.8456335350E-02
    7.2759990002E-02    8.2374133450E-01   -3.2376042414E-01   -3.6610507686E+03    1.9309260653E-02
    7.2779990002E-02    1.1664872316E+00   -2.8671927363E-01   -3.6623101487E+03    1.9234488250E-02
    7.2799990002E-02    1.2506496660E+00    1.7187588554E-02   -3.6629842725E+03    2.5548832567E-02
    7.2819990002E-02    1.1864890935E+00    3.1187046539E-01   -3.6636096191E+03    2.3223218535E-02
    7.2839990002E-02    8.4638066199E-01    4.1603046630E-01   -3.6647367019E+03    3.0929573464E-02
    7.2859990002E-02    6.0432040159E-01   -5.5467328761E-02   -3.6664341398E+03    3.8152817840E-02
    7.2879990002E-02    9.2790095076E-01   -4.2706088533E-01   -3.6680096066E+03    2.5405421271E-02
    7.2899990002E-02    1.2022702856E+00   -2.7085288157E-01   -3.6690059582E+03    1.7703700102E-02
    7.2919990002E-02    1.2444602127E+00   -7.1728483763E-03   -3.6695702717E+03    1.8292338433E-02
    7.2939990002E-02    1.1545019767E+00    2.7351250101E-01   -3.6702487733E+03    1.2125424432E-02
    7.2959990002E-02    8.2971558260E-01    2.8913171993E-01   -3.6715106833E+03    1.1672015501E-02
    7.2979990002E-02    7.9306352959E-01   -1.3185463049E-01   -3.6731656496E+03    1.1332489419E-02
    7.2999990002E-02    1.0663273215E+00   -2.4618117601E-01   -3.6744164871E+03    7.7145850467E-03
    7.3019990002E-02    1.1896007305E+00   -1.1367480349E-01   -3.6751433856E+03    4.2552633284E-03
    7.3039990002E-02    1.2152374304E+00    1.3131365799E-02   -3.6755412508E+03    3.3741500006E-03
    7.3059990002E-02    1.2025491965E+00    1.2562526219E-01   -3.6758915756E+03    5.6853471648E-03
    7.3079990002E-02    1.1218641726E+00    2.5104886088E-01   -3.6764811590E+03    1.1782830031E-02
    7.3099990002E-02    8.8504804535E-01    2.6937711504E-01   -3.6774815149E+03    2.0321424993E-02
    7.3119990002E-02    6.9227135731E-01   -1.1604913485E-01   -3.6790395440E+03    2.7008299165E-02
    7.3139990002E-02    1.0071994123E+00   -4.0411505777E-01   -3.6806152024E+03    2.4611141151E-02
    7.3159990002E-02    1.2378001662E+00   -1.4290819612E-01   -3.6815798996E+03    2.9610505853E-02
    7.3179990002E-02    1.2420393723E+00    1.6878734282E-01   -3.6821467057E+03    3.0728701248E-02
    7.3199990002E-02    1.0288889601E+00    4.4048159255E-01   -3.6830506550E+03    3.0147953414E-02
    7.3219990002E-02    6.3341379353E-01    1.9085776369E-01   -3.6845580364E+03    3.9642131944E-02
    7.3239990002E-02    7.6008740524E-01   -3.3426508624E-01   -3.6862913088E+03    3.1472406772E-02
    7.3259990002E-02    1.1145098034E+00   -3.7269034209E-01   -3.6874914829E+03    1.7184661878E-02
    7.3279990002E-02    1.2346900555E+00   -1.4097632372E-01   -3.6881987734E+03    1.4292539237E-02
    7.3299990002E-02    1.2233047152E+00    9.8328576951E-02   -3.6887047648E+03    1.1511725759E-02
    7.3319990002E-02    1.0389877832E+00    3.2545317455E-01   -3.6895951962E+03    6.1717968244E-03
    7.3339990002E-02    7.6231330661E-01    1.0583622001E-01   -3.6910844296E+03    6.9884618384E-03
    7.3359990002E-02    9.3469602193E-01   -2.3208134040E-01   -3.6926311055E+03    6.1132581177E-03
    7.3379990002E-02    1.1512943170E+00   -1.6788966123E-01   -3.6936279076E+03    4.7255672318E-03
    7.3399990002E-02    1.2119858629E+00   -1.4748701146E-02   -3.6941710751E+03    4.3710113214E-03
    7.3419990002E-02    1.2132489592E+00    1.0638413311E-01   -3.6945225929E+03    6.4809784430E-03
    7.3439990002E-02    1.1649405032E+00    2.3160213122E-01   -3.6950047816E+03    1.2241965355E-02
    7.3459990002E-02    9.9258798527E-01    3.1906118091E-01   -3.6958243651E+03    2.1626344430E-02
    7.3479990002E-02    7.0259548969E-01    9.6601528159E-02   -3.6971555432E+03    3.2797298991E-02
    7.3499990002E-02    8.1792416901E-01   -3.7563236111E-01   -3.6988701621E+03    3.4748370691E-02
    7.3519990002E-02    1.1866092088E+00   -3.0278820524E-01   -3.7001272119E+03    3.4289821678E-02
    7.3539990002E-02    1.2592285938E+00    3.8496001497E-02   -3.7008000092E+03    4.0705157682E-02
    7.3559990002E-02    1.1501446799E+00    3.7493744031E-01   -3.7015360889E+03    3.5324897826E-02
    7.3579990002E-02    7.3946555107E-01    3.5447206466E-01   -3.7028640448E+03    4.1222520785E-02
    7.3599990002E-02    6.6629102561E-01   -1.8166368929E-01   -3.7046287363E+03    3.7758817221E-02
    7.3619990002E-02    1.0113835270E+00   -3.9500988967E-01   -3.7059816031E+03    2.1093959962E-02
    7.3639990002E-02    1.2019033027E+00   -2.4404924019E-01   -3.7068209838E+03    1.2029539365E-02
    7.3659990002E-02    1.2338018606E+00   -4.2044462500E-02   -3.7073200406E+03    9.8693810849E-03
    7.3679990002E-02    1.1739751556E+00    1.8501886338E-01   -3.7079134841E+03    4.9274181081E-03
    7.3699990002E-02    9.1357913785E-01    2.7283940138E-01   -3.7090307946E+03    1.6980033567E-03
    7.3719990002E-02    7.9518338310E-01   -8.9932452625E-02   -3.7106353975E+03    1.9277942449E-03
    7.3739990002E-02    1.0627436743E+00   -2.4210662871E-01   -3.7119922356E+03    1.9691854803E-03
    7.3759990002E-02    1.2016194100E+00   -7.7336397120E-02   -3.7127842796E+03    3.5484661047E-03
    7.3779990002E-02    1.2224239832E+00    8.0174333631E-02   -3.7132214783E+03    5.9068901353E-03
    7.3799990002E-02    1.1871164550E+00    2.2629954295E-01   -3.7136817501E+03    1.0169340836E-02
    7.3819990002E-02    1.0329505361E+00    3.4335281400E-01   -3.7144532883E+03    1.9219800094E-02
    7.3839990002E-02    7.2283778460E-01    1.8937464608E-01   -3.7157048648E+03    3.2605394454E-02
    7.3859990002E-02    7.3524473069E-01   -3.1659517723E-01   -3.7174303896E+03    3.7624158052E-02
    7.3879990002E-02    1.1376113924E+00   -3.7243664479E-01   -3.7188077435E+03    3.4133370390E-02
    7.3899990002E-02    1.2589128002E+00   -3.4977379538E-02   -3.7195697358E+03    4.0850635633E-02
    7.3919990002E-02    1.1951520540E+00    3.0557219072E-01   -3.7202265930E+03    3.5643649542E-02
    7.3939990002E-02    8.2660217584E-01    4.0663327717E-01   -3.7214416545E+03    3.7912108576E-02
    7.3959990002E-02    6.5052102150E-01   -7.8828323284E-02   -3.7231738710E+03    3.7383935689E-02
    7.3979990002E-02    9.5653594496E-01   -3.6992934747E-01   -3.7246009742E+03    2.2553982110E-02
    7.3999990002E-02    1.1713589494E+00   -2.7438717854E-01   -3.7254961592E+03    1.1675102698E-02
    7.4019990002E-02    1.2264520731E+00   -1.0321446108E-01   -3.7260288996E+03    7.4042863846E-03
    7.4039990002E-02    1.2088388124E+00    7.5096088193E-02   -3.7264867130E+03    4.4422244330E-03
    7.4059990002E-02    1.0592279795E+00    2.5293897260E-01   -3.7273156533E+03    9.3708652902E-04
    7.4079990002E-02    7.5025976669E-01    8.6080362587E-02   -3.7287213351E+03    3.5861131502E-03
    7.4099990002E-02    8.9521232067E-01   -2.9725295481E-01   -3.7303388738E+03    2.2007151898E-03
    7.4119990002E-02    1.1711864551E+00   -2.0525150235E-01   -3.7314330737E+03    2.5686940636E-03
    7.4139990002E-02    1.2328210867E+00    1.6396773671E-02   -3.7320224221E+03    6.2093474250E-03
    7.4159990002E-02    1.2037423632E+00    2.1799243159E-01   -3.7325116586E+03    7.3343685833E-03
    7.4179990002E-02    1.0160344820E+00    3.7810502569E-01   -3.7333566816E+03    1.3900191848E-02
    7.4199990002E-02    6.8020344861E-01    1.6502906913E-01   -3.7347330050E+03    2.6756232632E-02
    7.4219990002E-02    7.6940240297E-01   -3.4157140469E-01   -3.7364689103E+03    2.7266000191E-02
    7.4239990002E-02    1.1468601537E+00   -3.4654205920E-01   -3.7377447750E+03    2.1353756560E-02
    7.4259990002E-02    1.2504666422E+00   -4.5581571404E-02   -3.7384506766E+03    2.5271522349E-02
    7.4279990002E-02    1.1990506632E+00    2.5513955902E-01   -3.7390581464E+03    2.1158087088E-02
    7.4299990002E-02    8.8182992139E-01    3.9091958759E-01   -3.7401864244E+03    2.2083843962E-02
    7.4319990002E-02    6.7360721451E-01   -3.3686622232E-02   -3.7418606790E+03    2.4027100498E-02
    7.4339990002E-02    9.5134229095E-01   -3.3799791007E-01   -3.7433260568E+03    1.4276855450E-02
    7.4359990002E-02    1.1663777601E+00   -2.4834920918E-01   -3.7442458609E+03    6.0842887702E-03
    7.4379990002E-02    1.2228706428E+00   -8.5597720173E-02   -3.7447798112E+03    2.8256965436E-03
    7.4399990002E-02    1.2114598845E+00    7.5447115291E-02   -3.7452045002E+03    1.2734437607E-03
    7.4419990001E-02    1.0800917826E+00    2.6729359478E-01   -3.7459166948E+03    2.9736985450E-03
    7.4439990001E-02    7.9557145600E-01    1.7369811397E-01   -3.7471634512E+03    7.0927380001E-03
    7.4459990001E-02    8.0495804509E-01   -2.5623943895E-01   -3.7488221820E+03    7.4622975044E-03
    7.4479990001E-02    1.1283779589E+00   -2.9047009715E-01   -3.7501083495E+03    6.1903771507E-03
    7.4499990001E-02    1.2365632150E+00   -3.4959006351E-02   -3.7508167939E+03    1.0786686271E-02
    7.4519990001E-02    1.2176045561E+00    2.0013663283E-01   -3.7513218420E+03    1.1068575264E-02
    7.4539990001E-02    1.0209924970E+00    3.9949341991E-01   -3.7521824696E+03    1.5375064824E-02
    7.4559990001E-02    6.6536494291E-01    1.7658975271E-01   -3.7536007648E+03    2.7515093585E-02
    7.4579990001E-02    7.6517796439E-01   -3.3721594437E-01   -3.7553395767E+03    2.5756776756E-02
    7.4599990001E-02    1.1364129351E+00   -3.5328622882E-01   -3.7565939440E+03    1.7296576680E-02
    7.4619990001E-02    1.2453713907E+00   -7.4014837811E-02   -3.7572984212E+03    1.9343381532E-02
    7.4639990001E-02    1.2093519893E+00    2.0489834096E-01   -3.7578652714E+03    1.5906949836E-02
    7.4659990001E-02    9.3674876920E-01    3.8121012714E-01   -3.7589125721E+03    1.4802597282E-02
    7.4679990001E-02    6.9318295237E-01    1.8546726238E-02   -3.7605313112E+03    1.7417446816E-02
    7.4699990001E-02    9.3785641991E-01   -3.0731267257E-01   -3.7620339713E+03    1.0878772063E-02
    7.4719990001E-02    1.1568309338E+00   -2.3255429154E-01   -3.7629830910E+03    4.2053587083E-03
    7.4739990001E-02    1.2203973683E+00   -8.6501687074E-02   -3.7635308918E+03    1.2021428111E-03
    7.4759990001E-02    1.2056270135E+00    1.2808366415E-01   -3.7639060048E+03    1.7860514651E-03
    7.4779990001E-02    1.1035117467E+00    2.7246506415E-01   -3.7645711500E+03    5.9819674071E-03
    7.4799990001E-02    8.2816040544E-01    2.4058330731E-01   -3.7657023251E+03    1.3042221137E-02
    7.4819990001E-02    7.2839545568E-01   -1.9586380161E-01   -3.7673472995E+03    1.6438938159E-02
    7.4839990001E-02    1.0720459130E+00   -3.6090527451E-01   -3.7687883891E+03    1.3236211814E-02
    7.4859990001E-02    1.2377887721E+00   -9.2821984611E-02   -3.7696205422E+03    1.7743725692E-02
    7.4879990001E-02    1.2300375253E+00    1.7726771606E-01   -3.7701506913E+03    1.7923826234E-02
    7.4899990001E-02    1.0269259718E+00    4.1479338898E-01   -3.7710297416E+03    1.9287296405E-02
    7.4919990001E-02    6.5481226468E-01    1.8228757221E-01   -3.7724938020E+03    2.9606114463E-02
    7.4939990001E-02    7.6895176744E-01   -3.2965390855E-01   -3.7742227289E+03    2.4819209154E-02
    7.4959990001E-02    1.1241808506E+00   -3.5607406287E-01   -3.7754413332E+03    1.3762603240E-02
    7.4979990001E-02    1.2376630293E+00   -1.0868368835E-01   -3.7761408543E+03    1.3183522256E-02
    7.4999990001E-02    1.2189486348E+00    1.3852783239E-01   -3.7766593471E+03    1.0591783190E-02
    7.5019990001E-02    1.0090394754E+00    3.5236127504E-01   -3.7775885731E+03    7.3837186866E-03
    7.5039990001E-02    7.2684756955E-01    8.9050382524E-02   -3.7791121697E+03    9.7505448784E-03
    7.5059990001E-02    9.1498503901E-01   -2.6929730976E-01   -3.7806722382E+03    6.5813703651E-03
    7.5079990001E-02    1.1469811306E+00   -2.1369638479E-01   -3.7816815400E+03    2.4608623295E-03
    7.5099990001E-02    1.2194462331E+00   -1.5556901221E-02   -3.7822347212E+03    1.3655270706E-03
    7.5119990001E-02    1.2128678465E+00    1.3242507943E-01   -3.7826383680E+03    2.9120537497E-03
    7.5139990001E-02    1.1199349935E+00    2.8628341477E-01   -3.7832746874E+03    7.5556407319E-03
    7.5159990001E-02    8.4920942853E-01    2.8867576993E-01   -3.7843486020E+03    1.6538794955E-02
    7.5179990001E-02    6.8374242632E-01   -1.3759793977E-01   -3.7859672362E+03    2.2977763988E-02
    7.5199990001E-02    1.0185600480E+00   -3.9878159845E-01   -3.7875011389E+03    1.8795392578E-02
    7.5219990001E-02    1.2338604971E+00   -1.4591951372E-01   -3.7884259233E+03    2.1890511926E-02
    7.5239990001E-02    1.2392647180E+00    1.4318077485E-01   -3.7889727789E+03    2.2789435689E-02
    7.5259990001E-02    1.0506804672E+00    4.1072294960E-01   -3.7898343571E+03    2.1380847654E-02
    7.5279990001E-02    6.6937152427E-01    2.0780350980E-01   -3.7912946267E+03    2.9468938981E-02
    7.5299990001E-02    7.6459177162E-01   -2.9847301715E-01   -3.7930128828E+03    2.3586516599E-02
    7.5319990001E-02    1.1024294539E+00   -3.5431090872E-01   -3.7942228162E+03    1.1484478355E-02
    7.5339990001E-02    1.2265838633E+00   -1.4551457721E-01   -3.7949359422E+03    8.2357174816E-03
    7.5359990001E-02    1.2261904472E+00    6.6092463826E-02   -3.7954081678E+03    6.5651033178E-03
    7.5379990001E-02    1.0924769082E+00    2.9569394752E-01   -3.7961766641E+03    2.6653681506E-03
    7.5399990001E-02    7.8378385764E-01    1.8803756864E-01   -3.7975287803E+03    3.8842145536E-03
    7.5419990001E-02    8.4909098546E-01   -2.1954996835E-01   -3.7991624021E+03    3.2028451181E-03
    7.5439990001E-02    1.1165092971E+00   -2.4319580960E-01   -3.8003281974E+03    9.9323907882E-04
    7.5459990001E-02    1.2185228049E+00   -2.8294423106E-02   -3.8009680367E+03    2.7808715495E-03
    7.5479990001E-02    1.2183875413E+00    1.2895654707E-01   -3.8013806649E+03    4.8910259877E-03
    7.5499990001E-02    1.1397842384E+00    2.8769482451E-01   -3.8019750145E+03    9.8451100710E-03
    7.5519990001E-02    8.8757174071E-01    3.2936738943E-01   -3.8029740079E+03    2.0207517263E-02
    7.5539990001E-02    6.5377257397E-01   -5.7243254783E-02   -3.8045294621E+03    3.0424953106E-02
    7.5559990001E-02    9.4781950812E-01   -4.2245920916E-01   -3.8061613694E+03    2.7062150858E-02
    7.5579990001E-02    1.2257284233E+00   -2.0670339765E-01   -3.8072002251E+03    2.8395285404E-02
    7.5599990001E-02    1.2487302820E+00    1.0749727337E-01   -3.8077802437E+03    3.0788489142E-02
    7.5619990001E-02    1.0778570124E+00    4.0699088275E-01   -3.8086201939E+03    2.6795937562E-02
    7.5639990001E-02    6.8395090748E-01    2.4018399787E-01   -3.8100717584E+03    3.2944584261E-02
    7.5659990001E-02    7.5497803993E-01   -2.6556078530E-01   -3.8117864377E+03    2.6380593280E-02
    7.5679990001E-02    1.0790226160E+00   -3.5110776895E-01   -3.8129924558E+03    1.3147437774E-02
    7.5699990001E-02    1.2130547786E+00   -1.8312371988E-01   -3.8137235778E+03    7.0352424244E-03
    7.5719990001E-02    1.2277157659E+00   -1.3000132630E-03   -3.8141742719E+03    5.0999595295E-03
    7.5739990001E-02    1.1541105078E+00    2.0562472580E-01   -3.8147986649E+03    1.5401794901E-03
    7.5759990001E-02    8.5004036678E-01    2.6091164477E-01   -3.8159372515E+03    3.4162377559E-03
    7.5779990001E-02    7.5217330946E-01   -1.5572442096E-01   -3.8175785663E+03    4.9954453317E-03
    7.5799990001E-02    1.0611472797E+00   -3.1727587408E-01   -3.8189704113E+03    1.8555656812E-03
    7.5819990001E-02    1.2189272044E+00   -1.0054974801E-01   -3.8197757834E+03    4.0360094511E-03
    7.5839990001E-02    1.2295323443E+00    1.0417518225E-01   -3.8202450421E+03    5.7805155965E-03
    7.5859990001E-02    1.1348332475E+00    3.1536273920E-01   -3.8208921228E+03    7.5264426083E-03
    7.5879990001E-02    8.2671813602E-01    3.2831009025E-01   -3.8220193606E+03    1.7055897502E-02
    7.5899990001E-02    6.6027261164E-01   -1.3013370785E-01   -3.8236843578E+03    2.3936349659E-02
    7.5919990001E-02    1.0022869057E+00   -4.0598252793E-01   -3.8252069251E+03    1.6809880881E-02
    7.5939990001E-02    1.2254790749E+00   -1.7903535804E-01   -3.8261326144E+03    1.6673847496E-02
    7.5959990001E-02    1.2403697453E+00    9.2467285322E-02   -3.8266679615E+03    1.7648467557E-02
    7.5979990001E-02    1.0906975250E+00    3.6546917571E-01   -3.8274602246E+03    1.4323652818E-02
    7.5999990001E-02    7.2574990276E-01    2.4207754792E-01   -3.8288481432E+03    1.9561181465E-02
    7.6019990001E-02    7.6824811712E-01   -2.3817217327E-01   -3.8305457616E+03    1.6349024663E-02
    7.6039990001E-02    1.0816627445E+00   -3.2462534051E-01   -3.8317736224E+03    6.9158686529E-03
    7.6059990001E-02    1.2118820719E+00   -1.5529098907E-01   -3.8325055045E+03    2.7866519869E-03
    7.6079990001E-02    1.2263884061E+00    2.0989801897E-02   -3.8329423271E+03    1.7817638445E-03
    7.6099990001E-02    1.1432194109E+00    2.4093035420E-01   -3.8335185173E+03    2.0131906862E-03
    7.6119990001E-02    8.9269193595E-01    2.8441160665E-01   -3.8345641067E+03    7.1299467600E-03
    7.6139990001E-02    7.1339473067E-01   -9.8801546178E-02   -3.8361521277E+03    1.0941194068E-02
    7.6159990001E-02    1.0090537465E+00   -3.5984451238E-01   -3.8376676511E+03    7.5815782109E-03
    7.6179990001E-02    1.2185998826E+00   -1.4700304649E-01   -3.8385882680E+03    9.7902804448E-03
    7.6199990001E-02    1.2374664981E+00    9.8424712685E-02   -3.8391046454E+03    1.2009181268E-02
    7.6219990001E-02    1.1245401471E+00    3.4765693871E-01   -3.8398046039E+03    1.1853644810E-02
    7.6239990001E-02    7.7161842083E-01    3.1999381945E-01   -3.8410345973E+03    2.1396972215E-02
    7.6259990001E-02    6.7132024194E-01   -1.8374171479E-01   -3.8427586202E+03    2.4743278752E-02
    7.6279990001E-02    1.0323279471E+00   -3.9868925518E-01   -3.8441944858E+03    1.4731246840E-02
    7.6299990001E-02    1.2253488080E+00   -1.7413001311E-01   -3.8450542974E+03    1.2936678077E-02
    7.6319990000E-02    1.2362827617E+00    7.6481378780E-02   -3.8455675646E+03    1.2908217591E-02
    7.6339990000E-02    1.0958036954E+00    3.3711374388E-01   -3.8463433093E+03    9.0601586268E-03
    7.6359990000E-02    7.5277757209E-01    2.2839336112E-01   -3.8477128807E+03    1.2444821971E-02
    7.6379990000E-02    7.9859001386E-01   -2.2169541071E-01   -3.8493827611E+03    1.0504963594E-02
    7.6399990000E-02    1.0910774939E+00   -2.8826155572E-01   -3.8505860906E+03    4.0218092024E-03
    7.6419990000E-02    1.2083296161E+00   -8.8039201028E-02   -3.8512805077E+03    8.9975456393E-04
    7.6439990000E-02    1.2174641331E+00    2.4894236751E-02   -3.8517165169E+03    9.1072065049E-04
    7.6459990000E-02    1.1587339130E+00    2.2956679485E-01   -3.8522571496E+03    2.3093414834E-03
    7.6479990000E-02    9.3077854380E-01    3.0553799517E-01   -3.8532342756E+03    7.8264102194E-03
    7.6499990000E-02    6.9977510564E-01   -3.3823049378E-02   -3.8547655413E+03    1.3169534866E-02
    7.6519990000E-02    9.5576416183E-01   -3.6915117773E-01   -3.8563526464E+03    1.0050732957E-02
    7.6539990000E-02    1.2080713179E+00   -1.8996040730E-01   -3.8573609748E+03    1.1047907738E-02
    7.6559990000E-02    1.2417031842E+00    6.8978754516E-02   -3.8579088997E+03    1.4083697117E-02
    7.6579990000E-02    1.1463852703E+00    3.3050616848E-01   -3.8585768763E+03    1.2810765142E-02
    7.6599990000E-02    7.9980622446E-01    3.4813511465E-01   -3.8597700609E+03    2.1142263640E-02
    7.6619990000E-02    6.5682957778E-01   -1.4124810936E-01   -3.8614818432E+03    2.5162524606E-02
    7.6639990000E-02    1.0024928965E+00   -4.0084234565E-01   -3.8629529091E+03    1.4741944877E-02
    7.6659990000E-02    1.2160534854E+00   -2.0227583369E-01   -3.8638501103E+03    1.1238331951E-02
    7.6679990000E-02    1.2382673830E+00    4.1013058315E-02   -3.8643666081E+03    1.1576946979E-02
    7.6699990000E-02    1.1299873711E+00    3.0158042799E-01   -3.8650730507E+03    7.4252316323E-03
    7.6719990000E-02    7.9725752832E-01    2.7140299983E-01   -3.8663544958E+03    9.7310470378E-03
    7.6739990000E-02    7.7155657927E-01   -1.7399293023E-01   -3.8680284834E+03    9.3406689877E-03
    7.6759990000E-02    1.0668530190E+00   -2.9281298244E-01   -3.8693051148E+03    3.6873843780E-03
    7.6779990000E-02    1.2124904425E+00   -1.1757125680E-01   -3.8700528828E+03    1.1150945803E-03
    7.6799990000E-02    1.2254969966E+00    8.3156595085E-02   -3.8704854589E+03    2.4588488488E-03
    7.6819990000E-02    1.1565422129E+00    2.6568512282E-01   -3.8710612175E+03    4.6808994733E-03
    7.6839990000E-02    9.0547622525E-01    3.3359486165E-01   -3.8720665136E+03    1.2486998311E-02
    7.6859990000E-02    6.6772567889E-01   -3.8187345208E-02   -3.8736263055E+03    2.0574468579E-02
    7.6879990000E-02    9.4291743171E-01   -3.9565247761E-01   -3.8752347090E+03    1.6328138870E-02
    7.6899990000E-02    1.2116000728E+00   -2.1171847287E-01   -3.8762593848E+03    1.6066137737E-02
    7.6919990000E-02    1.2449486808E+00    6.6030450750E-02   -3.8768211773E+03    1.8763022991E-02
    7.6939990000E-02    1.1302564995E+00    3.4775290496E-01   -3.8775409124E+03    1.5749537135E-02
    7.6959990000E-02    7.6105090644E-01    3.1333050159E-01   -3.8788292724E+03    2.2121615562E-02
    7.6979990000E-02    7.0036727637E-01   -1.8751521413E-01   -3.8805565687E+03    2.1693640044E-02
    7.6999990000E-02    1.0375849345E+00   -3.6815544435E-01   -3.8819112782E+03    1.0517549951E-02
    7.7019990000E-02    1.2107535593E+00   -1.9017264736E-01   -3.8827310856E+03    5.8082054690E-03
    7.7039990000E-02    1.2320386284E+00    1.3481296605E-02   -3.8832085821E+03    5.1556354469E-03
    7.7059990000E-02    1.1558350538E+00    2.3866103612E-01   -3.8838321525E+03    2.0464721054E-03
    7.7079990000E-02    8.6934023298E-01    2.8716412949E-01   -3.8849788540E+03    2.8568142467E-03
    7.7099990000E-02    7.5769194661E-01   -1.1600125009E-01   -3.8866157888E+03    3.9570714286E-03
    7.7119990000E-02    1.0639013809E+00   -2.5954843994E-01   -3.8879877193E+03    9.0843452062E-04
    7.7139990000E-02    1.2125615001E+00   -6.5686940412E-02   -3.8887813757E+03    4.2573102201E-03
    7.7159990000E-02    1.2256294112E+00    1.1211329761E-01   -3.8892322809E+03    6.9910923853E-03
    7.7179990000E-02    1.1615040316E+00    2.8561095026E-01   -3.8897915546E+03    1.1350084526E-02
    7.7199990000E-02    9.2662684709E-01    3.6414583737E-01   -3.8907322348E+03    2.2483096033E-02
    7.7219990000E-02    6.4060665366E-01    2.6930872892E-02   -3.8922197774E+03    3.6315742294E-02
    7.7239990000E-02    8.7187279434E-01   -4.2304232784E-01   -3.8939249100E+03    3.4862515632E-02
    7.7259990000E-02    1.2099755696E+00   -2.7061183585E-01   -3.8950731563E+03    3.3680626437E-02
    7.7279990000E-02    1.2559307294E+00    6.2942629433E-02   -3.8956976104E+03    3.7789996883E-02
    7.7299990000E-02    1.1124725901E+00    3.8932285992E-01   -3.8964978679E+03    3.1603093875E-02
    7.7319990000E-02    7.1196898382E-01    2.8069655862E-01   -3.8979179805E+03    3.5779447217E-02
    7.7339990000E-02    7.4431144177E-01   -2.2131717611E-01   -3.8996321068E+03    2.9894953973E-02
    7.7359990000E-02    1.0539413286E+00   -3.3956975386E-01   -3.9008464641E+03    1.6859093859E-02
    7.7379990000E-02    1.1954736387E+00   -2.0997156445E-01   -3.9015922118E+03    8.6072856249E-03
    7.7399990000E-02    1.2237350564E+00   -5.8970648378E-02   -3.9020395713E+03    5.0855302697E-03
    7.7419990000E-02    1.1922804775E+00    1.0931323537E-01   -3.9025160589E+03    2.7496954672E-03
    7.7439990000E-02    1.0048355840E+00    2.7231532743E-01   -3.9033881182E+03    1.6968136286E-03
    7.7459990000E-02    7.5745083119E-01    2.6321848151E-02   -3.9048411772E+03    3.2428157906E-03
    7.7479990000E-02    9.4536620369E-01   -3.1012925076E-01   -3.9064225961E+03    2.1515589072E-03
    7.7499990000E-02    1.1891236793E+00   -1.7672518196E-01   -3.9074570423E+03    4.1930168076E-03
    7.7519990000E-02    1.2349730878E+00    4.8366212934E-02   -3.9080107261E+03    7.9506502555E-03
    7.7539990000E-02    1.1879053089E+00    2.6106299644E-01   -3.9085472653E+03    9.1505358590E-03
    7.7559990000E-02    9.5248178209E-01    3.8838114740E-01   -3.9094853694E+03    1.7623409194E-02
    7.7579990000E-02    6.3992758094E-01    7.1989752910E-02   -3.9109778413E+03    3.0597013589E-02
    7.7599990000E-02    8.4059493587E-01   -3.9784184161E-01   -3.9126868886E+03    2.7621765586E-02
    7.7619990000E-02    1.1863208840E+00   -2.9972105014E-01   -3.9138517025E+03    2.3102007261E-02
    7.7639990000E-02    1.2519219917E+00    5.1634322401E-03   -3.9144874784E+03    2.6759511332E-02
    7.7659990000E-02    1.1622738954E+00    3.1386747271E-01   -3.9151732313E+03    2.1340540051E-02
    7.7679990000E-02    8.0088253556E-01    3.4067172683E-01   -3.9164381705E+03    2.3770603896E-02
    7.7699990000E-02    7.1421240417E-01   -1.3239607994E-01   -3.9181462997E+03    2.2737038863E-02
    7.7719990000E-02    1.0159761296E+00   -3.2892805423E-01   -3.9194779512E+03    1.2786807504E-02
    7.7739990000E-02    1.1838744459E+00   -2.1112093103E-01   -3.9202950012E+03    5.5096656671E-03
    7.7759990000E-02    1.2222402106E+00   -6.1103947657E-02   -3.9207696437E+03    2.4604686765E-03
    7.7779990000E-02    1.2005676869E+00    9.5828400147E-02   -3.9211970543E+03    1.3984154729E-03
    7.7799990000E-02    1.0807828602E+00    2.4408897479E-01   -3.9219643604E+03    1.3457274071E-03
    7.7819990000E-02    7.9563568545E-01    1.3935592229E-01   -3.9232773968E+03    1.1892836428E-03
    7.7839990000E-02    9.1387055793E-01   -2.1093084054E-01   -3.9248762430E+03    1.1402703468E-03
    7.7859990000E-02    1.1394933269E+00   -1.9965306209E-01   -3.9260168032E+03    1.4812562584E-03
    7.7879990000E-02    1.2197395181E+00   -1.2721083138E-02   -3.9266419563E+03    3.6060230320E-03
    7.7899990000E-02    1.2163437563E+00    1.4271728423E-01   -3.9270542158E+03    6.0108758663E-03
    7.7919990000E-02    1.1321203648E+00    2.9745236523E-01   -3.9276624563E+03    1.1705912430E-02
    7.7939990000E-02    8.7311836762E-01    3.2606870247E-01   -3.9286752385E+03    2.2875141856E-02
    7.7959990000E-02    6.4952679554E-01   -7.6677391168E-02   -3.9302464021E+03    3.3537068110E-02
    7.7979990000E-02    9.6097533190E-01   -4.3028747929E-01   -3.9318732872E+03    3.0118672122E-02
    7.7999990000E-02    1.2319581905E+00   -1.9619409304E-01   -3.9328990544E+03    3.2191377508E-02
    7.8019990000E-02    1.2479826088E+00    1.2745600226E-01   -3.9334825005E+03    3.3963592618E-02
    7.8039990000E-02    1.0518782585E+00    4.2292951753E-01   -3.9343711204E+03    2.9993868929E-02
    7.8059990000E-02    6.6416449067E-01    2.0308768019E-01   -3.9358786993E+03    3.5648749939E-02
    7.8079990000E-02    7.8154946147E-01   -2.8805182343E-01   -3.9375684827E+03    2.7146710639E-02
    7.8099990000E-02    1.0929499109E+00   -3.4151755608E-01   -3.9387216121E+03    1.3814036772E-02
    7.8119990000E-02    1.2137131661E+00   -1.7788424275E-01   -3.9394218283E+03    7.4366198586E-03
    7.8139990000E-02    1.2258780943E+00   -3.3999687858E-03   -3.9398639728E+03    5.1300431997E-03
    7.8159990000E-02    1.1520246497E+00    1.9956080300E-01   -3.9404885095E+03    1.6609639759E-03
    7.8179990000E-02    8.5092617719E-01    2.5029651176E-01   -3.9416265108E+03    3.2591680476E-03
    7.8199990000E-02    7.5958785585E-01   -1.6343507190E-01   -3.9432651557E+03    4.6080547088E-03
    7.8219989999E-02    1.0685027327E+00   -3.1316572547E-01   -3.9446505882E+03    1.9851816875E-03
    7.8239989999E-02    1.2205075053E+00   -9.6025238744E-02   -3.9454513681E+03    4.4452718236E-03
    7.8259989999E-02    1.2291432903E+00    1.1112689505E-01   -3.9459224577E+03    6.1256189267E-03
    7.8279989999E-02    1.1275915781E+00    3.2382265552E-01   -3.9465867705E+03    7.9942549905E-03
    7.8299989999E-02    8.1079087900E-01    3.2010466047E-01   -3.9477391244E+03    1.7846864146E-02
    7.8319989999E-02    6.6486541085E-01   -1.5142650316E-01   -3.9494203422E+03    2.4145080974E-02
    7.8339989999E-02    1.0168940364E+00   -4.0448502494E-01   -3.9509209937E+03    1.6706439878E-02
    7.8359989999E-02    1.2284835932E+00   -1.6839384172E-01   -3.9518248634E+03    1.6872814410E-02
    7.8379989999E-02    1.2386457585E+00    1.0311568736E-01   -3.9523581005E+03    1.7442629723E-02
    7.8399989999E-02    1.0773858250E+00    3.7183424795E-01   -3.9531740878E+03    1.4281307213E-02
    7.8419989999E-02    7.1563974681E-01    2.2149674977E-01   -3.9545897750E+03    1.9496379044E-02
    7.8439989999E-02    7.8423931060E-01   -2.5200352675E-01   -3.9562779943E+03    1.5689454337E-02
    7.8459989999E-02    1.0920681881E+00   -3.1684970050E-01   -3.9574775361E+03    6.5032738903E-03
    7.8479989999E-02    1.2135323554E+00   -1.4639999467E-01   -3.9581897157E+03    2.5746391774E-03
    7.8499989999E-02    1.2248851448E+00    2.1873945453E-02   -3.9586241732E+03    1.5394119300E-03
    7.8519989999E-02    1.1378041077E+00    2.4492206512E-01   -3.9592092569E+03    2.4124594707E-03
    7.8539989999E-02    8.8347021577E-01    2.7770266313E-01   -3.9602680570E+03    7.7480445421E-03
    7.8559989999E-02    7.1593980660E-01   -1.1434266725E-01   -3.9618658928E+03    1.1417728147E-02
    7.8579989999E-02    1.0200087372E+00   -3.6004835646E-01   -3.9633697191E+03    8.1002425698E-03
    7.8599989999E-02    1.2220564122E+00   -1.3738879049E-01   -3.9642754298E+03    1.0724002757E-02
    7.8619989999E-02    1.2367206418E+00    1.1094249858E-01   -3.9647912762E+03    1.2706601419E-02
    7.8639989999E-02    1.1112414142E+00    3.6074207942E-01   -3.9655185906E+03    1.2786214976E-02
    7.8659989999E-02    7.4917747951E-01    3.0222903377E-01   -3.9667861733E+03    2.2770190196E-02
    7.8679989999E-02    6.8297500629E-01   -2.1243960485E-01   -3.9685225297E+03    2.5000144736E-02
    7.8699989999E-02    1.0507716610E+00   -3.9456508091E-01   -3.9699247733E+03    1.4690569444E-02
    7.8719989999E-02    1.2289548655E+00   -1.6075588041E-01   -3.9707564710E+03    1.3299241957E-02
    7.8739989999E-02    1.2339049218E+00    9.0607313538E-02   -3.9712689305E+03    1.2800976459E-02
    7.8759989999E-02    1.0778748384E+00    3.4614190660E-01   -3.9720785719E+03    9.0623860142E-03
    7.8779989999E-02    7.3970428941E-01    2.0032287975E-01   -3.9734877201E+03    1.2443023583E-02
    7.8799989999E-02    8.2136772244E-01   -2.3891942127E-01   -3.9751430519E+03    9.9385286877E-03
    7.8819989999E-02    1.1047774635E+00   -2.7597244864E-01   -3.9763046501E+03    3.7200270506E-03
    7.8839989999E-02    1.2203811817E+00   -7.1326335380E-02   -3.9769678766E+03    9.7609862329E-04
    7.8859989999E-02    1.2211424490E+00    1.0392538296E-01   -3.9773876016E+03    1.8046239305E-03
    7.8879989999E-02    1.1325320165E+00    2.8177037561E-01   -3.9780158465E+03    4.5262085774E-03
    7.8899989999E-02    8.5681601100E-01    3.0087247259E-01   -3.9790997217E+03    1.2370359604E-02
    7.8919989999E-02    6.8597395785E-01   -1.2111032113E-01   -3.9807232673E+03    1.8176281800E-02
    7.8939989999E-02    1.0092040236E+00   -3.8741441920E-01   -3.9822476977E+03    1.3343002029E-02
    7.8959989999E-02    1.2254859728E+00   -1.5774820440E-01   -3.9831716830E+03    1.4989848504E-02
    7.8979989999E-02    1.2391166840E+00    1.0942711869E-01   -3.9837034226E+03    1.6440823601E-02
    7.8999989999E-02    1.0914748942E+00    3.7514481087E-01   -3.9844845181E+03    1.4831878574E-02
    7.9019989999E-02    7.1752826250E-01    2.6086449062E-01   -3.9858440886E+03    2.2704247673E-02
    7.9039989999E-02    7.3041698341E-01   -2.4776509159E-01   -3.9875744104E+03    2.0660173300E-02
    7.9059989999E-02    1.0762538076E+00   -3.6206947037E-01   -3.9888683769E+03    9.8912653152E-03
    7.9079989999E-02    1.2229195243E+00   -1.5434489514E-01   -3.9896329055E+03    7.0441701635E-03
    7.9099989999E-02    1.2295998551E+00    5.9675617573E-02   -3.9901083654E+03    6.1748960514E-03
    7.9119989999E-02    1.1113790640E+00    2.9468510439E-01   -3.9908337617E+03    2.9956209099E-03
    7.9139989999E-02    7.9305896063E-01    2.3167680155E-01   -3.9921302773E+03    5.2403987953E-03
    7.9159989999E-02    8.0018740356E-01   -2.0107574705E-01   -3.9937912223E+03    4.8560397889E-03
    7.9179989999E-02    1.0900550310E+00   -2.8840248165E-01   -3.9950431926E+03    1.0405827740E-03
    7.9199989999E-02    1.2210215126E+00   -3.7766169206E-02   -3.9957296243E+03    3.6674752646E-03
    7.9219989999E-02    1.2211533960E+00    1.3790047389E-01   -3.9961670420E+03    5.7401038535E-03
    7.9239989999E-02    1.1283463024E+00    3.1283447403E-01   -3.9968032089E+03    1.0403932955E-02
    7.9259989999E-02    8.4455602937E-01    3.2692994354E-01   -3.9978710098E+03    2.1862783367E-02
    7.9279989999E-02    6.4767367618E-01   -1.1103285782E-01   -3.9994941894E+03    3.1783978495E-02
    7.9299989999E-02    9.8594586453E-01   -4.2772475034E-01   -4.0010808984E+03    2.6761795160E-02
    7.9319989999E-02    1.2338764355E+00   -1.8191112369E-01   -4.0020596230E+03    2.8456840293E-02
    7.9339989999E-02    1.2441002932E+00    1.2974398380E-01   -4.0026297831E+03    2.9436004023E-02
    7.9359989999E-02    1.0456609909E+00    4.1375328744E-01   -4.0035221030E+03    2.5716498040E-02
    7.9379989999E-02    6.7224136521E-01    1.8824153951E-01   -4.0050309842E+03    3.0956793795E-02
    7.9399989999E-02    7.9937693044E-01   -2.8566900742E-01   -4.0067030703E+03    2.3323947305E-02
    7.9419989999E-02    1.0996007432E+00   -3.2525541599E-01   -4.0078383830E+03    1.1503321429E-02
    7.9439989999E-02    1.2128031044E+00   -1.6529016478E-01   -4.0085234956E+03    5.6683978969E-03
    7.9459989999E-02    1.2241828114E+00    8.9394776828E-04   -4.0089550646E+03    3.5370794963E-03
    7.9479989999E-02    1.1555309617E+00    1.9796146774E-01   -4.0095583157E+03    1.0055686368E-03
    7.9499989999E-02    8.7748486384E-01    2.5640697462E-01   -4.0106447715E+03    3.8941106538E-03
    7.9519989999E-02    7.4861145524E-01   -1.3825700769E-01   -4.0122591318E+03    5.6540745635E-03
    7.9539989999E-02    1.0513947953E+00   -3.2527066847E-01   -4.0136949264E+03    3.3216469192E-03
    7.9559989999E-02    1.2205956545E+00   -1.0611655481E-01   -4.0145382203E+03    6.3234322411E-03
    7.9579989999E-02    1.2316725388E+00    1.1447331181E-01   -4.0150258596E+03    8.3061109715E-03
    7.9599989999E-02    1.1244264437E+00    3.3793687844E-01   -4.0157058146E+03    9.9865157427E-03
    7.9619989999E-02    7.9335505035E-01    3.2298851998E-01   -4.0168833140E+03    2.0586721763E-02
    7.9639989999E-02    6.5994158540E-01   -1.6572078123E-01   -4.0185844631E+03    2.6657897519E-02
    7.9659989999E-02    1.0225627960E+00   -4.1002376741E-01   -4.0200740200E+03    1.8284828600E-02
    7.9679989999E-02    1.2305237045E+00   -1.6891801766E-01   -4.0209686882E+03    1.8136467374E-02
    7.9699989999E-02    1.2380260272E+00    1.0610024116E-01   -4.0215046237E+03    1.8312011255E-02
    7.9719989999E-02    1.0668484683E+00    3.7417245448E-01   -4.0223438029E+03    1.4689251224E-02
    7.9739989999E-02    7.1233703738E-01    2.0047265460E-01   -4.0237892978E+03    1.9140656622E-02
    7.9759989999E-02    8.0807424615E-01   -2.5625523844E-01   -4.0254560559E+03    1.4939380188E-02
    7.9779989999E-02    1.1002369413E+00   -2.9904222754E-01   -4.0266133374E+03    6.4119385435E-03
    7.9799989999E-02    1.2107794864E+00   -1.4042001816E-01   -4.0273005225E+03    2.1578639425E-03
    7.9819989999E-02    1.2235913576E+00    7.7122998715E-02   -4.0277010651E+03    1.0724814074E-03
    7.9839989999E-02    1.1398563694E+00    2.4612263679E-01   -4.0282957612E+03    3.0893641356E-03
    7.9859989999E-02    8.8998499319E-01    2.8474953713E-01   -4.0293363511E+03    9.0077225074E-03
    7.9879989999E-02    7.0700859353E-01   -1.0095803115E-01   -4.0309225164E+03    1.3396382841E-02
    7.9899989999E-02    1.0067371979E+00   -3.6948577236E-01   -4.0324516635E+03    9.9999546048E-03
    7.9919989999E-02    1.2218013604E+00   -1.4876086990E-01   -4.0333829805E+03    1.2479580206E-02
    7.9939989999E-02    1.2385494021E+00    1.0904779893E-01   -4.0339097562E+03    1.4577565731E-02
    7.9959989999E-02    1.1086498051E+00    3.6691363063E-01   -4.0346494830E+03    1.4166808374E-02
    7.9979989999E-02    7.3903297446E-01    2.9786789121E-01   -4.0359396221E+03    2.3928361016E-02
    7.9999989999E-02    6.8831601349E-01   -2.2148638367E-01   -4.0376820217E+03    2.5163108342E-02
