 sig=    1.000000000000000      inputfile=
 /home/rjrj524/Finished/vmec_gc_tracer/revised_251128/nc/wout_pwO_nfp2_A6.nc                                                                                                                             
 dt=   1.0000000000000000E-008
 steps=      8000000
 x0=   4.0000000000000001E-002    0.000000000000000      
    6.410000000000000     
 u=   -123000.0000000000     
 v_perp=    107000.0000000000     
 
time(s)         x0(1)       x0(2)        x0(3)      r
    1.9990000000E-05    9.6426764160E-01    1.6398809743E-01    4.4024458580E+00    4.7207954363E-02
    3.9990000000E-05    9.4134285773E-01   -4.0931665686E-01    1.6586164732E+00    4.9460238013E-02
    5.9990000000E-05    1.2307961413E+00    2.9938574511E-01   -3.4621719732E-01    5.7483584674E-02
    7.9990000000E-05    5.6503565023E-01    1.3613686952E-01   -2.8421225700E+00    6.6188803747E-02
    9.9990000000E-05    1.0926936597E+00   -4.3422881667E-01   -5.5545298760E+00    3.5974185661E-02
    1.1999000000E-04    1.1273703432E+00    2.6211485363E-01   -7.4788580713E+00    2.2624318360E-02
    1.3999000000E-04    9.2387890499E-01   -8.6473782949E-02   -1.0097878245E+01    2.0763997936E-02
    1.5999000000E-04    1.2109320967E+00    1.3505888761E-01   -1.2235862111E+01    3.1001829477E-02
    1.7999000000E-04    8.5561617121E-01    2.8770732502E-01   -1.4313171848E+01    5.2604825293E-02
    1.9999000000E-04    8.7049132197E-01   -4.5477790106E-01   -1.7159611247E+01    6.6705050156E-02
    2.1999000000E-04    1.2532617111E+00    2.0971940778E-01   -1.9193078964E+01    7.1764862226E-02
    2.3999000000E-04    6.4758555964E-01    1.8492429799E-01   -2.1644699885E+01    6.6507320995E-02
    2.5999000000E-04    1.0726955481E+00   -3.1898559790E-01   -2.4278188729E+01    4.2603748391E-02
    2.7999000000E-04    1.1771425204E+00    4.0831433634E-02   -2.6196833780E+01    2.7392217138E-02
    2.9999000000E-04    8.5179969078E-01   -1.4189079214E-01   -2.8666028000E+01    1.7503873865E-02
    3.1999000000E-04    1.2433139102E+00    2.3688284872E-02   -3.0980711851E+01    2.9328465606E-02
    3.3999000000E-04    7.9986491910E-01    4.1448856039E-01   -3.3049255188E+01    4.9391090155E-02
    3.5999000000E-04    7.9852268750E-01   -4.5933988228E-01   -3.5984842810E+01    6.3274445455E-02
    3.7999000000E-04    1.2580636160E+00    9.8800758821E-02   -3.8046482393E+01    6.0005008050E-02
    3.9999000000E-04    7.4301190563E-01    1.9744176480E-01   -4.0432520416E+01    5.0982105787E-02
    4.1999000000E-04    1.1260536085E+00   -1.2887293644E-01   -4.2964643321E+01    4.4794687399E-02
    4.3999000000E-04    1.1285371532E+00    1.5602117793E-01   -4.4851032387E+01    4.6167310984E-02
    4.5999000000E-04    7.1385419093E-01   -1.5151482631E-01   -4.7351756067E+01    5.7580942651E-02
    4.7999000000E-04    1.2473661172E+00   -1.8405151440E-01   -4.9818376357E+01    6.5273196941E-02
    4.9999000000E-04    8.6300906935E-01    4.8417908742E-01   -5.1831218572E+01    6.6116808600E-02
    5.1999000000E-04    7.6239386512E-01   -3.5940449558E-01   -5.4751191114E+01    5.1651237146E-02
    5.3999000000E-04    1.2404065663E+00   -1.1647296682E-01   -5.6875705393E+01    2.6671038746E-02
    5.5999000000E-04    8.9134511200E-01    1.6118241973E-01   -5.9097581281E+01    1.2893892566E-02
    5.7999000000E-04    1.1630163276E+00   -8.9748399705E-02   -6.1626615430E+01    2.2904705511E-02
    5.9999000000E-04    1.0911563159E+00    3.4502930039E-01   -6.3548528197E+01    3.9014191283E-02
    6.1999000000E-04    6.2132010832E-01   -1.2936604475E-01   -6.6154441398E+01    6.6989175911E-02
    6.3999000000E-04    1.2365023692E+00   -2.7658589599E-01   -6.8677188129E+01    7.0233857324E-02
    6.5999000000E-04    9.2540342525E-01    4.6123743707E-01   -7.0671359694E+01    6.5249640905E-02
    6.7999000000E-04    8.4638477872E-01   -2.4217968906E-01   -7.3498009091E+01    5.4370366426E-02
    6.9999000000E-04    1.2015988702E+00   -1.3062747756E-01   -7.5597326795E+01    3.3915363073E-02
    7.1999000000E-04    9.3920661548E-01    1.0607359680E-01   -7.7683256174E+01    2.7917045536E-02
    7.3999000000E-04    1.0773310980E+00   -3.2839048924E-01   -8.0355087193E+01    2.7271981584E-02
    7.5999000000E-04    1.1404737476E+00    4.1479730206E-01   -8.2287840323E+01    3.8102036554E-02
    7.7999000000E-04    5.4779524821E-01   -5.8170664603E-02   -8.4947335220E+01    6.3910841355E-02
    7.9999000000E-04    1.1998145733E+00   -3.5629165285E-01   -8.7514918194E+01    4.8214790330E-02
    8.1999000000E-04    9.9773547456E-01    3.9023490149E-01   -8.9482725182E+01    3.9784307052E-02
    8.3999000000E-04    9.5533832549E-01   -1.3794982371E-01   -9.2206579980E+01    4.0020007988E-02
    8.5999000000E-04    1.1937300638E+00    9.4431434837E-02   -9.4240574448E+01    3.7681737414E-02
    8.7999000000E-04    8.3898373698E-01    1.7802248431E-01   -9.6367166513E+01    5.5495605675E-02
    8.9999000000E-04    1.0006791261E+00   -4.5196970768E-01   -9.9156090295E+01    6.2265114680E-02
    9.1999000000E-04    1.2018553411E+00    3.6006896235E-01   -1.0110808069E+02    6.7218234263E-02
    9.3999000000E-04    5.9266553272E-01    4.3051021752E-02   -1.0372816969E+02    6.6690137971E-02
    9.5999000000E-04    1.1285622103E+00   -3.6533707296E-01   -1.0628711267E+02    3.3228598266E-02
    9.7999000000E-04    1.1159188956E+00    1.8750182303E-01   -1.0822350411E+02    1.7512548740E-02
    9.9999000000E-04    9.5355124080E-01   -1.6593376783E-01   -1.1082709594E+02    1.2544002909E-02
    1.0199900000E-03    1.2228644874E+00    2.0275591289E-01   -1.1293464626E+02    2.7094471261E-02
    1.0399900000E-03    7.3116447587E-01    2.7623283634E-01   -1.1512748684E+02    5.5461028890E-02
    1.0599900000E-03    9.5016368719E-01   -4.9305262169E-01   -1.1800774653E+02    6.7230683800E-02
    1.0799900000E-03    1.2207857426E+00    2.8528364886E-01   -1.1997060093E+02    6.7732004785E-02
    1.0999900000E-03    6.8689411031E-01    7.8702993498E-02   -1.2253980816E+02    6.1804866681E-02
    1.1199900000E-03    1.1349171917E+00   -2.0445562773E-01   -1.2499919213E+02    4.3777768959E-02
    1.1399900000E-03    1.1243607779E+00    1.0286091541E-01   -1.2689693626E+02    3.7404858408E-02
    1.1599900000E-03    8.0356457943E-01   -2.4546107317E-01   -1.2946990237E+02    3.6259390542E-02
    1.1799900000E-03    1.2604447075E+00    3.6166618528E-02   -1.3173433115E+02    4.6646952961E-02
    1.1999900000E-03    7.1336030256E-01    3.9473398403E-01   -1.3388232315E+02    5.8043669266E-02
    1.2199900000E-03    8.7536028813E-01   -4.7392235377E-01   -1.3681516165E+02    4.9072930851E-02
    1.2399900000E-03    1.2318536526E+00    1.2596452200E-01   -1.3881106911E+02    3.6983345764E-02
    1.2599900000E-03    8.0281962824E-01    9.6229902939E-02   -1.4126353061E+02    2.9370954910E-02
    1.2799900000E-03    1.1791324295E+00   -2.0706794629E-02   -1.4365706247E+02    3.3392236987E-02
    1.2999900000E-03    1.0556248486E+00    2.7083497617E-01   -1.4557521018E+02    4.6913675372E-02
    1.3199900000E-03    6.9627167852E-01   -2.5780828964E-01   -1.4824044219E+02    6.5118502231E-02
    1.3399900000E-03    1.2682998511E+00   -1.0049710601E-01   -1.5058642105E+02    7.3373828581E-02
    1.3599900000E-03    7.8786640966E-01    4.2753867357E-01   -1.5269309977E+02    6.8669403560E-02
    1.3799900000E-03    8.7915798074E-01   -3.5396184233E-01   -1.5555909882E+02    4.8757879801E-02
    1.3999900000E-03    1.2237124559E+00   -9.5428893467E-02   -1.5759846659E+02    2.6341770350E-02
    1.4199900000E-03    8.9654892076E-01    5.9425915660E-02   -1.5984720271E+02    1.2440903412E-02
    1.4399900000E-03    1.1846551751E+00   -1.3067783691E-01   -1.6236428925E+02    2.1194780970E-02
    1.4599900000E-03    1.0248535585E+00    4.2383389623E-01   -1.6430191711E+02    3.8251597243E-02
    1.4799900000E-03    6.1401671688E-01   -2.4226631027E-01   -1.6707309780E+02    6.9359660218E-02
    1.4999900000E-03    1.2607676468E+00   -1.9127630315E-01   -1.6945396367E+02    6.8781948833E-02
    1.5199900000E-03    8.5535639676E-01    4.0457009339E-01   -1.7153523930E+02    6.0146559685E-02
    1.5399900000E-03    9.7610231850E-01   -2.1250082658E-01   -1.7429372585E+02    5.2066644855E-02
    1.5599900000E-03    1.1894685794E+00    6.5850555702E-03   -1.7627519533E+02    3.9285827042E-02
    1.5799900000E-03    8.2386041220E-01    6.9416680408E-02   -1.7846952249E+02    4.6967269213E-02
    1.5999900000E-03    1.1227711511E+00   -3.6770430867E-01   -1.8115964246E+02    4.9607335315E-02
    1.6199900000E-03    1.0956650862E+00    4.6630912415E-01   -1.8307786238E+02    5.5748034857E-02
    1.6399900000E-03    5.7943585333E-01   -1.4265804031E-01   -1.8586170899E+02    6.2263481981E-02
    1.6599900000E-03    1.2136841314E+00   -3.0207852182E-01   -1.8828486114E+02    3.2472929987E-02
    1.6799900000E-03    9.7605055410E-01    3.0733644664E-01   -1.9030035188E+02    2.0323184957E-02
    1.6999900000E-03    1.0507400642E+00   -1.3208552580E-01   -1.9295873325E+02    2.5113476298E-02
    1.7199900000E-03    1.1814222349E+00    2.2839494497E-01   -1.9493337658E+02    3.5908795487E-02
    1.7399900000E-03    7.1512486182E-01    1.3396193907E-01   -1.9721524593E+02    5.9660021640E-02
    1.7599900000E-03    1.0819547941E+00   -4.5218438142E-01   -1.9999598760E+02    6.6214287054E-02
    1.7799900000E-03    1.1437584513E+00    4.1578903199E-01   -2.0191581629E+02    6.7221068121E-02
    1.7999900000E-03    6.6540327185E-01   -6.0475376768E-02   -2.0463834625E+02    6.2295613666E-02
    1.8199900000E-03    1.1615100868E+00   -2.7357818990E-01   -2.0702144607E+02    3.6705653282E-02
    1.8399900000E-03    1.0923341593E+00    1.3002445985E-01   -2.0896649330E+02    2.3478887723E-02
    1.8599900000E-03    9.4290003853E-01   -2.6846099309E-01   -2.1159346274E+02    1.6830822059E-02
    1.8799900000E-03    1.2293306259E+00    2.4555622975E-01   -2.1366512228E+02    2.9802427487E-02
    1.8999900000E-03    6.2542108869E-01    2.2395799469E-01   -2.1598336832E+02    5.9343537150E-02
    1.9199900000E-03    1.0302835863E+00   -4.9322214419E-01   -2.1883649037E+02    5.9862556080E-02
    1.9399900000E-03    1.1721957562E+00    3.3038093865E-01   -2.2076242178E+02    5.5350710622E-02
    1.9599900000E-03    7.6930073120E-01   -1.1999163052E-02   -2.2340603779E+02    5.1052364330E-02
    1.9799900000E-03    1.1768871387E+00   -6.2346763394E-02   -2.2569456388E+02    4.1220429985E-02
    1.9999900000E-03    1.0362447923E+00    1.9478471063E-01   -2.2762695690E+02    4.9652793521E-02
    2.0199900000E-03    8.0380740459E-01   -3.5088362479E-01   -2.3033143983E+02    5.7014693811E-02
    2.0399900000E-03    1.2694033679E+00    1.0279817208E-01   -2.3249931513E+02    6.7024127597E-02
    2.0599900000E-03    6.5404893889E-01    3.2504624785E-01   -2.3476825908E+02    6.8222890533E-02
    2.0799900000E-03    9.6211981804E-01   -4.4084626771E-01   -2.3761943714E+02    4.1040283786E-02
    2.0999900000E-03    1.2079154702E+00    9.9264152320E-02   -2.3958012124E+02    2.3459683595E-02
    2.1199900000E-03    8.7527376870E-01    1.8333547157E-03   -2.4204944420E+02    1.4050917290E-02
    2.1399900000E-03    1.2141593881E+00    5.1196574558E-02   -2.4436189918E+02    2.6795395853E-02
    2.1599900000E-03    9.5007938995E-01    3.5491716976E-01   -2.4634857498E+02    4.6602283094E-02
    2.1799900000E-03    7.2699467171E-01   -3.6590041111E-01   -2.4916345420E+02    6.8516677849E-02
    2.1999900000E-03    1.2741046516E+00    5.0570615681E-03   -2.5136684063E+02    7.4709839615E-02
    2.2199900000E-03    7.3097437456E-01    3.3438469194E-01   -2.5360468505E+02    6.6293299915E-02
    2.2399900000E-03    1.0007547637E+00   -2.9732434941E-01   -2.5635348775E+02    4.8255682592E-02
    2.2599900000E-03    1.1965553961E+00   -2.8023384689E-02   -2.5830790450E+02    3.1654141605E-02
    2.2799900000E-03    8.3304663398E-01   -3.0767047858E-02   -2.6061739606E+02    2.5055502326E-02
    2.2999900000E-03    1.2075010789E+00   -1.7551872891E-01   -2.6313346133E+02    3.1285194872E-02
    2.3199900000E-03    9.4785725076E-01    4.7752523984E-01   -2.6508978096E+02    4.4366353475E-02
    2.3399900000E-03    6.5179882340E-01   -3.3290470101E-01   -2.6798206381E+02    6.2257792865E-02
    2.3599900000E-03    1.2627105950E+00   -1.1310136920E-01   -2.7022394466E+02    5.2206138248E-02
    2.3799900000E-03    8.2538415059E-01    3.1036342149E-01   -2.7240307867E+02    4.1836724976E-02
    2.3999900000E-03    1.0848979924E+00   -1.3560878395E-01   -2.7504912360E+02    4.1203882099E-02
    2.4199900000E-03    1.1600902528E+00    1.5854838612E-01   -2.7696230284E+02    4.2719549749E-02
    2.4399900000E-03    7.1732390118E-01   -3.0703367528E-03   -2.7932085986E+02    5.9573258191E-02
    2.4599900000E-03    1.1823913604E+00   -3.4625177626E-01   -2.8196848684E+02    6.4933582418E-02
    2.4799900000E-03    1.0226577985E+00    4.9150066058E-01   -2.8389931317E+02    6.6314997268E-02
    2.4999900000E-03    6.7046010796E-01   -2.1782552376E-01   -2.8675095405E+02    5.8852432226E-02
    2.5199900000E-03    1.2150006592E+00   -2.5024190652E-01   -2.8903129872E+02    2.7733381418E-02
    2.5399900000E-03    9.7999814194E-01    2.0606390934E-01   -2.9108870172E+02    1.3006392847E-02
    2.5599900000E-03    1.0850076427E+00   -1.8549248877E-01   -2.9371278170E+02    1.7030000279E-02
    2.5799900000E-03    1.1588863729E+00    3.2801200238E-01   -2.9566802960E+02    3.2445374880E-02
    2.5999900000E-03    6.1586815772E-01    4.1175699005E-02   -2.9812484369E+02    6.4634323814E-02
    2.6199900000E-03    1.1584847883E+00   -4.1414501171E-01   -3.0083277659E+02    6.7368163526E-02
    2.6399900000E-03    1.0644654332E+00    4.4440712881E-01   -3.0275857992E+02    6.4128585817E-02
    2.6599900000E-03    7.7792473563E-01   -1.3751413211E-01   -3.0553067020E+02    5.7900231500E-02
    2.6799900000E-03    1.1863733129E+00   -1.4438357785E-01   -3.0773998660E+02    3.8281624711E-02
    2.6999900000E-03    1.0133757220E+00    1.3896225467E-01   -3.0972340354E+02    3.6361701966E-02
    2.7199900000E-03    9.4980377615E-01   -3.6787601311E-01   -3.1242859550E+02    3.4633283368E-02
    2.7399900000E-03    1.2247686549E+00    2.9850352718E-01   -3.1444246796E+02    4.4113243250E-02
    2.7599900000E-03    5.6098479349E-01    1.4036596374E-01   -3.1690732688E+02    6.3060216002E-02
    2.7799900000E-03    1.0961825778E+00   -4.5206477148E-01   -3.1965938204E+02    4.2416488754E-02
    2.7999900000E-03    1.1185497711E+00    3.2081338672E-01   -3.2158096626E+02    3.2514165170E-02
    2.8199900000E-03    8.8613384808E-01   -7.6255690023E-02   -3.2424042353E+02    3.1602375229E-02
    2.8399900000E-03    1.2003005022E+00    8.2130847298E-02   -3.2638951876E+02    3.4588768486E-02
    2.8599900000E-03    9.0982554405E-01    2.5644390550E-01   -3.2842534091E+02    5.3048047344E-02
    2.8799900000E-03    8.6421107630E-01   -4.3505805244E-01   -3.3123488677E+02    6.5168843694E-02
    2.8999900000E-03    1.2572186260E+00    2.0516970089E-01   -3.3328844013E+02    7.2080768758E-02
    2.9199900000E-03    6.2774386746E-01    2.0873877137E-01   -3.3571479772E+02    6.8781081256E-02
    2.9399900000E-03    1.0503180461E+00   -3.7219692688E-01   -3.3841185921E+02    4.0116725576E-02
    2.9599900000E-03    1.1842209884E+00    6.8264533559E-02   -3.4034421778E+02    2.2789441108E-02
    2.9799900000E-03    8.8567550226E-01   -1.0858742086E-01   -3.4283083773E+02    1.1619875711E-02
    2.9999900000E-03    1.2358999130E+00    7.5301893263E-02   -3.4510896004E+02    2.5591821337E-02
    3.0199900000E-03    8.2472506919E-01    3.8509579746E-01   -3.4717697429E+02    4.9005765149E-02
    3.0399900000E-03    8.0156445453E-01   -4.5477623832E-01   -3.5008867081E+02    6.8556103353E-02
    3.0599900000E-03    1.2628175679E+00    1.1601386102E-01   -3.5216108028E+02    6.9783151649E-02
    3.0799900000E-03    7.1424927811E-01    2.1789624868E-01   -3.5454711327E+02    6.0775449361E-02
    3.0999900000E-03    1.0992498924E+00   -1.9177267097E-01   -3.5713004089E+02    4.8254526555E-02
    3.1199900000E-03    1.1506637075E+00    9.0156394844E-02   -3.5902318708E+02    4.2406331381E-02
    3.1399900000E-03    7.4889922187E-01   -1.3582315929E-01   -3.6147825913E+02    4.7245776639E-02
    3.1599900000E-03    1.2432046449E+00   -1.5841962460E-01   -3.6393811371E+02    5.4892282826E-02
    3.1799900000E-03    8.5684882133E-01    4.8453299212E-01   -3.6594862076E+02    6.0070415472E-02
    3.1999900000E-03    7.4054067151E-01   -3.8763780783E-01   -3.6888733164E+02    5.3069627629E-02
    3.2199900000E-03    1.2497250245E+00   -6.7102535297E-02   -3.7101247075E+02    3.2517769002E-02
    3.2399900000E-03    8.5033827991E-01    1.9282968227E-01   -3.7327325044E+02    2.0576692826E-02
    3.2599900000E-03    1.1573625953E+00   -6.5129456202E-02   -3.7579534441E+02    2.8787919159E-02
    3.2799900000E-03    1.1047030225E+00    2.9092930443E-01   -3.7770726279E+02    4.2171227867E-02
    3.2999900000E-03    6.4812163293E-01   -1.1902244736E-01   -3.8026250913E+02    6.5490010071E-02
    3.3199900000E-03    1.2348126612E+00   -2.6960582484E-01   -3.8279517474E+02    7.0560534726E-02
    3.3399900000E-03    9.2389190357E-01    4.7537774168E-01   -3.8478362744E+02    6.7166803937E-02
    3.3599900000E-03    8.0142724386E-01   -2.6816262418E-01   -3.8764079037E+02    5.4629750986E-02
    3.3799900000E-03    1.2107847912E+00   -1.7307115521E-01   -3.8977514155E+02    3.1006948992E-02
    3.3999900000E-03    9.5633736454E-01    1.1390920523E-01   -3.9187265618E+02    1.9036794592E-02
    3.4199900000E-03    1.1021540109E+00   -2.6412695030E-01   -3.9450364761E+02    1.9825684998E-02
    3.4399900000E-03    1.1240337616E+00    4.0764875283E-01   -3.9643776407E+02    3.3684870838E-02
    3.4599900000E-03    5.6180625223E-01   -7.3956746684E-02   -3.9907852019E+02    6.6532813422E-02
    3.4799900000E-03    1.2115360357E+00   -3.4536611835E-01   -4.0165305312E+02    6.0236171500E-02
    3.4999900000E-03    9.8131271316E-01    4.2502366368E-01   -4.0362503302E+02    5.3219034968E-02
    3.5199900000E-03    9.1671109731E-01   -1.6086254425E-01   -4.0638316553E+02    5.0022803207E-02
    3.5399900000E-03    1.1938837810E+00    1.8545398387E-02   -4.0843883466E+02    3.9897852445E-02
    3.5599900000E-03    8.7897627490E-01    1.5516748007E-01   -4.1053312293E+02    5.2372829818E-02
    3.5799900000E-03    1.0092366820E+00   -4.3276761917E-01   -4.1329678244E+02    5.6440525814E-02
    3.5999900000E-03    1.1958993670E+00    3.7307353952E-01   -4.1524980981E+02    6.2592156780E-02
    3.6199900000E-03    5.6785217523E-01    3.3176949390E-02   -4.1787409177E+02    6.6476300737E-02
    3.6399900000E-03    1.1404579745E+00   -3.8682895971E-01   -4.2046116947E+02    3.2310613169E-02
    3.6599900000E-03    1.0888817184E+00    2.5461451554E-01   -4.2240391789E+02    1.7931061550E-02
    3.6799900000E-03    9.7433164911E-01   -1.3365591794E-01   -4.2503617288E+02    1.7208440728E-02
    3.6999900000E-03    1.2101974191E+00    1.9914679180E-01   -4.2711201381E+02    3.0512096285E-02
    3.7199900000E-03    7.6343137887E-01    2.5180940812E-01   -4.2928825898E+02    5.5916411437E-02
    3.7399900000E-03    9.5869018281E-01   -4.8352187581E-01   -4.3214645344E+02    6.7271307133E-02
    3.7599900000E-03    1.2194683179E+00    3.0278537338E-01   -4.3411105575E+02    6.9447698313E-02
    3.7799900000E-03    6.5841232650E-01    7.7321366312E-02   -4.3669045534E+02    6.4301664458E-02
    3.7999900000E-03    1.1234314512E+00   -2.6486598020E-01   -4.3918948251E+02    4.1953340236E-02
    3.8199900000E-03    1.1412525414E+00    8.0777611432E-02   -4.4109925885E+02    3.0382167253E-02
    3.8399900000E-03    8.4778025682E-01   -2.2675426553E-01   -4.4365586746E+02    2.3776352487E-02
    3.8599900000E-03    1.2528665814E+00    9.0165542069E-02   -4.4588493937E+02    3.5371406626E-02
    3.8799900000E-03    7.0561469892E-01    3.6758982492E-01   -4.4804829697E+02    5.5159706967E-02
    3.8999900000E-03    8.9222320938E-01   -4.9172331251E-01   -4.5098014668E+02    5.6377936757E-02
    3.9199900000E-03    1.2309399856E+00    1.8566726526E-01   -4.5296554357E+02    4.9572265993E-02
    3.9399900000E-03    7.6317545026E-01    9.8026371734E-02   -4.5546261466E+02    4.2908169868E-02
    3.9599900000E-03    1.1648111917E+00   -6.0134207348E-02   -4.5786744985E+02    3.9820313443E-02
    3.9799900000E-03    1.0757040798E+00    2.1746614426E-01   -4.5977198561E+02    4.8804425304E-02
    3.9999900000E-03    7.1980578576E-01   -2.5791094220E-01   -4.6240608050E+02    6.2397824536E-02
    4.0199900000E-03    1.2688228226E+00   -7.3144494042E-02   -4.6474071480E+02    7.1862140334E-02
    4.0399900000E-03    7.6790814568E-01    4.2928757983E-01   -4.6685564441E+02    6.9279919406E-02
    4.0599900000E-03    8.6457194583E-01   -3.9061499530E-01   -4.6975012204E+02    4.7334993563E-02
    4.0799900000E-03    1.2309333544E+00   -5.5887538631E-02   -4.7178852853E+02    2.4868250419E-02
    4.0999900000E-03    8.8540166385E-01    7.3898984032E-02   -4.7409477656E+02    1.1034552075E-02
    4.1199900000E-03    1.1951373177E+00   -5.8593386935E-02   -4.7655919064E+02    2.2604459558E-02
    4.1399900000E-03    1.0211254108E+00    3.8940410263E-01   -4.7850250233E+02    4.0675539963E-02
    4.1599900000E-03    6.3814746276E-01   -2.5546266645E-01   -4.8125344064E+02    6.9606616803E-02
    4.1799900000E-03    1.2652724564E+00   -1.6017284735E-01   -4.8361992272E+02    7.2746314020E-02
    4.1999900000E-03    8.3156883285E-01    4.1093027522E-01   -4.8571626169E+02    6.4621120219E-02
    4.2199900000E-03    9.5026723583E-01   -2.5309341758E-01   -4.8850302745E+02    5.2349644782E-02
    4.2399900000E-03    1.1962083372E+00   -4.7500250972E-02   -4.9050274148E+02    3.5714802825E-02
    4.2599900000E-03    8.5154291560E-01    5.2946441540E-02   -4.9269550506E+02    3.5382276221E-02
    4.2799900000E-03    1.1417949358E+00   -3.1446962854E-01   -4.9534398141E+02    3.7235202803E-02
    4.2999900000E-03    1.0665136404E+00    4.7103067938E-01   -4.9726539862E+02    4.6198714497E-02
    4.3199900000E-03    5.7713755011E-01   -1.8598113283E-01   -5.0006703885E+02    6.2031902842E-02
    4.3399900000E-03    1.2340811754E+00   -2.6457082588E-01   -5.0247085904E+02    4.0776989381E-02
    4.3599900000E-03    9.2769345426E-01    3.4423203141E-01   -5.0451694249E+02    3.0535531059E-02
    4.3799900000E-03    1.0470694980E+00   -1.3173384324E-01   -5.0720013208E+02    3.3636654058E-02
    4.3999900000E-03    1.1785651057E+00    1.7944027340E-01   -5.0916016680E+02    3.8771506310E-02
    4.4199900000E-03    7.4087311322E-01    1.0602856799E-01   -5.1142734686E+02    5.9615005649E-02
    4.4399900000E-03    1.1009208442E+00   -4.3199127493E-01   -5.1418065434E+02    6.5572767372E-02
    4.4599900000E-03    1.1268350035E+00    4.3952345152E-01   -5.1609996154E+02    6.7579326929E-02
    4.4799900000E-03    6.4069443930E-01   -8.8856159958E-02   -5.1885226376E+02    6.3122277326E-02
    4.4999900000E-03    1.1726751618E+00   -3.0132211652E-01   -5.2124568731E+02    3.2615885584E-02
    4.5199900000E-03    1.0678019773E+00    1.7449547982E-01   -5.2321596216E+02    1.7522927358E-02
    4.5399900000E-03    9.9481968302E-01   -2.3113594277E-01   -5.2584919636E+02    1.3857405198E-02
    4.5599900000E-03    1.2082753406E+00    2.7995337191E-01   -5.2788069434E+02    2.8516983685E-02
    4.5799900000E-03    6.3494173534E-01    1.7613926267E-01   -5.3022178963E+02    6.1236332194E-02
    4.5999900000E-03    1.0643920798E+00   -4.8195590767E-01   -5.3304571467E+02    6.5748980030E-02
    4.6199900000E-03    1.1535898861E+00    3.7514399979E-01   -5.3496719001E+02    6.3089019083E-02
    4.6399900000E-03    7.4767624724E-01   -3.8623255906E-02   -5.3765291805E+02    5.8070910869E-02
    4.6599900000E-03    1.1728762497E+00   -1.2013748550E-01   -5.3994680247E+02    4.2495014714E-02
    4.6799900000E-03    1.0519082611E+00    1.5573899261E-01   -5.4188020205E+02    4.4997256021E-02
    4.6999900000E-03    8.4498257205E-01   -3.5020018470E-01   -5.4456979297E+02    4.7121058573E-02
    4.7199900000E-03    1.2611443420E+00    1.6129609365E-01   -5.4669865341E+02    5.7062880337E-02
    4.7399900000E-03    6.1990852372E-01    2.8703101655E-01   -5.4900825663E+02    6.5324555994E-02
    4.7599900000E-03    9.9045607080E-01   -4.6915827300E-01   -5.5186040651E+02    4.1466812902E-02
    4.7799900000E-03    1.1898988097E+00    1.9353820645E-01   -5.5380204780E+02    2.7448346856E-02
    4.7999900000E-03    8.6179370196E-01   -8.4781214225E-03   -5.5634696913E+02    2.1787127937E-02
    4.8199900000E-03    1.2061150937E+00    6.4452694803E-02   -5.5860654132E+02    3.0795085484E-02
    4.8399900000E-03    9.5510306907E-01    3.1180601851E-01   -5.6059610504E+02    4.9459522716E-02
    4.8599900000E-03    7.6302648504E-01   -3.8098716169E-01   -5.6339461060E+02    6.7347957787E-02
    4.8799900000E-03    1.2731787768E+00    5.8760737957E-02   -5.6556452130E+02    7.5043155179E-02
    4.8999900000E-03    6.9580668839E-01    3.1516698605E-01   -5.6784225887E+02    6.8268008896E-02
    4.9199900000E-03    9.9637771613E-01   -3.4112377345E-01   -5.7060565557E+02    4.5931907008E-02
    4.9399900000E-03    1.2038537383E+00   -2.3902693235E-02   -5.7256384855E+02    2.7919491001E-02
    4.9599900000E-03    8.5850999650E-01   -4.7380722793E-02   -5.7492005574E+02    1.6419644824E-02
    4.9799900000E-03    1.2218031660E+00   -7.8830224711E-02   -5.7735725889E+02    2.6135029128E-02
    4.9999900000E-03    9.1211267217E-01    4.4835981178E-01   -5.7934312718E+02    4.3781199103E-02
    5.0199900000E-03    6.9108518199E-01   -3.7621398213E-01   -5.8224078033E+02    6.6596620898E-02
    5.0399900000E-03    1.2696874513E+00   -4.1375595366E-02   -5.8443702891E+02    6.4143037673E-02
    5.0599900000E-03    7.7892205325E-01    3.0274853826E-01   -5.8667390537E+02    5.3700250194E-02
    5.0799900000E-03    1.0763415374E+00   -1.6753213678E-01   -5.8932431379E+02    4.7691116846E-02
    5.0999900000E-03    1.1617997318E+00    1.0798362986E-01   -5.9123262397E+02    4.3577235379E-02
    5.1199900000E-03    7.3449136490E-01   -3.9661547118E-02   -5.9359988539E+02    5.5290825708E-02
    5.1399900000E-03    1.2035888432E+00   -2.9437031211E-01   -5.9619809315E+02    6.0840174162E-02
    5.1599900000E-03    9.7657735965E-01    5.0144948040E-01   -5.9814433041E+02    6.3694224165E-02
    5.1799900000E-03    6.7150719358E-01   -2.7489161384E-01   -6.0103342339E+02    5.7088974991E-02
    5.1999900000E-03    1.2345818424E+00   -2.0631945934E-01   -6.0327943288E+02    2.8072986799E-02
    5.2199900000E-03    9.2751456224E-01    2.2772862648E-01   -6.0539766833E+02    1.4358130531E-02
    5.2399900000E-03    1.1198553606E+00   -1.2707087185E-01   -6.0799647624E+02    2.2205203940E-02
    5.2599900000E-03    1.1397258097E+00    3.1068440164E-01   -6.0993031118E+02    3.7142375313E-02
    5.2799900000E-03    6.3313710337E-01   -6.8694300285E-03   -6.1240394917E+02    6.4892287365E-02
    5.2999900000E-03    1.1855061935E+00   -3.7450595744E-01   -6.1506453100E+02    6.8646375406E-02
    5.3199900000E-03    1.0253225378E+00    4.6601423154E-01   -6.1700269724E+02    6.5890801452E-02
    5.3399900000E-03    7.6829391443E-01   -1.8150438810E-01   -6.1981234859E+02    5.7818003899E-02
    5.3599900000E-03    1.1919889160E+00   -1.8348526586E-01   -6.2201512875E+02    3.5720508545E-02
    5.3799900000E-03    1.0080253212E+00    1.2770428790E-01   -6.2402659561E+02    2.7774161745E-02
    5.3999900000E-03    1.0082547053E+00   -3.3425529217E-01   -6.2670728475E+02    2.4653809298E-02
    5.4199900000E-03    1.1937078847E+00    3.4900257998E-01   -6.2868534200E+02    3.5847116199E-02
    5.4399900000E-03    5.5310728593E-01    6.6686868108E-02   -6.3120766654E+02    6.3735800433E-02
    5.4599900000E-03    1.1428472513E+00   -4.2961185753E-01   -6.3391380907E+02    5.0975750967E-02
    5.4799900000E-03    1.0745850031E+00    3.8182800209E-01   -6.3584364628E+02    4.3410767672E-02
    5.4999900000E-03    8.8350828474E-01   -1.0574678194E-01   -6.3855612126E+02    4.2423995978E-02
    5.5199900000E-03    1.1952308471E+00    4.8458995111E-02   -6.4067550120E+02    3.7963263138E-02
    5.5399900000E-03    9.1182177691E-01    2.1384992793E-01   -6.4271965740E+02    5.4111310250E-02
    5.5599900000E-03    9.1369901497E-01   -4.3974634523E-01   -6.4551136150E+02    6.2443330698E-02
    5.5799900000E-03    1.2427841663E+00    2.6917133984E-01   -6.4752749480E+02    6.9325183836E-02
    5.5999900000E-03    5.9592264520E-01    1.5623401607E-01   -6.5001938824E+02    6.9106434509E-02
    5.6199900000E-03    1.0759469404E+00   -3.9691457907E-01   -6.5269845622E+02    3.6288357163E-02
    5.6399900000E-03    1.1588786445E+00    1.5090931271E-01   -6.5462953961E+02    1.9692270134E-02
    5.6599900000E-03    9.1844895461E-01   -1.1638753002E-01   -6.5718698460E+02    1.2070642799E-02
    5.6799900000E-03    1.2285847843E+00    1.4277983835E-01   -6.5937740734E+02    2.6485579184E-02
    5.6999900000E-03    8.0325755938E-01    3.3354772163E-01   -6.6148559056E+02    5.1989958941E-02
    5.7199900000E-03    8.6018483861E-01   -4.7261599751E-01   -6.6437984683E+02    6.8843467283E-02
    5.7399900000E-03    1.2524209553E+00    1.9240496104E-01   -6.6640829199E+02    7.1285925636E-02
    5.7599900000E-03    6.8320612516E-01    1.7200919071E-01   -6.6886792292E+02    6.3918915791E-02
    5.7799900000E-03    1.1019729477E+00   -2.3139454143E-01   -6.7143271996E+02    4.6235124203E-02
    5.7999900000E-03    1.1532467354E+00    6.8789298984E-02   -6.7333231159E+02    3.6792899954E-02
    5.8199900000E-03    7.8607546186E-01   -1.7335942819E-01   -6.7582199953E+02    3.5389370812E-02
    5.8399900000E-03    1.2516764716E+00   -5.8389871005E-02   -6.7819299649E+02    4.4628646188E-02
    5.8599900000E-03    7.9224300688E-01    4.4930615361E-01   -6.8025585197E+02    5.5189277709E-02
    5.8799900000E-03    7.9196572332E-01   -4.4362980314E-01   -6.8320639335E+02    5.3234047390E-02
    5.8999900000E-03    1.2497594843E+00    4.2630294908E-02   -6.8527019945E+02    4.0303274634E-02
    5.9199900000E-03    8.0052103208E-01    1.6632311220E-01   -6.8763212025E+02    3.0728785010E-02
    5.9399900000E-03    1.1601081510E+00   -5.5795317499E-02   -6.9011264867E+02    3.4414696263E-02
    5.9599900000E-03    1.0944772875E+00    2.5243613827E-01   -6.9201737517E+02    4.5684940322E-02
    5.9799900000E-03    6.7509392880E-01   -1.7657077599E-01   -6.9459959362E+02    6.4900537755E-02
    5.9999900000E-03    1.2532206559E+00   -1.9491257062E-01   -6.9705674509E+02    7.1969508433E-02
    6.0199900000E-03    8.6067772573E-01    4.6853045367E-01   -6.9908843305E+02    6.8804200831E-02
    6.0399900000E-03    8.1537091733E-01   -3.2469012253E-01   -7.0197322821E+02    5.2225526045E-02
    6.0599900000E-03    1.2247757114E+00   -1.4615426074E-01   -7.0407534787E+02    2.7374597742E-02
    6.0799900000E-03    9.2258241556E-01    1.0581182675E-01   -7.0625436833E+02    1.3094814199E-02
    6.0999900000E-03    1.1546043543E+00   -1.7345835084E-01   -7.0882343776E+02    1.9689749859E-02
    6.1199900000E-03    1.0752503689E+00    4.0901218719E-01   -7.1075470016E+02    3.5960497364E-02
    6.1399900000E-03    5.8874420036E-01   -1.5837013994E-01   -7.1344837735E+02    6.9364321014E-02
    6.1599900000E-03    1.2426096174E+00   -2.7169612498E-01   -7.1593637062E+02    6.8286242238E-02
    6.1799900000E-03    9.1504500757E-01    4.3382658229E-01   -7.1795488924E+02    6.1010461481E-02
    6.1999900000E-03    9.2743487982E-01   -2.0278181079E-01   -7.2073590423E+02    5.3839771331E-02
    6.2199900000E-03    1.1936688880E+00   -2.3012251931E-02   -7.2276782553E+02    3.9311114370E-02
    6.2399900000E-03    8.6825322028E-01    1.0882085319E-01   -7.2489729585E+02    4.6704094084E-02
    6.2599900000E-03    1.0726454127E+00   -3.9550982694E-01   -7.2762057692E+02    4.8548807066E-02
    6.2799900000E-03    1.1461047197E+00    4.3027659994E-01   -7.2955033829E+02    5.5326150076E-02
    6.2999900000E-03    5.5829447811E-01   -6.2816932079E-02   -7.3226140022E+02    6.4365953581E-02
    6.3199900000E-03    1.1887361491E+00   -3.5096541822E-01   -7.3477635443E+02    3.3651071789E-02
    6.3399900000E-03    1.0182315856E+00    3.1525478939E-01   -7.3675342975E+02    2.1499858851E-02
    6.3599900000E-03    1.0148276617E+00   -1.2964828306E-01   -7.3942176338E+02    2.4818144041E-02
    6.3799900000E-03    1.1928521324E+00    2.0332910574E-01   -7.4143475769E+02    3.4908699067E-02
    6.3999900000E-03    7.5114543297E-01    1.8478524498E-01   -7.4365440933E+02    5.8240408824E-02
    6.4199900000E-03    1.0278888890E+00   -4.6997376233E-01   -7.4647060830E+02    6.6528110800E-02
    6.4399900000E-03    1.1833080878E+00    3.7374327453E-01   -7.4840723348E+02    6.8685694972E-02
    6.4599900000E-03    6.4572650190E-01    2.5986339732E-03   -7.5107155771E+02    6.4373060864E-02
    6.4799900000E-03    1.1421342149E+00   -2.9239434785E-01   -7.5352580092E+02    3.8430431876E-02
    6.4999900000E-03    1.1197552289E+00    1.1433064416E-01   -7.5545681790E+02    2.4522553460E-02
    6.5199900000E-03    9.1413442271E-01   -2.4388364453E-01   -7.5805724729E+02    1.6579420987E-02
    6.5399900000E-03    1.2389886381E+00    1.9838670866E-01   -7.6018314919E+02    2.9685100648E-02
    6.5599900000E-03    6.5983861076E-01    2.8002182918E-01   -7.6243614405E+02    5.7444819011E-02
    6.5799900000E-03    9.7731746389E-01   -5.0189632976E-01   -7.6532817911E+02    6.1379657573E-02
    6.5999900000E-03    1.2011771196E+00    2.8789898080E-01   -7.6727347986E+02    5.7371939411E-02
    6.6199900000E-03    7.4935691443E-01    3.4318464607E-02   -7.6987071208E+02    5.2096670630E-02
    6.6399900000E-03    1.1677458645E+00   -8.0565448921E-02   -7.7221888585E+02    4.2684097775E-02
    6.6599900000E-03    1.0624616272E+00    1.8746814197E-01   -7.7413425867E+02    4.9471505213E-02
    6.6799900000E-03    7.7301291365E-01   -3.1425660291E-01   -7.7680443149E+02    5.7588731444E-02
    6.6999900000E-03    1.2713766165E+00    4.0427972270E-02   -7.7903641553E+02    6.7989728558E-02
    6.7199900000E-03    6.9061482405E-01    3.7153477735E-01   -7.8124263719E+02    6.8378863601E-02
    6.7399900000E-03    9.2056943139E-01   -4.3670483150E-01   -7.8412740736E+02    4.3425021383E-02
    6.7599900000E-03    1.2206458771E+00    5.7940825074E-02   -7.8611383410E+02    2.4675871383E-02
    6.7799900000E-03    8.6932523515E-01    3.5048759224E-02   -7.8854012016E+02    1.3946097589E-02
    6.7999900000E-03    1.2087017510E+00    2.4005306577E-02   -7.9090020912E+02    2.6505582419E-02
    6.8199900000E-03    9.8095958204E-01    3.5836226060E-01   -7.9286801504E+02    4.5431468275E-02
    6.8399900000E-03    6.9591502950E-01   -3.2822085144E-01   -7.9565561647E+02    6.9026142095E-02
    6.8599900000E-03    1.2737186399E+00   -5.0723752667E-02   -7.9791828814E+02    7.5133406572E-02
    6.8799900000E-03    7.6006790194E-01    3.6866780234E-01   -8.0010390243E+02    6.6756492925E-02
    6.8999900000E-03    9.7511329718E-01   -2.9520617400E-01   -8.0288192256E+02    4.9764730095E-02
    6.9199900000E-03    1.2002229113E+00   -4.7402236513E-02   -8.0485802939E+02    3.2250230343E-02
    6.9399900000E-03    8.4446944174E-01   -1.9705385078E-03   -8.0712816093E+02    2.5801170112E-02
    6.9599900000E-03    1.1918186929E+00   -2.1044903210E-01   -8.0968303224E+02    3.0811018837E-02
    6.9799900000E-03    9.8298541376E-01    4.7831157234E-01   -8.1162634487E+02    4.3368078978E-02
    6.9999900000E-03    6.2469462076E-01   -2.9501075606E-01   -8.1449552989E+02    6.3179647601E-02
    7.0199900000E-03    1.2593671712E+00   -1.5642801062E-01   -8.1678808691E+02    5.1818619444E-02
    7.0399900000E-03    8.4721749242E-01    3.3191436566E-01   -8.1892833459E+02    4.1651488370E-02
    7.0599900000E-03    1.0702898028E+00   -1.3977723459E-01   -8.2159790885E+02    4.1397832357E-02
    7.0799900000E-03    1.1669059673E+00    1.5170894260E-01   -8.2352481995E+02    4.2363597594E-02
    7.0999900000E-03    7.2810458535E-01    2.6819470268E-02   -8.2585133605E+02    5.9729652774E-02
    7.1199900000E-03    1.1632187232E+00   -3.7138174881E-01   -8.2853091227E+02    6.5029856541E-02
    7.1399900000E-03    1.0520608120E+00    4.8411787879E-01   -8.3045628385E+02    6.6782922416E-02
    7.1599900000E-03    6.5479126819E-01   -1.8703454323E-01   -8.3328903479E+02    6.0513995992E-02
    7.1799900000E-03    1.2073151055E+00   -2.6950477364E-01   -8.3560473236E+02    2.8574970829E-02
    7.1999900000E-03    9.9780112914E-01    2.0971733902E-01   -8.3764160955E+02    1.3659366543E-02
    7.2199900000E-03    1.0687397972E+00   -1.9308025254E-01   -8.4027422525E+02    1.6465623151E-02
    7.2399900000E-03    1.1694603626E+00    3.1922657939E-01   -8.4224363792E+02    3.1840161584E-02
    7.2599900000E-03    6.2126285310E-01    7.0250781949E-02   -8.4467354412E+02    6.4315094452E-02
    7.2799900000E-03    1.1409144080E+00   -4.3180599678E-01   -8.4741082629E+02    6.7633814947E-02
    7.2999900000E-03    1.0851199825E+00    4.3556621684E-01   -8.4933411770E+02    6.4718070865E-02
    7.3199900000E-03    7.6691406956E-01   -1.1863285179E-01   -8.5209459138E+02    5.8783616767E-02
    7.3399900000E-03    1.1833143365E+00   -1.4673254456E-01   -8.5432627949E+02    3.9329013833E-02
    7.3599900000E-03    1.0245026636E+00    1.3970882884E-01   -8.5629990648E+02    3.7625929800E-02
    7.3799900000E-03    9.3186853393E-01   -3.6616086739E-01   -8.5900439712E+02    3.6076005897E-02
    7.3999900000E-03    1.2326442555E+00    2.7862628082E-01   -8.6103755814E+02    4.5609239876E-02
    7.4199900000E-03    5.6706641595E-01    1.6579188522E-01   -8.6347735594E+02    6.3407500571E-02
    7.4399900000E-03    1.0802547429E+00   -4.5979813512E-01   -8.6625216575E+02    4.2490432378E-02
    7.4599900000E-03    1.1310228165E+00    3.0732555704E-01   -8.6817564289E+02    3.2202185687E-02
    7.4799900000E-03    8.7991629278E-01   -6.6454732503E-02   -8.7082436948E+02    3.0827077510E-02
    7.4999900000E-03    1.2008281599E+00    8.0389770211E-02   -8.7299026372E+02    3.4498271564E-02
    7.5199900000E-03    9.1656333310E-01    2.6333414832E-01   -8.7502073166E+02    5.3051340322E-02
    7.5399900000E-03    8.5089578379E-01   -4.3046371758E-01   -8.7783181649E+02    6.5929757386E-02
    7.5599900000E-03    1.2604546215E+00    1.8867263867E-01   -8.7990029767E+02    7.3061886092E-02
    7.5799900000E-03    6.3377932739E-01    2.2238458821E-01   -8.8231102316E+02    6.9227015307E-02
    7.5999900000E-03    1.0439617237E+00   -3.6979673156E-01   -8.8501906472E+02    4.1092973335E-02
    7.6199900000E-03    1.1877672363E+00    5.5829405821E-02   -8.8695564664E+02    2.3580171156E-02
    7.6399900000E-03    8.8196177030E-01   -1.0424521149E-01   -8.8943114090E+02    1.2065276617E-02
    7.6599900000E-03    1.2361264308E+00    6.3010833844E-02   -8.9172622860E+02    2.5860744029E-02
    7.6799900000E-03    8.2950216915E-01    3.9241518210E-01   -8.9378948942E+02    4.8908025731E-02
    7.6999900000E-03    7.9278166339E-01   -4.5153897378E-01   -8.9670498855E+02    6.8924268027E-02
    7.7199900000E-03    1.2640041637E+00    1.0563480665E-01   -8.9878663364E+02    6.9967057226E-02
    7.7399900000E-03    7.1844211530E-01    2.2313161598E-01   -9.0116573497E+02    6.0687211349E-02
    7.7599900000E-03    1.0998221281E+00   -1.8572658737E-01   -9.0375189141E+02    4.8821450459E-02
    7.7799900000E-03    1.1495395878E+00    9.4616617060E-02   -9.0564718806E+02    4.3520435159E-02
    7.7999900000E-03    7.4429164523E-01   -1.3418599673E-01   -9.0810393493E+02    4.9231509694E-02
    7.8199900000E-03    1.2430080083E+00   -1.6653955119E-01   -9.1057251300E+02    5.6868982852E-02
    7.8399900000E-03    8.6008351156E-01    4.8661519394E-01   -9.1258313633E+02    6.1423063410E-02
    7.8599900000E-03    7.4038022842E-01   -3.8331604758E-01   -9.1552241018E+02    5.3195393611E-02
    7.8799900000E-03    1.2487950723E+00   -7.5162655709E-02   -9.1765180093E+02    3.1712056308E-02
    7.8999900000E-03    8.5641141505E-01    1.8918755053E-01   -9.1990974104E+02    1.9477038477E-02
    7.9199900000E-03    1.1595191082E+00   -6.4148303017E-02   -9.2243215458E+02    2.8282116178E-02
    7.9399900000E-03    1.1015682002E+00    2.9926156010E-01   -9.2434847174E+02    4.2240919287E-02
    7.9599900000E-03    6.4424755752E-01   -1.2374911135E-01   -9.2691573943E+02    6.6213691831E-02
    7.9799900000E-03    1.2365901127E+00   -2.6732797569E-01   -9.2944559444E+02    7.1215933146E-02
    7.9999900000E-03    9.1981731087E-01    4.7320988203E-01   -9.3143995322E+02    6.7481066598E-02
    8.0199900000E-03    8.1099754440E-01   -2.6744454072E-01   -9.3429579237E+02    5.4837185118E-02
    8.0399900000E-03    1.2096767934E+00   -1.6650029248E-01   -9.3642359869E+02    3.1694455116E-02
    8.0599900000E-03    9.5245238864E-01    1.0807412226E-01   -9.3852577300E+02    2.0368731610E-02
    8.0799900000E-03    1.1033609561E+00   -2.7148335807E-01   -9.4116148663E+02    2.0980810322E-02
    8.0999900000E-03    1.1205257208E+00    4.1456722636E-01   -9.4309626947E+02    3.4575249953E-02
    8.1199900000E-03    5.5905834971E-01   -8.4461877885E-02   -9.4575514548E+02    6.6817087926E-02
    8.1399900000E-03    1.2152546790E+00   -3.3831845661E-01   -9.4831729644E+02    5.9400367666E-02
    8.1599900000E-03    9.7358977041E-01    4.2051355664E-01   -9.5029801784E+02    5.2028484581E-02
    8.1799900000E-03    9.3213439262E-01   -1.5927425969E-01   -9.5305316108E+02    4.9327400909E-02
    8.1999900000E-03    1.1931517160E+00    3.6428829256E-02   -9.5509711643E+02    4.0477908727E-02
    8.2199900000E-03    8.6239635337E-01    1.5191009369E-01   -9.5721102610E+02    5.4153534888E-02
    8.2399900000E-03    1.0207524394E+00   -4.3636621903E-01   -9.5997858751E+02    5.8737625338E-02
    8.2599900000E-03    1.1887839247E+00    3.8478868592E-01   -9.6192697609E+02    6.4473286329E-02
    8.2799900000E-03    5.7255179244E-01    1.5446664703E-02   -9.6457469717E+02    6.6928158839E-02
    8.2999900000E-03    1.1468027933E+00   -3.7701721420E-01   -9.6713806917E+02    3.2127769559E-02
    8.3199900000E-03    1.0837016414E+00    2.4686861003E-01   -9.6908793502E+02    1.7367260240E-02
    8.3399900000E-03    9.8279698070E-01   -1.4448037325E-01   -9.7172157427E+02    1.6477322107E-02
    8.3599900000E-03    1.2094309696E+00    2.1409059065E-01   -9.7378931502E+02    3.0446892748E-02
    8.3799900000E-03    7.4163795264E-01    2.4015227878E-01   -9.7599307082E+02    5.7101969009E-02
    8.3999900000E-03    9.7946633256E-01   -4.8658652871E-01   -9.7885102039E+02    6.7778312708E-02
    8.4199900000E-03    1.2089073041E+00    3.2204886017E-01   -9.8080572834E+02    6.9253811334E-02
    8.4399900000E-03    6.6742535374E-01    5.2061661895E-02   -9.8341408447E+02    6.3953120834E-02
    8.4599900000E-03    1.1341028271E+00   -2.4729687579E-01   -9.8587933839E+02    4.2148934945E-02
    8.4799900000E-03    1.1294356561E+00    9.0742964392E-02   -9.8779228590E+02    3.1857840944E-02
    8.4999900000E-03    8.4885853215E-01   -2.4999139026E-01   -9.9037451118E+02    2.6273860104E-02
    8.5199900000E-03    1.2543290173E+00    1.0973178665E-01   -9.9258157691E+02    3.7650486456E-02
    8.5399900000E-03    6.8104814314E-01    3.4929556101E-01   -9.9477752019E+02    5.6897584091E-02
    8.5599900000E-03    9.1899089427E-01   -4.9461247143E-01   -9.9770150059E+02    5.4027415884E-02
    8.5799900000E-03    1.2204235432E+00    2.0575327793E-01   -9.9967269887E+02    4.6220484748E-02
    8.5999900000E-03    7.7640425348E-01    6.9897314298E-02   -1.0021987334E+03    4.0294367294E-02
    8.6199900000E-03    1.1741010865E+00   -3.6751699895E-02   -1.0045667300E+03    3.8468892690E-02
    8.6399900000E-03    1.0548053509E+00    2.3401252103E-01   -1.0064861214E+03    4.9610605513E-02
    8.6599900000E-03    7.3002897469E-01   -2.9100286012E-01   -1.0091608031E+03    6.3802546552E-02
    8.6799900000E-03    1.2722959832E+00   -3.3513179142E-02   -1.0114522759E+03    7.3544527049E-02
    8.6999900000E-03    7.3934515295E-01    4.0355202642E-01   -1.0136099577E+03    7.0030946202E-02
    8.7199900000E-03    8.9831664934E-01   -3.9331283116E-01   -1.0164866075E+03    4.6269366771E-02
    8.7399900000E-03    1.2259861039E+00   -3.7400589629E-02   -1.0185031105E+03    2.4640819183E-02
    8.7599900000E-03    8.8449596428E-01    4.2520894921E-02   -1.0208385104E+03    1.1061624828E-02
    8.7799900000E-03    1.2048385316E+00   -4.4039552709E-02   -1.0232805985E+03    2.2962324964E-02
    8.7999900000E-03    9.9075003864E-01    4.0054161327E-01   -1.0252392084E+03    4.1799246394E-02
    8.8199900000E-03    6.5549595123E-01   -2.9910501863E-01   -1.0280367821E+03    7.0287378473E-02
    8.8399900000E-03    1.2705686205E+00   -1.1287849882E-01   -1.0303468012E+03    7.3465736665E-02
    8.8599900000E-03    8.0118847519E-01    3.8314331899E-01   -1.0324917376E+03    6.4338363225E-02
    8.8799900000E-03    9.8619008341E-01   -2.4666797487E-01   -1.0352528818E+03    5.1874364376E-02
    8.8999900000E-03    1.1907277793E+00   -1.6547131979E-02   -1.0372239419E+03    3.7094038074E-02
    8.9199900000E-03    8.2037422193E-01    2.3179300845E-02   -1.0394666850E+03    3.8655610740E-02
    8.9399900000E-03    1.1667153075E+00   -2.9736665818E-01   -1.0420948999E+03    4.1633983612E-02
    8.9599900000E-03    1.0294884876E+00    4.8678329664E-01   -1.0440236254E+03    4.9822686333E-02
    8.9799900000E-03    6.0098534528E-01   -2.3508613614E-01   -1.0468722036E+03    6.0860401557E-02
    8.9999900000E-03    1.2423778044E+00   -2.2519929624E-01   -1.0492135683E+03    3.8571889583E-02
    9.0199900000E-03    9.0428411047E-01    3.1719414451E-01   -1.0513016067E+03    2.7665979670E-02
    9.0399900000E-03    1.0783016277E+00   -1.2132656237E-01   -1.0539590671E+03    3.2051323499E-02
    9.0599900000E-03    1.1671297451E+00    2.1016570245E-01   -1.0559009253E+03    3.9678491925E-02
    9.0799900000E-03    7.0722890490E-01    6.2221975682E-02   -1.0582341013E+03    6.1405773657E-02
    9.0999900000E-03    1.1399981626E+00   -4.0782807097E-01   -1.0609550487E+03    6.6991808254E-02
    9.1199900000E-03    1.0847783038E+00    4.6306648621E-01   -1.0628770304E+03    6.7699685527E-02
    9.1399900000E-03    6.7200670280E-01   -1.4138026584E-01   -1.0656735444E+03    6.1371454640E-02
    9.1599900000E-03    1.1866606930E+00   -2.7192945710E-01   -1.0680004374E+03    3.2458641865E-02
    9.1799900000E-03    1.0430943536E+00    1.6501287786E-01   -1.0699961158E+03    1.7853941056E-02
    9.1999900000E-03    1.0187724286E+00   -2.5076340999E-01   -1.0726389708E+03    1.5151560446E-02
    9.2199900000E-03    1.1943619212E+00    3.1564793333E-01   -1.0746405466E+03    2.9675238629E-02
    9.2399900000E-03    6.0231683695E-01    1.1681687686E-01   -1.0770583395E+03    6.3689895366E-02
    9.2599900000E-03    1.1121127623E+00   -4.5912059024E-01   -1.0798353455E+03    6.4856367509E-02
    9.2799900000E-03    1.1125875702E+00    4.0430731892E-01   -1.0817567968E+03    6.0897415647E-02
    9.2999900000E-03    7.8747223188E-01   -8.4363522453E-02   -1.0844812614E+03    5.6335817127E-02
    9.3199900000E-03    1.1837420604E+00   -8.1584388402E-02   -1.0867052039E+03    4.1821140779E-02
    9.3399900000E-03    1.0087813109E+00    1.6926359814E-01   -1.0886741743E+03    4.7890774022E-02
    9.3599900000E-03    8.8357686945E-01   -3.8894028882E-01   -1.0914045780E+03    5.0855202653E-02
    9.3799900000E-03    1.2521228454E+00    2.2721571633E-01   -1.0934734081E+03    5.9869155224E-02
    9.3999900000E-03    5.8826248400E-01    2.1827969923E-01   -1.0958759080E+03    6.7178211449E-02
    9.4199900000E-03    1.0421239781E+00   -4.5330070731E-01   -1.0986655143E+03    3.8439256371E-02
    9.4399900000E-03    1.1630729914E+00    2.2110564031E-01   -1.1005973443E+03    2.4156536598E-02
    9.4599900000E-03    8.9596331962E-01   -5.3073820654E-02   -1.1031801201E+03    1.9980339478E-02
    9.4799900000E-03    1.2123896469E+00    1.0700964622E-01   -1.1053800596E+03    3.0642714219E-02
    9.4999900000E-03    8.9596308905E-01    3.1023823828E-01   -1.1074207925E+03    5.1435189771E-02
    9.5199900000E-03    8.1757122557E-01   -4.2991028282E-01   -1.1102619291E+03    6.7983996552E-02
    9.5399900000E-03    1.2654935740E+00    1.4364006317E-01   -1.1123532930E+03    7.4195046030E-02
    9.5599900000E-03    6.6532389152E-01    2.4238713779E-01   -1.1147332545E+03    6.7739987551E-02
    9.5799900000E-03    1.0460155906E+00   -3.2225203451E-01   -1.1174227620E+03    4.4820785771E-02
    9.5999900000E-03    1.1882579315E+00    1.3069229392E-02   -1.1193558403E+03    2.8786377187E-02
    9.6199900000E-03    8.4499889913E-01   -1.0739241019E-01   -1.1217803925E+03    1.8730403347E-02
    9.6399900000E-03    1.2376931400E+00   -2.8446483322E-02   -1.1241568192E+03    2.9582608160E-02
    9.6599900000E-03    8.4042713657E-01    4.3823954588E-01   -1.1261914656E+03    4.8003091505E-02
    9.6799900000E-03    7.5428938563E-01   -4.3382340657E-01   -1.1291268666E+03    6.4426167918E-02
    9.6999900000E-03    1.2641307270E+00    4.5084043143E-02   -1.1312364888E+03    6.0773334963E-02
    9.7199900000E-03    7.5588819316E-01    2.3343506340E-01   -1.1335719937E+03    5.0829210572E-02
    9.7399900000E-03    1.1156648866E+00   -1.3265392485E-01   -1.1361437863E+03    4.5675549365E-02
    9.7599900000E-03    1.1373414047E+00    1.5203675097E-01   -1.1380381534E+03    4.6460655175E-02
    9.7799899999E-03    7.1009268526E-01   -1.1844521394E-01   -1.1405081704E+03    5.9196733885E-02
    9.7999899999E-03    1.2375929138E+00   -2.2443412491E-01   -1.1430231315E+03    6.6332359780E-02
    9.8199899999E-03    8.9676825613E-01    4.9408071511E-01   -1.1450162760E+03    6.7186983412E-02
    9.8399899999E-03    7.3945533479E-01   -3.3491689640E-01   -1.1479331030E+03    5.3854474061E-02
    9.8599899999E-03    1.2384291362E+00   -1.4844513582E-01   -1.1500917740E+03    2.7007170284E-02
    9.8799899999E-03    9.0566524170E-01    1.7292576122E-01   -1.1522832365E+03    1.2784614094E-02
    9.8999899999E-03    1.1536221893E+00   -1.0755858731E-01   -1.1548374953E+03    2.2204315647E-02
    9.9199899999E-03    1.1011343275E+00    3.4738029454E-01   -1.1567660747E+03    3.8445286292E-02
    9.9399899999E-03    6.1537543810E-01   -1.0624278445E-01   -1.1593577593E+03    6.7691537716E-02
    9.9599899999E-03    1.2292325577E+00   -2.9920204798E-01   -1.1619121905E+03    7.0691932153E-02
    9.9799899999E-03    9.4335640108E-01    4.6333333366E-01   -1.1638983772E+03    6.5820683006E-02
    9.9999899999E-03    8.4127868827E-01   -2.2927287501E-01   -1.1667236767E+03    5.5597696181E-02
    1.0019990000E-02    1.1994155725E+00   -1.2932165908E-01   -1.1688359441E+03    3.5279935150E-02
    1.0039990000E-02    9.4361011763E-01    1.1000874696E-01   -1.1709149328E+03    3.0297452427E-02
    1.0059990000E-02    1.0655233542E+00   -3.4150813263E-01   -1.1736008235E+03    2.9364288694E-02
    1.0079990000E-02    1.1494302523E+00    4.1021628081E-01   -1.1755417423E+03    3.9740452075E-02
    1.0099990000E-02    5.4488589600E-01   -4.4929061106E-02   -1.1781970492E+03    6.4183427989E-02
    1.0119990000E-02    1.1943879548E+00   -3.6414671895E-01   -1.1807782348E+03    4.6661339817E-02
    1.0139990000E-02    1.0050275858E+00    3.8357681551E-01   -1.1827470174E+03    3.7896614158E-02
    1.0159990000E-02    9.6037793602E-01   -1.3296896669E-01   -1.1854681794E+03    3.8591807519E-02
    1.0179990000E-02    1.1935436816E+00    1.0787313187E-01   -1.1875061091E+03    3.7973132999E-02
    1.0199990000E-02    8.3041567899E-01    1.8107663308E-01   -1.1896446874E+03    5.6687588491E-02
    1.0219990000E-02    1.0018874953E+00   -4.5604175368E-01   -1.1924422154E+03    6.4006569415E-02
    1.0239990000E-02    1.2006608755E+00    3.6220157045E-01   -1.1943968835E+03    6.8686474686E-02
    1.0259990000E-02    5.9805984683E-01    3.7741942012E-02   -1.1970275873E+03    6.7258021629E-02
    1.0279990000E-02    1.1302898239E+00   -3.5760320368E-01   -1.1995763692E+03    3.4167993730E-02
    1.0299990000E-02    1.1166536592E+00    1.7557106691E-01   -1.2015179471E+03    1.8216355673E-02
    1.0319990000E-02    9.5298193614E-01   -1.7811802887E-01   -1.2041235756E+03    1.2559096434E-02
    1.0339990000E-02    1.2241115580E+00    2.1057118124E-01   -1.2062328503E+03    2.7285882225E-02
    1.0359990000E-02    7.1343082222E-01    2.6986071808E-01   -1.2084480411E+03    5.6695073436E-02
    1.0379990000E-02    9.6450553045E-01   -4.9666281676E-01   -1.2113320103E+03    6.7745694867E-02
    1.0399990000E-02    1.2132578950E+00    2.9875721422E-01   -1.2132902575E+03    6.7555591828E-02
    1.0419990000E-02    6.9705778246E-01    5.9598540075E-02   -1.2158828433E+03    6.1577181903E-02
    1.0439990000E-02    1.1441108567E+00   -1.8256000296E-01   -1.2183141674E+03    4.4411140039E-02
    1.0459990000E-02    1.1106640271E+00    1.1702690445E-01   -1.2202189933E+03    4.0332265680E-02
    1.0479990000E-02    8.0341739968E-01   -2.7031128669E-01   -1.2228231978E+03    4.0592449562E-02
    1.0499990000E-02    1.2633326460E+00    5.6524879081E-02   -1.2250670783E+03    5.1106377556E-02
    1.0519990000E-02    6.9035539430E-01    3.7744164903E-01   -1.2272498365E+03    6.0899042444E-02
    1.0539990000E-02    9.0162226072E-01   -4.7553691534E-01   -1.2301744025E+03    4.7141102975E-02
    1.0559990000E-02    1.2232298278E+00    1.3988439100E-01   -1.2321586461E+03    3.3896383076E-02
    1.0579990000E-02    8.1897792348E-01    6.7585299965E-02   -1.2346378712E+03    2.6560830414E-02
    1.0599990000E-02    1.1891937452E+00    5.1650886603E-03   -1.2369976599E+03    3.2471488069E-02
    1.0619990000E-02    1.0286286070E+00    2.8959120978E-01   -1.2389376032E+03    4.7882730069E-02
    1.0639990000E-02    7.0859699954E-01   -2.9747615279E-01   -1.2416530454E+03    6.6612802509E-02
    1.0659990000E-02    1.2726783774E+00   -5.4418980675E-02   -1.2439491292E+03    7.5091577676E-02
    1.0679990000E-02    7.5532582697E-01    3.9722342502E-01   -1.2461080216E+03    6.9212620258E-02
    1.0699990000E-02    9.1994736424E-01   -3.5372371980E-01   -1.2489513299E+03    4.8157184897E-02
    1.0719990000E-02    1.2183333610E+00   -7.2798741586E-02   -1.2509642654E+03    2.7179090071E-02
    1.0739990000E-02    8.8438681331E-01    2.2415765986E-02   -1.2532499728E+03    1.3913250840E-02
    1.0759990000E-02    1.1988857853E+00   -1.1705000512E-01   -1.2557465463E+03    2.2865907328E-02
    1.0779990000E-02    9.8607411166E-01    4.3850292629E-01   -1.2577010304E+03    4.0274630516E-02
    1.0799990000E-02    6.3621143782E-01   -2.9729249592E-01   -1.2605318356E+03    6.9298254577E-02
    1.0819990000E-02    1.2677338817E+00   -1.3412938244E-01   -1.2628428481E+03    6.8222779504E-02
    1.0839990000E-02    8.1919978155E-01    3.6950522233E-01   -1.2649852543E+03    5.8482365153E-02
    1.0859990000E-02    1.0208571977E+00   -1.9920457733E-01   -1.2677111143E+03    5.0970207486E-02
    1.0879990000E-02    1.1805214027E+00    4.9096519130E-02   -1.2696601480E+03    4.1381025477E-02
    1.0899990000E-02    7.8063121978E-01    2.7355758669E-02   -1.2719286634E+03    5.1004375586E-02
    1.0919990000E-02    1.1615692625E+00   -3.4231910599E-01   -1.2745903244E+03    5.5037087067E-02
    1.0939990000E-02    1.0451492345E+00    4.8994242185E-01   -1.2765172404E+03    5.9868960576E-02
    1.0959990000E-02    6.1492908375E-01   -2.0886394049E-01   -1.2793628678E+03    6.0466505092E-02
    1.0979990000E-02    1.2271858788E+00   -2.5641945867E-01   -1.2817042351E+03    3.0473569385E-02
    1.0999990000E-02    9.4769959629E-01    2.7486570611E-01   -1.2837708841E+03    1.7536382155E-02
    1.1019990000E-02    1.0881035536E+00   -1.2939610173E-01   -1.2864059796E+03    2.4016751618E-02
    1.1039990000E-02    1.1636325206E+00    2.6939567616E-01   -1.2883587057E+03    3.7120002486E-02
    1.1059990000E-02    6.6911402911E-01    6.6563747844E-02   -1.2907367427E+03    6.2645479325E-02
    1.1079990000E-02    1.1403747241E+00   -4.1918972526E-01   -1.2934684858E+03    6.7844582418E-02
    1.1099990000E-02    1.0849152689E+00    4.5204244752E-01   -1.2953922557E+03    6.6967941247E-02
    1.1119990000E-02    7.1245199831E-01   -1.3233992300E-01   -1.2981761349E+03    6.0322031747E-02
    1.1139990000E-02    1.1812027637E+00   -2.3082679010E-01   -1.3004655291E+03    3.6289486432E-02
    1.1159990000E-02    1.0505984522E+00    1.3148053809E-01   -1.3024460180E+03    2.5205129316E-02
    1.1179990000E-02    9.7965298402E-01   -3.0675363864E-01   -1.3051077154E+03    2.0400289642E-02
    1.1199990000E-02    1.2114503766E+00    3.0769688884E-01   -1.3071245280E+03    3.2681910804E-02
    1.1219990000E-02    5.7633945334E-01    1.3359316970E-01   -1.3095608792E+03    6.2992693064E-02
    1.1239990000E-02    1.1031388317E+00   -4.6306532999E-01   -1.3123413091E+03    5.6512204685E-02
    1.1259990000E-02    1.1153453367E+00    3.7459986667E-01   -1.3142646967E+03    5.0329610955E-02
    1.1279990000E-02    8.3042042273E-01   -7.6850836097E-02   -1.3169660526E+03    4.7735200855E-02
    1.1299990000E-02    1.1903041509E+00   -1.5329329813E-03   -1.3191526919E+03    3.9871059194E-02
    1.1319990000E-02    9.6607955280E-01    2.1003994558E-01   -1.3211486897E+03    5.3033155662E-02
    1.1339990000E-02    8.6981088845E-01   -4.1366858080E-01   -1.3239173925E+03    6.0904642169E-02
    1.1359990000E-02    1.2570476307E+00    2.1435397156E-01   -1.3259851165E+03    6.9244729150E-02
    1.1379990000E-02    6.0424465945E-01    2.1889652218E-01   -1.3284000855E+03    6.9944347318E-02
    1.1399990000E-02    1.0407954763E+00   -4.2110523678E-01   -1.3311542279E+03    3.7821364659E-02
    1.1419990000E-02    1.1754607962E+00    1.4631056362E-01   -1.3330928130E+03    2.0930597633E-02
    1.1439990000E-02    9.0561022993E-01   -7.6103528395E-02   -1.3356327496E+03    1.2870628090E-02
    1.1459990000E-02    1.2247317123E+00    1.1562301298E-01   -1.3378590543E+03    2.7015143749E-02
    1.1479990000E-02    8.5381355293E-01    3.4407292538E-01   -1.3399258481E+03    5.0478757830E-02
    1.1499990000E-02    8.1705089715E-01   -4.4715835377E-01   -1.3428058218E+03    6.9235376161E-02
    1.1519990000E-02    1.2633008143E+00    1.4250333454E-01   -1.3448825213E+03    7.3404546625E-02
    1.1539990000E-02    6.8394187129E-01    2.2254996513E-01   -1.3472815545E+03    6.5549671986E-02
    1.1559990000E-02    1.0743977493E+00   -2.6311380015E-01   -1.3499145884E+03    4.6711732285E-02
    1.1579990000E-02    1.1707577483E+00    3.7229676819E-02   -1.3518293307E+03    3.4163264573E-02
    1.1599990000E-02    7.9984986834E-01   -1.3187328870E-01   -1.3542700197E+03    3.0240595309E-02
    1.1619990000E-02    1.2425611415E+00   -8.3160415373E-02   -1.3566805253E+03    3.8982240050E-02
    1.1639990000E-02    8.2969275040E-01    4.6063424694E-01   -1.3587140987E+03    5.1570739653E-02
    1.1659990000E-02    7.5589048539E-01   -4.2831669978E-01   -1.3616640415E+03    5.6854212467E-02
    1.1679990000E-02    1.2568492193E+00    1.8831612820E-02   -1.3637654643E+03    4.6044654347E-02
    1.1699990000E-02    7.9054092744E-01    2.0411801723E-01   -1.3660960263E+03    3.6141275572E-02
    1.1719990000E-02    1.1427739822E+00   -8.2438262237E-02   -1.3686241973E+03    3.7401517863E-02
    1.1739990000E-02    1.1152505294E+00    2.2122487889E-01   -1.3705253939E+03    4.5680652400E-02
    1.1759990000E-02    6.8166770938E-01   -1.3868511165E-01   -1.3730557143E+03    6.3584492578E-02
    1.1779990000E-02    1.2433667473E+00   -2.2650631203E-01   -1.3755591037E+03    7.0466407375E-02
    1.1799990000E-02    8.8956857536E-01    4.8294231453E-01   -1.3775660556E+03    6.8708301229E-02
    1.1819990000E-02    7.7914105803E-01   -3.1797900557E-01   -1.3804629993E+03    5.3349764979E-02
    1.1839990000E-02    1.2278768556E+00   -1.6157410761E-01   -1.3826000553E+03    2.6807675623E-02
    1.1859990000E-02    9.2774225862E-01    1.3187314345E-01   -1.3847693191E+03    1.2286426154E-02
    1.1879990000E-02    1.1483169466E+00   -1.6177164318E-01   -1.3873441402E+03    1.9240178175E-02
    1.1899990000E-02    1.0902176214E+00    3.8997703915E-01   -1.3892785545E+03    3.5662320365E-02
    1.1919990000E-02    5.9249487840E-01   -1.2937488040E-01   -1.3919324781E+03    6.8894301951E-02
    1.1939990000E-02    1.2352856607E+00   -2.9163138764E-01   -1.3944590152E+03    6.9165835817E-02
    1.1959990000E-02    9.3193820268E-01    4.4550125140E-01   -1.3964620338E+03    6.2732716588E-02
    1.1979990000E-02    8.9685311211E-01   -2.0869774038E-01   -1.3992594510E+03    5.4660192123E-02
    1.1999990000E-02    1.1954927409E+00   -5.7785238950E-02   -1.4013227104E+03    3.8042975797E-02
    1.2019990000E-02    8.9597847674E-01    1.1269951771E-01   -1.4034295962E+03    4.2131749147E-02
    1.2039990000E-02    1.0628492323E+00   -3.8522855070E-01   -1.4061490952E+03    4.2879615649E-02
    1.2059990000E-02    1.1522021694E+00    4.2066669922E-01   -1.4080863278E+03    5.0610442014E-02
    1.2079990000E-02    5.5026688681E-01   -5.0533929770E-02   -1.4107780886E+03    6.3991639205E-02
    1.2099990000E-02    1.1885656927E+00   -3.5784477942E-01   -1.4133217929E+03    3.6262714337E-02
    1.2119990000E-02    1.0151305415E+00    3.3587064360E-01   -1.4152971342E+03    2.5123709328E-02
    1.2139990000E-02    1.0017161742E+00   -1.2649228156E-01   -1.4179819801E+03    2.8009875319E-02
    1.2159990000E-02    1.1929870868E+00    1.7887521849E-01   -1.4200029018E+03    3.5730736615E-02
    1.2179990000E-02    7.7371612577E-01    1.8592497390E-01   -1.4222011387E+03    5.7729254869E-02
    1.2199990000E-02    1.0200408746E+00   -4.6675785215E-01   -1.4250157837E+03    6.5988051544E-02
    1.2219990000E-02    1.1881922717E+00    3.7127356380E-01   -1.4269592868E+03    6.8869100549E-02
    1.2239990000E-02    6.3155873324E-01    1.0779749914E-02   -1.4296185638E+03    6.5141193692E-02
    1.2259990000E-02    1.1388016116E+00   -3.1248868294E-01   -1.4321003017E+03    3.7204697998E-02
    1.2279990000E-02    1.1200572232E+00    1.2765210753E-01   -1.4340380165E+03    2.2153289341E-02
    1.2299990000E-02    9.2887347271E-01   -2.2711739030E-01   -1.4366400254E+03    1.4317889574E-02
    1.2319990000E-02    1.2340000414E+00    2.0892636398E-01   -1.4387598869E+03    2.8094150914E-02
    1.2339990000E-02    6.6954772100E-01    2.7113939359E-01   -1.4410126907E+03    5.7362781065E-02
    1.2359990000E-02    9.8131743674E-01   -5.0135555200E-01   -1.4439026663E+03    6.3909332155E-02
    1.2379990000E-02    1.2007432642E+00    3.0024618405E-01   -1.4458502654E+03    6.1035006186E-02
    1.2399990000E-02    7.3589971495E-01    3.3293409294E-02   -1.4484585713E+03    5.5537475494E-02
    1.2419990000E-02    1.1633224635E+00   -1.0632009929E-01   -1.4508217893E+03    4.3595360731E-02
    1.2439990000E-02    1.0722259023E+00    1.6835015384E-01   -1.4527369257E+03    4.7891729164E-02
    1.2459990000E-02    7.8540616157E-01   -3.1155387781E-01   -1.4553988855E+03    5.3692345237E-02
    1.2479990000E-02    1.2696511883E+00    5.7879315986E-02   -1.4576237619E+03    6.4136452453E-02
    1.2499990000E-02    6.7924080441E-01    3.6366669314E-01   -1.4598406714E+03    6.6842450031E-02
    1.2519990000E-02    9.2578798175E-01   -4.5120374459E-01   -1.4627341921E+03    4.3208020359E-02
    1.2539990000E-02    1.2173558614E+00    9.4935875040E-02   -1.4647150861E+03    2.5888240058E-02
    1.2559990000E-02    8.6089083176E-01    3.4209857966E-02   -1.4671736814E+03    1.6674068827E-02
    1.2579990000E-02    1.2064336349E+00    3.5439293432E-02   -1.4695141998E+03    2.8247394425E-02
    1.2599990000E-02    9.8240967254E-01    3.4049020000E-01   -1.4714853605E+03    4.6726200898E-02
    1.2619990000E-02    7.1035740279E-01   -3.3593862240E-01   -1.4742689909E+03    6.8434333673E-02
    1.2639990000E-02    1.2742486465E+00   -2.7696405908E-02   -1.4765188246E+03    7.5405480839E-02
    1.2659990000E-02    7.4402247253E-01    3.6163935049E-01   -1.4787231372E+03    6.7524082458E-02
    1.2679990000E-02    9.7291185857E-01   -3.1419119215E-01   -1.4815102548E+03    4.8814672273E-02
    1.2699990000E-02    1.2039027312E+00   -5.0359115083E-02   -1.4834898614E+03    3.0682264532E-02
    1.2719990000E-02    8.5257943392E-01   -1.2831255303E-02   -1.4857829373E+03    2.1636855537E-02
    1.2739990000E-02    1.2025087088E+00   -1.6746375321E-01   -1.4883045635E+03    2.8289086967E-02
    1.2759990000E-02    9.6073320484E-01    4.7032780547E-01   -1.4902620352E+03    4.2841362320E-02
    1.2779990000E-02    6.4308607168E-01   -3.2304711676E-01   -1.4931434564E+03    6.4996980881E-02
    1.2799990000E-02    1.2648820224E+00   -1.1909119271E-01   -1.4954094702E+03    5.7655806775E-02
    1.2819990000E-02    8.2141971637E-01    3.2739452760E-01   -1.4975835665E+03    4.7348674871E-02
    1.2839990000E-02    1.0710196416E+00   -1.4970699976E-01   -1.5002532909E+03    4.4911502587E-02
    1.2859990000E-02    1.1649511070E+00    1.3243733099E-01   -1.5021764354E+03    4.3523717840E-02
    1.2879990000E-02    7.3011357081E-01    1.0990746850E-03   -1.5045194447E+03    5.8884857765E-02
    1.2899990000E-02    1.1805259868E+00   -3.4419805572E-01   -1.5071722269E+03    6.4247284074E-02
    1.2919990000E-02    1.0226998460E+00    4.9435942124E-01   -1.5091070817E+03    6.6286512897E-02
    1.2939990000E-02    6.6013449882E-01   -2.2317562061E-01   -1.5119675512E+03    5.9449273848E-02
    1.2959990000E-02    1.2196933139E+00   -2.4831199826E-01   -1.5142581020E+03    2.7876372741E-02
    1.2979990000E-02    9.6818867666E-01    2.1837550719E-01   -1.5163306776E+03    1.3261005253E-02
    1.2999990000E-02    1.0949196598E+00   -1.6584097656E-01   -1.5189539409E+03    1.8606894860E-02
    1.3019990000E-02    1.1537087265E+00    3.2222520697E-01   -1.5209086999E+03    3.4099117600E-02
    1.3039990000E-02    6.2260862712E-01    2.9421337278E-02   -1.5233701592E+03    6.5016454323E-02
    1.3059990000E-02    1.1662948458E+00   -4.0401522734E-01   -1.5260709149E+03    6.8323210284E-02
    1.3079990000E-02    1.0528709500E+00    4.5275891050E-01   -1.5280044079E+03    6.5296439909E-02
    1.3099990000E-02    7.7453252600E-01   -1.5187049983E-01   -1.5307933950E+03    5.8403117974E-02
    1.3119990000E-02    1.1878160123E+00   -1.5896359085E-01   -1.5330051521E+03    3.7739665340E-02
    1.3139990000E-02    1.0104618176E+00    1.3293748369E-01   -1.5350037785E+03    3.3554034401E-02
    1.3159990000E-02    9.7349972460E-01   -3.5968822025E-01   -1.5377065217E+03    3.1090001198E-02
    1.3179990000E-02    1.2122484264E+00    3.2375592459E-01   -1.5397076741E+03    4.1004264582E-02
    1.3199990000E-02    5.5370951569E-01    1.0433725749E-01   -1.5422091719E+03    6.3248414359E-02
    1.3219990000E-02    1.1203009857E+00   -4.4101022494E-01   -1.5449396436E+03    4.4824117840E-02
    1.3239990000E-02    1.0952819120E+00    3.4872158719E-01   -1.5468694695E+03    3.5789281593E-02
    1.3259990000E-02    8.9449229469E-01   -9.2359691540E-02   -1.5495581361E+03    3.5400376785E-02
    1.3279990000E-02    1.1981368122E+00    8.0022717207E-02   -1.5516869055E+03    3.6110967422E-02
    1.3299990000E-02    8.9728416309E-01    2.3643265029E-01   -1.5537438077E+03    5.4225189883E-02
    1.3319990000E-02    8.9863712931E-01   -4.4495151561E-01   -1.5565553201E+03    6.4673226999E-02
    1.3339990000E-02    1.2469673923E+00    2.5131564068E-01   -1.5585825181E+03    7.1145172585E-02
    1.3359990000E-02    6.1058242905E-01    1.6557148267E-01   -1.5610671539E+03    6.8961722721E-02
    1.3379990000E-02    1.0725245072E+00   -3.7717679347E-01   -1.5637373164E+03    3.8173871578E-02
    1.3399990000E-02    1.1681756603E+00    1.0927643814E-01   -1.5656715993E+03    2.1183450323E-02
    1.3419990000E-02    9.0409972067E-01   -1.3055439248E-01   -1.5682077707E+03    1.1475569708E-02
    1.3439990000E-02    1.2347258500E+00    1.2584358547E-01   -1.5704301317E+03    2.5921632320E-02
    1.3459990000E-02    7.8863238870E-01    3.5109649295E-01   -1.5725451402E+03    5.1561230030E-02
    1.3479990000E-02    8.5520289285E-01   -4.7724648849E-01   -1.5754581135E+03    6.8522694171E-02
    1.3499990000E-02    1.2515567516E+00    1.8454245778E-01   -1.5774880280E+03    6.9621821965E-02
    1.3519990000E-02    6.9752400135E-01    1.6538257146E-01   -1.5799520956E+03    6.1829041203E-02
    1.3539990000E-02    1.1147112429E+00   -1.9476931757E-01   -1.5824925964E+03    4.6987547888E-02
    1.3559990000E-02    1.1400497875E+00    9.5929685780E-02   -1.5843898700E+03    4.1330490885E-02
    1.3579990000E-02    7.6393726569E-01   -1.8865005926E-01   -1.5869058452E+03    4.3777515595E-02
    1.3599990000E-02    1.2559531056E+00   -7.5264238428E-02   -1.5892865081E+03    5.2950842003E-02
    1.3619990000E-02    7.8762099816E-01    4.5295995261E-01   -1.5913585581E+03    5.9677915823E-02
    1.3639990000E-02    8.0142730039E-01   -4.3542353593E-01   -1.5943087533E+03    5.0667942258E-02
    1.3659990000E-02    1.2453366656E+00    2.2119566953E-02   -1.5963715678E+03    3.4014190302E-02
    1.3679990000E-02    8.2518305140E-01    1.4529177922E-01   -1.5987299475E+03    2.3603392156E-02
    1.3699990000E-02    1.1733901269E+00   -3.5364542507E-02   -1.6011924953E+03    3.0866866033E-02
    1.3719990000E-02    1.0753130771E+00    2.8942901935E-01   -1.6031126825E+03    4.4729913707E-02
    1.3739990000E-02    6.6532716321E-01   -2.0049453335E-01   -1.6057447215E+03    6.6084964702E-02
    1.3759990000E-02    1.2582978900E+00   -1.7900512543E-01   -1.6081778250E+03    7.2726373201E-02
    1.3779990000E-02    8.4450549006E-01    4.5282765702E-01   -1.6102345317E+03    6.8140504446E-02
    1.3799990000E-02    8.5263286202E-01   -3.1691544839E-01   -1.6131029466E+03    5.1715186430E-02
    1.3819990000E-02    1.2185343986E+00   -1.3163705998E-01   -1.6151805841E+03    2.8953397835E-02
    1.3839990000E-02    9.1496951350E-01    7.8428877252E-02   -1.6173666832E+03    1.6065444171E-02
    1.3859990000E-02    1.1566681678E+00   -2.0135880772E-01   -1.6199471961E+03    2.0929673703E-02
    1.3879990000E-02    1.0598551180E+00    4.3231467312E-01   -1.6218818085E+03    3.6324631051E-02
    1.3899990000E-02    5.8644895999E-01   -1.8935154411E-01   -1.6246292334E+03    6.8139321749E-02
    1.3919990000E-02    1.2485593892E+00   -2.4737316144E-01   -1.6270759268E+03    6.4133656249E-02
    1.3939990000E-02    8.9541617518E-01    4.1151946657E-01   -1.6291239584E+03    5.5937419102E-02
    1.3959990000E-02    9.7201220440E-01   -1.8883027358E-01   -1.6318836512E+03    5.0794762661E-02
    1.3979990000E-02    1.1893549374E+00    3.2239629602E-02   -1.6338814965E+03    4.0318946372E-02
    1.3999990000E-02    8.2231754274E-01    9.5424580641E-02   -1.6360657047E+03    5.1648832110E-02
    1.4019990000E-02    1.0975223754E+00   -3.9960812212E-01   -1.6387923073E+03    5.5032751683E-02
    1.4039990000E-02    1.1239304222E+00    4.5008691353E-01   -1.6407186015E+03    6.0300600946E-02
    1.4059990000E-02    5.8146435453E-01   -1.0155189251E-01   -1.6434782606E+03    6.3401818256E-02
    1.4079990000E-02    1.1962389604E+00   -3.2580975984E-01   -1.6459344484E+03    3.0461789465E-02
    1.4099990000E-02    1.0097388782E+00    2.8278982219E-01   -1.6479344129E+03    1.7062306786E-02
    1.4119990000E-02    1.0399578461E+00   -1.4407810520E-01   -1.6505890618E+03    2.0972162694E-02
    1.4139990000E-02    1.1869496546E+00    2.4571528420E-01   -1.6525874385E+03    3.4016241184E-02
    1.4159990000E-02    7.0169554560E-01    1.5170118041E-01   -1.6548794642E+03    5.9989424242E-02
    1.4179990000E-02    1.0714129506E+00   -4.6282158291E-01   -1.6576820743E+03    6.6967142061E-02
    1.4199990000E-02    1.1504803304E+00    4.0430642367E-01   -1.6596090628E+03    6.7373949653E-02
    1.4219990000E-02    6.8129315146E-01   -5.0810337137E-02   -1.6623249943E+03    6.2122893073E-02
    1.4239990000E-02    1.1611343860E+00   -2.4769339419E-01   -1.6647001867E+03    3.8540311850E-02
    1.4259990000E-02    1.0921984572E+00    1.1832742530E-01   -1.6666447285E+03    2.7572992581E-02
    1.4279990000E-02    9.2031523840E-01   -2.9072949436E-01   -1.6692846061E+03    2.1439435698E-02
    1.4299990000E-02    1.2368400562E+00    2.3286025271E-01   -1.6713740071E+03    3.3423191382E-02
    1.4319990000E-02    6.1212301084E-01    2.3222063980E-01   -1.6737045210E+03    6.0086413411E-02
    1.4339990000E-02    1.0293727079E+00   -4.9205962821E-01   -1.6765628626E+03    5.5583140149E-02
    1.4359990000E-02    1.1686427144E+00    3.1749408345E-01   -1.6784942855E+03    4.9349733763E-02
    1.4379990000E-02    7.9514695571E-01   -1.9013911586E-02   -1.6811374393E+03    4.5743860163E-02
    1.4399990000E-02    1.1841858953E+00   -1.9798249131E-02   -1.6834025022E+03    3.9696163577E-02
    1.4419990000E-02    1.0084360366E+00    2.2113715695E-01   -1.6853602030E+03    5.1701530662E-02
    1.4439990000E-02    8.0641408993E-01   -3.7293711408E-01   -1.6881012978E+03    6.1749365974E-02
    1.4459990000E-02    1.2698325295E+00    1.1808461408E-01   -1.6902532539E+03    7.1331121177E-02
    1.4479990000E-02    6.4743782194E-01    3.0288055873E-01   -1.6925599802E+03    7.0082726936E-02
    1.4499990000E-02    9.8477921731E-01   -4.2148226490E-01   -1.6953812137E+03    4.0838286914E-02
    1.4519990000E-02    1.2029989165E+00    7.9796157289E-02   -1.6973420017E+03    2.2444854757E-02
    1.4539990000E-02    8.8603926909E-01   -3.0626954280E-02   -1.6998144339E+03    1.1686358906E-02
    1.4559990000E-02    1.2224794378E+00    6.0645587840E-02   -1.7021244102E+03    2.5577674353E-02
    1.4579990000E-02    9.0795450561E-01    3.7204065857E-01   -1.7041434680E+03    4.7173562895E-02
    1.4599990000E-02    7.4992109252E-01   -4.0201983254E-01   -1.7070057343E+03    6.9608295577E-02
    1.4619990000E-02    1.2723266771E+00    4.8988632735E-02   -1.7091631074E+03    7.4450568878E-02
    1.4639990000E-02    7.1637112647E-01    2.9094414150E-01   -1.7114644048E+03    6.5373122082E-02
    1.4659990000E-02    1.0430453641E+00   -2.6395679615E-01   -1.7141598512E+03    4.8518167476E-02
    1.4679990000E-02    1.1814135745E+00    1.4095292688E-02   -1.7160913647E+03    3.4882511864E-02
    1.4699990000E-02    7.9804937946E-01   -7.4638030731E-02   -1.7184624031E+03    3.2376442232E-02
    1.4719990000E-02    1.2242440419E+00   -1.6419548554E-01   -1.7209590265E+03    3.8959925662E-02
    1.4739990000E-02    9.0023122081E-01    4.8368163198E-01   -1.7229441156E+03    4.9745073324E-02
    1.4759990000E-02    6.9304473244E-01   -3.7373295216E-01   -1.7258761196E+03    5.8040257398E-02
    1.4779990000E-02    1.2594194263E+00   -6.7358034620E-02   -1.7280550886E+03    4.4251150319E-02
    1.4799990000E-02    8.1827524508E-01    2.5332856647E-01   -1.7302991499E+03    3.3587130810E-02
    1.4819990000E-02    1.1243414361E+00   -9.8936930956E-02   -1.7328853765E+03    3.6079719654E-02
    1.4839990000E-02    1.1351918365E+00    2.1561740571E-01   -1.7347942017E+03    4.3621908678E-02
    1.4859990000E-02    6.8148089673E-01   -7.1270898702E-02   -1.7372594984E+03    6.2860388681E-02
    1.4879990000E-02    1.2184338530E+00   -2.9490155509E-01   -1.7398445444E+03    6.8715124623E-02
    1.4899990000E-02    9.5499047913E-01    4.9185836847E-01   -1.7418119474E+03    6.7876601239E-02
    1.4919990000E-02    7.3716176073E-01   -2.7000323787E-01   -1.7446930168E+03    5.6008433819E-02
    1.4939990000E-02    1.2200721436E+00   -2.0399625721E-01   -1.7468895140E+03    2.7950090345E-02
    1.4959990000E-02    9.5815775428E-01    1.5555795812E-01   -1.7489986442E+03    1.3345539760E-02
    1.4979990000E-02    1.1144340134E+00   -1.9996849153E-01   -1.7516115104E+03    1.7601990555E-02
    1.4999990000E-02    1.1251564172E+00    3.7594865683E-01   -1.7535551356E+03    3.3353266819E-02
    1.5019990000E-02    5.8542033657E-01   -5.6528615733E-02   -1.7561425095E+03    6.7632804897E-02
    1.5039990000E-02    1.2085539787E+00   -3.5112222368E-01   -1.7587524922E+03    6.7409977150E-02
    1.5059990000E-02    9.8716426590E-01    4.4919005173E-01   -1.7607194671E+03    6.1891532599E-02
    1.5079990000E-02    8.6205528406E-01   -1.8117604514E-01   -1.7635114458E+03    5.5340046396E-02
    1.5099990000E-02    1.1943799134E+00   -6.8533517798E-02   -1.7656191872E+03    3.8702122513E-02
    1.5119990000E-02    9.2948928553E-01    1.3586452137E-01   -1.7676827093E+03    4.3572095035E-02
    1.5139990000E-02    1.0148990095E+00   -4.0058134144E-01   -1.7704201116E+03    4.4259582332E-02
    1.5159990000E-02    1.1883618247E+00    3.7868013196E-01   -1.7723812539E+03    5.2063129806E-02
    1.5179990000E-02    5.4783264271E-01    2.2981478139E-02   -1.7750006114E+03    6.4770044714E-02
    1.5199990000E-02    1.1567188664E+00   -3.9550326047E-01   -1.7776199104E+03    3.6007295683E-02
    1.5219990000E-02    1.0583336276E+00    3.2203419817E-01   -1.7795710756E+03    2.4370178537E-02
    1.5239990000E-02    9.7067589352E-01   -1.1712073623E-01   -1.7822468506E+03    2.5959108499E-02
    1.5259990000E-02    1.2000774295E+00    1.6378659024E-01   -1.7843089526E+03    3.4118254738E-02
    1.5279990000E-02    8.0255731759E-01    2.2419515703E-01   -1.7864641561E+03    5.6020949465E-02
    1.5299990000E-02    9.7004473498E-01   -4.7117490601E-01   -1.7892994667E+03    6.5999423577E-02
    1.5319990000E-02    1.2153468901E+00    3.2410946163E-01   -1.7912683651E+03    6.9613681035E-02
    1.5339990000E-02    6.2844696915E-01    6.8122001429E-02   -1.7938667314E+03    6.5915667468E-02
    1.5359990000E-02    1.1187915166E+00   -3.1926843888E-01   -1.7964045569E+03    3.8849604783E-02
    1.5379990000E-02    1.1420950357E+00    1.0355686729E-01   -1.7983342345E+03    2.3710769186E-02
    1.5399990000E-02    9.0141806418E-01   -2.0679985733E-01   -1.8009069650E+03    1.4657233082E-02
    1.5419990000E-02    1.2410890089E+00    1.6131975278E-01   -1.8030819556E+03    2.8145044813E-02
    1.5439990000E-02    7.0202563834E-01    3.1815659591E-01   -1.8052814286E+03    5.4910353736E-02
    1.5459990000E-02    9.3086832317E-01   -5.0017280165E-01   -1.8081971859E+03    6.3619400126E-02
    1.5479990000E-02    1.2222044240E+00    2.5204815419E-01   -1.8101696035E+03    6.0855088242E-02
    1.5499990000E-02    7.2885720917E-01    7.7129469866E-02   -1.8127267227E+03    5.4610885109E-02
    1.5519990000E-02    1.1548187010E+00   -1.1307332907E-01   -1.8151393610E+03    4.4025592397E-02
    1.5539990000E-02    1.0887316637E+00    1.6600374518E-01   -1.8170452494E+03    4.7590003054E-02
    1.5559990000E-02    7.6009205467E-01   -2.7678974338E-01   -1.8196758781E+03    5.4646290425E-02
    1.5579990000E-02    1.2691505497E+00   -1.5927138831E-03   -1.8219609238E+03    6.4942797861E-02
    1.5599990000E-02    7.1830113608E-01    4.0150698584E-01   -1.8241243212E+03    6.6553804257E-02
    1.5619990000E-02    8.8706280129E-01   -4.3887769985E-01   -1.8270381518E+03    4.4895575930E-02
    1.5639990000E-02    1.2278332221E+00    4.7344919532E-02   -1.8290471155E+03    2.6174820064E-02
    1.5659990000E-02    8.5944547524E-01    6.3612915524E-02   -1.8314583571E+03    1.5527626887E-02
    1.5679990000E-02    1.2013945867E+00    1.0078124372E-02   -1.8338457041E+03    2.7210982554E-02
    1.5699990000E-02    1.0066719727E+00    3.4549332125E-01   -1.8358031121E+03    4.5028304674E-02
    1.5719990000E-02    6.8373966912E-01   -2.9918497679E-01   -1.8385611022E+03    6.8283201840E-02
    1.5739990000E-02    1.2720127965E+00   -8.0419399647E-02   -1.8408663183E+03    7.4681464075E-02
    1.5759990000E-02    7.7520603341E-01    3.8971536351E-01   -1.8430239542E+03    6.7034006576E-02
    1.5779990000E-02    9.5028981015E-01   -3.0586767961E-01   -1.8458307433E+03    4.9862872088E-02
    1.5799990000E-02    1.2054208151E+00   -6.6376572288E-02   -1.8478302355E+03    3.1190105928E-02
    1.5819990000E-02    8.6110924065E-01    1.2939021843E-02   -1.8500861975E+03    2.2819984233E-02
    1.5839990000E-02    1.1864908212E+00   -2.0519661945E-01   -1.8526465331E+03    2.8012228245E-02
    1.5859990000E-02    9.9432847566E-01    4.7112167214E-01   -1.8545916328E+03    4.1615427809E-02
    1.5879990000E-02    6.1797780358E-01   -2.8390110238E-01   -1.8574489360E+03    6.4738366865E-02
    1.5899990000E-02    1.2602766558E+00   -1.6344089550E-01   -1.8597644220E+03    5.5557334705E-02
    1.5919990000E-02    8.4618733992E-01    3.4595476874E-01   -1.8618992235E+03    4.5606540929E-02
    1.5939990000E-02    1.0574251555E+00   -1.5117387608E-01   -1.8645886658E+03    4.3999700247E-02
    1.5959990000E-02    1.1707172062E+00    1.2987208268E-01   -1.8665253695E+03    4.2522920166E-02
    1.5979990000E-02    7.3991847166E-01    3.0880931323E-02   -1.8688385896E+03    5.8598115473E-02
    1.5999990000E-02    1.1607150219E+00   -3.6949320186E-01   -1.8715224659E+03    6.3758884278E-02
    1.6019990000E-02    1.0528633769E+00    4.8544723252E-01   -1.8734515130E+03    6.6075818929E-02
    1.6039990000E-02    6.4588687840E-01   -1.9021517253E-01   -1.8762903207E+03    6.0560418168E-02
    1.6059990000E-02    1.2113085943E+00   -2.6899848540E-01   -1.8786164726E+03    2.8254342790E-02
    1.6079990000E-02    9.8735828899E-01    2.2208349698E-01   -1.8806652662E+03    1.3507156869E-02
    1.6099990000E-02    1.0773219052E+00   -1.7712696697E-01   -1.8832995249E+03    1.7519678820E-02
    1.6119990000E-02    1.1650492884E+00    3.1416842301E-01   -1.8852679218E+03    3.2865009431E-02
    1.6139990000E-02    6.2791395131E-01    6.0687057616E-02   -1.8877010935E+03    6.4111692505E-02
    1.6159990000E-02    1.1475193239E+00   -4.2342816743E-01   -1.8904326133E+03    6.7770922203E-02
    1.6179990000E-02    1.0759652009E+00    4.4300746616E-01   -1.8923616461E+03    6.5089488410E-02
    1.6199990000E-02    7.6276546103E-01   -1.3106193330E-01   -1.8951370719E+03    5.8755510508E-02
    1.6219990000E-02    1.1845116121E+00   -1.6147439024E-01   -1.8973724965E+03    3.8285738812E-02
    1.6239990000E-02    1.0228933050E+00    1.3496214870E-01   -1.8993583996E+03    3.4477795448E-02
    1.6259990000E-02    9.5287745978E-01   -3.5906447105E-01   -1.9020614056E+03    3.2036448341E-02
    1.6279990000E-02    1.2223688676E+00    3.0139980831E-01   -1.9040820057E+03    4.1879318045E-02
    1.6299990000E-02    5.6027666372E-01    1.3479387696E-01   -1.9065525028E+03    6.2921986900E-02
    1.6319990000E-02    1.1019496571E+00   -4.5179724639E-01   -1.9093104882E+03    4.4273713190E-02
    1.6339990000E-02    1.1117149716E+00    3.3467231907E-01   -1.9112390902E+03    3.4967823415E-02
    1.6359990000E-02    8.8424388332E-01   -8.1293694633E-02   -1.9139160976E+03    3.4196855565E-02
    1.6379990000E-02    1.1986922919E+00    7.6192715477E-02   -1.9160650537E+03    3.5573274408E-02
    1.6399990000E-02    9.0789236748E-01    2.4539064019E-01   -1.9181114090E+03    5.3638717069E-02
    1.6419990000E-02    8.8036836928E-01   -4.3917733182E-01   -1.9209239419E+03    6.4824891307E-02
    1.6439990000E-02    1.2524463851E+00    2.2916039628E-01   -1.9229687949E+03    7.1581811187E-02
    1.6459990000E-02    6.1710600105E-01    1.8629053416E-01   -1.9254286696E+03    6.8979991918E-02
    1.6479990000E-02    1.0625319527E+00   -3.7693651774E-01   -1.9281171824E+03    3.8925166284E-02
    1.6499990000E-02    1.1749497954E+00    9.4461432495E-02   -1.9300543952E+03    2.1738785430E-02
    1.6519990000E-02    8.9721987183E-01   -1.2243562793E-01   -1.9325764259E+03    1.1424646756E-02
    1.6539990000E-02    1.2354486089E+00    1.0987542807E-01   -1.9348208263E+03    2.5770907572E-02
    1.6559990000E-02    7.9964676826E-01    3.6212869371E-01   -1.9369237313E+03    5.0742803319E-02
    1.6579990000E-02    8.3939983233E-01   -4.7159151717E-01   -1.9398400652E+03    6.8509517671E-02
    1.6599990000E-02    1.2550885235E+00    1.6627932203E-01   -1.9418839728E+03    6.9640700531E-02
    1.6619990000E-02    7.0134927914E-01    1.7886078056E-01   -1.9443303784E+03    6.1513826475E-02
    1.6639990000E-02    1.1115575879E+00   -1.9291364598E-01   -1.9468838997E+03    4.7309636284E-02
    1.6659990000E-02    1.1419409249E+00    9.5875938976E-02   -1.9487826901E+03    4.1771931607E-02
    1.6679990000E-02    7.5904678513E-01   -1.7896949958E-01   -1.9512901391E+03    4.4874570714E-02
    1.6699990000E-02    1.2543022402E+00   -9.2220238188E-02   -1.9536890845E+03    5.3776260637E-02
    1.6719990000E-02    7.9951256192E-01    4.5971183310E-01   -1.9557516894E+03    5.9965908058E-02
    1.6739990000E-02    7.9155950090E-01   -4.2764805537E-01   -1.9587028892E+03    5.0885629561E-02
    1.6759990000E-02    1.2462518879E+00    6.3344532962E-03   -1.9607772621E+03    3.3399623198E-02
    1.6779990000E-02    8.2997096008E-01    1.5107737927E-01   -1.9631222344E+03    2.2619855474E-02
    1.6799990000E-02    1.1724757176E+00   -3.8288600079E-02   -1.9655947814E+03    3.0315268243E-02
    1.6819990000E-02    1.0775675934E+00    2.9284817160E-01   -1.9675167159E+03    4.4275043436E-02
    1.6839990000E-02    6.6164129621E-01   -1.9312458614E-01   -1.9701460494E+03    6.6070247993E-02
    1.6859990000E-02    1.2566551874E+00   -1.8821624249E-01   -1.9725902746E+03    7.2454385094E-02
    1.6879990000E-02    8.5118612037E-01    4.5457531549E-01   -1.9746426883E+03    6.7889973243E-02
    1.6899990000E-02    8.5109325911E-01   -3.1180435228E-01   -1.9775108131E+03    5.1921231126E-02
    1.6919990000E-02    1.2174532291E+00   -1.3373702475E-01   -1.9795927940E+03    2.9261903031E-02
    1.6939990000E-02    9.1656198207E-01    7.9525821077E-02   -1.9817735311E+03    1.6670152655E-02
    1.6959990000E-02    1.1531141721E+00   -2.1000901533E-01   -1.9843618454E+03    2.1032472710E-02
    1.6979990000E-02    1.0631298593E+00    4.3353730596E-01   -1.9862974068E+03    3.6179222448E-02
    1.6999990000E-02    5.8406384597E-01   -1.8501190742E-01   -1.9890450516E+03    6.7800923799E-02
    1.7019990000E-02    1.2472759328E+00   -2.5140619481E-01   -1.9914969310E+03    6.3223020816E-02
    1.7039990000E-02    8.9832825724E-01    4.1028015639E-01   -1.9935443002E+03    5.5028847839E-02
    1.7059990000E-02    9.7414000567E-01   -1.8587922203E-01   -1.9963032984E+03    5.0283017259E-02
    1.7079990000E-02    1.1890727334E+00    3.8044699909E-02   -1.9983017602E+03    4.0334535727E-02
    1.7099990000E-02    8.1928103298E-01    9.6428620306E-02   -2.0004899956E+03    5.2131857095E-02
    1.7119990000E-02    1.0974120922E+00   -4.0148177752E-01   -2.0032197769E+03    5.5668464822E-02
    1.7139990000E-02    1.1238609945E+00    4.5007246592E-01   -2.0051474797E+03    6.0784070611E-02
    1.7159990000E-02    5.8392318538E-01   -1.0205680675E-01   -2.0079095753E+03    6.3319883187E-02
    1.7179990000E-02    1.1957480544E+00   -3.2470438665E-01   -2.0103638355E+03    3.0185385658E-02
    1.7199990000E-02    1.0107633238E+00    2.7848193338E-01   -2.0123659648E+03    1.6629768675E-02
    1.7219990000E-02    1.0410253692E+00   -1.4662422539E-01   -2.0150204369E+03    2.0450645655E-02
    1.7239990000E-02    1.1865318529E+00    2.4997727638E-01   -2.0170198296E+03    3.3775358643E-02
    1.7259990000E-02    6.9652381968E-01    1.4828156352E-01   -2.0193207196E+03    6.0120127799E-02
    1.7279990000E-02    1.0757397524E+00   -4.6166240454E-01   -2.0221225298E+03    6.6933311108E-02
    1.7299990000E-02    1.1464672265E+00    4.0708311986E-01   -2.0240501563E+03    6.7127386524E-02
    1.7319990000E-02    6.8636090324E-01   -5.6719525957E-02   -2.0267721181E+03    6.1790132557E-02
    1.7339990000E-02    1.1632877246E+00   -2.4151419726E-01   -2.0291388032E+03    3.8476594904E-02
    1.7359990000E-02    1.0877404296E+00    1.1955420697E-01   -2.0310869321E+03    2.7970555121E-02
    1.7379990000E-02    9.2206228306E-01   -2.9678447893E-01   -2.0337335563E+03    2.2115135701E-02
    1.7399990000E-02    1.2359903987E+00    2.3858232864E-01   -2.0358183236E+03    3.3925350593E-02
    1.7419990000E-02    6.0607853343E-01    2.2359436622E-01   -2.0381621583E+03    6.0348307549E-02
    1.7439990000E-02    1.0374607089E+00   -4.8923204825E-01   -2.0410142290E+03    5.4606524015E-02
    1.7459990000E-02    1.1627741452E+00    3.2185523177E-01   -2.0429454310E+03    4.8089997127E-02
    1.7479990000E-02    8.0289536145E-01   -2.7253090684E-02   -2.0455961388E+03    4.4771656509E-02
    1.7499990000E-02    1.1861878084E+00   -1.1196678502E-02   -2.0478495225E+03    3.9176372063E-02
    1.7519990000E-02    9.9879679769E-01    2.2435786763E-01   -2.0498166417E+03    5.1826600958E-02
    1.7539990000E-02    8.1492999534E-01   -3.8196316965E-01   -2.0525685928E+03    6.1929809381E-02
    1.7559990000E-02    1.2684690649E+00    1.3369021058E-01   -2.0547069288E+03    7.1238137377E-02
    1.7579990000E-02    6.4014796854E-01    2.8810012574E-01   -2.0570345712E+03    6.9984703044E-02
    1.7599990000E-02    9.9639230374E-01   -4.1867500329E-01   -2.0598432206E+03    4.0262315365E-02
    1.7619990000E-02    1.1987719336E+00    8.7231947130E-02   -2.0618008061E+03    2.2074755841E-02
    1.7639990000E-02    8.8894432016E-01   -4.2842830986E-02   -2.0642853508E+03    1.1592038295E-02
    1.7659990000E-02    1.2243359360E+00    7.0156188268E-02   -2.0665835739E+03    2.5585418948E-02
    1.7679990000E-02    8.9293226708E-01    3.7023276196E-01   -2.0686154064E+03    4.7696937387E-02
    1.7699990000E-02    7.6436298443E-01   -4.1509092925E-01   -2.0714886977E+03    6.9485787897E-02
    1.7719990000E-02    1.2706978604E+00    7.1242819848E-02   -2.0736263274E+03    7.3989816103E-02
    1.7739990000E-02    7.0869980670E-01    2.7282359094E-01   -2.0759542782E+03    6.5047471038E-02
    1.7759990000E-02    1.0545903607E+00   -2.5834765787E-01   -2.0786319165E+03    4.8111314377E-02
    1.7779990000E-02    1.1770406836E+00    2.5107491838E-02   -2.0805580949E+03    3.5240620701E-02
    1.7799990000E-02    7.9260769971E-01   -9.2355128960E-02   -2.0829533592E+03    3.3085331208E-02
    1.7819990000E-02    1.2307632785E+00   -1.4652700381E-01   -2.0854310473E+03    4.0187203134E-02
    1.7839990000E-02    8.7905565155E-01    4.8000254133E-01   -2.0874306583E+03    5.0866198058E-02
    1.7859990000E-02    7.1213844665E-01   -3.9055405992E-01   -2.0903723905E+03    5.7030490181E-02
    1.7879990000E-02    1.2584740102E+00   -4.3741812888E-02   -2.0925274403E+03    4.3371654015E-02
    1.7899990000E-02    8.1217676619E-01    2.3459827651E-01   -2.0947993719E+03    3.2800446434E-02
    1.7919990000E-02    1.1337285927E+00   -8.9721092626E-02   -2.0973655006E+03    3.5594112520E-02
    1.7939990000E-02    1.1263542392E+00    2.2529232574E-01   -2.0992741389E+03    4.4090560123E-02
    1.7959990000E-02    6.7687776734E-01   -9.7567368990E-02   -2.1017717504E+03    6.3384144446E-02
    1.7979990000E-02    1.2292728436E+00   -2.7054951591E-01   -2.1043282069E+03    6.9490681738E-02
    1.7999990000E-02    9.2909676044E-01    4.8867479750E-01   -2.1063123142E+03    6.8098125917E-02
    1.8019990000E-02    7.5810466886E-01   -2.8814225673E-01   -2.1092007386E+03    5.4882723047E-02
    1.8039990000E-02    1.2224846907E+00   -1.8695606292E-01   -2.1113717715E+03    2.7698164844E-02
    1.8059990000E-02    9.4638877586E-01    1.4205166970E-01   -2.1135045284E+03    1.3175365380E-02
    1.8079990000E-02    1.1280381095E+00   -1.9224494616E-01   -2.1161076338E+03    1.8222137033E-02
    1.8099990000E-02    1.1097280825E+00    3.8720757165E-01   -2.1180484189E+03    3.4157752031E-02
    1.8119990000E-02    5.8451136293E-01   -9.1696760912E-02   -2.1206750269E+03    6.8277509414E-02
    1.8139990000E-02    1.2224079346E+00   -3.2401166755E-01   -2.1232463586E+03    6.7729152378E-02
    1.8159990000E-02    9.5987041548E-01    4.4658427129E-01   -2.1252325757E+03    6.1633911676E-02
    1.8179990000E-02    8.8575611685E-01   -1.9283474290E-01   -2.1280271798E+03    5.4734200241E-02
    1.8199990000E-02    1.1949173573E+00   -5.3100160864E-02   -2.1301087840E+03    3.8662025715E-02
    1.8219990000E-02    9.0522815368E-01    1.2594411153E-01   -2.1322011158E+03    4.4322797245E-02
    1.8239990000E-02    1.0408404459E+00   -3.9872185263E-01   -2.1349364426E+03    4.5356704433E-02
    1.8259990000E-02    1.1697727858E+00    4.0365435485E-01   -2.1368850008E+03    5.2821102262E-02
    1.8279990000E-02    5.5008711889E-01   -1.8651741363E-02   -2.1395513395E+03    6.4525180491E-02
    1.8299990000E-02    1.1745253471E+00   -3.7393548632E-01   -2.1421253233E+03    3.5100540149E-02
    1.8319990000E-02    1.0355411842E+00    3.2379581955E-01   -2.1440922504E+03    2.3376537160E-02
    1.8339990000E-02    9.9339539070E-01   -1.2456710162E-01   -2.1467717142E+03    2.5876567366E-02
    1.8359990000E-02    1.1962401633E+00    1.8203665006E-01   -2.1488099241E+03    3.4662001645E-02
    1.8379990000E-02    7.7570304058E-01    2.0114316850E-01   -2.1510027315E+03    5.7130969182E-02
    1.8399990000E-02    1.0053091245E+00   -4.7080084169E-01   -2.1538303765E+03    6.6014895450E-02
    1.8419990000E-02    1.1959837888E+00    3.5727232120E-01   -2.1557823112E+03    6.8844394208E-02
    1.8439990000E-02    6.3531799340E-01    2.5012153025E-02   -2.1584282425E+03    6.4942954850E-02
    1.8459990000E-02    1.1348349583E+00   -3.0655492974E-01   -2.1609198200E+03    3.8070031631E-02
    1.8479990000E-02    1.1257497513E+00    1.1639653540E-01   -2.1628563808E+03    2.3409461628E-02
    1.8499990000E-02    9.1614969447E-01   -2.3000655034E-01   -2.1654548090E+03    1.5165185081E-02
    1.8519990000E-02    1.2377283867E+00    1.9519411495E-01   -2.1675925978E+03    2.8583324573E-02
    1.8539990000E-02    6.7044696547E-01    2.8288927531E-01   -2.1698400660E+03    5.6774991904E-02
    1.8559990000E-02    9.7285445632E-01   -5.0160518653E-01   -2.1727390208E+03    6.2507704022E-02
    1.8579990000E-02    1.2031635675E+00    2.8994082611E-01   -2.1746922807E+03    5.9101940425E-02
    1.8599990000E-02    7.4140893919E-01    3.6675464513E-02   -2.1772951444E+03    5.3656181672E-02
    1.8619990000E-02    1.1651623425E+00   -9.4702492814E-02   -2.1796589583E+03    4.2945407045E-02
    1.8639990000E-02    1.0672564559E+00    1.7777791730E-01   -2.1815790247E+03    4.8421573404E-02
    1.8659990000E-02    7.8084838565E-01   -3.1429692836E-01   -2.1842506196E+03    5.5261575578E-02
    1.8679990000E-02    1.2703255896E+00    5.4361023440E-02   -2.1864792614E+03    6.5630814155E-02
    1.8699990000E-02    6.8048956555E-01    3.6234200455E-01   -2.1887011467E+03    6.7326364418E-02
    1.8719990000E-02    9.2932092460E-01   -4.4524621405E-01   -2.1915914211E+03    4.2763054711E-02
    1.8739990000E-02    1.2166305414E+00    8.5734542469E-02   -2.1935755238E+03    2.4922896652E-02
    1.8759990000E-02    8.6622154652E-01    2.7420685135E-02   -2.1960326108E+03    1.5331126804E-02
    1.8779990000E-02    1.2090679084E+00    3.7626757580E-02   -2.1983753968E+03    2.7463006510E-02
    1.8799990000E-02    9.7231167026E-01    3.4806700114E-01   -2.2003558301E+03    4.6434537214E-02
    1.8819990000E-02    7.1424374794E-01   -3.4581990449E-01   -2.2031560424E+03    6.8480228655E-02
    1.8839990000E-02    1.2743066363E+00   -1.6368153671E-02   -2.2053944482E+03    7.5103372845E-02
    1.8859990000E-02    7.3837723657E-01    3.5001471452E-01   -2.2076166935E+03    6.6955211556E-02
    1.8879990000E-02    9.8660788319E-01   -3.0665667746E-01   -2.2103919737E+03    4.8532032497E-02
    1.8899990000E-02    1.2002286602E+00   -3.8645608081E-02   -2.2123649592E+03    3.1109982759E-02
    1.8919990000E-02    8.4215586171E-01   -2.5274990468E-02   -2.2146754000E+03    2.3168232459E-02
    1.8939990000E-02    1.2074668402E+00   -1.6521259418E-01   -2.2171937433E+03    2.9828331652E-02
    1.8959990000E-02    9.4575990988E-01    4.7362213219E-01   -2.2191599571E+03    4.3902527067E-02
    1.8979990000E-02    6.5541422298E-01   -3.3898876105E-01   -2.2220588674E+03    6.3527526819E-02
    1.8999990000E-02    1.2647025512E+00   -1.0033955901E-01   -2.2243026989E+03    5.5222505558E-02
    1.9019990000E-02    8.1456584818E-01    3.0907277596E-01   -2.2265015075E+03    4.4814165328E-02
    1.9039990000E-02    1.0854995521E+00   -1.3930240598E-01   -2.2291537971E+03    4.3115335718E-02
    1.9059990000E-02    1.1581565293E+00    1.5069619351E-01   -2.2310728177E+03    4.3668661999E-02
    1.9079990000E-02    7.1658680228E-01   -2.1600753228E-02   -2.2334523976E+03    5.9630051347E-02
    1.9099990000E-02    1.1946266550E+00   -3.2607102060E-01   -2.2360856251E+03    6.5239122211E-02
    1.9119990001E-02    9.9762968169E-01    4.9701832678E-01   -2.2380321917E+03    6.6631746607E-02
    1.9139990001E-02    6.8194370768E-01   -2.4659651920E-01   -2.2409091659E+03    5.8011696406E-02
    1.9159990001E-02    1.2231370100E+00   -2.2920362204E-01   -2.2431688598E+03    2.7372115210E-02
    1.9179990001E-02    9.5764932206E-01    2.0189059697E-01   -2.2452652721E+03    1.2702326404E-02
    1.9199990001E-02    1.1079774316E+00   -1.6624855811E-01   -2.2478819767E+03    1.8551839077E-02
    1.9219990001E-02    1.1411590124E+00    3.3833373937E-01   -2.2498323543E+03    3.4324000083E-02
    1.9239990001E-02    6.1062813455E-01   -8.6631659240E-03   -2.2523427400E+03    6.6013464712E-02
    1.9259990001E-02    1.1876102456E+00   -3.7871524651E-01   -2.2550074223E+03    6.8468385559E-02
    1.9279990001E-02    1.0209475156E+00    4.5788752347E-01   -2.2569559699E+03    6.4626511824E-02
    1.9299990001E-02    8.0379561461E-01   -1.7497570402E-01   -2.2597589582E+03    5.7206977176E-02
    1.9319990001E-02    1.1922592061E+00   -1.3578379478E-01   -2.2619326375E+03    3.7263457150E-02
    1.9339990001E-02    9.8116633657E-01    1.3138733270E-01   -2.2639607681E+03    3.4774812385E-02
    1.9359990001E-02    1.0006208127E+00   -3.6909795553E-01   -2.2666746898E+03    3.3133745305E-02
    1.9379990001E-02    1.1959293407E+00    3.5639766235E-01   -2.2686543050E+03    4.2598844215E-02
    1.9399990001E-02    5.4578634734E-01    5.3140614098E-02   -2.2712198659E+03    6.3565818188E-02
    1.9419990001E-02    1.1482764545E+00   -4.1551761961E-01   -2.2738973754E+03    4.2648137186E-02
    1.9439990001E-02    1.0648304008E+00    3.5617094781E-01   -2.2758407886E+03    3.3178407583E-02
    1.9459990001E-02    9.2889933637E-01   -1.1038098642E-01   -2.2785420483E+03    3.3727720307E-02
    1.9479990001E-02    1.1980031194E+00    1.0793560964E-01   -2.2806326345E+03    3.5979747432E-02
    1.9499990001E-02    8.5710805609E-01    2.2174173288E-01   -2.2827358862E+03    5.5241352754E-02
    1.9519990001E-02    9.4400673527E-01   -4.5834017715E-01   -2.2855563122E+03    6.4763061471E-02
    1.9539990001E-02    1.2286428217E+00    3.0333694496E-01   -2.2875483834E+03    7.0025576691E-02
    1.9559990001E-02    6.0687844701E-01    1.0447413888E-01   -2.2901080341E+03    6.7831111147E-02
    1.9579990001E-02    1.1022030662E+00   -3.6000890167E-01   -2.2927151296E+03    3.6920589378E-02
    1.9599990001E-02    1.1476276365E+00    1.2997366894E-01   -2.2946518332E+03    2.0507467430E-02
    1.9619990001E-02    9.1918565365E-01   -1.6665027728E-01   -2.2972244856E+03    1.1957287120E-02
    1.9639990001E-02    1.2339501276E+00    1.6676140779E-01   -2.2993989175E+03    2.6491638683E-02
    1.9659990001E-02    7.3866029795E-01    3.1661207857E-01   -2.3015725206E+03    5.4240330405E-02
    1.9679990001E-02    9.1407087490E-01   -4.9460048571E-01   -2.3044834973E+03    6.7521078396E-02
    1.9699990001E-02    1.2320870924E+00    2.4771301658E-01   -2.3064719739E+03    6.7240439078E-02
    1.9719990001E-02    7.0136662113E-01    1.0249587769E-01   -2.3090142005E+03    6.0517574420E-02
    1.9739990001E-02    1.1373096876E+00   -1.6976290068E-01   -2.3114837329E+03    4.5641427448E-02
    1.9759990001E-02    1.1164043928E+00    1.2185719439E-01   -2.3133866618E+03    4.3026888992E-02
    1.9779990001E-02    7.7559880584E-01   -2.4735530304E-01   -2.3159731868E+03    4.5774223624E-02
    1.9799990001E-02    1.2643452609E+00   -1.3850270712E-03   -2.3182755622E+03    5.5995739137E-02
    1.9819990001E-02    7.2488436264E-01    4.1058844412E-01   -2.3204198905E+03    6.2281890263E-02
    1.9839990001E-02    8.6760850780E-01   -4.5825150856E-01   -2.3233576388E+03    4.7196433723E-02
    1.9859990001E-02    1.2319179987E+00    8.4329837613E-02   -2.3253714972E+03    3.1361450684E-02
    1.9879990001E-02    8.3069577757E-01    8.7328160362E-02   -2.3278049614E+03    2.2209295020E-02
    1.9899990001E-02    1.1899109416E+00    1.5664707375E-04   -2.3301993756E+03    3.0448603417E-02
    1.9919990001E-02    1.0338815205E+00    3.0669528238E-01   -2.3321424006E+03    4.6241025522E-02
    1.9939990001E-02    6.8979706257E-01   -2.7763721629E-01   -2.3348566693E+03    6.6836383434E-02
    1.9959990001E-02    1.2706299888E+00   -8.8190450715E-02   -2.3371876958E+03    7.4440323446E-02
    1.9979990001E-02    7.7715732983E-01    4.0766141584E-01   -2.3393273473E+03    6.8229585047E-02
    1.9999990001E-02    9.1628441812E-01   -3.3549542189E-01   -2.3421710787E+03    4.9167278923E-02
    2.0019990001E-02    1.2154450801E+00   -8.4806727654E-02   -2.3441951463E+03    2.8515932528E-02
    2.0039990001E-02    8.8381937066E-01    2.7235333388E-02   -2.3464571075E+03    1.6314744679E-02
    2.0059990001E-02    1.1901429609E+00   -1.5617247164E-01   -2.3489888185E+03    2.3290679613E-02
    2.0079990001E-02    9.9697819978E-01    4.4912146585E-01   -2.3509407275E+03    3.9462776058E-02
    2.0099990001E-02    6.2408046643E-01   -2.8306377928E-01   -2.3537760529E+03    6.7667064367E-02
    2.0119990001E-02    1.2645691987E+00   -1.5306360235E-01   -2.3561050417E+03    6.4173719792E-02
    2.0139990001E-02    8.3195665144E-01    3.6703325859E-01   -2.3582404805E+03    5.4547398288E-02
    2.0159990001E-02    1.0291977117E+00   -1.8441928083E-01   -2.3609626339E+03    4.9047405441E-02
    2.0179990001E-02    1.1781479770E+00    7.2808895218E-02   -2.3629131551E+03    4.1601504834E-02
    2.0199990001E-02    7.6885453402E-01    3.0841775698E-02   -2.3651957807E+03    5.3425459285E-02
    2.0219990001E-02    1.1601125914E+00   -3.5267536657E-01   -2.3678701505E+03    5.7808804516E-02
    2.0239990001E-02    1.0478640293E+00    4.8861952438E-01   -2.3698013424E+03    6.1812588142E-02
    2.0259990001E-02    6.2476770195E-01   -2.0402587079E-01   -2.3726493708E+03    5.9992894160E-02
    2.0279990001E-02    1.2229527810E+00   -2.5952916225E-01   -2.3749888102E+03    2.8873798656E-02
    2.0299990001E-02    9.5770754926E-01    2.5788959897E-01   -2.3770572905E+03    1.5340355885E-02
    2.0319990001E-02    1.0897647111E+00   -1.3977483924E-01   -2.3796918677E+03    2.1691600026E-02
    2.0339990001E-02    1.1610109526E+00    2.8703947789E-01   -2.3816510704E+03    3.5931544499E-02
    2.0359990001E-02    6.5348163343E-01    5.5656706827E-02   -2.3840596260E+03    6.3026155900E-02
    2.0379990001E-02    1.1496865678E+00   -4.1367805740E-01   -2.3867860275E+03    6.7688031224E-02
    2.0399990001E-02    1.0721295830E+00    4.5355192080E-01   -2.3887168462E+03    6.6088180015E-02
    2.0419990001E-02    7.3421609038E-01   -1.4348175687E-01   -2.3915096393E+03    5.9217238551E-02
    2.0439990001E-02    1.1846059573E+00   -2.0708810663E-01   -2.3937737579E+03    3.6407566994E-02
    2.0459990001E-02    1.0355563758E+00    1.2974719912E-01   -2.3957671122E+03    2.7285389003E-02
    2.0479990001E-02    9.8295039536E-01   -3.2543019445E-01   -2.3984466261E+03    2.3187778259E-02
    2.0499990001E-02    1.2078015661E+00    3.2106122804E-01   -2.4004561904E+03    3.4685495207E-02
    2.0519990001E-02    5.6338449504E-01    1.0875512852E-01   -2.4029338950E+03    6.3095817080E-02
    2.0539990001E-02    1.1201715340E+00   -4.4885121039E-01   -2.4056888287E+03    5.2504797922E-02
    2.0559990001E-02    1.0963723492E+00    3.7526434865E-01   -2.4076200027E+03    4.5354897048E-02
    2.0579990001E-02    8.6118614339E-01   -9.2582793724E-02   -2.4103309812E+03    4.3771221020E-02
    2.0599990001E-02    1.1940150323E+00    3.1440775165E-02   -2.4124852775E+03    3.8323923477E-02
    2.0619990001E-02    9.3097350900E-01    2.1558176590E-01   -2.4145178371E+03    5.3593597296E-02
    2.0639990001E-02    8.9783678671E-01   -4.3220109825E-01   -2.4173099940E+03    6.1941016636E-02
    2.0659990001E-02    1.2475821777E+00    2.5301909321E-01   -2.4193480693E+03    6.9229154293E-02
    2.0679990001E-02    5.9706352886E-01    1.7241224572E-01   -2.4218249737E+03    6.9248824742E-02
    2.0699990001E-02    1.0689666920E+00   -4.0300386434E-01   -2.4245298514E+03    3.6461380454E-02
    2.0719990001E-02    1.1607760138E+00    1.5369820996E-01   -2.4264695406E+03    1.9776041908E-02
    2.0739990001E-02    9.1814381909E-01   -1.1028149589E-01   -2.4290334246E+03    1.2266146451E-02
    2.0759990001E-02    1.2274471165E+00    1.4273380479E-01   -2.4312311321E+03    2.6669643909E-02
    2.0779990001E-02    8.0607649269E-01    3.3003319367E-01   -2.4333453674E+03    5.2035986144E-02
    2.0799990001E-02    8.6397438262E-01   -4.7257037033E-01   -2.4362436045E+03    6.8692552344E-02
    2.0819990001E-02    1.2508832941E+00    2.0049565301E-01   -2.4382760057E+03    7.1199863183E-02
    2.0839990001E-02    6.7957881216E-01    1.6415173613E-01   -2.4407517686E+03    6.4035292630E-02
    2.0859990001E-02    1.1042408461E+00   -2.3570383728E-01   -2.4433190714E+03    4.5710906837E-02
    2.0879990001E-02    1.1514054166E+00    7.0147470491E-02   -2.4452279065E+03    3.5977777706E-02
    2.0899990001E-02    7.9349484497E-01   -1.8613004590E-01   -2.4477387869E+03    3.3764398221E-02
    2.0919990001E-02    1.2539176680E+00   -3.0062963221E-02   -2.4500902111E+03    4.3479482588E-02
    2.0939990001E-02    7.6920721232E-01    4.3419901122E-01   -2.4521816688E+03    5.5257001332E-02
    2.0959990001E-02    8.1761772065E-01   -4.5795810801E-01   -2.4551378826E+03    5.2766161941E-02
    2.0979990001E-02    1.2453303249E+00    7.9654990939E-02   -2.4571848906E+03    4.0981392221E-02
    2.0999990001E-02    7.9312198323E-01    1.4223751685E-01   -2.4595929498E+03    3.2207470585E-02
    2.1019990001E-02    1.1661333652E+00   -4.6593885111E-02   -2.4620508671E+03    3.5051219684E-02
    2.1039990001E-02    1.0807354658E+00    2.5276632211E-01   -2.4639670120E+03    4.6701317806E-02
    2.1059990001E-02    6.8646416335E-01   -2.1677980067E-01   -2.4665928654E+03    6.4889471020E-02
    2.1079990001E-02    1.2626158382E+00   -1.4323276475E-01   -2.4690010083E+03    7.2863453009E-02
    2.1099990001E-02    8.1640910384E-01    4.4899214233E-01   -2.4710798287E+03    6.9117920326E-02
    2.1119990001E-02    8.4973384812E-01   -3.4972945277E-01   -2.4739694397E+03    5.0091231064E-02
    2.1139990001E-02    1.2263938881E+00   -1.1045691358E-01   -2.4760419608E+03    2.6415157935E-02
    2.1159990001E-02    9.0286241610E-01    7.7120061259E-02   -2.4782840623E+03    1.2171008395E-02
    2.1179990001E-02    1.1798370316E+00   -1.3020817882E-01   -2.4808171939E+03    2.0933429940E-02
    2.1199990001E-02    1.0349123326E+00    4.1630259603E-01   -2.4827628948E+03    3.8186383985E-02
    2.1219990001E-02    6.1211240009E-01   -2.3070032146E-01   -2.4855260549E+03    6.9833322339E-02
    2.1239990001E-02    1.2600127859E+00   -1.9754739051E-01   -2.4879298976E+03    6.9993819470E-02
    2.1259990001E-02    8.5618884942E-01    4.0961807369E-01   -2.4900150228E+03    6.1585344762E-02
    2.1279990001E-02    9.6957528262E-01   -2.1877892036E-01   -2.4927891872E+03    5.2743394497E-02
    2.1299990001E-02    1.1901926850E+00   -3.5390358020E-03   -2.4947851781E+03    3.9135457030E-02
    2.1319990001E-02    8.2569020787E-01    6.2487869977E-02   -2.4969918589E+03    4.5551420443E-02
    2.1339990001E-02    1.1315966082E+00   -3.5570294753E-01   -2.4996800762E+03    4.8116869541E-02
    2.1359990001E-02    1.0808649388E+00    4.7344339681E-01   -2.5016083134E+03    5.4644714617E-02
    2.1379990001E-02    5.8386504892E-01   -1.6769504430E-01   -2.5044186486E+03    6.1900615140E-02
    2.1399990001E-02    1.2230711075E+00   -2.8166179986E-01   -2.5068261612E+03    3.3522468762E-02
    2.1419990001E-02    9.5346203630E-01    3.0880534564E-01   -2.5088722147E+03    2.1649285077E-02
    2.1439990001E-02    1.0657162388E+00   -1.2711947993E-01   -2.5115359669E+03    2.6898125665E-02
    2.1459990001E-02    1.1738543893E+00    2.3227056810E-01   -2.5135049509E+03    3.7342875263E-02
    2.1479990001E-02    7.0227498092E-01    9.8494899102E-02   -2.5158295217E+03    6.0834056660E-02
    2.1499990001E-02    1.1149696105E+00   -4.3260375345E-01   -2.5185895315E+03    6.6743469438E-02
    2.1519990001E-02    1.1105291010E+00    4.4268239573E-01   -2.5205162167E+03    6.7195678361E-02
    2.1539990001E-02    6.7949520324E-01   -1.0839544029E-01   -2.5232883771E+03    6.1388782392E-02
    2.1559990001E-02    1.1760201955E+00   -2.6283364226E-01   -2.5256331208E+03    3.5141698136E-02
    2.1579990001E-02    1.0632971017E+00    1.4235306254E-01   -2.5276130821E+03    2.1728767451E-02
    2.1599990001E-02    9.8362696738E-01   -2.7773373234E-01   -2.5302646841E+03    1.6592883526E-02
    2.1619990001E-02    1.2102975336E+00    2.9775632165E-01   -2.5322955113E+03    2.9915457526E-02
    2.1639990001E-02    5.9564793736E-01    1.4679900473E-01   -2.5347047752E+03    6.2061537977E-02
    2.1659990001E-02    1.0939366276E+00   -4.6906033637E-01   -2.5375069563E+03    6.0425814946E-02
    2.1679990001E-02    1.1241234172E+00    3.8211134283E-01   -2.5394345542E+03    5.5534198045E-02
    2.1699990001E-02    8.0219245346E-01   -7.1820077591E-02   -2.5421446856E+03    5.1892937989E-02
    2.1719990001E-02    1.1862424320E+00   -4.3404489241E-02   -2.5443665548E+03    4.0635112100E-02
    2.1739990001E-02    9.9163848468E-01    1.9123133944E-01   -2.5463494312E+03    5.0452814285E-02
    2.1759990001E-02    8.7102714474E-01   -3.9932262504E-01   -2.5491029807E+03    5.5992027398E-02
    2.1779990001E-02    1.2556608715E+00    2.1553454302E-01   -2.5511819014E+03    6.4666280828E-02
    2.1799990001E-02    5.9723809712E-01    2.2122878904E-01   -2.5535919585E+03    6.8243301225E-02
    2.1819990001E-02    1.0407485332E+00   -4.3755363166E-01   -2.5563712402E+03    3.7258773249E-02
    2.1839990001E-02    1.1680967320E+00    1.8567128519E-01   -2.5583127906E+03    2.1495254779E-02
    2.1859990001E-02    9.0573018303E-01   -6.5404921600E-02   -2.5608810792E+03    1.5810031188E-02
    2.1879990001E-02    1.2187427789E+00    1.1920533815E-01   -2.5630924433E+03    2.8671605857E-02
    2.1899990001E-02    8.6745204023E-01    3.2451425139E-01   -2.5651593229E+03    5.1004556430E-02
    2.1919990001E-02    8.2747069400E-01   -4.4408750157E-01   -2.5680281172E+03    6.8226165518E-02
    2.1939990001E-02    1.2618306878E+00    1.5899854141E-01   -2.5701054101E+03    7.3136123440E-02
    2.1959990001E-02    6.6965761519E-01    2.1659623151E-01   -2.5725199794E+03    6.6194872801E-02
    2.1979990001E-02    1.0686465010E+00   -2.9138512668E-01   -2.5751714369E+03    4.5070601302E-02
    2.1999990001E-02    1.1760604438E+00    3.0125979784E-02   -2.5770984161E+03    3.0936435452E-02
    2.2019990001E-02    8.2417510418E-01   -1.3710448971E-01   -2.5795541833E+03    2.3665337603E-02
    2.2039990001E-02    1.2440124739E+00   -3.1875607099E-02   -2.5819278475E+03    3.3877587863E-02
    2.2059990001E-02    8.0852398084E-01    4.3905256383E-01   -2.5839878135E+03    5.0331790119E-02
    2.2079990001E-02    7.8162711742E-01   -4.4948440468E-01   -2.5869413288E+03    5.9783448459E-02
    2.2099990001E-02    1.2566377379E+00    6.9846895221E-02   -2.5890225425E+03    5.2969745914E-02
    2.2119990001E-02    7.6462685162E-01    1.9126152898E-01   -2.5914022483E+03    4.3707550820E-02
    2.2139990001E-02    1.1397107279E+00   -9.6229157157E-02   -2.5939248273E+03    4.1303659131E-02
    2.2159990001E-02    1.1144256475E+00    1.9514402793E-01   -2.5958270379E+03    4.6982429134E-02
    2.2179990001E-02    6.9768846001E-01   -1.6764182733E-01   -2.5983738682E+03    6.1837151190E-02
    2.2199990001E-02    1.2524951714E+00   -1.8043707628E-01   -2.6008379999E+03    6.9705687574E-02
    2.2219990001E-02    8.5000061004E-01    4.7514689346E-01   -2.6028758311E+03    6.8554972016E-02
    2.2239990001E-02    7.9420214846E-01   -3.5469488855E-01   -2.6057927808E+03    5.1236592783E-02
    2.2259990001E-02    1.2347158520E+00   -1.1926447430E-01   -2.6079057781E+03    2.5837984410E-02
    2.2279990001E-02    9.0129178490E-01    1.2422359314E-01   -2.6101418352E+03    1.1419523406E-02
    2.2299990001E-02    1.1723954061E+00   -1.0279439056E-01   -2.6126741353E+03    2.1402147086E-02
    2.2319990001E-02    1.0645109856E+00    3.7979439739E-01   -2.6146143653E+03    3.8585750749E-02
    2.2339990001E-02    6.1423929520E-01   -1.8294049569E-01   -2.6173052789E+03    6.9129898955E-02
    2.2359990001E-02    1.2517707954E+00   -2.3296663736E-01   -2.6197714661E+03    7.1493493720E-02
    2.2379990001E-02    8.8224794758E-01    4.3856000847E-01   -2.6218178444E+03    6.4679550200E-02
    2.2399990001E-02    9.1128539846E-01   -2.4205852790E-01   -2.6246303904E+03    5.3762275063E-02
    2.2419990001E-02    1.1979573682E+00   -7.0630972471E-02   -2.6266770799E+03    3.5993283540E-02
    2.2439990001E-02    8.7972189201E-01    8.0530522421E-02   -2.6288316973E+03    3.5407131049E-02
    2.2459990001E-02    1.1126963254E+00   -3.3803056435E-01   -2.6315136095E+03    3.6281217628E-02
    2.2479990001E-02    1.0999720230E+00    4.5437177995E-01   -2.6334448770E+03    4.5325295843E-02
    2.2499990001E-02    5.6203303654E-01   -1.3953148616E-01   -2.6362122098E+03    6.2833244064E-02
    2.2519990001E-02    1.2233092661E+00   -2.9744521234E-01   -2.6386768947E+03    4.0927862640E-02
    2.2539990001E-02    9.5012315643E-01    3.5359305900E-01   -2.6407050406E+03    3.0874751323E-02
    2.2559990001E-02    1.0306308102E+00   -1.3308565904E-01   -2.6434055922E+03    3.3697914527E-02
    2.2579990001E-02    1.1826675746E+00    1.7117669713E-01   -2.6453896706E+03    3.8430263505E-02
    2.2599990001E-02    7.5251426877E-01    1.2307812575E-01   -2.6476432725E+03    5.9294356393E-02
    2.2619990001E-02    1.0861704055E+00   -4.3985974319E-01   -2.6504165609E+03    6.5572562268E-02
    2.2639990001E-02    1.1379145829E+00    4.3110625839E-01   -2.6523465768E+03    6.7881479922E-02
    2.2659990001E-02    6.3605995116E-01   -7.5971415010E-02   -2.6550944210E+03    6.3670739808E-02
    2.2679990001E-02    1.1697640830E+00   -3.0516482698E-01   -2.6575097978E+03    3.2946592879E-02
    2.2699990001E-02    1.0704078350E+00    1.7384104398E-01   -2.6594871482E+03    1.7700866481E-02
    2.2719990001E-02    9.9419551004E-01   -2.3065392452E-01   -2.6621275591E+03    1.3918298691E-02
    2.2739990001E-02    1.2076263010E+00    2.8170994523E-01   -2.6641683498E+03    2.8657209259E-02
    2.2759990001E-02    6.3201857782E-01    1.7008066379E-01   -2.6665238004E+03    6.1607724402E-02
    2.2779990001E-02    1.0719291674E+00   -4.7916803211E-01   -2.6693503256E+03    6.5895265147E-02
    2.2799990001E-02    1.1456563724E+00    3.8300985345E-01   -2.6712794785E+03    6.3052941998E-02
    2.2819990001E-02    7.5477525403E-01   -5.0947004287E-02   -2.6739834380E+03    5.8033338256E-02
    2.2839990001E-02    1.1760539536E+00   -1.1394576133E-01   -2.6762695066E+03    4.2327085215E-02
    2.2859990001E-02    1.0397635058E+00    1.5806318666E-01   -2.6782223734E+03    4.5373659675E-02
    2.2879990001E-02    8.6244419263E-01   -3.6469654393E-01   -2.6809338313E+03    4.7368256752E-02
    2.2899990001E-02    1.2568129889E+00    1.9461487118E-01   -2.6830423864E+03    5.6945343774E-02
    2.2919990001E-02    6.0088939682E-01    2.5152205607E-01   -2.6854035496E+03    6.5796399522E-02
    2.2939990001E-02    1.0206609962E+00   -4.6467807193E-01   -2.6882349362E+03    4.0156036802E-02
    2.2959990001E-02    1.1724563640E+00    2.2169532379E-01   -2.6901765302E+03    2.6413600588E-02
    2.2979990001E-02    8.7869702288E-01   -3.6259107641E-02   -2.6927602730E+03    2.1995708019E-02
    2.2999990001E-02    1.2086666805E+00    8.8440284219E-02   -2.6949859983E+03    3.1172250092E-02
    2.3019990001E-02    9.1943695395E-01    3.0461891215E-01   -2.6970146145E+03    5.0930833105E-02
    2.3039990001E-02    8.0573764646E-01   -4.1671574706E-01   -2.6998465442E+03    6.7312331332E-02
    2.3059990001E-02    1.2675905286E+00    1.2936497804E-01   -2.7019621161E+03    7.4148795306E-02
    2.3079990001E-02    6.6515220674E-01    2.5681928441E-01   -2.7043283778E+03    6.8007439978E-02
    2.3099990001E-02    1.0353249725E+00   -3.3665287488E-01   -2.7070471034E+03    4.4223930813E-02
    2.3119990001E-02    1.1920983781E+00    1.2439841444E-02   -2.7089932323E+03    2.7422570933E-02
    2.3139990001E-02    8.5485450388E-01   -9.9707836395E-02   -2.7114244269E+03    1.6380689017E-02
    2.3159990001E-02    1.2365597267E+00   -1.1664875376E-02   -2.7137967115E+03    2.7765233986E-02
    2.3179990001E-02    8.4147988971E-01    4.2838189300E-01   -2.7158414193E+03    4.7392758950E-02
    2.3199990001E-02    7.6163668953E-01   -4.3699071979E-01   -2.7187778747E+03    6.5422083136E-02
    2.3219990001E-02    1.2643002256E+00    6.1168938349E-02   -2.7208884301E+03    6.3184124906E-02
    2.3239990001E-02    7.4495966093E-01    2.2940746134E-01   -2.7232431953E+03    5.3437783252E-02
    2.3259990001E-02    1.1127737451E+00   -1.4547352120E-01   -2.7258232973E+03    4.6497234368E-02
    2.3279990001E-02    1.1382835281E+00    1.3854599379E-01   -2.7277243920E+03    4.5813370752E-02
    2.3299990001E-02    7.1855799476E-01   -1.3289721776E-01   -2.7302082593E+03    5.6572561042E-02
    2.3319990001E-02    1.2430561765E+00   -1.9612983752E-01   -2.7327036815E+03    6.4057946477E-02
    2.3339990001E-02    8.7149345028E-01    4.8822631684E-01   -2.7347180550E+03    6.5654104924E-02
    2.3359990001E-02    7.5326718640E-01   -3.5991532809E-01   -2.7376508629E+03    5.2236585974E-02
    2.3379990001E-02    1.2419565126E+00   -1.1178494680E-01   -2.7397912074E+03    2.7355476868E-02
    2.3399990001E-02    8.8577627915E-01    1.6426216943E-01   -2.7420306808E+03    1.3802925543E-02
    2.3419990001E-02    1.1657594946E+00   -7.8997823812E-02   -2.7445627485E+03    2.4074753365E-02
    2.3439990001E-02    1.0865947239E+00    3.4063119179E-01   -2.7464963159E+03    4.0219896166E-02
    2.3459990001E-02    6.2641502477E-01   -1.4601091610E-01   -2.7491226827E+03    6.7510880213E-02
    2.3479990001E-02    1.2432214323E+00   -2.5581233049E-01   -2.7516336372E+03    7.1373844556E-02
    2.3499990001E-02    9.0319862344E-01    4.5811235654E-01   -2.7536536793E+03    6.6168555209E-02
    2.3519990001E-02    8.5935781521E-01   -2.5770226291E-01   -2.7564947017E+03    5.4113602406E-02
    2.3539990001E-02    1.2039938388E+00   -1.2395220603E-01   -2.7585877545E+03    3.3509923274E-02
    2.3559990001E-02    9.2151709483E-01    9.1061217442E-02   -2.7607145299E+03    2.6657384980E-02
    2.3579990001E-02    1.1069353481E+00   -3.0693188240E-01   -2.7633770641E+03    2.7096877425E-02
    2.3599990001E-02    1.1080297196E+00    4.3794076394E-01   -2.7653131286E+03    3.8606084555E-02
    2.3619990001E-02    5.5620527640E-01   -1.2106307722E-01   -2.7680403586E+03    6.4712685409E-02
    2.3639990001E-02    1.2240472887E+00   -3.0964661809E-01   -2.7705487537E+03    5.0484328492E-02
    2.3659990001E-02    9.5010073565E-01    3.8954758294E-01   -2.7725635645E+03    4.1794173841E-02
    2.3679990001E-02    9.9128547591E-01   -1.4789255964E-01   -2.7752970916E+03    4.1810024496E-02
    2.3699990001E-02    1.1882921179E+00    1.0906885720E-01   -2.7773023499E+03    3.9578831691E-02
    2.3719990001E-02    7.9798728575E-01    1.3308545147E-01   -2.7794998601E+03    5.7338710047E-02
    2.3739990001E-02    1.0658432040E+00   -4.3792476578E-01   -2.7822728155E+03    6.3046634232E-02
    2.3759990001E-02    1.1546457352E+00    4.2174147825E-01   -2.7842089429E+03    6.6889034515E-02
    2.3779990001E-02    6.0402602640E-01   -5.2059763664E-02   -2.7869346987E+03    6.5061174164E-02
    2.3799990001E-02    1.1676298336E+00   -3.3413070202E-01   -2.7894059929E+03    3.1135342085E-02
    2.3819990001E-02    1.0646513907E+00    2.1433264097E-01   -2.7913835796E+03    1.5751845315E-02
    2.3839990001E-02    1.0048060344E+00   -1.8975006196E-01   -2.7940253965E+03    1.4362959954E-02
    2.3859990001E-02    1.2035319472E+00    2.6401570570E-01   -2.7960672901E+03    2.9355116343E-02
    2.3879990001E-02    6.6867219403E-01    1.8367921798E-01   -2.7983785695E+03    6.0297657589E-02
    2.3899990001E-02    1.0538011872E+00   -4.8067140763E-01   -2.8012144367E+03    6.7299605136E-02
    2.3919990001E-02    1.1608539577E+00    3.7965618435E-01   -2.8031479027E+03    6.6137828322E-02
    2.3939990001E-02    7.1729557877E-01   -3.3572382936E-02   -2.8058435540E+03    6.0696773829E-02
    2.3959990001E-02    1.1657359251E+00   -1.7618182561E-01   -2.8081874505E+03    4.1439144437E-02
    2.3979990001E-02    1.0744610377E+00    1.3001941192E-01   -2.8101275591E+03    3.7615117094E-02
    2.3999990001E-02    8.7007321254E-01   -3.2917770349E-01   -2.8128010371E+03    3.5853579175E-02
    2.4019990001E-02    1.2526338577E+00    1.8961034053E-01   -2.8149246152E+03    4.6065488983E-02
    2.4039990001E-02    6.0842972019E-01    2.6340389796E-01   -2.8172535719E+03    6.1857708572E-02
    2.4059990001E-02    1.0106872323E+00   -4.8190537802E-01   -2.8201159919E+03    4.4731069198E-02
    2.4079990001E-02    1.1751975466E+00    2.5738936621E-01   -2.8220573831E+03    3.3993046693E-02
    2.4099990001E-02    8.4203141249E-01   -1.9152380679E-02   -2.8246623301E+03    3.0582720645E-02
    2.4119990001E-02    1.1977793054E+00    4.7559094778E-02   -2.8269093954E+03    3.4093425298E-02
    2.4139990001E-02    9.6329186276E-01    2.7433601473E-01   -2.8289052321E+03    5.1277459406E-02
    2.4159990001E-02    7.9663501977E-01   -3.9344183449E-01   -2.8316984108E+03    6.5945272001E-02
    2.4179990001E-02    1.2702533314E+00    1.1284293389E-01   -2.8338423376E+03    7.4268345263E-02
    2.4199990001E-02    6.6080212207E-01    2.8536198131E-01   -2.8361743233E+03    6.9523536187E-02
    2.4219990001E-02    1.0077652029E+00   -3.7491548502E-01   -2.8389465950E+03    4.2801561094E-02
    2.4239990001E-02    1.2009124954E+00    2.3244497897E-02   -2.8409068952E+03    2.4340728654E-02
    2.4259990001E-02    8.7644836427E-01   -6.9090474606E-02   -2.8433446809E+03    1.1958343338E-02
    2.4279990001E-02    1.2313337489E+00    2.2525763129E-02   -2.8456981336E+03    2.5174308119E-02
    2.4299990001E-02    8.6751546308E-01    4.0815260488E-01   -2.8477364386E+03    4.6813325755E-02
    2.4319990001E-02    7.5474149674E-01   -4.2560819672E-01   -2.8506486189E+03    6.9246243120E-02
    2.4339990001E-02    1.2689426503E+00    5.8912834650E-02   -2.8527799067E+03    7.0650508509E-02
    2.4359990001E-02    7.2948375514E-01    2.5588755418E-01   -2.8551179152E+03    6.0772018191E-02
    2.4379990001E-02    1.0867503109E+00   -1.9338662574E-01   -2.8577458735E+03    4.9318128644E-02
    2.4399990001E-02    1.1564044744E+00    8.4627888611E-02   -2.8596556075E+03    4.2907374241E-02
    2.4419990001E-02    7.4611441708E-01   -1.1111140390E-01   -2.8620923547E+03    4.8847273746E-02
    2.4439990001E-02    1.2363834366E+00   -1.8945979598E-01   -2.8645956204E+03    5.5943927933E-02
    2.4459990001E-02    8.7917971868E-01    4.9180703315E-01   -2.8665997313E+03    6.0768678732E-02
    2.4479990001E-02    7.2635344333E-01   -3.7195943612E-01   -2.8695428944E+03    5.3859597234E-02
    2.4499990001E-02    1.2491411879E+00   -8.7574175847E-02   -2.8716956319E+03    3.1850996289E-02
    2.4519990001E-02    8.5852813386E-01    1.9627029749E-01   -2.8739492098E+03    1.9567951050E-02
    2.4539990001E-02    1.1571795385E+00   -6.7187897712E-02   -2.8764867335E+03    2.8245670536E-02
    2.4559990001E-02    1.1031161384E+00    2.9780315989E-01   -2.8784121426E+03    4.2124897103E-02
    2.4579990001E-02    6.4475045050E-01   -1.2363249562E-01   -2.8809860683E+03    6.6063110538E-02
    2.4599990001E-02    1.2374802185E+00   -2.6431450955E-01   -2.8835216065E+03    7.1125923568E-02
    2.4619990001E-02    9.1416026327E-01    4.7197216522E-01   -2.8855269057E+03    6.7389919531E-02
    2.4639990001E-02    8.1655478304E-01   -2.7244199640E-01   -2.8883912774E+03    5.4454518020E-02
    2.4659990001E-02    1.2107913606E+00   -1.6073589336E-01   -2.8905199916E+03    3.1399024972E-02
    2.4679990001E-02    9.4410885151E-01    1.0231073167E-01   -2.8926430414E+03    2.0006001003E-02
    2.4699990001E-02    1.1146744690E+00   -2.6306975785E-01   -2.8952787860E+03    2.1246100208E-02
    2.4719990001E-02    1.1061783294E+00    4.2317285992E-01   -2.8972191654E+03    3.5088248758E-02
    2.4739990001E-02    5.6312401084E-01   -1.1479969029E-01   -2.8999144891E+03    6.6970606316E-02
    2.4759990001E-02    1.2267481113E+00   -3.1250701797E-01   -2.9024478837E+03    5.9706334902E-02
    2.4779990001E-02    9.4763101263E-01    4.1679051112E-01   -2.9044558929E+03    5.2012497716E-02
    2.4799990001E-02    9.5374657019E-01   -1.6699101607E-01   -2.9072172770E+03    4.9099407456E-02
    2.4819990001E-02    1.1913932234E+00    4.7298874385E-02   -2.9092458556E+03    4.0661120773E-02
    2.4839990001E-02    8.3628186112E-01    1.3027617170E-01   -2.9114031883E+03    5.4396534205E-02
    2.4859990001E-02    1.0577214449E+00   -4.2737078028E-01   -2.9141653939E+03    5.8721943822E-02
    2.4879990001E-02    1.1598338443E+00    4.1953176754E-01   -2.9161061449E+03    6.3852558585E-02
    2.4899990001E-02    5.7991124386E-01   -4.3787563711E-02   -2.9188200373E+03    6.5462424252E-02
    2.4919990001E-02    1.1721064129E+00   -3.5108254264E-01   -2.9213281665E+03    3.0822444359E-02
    2.4939990001E-02    1.0493143062E+00    2.5769315574E-01   -2.9233080050E+03    1.6303458090E-02
    2.4959990001E-02    1.0146358824E+00   -1.5579620354E-01   -2.9259593149E+03    1.7551449604E-02
    2.4979990001E-02    1.1979377536E+00    2.4430015917E-01   -2.9279932771E+03    3.1701448163E-02
    2.4999990001E-02    7.0277173703E-01    1.8570696483E-01   -2.9302700587E+03    5.9371115015E-02
    2.5019990001E-02    1.0437199244E+00   -4.7683342793E-01   -2.9331035094E+03    6.7375842017E-02
    2.5039990001E-02    1.1691154119E+00    3.8005702737E-01   -2.9350412317E+03    6.7630574112E-02
    2.5059990001E-02    6.8652940878E-01   -2.3228624391E-02   -2.9377328755E+03    6.2318060574E-02
    2.5079990001E-02    1.1569600460E+00   -2.2905104128E-01   -2.9401238602E+03    4.0151116074E-02
    2.5099990002E-02    1.0967601353E+00    1.1327533436E-01   -2.9420635336E+03    3.1109146076E-02
    2.5119990002E-02    8.9101743044E-01   -2.9771051615E-01   -2.9447078789E+03    2.5948139065E-02
    2.5139990002E-02    1.2457517183E+00    2.0131720162E-01   -2.9468304249E+03    3.7189158898E-02
    2.5159990002E-02    6.1702975202E-01    2.5993221742E-01   -2.9491443318E+03    5.9828413320E-02
    2.5179990002E-02    1.0100772245E+00   -4.9232577348E-01   -2.9520201558E+03    5.1592612315E-02
    2.5199990002E-02    1.1768703114E+00    2.8942836664E-01   -2.9539613641E+03    4.3834875128E-02
    2.5219990002E-02    8.0729547712E-01   -1.0672742989E-02   -2.9565868764E+03    4.0336758562E-02
    2.5239990002E-02    1.1878934358E+00    2.8206152374E-03   -2.9588573563E+03    3.7714004653E-02
    2.5259990002E-02    9.9713088436E-01    2.4063427882E-01   -2.9608280236E+03    5.1579064474E-02
    2.5279990002E-02    7.9778478989E-01   -3.7636100239E-01   -2.9635874217E+03    6.3631195424E-02
    2.5299990002E-02    1.2707012199E+00    1.0956120356E-01   -2.9657469858E+03    7.2904778708E-02
    2.5319990002E-02    6.5421756404E-01    3.0107737597E-01   -2.9680598893E+03    7.0136896556E-02
    2.5339990002E-02    9.9026539892E-01   -4.0573883461E-01   -2.9708708340E+03    4.1364383709E-02
    2.5359990002E-02    1.2032473523E+00    5.6200806598E-02   -2.9728372393E+03    2.2592402250E-02
    2.5379990002E-02    8.8648059591E-01   -4.4766142655E-02   -2.9752996070E+03    1.1122720802E-02
    2.5399990002E-02    1.2263453844E+00    5.1900011980E-02   -2.9776267422E+03    2.4902237361E-02
    2.5419990002E-02    8.8925408889E-01    3.8468386059E-01   -2.9796601491E+03    4.7015167981E-02
    2.5439990002E-02    7.5609999315E-01   -4.1505640763E-01   -2.9825469690E+03    6.9807214990E-02
    2.5459990002E-02    1.2707861968E+00    6.1616918776E-02   -2.9846910643E+03    7.3497978322E-02
    2.5479990002E-02    7.1671208258E-01    2.7121589797E-01   -2.9870194621E+03    6.4101619474E-02
    2.5499990002E-02    1.0638028800E+00   -2.3790662338E-01   -2.9896867196E+03    4.8824922985E-02
    2.5519990002E-02    1.1708249458E+00    4.1757645934E-02   -2.9916103507E+03    3.7739200106E-02
    2.5539990002E-02    7.7689584303E-01   -9.7941649386E-02   -2.9940186607E+03    3.8299601558E-02
    2.5559990002E-02    1.2324705126E+00   -1.6250169039E-01   -2.9965094799E+03    4.5227840922E-02
    2.5579990002E-02    8.7725225777E-01    4.8501950139E-01   -2.9985132139E+03    5.3931394106E-02
    2.5599990002E-02    7.1678910473E-01   -3.8749915937E-01   -3.0014604562E+03    5.5560458164E-02
    2.5619990002E-02    1.2554449691E+00   -5.2822032073E-02   -3.0036139753E+03    3.8953442880E-02
    2.5639990002E-02    8.2521785079E-01    2.1937412895E-01   -3.0058887655E+03    2.8015356674E-02
    2.5659990002E-02    1.1443682082E+00   -7.5884154971E-02   -3.0084412703E+03    3.3001091201E-02
    2.5679990002E-02    1.1163669121E+00    2.5130804200E-01   -3.0103578133E+03    4.3749525927E-02
    2.5699990002E-02    6.6574419162E-01   -1.1390420189E-01   -3.0128909864E+03    6.4576342122E-02
    2.5719990002E-02    1.2352699518E+00   -2.6031534442E-01   -3.0154339335E+03    7.0566884362E-02
    2.5739990002E-02    9.1483802632E-01    4.8206501907E-01   -3.0174332086E+03    6.8215055707E-02
    2.5759990002E-02    7.8384980348E-01   -2.9031747203E-01   -3.0203188866E+03    5.4398245034E-02
    2.5779990002E-02    1.2195733257E+00   -1.7559090655E-01   -3.0224702060E+03    2.8717441601E-02
    2.5799990002E-02    9.4330708946E-01    1.2134803573E-01   -3.0246115185E+03    1.4578509550E-02
    2.5819990002E-02    1.1312117147E+00   -2.0876638592E-01   -3.0272196874E+03    1.8914187006E-02
    2.5839990002E-02    1.0987304513E+00    4.0543035292E-01   -3.0291624931E+03    3.4584268521E-02
    2.5859990002E-02    5.7812544804E-01   -1.1931489110E-01   -3.0318339400E+03    6.8727571173E-02
    2.5879990002E-02    1.2314460177E+00   -3.0410379055E-01   -3.0343734591E+03    6.6562990777E-02
    2.5899990002E-02    9.3929287375E-01    4.3585493883E-01   -3.0363813133E+03    5.9621517265E-02
    2.5919990002E-02    9.2097694136E-01   -1.9044810687E-01   -3.0391676410E+03    5.3586026851E-02
    2.5939990002E-02    1.1935236934E+00   -1.3767778089E-02   -3.0412188325E+03    3.9892960785E-02
    2.5959990002E-02    8.6856370502E-01    1.1834958450E-01   -3.0433510808E+03    4.8765835392E-02
    2.5979990002E-02    1.0626587708E+00   -4.0593566721E-01   -3.0460933408E+03    5.1090073300E-02
    2.5999990002E-02    1.1529830947E+00    4.2506387775E-01   -3.0480351066E+03    5.7538591398E-02
    2.6019990002E-02    5.6165258103E-01   -5.4900134513E-02   -3.0507498629E+03    6.4690998224E-02
    2.6039990002E-02    1.1850223995E+00   -3.5229495722E-01   -3.0532738494E+03    3.2600386525E-02
    2.6059990002E-02    1.0228518731E+00    3.0325877323E-01   -3.0552605899E+03    1.9848285344E-02
    2.6079990002E-02    1.0204215437E+00   -1.3329973906E-01   -3.0579306810E+03    2.3204158963E-02
    2.6099990002E-02    1.1919188048E+00    2.1802371217E-01   -3.0599512375E+03    3.4580010038E-02
    2.6119990002E-02    7.3291348766E-01    1.7529538599E-01   -3.0622032671E+03    5.8926587577E-02
    2.6139990002E-02    1.0448557904E+00   -4.6844770460E-01   -3.0650239782E+03    6.6861088399E-02
    2.6159990002E-02    1.1693256426E+00    3.8876692031E-01   -3.0669634995E+03    6.8297300945E-02
    2.6179990002E-02    6.6011387347E-01   -2.4589819637E-02   -3.0696610687E+03    6.3472263435E-02
    2.6199990002E-02    1.1526882308E+00   -2.7327577991E-01   -3.0720853643E+03    3.8443460799E-02
    2.6219990002E-02    1.1044384255E+00    1.1803229705E-01   -3.0740330195E+03    2.5559492097E-02
    2.6239990002E-02    9.2396359145E-01   -2.6920088373E-01   -3.0766625484E+03    1.8477220572E-02
    2.6259990002E-02    1.2354203681E+00    2.2817761612E-01   -3.0787669523E+03    3.1177664547E-02
    2.6279990002E-02    6.2638060033E-01    2.4012285833E-01   -3.0810826592E+03    5.9540561445E-02
    2.6299990002E-02    1.0214074469E+00   -4.9586642877E-01   -3.0839555074E+03    5.9061447687E-02
    2.6319990002E-02    1.1740479580E+00    3.2256817913E-01   -3.0858947901E+03    5.3916576642E-02
    2.6339990002E-02    7.7834798826E-01   -1.2396246621E-02   -3.0885441160E+03    4.9715759725E-02
    2.6359990002E-02    1.1799358447E+00   -4.3819562080E-02   -3.0908334639E+03    4.1252997315E-02
    2.6379990002E-02    1.0219352780E+00    2.0547592706E-01   -3.0927883093E+03    5.1352103468E-02
    2.6399990002E-02    8.1044946128E-01   -3.6685037069E-01   -3.0955215466E+03    5.9833543314E-02
    2.6419990002E-02    1.2689565611E+00    1.2424343599E-01   -3.0976797649E+03    6.9599020890E-02
    2.6439990002E-02    6.4056074686E-01    3.0082071590E-01   -3.0999925293E+03    6.9761660716E-02
    2.6459990002E-02    9.8610589441E-01   -4.3316797330E-01   -3.1028276519E+03    4.0456067306E-02
    2.6479990002E-02    1.1991183327E+00    1.0760410134E-01   -3.1047911825E+03    2.2608548803E-02
    2.6499990002E-02    8.8690421073E-01   -2.9482849412E-02   -3.1072909355E+03    1.3076486073E-02
    2.6519990002E-02    1.2205173466E+00    7.5960723322E-02   -3.1095833709E+03    2.6733008192E-02
    2.6539990002E-02    9.0605260555E-01    3.5712667313E-01   -3.1116134045E+03    4.8308398956E-02
    2.6559990002E-02    7.6625571283E-01   -4.0962769475E-01   -3.1144762997E+03    6.9298133143E-02
    2.6579990002E-02    1.2710895972E+00    7.5227133084E-02   -3.1166222805E+03    7.4642397490E-02
    2.6599990002E-02    7.0124848290E-01    2.7639116031E-01   -3.1189526987E+03    6.6135124690E-02
    2.6619990002E-02    1.0456788446E+00   -2.7883147992E-01   -3.1216501929E+03    4.7559619723E-02
    2.6639990002E-02    1.1823742549E+00    1.2222201161E-02   -3.1235878966E+03    3.3225404898E-02
    2.6659990002E-02    8.0831387770E-01   -9.3566735186E-02   -3.1259872715E+03    2.8350875253E-02
    2.6679990002E-02    1.2325188073E+00   -1.1720785431E-01   -3.1284468237E+03    3.6255773805E-02
    2.6699990002E-02    8.6705408399E-01    4.7047237491E-01   -3.1304596688E+03    4.9240080870E-02
    2.6719990002E-02    7.2335191068E-01   -4.0578001514E-01   -3.1334069657E+03    5.8840831568E-02
    2.6739990002E-02    1.2606597910E+00   -1.3309273625E-02   -3.1355518007E+03    4.8555592633E-02
    2.6759990002E-02    7.9274994742E-01    2.3214281853E-01   -3.1378534191E+03    3.8300166477E-02
    2.6779990002E-02    1.1308427217E+00   -9.7520402159E-02   -3.1404210073E+03    3.8723537469E-02
    2.6799990002E-02    1.1262707166E+00    2.0568090807E-01   -3.1423301303E+03    4.5310702896E-02
    2.6819990002E-02    6.8603103564E-01   -1.1552254911E-01   -3.1448363562E+03    6.2745917046E-02
    2.6839990002E-02    1.2367265114E+00   -2.4454719832E-01   -3.1473714676E+03    6.9437645367E-02
    2.6859990002E-02    9.0488188739E-01    4.8823850658E-01   -3.1493725299E+03    6.8391114626E-02
    2.6879990002E-02    7.6382790963E-01   -3.1306295901E-01   -3.1522780605E+03    5.3832785594E-02
    2.6899990002E-02    1.2290084801E+00   -1.6656272799E-01   -3.1544365022E+03    2.6636774887E-02
    2.6919990002E-02    9.2728277990E-01    1.4082026421E-01   -3.1566106552E+03    1.2056029658E-02
    2.6939990002E-02    1.1483832570E+00   -1.5408754357E-01   -3.1591909920E+03    1.9390183066E-02
    2.6959990002E-02    1.0911340241E+00    3.8419869527E-01   -3.1611333308E+03    3.5958214636E-02
    2.6979990002E-02    5.9620632488E-01   -1.3013749553E-01   -3.1637887207E+03    6.8781329344E-02
    2.6999990002E-02    1.2366996406E+00   -2.8663221261E-01   -3.1663200608E+03    6.9614344819E-02
    2.7019990002E-02    9.2546148282E-01    4.4649905239E-01   -3.1683333170E+03    6.3300463129E-02
    2.7039990002E-02    8.9626286300E-01   -2.1621295298E-01   -3.1711418036E+03    5.4592540171E-02
    2.7059990002E-02    1.1960762891E+00   -6.3924252455E-02   -3.1732110339E+03    3.7491563343E-02
    2.7079990002E-02    8.9206134745E-01    1.0423479001E-01   -3.1753352384E+03    4.0208525904E-02
    2.7099990002E-02    1.0782297641E+00   -3.7305711773E-01   -3.1780506614E+03    4.0843558103E-02
    2.7119990002E-02    1.1358877022E+00    4.3368182681E-01   -3.1799904409E+03    4.8889303437E-02
    2.7139990002E-02    5.5313995170E-01   -8.2290836560E-02   -3.1827153161E+03    6.3445901189E-02
    2.7159990002E-02    1.2025560441E+00   -3.3675164684E-01   -3.1852347331E+03    3.7296753007E-02
    2.7179990002E-02    9.8976428998E-01    3.4267186191E-01   -3.1872347300E+03    2.6532089488E-02
    2.7199990002E-02    1.0173045295E+00   -1.2919298170E-01   -3.1899304443E+03    2.9793795992E-02
    2.7219990002E-02    1.1878222033E+00    1.8266717344E-01   -3.1919385898E+03    3.6855225084E-02
    2.7239990002E-02    7.5757493811E-01    1.5562706653E-01   -3.1941740938E+03    5.8705148177E-02
    2.7259990002E-02    1.0561144955E+00   -4.5627963816E-01   -3.1969751549E+03    6.5900627113E-02
    2.7279990002E-02    1.1617539981E+00    4.0512012299E-01   -3.1989135236E+03    6.8261991702E-02
    2.7299990002E-02    6.3790470132E-01   -3.8655059256E-02   -3.2016276831E+03    6.4161011363E-02
    2.7319990002E-02    1.1564793915E+00   -3.0430658986E-01   -3.2040697925E+03    3.5348618592E-02
    2.7339990002E-02    1.0936387079E+00    1.4916729792E-01   -3.2060317844E+03    2.0297192876E-02
    2.7359990002E-02    9.6289346884E-01   -2.4084225989E-01   -3.2086643464E+03    1.4239966634E-02
    2.7379990002E-02    1.2210353610E+00    2.5731278691E-01   -3.2107390481E+03    2.8356206559E-02
    2.7399990002E-02    6.3670759398E-01    2.0794097227E-01   -3.2130670482E+03    6.0151575283E-02
    2.7419990002E-02    1.0430054270E+00   -4.9050881324E-01   -3.2159223980E+03    6.4219342251E-02
    2.7439990002E-02    1.1642038290E+00    3.5594356754E-01   -3.2178582058E+03    6.0965696287E-02
    2.7459990002E-02    7.5580584317E-01   -2.6593859851E-02   -3.2205361729E+03    5.6125080547E-02
    2.7479990002E-02    1.1748171376E+00   -9.4402136250E-02   -3.2228383220E+03    4.2608286192E-02
    2.7499990002E-02    1.0404315636E+00    1.7128623990E-01   -3.2247870440E+03    4.7950583308E-02
    2.7519990002E-02    8.3657024786E-01   -3.6070528046E-01   -3.2275012175E+03    5.2072575524E-02
    2.7539990002E-02    1.2632343709E+00    1.5878225811E-01   -3.2296399091E+03    6.1827205323E-02
    2.7559990002E-02    6.1903232646E-01    2.8052909807E-01   -3.2319720910E+03    6.7103892244E-02
    2.7579990002E-02    9.9941088500E-01   -4.5748591703E-01   -3.2348169079E+03    3.9962320241E-02
    2.7599990002E-02    1.1861321108E+00    1.7863438676E-01   -3.2367694928E+03    2.4564965955E-02
    2.7619990002E-02    8.8067215878E-01   -2.6773770501E-02   -3.2393208169E+03    1.8501723852E-02
    2.7639990002E-02    1.2126625300E+00    8.6758574720E-02   -3.2415742030E+03    2.9710754018E-02
    2.7659990002E-02    9.1894575271E-01    3.2360342587E-01   -3.2436021167E+03    5.0001468708E-02
    2.7679990002E-02    7.8734101092E-01   -4.1080061452E-01   -3.2464434580E+03    6.8074908494E-02
    2.7699990002E-02    1.2696777424E+00    1.0445234316E-01   -3.2485773580E+03    7.4603173050E-02
    2.7719990002E-02    6.7944290070E-01    2.6898967644E-01   -3.2509257660E+03    6.7509290202E-02
    2.7739990002E-02    1.0350209732E+00   -3.1870381318E-01   -3.2536440981E+03    4.5591750051E-02
    2.7759990002E-02    1.1907133029E+00    3.5527527457E-03   -3.2555915630E+03    2.9385922271E-02
    2.7779990002E-02    8.4037781998E-01   -9.6469813543E-02   -3.2580062714E+03    1.9775152964E-02
    2.7799990002E-02    1.2354796634E+00   -4.9660350796E-02   -3.2604130510E+03    3.0025966958E-02
    2.7819990002E-02    8.4931534651E-01    4.4518222094E-01   -3.2624469543E+03    4.7662312876E-02
    2.7839990002E-02    7.4639372365E-01   -4.2805005768E-01   -3.2653905345E+03    6.3712164667E-02
    2.7859990002E-02    1.2639260628E+00    3.6752969598E-02   -3.2675147500E+03    5.9276294264E-02
    2.7879990002E-02    7.5980668984E-01    2.3204170817E-01   -3.2698540617E+03    4.9296439421E-02
    2.7899990002E-02    1.1192173706E+00   -1.2637257886E-01   -3.2724303193E+03    4.4807877485E-02
    2.7919990002E-02    1.1333915785E+00    1.6114268601E-01   -3.2743347789E+03    4.6562064788E-02
    2.7939990002E-02    7.0657873337E-01   -1.2955053844E-01   -3.2768289747E+03    5.9832347652E-02
    2.7959990002E-02    1.2421320251E+00   -2.1216246468E-01   -3.2793381367E+03    6.7215305596E-02
    2.7979990002E-02    8.8048681486E-01    4.8906941523E-01   -3.2813509398E+03    6.7621341263E-02
    2.7999990002E-02    7.5804412442E-01   -3.4552673565E-01   -3.2842769974E+03    5.2832541885E-02
    2.8019990002E-02    1.2380871712E+00   -1.3247855187E-01   -3.2864237862E+03    2.6584756446E-02
    2.8039990002E-02    9.0019031472E-01    1.5376403362E-01   -3.2886459626E+03    1.2284129514E-02
    2.8059990002E-02    1.1641747774E+00   -9.8166214342E-02   -3.2911913642E+03    2.2225272042E-02
    2.8079990002E-02    1.0830800030E+00    3.5899834968E-01   -3.2931307464E+03    3.8942002844E-02
    2.8099990002E-02    6.1672889541E-01   -1.4951894103E-01   -3.2957777713E+03    6.8283081983E-02
    2.8119990002E-02    1.2438934181E+00   -2.5829552763E-01   -3.2982869308E+03    7.1329563961E-02
    2.8139990002E-02    9.0304684701E-01    4.5219569275E-01   -3.3003126987E+03    6.5535482067E-02
    2.8159990002E-02    8.7853641763E-01   -2.4647538185E-01   -3.3031431840E+03    5.4268976681E-02
    2.8179990002E-02    1.2007304451E+00   -1.0179626796E-01   -3.3052229781E+03    3.4867668207E-02
    2.8199990002E-02    9.0619709612E-01    8.9528271632E-02   -3.3073569136E+03    3.1004186753E-02
    2.8219990002E-02    1.1036441020E+00   -3.2770433422E-01   -3.3100363114E+03    3.1350014959E-02
    2.8239990002E-02    1.1093643746E+00    4.4337020332E-01   -3.3119732354E+03    4.1570252259E-02
    2.8259990002E-02    5.5619225616E-01   -1.2328285565E-01   -3.3147169184E+03    6.3606877543E-02
    2.8279990002E-02    1.2220147248E+00   -3.0764735317E-01   -3.3172132609E+03    4.5291802769E-02
    2.8299990002E-02    9.5229483116E-01    3.7240048275E-01   -3.3192343711E+03    3.5973103869E-02
    2.8319990002E-02    1.0105548602E+00   -1.3963171562E-01   -3.3219543215E+03    3.7439226803E-02
    2.8339990002E-02    1.1858748430E+00    1.4111848677E-01   -3.3239518023E+03    3.8865913508E-02
    2.8359990002E-02    7.7498810322E-01    1.2943777725E-01   -3.3261792390E+03    5.8373936014E-02
    2.8379990002E-02    1.0760156732E+00   -4.3950964656E-01   -3.3289557398E+03    6.4482056964E-02
    2.8399990002E-02    1.1457982457E+00    4.2729550173E-01   -3.3308908887E+03    6.7540698947E-02
    2.8419990002E-02    6.2040954394E-01   -6.6214773440E-02   -3.3336322036E+03    6.4309431760E-02
    2.8439990002E-02    1.1695711478E+00   -3.1880854805E-01   -3.3360753196E+03    3.1800844501E-02
    2.8459990002E-02    1.0660431162E+00    1.9343317226E-01   -3.3380573928E+03    1.6362323241E-02
    2.8479990002E-02    1.0022544954E+00   -2.1149905550E-01   -3.3407006732E+03    1.3769413820E-02
    2.8499990002E-02    1.2040335658E+00    2.7708193576E-01   -3.3427416317E+03    2.8765710611E-02
    2.8519990002E-02    6.4605702076E-01    1.6974097889E-01   -3.3450861104E+03    6.1088203628E-02
    2.8539990002E-02    1.0702635452E+00   -4.7730192559E-01   -3.3479144994E+03    6.6551008725E-02
    2.8559990002E-02    1.1470575493E+00    3.8749875571E-01   -3.3498468755E+03    6.4396705312E-02
    2.8579990002E-02    7.4059146940E-01   -5.1455870823E-02   -3.3525571191E+03    5.9126836521E-02
    2.8599990002E-02    1.1732927152E+00   -1.4181517389E-01   -3.3548632933E+03    4.1584238738E-02
    2.8619990002E-02    1.0513176850E+00    1.4530835610E-01   -3.3568163330E+03    4.1488677736E-02
    2.8639990002E-02    8.7392823495E-01   -3.5397820839E-01   -3.3595180031E+03    4.1596458327E-02
    2.8659990002E-02    1.2524511345E+00    2.0668224754E-01   -3.3616234676E+03    5.1293282285E-02
    2.8679990002E-02    5.9553287477E-01    2.4118467905E-01   -3.3639908139E+03    6.3864439045E-02
    2.8699990002E-02    1.0293212265E+00   -4.7092595913E-01   -3.3668274776E+03    4.1459335193E-02
    2.8719990002E-02    1.1647089437E+00    2.5238975011E-01   -3.3687681248E+03    2.9286241919E-02
    2.8739990002E-02    8.6933194840E-01   -3.8872119197E-02   -3.3713779359E+03    2.5980461203E-02
    2.8759990002E-02    1.2041186378E+00    7.8413452477E-02   -3.3735973364E+03    3.2534849866E-02
    2.8779990002E-02    9.2764231470E-01    2.8683682430E-01   -3.3756245761E+03    5.1492041045E-02
    2.8799990002E-02    8.1827672467E-01   -4.1752066564E-01   -3.3784482968E+03    6.6461192632E-02
    2.8819990002E-02    1.2658690603E+00    1.4795676343E-01   -3.3805573118E+03    7.3638500945E-02
    2.8839990002E-02    6.5227273040E-01    2.4756581844E-01   -3.3829401728E+03    6.8496255522E-02
    2.8859990002E-02    1.0359319102E+00   -3.5444949272E-01   -3.3856670644E+03    4.2710359189E-02
    2.8879990002E-02    1.1914980367E+00    2.9993120929E-02   -3.3876169500E+03    2.5354423075E-02
    2.8899990002E-02    8.6910888214E-01   -1.0313619551E-01   -3.3900754120E+03    1.3714400006E-02
    2.8919990002E-02    1.2371878498E+00    3.0415869673E-02   -3.3924131568E+03    2.6373896198E-02
    2.8939990002E-02    8.2954833238E-01    4.0759833824E-01   -3.3944783457E+03    4.8053918791E-02
    2.8959990002E-02    7.8526072148E-01   -4.4954977407E-01   -3.3974122068E+03    6.6986695825E-02
    2.8979990002E-02    1.2626842743E+00    9.7187942452E-02   -3.3995048884E+03    6.6449560140E-02
    2.8999990002E-02    7.2776860655E-01    2.1456503234E-01   -3.4018938962E+03    5.7144568294E-02
    2.9019990002E-02    1.1114952342E+00   -1.6226661114E-01   -3.4044704666E+03    4.7487079139E-02
    2.9039990002E-02    1.1389808988E+00    1.2132561110E-01   -3.4063741417E+03    4.5027599140E-02
    2.9059990002E-02    7.3185848604E-01   -1.5363438256E-01   -3.4088725495E+03    5.2953887100E-02
    2.9079990002E-02    1.2493161263E+00   -1.5564307755E-01   -3.4113335109E+03    6.1033368638E-02
    2.9099990002E-02    8.3934992203E-01    4.7842264184E-01   -3.4133717807E+03    6.3896014914E-02
    2.9119990002E-02    7.7046809955E-01   -3.9012162794E-01   -3.4163177925E+03    5.1060135197E-02
    2.9139990002E-02    1.2445166775E+00   -6.2938257400E-02   -3.4184313812E+03    2.8851877629E-02
    2.9159990002E-02    8.6326110326E-01    1.5482466107E-01   -3.4207229021E+03    1.6304176482E-02
    2.9179990002E-02    1.1739466058E+00   -5.1328675469E-02   -3.4232257095E+03    2.6597720529E-02
    2.9199990002E-02    1.0754700142E+00    3.2650348627E-01   -3.4251608372E+03    4.2241774643E-02
    2.9219990002E-02    6.4176361638E-01   -1.7975144002E-01   -3.4278080867E+03    6.7236729595E-02
    2.9239990002E-02    1.2531173454E+00   -2.1400469415E-01   -3.4302776782E+03    7.2291038003E-02
    2.9259990002E-02    8.6826554519E-01    4.5159136092E-01   -3.4323268318E+03    6.6962237620E-02
    2.9279990002E-02    8.6886005677E-01   -2.8472460238E-01   -3.4351800476E+03    5.2893555369E-02
    2.9299990002E-02    1.2091783343E+00   -1.2270093506E-01   -3.4372599623E+03    3.1796460753E-02
    2.9319990002E-02    9.1032899084E-01    7.4294541460E-02   -3.4394260151E+03    2.2495218439E-02
    2.9339990002E-02    1.1383196663E+00   -2.6221168408E-01   -3.4420542527E+03    2.4751787110E-02
    2.9359990002E-02    1.0720489011E+00    4.4899351224E-01   -3.4439922678E+03    3.7920359368E-02
    2.9379990002E-02    5.7253492575E-01   -1.7787358012E-01   -3.4467622724E+03    6.6107927290E-02
    2.9399990002E-02    1.2425237201E+00   -2.6171314759E-01   -3.4492156459E+03    5.6187626199E-02
    2.9419990002E-02    9.0754135169E-01    3.9101974428E-01   -3.4512693759E+03    4.7430068960E-02
    2.9439990002E-02    1.0050880022E+00   -1.6073099602E-01   -3.4540084561E+03    4.5754354597E-02
    2.9459990002E-02    1.1845072281E+00    9.4924081590E-02   -3.4559954332E+03    4.1261765204E-02
    2.9479990002E-02    7.8508680219E-01    9.5450079182E-02   -3.4582260336E+03    5.7097426929E-02
    2.9499990002E-02    1.1053020260E+00   -4.1309971640E-01   -3.4609699575E+03    6.2020454621E-02
    2.9519990002E-02    1.1172557652E+00    4.5459851696E-01   -3.4629016924E+03    6.5698513409E-02
    2.9539990002E-02    6.0873738916E-01   -1.1185691972E-01   -3.4656830285E+03    6.3621587832E-02
    2.9559990002E-02    1.1915623537E+00   -3.1327809885E-01   -3.4681060742E+03    2.9601187768E-02
    2.9579990002E-02    1.0229578507E+00    2.3750233650E-01   -3.4701176030E+03    1.4704894053E-02
    2.9599990002E-02    1.0435150757E+00   -1.7621963036E-01   -3.4727676362E+03    1.6772366394E-02
    2.9619990002E-02    1.1848361656E+00    2.8422635478E-01   -3.4747723198E+03    3.1771319125E-02
    2.9639990002E-02    6.5520596605E-01    1.2485957440E-01   -3.4771366243E+03    6.2030296494E-02
    2.9659990002E-02    1.1025924233E+00   -4.5553258809E-01   -3.4799288180E+03    6.7511896963E-02
    2.9679990002E-02    1.1210465337E+00    4.1940524472E-01   -3.4818595014E+03    6.6002920438E-02
    2.9699990002E-02    7.2949871518E-01   -8.7134144426E-02   -3.4846076328E+03    6.0215010202E-02
    2.9719990002E-02    1.1753930813E+00   -1.8498190248E-01   -3.4869092678E+03    3.9247940633E-02
    2.9739990002E-02    1.0533335982E+00    1.3032393427E-01   -3.4888770333E+03    3.3756951249E-02
    2.9759990002E-02    9.2318333606E-01   -3.4190711279E-01   -3.4915684862E+03    3.0552469852E-02
    2.9779990002E-02    1.2345653297E+00    2.6305139003E-01   -3.4936309702E+03    4.0816100724E-02
    2.9799990002E-02    5.7591812216E-01    1.8289981074E-01   -3.4960477842E+03    6.2137067888E-02
    2.9819990002E-02    1.0720075327E+00   -4.6884691692E-01   -3.4988568731E+03    4.6140735688E-02
    2.9839990002E-02    1.1344956109E+00    3.2139215532E-01   -3.5007908665E+03    3.7090269248E-02
    2.9859990002E-02    8.6034045447E-01   -6.2473535407E-02   -3.5034588994E+03    3.5507542025E-02
    2.9879990002E-02    1.1970784278E+00    5.6689559581E-02   -3.5056475602E+03    3.5885126406E-02
    2.9899990002E-02    9.3197592638E-01    2.4834056373E-01   -3.5076773300E+03    5.3060082649E-02
    2.9919990002E-02    8.5798057930E-01   -4.2672420256E-01   -3.5104860903E+03    6.4641422976E-02
    2.9939990002E-02    1.2583298990E+00    2.0291453743E-01   -3.5125609549E+03    7.2015399779E-02
    2.9959990002E-02    6.2174344102E-01    2.1142593880E-01   -3.5149936964E+03    6.9355039706E-02
    2.9979990002E-02    1.0499066007E+00   -3.8416380233E-01   -3.5177154142E+03    3.9278903946E-02
    2.9999990002E-02    1.1799457212E+00    9.0439875699E-02   -3.5196627836E+03    2.1768585139E-02
    3.0019990002E-02    8.9616083858E-01   -1.1063982421E-01   -3.5221826461E+03    1.1294960030E-02
    3.0039990002E-02    1.2343352092E+00    1.0421473090E-01   -3.5244425201E+03    2.5618132205E-02
    3.0059990002E-02    8.0939062502E-01    3.6362064671E-01   -3.5265435765E+03    5.0370078044E-02
    3.0079990002E-02    8.3376804267E-01   -4.6796266350E-01   -3.5294631308E+03    6.8678886920E-02
    3.0099990002E-02    1.2561783451E+00    1.6316897012E-01   -3.5315185342E+03    7.0108795954E-02
    3.0119990002E-02    6.9907274360E-01    1.8159823964E-01   -3.5339672960E+03    6.1949633511E-02
    3.0139990002E-02    1.1096762087E+00   -1.9913296935E-01   -3.5365331317E+03    4.7183673586E-02
    3.0159990002E-02    1.1430056535E+00    9.2083386891E-02   -3.5384404686E+03    4.1017352509E-02
    3.0179990002E-02    7.6390079301E-01   -1.8305994447E-01   -3.5409569086E+03    4.3395819757E-02
    3.0199990002E-02    1.2552988697E+00   -7.7955967383E-02   -3.5433502384E+03    5.2489994190E-02
    3.0219990002E-02    7.8743993702E-01    4.5252203441E-01   -3.5454289624E+03    5.9422422226E-02
    3.0239990002E-02    8.0399463539E-01   -4.3711542096E-01   -3.5483867229E+03    5.0533994179E-02
    3.0259990002E-02    1.2445358513E+00    2.9629902722E-02   -3.5504539978E+03    3.4046083043E-02
    3.0279990002E-02    8.2350989325E-01    1.3872705132E-01   -3.5528293750E+03    2.3821089895E-02
    3.0299990002E-02    1.1757217380E+00   -3.0683324517E-02   -3.5552904455E+03    3.0986898594E-02
    3.0319990002E-02    1.0682037204E+00    2.9061905051E-01   -3.5572219195E+03    4.5092364580E-02
    3.0339990002E-02    6.7109372442E-01   -2.1972568607E-01   -3.5598794889E+03    6.6103276947E-02
    3.0359990002E-02    1.2626719963E+00   -1.5317449714E-01   -3.5622924549E+03    7.3146369173E-02
    3.0379990002E-02    8.2166615172E-01    4.4104587279E-01   -3.5643789501E+03    6.8199776177E-02
    3.0399990002E-02    8.7257260078E-01   -3.2781936372E-01   -3.5672508139E+03    5.0659042920E-02
    3.0419990002E-02    1.2189187652E+00   -1.1360728300E-01   -3.5693165949E+03    2.8451839397E-02
    3.0439990002E-02    9.0159844660E-01    5.9189452678E-02   -3.5715429192E+03    1.5541504734E-02
    3.0459990002E-02    1.1739273138E+00   -1.7568202065E-01   -3.5741057699E+03    2.1716659312E-02
    3.0479990002E-02    1.0297926406E+00    4.3923791449E-01   -3.5760542051E+03    3.7760747481E-02
    3.0499990002E-02    6.0490709777E-01   -2.3938525677E-01   -3.5788522012E+03    6.8263938220E-02
    3.0519990002E-02    1.2593035298E+00   -1.9534101316E-01   -3.5812425839E+03    6.5094601897E-02
    3.0539990002E-02    8.5594286304E-01    3.9066511169E-01   -3.5833436259E+03    5.6149374399E-02
    3.0559990002E-02    1.0032054848E+00   -1.9259498158E-01   -3.5860941989E+03    5.0258215732E-02
    3.0579990002E-02    1.1838630247E+00    4.9610962198E-02   -3.5880706651E+03    4.0824942848E-02
    3.0599990002E-02    7.8996418807E-01    5.3870953160E-02   -3.5903204478E+03    5.1850835824E-02
    3.0619990002E-02    1.1419186288E+00   -3.6663617229E-01   -3.5930176074E+03    5.5710632723E-02
    3.0639990002E-02    1.0701805771E+00    4.8034363007E-01   -3.5949506178E+03    6.0406625626E-02
    3.0659990002E-02    6.0812285462E-01   -1.7988579544E-01   -3.5977830152E+03    6.0931476954E-02
    3.0679990002E-02    1.2195805773E+00   -2.7453336267E-01   -3.6001594123E+03    2.9639319255E-02
    3.0699990002E-02    9.6338891083E-01    2.7139305461E-01   -3.6022187748E+03    1.6386337652E-02
    3.0719990002E-02    1.0810623950E+00   -1.3746970061E-01   -3.6048659752E+03    2.2432830859E-02
    3.0739990002E-02    1.1660119264E+00    2.7443218672E-01   -3.6068356521E+03    3.6093379860E-02
    3.0759990002E-02    6.6466085762E-01    7.0786199765E-02   -3.6092253420E+03    6.2385844746E-02
    3.0779990002E-02    1.1400335647E+00   -4.2062625828E-01   -3.6119686564E+03    6.7465385415E-02
    3.0799990002E-02    1.0818899527E+00    4.5111455166E-01   -3.6139024402E+03    6.6332553709E-02
    3.0819990002E-02    7.2253354942E-01   -1.3663969545E-01   -3.6166957537E+03    5.9629565775E-02
    3.0839990002E-02    1.1832808955E+00   -2.1836121958E-01   -3.6189809270E+03    3.6210451095E-02
    3.0859990002E-02    1.0405944383E+00    1.3062686312E-01   -3.6209776722E+03    2.6084251125E-02
    3.0879990002E-02    9.8592578318E-01   -3.1719904455E-01   -3.6236560917E+03    2.1747110537E-02
    3.0899990002E-02    1.2059187877E+00    3.2206571108E-01   -3.6256711342E+03    3.3645265545E-02
    3.0919990002E-02    5.6563109521E-01    1.0564532917E-01   -3.6281512962E+03    6.3264517807E-02
    3.0939990002E-02    1.1234384176E+00   -4.4786869267E-01   -3.6309105853E+03    5.4253343292E-02
    3.0959990002E-02    1.0923940027E+00    3.8291022121E-01   -3.6328472425E+03    4.7438956443E-02
    3.0979990002E-02    8.5842552493E-01   -9.6932402719E-02   -3.6355694861E+03    4.5571262688E-02
    3.0999990002E-02    1.1935363333E+00    2.3582893942E-02   -3.6377272837E+03    3.8865253127E-02
    3.1019990002E-02    9.3050403978E-01    2.0809509177E-01   -3.6397670763E+03    5.3599864322E-02
    3.1039990002E-02    9.0929326600E-01   -4.3333870123E-01   -3.6425611232E+03    6.1202450492E-02
    3.1059990003E-02    1.2430469041E+00    2.6936632573E-01   -3.6445942363E+03    6.8377545073E-02
    3.1079990003E-02    5.9014166419E-01    1.5474647940E-01   -3.6470954422E+03    6.9088709072E-02
    3.1099990003E-02    1.0797761393E+00   -4.0424133723E-01   -3.6497931391E+03    3.5685797418E-02
    3.1119990003E-02    1.1499462505E+00    1.7480106405E-01   -3.6517378334E+03    1.9311883061E-02
    3.1139990003E-02    9.2813186368E-01   -1.1719332426E-01   -3.6543242325E+03    1.2929646324E-02
    3.1159990003E-02    1.2247501278E+00    1.5945023956E-01   -3.6565011530E+03    2.7331455160E-02
    3.1179990003E-02    7.9167742203E-01    3.1191886275E-01   -3.6586393219E+03    5.3140882004E-02
    3.1199990003E-02    8.9103334569E-01   -4.7944831462E-01   -3.6615373681E+03    6.8332153493E-02
    3.1219990003E-02    1.2424287003E+00    2.3381601021E-01   -3.6635537928E+03    7.0547445675E-02
    3.1239990003E-02    6.7359916435E-01    1.3377842862E-01   -3.6660722187E+03    6.3997854183E-02
    3.1259990003E-02    1.1137040090E+00   -2.3820366714E-01   -3.6686179660E+03    4.4614068965E-02
    3.1279990003E-02    1.1445019627E+00    7.7430673224E-02   -3.6705338699E+03    3.4859158645E-02
    3.1299990003E-02    8.0816375463E-01   -2.1241160601E-01   -3.6730799803E+03    3.1559515295E-02
    3.1319990003E-02    1.2565754573E+00    2.0893919588E-02   -3.6753859640E+03    4.1974561806E-02
    3.1339990003E-02    7.3098319984E-01    4.0455688946E-01   -3.6775235404E+03    5.5845187812E-02
    3.1359990003E-02    8.6057498531E-01   -4.7622855005E-01   -3.6804773634E+03    5.2114840247E-02
    3.1379990003E-02    1.2355472950E+00    1.3457818067E-01   -3.6824952224E+03    4.1723615750E-02
    3.1399990003E-02    7.8729352637E-01    1.0537482761E-01   -3.6849651290E+03    3.4274528789E-02
    3.1419990003E-02    1.1733268112E+00   -3.3982242826E-02   -3.6873830853E+03    3.5808874199E-02
    3.1439990003E-02    1.0612282429E+00    2.5196031036E-01   -3.6893125045E+03    4.7993585291E-02
    3.1459990003E-02    7.0797339520E-01   -2.6606173131E-01   -3.6919865598E+03    6.4645124706E-02
    3.1479990003E-02    1.2701936702E+00   -7.4667262284E-02   -3.6943276366E+03    7.3629764845E-02
    3.1499990003E-02    7.6455233360E-01    4.1668426010E-01   -3.6964683665E+03    6.9413179423E-02
    3.1519990003E-02    8.9153312467E-01   -3.7367709169E-01   -3.6993513222E+03    4.7445088800E-02
    3.1539990003E-02    1.2247218655E+00   -6.4274495000E-02   -3.7013896053E+03    2.5295988787E-02
    3.1559990003E-02    8.8756280121E-01    4.0389063360E-02   -3.7037041967E+03    1.1353086606E-02
    3.1579990003E-02    1.2018046582E+00   -7.4579068120E-02   -3.7061841230E+03    2.2226484640E-02
    3.1599990003E-02    9.8805312017E-01    4.1552032086E-01   -3.7081530247E+03    4.0763843231E-02
    3.1619990003E-02    6.5052332697E-01   -3.0265713078E-01   -3.7109765838E+03    6.9861393572E-02
    3.1639990003E-02    1.2703155153E+00   -1.1127176193E-01   -3.7132892209E+03    7.1692125504E-02
    3.1659990003E-02    7.9949982156E-01    3.7052697476E-01   -3.7154548985E+03    6.2224463750E-02
    3.1679990003E-02    1.0085417328E+00   -2.2851031012E-01   -3.7182057556E+03    5.1317367550E-02
    3.1699990003E-02    1.1843626419E+00    1.5260048979E-02   -3.7201713818E+03    3.8858095642E-02
    3.1719990003E-02    7.9406308791E-01    5.5955412281E-03   -3.7224581315E+03    4.3537832050E-02
    3.1739990003E-02    1.1801654537E+00   -2.9522544649E-01   -3.7250886951E+03    4.7382224518E-02
    3.1759990003E-02    1.0050006413E+00    4.9539762361E-01   -3.7270345576E+03    5.4191283843E-02
    3.1779990003E-02    6.2602259451E-01   -2.6431249335E-01   -3.7299200796E+03    5.9073528766E-02
    3.1799990003E-02    1.2442042659E+00   -1.9919810464E-01   -3.7322238458E+03    3.4663020211E-02
    3.1819990003E-02    8.9492716695E-01    2.8219258025E-01   -3.7343556679E+03    2.2943285448E-02
    3.1839990003E-02    1.1064461138E+00   -1.0947857289E-01   -3.7369898187E+03    2.9085901050E-02
    3.1859990003E-02    1.1509864252E+00    2.4859242457E-01   -3.7389314024E+03    3.9694848485E-02
    3.1879990003E-02    6.7258170275E-01    7.0378457246E-03   -3.7413551750E+03    6.2713429254E-02
    3.1899990003E-02    1.1798453344E+00   -3.6936897219E-01   -3.7440346199E+03    6.7765530023E-02
    3.1919990003E-02    1.0266235518E+00    4.7782004646E-01   -3.7459813186E+03    6.6828909516E-02
    3.1939990003E-02    7.2422247842E-01   -1.9940999347E-01   -3.7488239601E+03    5.8192152114E-02
    3.1959990003E-02    1.1998727736E+00   -2.2692360250E-01   -3.7510755275E+03    3.1970089688E-02
    3.1979990003E-02    1.0048456703E+00    1.4428530306E-01   -3.7531228478E+03    1.8630535377E-02
    3.1999990003E-02    1.0556987976E+00   -2.7025891789E-01   -3.7557805452E+03    1.7220214289E-02
    3.2019990003E-02    1.1643757593E+00    3.6575627812E-01   -3.7577551890E+03    3.1291446080E-02
    3.2039990003E-02    5.6973500648E-01    1.5193206607E-02   -3.7603057565E+03    6.5386859935E-02
    3.2059990003E-02    1.1753376805E+00   -4.0104480237E-01   -3.7629901896E+03    6.1595295469E-02
    3.2079990003E-02    1.0348028744E+00    4.2706101300E-01   -3.7649438619E+03    5.5756822428E-02
    3.2099990003E-02    8.6578635177E-01   -1.4242605212E-01   -3.7677122862E+03    5.2038378195E-02
    3.2119990003E-02    1.1935349559E+00   -1.8290666288E-02   -3.7698384215E+03    3.9914278933E-02
    3.2139990003E-02    9.2141813247E-01    1.6638427393E-01   -3.7719010488E+03    5.0394252013E-02
    3.2159990003E-02    9.7430495466E-01   -4.2659416615E-01   -3.7746747677E+03    5.3937515671E-02
    3.2179990003E-02    1.2128604318E+00    3.4293577679E-01   -3.7766635112E+03    6.0878612920E-02
    3.2199990003E-02    5.6340779362E-01    7.1149932707E-02   -3.7792526194E+03    6.6538686548E-02
    3.2219990003E-02    1.1276436289E+00   -4.0286555764E-01   -3.7818991719E+03    3.3287702234E-02
    3.2239990003E-02    1.0958419204E+00    2.6338919660E-01   -3.7838509261E+03    1.9174834092E-02
    3.2259990003E-02    9.6631562795E-01   -1.2210137523E-01   -3.7864971900E+03    1.8658698023E-02
    3.2279990003E-02    1.2091096287E+00    1.8768846383E-01   -3.7885944763E+03    3.1132395103E-02
    3.2299990003E-02    7.7658848154E-01    2.5066778673E-01   -3.7907720228E+03    5.5634339844E-02
    3.2319990003E-02    9.5814721971E-01   -4.8063472671E-01   -3.7936384301E+03    6.6963867687E-02
    3.2339990003E-02    1.2177577700E+00    3.0916139065E-01   -3.7956169678E+03    6.9402966274E-02
    3.2359990003E-02    6.5263777234E-01    6.9074672031E-02   -3.7982168474E+03    6.4479153235E-02
    3.2379990003E-02    1.1258602475E+00   -2.7515775193E-01   -3.8007292008E+03    4.1092771958E-02
    3.2399990003E-02    1.1370589998E+00    8.7408407914E-02   -3.8026592710E+03    2.8757808351E-02
    3.2419990003E-02    8.6779506198E-01   -2.3695208875E-01   -3.8052440274E+03    2.1369193732E-02
    3.2439990003E-02    1.2498170730E+00    1.3366208166E-01   -3.8074476268E+03    3.3444360054E-02
    3.2459990003E-02    6.7810618557E-01    3.3063064206E-01   -3.8096649752E+03    5.6280349850E-02
    3.2479990003E-02    9.3622318369E-01   -4.9953196696E-01   -3.8125928700E+03    5.7335234521E-02
    3.2499990003E-02    1.2140604275E+00    2.4055752402E-01   -3.8145665348E+03    5.1298963929E-02
    3.2519990003E-02    7.6419846844E-01    5.4397178256E-02   -3.8171347399E+03    4.5725584102E-02
    3.2539990003E-02    1.1720684068E+00   -5.1201175946E-02   -3.8195024610E+03    4.0527911702E-02
    3.2559990003E-02    1.0517949725E+00    2.1539538074E-01   -3.8214364730E+03    5.0141895635E-02
    3.2579990003E-02    7.5655490251E-01   -3.1556062564E-01   -3.8241333673E+03    6.1602334099E-02
    3.2599990003E-02    1.2729284200E+00    2.3803118542E-02   -3.8263870167E+03    7.1754060012E-02
    3.2619990003E-02    6.9830346594E-01    3.7029915601E-01   -3.8286048891E+03    6.9675443348E-02
    3.2639990003E-02    9.3049959595E-01   -4.1700304191E-01   -3.8314833255E+03    4.3556983381E-02
    3.2659990003E-02    1.2187400113E+00    2.8311545504E-02   -3.8334831025E+03    2.3627544741E-02
    3.2679990003E-02    8.7865814550E-01    1.2100156885E-02   -3.8359053928E+03    1.1384340754E-02
    3.2699990003E-02    1.2155556153E+00    1.9676355641E-02   -3.8382838015E+03    2.4730611725E-02
    3.2719990003E-02    9.4927552678E-01    3.8054885219E-01   -3.8402814948E+03    4.4944454536E-02
    3.2739990003E-02    7.0959557872E-01   -3.6128530343E-01   -3.8431243609E+03    6.9547633781E-02
    3.2759990003E-02    1.2740693012E+00   -1.2267458197E-02   -3.8453510227E+03    7.4480543704E-02
    3.2779990003E-02    7.4137845384E-01    3.2956598561E-01   -3.8475995479E+03    6.5234159220E-02
    3.2799990003E-02    1.0207474182E+00   -2.6712958411E-01   -3.8503384570E+03    4.9285680628E-02
    3.2819990003E-02    1.1867900677E+00   -1.1251718724E-03   -3.8522940358E+03    3.4704466915E-02
    3.2839990003E-02    8.0478105996E-01   -4.7282797271E-02   -3.8546377598E+03    3.2380735492E-02
    3.2859990003E-02    1.2135900367E+00   -1.9318300111E-01   -3.8571753199E+03    3.8070490201E-02
    3.2879990003E-02    9.2682206902E-01    4.8718498921E-01   -3.8591537096E+03    4.8691613412E-02
    3.2899990003E-02    6.7351508776E-01   -3.5256325039E-01   -3.8620821763E+03    5.8590757241E-02
    3.2919990003E-02    1.2591370673E+00   -9.1006231757E-02   -3.8642964081E+03    4.4069554480E-02
    3.2939990003E-02    8.2560758667E-01    2.6545904483E-01   -3.8665263432E+03    3.3385398284E-02
    3.2959990003E-02    1.1192365234E+00   -1.0327119837E-01   -3.8691342426E+03    3.5935131248E-02
    3.2979990003E-02    1.1382368125E+00    2.1335299643E-01   -3.8710550574E+03    4.3236206283E-02
    3.2999990003E-02    6.8256716314E-01   -6.4773114234E-02   -3.8735214579E+03    6.2564805325E-02
    3.3019990003E-02    1.2168255820E+00   -2.9792646060E-01   -3.8761199472E+03    6.8395157781E-02
    3.3039990003E-02    9.5489915113E-01    4.9158327018E-01   -3.8780952499E+03    6.7658449512E-02
    3.3059990003E-02    7.3938113591E-01   -2.7213629432E-01   -3.8809848630E+03    5.5733112506E-02
    3.3079990003E-02    1.2208948228E+00   -1.9958475632E-01   -3.8831864440E+03    2.7771538019E-02
    3.3099990003E-02    9.5314311639E-01    1.5151671866E-01   -3.8853123592E+03    1.3169365319E-02
    3.3119990003E-02    1.1213129579E+00   -1.9492649446E-01   -3.8879283079E+03    1.7847715943E-02
    3.3139990003E-02    1.1160363555E+00    3.8149887025E-01   -3.8898789829E+03    3.3778165947E-02
    3.3159990003E-02    5.8571463382E-01   -8.0742588284E-02   -3.8924987451E+03    6.7869317792E-02
    3.3179990003E-02    1.2194375534E+00   -3.2962477055E-01   -3.8950878411E+03    6.7553665238E-02
    3.3199990003E-02    9.6304368862E-01    4.4767773533E-01   -3.8970779190E+03    6.1661112110E-02
    3.3219990003E-02    8.8218848498E-01   -1.9397921973E-01   -3.8998808938E+03    5.4647842211E-02
    3.3239990003E-02    1.1951283808E+00   -5.6821976891E-02   -3.9019730175E+03    3.8296107526E-02
    3.3259990003E-02    9.0409973446E-01    1.2315440621E-01   -3.9040754841E+03    4.3435694170E-02
    3.3279990003E-02    1.0477285702E+00   -3.9448206220E-01   -3.9068139257E+03    4.4344670204E-02
    3.3299990003E-02    1.1622743206E+00    4.1115197627E-01   -3.9087666714E+03    5.1882923877E-02
    3.3319990003E-02    5.5098972750E-01   -3.6057181263E-02   -3.9114547320E+03    6.4053718861E-02
    3.3339990003E-02    1.1833737345E+00   -3.6282155458E-01   -3.9140178446E+03    3.5209169938E-02
    3.3359990003E-02    1.0204850702E+00    3.2850972354E-01   -3.9160012104E+03    2.3688824149E-02
    3.3379990003E-02    1.0047441995E+00   -1.2734225323E-01   -3.9186907629E+03    2.6643451507E-02
    3.3399990003E-02    1.1926575377E+00    1.8809787547E-01   -3.9207217457E+03    3.5250625210E-02
    3.3419990003E-02    7.6158919851E-01    1.8015140008E-01   -3.9229451819E+03    5.7752606767E-02
    3.3439990003E-02    1.0328728937E+00   -4.6534969636E-01   -3.9257667455E+03    6.5740776299E-02
    3.3459990003E-02    1.1770089108E+00    3.8402352340E-01   -3.9277146313E+03    6.8093494857E-02
    3.3479990003E-02    6.4096261702E-01   -1.3278702221E-02   -3.9304051406E+03    6.3999250580E-02
    3.3499990003E-02    1.1485996788E+00   -2.9917327793E-01   -3.9328657093E+03    3.6750681309E-02
    3.3519990003E-02    1.1063824905E+00    1.3237766938E-01   -3.9348208535E+03    2.2166669574E-02
    3.3539990003E-02    9.4077907988E-01   -2.4611624311E-01   -3.9374481606E+03    1.4982443201E-02
    3.3559990003E-02    1.2291244380E+00    2.3634539993E-01   -3.9395493663E+03    2.8528972516E-02
    3.3579990003E-02    6.4051211819E-01    2.3212748985E-01   -3.9418611086E+03    5.8776743614E-02
    3.3599990003E-02    1.0245536767E+00   -4.9469166979E-01   -3.9447343407E+03    6.2047121640E-02
    3.3619990003E-02    1.1736409923E+00    3.3679130262E-01   -3.9466770297E+03    5.8270320530E-02
    3.3639990003E-02    7.5935806555E-01   -1.4009924240E-02   -3.9493399467E+03    5.3596778058E-02
    3.3659990003E-02    1.1752766903E+00   -7.9990884488E-02   -3.9516508489E+03    4.1817563151E-02
    3.3679990003E-02    1.0375883981E+00    1.8260261054E-01   -3.9536016429E+03    4.8669282258E-02
    3.3699990003E-02    8.2401259974E-01   -3.5915371234E-01   -3.9563222411E+03    5.4228103948E-02
    3.3719990003E-02    1.2655622939E+00    1.4183526740E-01   -3.9584761212E+03    6.3963749619E-02
    3.3739990003E-02    6.2844357129E-01    2.9061890485E-01   -3.9607995858E+03    6.7414693873E-02
    3.3759990003E-02    9.9290669178E-01   -4.4982988787E-01   -3.9636471601E+03    3.9596867827E-02
    3.3779990003E-02    1.1907723853E+00    1.5586528953E-01   -3.9656071804E+03    2.3356079235E-02
    3.3799990003E-02    8.8340587167E-01   -2.7087004820E-02   -3.9681450767E+03    1.6398283439E-02
    3.3819990003E-02    1.2153527692E+00    8.6044767272E-02   -3.9704123284E+03    2.8535303172E-02
    3.3839990003E-02    9.1265616123E-01    3.3346519294E-01   -3.9724463060E+03    4.9264340845E-02
    3.3859990003E-02    7.8428727366E-01   -4.1261003136E-01   -3.9752988596E+03    6.7988484773E-02
    3.3879990003E-02    1.2693729859E+00    1.0174336820E-01   -3.9774345375E+03    7.4032216513E-02
    3.3899990003E-02    6.8350725293E-01    2.6498280536E-01   -3.9797880747E+03    6.6624560665E-02
    3.3919990003E-02    1.0420002158E+00   -3.0632170057E-01   -3.9824976037E+03    4.5667920195E-02
    3.3939990003E-02    1.1868445355E+00    8.7815100067E-03   -3.9844437776E+03    3.0161554102E-02
    3.3959990003E-02    8.3061751084E-01   -1.0363283056E-01   -3.9868656181E+03    2.1838175813E-02
    3.3979990003E-02    1.2369561569E+00   -5.9051411132E-02   -3.9892799106E+03    3.1620489351E-02
    3.3999990003E-02    8.4218484707E-01    4.4871504677E-01   -3.9913192280E+03    4.8215849420E-02
    3.4019990003E-02    7.5193929548E-01   -4.3098555443E-01   -3.9942706737E+03    6.1641520201E-02
    3.4039990003E-02    1.2615563807E+00    4.0133982834E-02   -3.9963889647E+03    5.5719653277E-02
    3.4059990003E-02    7.6464220852E-01    2.1888601090E-01   -3.9987399311E+03    4.5938367706E-02
    3.4079990003E-02    1.1280300536E+00   -1.1276036133E-01   -4.0013015089E+03    4.2715399474E-02
    3.4099990003E-02    1.1255433270E+00    1.7876931590E-01   -4.0032095147E+03    4.6419450407E-02
    3.4119990003E-02    7.0086107768E-01   -1.4496242967E-01   -4.0057314133E+03    6.0657761269E-02
    3.4139990003E-02    1.2468904059E+00   -1.9907335168E-01   -4.0082259946E+03    6.8211605559E-02
    3.4159990003E-02    8.6565228731E-01    4.8223257803E-01   -4.0102542818E+03    6.7873412720E-02
    3.4179990003E-02    7.7772768122E-01   -3.5066068060E-01   -4.0131801171E+03    5.1744271188E-02
    3.4199990003E-02    1.2362690819E+00   -1.2351275025E-01   -4.0153125042E+03    2.5977706907E-02
    3.4219990003E-02    8.9965402428E-01    1.3558335775E-01   -4.0175497379E+03    1.1595614106E-02
    3.4239990003E-02    1.1703705283E+00   -9.8147312589E-02   -4.0200892853E+03    2.1683738324E-02
    3.4259990003E-02    1.0692767452E+00    3.7146463746E-01   -4.0220345422E+03    3.8744851753E-02
    3.4279990003E-02    6.1729449904E-01   -1.7748160604E-01   -4.0247191962E+03    6.8561670620E-02
    3.4299990003E-02    1.2511714738E+00   -2.3297041253E-01   -4.0271958336E+03    7.1324271144E-02
    3.4319990003E-02    8.8071587712E-01    4.4048715420E-01   -4.0292465131E+03    6.4801424902E-02
    3.4339990003E-02    9.0569021343E-01   -2.4899623731E-01   -4.0320701671E+03    5.3378610418E-02
    3.4359990003E-02    1.1993878312E+00   -7.8405522570E-02   -4.0341265897E+03    3.5064918301E-02
    3.4379990003E-02    8.8150583758E-01    7.5897286860E-02   -4.0362919429E+03    3.2951931896E-02
    3.4399990003E-02    1.1212277606E+00   -3.2365791044E-01   -4.0389677106E+03    3.3968095223E-02
    3.4419990003E-02    1.0878706167E+00    4.5815633758E-01   -4.0409047081E+03    4.3638679326E-02
    3.4439990003E-02    5.6710234436E-01   -1.5990829848E-01   -4.0436900796E+03    6.2593569888E-02
    3.4459990003E-02    1.2308459389E+00   -2.7899498535E-01   -4.0461407186E+03    4.2837492238E-02
    3.4479990003E-02    9.3148413920E-01    3.5590922502E-01   -4.0481900794E+03    3.3035099010E-02
    3.4499990003E-02    1.0369699966E+00   -1.3594268374E-01   -4.0508975092E+03    3.5365203112E-02
    3.4519990003E-02    1.1797561514E+00    1.6564027235E-01   -4.0528775328E+03    3.8985115691E-02
    3.4539990003E-02    7.4625038409E-01    1.0082121996E-01   -4.0551546025E+03    5.9193959392E-02
    3.4559990003E-02    1.1080577266E+00   -4.2494052748E-01   -4.0579137515E+03    6.4996014043E-02
    3.4579990003E-02    1.1149861029E+00    4.4916656529E-01   -4.0598471606E+03    6.7102019756E-02
    3.4599990003E-02    6.4193248090E-01   -1.1085930950E-01   -4.0626299158E+03    6.2442740699E-02
    3.4619990003E-02    1.1827083372E+00   -2.9498318046E-01   -4.0650202981E+03    3.1165961572E-02
    3.4639990003E-02    1.0454045302E+00    1.8692456630E-01   -4.0670243237E+03    1.6000385685E-02
    3.4659990003E-02    1.0223815101E+00   -2.2583617685E-01   -4.0696755886E+03    1.4303159900E-02
    3.4679990003E-02    1.1924032378E+00    3.0482591177E-01   -4.0716935367E+03    2.9325076070E-02
    3.4699990003E-02    6.1937236765E-01    1.2056266128E-01   -4.0741015859E+03    6.2784701686E-02
    3.4719990003E-02    1.1108632480E+00   -4.5699635164E-01   -4.0768925813E+03    6.5831117119E-02
    3.4739990003E-02    1.1108654216E+00    4.1261066644E-01   -4.0788262542E+03    6.2623071472E-02
    3.4759990003E-02    7.7281111638E-01   -9.2414023731E-02   -4.0815718774E+03    5.7493102868E-02
    3.4779990003E-02    1.1827926559E+00   -1.1361854138E-01   -4.0838211172E+03    4.0591108374E-02
    3.4799990003E-02    1.0156356188E+00    1.5421785542E-01   -4.0858052337E+03    4.3104028845E-02
    3.4819990003E-02    9.0983186623E-01   -3.8192173909E-01   -4.0885377761E+03    4.3770425758E-02
    3.4839990003E-02    1.2406847412E+00    2.6274602704E-01   -4.0905955893E+03    5.2714798795E-02
    3.4859990003E-02    5.7117254567E-01    1.7630620479E-01   -4.0930469764E+03    6.4865366792E-02
    3.4879990003E-02    1.0748083361E+00   -4.5232530026E-01   -4.0958254151E+03    3.8728203063E-02
    3.4899990003E-02    1.1338829208E+00    2.7822332909E-01   -4.0977651171E+03    2.6402706222E-02
    3.4919990003E-02    9.0443540420E-01   -7.4091831680E-02   -4.1004074581E+03    2.4602421469E-02
    3.4939990003E-02    1.2065252038E+00    1.1395604019E-01   -4.1025733335E+03    3.2358982851E-02
    3.4959990003E-02    8.7632075145E-01    2.7527894484E-01   -4.1046516260E+03    5.2840589613E-02
    3.4979990003E-02    8.7410678811E-01   -4.4968703036E-01   -4.1074999393E+03    6.6160983339E-02
    3.4999990003E-02    1.2515175633E+00    2.2289203206E-01   -4.1095487556E+03    7.1692601079E-02
    3.5019990003E-02    6.3469589300E-01    1.7414555187E-01   -4.1120279564E+03    6.7251051669E-02
    3.5039990003E-02    1.0760555263E+00   -3.3782098000E-01   -4.1146820801E+03    4.1062441173E-02
    3.5059990003E-02    1.1722506179E+00    6.3536465976E-02   -4.1166222056E+03    2.4954722026E-02
    3.5079990003E-02    8.7522727754E-01   -1.5520908103E-01   -4.1191407991E+03    1.4434475242E-02
    3.5099990003E-02    1.2428574869E+00    8.7848324920E-02   -4.1214121532E+03    2.7539207441E-02
    3.5119990003E-02    7.6408103826E-01    3.7386956027E-01   -4.1235419545E+03    5.1210573325E-02
    3.5139990003E-02    8.5639152563E-01   -4.8326650727E-01   -4.1264843515E+03    6.4702566165E-02
    3.5159990003E-02    1.2458358800E+00    1.7975361438E-01   -4.1285139193E+03    6.2674134594E-02
    3.5179990003E-02    7.2291890905E-01    1.4052235886E-01   -4.1310001014E+03    5.4993048544E-02
    3.5199990003E-02    1.1387095470E+00   -1.3299426934E-01   -4.1334945751E+03    4.5188694485E-02
    3.5219990003E-02    1.1111828576E+00    1.5198948028E-01   -4.1354022539E+03    4.6513468156E-02
    3.5239990003E-02    7.4096277932E-01   -2.2901650940E-01   -4.1379908440E+03    5.4221570199E-02
    3.5259990003E-02    1.2645514204E+00   -6.4268133439E-02   -4.1403532990E+03    6.3885261706E-02
    3.5279990003E-02    7.6117100269E-01    4.3517129599E-01   -4.1424709751E+03    6.5609188108E-02
    3.5299990003E-02    8.4708088677E-01   -4.2562384028E-01   -4.1454092421E+03    4.6792419314E-02
    3.5319990003E-02    1.2350093962E+00    1.0661190148E-02   -4.1474571771E+03    2.6878806318E-02
    3.5339990003E-02    8.5834949433E-01    9.0675308166E-02   -4.1498379912E+03    1.5407634852E-02
    3.5359990003E-02    1.1952128963E+00   -8.8221237266E-03   -4.1522685831E+03    2.6798597860E-02
    3.5379990003E-02    1.0247338086E+00    3.4329796559E-01   -4.1542264072E+03    4.4052703356E-02
    3.5399990003E-02    6.7090447252E-01   -2.7418453393E-01   -4.1569706450E+03    6.7898347031E-02
    3.5419990003E-02    1.2697781825E+00   -1.0758085015E-01   -4.1593173008E+03    7.4017111133E-02
    3.5439990003E-02    7.8968186427E-01    4.0192861032E-01   -4.1614609930E+03    6.6763037039E-02
    3.5459990003E-02    9.3956492077E-01   -3.0444819273E-01   -4.1642858475E+03    5.0076967434E-02
    3.5479990003E-02    1.2062272983E+00   -7.1650926881E-02   -4.1663039076E+03    3.1083024214E-02
    3.5499990003E-02    8.6391656700E-01    1.7518335918E-02   -4.1685621680E+03    2.2602329284E-02
    3.5519990003E-02    1.1851772036E+00   -2.0644624535E-01   -4.1711342317E+03    2.7708886139E-02
    3.5539990003E-02    9.9352340506E-01    4.7052604398E-01   -4.1730892782E+03    4.1461012864E-02
    3.5559990003E-02    6.2095958012E-01   -2.8819272233E-01   -4.1759574261E+03    6.4562391722E-02
    3.5579990003E-02    1.2612352280E+00   -1.5438387819E-01   -4.1782744552E+03    5.5657806927E-02
    3.5599990003E-02    8.3871951289E-01    3.3974536811E-01   -4.1804288883E+03    4.5671725675E-02
    3.5619990003E-02    1.0638667313E+00   -1.5012371659E-01   -4.1831210335E+03    4.3893652541E-02
    3.5639990003E-02    1.1672330782E+00    1.3417091396E-01   -4.1850627333E+03    4.2743147682E-02
    3.5659990003E-02    7.3130540315E-01    1.0406100936E-02   -4.1874087659E+03    5.8592054313E-02
    3.5679990003E-02    1.1766884807E+00   -3.4983260709E-01   -4.1900795710E+03    6.3912569320E-02
    3.5699990003E-02    1.0247550835E+00    4.9285081079E-01   -4.1920245099E+03    6.5946602031E-02
    3.5719990003E-02    6.6379102469E-01   -2.2348612158E-01   -4.1948939056E+03    5.8981581726E-02
    3.5739990003E-02    1.2199538309E+00   -2.4400458991E-01   -4.1971908455E+03    2.7589634284E-02
    3.5759990003E-02    9.6464977650E-01    2.1200624522E-01   -4.1992805377E+03    1.2932809209E-02
    3.5779990003E-02    1.1007814475E+00   -1.6654208678E-01   -4.2019107490E+03    1.8450446844E-02
    3.5799990003E-02    1.1464050838E+00    3.3084393307E-01   -4.2038734951E+03    3.4132493785E-02
    3.5819990003E-02    6.1528562397E-01    2.8288817427E-03   -4.2063757450E+03    6.5383475750E-02
    3.5839990003E-02    1.1831257250E+00   -3.8359461357E-01   -4.2090578966E+03    6.8130631436E-02
    3.5859990003E-02    1.0246192923E+00    4.5804242194E-01   -4.2110121022E+03    6.4538421855E-02
    3.5879990003E-02    7.9923150025E-01   -1.7545380572E-01   -4.2138232773E+03    5.7075807719E-02
    3.5899990003E-02    1.1925658871E+00   -1.4052350337E-01   -4.2160095097E+03    3.6850777587E-02
    3.5919990003E-02    9.7994834321E-01    1.2977211023E-01   -4.2180491060E+03    3.3636040449E-02
    3.5939990003E-02    1.0090333060E+00   -3.6487107137E-01   -4.2207672673E+03    3.1891103629E-02
    3.5959990003E-02    1.1888816611E+00    3.6581329332E-01   -4.2227494441E+03    4.1521620868E-02
    3.5979990003E-02    5.4487304197E-01    3.3459115553E-02   -4.2253400052E+03    6.3363605296E-02
    3.5999990003E-02    1.1602005733E+00   -4.0417117667E-01   -4.2280059020E+03    4.3173849360E-02
    3.6019990003E-02    1.0481112648E+00    3.6479967569E-01   -4.2299640546E+03    3.3907791316E-02
    3.6039990003E-02    9.4062943501E-01   -1.1881034828E-01   -4.2326809410E+03    3.4682482692E-02
    3.6059990003E-02    1.1964969310E+00    1.1239986706E-01   -4.2347618523E+03    3.6338924341E-02
    3.6079990003E-02    8.4042197639E-01    2.0494461150E-01   -4.2368948781E+03    5.5655583116E-02
    3.6099990003E-02    9.7478481429E-01   -4.5968988421E-01   -4.2397170078E+03    6.4160160964E-02
    3.6119990003E-02    1.2124784514E+00    3.3820600672E-01   -4.2416967145E+03    6.8852561968E-02
    3.6139990003E-02    6.0471792908E-01    5.9889894700E-02   -4.2443122393E+03    6.6876615506E-02
    3.6159990003E-02    1.1227150308E+00   -3.5223182704E-01   -4.2468846465E+03    3.5206056899E-02
    3.6179990003E-02    1.1256867014E+00    1.5573009570E-01   -4.2488360435E+03    1.9101851579E-02
    3.6199990003E-02    9.4201319865E-01   -1.8656777054E-01   -4.2514449630E+03    1.2223214336E-02
    3.6219990003E-02    1.2274782742E+00    2.0676706296E-01   -4.2535781537E+03    2.6851614553E-02
    3.6239990003E-02    7.0200839582E-01    2.7070373663E-01   -4.2558140477E+03    5.6501635320E-02
    3.6259990003E-02    9.7258907790E-01   -4.9792833469E-01   -4.2587110375E+03    6.6621942395E-02
    3.6279990003E-02    1.2058599683E+00    3.0720922450E-01   -4.2606757410E+03    6.5575831832E-02
    3.6299990003E-02    7.0976651241E-01    4.0195759770E-02   -4.2632953928E+03    5.9749011848E-02
    3.6319990003E-02    1.1538333896E+00   -1.5854729761E-01   -4.2657062607E+03    4.3713426523E-02
    3.6339990003E-02    1.0918062688E+00    1.3528864246E-01   -4.2676313073E+03    4.2363174370E-02
    3.6359990003E-02    8.1148249174E-01   -3.0135445199E-01   -4.2702829386E+03    4.3860590151E-02
    3.6379990003E-02    1.2644391392E+00    9.4910379084E-02   -4.2724979727E+03    5.4250892442E-02
    3.6399990003E-02    6.5734890579E-01    3.4061352410E-01   -4.2747445606E+03    6.2928047288E-02
    3.6419990003E-02    9.4627265876E-01   -4.7451710042E-01   -4.2776529960E+03    4.3912864598E-02
    3.6439990003E-02    1.2058039760E+00    1.7194654000E-01   -4.2796267958E+03    3.0026304983E-02
    3.6459990003E-02    8.4176223468E-01    2.0760290025E-02   -4.2821601545E+03    2.3648333194E-02
    3.6479990003E-02    1.2004615506E+00    4.1478740931E-02   -4.2844714978E+03    3.1221775360E-02
    3.6499990003E-02    9.7946629255E-01    3.0356140359E-01   -4.2864587263E+03    4.8776181263E-02
    3.6519990003E-02    7.5118725881E-01   -3.6266881591E-01   -4.2892505320E+03    6.6558255263E-02
    3.6539990003E-02    1.2736822956E+00    4.3000836017E-02   -4.2914577274E+03    7.4637313528E-02
    3.6559990003E-02    6.9808179471E-01    3.2545989937E-01   -4.2937326112E+03    6.8267577178E-02
    3.6579990003E-02    9.8875867178E-01   -3.5141600520E-01   -4.2965262986E+03    4.5267474340E-02
    3.6599990003E-02    1.2053809636E+00   -1.8395368335E-02   -4.2985047442E+03    2.6759163666E-02
    3.6619990003E-02    8.6377211050E-01   -5.0725933719E-02   -4.3008901556E+03    1.4669047370E-02
    3.6639990003E-02    1.2254861674E+00   -4.8490971387E-02   -4.3033175999E+03    2.5376530497E-02
    3.6659990003E-02    8.9395697268E-01    4.3581942076E-01   -4.3053334085E+03    4.4390093441E-02
    3.6679990003E-02    7.1760254328E-01   -3.9914768741E-01   -4.3082517820E+03    6.6863487336E-02
    3.6699990003E-02    1.2694693507E+00    5.8413428925E-03   -4.3104264871E+03    6.5836394699E-02
    3.6719990003E-02    7.5493038561E-01    2.7472924895E-01   -4.3127255905E+03    5.5612477722E-02
    3.6739990003E-02    1.0886577091E+00   -1.7137209816E-01   -4.3153665148E+03    4.7727498786E-02
    3.6759990003E-02    1.1537333584E+00    1.0906634603E-01   -4.3172832559E+03    4.3719117209E-02
    3.6779990003E-02    7.3068110001E-01   -9.2935147742E-02   -4.3197197735E+03    5.3289977607E-02
    3.6799990003E-02    1.2299804460E+00   -2.2703753618E-01   -4.3222623349E+03    5.9913406310E-02
    3.6819990003E-02    9.0384527925E-01    4.9611616527E-01   -4.3242588916E+03    6.2995006225E-02
    3.6839990003E-02    7.2185444629E-01   -3.4446583785E-01   -4.3271951324E+03    5.3452235178E-02
    3.6859990003E-02    1.2441208678E+00   -1.2552618022E-01   -4.3293727535E+03    2.8452589973E-02
    3.6879990003E-02    8.8284823594E-01    1.8947655200E-01   -4.3315994641E+03    1.5308460997E-02
    3.6899990003E-02    1.1567596348E+00   -8.2004871574E-02   -4.3341539888E+03    2.4978984807E-02
    3.6919990003E-02    1.1002403182E+00    3.2234542800E-01   -4.3360917698E+03    4.0236859052E-02
    3.6939990003E-02    6.3194937373E-01   -1.2200720960E-01   -4.3386892288E+03    6.6305025381E-02
    3.6959990003E-02    1.2368428490E+00   -2.7094755781E-01   -4.3412322946E+03    7.0485972206E-02
    3.6979990003E-02    9.1585920445E-01    4.6509566748E-01   -4.3432453864E+03    6.6108747857E-02
    3.6999990003E-02    8.3838827189E-01   -2.6047463601E-01   -4.3461013732E+03    5.4027516158E-02
    3.7019990003E-02    1.2062969437E+00   -1.4055173742E-01   -4.3482198264E+03    3.2476633613E-02
    3.7039990004E-02    9.3218677315E-01    9.5008886485E-02   -4.3503487499E+03    2.3757118279E-02
    3.7059990004E-02    1.1098402769E+00   -2.9059409721E-01   -4.3530069166E+03    2.4389999325E-02
    3.7079990004E-02    1.1048677925E+00    4.3415672874E-01   -4.3549510351E+03    3.6880815128E-02
    3.7099990004E-02    5.5954435715E-01   -1.2588026335E-01   -4.3576786281E+03    6.5377681745E-02
    3.7119990004E-02    1.2281688726E+00   -3.0301755686E-01   -4.3601932791E+03    5.4021640315E-02
    3.7139990004E-02    9.4024678388E-01    3.9827743761E-01   -4.3622187395E+03    4.5669004014E-02
    3.7159990004E-02    9.8519439075E-01   -1.5645865852E-01   -4.3649674027E+03    4.4576559762E-02
    3.7179990004E-02    1.1882109597E+00    9.0669048999E-02   -4.3669791485E+03    4.0126085471E-02
    3.7199990004E-02    8.0148948320E-01    1.2053029775E-01   -4.3691840846E+03    5.6419741290E-02
    3.7219990004E-02    1.0792107433E+00   -4.2743656674E-01   -4.3719504407E+03    6.1530518155E-02
    3.7239990004E-02    1.1408447586E+00    4.3550064307E-01   -4.3738900361E+03    6.5548090572E-02
    3.7259990004E-02    6.0142551766E-01   -7.7336855463E-02   -4.3766431948E+03    6.4243778130E-02
    3.7279990004E-02    1.1801684420E+00   -3.2742442324E-01   -4.3791040080E+03    3.0026960697E-02
    3.7299990004E-02    1.0408975295E+00    2.3365927457E-01   -4.3811035734E+03    1.4975875038E-02
    3.7319990004E-02    1.0272507587E+00   -1.7936725998E-01   -4.3837572891E+03    1.5785968628E-02
    3.7339990004E-02    1.1923511261E+00    2.7426925649E-01   -4.3857817343E+03    3.0708544734E-02
    3.7359990004E-02    6.6308030050E-01    1.4794766414E-01   -4.3881268384E+03    6.0934517413E-02
    3.7379990004E-02    1.0849367375E+00   -4.6493646838E-01   -4.3909402179E+03    6.6938058277E-02
    3.7399990004E-02    1.1351429929E+00    4.0714469713E-01   -4.3928756051E+03    6.5643067280E-02
    3.7419990004E-02    7.2357684555E-01   -7.0951502240E-02   -4.3956121009E+03    6.0068817698E-02
    3.7439990004E-02    1.1726681566E+00   -1.8522843905E-01   -4.3979334336E+03    3.9412369000E-02
    3.7459990004E-02    1.0591780674E+00    1.3053675161E-01   -4.3998986792E+03    3.4147794112E-02
    3.7479990004E-02    9.1199343329E-01   -3.3921571142E-01   -4.4025908069E+03    3.1108874900E-02
    3.7499990004E-02    1.2383709017E+00    2.4966205634E-01   -4.4046689942E+03    4.1310049683E-02
    3.7519990004E-02    5.8107809323E-01    1.9652423967E-01   -4.4070741661E+03    6.1702277182E-02
    3.7539990004E-02    1.0633075163E+00   -4.7113073379E-01   -4.4098961211E+03    4.5507812807E-02
    3.7559990004E-02    1.1398680602E+00    3.1352557821E-01   -4.4118345364E+03    3.6222534599E-02
    3.7579990004E-02    8.5852050466E-01   -5.8665836719E-02   -4.4144994029E+03    3.4487723828E-02
    3.7599990004E-02    1.1974797125E+00    5.7099227006E-02   -4.4166975221E+03    3.5317456552E-02
    3.7619990004E-02    9.3210558638E-01    2.5114144225E-01   -4.4187305487E+03    5.2571863291E-02
    3.7639990004E-02    8.5607617319E-01   -4.2606200323E-01   -4.4215440529E+03    6.4307639896E-02
    3.7659990004E-02    1.2582153473E+00    2.0173013952E-01   -4.4236234122E+03    7.1575626074E-02
    3.7679990004E-02    6.2265593910E-01    2.0980903181E-01   -4.4260602470E+03    6.8864686850E-02
    3.7699990004E-02    1.0519125433E+00   -3.8177796261E-01   -4.4287824925E+03    3.9051510606E-02
    3.7719990004E-02    1.1785981749E+00    9.1179292035E-02   -4.4307333626E+03    2.1624375610E-02
    3.7739990004E-02    8.9610679467E-01   -1.1515619854E-01   -4.4332595312E+03    1.1216075389E-02
    3.7759990004E-02    1.2347226194E+00    1.0761076053E-01   -4.4355189490E+03    2.5513589492E-02
    3.7779990004E-02    8.0190771430E-01    3.6020068580E-01   -4.4376305320E+03    5.0438095377E-02
    3.7799990004E-02    8.4304744091E-01   -4.7182650318E-01   -4.4405547793E+03    6.8078354587E-02
    3.7819990004E-02    1.2532582836E+00    1.7520489977E-01   -4.4426046855E+03    6.9155639805E-02
    3.7839990004E-02    6.9851047129E-01    1.6863375005E-01   -4.4450719662E+03    6.1260946617E-02
    3.7859990004E-02    1.1152834612E+00   -1.9422490978E-01   -4.4476268616E+03    4.6529220521E-02
    3.7879990004E-02    1.1378550894E+00    9.9173718793E-02   -4.4495377954E+03    4.1053040832E-02
    3.7899990004E-02    7.6592628789E-01   -1.9829662701E-01   -4.4520760902E+03    4.3456915537E-02
    3.7919990004E-02    1.2580958328E+00   -5.7263489814E-02   -4.4544509065E+03    5.2873715979E-02
    3.7939990004E-02    7.6856900292E-01    4.4083725561E-01   -4.4565518722E+03    5.9799984410E-02
    3.7959990004E-02    8.2465683584E-01   -4.4565486167E-01   -4.4595103389E+03    4.9293081604E-02
    3.7979990004E-02    1.2405965488E+00    5.1863867242E-02   -4.4615636629E+03    3.3213403430E-02
    3.7999990004E-02    8.2333409192E-01    1.1928022397E-01   -4.4639680209E+03    2.3455220733E-02
    3.8019990004E-02    1.1812859009E+00   -1.9617458742E-02   -4.4664090106E+03    3.0758855672E-02
    3.8039990004E-02    1.0541199779E+00    2.9553649693E-01   -4.4683505802E+03    4.5449984844E-02
    3.8059990004E-02    6.8087966591E-01   -2.4877534929E-01   -4.4710407851E+03    6.5999400667E-02
    3.8079990004E-02    1.2674309278E+00   -1.1669095232E-01   -4.4734165256E+03    7.3439905796E-02
    3.8099990004E-02    7.9383742551E-01    4.2259239989E-01   -4.4755384838E+03    6.7964018474E-02
    3.8119990004E-02    8.9806756144E-01   -3.3705923888E-01   -4.4784039863E+03    4.9273132434E-02
    3.8139990004E-02    1.2178280283E+00   -9.2437034498E-02   -4.4804506622E+03    2.7912619820E-02
    3.8159990004E-02    8.8886978417E-01    3.6682330785E-02   -4.4827150511E+03    1.5183609856E-02
    3.8179990004E-02    1.1888107941E+00   -1.4997309059E-01   -4.4852544429E+03    2.2479642061E-02
    3.8199990004E-02    9.9966424253E-01    4.4347203834E-01   -4.4872156631E+03    3.9070049664E-02
    3.8219990004E-02    6.2667819647E-01   -2.8314684909E-01   -4.4900536096E+03    6.7850019439E-02
    3.8239990004E-02    1.2655475663E+00   -1.4644324287E-01   -4.4923898515E+03    6.5330078972E-02
    3.8259990004E-02    8.2467350294E-01    3.6624816354E-01   -4.4945392488E+03    5.5771932022E-02
    3.8279990004E-02    1.0285513217E+00   -1.9138926762E-01   -4.4972719330E+03    4.9357346963E-02
    3.8299990004E-02    1.1777139558E+00    6.5835261464E-02   -4.4992304711E+03    4.1184715559E-02
    3.8319990004E-02    7.6742780874E-01    1.6401628450E-02   -4.5015336254E+03    5.1853755234E-02
    3.8339990004E-02    1.1723930865E+00   -3.3306355011E-01   -4.5041971715E+03    5.6294078943E-02
    3.8359990004E-02    1.0240302931E+00    4.9454636524E-01   -4.5061419290E+03    6.0594729461E-02
    3.8379990004E-02    6.3597347865E-01   -2.3546640066E-01   -4.5090182759E+03    5.8647044101E-02
    3.8399990004E-02    1.2317687475E+00   -2.3142263347E-01   -4.5113339293E+03    2.9129639970E-02
    3.8419990004E-02    9.3264015281E-01    2.5329353556E-01   -4.5134427024E+03    1.5927799030E-02
    3.8439990004E-02    1.1080183909E+00   -1.2546567989E-01   -4.5160721676E+03    2.3271800716E-02
    3.8459990004E-02    1.1480011622E+00    2.9135253273E-01   -4.5180271790E+03    3.7331387366E-02
    3.8479990004E-02    6.4614341459E-01    9.2778994385E-03   -4.5204866551E+03    6.3637689358E-02
    3.8499990004E-02    1.1795893537E+00   -3.7849290566E-01   -4.5231742018E+03    6.7896962241E-02
    3.8519990004E-02    1.0275537250E+00    4.6831576772E-01   -4.5251257801E+03    6.5744886749E-02
    3.8539990004E-02    7.5791404296E-01   -1.8784518683E-01   -4.5279558662E+03    5.7486172825E-02
    3.8559990004E-02    1.1945814201E+00   -1.9410463846E-01   -4.5301821495E+03    3.4450535426E-02
    3.8579990004E-02    1.0020074176E+00    1.2759990528E-01   -4.5322227827E+03    2.4859430338E-02
    3.8599990004E-02    1.0327648754E+00   -3.1783496624E-01   -4.5349078263E+03    2.2121018708E-02
    3.8619990004E-02    1.1750447163E+00    3.7071078325E-01   -4.5368879279E+03    3.4173511719E-02
    3.8639990004E-02    5.5245655434E-01    1.8635584409E-02   -4.5394657560E+03    6.4414080130E-02
    3.8659990004E-02    1.1720807558E+00   -4.0141649652E-01   -4.5421420091E+03    5.3874280625E-02
    3.8679990004E-02    1.0348614752E+00    4.0368864118E-01   -4.5441021802E+03    4.6606802588E-02
    3.8699990004E-02    9.0625493688E-01   -1.3154268893E-01   -4.5468518962E+03    4.5284978242E-02
    3.8719990004E-02    1.1946949808E+00    4.8691122246E-02   -4.5489494316E+03    3.8777015915E-02
    3.8739990004E-02    8.7856887332E-01    1.8272970882E-01   -4.5510511135E+03    5.4379896930E-02
    3.8759990004E-02    9.7977837786E-01   -4.4540176111E-01   -4.5538502752E+03    6.0564814875E-02
    3.8779990004E-02    1.2101889376E+00    3.4829598371E-01   -4.5558330030E+03    6.6357455186E-02
    3.8799990004E-02    5.8120960782E-01    5.7125399777E-02   -4.5584492197E+03    6.7331253142E-02
    3.8819990004E-02    1.1283120263E+00   -3.7931005408E-01   -4.5610540437E+03    3.2822608777E-02
    3.8839990004E-02    1.1055719844E+00    2.1520628947E-01   -4.5630123634E+03    1.7244116447E-02
    3.8859990004E-02    9.6742099707E-01   -1.5356718213E-01   -4.5656447927E+03    1.4037412021E-02
    3.8879990004E-02    1.2154407225E+00    2.1278106760E-01   -4.5677493077E+03    2.8554356322E-02
    3.8899990004E-02    7.2949857526E-01    2.4931635010E-01   -4.5699737359E+03    5.6485324113E-02
    3.8919990004E-02    9.8068923213E-01   -4.8960203816E-01   -4.5728530616E+03    6.7114206311E-02
    3.8939990004E-02    1.2040933554E+00    3.2432544224E-01   -4.5748190056E+03    6.7711007359E-02
    3.8959990004E-02    6.8228543854E-01    3.6953859100E-02   -4.5774511664E+03    6.2224776792E-02
    3.8979990004E-02    1.1446373833E+00   -2.1875560071E-01   -4.5798980781E+03    4.1887019305E-02
    3.8999990004E-02    1.1116834269E+00    1.0718301398E-01   -4.5818289312E+03    3.4066946129E-02
    3.9019990004E-02    8.4789867308E-01   -2.8063162972E-01   -4.5844576452E+03    3.0440179097E-02
    3.9039990004E-02    1.2555845626E+00    1.3489108056E-01   -4.5866491691E+03    4.1243401977E-02
    3.9059990004E-02    6.4796976237E-01    3.1647929233E-01   -4.5889076860E+03    5.8656473940E-02
    3.9079990004E-02    9.6277324793E-01   -4.9119992109E-01   -4.5918202900E+03    4.8827336262E-02
    3.9099990004E-02    1.1984237550E+00    2.3586808963E-01   -4.5937845032E+03    3.9339726759E-02
    3.9119990004E-02    8.0707319719E-01    1.8769865178E-02   -4.5963671389E+03    3.4834962829E-02
    3.9139990004E-02    1.1886640378E+00    7.0949932549E-03   -4.5986785200E+03    3.5416440400E-02
    3.9159990004E-02    1.0044540017E+00    2.5847835020E-01   -4.6006493636E+03    5.0039775485E-02
    3.9179990004E-02    7.7106253954E-01   -3.5869975235E-01   -4.6034108810E+03    6.4224048512E-02
    3.9199990004E-02    1.2727912487E+00    6.8643826896E-02   -4.6056110510E+03    7.3393325946E-02
    3.9219990004E-02    6.7666297452E-01    3.2364300225E-01   -4.6078953152E+03    6.9333427832E-02
    3.9239990004E-02    9.7828655431E-01   -3.9134692583E-01   -4.6107192059E+03    4.2561863477E-02
    3.9259990004E-02    1.2079445763E+00    2.2705231958E-02   -4.6127008895E+03    2.3320900621E-02
    3.9279990004E-02    8.8040545492E-01   -4.0549648961E-02   -4.6151367693E+03    1.0860224496E-02
    3.9299990004E-02    1.2261872393E+00    2.2322285537E-02   -4.6175050931E+03    2.4127643808E-02
    3.9319990004E-02    8.9318754747E-01    3.9958843958E-01   -4.6195370723E+03    4.5548007074E-02
    3.9339990004E-02    7.4356629455E-01   -4.0927977210E-01   -4.6224366013E+03    6.8971852834E-02
    3.9359990004E-02    1.2706712179E+00    4.6263091796E-02   -4.6245959193E+03    7.1622205178E-02
    3.9379990004E-02    7.2609586359E-01    2.7173134059E-01   -4.6269218635E+03    6.1978030624E-02
    3.9399990004E-02    1.0713544895E+00   -2.2006185937E-01   -4.6295862855E+03    4.8543516071E-02
    3.9419990004E-02    1.1651574024E+00    5.9754140894E-02   -4.6315122903E+03    3.9350669262E-02
    3.9439990004E-02    7.6336078420E-01   -1.0340093616E-01   -4.6339392721E+03    4.2300213929E-02
    3.9459990004E-02    1.2346271152E+00   -1.7174981396E-01   -4.6364407239E+03    4.9244744309E-02
    3.9479990004E-02    8.7258221110E-01    4.8618717791E-01   -4.6384542171E+03    5.6343569719E-02
    3.9499990004E-02    7.2734377109E-01   -3.8675243102E-01   -4.6414083831E+03    5.3875751352E-02
    3.9519990004E-02    1.2523329168E+00   -5.5025532927E-02   -4.6435588275E+03    3.5181068125E-02
    3.9539990004E-02    8.3503792049E-01    2.0029221360E-01   -4.6458460032E+03    2.3893241889E-02
    3.9559990004E-02    1.1546750566E+00   -6.5197788779E-02   -4.6483862931E+03    3.0566715978E-02
    3.9579990004E-02    1.1034700170E+00    2.7446273122E-01   -4.6503143821E+03    4.2967625677E-02
    3.9599990004E-02    6.5852944993E-01   -1.4061400107E-01   -4.6528947722E+03    6.4722515854E-02
    3.9619990004E-02    1.2440474265E+00   -2.3572801931E-01   -4.6554113418E+03    7.0586748250E-02
    3.9639990004E-02    8.8839209426E-01    4.7042904668E-01   -4.6574385247E+03    6.7295089818E-02
    3.9659990004E-02    8.1823113215E-01   -2.9981158901E-01   -4.6603243161E+03    5.2723997345E-02
    3.9679990004E-02    1.2182741143E+00   -1.5234726654E-01   -4.6624489493E+03    2.8846709149E-02
    3.9699990004E-02    9.2789724016E-01    9.7022903700E-02   -4.6646203614E+03    1.5629722738E-02
    3.9719990004E-02    1.1446322893E+00   -2.1082211127E-01   -4.6672264755E+03    1.9895041036E-02
    3.9739990004E-02    1.0745184102E+00    4.2398647217E-01   -4.6691742385E+03    3.5295618951E-02
    3.9759990004E-02    5.8316403593E-01   -1.6929919687E-01   -4.6719106847E+03    6.7725536157E-02
    3.9779990004E-02    1.2451003461E+00   -2.5954392871E-01   -4.6743911625E+03    6.4055609761E-02
    3.9799990004E-02    9.0088455310E-01    4.1568665181E-01   -4.6764426992E+03    5.6203281408E-02
    3.9819990004E-02    9.6579982378E-01   -1.9219718780E-01   -4.6792191269E+03    5.0774713954E-02
    3.9839990004E-02    1.1897874361E+00    2.5963989267E-02   -4.6812345856E+03    3.9716272973E-02
    3.9859990004E-02    8.2153560455E-01    8.9631144360E-02   -4.6834351619E+03    5.0404896106E-02
    3.9879990004E-02    1.1069123109E+00   -3.9061718633E-01   -4.6861653070E+03    5.3636103471E-02
    3.9899990004E-02    1.1094658198E+00    4.5902031855E-01   -4.6881029770E+03    5.9005698373E-02
    3.9919990004E-02    5.8686517667E-01   -1.2812437947E-01   -4.6908944652E+03    6.2237738235E-02
    3.9939990004E-02    1.2072206921E+00   -3.0641119820E-01   -4.6933351052E+03    3.0236564248E-02
    3.9959990004E-02    9.8611538175E-01    2.8477345250E-01   -4.6953682027E+03    1.7130887428E-02
    3.9979990004E-02    1.0591719462E+00   -1.4048772551E-01   -4.6980321307E+03    2.2114796153E-02
    3.9999990004E-02    1.1768174838E+00    2.5636389752E-01   -4.7000235870E+03    3.5096918963E-02
    4.0019990004E-02    6.8385590294E-01    1.0784193647E-01   -4.7023724316E+03    6.0799843858E-02
    4.0039990004E-02    1.1125812967E+00   -4.3951971917E-01   -4.7051502462E+03    6.6567662501E-02
    4.0059990004E-02    1.1097687813E+00    4.3642844603E-01   -4.7070860179E+03    6.6192698534E-02
    4.0079990004E-02    7.0264284177E-01   -1.0811238757E-01   -4.7098613286E+03    6.0217759310E-02
    4.0099990004E-02    1.1769775341E+00   -2.3354173118E-01   -4.7121888261E+03    3.6384235031E-02
    4.0119990004E-02    1.0568091148E+00    1.3101584360E-01   -4.7141765173E+03    2.5485960566E-02
    4.0139990004E-02    9.7115691954E-01   -3.0785374757E-01   -4.7168512441E+03    2.0523841298E-02
    4.0159990004E-02    1.2134684480E+00    3.0306375218E-01   -4.7188881910E+03    3.2620248158E-02
    4.0179990004E-02    5.7577564329E-01    1.3260587355E-01   -4.7213386123E+03    6.2335044023E-02
    4.0199990004E-02    1.1071938066E+00   -4.5895149417E-01   -4.7241275091E+03    5.5053982446E-02
    4.0219990004E-02    1.1068657775E+00    3.7728742715E-01   -4.7260660562E+03    4.8607328656E-02
    4.0239990004E-02    8.4220428785E-01   -8.7291465372E-02   -4.7287859053E+03    4.6317827970E-02
    4.0259990004E-02    1.1923144214E+00    9.4306236614E-03   -4.7309689682E+03    3.8819756659E-02
    4.0279990004E-02    9.4490937765E-01    2.0782990453E-01   -4.7329997764E+03    5.2663999591E-02
    4.0299990004E-02    8.9866778670E-01   -4.2654169652E-01   -4.7357921588E+03    6.0028468107E-02
    4.0319990004E-02    1.2461133987E+00    2.5776644544E-01   -4.7378403181E+03    6.7466403077E-02
    4.0339990004E-02    5.9081053058E-01    1.6637142374E-01   -4.7403292626E+03    6.8659939606E-02
    4.0359990004E-02    1.0748140773E+00   -4.0945634123E-01   -4.7430462944E+03    3.5559629919E-02
    4.0379990004E-02    1.1509035408E+00    1.7965062201E-01   -4.7449958161E+03    1.9284857361E-02
    4.0399990004E-02    9.2675182595E-01   -1.1145100716E-01   -4.7475874402E+03    1.3123624409E-02
    4.0419990004E-02    1.2235052431E+00    1.5683160487E-01   -4.7497694807E+03    2.7348019271E-02
    4.0439990004E-02    7.9736952901E-01    3.0947460915E-01   -4.7519082967E+03    5.2692999084E-02
    4.0459990004E-02    8.9171742479E-01   -4.7740628890E-01   -4.7548071895E+03    6.7642262697E-02
    4.0479990004E-02    1.2416847990E+00    2.3685771024E-01   -4.7568279857E+03    6.9979945769E-02
    4.0499990004E-02    6.7038750742E-01    1.3081639888E-01   -4.7593535145E+03    6.3667476272E-02
    4.0519990004E-02    1.1135517700E+00   -2.4532665674E-01   -4.7619059369E+03    4.3751495374E-02
    4.0539990004E-02    1.1446527435E+00    7.7248225974E-02   -4.7638286690E+03    3.3492672983E-02
    4.0559990004E-02    8.1649411820E-01   -2.1596896194E-01   -4.7663842507E+03    2.9382418076E-02
    4.0579990004E-02    1.2559854084E+00    3.9339599845E-02   -4.7686785246E+03    4.0001801015E-02
    4.0599990004E-02    7.2026330564E-01    3.9194620206E-01   -4.7708338217E+03    5.5321578379E-02
    4.0619990004E-02    8.7594674565E-01   -4.8167836129E-01   -4.7737877863E+03    5.2240017283E-02
    4.0639990004E-02    1.2311900294E+00    1.5781194915E-01   -4.7757992131E+03    4.2720030517E-02
    4.0659990004E-02    7.8283849565E-01    9.1904818588E-02   -4.7782961881E+03    3.5856135874E-02
    4.0679990004E-02    1.1743351547E+00   -3.4079850028E-02   -4.7807037690E+03    3.6195531904E-02
    4.0699990004E-02    1.0549960533E+00    2.4678976214E-01   -4.7826408198E+03    4.8118685603E-02
    4.0719990004E-02    7.2145014395E-01   -2.8494963924E-01   -4.7853330578E+03    6.3596244730E-02
    4.0739990004E-02    1.2718542117E+00   -4.1341945118E-02   -4.7876466860E+03    7.2898225283E-02
    4.0759990004E-02    7.4069166213E-01    3.9862237269E-01   -4.7898201075E+03    6.8963618908E-02
    4.0779990004E-02    9.1036321982E-01   -3.8568292194E-01   -4.7927012964E+03    4.5624969848E-02
    4.0799990004E-02    1.2225972959E+00   -3.5121295692E-02   -4.7947272292E+03    2.4314063424E-02
    4.0819990004E-02    8.8251837628E-01    2.2471674555E-02   -4.7970852774E+03    1.0839311475E-02
    4.0839990004E-02    1.2103985540E+00   -4.0023756055E-02   -4.7995330522E+03    2.2670613553E-02
    4.0859990004E-02    9.6348304335E-01    4.0812610299E-01   -4.8015204729E+03    4.1976977301E-02
    4.0879990004E-02    6.7797751275E-01   -3.3724262580E-01   -4.8043698125E+03    6.9189283915E-02
    4.0899990004E-02    1.2726705275E+00   -5.9970027100E-02   -4.8066363628E+03    7.1963842238E-02
    4.0919990004E-02    7.6980892218E-01    3.4347643847E-01   -4.8088533382E+03    6.2316222125E-02
    4.0939990004E-02    1.0262135145E+00   -2.3592381691E-01   -4.8115899777E+03    4.9877217626E-02
    4.0959990004E-02    1.1810654857E+00    2.2426171585E-02   -4.8135458927E+03    3.7729149592E-02
    4.0979990004E-02    7.8477858412E-01   -3.0771582727E-02   -4.8158814602E+03    4.0601328129E-02
    4.0999990004E-02    1.2035050268E+00   -2.4659950718E-01   -4.8184678274E+03    4.5407570142E-02
    4.1019990004E-02    9.5460784288E-01    4.9638616400E-01   -4.8204363055E+03    5.2992814315E-02
    4.1039990004E-02    6.5999556255E-01   -3.1970755746E-01   -4.8233580612E+03    5.7087638644E-02
    4.1059990004E-02    1.2520601067E+00   -1.3743360647E-01   -4.8256017422E+03    3.6267890463E-02
    4.1079990004E-02    8.5951942763E-01    2.5826431166E-01   -4.8277993893E+03    2.4858269117E-02
    4.1099990004E-02    1.1256947551E+00   -9.5579991909E-02   -4.8304075622E+03    3.0654961538E-02
    4.1119990004E-02    1.1349516025E+00    2.5040045874E-01   -4.8323407006E+03    4.1122368001E-02
    4.1139990004E-02    6.6553062224E-01   -5.4365608302E-02   -4.8348266176E+03    6.3108005816E-02
    4.1159990004E-02    1.2122009370E+00   -3.1477559754E-01   -4.8374433021E+03    6.8295921947E-02
    4.1179990004E-02    9.6586968921E-01    4.8459811702E-01   -4.8394195337E+03    6.6696321227E-02
    4.1199990004E-02    7.5728591840E-01   -2.5331817982E-01   -4.8422962069E+03    5.5531355088E-02
    4.1219990004E-02    1.2126047561E+00   -1.9764235423E-01   -4.8444946300E+03    2.9613123086E-02
    4.1239990004E-02    9.6497641352E-01    1.3353854942E-01   -4.8466024418E+03    1.5902384963E-02
    4.1259990004E-02    1.1044007591E+00   -2.3864443242E-01   -4.8492418179E+03    1.7895384901E-02
    4.1279990004E-02    1.1228489490E+00    3.9565354646E-01   -4.8511984529E+03    3.2842061722E-02
    4.1299990004E-02    5.7189233963E-01   -7.6507874650E-02   -4.8538403542E+03    6.6928249630E-02
    4.1319990004E-02    1.2167259734E+00   -3.3547939336E-01   -4.8564313876E+03    6.3627313767E-02
    4.1339990004E-02    9.6610279194E-01    4.3492254714E-01   -4.8584269852E+03    5.7086101984E-02
    4.1359990004E-02    9.0988346499E-01   -1.7889969581E-01   -4.8612163373E+03    5.2135825092E-02
    4.1379990004E-02    1.1940503454E+00   -8.8089073812E-03   -4.8632897564E+03    3.9255622807E-02
    4.1399990004E-02    8.7450546350E-01    1.3072716411E-01   -4.8654176465E+03    4.8993078861E-02
    4.1419990004E-02    1.0479080986E+00   -4.1346507616E-01   -4.8681764636E+03    5.1587711040E-02
    4.1439990004E-02    1.1629851526E+00    4.1374810465E-01   -4.8701303569E+03    5.7894914549E-02
    4.1459990004E-02    5.6384338140E-01   -3.9336251427E-02   -4.8728368075E+03    6.4267004125E-02
    4.1479990004E-02    1.1788552735E+00   -3.5667633901E-01   -4.8753789228E+03    3.1714434488E-02
    4.1499990004E-02    1.0306340311E+00    2.9513615841E-01   -4.8773691936E+03    1.8649446998E-02
    4.1519990004E-02    1.0178687004E+00   -1.3708665780E-01   -4.8800430646E+03    2.1663050021E-02
    4.1539990004E-02    1.1928272233E+00    2.2252856415E-01   -4.8820750641E+03    3.3566153351E-02
    4.1559990004E-02    7.2598530003E-01    1.7386183745E-01   -4.8843425583E+03    5.8344860186E-02
    4.1579990004E-02    1.0503610299E+00   -4.6706147006E-01   -4.8871692582E+03    6.5996992330E-02
    4.1599990004E-02    1.1627460216E+00    3.9336278714E-01   -4.8891141401E+03    6.7054713649E-02
    4.1619990004E-02    6.6859540545E-01   -3.7205834409E-02   -4.8918281066E+03    6.2155605549E-02
    4.1639990004E-02    1.1580333892E+00   -2.6217488684E-01   -4.8942409307E+03    3.7744302527E-02
    4.1659990004E-02    1.0943872187E+00    1.2198217402E-01   -4.8962012632E+03    2.5600028723E-02
    4.1679990004E-02    9.3094775699E-01   -2.8183158433E-01   -4.8988498312E+03    1.9115965990E-02
    4.1699990004E-02    1.2318250809E+00    2.4534248545E-01   -4.9009438919E+03    3.1499951049E-02
    4.1719990004E-02    6.1024112676E-01    2.1304765664E-01   -4.9032999877E+03    5.9914700183E-02
    4.1739990004E-02    1.0474838229E+00   -4.8719999659E-01   -4.9061575286E+03    5.6858737847E-02
    4.1759990004E-02    1.1545765805E+00    3.4104539354E-01   -4.9080986994E+03    5.1149850637E-02
    4.1779990004E-02    7.9816565017E-01   -4.0049237687E-02   -4.9107783368E+03    4.7681828253E-02
    4.1799990004E-02    1.1856755517E+00   -2.4802387786E-02   -4.9130359179E+03    3.9619864654E-02
    4.1819990004E-02    9.9431310541E-01    2.1062117848E-01   -4.9150216070E+03    5.1207560074E-02
    4.1839990004E-02    8.4259962532E-01   -3.9358976563E-01   -4.9177878558E+03    5.9242363197E-02
    4.1859990004E-02    1.2621945278E+00    1.8024859943E-01   -4.9199027242E+03    6.8045144393E-02
    4.1879990004E-02    6.1469312666E-01    2.4596936793E-01   -4.9222917271E+03    6.8888236364E-02
    4.1899990004E-02    1.0271755865E+00   -4.2591888011E-01   -4.9250861228E+03    3.7871544090E-02
    4.1919990004E-02    1.1791180226E+00    1.4508896234E-01   -4.9270434022E+03    2.0884763240E-02
    4.1939990004E-02    9.0208444774E-01   -6.9324151205E-02   -4.9295941039E+03    1.2893246184E-02
    4.1959990004E-02    1.2234945272E+00    1.1333950650E-01   -4.9318382256E+03    2.6765634877E-02
    4.1979990004E-02    8.5431014257E-01    3.3872105112E-01   -4.9339207192E+03    4.9956594006E-02
    4.1999990004E-02    8.2695211790E-01   -4.4948400334E-01   -4.9368127418E+03    6.7903104156E-02
    4.2019990004E-02    1.2598953512E+00    1.6140143763E-01   -4.9388926129E+03    7.1787689310E-02
    4.2039990004E-02    6.7653861008E-01    2.0215834731E-01   -4.9413287479E+03    6.4502841823E-02
    4.2059990004E-02    1.0837533470E+00   -2.6598867654E-01   -4.9439602957E+03    4.4961615753E-02
    4.2079990004E-02    1.1650777854E+00    4.8841669848E-02   -4.9458894262E+03    3.2658911333E-02
    4.2099990004E-02    8.0819246845E-01   -1.6107020563E-01   -4.9483809587E+03    2.7874520946E-02
    4.2119990004E-02    1.2491564286E+00   -2.8052323679E-02   -4.9507515516E+03    3.7707576861E-02
    4.2139990004E-02    7.8138130559E-01    4.3249256283E-01   -4.9528419404E+03    5.2231665445E-02
    4.2159990004E-02    8.1097382645E-01   -4.5959181500E-01   -4.9558072839E+03    5.5182296885E-02
    4.2179990004E-02    1.2479466696E+00    9.3948178588E-02   -4.9578688203E+03    4.5929175790E-02
    4.2199990004E-02    7.7538805829E-01    1.4996711811E-01   -4.9602943335E+03    3.7458523032E-02
    4.2219990004E-02    1.1584528387E+00   -6.5322532605E-02   -4.9627748056E+03    3.7306271521E-02
    4.2239990004E-02    1.0879514573E+00    2.2884007448E-01   -4.9646966202E+03    4.6706354329E-02
    4.2259990004E-02    6.9952615169E-01   -2.2218795033E-01   -4.9673233216E+03    6.2601775228E-02
    4.2279990004E-02    1.2641596695E+00   -1.1978432947E-01   -4.9697248535E+03    7.1109781230E-02
    4.2299990004E-02    7.9613472420E-01    4.4216926746E-01   -4.9718273468E+03    6.8297483052E-02
    4.2319990004E-02    8.5568944926E-01   -3.7211225075E-01   -4.9747359918E+03    4.7966631819E-02
    4.2339990004E-02    1.2293046989E+00   -7.7441635127E-02   -4.9768055350E+03    2.4823249836E-02
    4.2359990004E-02    8.9041932334E-01    6.9192548786E-02   -4.9791069316E+03    1.0893299126E-02
    4.2379990004E-02    1.1941004506E+00   -7.8105730499E-02   -4.9816055077E+03    2.1574266885E-02
    4.2399990004E-02    1.0112956679E+00    4.0226264560E-01   -4.9835715010E+03    3.9721848263E-02
    4.2419990004E-02    6.4166654038E-01   -2.7431265071E-01   -4.9863667163E+03    6.8943980059E-02
    4.2439990004E-02    1.2678240593E+00   -1.3558853107E-01   -4.9887200747E+03    7.1307417289E-02
    4.2459990004E-02    8.1126531270E-01    3.8789249967E-01   -4.9908644480E+03    6.2603256546E-02
    4.2479990004E-02    9.8536747172E-01   -2.4382868751E-01   -4.9936439014E+03    5.0840722882E-02
    4.2499990004E-02    1.1899682870E+00   -1.0074474708E-02   -4.9956329609E+03    3.6445021038E-02
    4.2519990004E-02    8.1334330031E-01    1.7203250849E-02   -4.9979025060E+03    3.8528479608E-02
    4.2539990004E-02    1.1742147922E+00   -2.8848745370E-01   -5.0005378162E+03    4.1812206268E-02
    4.2559990004E-02    1.0105961442E+00    4.8987491978E-01   -5.0024872388E+03    4.9942077345E-02
    4.2579990004E-02    6.1861278942E-01   -2.6253428196E-01   -5.0053699523E+03    5.9134752694E-02
    4.2599990004E-02    1.2471386194E+00   -1.9314978511E-01   -5.0076887198E+03    3.7474780322E-02
    4.2619990004E-02    8.8309254933E-01    2.9641419005E-01   -5.0098275435E+03    2.6450244338E-02
    4.2639990004E-02    1.0989430446E+00   -1.1384878516E-01   -5.0124785792E+03    3.1262154841E-02
    4.2659990004E-02    1.1541109976E+00    2.2646693983E-01   -5.0144239190E+03    3.9916598355E-02
    4.2679990004E-02    6.8438256672E-01    5.4533231507E-03   -5.0168388391E+03    6.1570481222E-02
    4.2699990004E-02    1.1814865067E+00   -3.6182879198E-01   -5.0195178523E+03    6.6756324885E-02
    4.2719990004E-02    1.0204802493E+00    4.8198765449E-01   -5.0214705553E+03    6.6377784091E-02
    4.2739990004E-02    7.1494413192E-01   -2.1147934660E-01   -5.0243277988E+03    5.7593205843E-02
    4.2759990004E-02    1.2056242665E+00   -2.3006269167E-01   -5.0265872983E+03    3.0027154595E-02
    4.2779990004E-02    9.9225892293E-01    1.5500085711E-01   -5.0286569157E+03    1.5835109670E-02
    4.2799990004E-02    1.0759198643E+00   -2.4414400531E-01   -5.0313090805E+03    1.6491677376E-02
    4.2819990004E-02    1.1507454511E+00    3.6918452284E-01   -5.0332814827E+03    3.1392435329E-02
    4.2839990004E-02    5.7691860615E-01   -1.1160028178E-02   -5.0358505853E+03    6.6003716300E-02
    4.2859990004E-02    1.1897391410E+00   -3.8147008091E-01   -5.0385153097E+03    6.4049052344E-02
    4.2879990004E-02    1.0128034989E+00    4.3851006842E-01   -5.0404826580E+03    5.8469008719E-02
    4.2899990004E-02    8.6623771231E-01   -1.6164628100E-01   -5.0432712399E+03    5.3537790728E-02
    4.2919990004E-02    1.1940407017E+00   -3.9601334863E-02   -5.0453945056E+03    3.9252114743E-02
    4.2939990004E-02    9.1747960663E-01    1.4838340097E-01   -5.0474745193E+03    4.7374758475E-02
    4.2959990004E-02    1.0051024335E+00   -4.1551807888E-01   -5.0502394363E+03    4.9432547698E-02
    4.2979990004E-02    1.1927564902E+00    3.7486441690E-01   -5.0522158541E+03    5.6506867752E-02
    4.2999990005E-02    5.5550996704E-01    2.3425453561E-02   -5.0548542635E+03    6.5035090871E-02
    4.3019990005E-02    1.1548006487E+00   -3.8819049172E-01   -5.0574695553E+03    3.3313596289E-02
    4.3039990005E-02    1.0602310753E+00    2.9849841281E-01   -5.0594385898E+03    2.0431705802E-02
    4.3059990005E-02    9.8745450034E-01   -1.2619282242E-01   -5.0621133556E+03    2.2122983815E-02
    4.3079990005E-02    1.2002110366E+00    1.9367423772E-01   -5.0641787277E+03    3.2886140459E-02
    4.3099990005E-02    7.6353595369E-01    2.1171345190E-01   -5.0663908429E+03    5.6537042334E-02
    4.3119990005E-02    1.0034626844E+00   -4.7452170555E-01   -5.0692387759E+03    6.5742196904E-02
    4.3139990005E-02    1.1934445733E+00    3.5586388435E-01   -5.0712011485E+03    6.7903387748E-02
    4.3159990005E-02    6.4895216084E-01    1.5890589806E-02   -5.0738634356E+03    6.3539111965E-02
    4.3179990005E-02    1.1413352868E+00   -2.8447213437E-01   -5.0763412736E+03    3.8447510725E-02
    4.3199990005E-02    1.1177053250E+00    1.1229319638E-01   -5.0782904775E+03    2.5144006225E-02
    4.3219990005E-02    9.1103450281E-01   -2.5406353655E-01   -5.0809129372E+03    1.7549278239E-02
    4.3239990005E-02    1.2387443674E+00    2.0607595335E-01   -5.0830500038E+03    3.0287905395E-02
    4.3259990005E-02    6.4254485031E-01    2.6137345052E-01   -5.0853448179E+03    5.7850402027E-02
    4.3279990005E-02    1.0033341865E+00   -4.9783141274E-01   -5.0882386978E+03    5.8860483976E-02
    4.3299990005E-02    1.1826491137E+00    3.1127486384E-01   -5.0901911459E+03    5.3932571957E-02
    4.3319990005E-02    7.6993485277E-01   -2.1116149697E-03   -5.0928364571E+03    4.9473181417E-02
    4.3339990005E-02    1.1778979982E+00   -5.4100438544E-02   -5.0951512243E+03    4.0625430107E-02
    4.3359990005E-02    1.0280225611E+00    2.0204986982E-01   -5.0971104688E+03    4.9886485556E-02
    4.3379990005E-02    8.1051794609E-01   -3.6204660701E-01   -5.0998466272E+03    5.7810705741E-02
    4.3399990005E-02    1.2679658324E+00    1.2605837048E-01   -5.1020139972E+03    6.7435939383E-02
    4.3419990005E-02    6.3797139112E-01    2.9628535321E-01   -5.1043363976E+03    6.8360969370E-02
    4.3439990005E-02    9.9125844528E-01   -4.3557487938E-01   -5.1071789309E+03    3.9462180310E-02
    4.3459990005E-02    1.1945948828E+00    1.2411061448E-01   -5.1091479606E+03    2.2079818092E-02
    4.3479990005E-02    8.8803692265E-01   -3.5864628507E-02   -5.1116706741E+03    1.3419965443E-02
    4.3499990005E-02    1.2200962883E+00    8.5460556417E-02   -5.1139546858E+03    2.6750230690E-02
    4.3519990005E-02    8.9540522819E-01    3.4765380145E-01   -5.1160032987E+03    4.8406119850E-02
    4.3539990005E-02    7.8703592261E-01   -4.2168835077E-01   -5.1188778808E+03    6.7898880882E-02
    4.3559990005E-02    1.2677180161E+00    1.0826921389E-01   -5.1210060457E+03    7.2926098476E-02
    4.3579990005E-02    6.8714551763E-01    2.4939510455E-01   -5.1233800491E+03    6.5132995283E-02
    4.3599990005E-02    1.0586132077E+00   -2.8288259623E-01   -5.1260652499E+03    4.5638123757E-02
    4.3619990005E-02    1.1777808972E+00    2.5510337070E-02   -5.1280061530E+03    3.1692801646E-02
    4.3639990005E-02    8.1295267142E-01   -1.2256317649E-01   -5.1304520369E+03    2.5861813474E-02
    4.3659990005E-02    1.2412926669E+00   -6.5129518723E-02   -5.1328679679E+03    3.5073267460E-02
    4.3679990005E-02    8.2323434804E-01    4.4987308403E-01   -5.1349229772E+03    4.9776580619E-02
    4.3699990005E-02    7.6987599040E-01   -4.3899799863E-01   -5.1378860295E+03    5.7681212969E-02
    4.3719990005E-02    1.2561050902E+00    5.2683833577E-02   -5.1399871967E+03    4.9189808582E-02
    4.3739990005E-02    7.7348736766E-01    1.8979070343E-01   -5.1423651390E+03    3.9863996199E-02
    4.3759990005E-02    1.1440652270E+00   -8.8069853129E-02   -5.1448947243E+03    3.8853289131E-02
    4.3779990005E-02    1.1083818834E+00    2.0958761195E-01   -5.1468111995E+03    4.5944569367E-02
    4.3799990005E-02    6.9460797844E-01   -1.7877052874E-01   -5.1493876381E+03    6.1585531399E-02
    4.3819990005E-02    1.2556247165E+00   -1.6685099265E-01   -5.1518456379E+03    6.9443261943E-02
    4.3839990005E-02    8.3410702225E-01    4.6480750478E-01   -5.1539083135E+03    6.7772774922E-02
    4.3859990005E-02    8.1742006787E-01   -3.6004562774E-01   -5.1568291686E+03    4.9584439251E-02
    4.3879990005E-02    1.2325333880E+00   -1.0288589051E-01   -5.1589322907E+03    2.5120112111E-02
    4.3899990005E-02    8.9630592408E-01    1.0047090161E-01   -5.1612008113E+03    1.0952602595E-02
    4.3919990005E-02    1.1823193934E+00   -9.4210213153E-02   -5.1637260408E+03    2.1147119560E-02
    4.3939990005E-02    1.0398758147E+00    3.9156589434E-01   -5.1656834160E+03    3.8735024859E-02
    4.3959990005E-02    6.2607184807E-01   -2.3059540501E-01   -5.1684347480E+03    6.8652782297E-02
    4.3979990005E-02    1.2617817116E+00   -1.8110590507E-01   -5.1708462512E+03    7.0969063669E-02
    4.3999990005E-02    8.4063257187E-01    4.1275179237E-01   -5.1729488969E+03    6.3174871982E-02
    4.4019990005E-02    9.5393071046E-01   -2.4768788030E-01   -5.1757521676E+03    5.1650652811E-02
    4.4039990005E-02    1.1947235167E+00   -3.6108613479E-02   -5.1777690910E+03    3.5626508227E-02
    4.4059990005E-02    8.3838259315E-01    4.3961232976E-02   -5.1799972166E+03    3.6379217814E-02
    4.4079990005E-02    1.1536619550E+00   -3.0660477548E-01   -5.1826554743E+03    3.8715879477E-02
    4.4099990005E-02    1.0426935576E+00    4.8004791985E-01   -5.1845990634E+03    4.7430662950E-02
    4.4119990005E-02    5.9610362973E-01   -2.2477867553E-01   -5.1874505587E+03    6.0432315985E-02
    4.4139990005E-02    1.2425801751E+00   -2.2532487345E-01   -5.1898196824E+03    3.9151989617E-02
    4.4159990005E-02    8.9850762637E-01    3.2007477186E-01   -5.1919258154E+03    2.8558381619E-02
    4.4179990005E-02    1.0785828975E+00   -1.2371876678E-01   -5.1946021154E+03    3.2460154145E-02
    4.4199990005E-02    1.1646046468E+00    2.0578686861E-01   -5.1965589886E+03    3.9462167533E-02
    4.4219990005E-02    7.0292361937E-01    4.0270727473E-02   -5.1989275678E+03    6.0619219650E-02
    4.4239990005E-02    1.1592492647E+00   -3.8616658305E-01   -5.2016398129E+03    6.5968149596E-02
    4.4259990005E-02    1.0528863764E+00    4.7559825949E-01   -5.2035837079E+03    6.6432037007E-02
    4.4279990005E-02    6.8855602677E-01   -1.8255204869E-01   -5.2064240529E+03    5.9052504357E-02
    4.4299990005E-02    1.2003412325E+00   -2.5110752235E-01   -5.2087259275E+03    3.0183609072E-02
    4.4319990005E-02    1.0079665916E+00    1.6803042082E-01   -5.2107761280E+03    1.5611652446E-02
    4.4339990005E-02    1.0605461505E+00   -2.3968362755E-01   -5.2134318088E+03    1.5697825254E-02
    4.4359990005E-02    1.1644625972E+00    3.5080824808E-01   -5.2154169417E+03    3.0709136829E-02
    4.4379990005E-02    5.8614561521E-01    2.7246622986E-02   -5.2179400232E+03    6.5313394973E-02
    4.4399990005E-02    1.1707871656E+00   -4.0567432726E-01   -5.2206462675E+03    6.4775628190E-02
    4.4419990005E-02    1.0404404573E+00    4.3723089187E-01   -5.2226013937E+03    5.9876163885E-02
    4.4439990005E-02    8.3782167451E-01   -1.4805773512E-01   -5.2253862828E+03    5.4783605720E-02
    4.4459990005E-02    1.1925377950E+00   -6.3031691350E-02   -5.2275444980E+03    3.9405028433E-02
    4.4479990005E-02    9.4577288489E-01    1.5295712578E-01   -5.2295973231E+03    4.5884565218E-02
    4.4499990005E-02    9.8073724613E-01   -4.1017141164E-01   -5.2323592084E+03    4.7418139582E-02
    4.4519990005E-02    1.2069993172E+00    3.5013530466E-01   -5.2343532647E+03    5.5030244022E-02
    4.4539990005E-02    5.5348829125E-01    5.9844316393E-02   -5.2369488996E+03    6.5169903805E-02
    4.4559990005E-02    1.1394622048E+00   -4.0589491896E-01   -5.2396083163E+03    3.4689237072E-02
    4.4579990005E-02    1.0760442648E+00    3.0136258399E-01   -5.2415683022E+03    2.2088949427E-02
    4.4599990005E-02    9.6833122969E-01   -1.1671802614E-01   -5.2442432836E+03    2.3068298594E-02
    4.4619990005E-02    1.2026790390E+00    1.7380925156E-01   -5.2463297767E+03    3.2825580046E-02
    4.4639990005E-02    7.8955579412E-01    2.2895131680E-01   -5.2485097207E+03    5.5606058087E-02
    4.4659990005E-02    9.7583290121E-01   -4.7396225713E-01   -5.2513639626E+03    6.5686498967E-02
    4.4679990005E-02    1.2088611478E+00    3.3221540739E-01   -5.2533409789E+03    6.8601405391E-02
    4.4699990005E-02    6.3878352194E-01    4.7862537083E-02   -5.2559704331E+03    6.4503783886E-02
    4.4719990005E-02    1.1298849486E+00   -2.9995852866E-01   -5.2584892536E+03    3.8739368069E-02
    4.4739990005E-02    1.1300540006E+00    1.0684520331E-01   -5.2604356139E+03    2.4583711030E-02
    4.4759990005E-02    9.0439142475E-01   -2.3428689593E-01   -5.2630414697E+03    1.6284614689E-02
    4.4779990005E-02    1.2404386243E+00    1.8628609858E-01   -5.2652024235E+03    2.9308044051E-02
    4.4799990005E-02    6.6413141486E-01    2.8447848165E-01   -5.2674648309E+03    5.6592812641E-02
    4.4819990005E-02    9.7826713207E-01   -5.0060110350E-01   -5.2703746261E+03    6.0456985804E-02
    4.4839990005E-02    1.1966744393E+00    2.9424528219E-01   -5.2723368663E+03    5.6204429646E-02
    4.4859990005E-02    7.5418866701E-01    2.0900380705E-02   -5.2749615807E+03    5.1144180804E-02
    4.4879990005E-02    1.1718625255E+00   -7.4097962512E-02   -5.2773114122E+03    4.1512722185E-02
    4.4899990005E-02    1.0471066671E+00    1.9211229031E-01   -5.2792579395E+03    4.9013176781E-02
    4.4919990005E-02    7.9640475455E-01   -3.4159844420E-01   -5.2819724558E+03    5.6477005393E-02
    4.4939990005E-02    1.2694428021E+00    9.7351847390E-02   -5.2841704858E+03    6.6458449864E-02
    4.4959990005E-02    6.5224108339E-01    3.2188106272E-01   -5.2864579474E+03    6.7789700821E-02
    4.4979990005E-02    9.7033266712E-01   -4.4135941435E-01   -5.2893257317E+03    4.0432776058E-02
    4.4999990005E-02    1.2018141237E+00    1.1626919282E-01   -5.2913030930E+03    2.2971317390E-02
    4.5019990005E-02    8.8039504980E-01   -1.6007699738E-02   -5.2938128882E+03    1.4262403231E-02
    4.5039990005E-02    1.2169139117E+00    7.1960967612E-02   -5.2961163787E+03    2.7107277597E-02
    4.5059990005E-02    9.1855110857E-01    3.4733428161E-01   -5.2981482797E+03    4.7897886813E-02
    4.5079990005E-02    7.6787182563E-01   -4.0403236323E-01   -5.3010082364E+03    6.7946023597E-02
    4.5099990005E-02    1.2706321282E+00    8.0227990070E-02   -5.3031650408E+03    7.3644287484E-02
    4.5119990005E-02    6.9428892458E-01    2.7425380786E-01   -5.3055062546E+03    6.5727149143E-02
    4.5139990005E-02    1.0426186105E+00   -2.9391839606E-01   -5.3082208798E+03    4.6061434823E-02
    4.5159990005E-02    1.1845572925E+00    1.0979205685E-02   -5.3101713465E+03    3.1097469625E-02
    4.5179990005E-02    8.1991263157E-01   -1.0225124641E-01   -5.3125932354E+03    2.4309039895E-02
    4.5199990005E-02    1.2364074773E+00   -7.9253904808E-02   -5.3150290894E+03    3.3321100574E-02
    4.5219990005E-02    8.4442584305E-01    4.5521844793E-01   -5.3170691022E+03    4.8470746512E-02
    4.5239990005E-02    7.4999478975E-01   -4.2735768558E-01   -5.3200278446E+03    5.9472670702E-02
    4.5259990005E-02    1.2597455383E+00    3.3231392172E-02   -5.3221512437E+03    5.1806861928E-02
    4.5279990005E-02    7.7245887282E-01    2.1090510129E-01   -5.3245061378E+03    4.2109894806E-02
    4.5299990005E-02    1.1349250361E+00   -1.0094510544E-01   -5.3270615692E+03    4.0340069617E-02
    4.5319990005E-02    1.1185224391E+00    1.9579943161E-01   -5.3289772147E+03    4.5865495956E-02
    4.5339990005E-02    6.9573290859E-01   -1.5706589229E-01   -5.3315259228E+03    6.1111217965E-02
    4.5359990005E-02    1.2504425009E+00   -1.8820553659E-01   -5.3340110904E+03    6.8709537985E-02
    4.5379990005E-02    8.5273921744E-01    4.7458203358E-01   -5.3360564958E+03    6.7702486177E-02
    4.5399990005E-02    7.9734953917E-01   -3.5383538453E-01   -5.3389824522E+03    5.0598520303E-02
    4.5419990005E-02    1.2341252140E+00   -1.1438489072E-01   -5.3411038330E+03    2.5418949317E-02
    4.5439990005E-02    8.9858941870E-01    1.1644917084E-01   -5.3433587147E+03    1.1117517311E-02
    4.5459990005E-02    1.1768197940E+00   -9.7640866184E-02   -5.3458943688E+03    2.1238622224E-02
    4.5479990005E-02    1.0526979499E+00    3.8386436326E-01   -5.3478492100E+03    3.8625713364E-02
    4.5499990005E-02    6.2146634822E-01   -2.0942346384E-01   -5.3505768379E+03    6.8627662468E-02
    4.5519990005E-02    1.2582028758E+00   -2.0132573691E-01   -5.3530164331E+03    7.1121605773E-02
    4.5539990005E-02    8.5468077701E-01    4.2381085716E-01   -5.3551012501E+03    6.3810482768E-02
    4.5559990005E-02    9.3686420874E-01   -2.4977979449E-01   -5.3579156599E+03    5.2236527262E-02
    4.5579990005E-02    1.1968060367E+00   -5.1234160216E-02   -5.3599484510E+03    3.5305878795E-02
    4.5599990005E-02    8.5238749420E-01    5.4663177516E-02   -5.3621579928E+03    3.4963304757E-02
    4.5619990005E-02    1.1444438946E+00   -3.1114282685E-01   -5.3648235973E+03    3.6884334784E-02
    4.5639990005E-02    1.0555859422E+00    4.7437593377E-01   -5.3667665350E+03    4.6018523618E-02
    4.5659990005E-02    5.8699382105E-01   -2.0843905933E-01   -5.3696027421E+03    6.1140973462E-02
    4.5679990005E-02    1.2406257262E+00   -2.3831038939E-01   -5.3719951955E+03    4.0556966135E-02
    4.5699990005E-02    9.0437624659E-01    3.3143806272E-01   -5.3740888458E+03    3.0225166258E-02
    4.5719990005E-02    1.0682316597E+00   -1.2795851870E-01   -5.3767769225E+03    3.3555336900E-02
    4.5739990005E-02    1.1688087348E+00    1.9360006582E-01   -5.3787401066E+03    3.9490601089E-02
    4.5759990005E-02    7.1332701472E-01    5.3907927323E-02   -5.3810877876E+03    6.0276037274E-02
    4.5779990005E-02    1.1493626429E+00   -3.9480472495E-01   -5.3838124368E+03    6.5726271768E-02
    4.5799990005E-02    1.0657531690E+00    4.7238701698E-01   -5.3857543551E+03    6.6613498879E-02
    4.5819990005E-02    6.7659993017E-01   -1.7039945131E-01   -5.3885874133E+03    5.9807909680E-02
    4.5839990005E-02    1.1983146446E+00   -2.6062274091E-01   -5.3909088826E+03    3.0173314439E-02
    4.5859990005E-02    1.0131754247E+00    1.7476538431E-01   -5.3929532358E+03    1.5396310171E-02
    4.5879990005E-02    1.0561124015E+00   -2.3437724542E-01   -5.3956094397E+03    1.5431628346E-02
    4.5899990005E-02    1.1686405557E+00    3.4290394004E-01   -5.3976000883E+03    3.0553456136E-02
    4.5919990005E-02    5.9189044317E-01    4.1242469182E-02   -5.4001047310E+03    6.5050146290E-02
    4.5939990005E-02    1.1632858029E+00   -4.1379982176E-01   -5.4028262076E+03    6.5306242893E-02
    4.5959990005E-02    1.0504531328E+00    4.3678736460E-01   -5.4047780726E+03    6.0738848289E-02
    4.5979990005E-02    8.2560118625E-01   -1.4290741894E-01   -5.4075620799E+03    5.5484716764E-02
    4.5999990005E-02    1.1915849470E+00   -7.5268060019E-02   -5.4097358727E+03    3.9456556190E-02
    4.6019990005E-02    9.5769675822E-01    1.5239021243E-01   -5.4117791029E+03    4.4904356224E-02
    4.6039990005E-02    9.7326581252E-01   -4.0580773652E-01   -5.4145377124E+03    4.6064391393E-02
    4.6059990005E-02    1.2108613914E+00    3.4199872535E-01   -5.4165389082E+03    5.3935754012E-02
    4.6079990005E-02    5.5270502262E-01    7.1378006000E-02   -5.4191198012E+03    6.5097133389E-02
    4.6099990005E-02    1.1348543694E+00   -4.1205170926E-01   -5.4217953728E+03    3.5478291853E-02
    4.6119990005E-02    1.0798694199E+00    3.0530139002E-01   -5.4237533624E+03    2.3132396342E-02
    4.6139990005E-02    9.6115563802E-01   -1.1290652638E-01   -5.4264306877E+03    2.3937445098E-02
    4.6159990005E-02    1.2027628613E+00    1.6512027765E-01   -5.4285241877E+03    3.3056046941E-02
    4.6179990005E-02    8.0019561580E-01    2.3228146029E-01   -5.4306931190E+03    5.5408684088E-02
    4.6199990005E-02    9.6764719863E-01   -4.7255618038E-01   -5.4335474974E+03    6.5693088989E-02
    4.6219990005E-02    1.2131655025E+00    3.2555324099E-01   -5.4355301931E+03    6.8931184681E-02
    4.6239990005E-02    6.3451765972E-01    5.7566780354E-02   -5.4381500293E+03    6.4968474807E-02
    4.6259990005E-02    1.1259720418E+00   -3.0733345259E-01   -5.4406838603E+03    3.8705032418E-02
    4.6279990005E-02    1.1333632329E+00    1.0698375309E-01   -5.4426310077E+03    2.4121293520E-02
    4.6299990005E-02    9.0550741437E-01   -2.2665908008E-01   -5.4452327916E+03    1.5587372546E-02
    4.6319990005E-02    1.2399581878E+00    1.8364643510E-01   -5.4473986684E+03    2.8794247523E-02
    4.6339990005E-02    6.7106714723E-01    2.8831364902E-01   -5.4496536151E+03    5.6298570322E-02
    4.6359990005E-02    9.7274737689E-01   -5.0098749106E-01   -5.4525666053E+03    6.1347923724E-02
    4.6379990005E-02    1.1998687870E+00    2.9202985706E-01   -5.4545320234E+03    5.7468562041E-02
    4.6399990005E-02    7.4833109664E-01    2.6528132171E-02   -5.4571534004E+03    5.2216554396E-02
    4.6419990005E-02    1.1695551133E+00   -8.3153619474E-02   -5.4595143280E+03    4.1962232980E-02
    4.6439990005E-02    1.0532299697E+00    1.8627257420E-01   -5.4614580294E+03    4.8622855178E-02
    4.6459990005E-02    7.9529604116E-01   -3.3603716977E-01   -5.4641656417E+03    5.5593375381E-02
    4.6479990005E-02    1.2693375758E+00    9.3328534941E-02   -5.4663701956E+03    6.5657989163E-02
    4.6499990005E-02    6.5401155431E-01    3.2638374355E-01   -5.4686514559E+03    6.7476897209E-02
    4.6519990005E-02    9.6619670455E-01   -4.4480549639E-01   -5.4715263154E+03    4.0663663570E-02
    4.6539990005E-02    1.2025595926E+00    1.2035409651E-01   -5.4735052775E+03    2.3377196033E-02
    4.6559990005E-02    8.7806425706E-01   -1.1354251073E-02   -5.4760170217E+03    1.4945185214E-02
    4.6579990005E-02    1.2155753717E+00    7.0613182632E-02   -5.4783217143E+03    2.7509962969E-02
    4.6599990005E-02    9.2415790566E-01    3.4407159870E-01   -5.4803508147E+03    4.8041265011E-02
    4.6619990005E-02    7.6610946421E-01   -4.0066291955E-01   -5.4832062086E+03    6.7949094629E-02
    4.6639990005E-02    1.2710257697E+00    7.7561084510E-02   -5.4853681107E+03    7.3894743347E-02
    4.6659990005E-02    6.9376131693E-01    2.7815649317E-01   -5.4877054190E+03    6.6068711622E-02
    4.6679990005E-02    1.0386722888E+00   -2.9941049218E-01   -5.4904276139E+03    4.6053059041E-02
    4.6699990005E-02    1.1864338797E+00    7.4202017359E-03   -5.4923814220E+03    3.0730736523E-02
    4.6719990005E-02    8.2423370699E-01   -9.9453655993E-02   -5.4948012502E+03    2.3324970792E-02
    4.6739990005E-02    1.2359335579E+00   -7.4820386901E-02   -5.4972356077E+03    3.2543500736E-02
    4.6759990005E-02    8.4553997769E-01    4.5349001039E-01   -5.4992762887E+03    4.8228847604E-02
    4.6779990005E-02    7.4960986467E-01   -4.2797834119E-01   -5.5022345530E+03    6.0296075379E-02
    4.6799990005E-02    1.2604513251E+00    3.5820730372E-02   -5.5043594287E+03    5.3286812613E-02
    4.6819990005E-02    7.6916101100E-01    2.1322462071E-01   -5.5067160094E+03    4.3565688548E-02
    4.6839990005E-02    1.1328651051E+00   -1.0494480313E-01   -5.5092754325E+03    4.1212217653E-02
    4.6859990005E-02    1.1201780807E+00    1.9004151126E-01   -5.5111912704E+03    4.6123757700E-02
    4.6879990005E-02    6.9799141749E-01   -1.5677361299E-01   -5.5137369136E+03    6.0932518911E-02
    4.6899990005E-02    1.2505389017E+00   -1.8637679056E-01   -5.5162220910E+03    6.8622040236E-02
    4.6919990005E-02    8.5130345664E-01    4.7514379745E-01   -5.5182684054E+03    6.7800281027E-02
    4.6939990005E-02    7.9581403457E-01   -3.5684753985E-01   -5.5211972478E+03    5.0652802502E-02
    4.6959990005E-02    1.2349258361E+00   -1.1092912073E-01   -5.5233189054E+03    2.5515362054E-02
    4.6979990005E-02    8.9642062276E-01    1.1782579266E-01   -5.5255792567E+03    1.1210031531E-02
    4.6999990005E-02    1.1779971421E+00   -9.1467060900E-02   -5.5281112217E+03    2.1585968603E-02
    4.7019990005E-02    1.0520354970E+00    3.8092171907E-01   -5.5300668789E+03    3.9018419983E-02
    4.7039990005E-02    6.2379170093E-01   -2.1157064511E-01   -5.5327941374E+03    6.8703437474E-02
    4.7059990005E-02    1.2588781728E+00   -1.9757833897E-01   -5.5352316490E+03    7.1495046855E-02
    4.7079990005E-02    8.5161968617E-01    4.2380793442E-01   -5.5373193536E+03    6.4208185874E-02
    4.7099990005E-02    9.3578644800E-01   -2.5327662034E-01   -5.5401362974E+03    5.2277727894E-02
    4.7119990005E-02    1.1973674117E+00   -5.4364701560E-02   -5.5421702313E+03    3.5093205406E-02
    4.7139990005E-02    8.5352220392E-01    5.2096446898E-02   -5.5443827609E+03    3.4089416500E-02
    4.7159990005E-02    1.1474699713E+00   -3.0484604191E-01   -5.5470436750E+03    3.6098975028E-02
    4.7179990005E-02    1.0509292454E+00    4.7516460099E-01   -5.5489880038E+03    4.5527958899E-02
    4.7199990005E-02    5.8881677939E-01   -2.1512662265E-01   -5.5518285583E+03    6.1275804555E-02
    4.7219990005E-02    1.2426572591E+00   -2.3181024161E-01   -5.5542157628E+03    4.1536818442E-02
    4.7239990005E-02    8.9856664125E-01    3.3216789679E-01   -5.5563157266E+03    3.1279929530E-02
    4.7259990005E-02    1.0691897388E+00   -1.2833563375E-01   -5.5590045213E+03    3.4334368950E-02
    4.7279990005E-02    1.1680404279E+00    1.9032296572E-01   -5.5609662930E+03    3.9865617404E-02
    4.7299990005E-02    7.1344792089E-01    4.8204500238E-02   -5.5633176525E+03    6.0374903038E-02
    4.7319990005E-02    1.1534740637E+00   -3.9006057831E-01   -5.5660372085E+03    6.5822081637E-02
    4.7339990005E-02    1.0600254713E+00    4.7529429771E-01   -5.5679807695E+03    6.6725004790E-02
    4.7359990005E-02    6.7743459222E-01   -1.7748792997E-01   -5.5708199074E+03    5.9709500803E-02
    4.7379990005E-02    1.2007178219E+00   -2.5850653282E-01   -5.5731368714E+03    2.9856535063E-02
    4.7399990005E-02    1.0077418754E+00    1.7662178248E-01   -5.5751881392E+03    1.5022078274E-02
    4.7419990005E-02    1.0626023025E+00   -2.2934967368E-01   -5.5778430349E+03    1.5596170204E-02
    4.7439990005E-02    1.1644282587E+00    3.4561572002E-01   -5.5798305434E+03    3.0845239668E-02
    4.7459990005E-02    5.9193753505E-01    3.1248477787E-02   -5.5823439202E+03    6.5338276587E-02
    4.7479990005E-02    1.1689856829E+00   -4.0730590054E-01   -5.5850564926E+03    6.5699850794E-02
    4.7499990005E-02    1.0428260778E+00    4.4007022339E-01   -5.5870115917E+03    6.1104958618E-02
    4.7519990005E-02    8.2847711814E-01   -1.4925060785E-01   -5.5898008862E+03    5.5614966288E-02
    4.7539990005E-02    1.1920786734E+00   -7.7529736119E-02   -5.5919699257E+03    3.9227072314E-02
    4.7559990005E-02    9.5410794988E-01    1.4883485614E-01   -5.5940192310E+03    4.4265948370E-02
    4.7579990005E-02    9.8246935256E-01   -4.0413764643E-01   -5.5967764400E+03    4.5179182614E-02
    4.7599990005E-02    1.2053949019E+00    3.5157580322E-01   -5.5987722462E+03    5.3067442786E-02
    4.7619990005E-02    5.5073347458E-01    5.7411248561E-02   -5.6013676525E+03    6.4893819289E-02
    4.7639990005E-02    1.1425924765E+00   -4.0686638227E-01   -5.6040319377E+03    3.5645770507E-02
    4.7659990005E-02    1.0707586658E+00    3.1262345248E-01   -5.6059937934E+03    2.3563029120E-02
    4.7679990005E-02    9.6667138566E-01   -1.1555049802E-01   -5.6086773868E+03    2.4755678899E-02
    4.7699990005E-02    1.2010691966E+00    1.6712753264E-01   -5.6107623657E+03    3.3538483714E-02
    4.7719990005E-02    7.9527461245E-01    2.2338468435E-01   -5.6129401701E+03    5.5827369428E-02
    4.7739990005E-02    9.7921018382E-01   -4.7203787626E-01   -5.6157906715E+03    6.5658157304E-02
    4.7759990005E-02    1.2072755293E+00    3.3744209569E-01   -5.6177680723E+03    6.8788724095E-02
    4.7779990005E-02    6.3388521000E-01    4.4025151065E-02   -5.6204035454E+03    6.4899566159E-02
    4.7799990005E-02    1.1305466567E+00   -3.0770913556E-01   -5.6229266576E+03    3.8227112843E-02
    4.7819990005E-02    1.1278359360E+00    1.1399330738E-01   -5.6248774513E+03    2.3528862642E-02
    4.7839990005E-02    9.1448427292E-01   -2.3088026305E-01   -5.6274879366E+03    1.5235399664E-02
    4.7859990005E-02    1.2373894265E+00    1.9822573689E-01   -5.6296390884E+03    2.8575048361E-02
    4.7879990005E-02    6.6292831283E-01    2.7331729823E-01   -5.6319107990E+03    5.6937780661E-02
    4.7899990005E-02    9.8765331859E-01   -5.0011501788E-01   -5.6348157855E+03    6.1640094510E-02
    4.7919990005E-02    1.1925154319E+00    3.0652582680E-01   -5.6367763185E+03    5.7841502933E-02
    4.7939990005E-02    7.5083978878E-01    1.3529119023E-02   -5.6394137280E+03    5.2774344695E-02
    4.7959990005E-02    1.1714741589E+00   -8.2631902538E-02   -5.6417616185E+03    4.1921556710E-02
    4.7979990005E-02    1.0475907174E+00    1.8488077733E-01   -5.6437108836E+03    4.8619695123E-02
    4.7999990005E-02    8.0658344188E-01   -3.4579601681E-01   -5.6464271261E+03    5.5018528083E-02
    4.8019990005E-02    1.2679635049E+00    1.1450307258E-01   -5.6486133021E+03    6.4945060737E-02
    4.8039990005E-02    6.4188581311E-01    3.0988837164E-01   -5.6509168688E+03    6.7424707082E-02
    4.8059990005E-02    9.7979777099E-01   -4.4703509868E-01   -5.6537821324E+03    4.0050589218E-02
    4.8079990005E-02    1.1963581387E+00    1.3855431344E-01   -5.6557551614E+03    2.3226102940E-02
    4.8099990005E-02    8.8164856665E-01   -2.1737311227E-02   -5.6582850770E+03    1.5546223683E-02
    4.8119990005E-02    1.2160178282E+00    8.1276125272E-02   -5.6605715343E+03    2.7982945963E-02
    4.8139990005E-02    9.1305510613E-01    3.3809904276E-01   -5.6626110342E+03    4.8799866949E-02
    4.8159990005E-02    7.8161078428E-01   -4.1207549517E-01   -5.6654724823E+03    6.7883360614E-02
    4.8179990005E-02    1.2691720810E+00    1.0104394459E-01   -5.6676151463E+03    7.3698528346E-02
    4.8199990005E-02    6.8421946381E-01    2.6106204586E-01   -5.6699778047E+03    6.6180558493E-02
    4.8219990005E-02    1.0471670222E+00   -3.0079066113E-01   -5.6726867758E+03    4.5530947541E-02
    4.8239990005E-02    1.1838507328E+00    1.4808210421E-02   -5.6746373817E+03    3.0415848485E-02
    4.8259990005E-02    8.2656925641E-01   -1.1370579343E-01   -5.6770766461E+03    2.2652624921E-02
    4.8279990005E-02    1.2396872624E+00   -5.1031883491E-02   -5.6794876566E+03    3.2497369311E-02
    4.8299990005E-02    8.2645447504E-01    4.4440621689E-01   -5.6815447013E+03    4.9009565712E-02
    4.8319990005E-02    7.6908309765E-01   -4.4157003176E-01   -5.6845068066E+03    6.0345361279E-02
    4.8339990005E-02    1.2582495520E+00    6.2194402085E-02   -5.6866117175E+03    5.3880695511E-02
    4.8359990005E-02    7.6250100152E-01    1.9650820590E-01   -5.6889960303E+03    4.4506456179E-02
    4.8379990005E-02    1.1378194048E+00   -1.0106518443E-01   -5.6915376828E+03    4.1572832180E-02
    4.8399990005E-02    1.1140284173E+00    1.9140193735E-01   -5.6934540464E+03    4.6765704521E-02
    4.8419990005E-02    7.0166864592E-01   -1.7776159021E-01   -5.6960206339E+03    6.0989435229E-02
    4.8439990005E-02    1.2558982772E+00   -1.6065381099E-01   -5.6984785099E+03    6.9166150900E-02
    4.8459990005E-02    8.2923456408E-01    4.6644335711E-01   -5.7005440799E+03    6.8111501140E-02
    4.8479990005E-02    8.1267819001E-01   -3.7007251440E-01   -5.7034743448E+03    4.9705248777E-02
    4.8499990005E-02    1.2348844993E+00   -9.0866695690E-02   -5.7055781045E+03    2.5383545791E-02
    4.8519990005E-02    8.8999682289E-01    1.0469772377E-01   -5.7078646413E+03    1.1212531211E-02
    4.8539990005E-02    1.1856243503E+00   -7.4074864120E-02   -5.7103769439E+03    2.2226730838E-02
    4.8559990005E-02    1.0380652826E+00    3.8174238615E-01   -5.7123371905E+03    3.9983761817E-02
    4.8579990005E-02    6.3370930690E-01   -2.3701540584E-01   -5.7150865818E+03    6.8938268471E-02
    4.8599990005E-02    1.2636461344E+00   -1.6901801500E-01   -5.7174917020E+03    7.2247049962E-02
    4.8619990005E-02    8.3097400416E-01    4.1248095146E-01   -5.7196036267E+03    6.4525897311E-02
    4.8639990005E-02    9.5001623621E-01   -2.5932413589E-01   -5.7224149414E+03    5.1783703978E-02
    4.8659990005E-02    1.1966805028E+00   -4.6728135421E-02   -5.7244359748E+03    3.4876624896E-02
    4.8679990005E-02    8.4297389204E-01    3.5881034218E-02   -5.7266728172E+03    3.3447097581E-02
    4.8699990005E-02    1.1623612976E+00   -2.8579248698E-01   -5.7293154031E+03    3.6081350036E-02
    4.8719990005E-02    1.0278956195E+00    4.8129481998E-01   -5.7312641743E+03    4.5802485240E-02
    4.8739990005E-02    6.0234008786E-01   -2.4533448537E-01   -5.7341281860E+03    6.0874709424E-02
    4.8759990005E-02    1.2484115054E+00   -2.0398824415E-01   -5.7364812220E+03    4.2358145369E-02
    4.8779990005E-02    8.8019458104E-01    3.2188797333E-01   -5.7386079866E+03    3.2005355791E-02
    4.8799990005E-02    1.0808787734E+00   -1.2480238445E-01   -5.7412859285E+03    3.4926878556E-02
    4.8819990005E-02    1.1623064407E+00    1.9441780420E-01   -5.7432387989E+03    4.0640836540E-02
    4.8839990005E-02    7.0451565502E-01    2.2650398128E-02   -5.7456178456E+03    6.0846933910E-02
    4.8859990005E-02    1.1710268466E+00   -3.7038506465E-01   -5.7483135057E+03    6.6260919755E-02
    4.8879990005E-02    1.0347708333E+00    4.8335004948E-01   -5.7502635671E+03    6.6815373824E-02
    4.8899990005E-02    6.9096722077E-01   -2.0409066759E-01   -5.7531217226E+03    5.8713979378E-02
    4.8919990005E-02    1.2075053634E+00   -2.4420558458E-01   -5.7554106191E+03    2.9159261449E-02
    4.8939990005E-02    9.9128146664E-01    1.7302052078E-01   -5.7574835100E+03    1.4372233894E-02
    4.8959990005E-02    1.0806381129E+00   -2.2136256405E-01   -5.7601328674E+03    1.6191989347E-02
    4.8979990006E-02    1.1508263176E+00    3.5762554378E-01   -5.7621097680E+03    3.1644200354E-02
    4.8999990006E-02    5.8801323026E-01   -3.4846048297E-03   -5.7646586555E+03    6.6155375547E-02
    4.9019990006E-02    1.1871437157E+00   -3.8432235818E-01   -5.7673366882E+03    6.6166397577E-02
    4.9039990006E-02    1.0165668268E+00    4.4577761898E-01   -5.7693033422E+03    6.1199002785E-02
    4.9059990006E-02    8.4622237879E-01   -1.6673236063E-01   -5.7721031357E+03    5.5253681209E-02
    4.9079990006E-02    1.1937196277E+00   -7.0985312269E-02   -5.7742480106E+03    3.8732143400E-02
    4.9099990006E-02    9.3540102347E-01    1.4062204309E-01   -5.7763195961E+03    4.3813003866E-02
    4.9119990006E-02    1.0086528297E+00   -4.0250425766E-01   -5.7790747791E+03    4.4622984898E-02
    4.9139990006E-02    1.1889245799E+00    3.7774284378E-01   -5.7810545135E+03    5.2346892163E-02
    4.9159990006E-02    5.4912180106E-01    1.7219226419E-02   -5.7836933954E+03    6.4483907224E-02
    4.9179990006E-02    1.1619620843E+00   -3.8844681792E-01   -5.7863178620E+03    3.5303754284E-02
    4.9199990006E-02    1.0474038887E+00    3.2192921561E-01   -5.7882918155E+03    2.3498648847E-02
    4.9219990006E-02    9.8523440874E-01   -1.2282702133E-01   -5.7909838579E+03    2.5592888381E-02
    4.9239990006E-02    1.1970435012E+00    1.7858611228E-01   -5.7930455271E+03    3.4298257152E-02
    4.9259990006E-02    7.7596650155E-01    2.0045456089E-01   -5.7952526396E+03    5.6764277330E-02
    4.9279990006E-02    1.0104681001E+00   -4.6947966870E-01   -5.7980924819E+03    6.5506123756E-02
    4.9299990006E-02    1.1893929882E+00    3.6648091097E-01   -5.8000559405E+03    6.8129253538E-02
    4.9319990006E-02    6.3840389072E-01    7.0337968850E-03   -5.8027311369E+03    6.4150730348E-02
    4.9339990006E-02    1.1431558474E+00   -3.0101895855E-01   -5.8052180106E+03    3.7183385111E-02
    4.9359990006E-02    1.1122827921E+00    1.2717399584E-01   -5.8071774422E+03    2.2612137461E-02
    4.9379990006E-02    9.3344602725E-01   -2.4444880374E-01   -5.8098070410E+03    1.5116031480E-02
    4.9399990006E-02    1.2311219007E+00    2.2927157702E-01   -5.8119249286E+03    2.8550425536E-02
    4.9419990006E-02    6.4178254270E-01    2.3707153774E-01   -5.8142388130E+03    5.8396492101E-02
    4.9439990006E-02    1.0227111725E+00   -4.9472713961E-01   -5.8171212520E+03    6.1425908647E-02
    4.9459990006E-02    1.1725904029E+00    3.3626731842E-01   -5.8190716534E+03    5.7446963915E-02
    4.9479990006E-02    7.6307195075E-01   -1.7612543738E-02   -5.8217427711E+03    5.2861251382E-02
    4.9499990006E-02    1.1769951269E+00   -7.4135595643E-02   -5.8240544543E+03    4.1342111139E-02
    4.9519990006E-02    1.0298333243E+00    1.8592420279E-01   -5.8260190883E+03    4.8752932353E-02
    4.9539990006E-02    8.3282246010E-01   -3.6816035764E-01   -5.8287561626E+03    5.4374425513E-02
    4.9559990006E-02    1.2635245608E+00    1.6085201482E-01   -5.8309006745E+03    6.3811931074E-02
    4.9579990006E-02    6.1793267897E-01    2.6971904682E-01   -5.8332567765E+03    6.7369438394E-02
    4.9599990006E-02    1.0107974497E+00   -4.4633654350E-01   -5.8360928835E+03    3.8545038170E-02
    4.9619990006E-02    1.1810005300E+00    1.7159576094E-01   -5.8380550582E+03    2.2492013015E-02
    4.9639990006E-02    8.9316395030E-01   -4.5775179024E-02   -5.8406187427E+03    1.6244477528E-02
    4.9659990006E-02    1.2169483481E+00    1.0366412098E-01   -5.8428667800E+03    2.8580956502E-02
    4.9679990006E-02    8.8562355448E-01    3.2593205865E-01   -5.8449315655E+03    5.0145839023E-02
    4.9699990006E-02    8.1646864227E-01   -4.3493061692E-01   -5.8478051297E+03    6.7577137959E-02
    4.9719990006E-02    1.2632136267E+00    1.5030061589E-01   -5.8499070014E+03    7.2767101729E-02
    4.9739990006E-02    6.6830005913E-01    2.2125199296E-01   -5.8523249619E+03    6.5947783031E-02
    4.9759990006E-02    1.0666794372E+00   -2.9850310993E-01   -5.8549983852E+03    4.4374551956E-02
    4.9779990006E-02    1.1760629191E+00    3.2684341136E-02   -5.8569419419E+03    2.9914544568E-02
    4.9799990006E-02    8.3118608561E-01   -1.4442986466E-01   -5.8594213385E+03    2.1953958008E-02
    4.9819990006E-02    1.2457115145E+00   -5.0599452641E-03   -5.8617845273E+03    3.2756467500E-02
    4.9839990006E-02    7.8744223041E-01    4.2318064244E-01   -5.8638775225E+03    5.0710433981E-02
    4.9859990006E-02    8.1035204331E-01   -4.6461180148E-01   -5.8668428296E+03    5.9700339612E-02
    4.9879990006E-02    1.2511477921E+00    1.1275355787E-01   -5.8689093827E+03    5.3640368004E-02
    4.9899990006E-02    7.5505685386E-01    1.5969752455E-01   -5.8713479021E+03    4.5166574057E-02
    4.9919990006E-02    1.1483254290E+00   -8.9979260675E-02   -5.8738488175E+03    4.1456065751E-02
    4.9939990006E-02    1.0994028067E+00    1.9799663402E-01   -5.8757683539E+03    4.7692129875E-02
    4.9959990006E-02    7.1158851043E-01   -2.1938157845E-01   -5.8783777945E+03    6.0994502762E-02
    4.9979990006E-02    1.2642044982E+00   -1.0794722506E-01   -5.8807791657E+03    7.0041684219E-02
    4.9999990006E-02    7.8688847960E-01    4.4388394735E-01   -5.8828868575E+03    6.8484041349E-02
    5.0019990006E-02    8.4850189274E-01   -3.9086375183E-01   -5.8858127325E+03    4.7665660932E-02
    5.0039990006E-02    1.2324290578E+00   -5.1694672809E-02   -5.8878827599E+03    2.4911695937E-02
    5.0059990006E-02    8.8145737183E-01    7.6096647082E-02   -5.8902183478E+03    1.1176293292E-02
    5.0079990006E-02    1.1979870840E+00   -4.2484099705E-02   -5.8926911267E+03    2.3145467230E-02
    5.0099990006E-02    1.0094333413E+00    3.8311387004E-01   -5.8946632729E+03    4.1586558704E-02
    5.0119990006E-02    6.5646681761E-01   -2.8412414543E-01   -5.8974531013E+03    6.9083779086E-02
    5.0139990006E-02    1.2700511699E+00   -1.1264437333E-01   -5.8997954276E+03    7.3205116339E-02
    5.0159990006E-02    7.9400145374E-01    3.8560422699E-01   -5.9019574329E+03    6.4724373093E-02
    5.0179990006E-02    9.7789406508E-01   -2.6635223070E-01   -5.9047510020E+03    5.0631459510E-02
    5.0199990006E-02    1.1940570360E+00   -2.9340923947E-02   -5.9067482409E+03    3.4507947246E-02
    5.0219990006E-02    8.2475742470E-01    3.1430868325E-03   -5.9090322296E+03    3.2561509704E-02
    5.0239990006E-02    1.1869558377E+00   -2.4768410493E-01   -5.9116366255E+03    3.6462546465E-02
    5.0259990006E-02    9.8379661234E-01    4.8751671762E-01   -5.9135983343E+03    4.6664311363E-02
    5.0279990006E-02    6.3216217317E-01   -2.9752407595E-01   -5.9164997373E+03    5.9816101093E-02
    5.0299990006E-02    1.2555889127E+00   -1.5087420085E-01   -5.9187905908E+03    4.3364203853E-02
    5.0319990006E-02    8.5044400550E-01    2.9723302575E-01   -5.9209695559E+03    3.2817559430E-02
    5.0339990006E-02    1.1009649495E+00   -1.1592566686E-01   -5.9236209649E+03    3.5506128773E-02
    5.0359990006E-02    1.1505038311E+00    2.0345810451E-01   -5.9255604578E+03    4.1871671942E-02
    5.0379990006E-02    6.9090698908E-01   -2.4970079567E-02   -5.9279913661E+03    6.1543334602E-02
    5.0399990006E-02    1.1989188678E+00   -3.3045078182E-01   -5.9306388456E+03    6.7085781706E-02
    5.0419990006E-02    9.8747910891E-01    4.9093768131E-01   -5.9326060830E+03    6.6983771113E-02
    5.0439990006E-02    7.1935906659E-01   -2.4807329858E-01   -5.9354912632E+03    5.6695491666E-02
    5.0459990006E-02    1.2171809058E+00   -2.1556933722E-01   -5.9377305170E+03    2.8041763896E-02
    5.0479990006E-02    9.6403812940E-01    1.6049736325E-01   -5.9398445149E+03    1.3383248788E-02
    5.0499990006E-02    1.1101827267E+00   -2.0316006405E-01   -5.9424776937E+03    1.7265866504E-02
    5.0519990006E-02    1.1251614065E+00    3.7551112765E-01   -5.9444410909E+03    3.3086380611E-02
    5.0539990006E-02    5.8587328057E-01   -6.4212747663E-02   -5.9470514019E+03    6.7238480131E-02
    5.0559990006E-02    1.2141774645E+00   -3.3951750170E-01   -5.9496646796E+03    6.6937440861E-02
    5.0579990006E-02    9.7001523664E-01    4.4783185195E-01   -5.9516575506E+03    6.1255394476E-02
    5.0599990006E-02    8.7870890316E-01   -1.9223924982E-01   -5.9544679425E+03    5.4385009549E-02
    5.0619990006E-02    1.1952327733E+00   -5.7292235217E-02   -5.9565723691E+03    3.8005421527E-02
    5.0639990006E-02    9.0236861499E-01    1.2228234183E-01   -5.9586852174E+03    4.3089191201E-02
    5.0659990006E-02    1.0521138706E+00   -3.9263864786E-01   -5.9614300229E+03    4.4008301409E-02
    5.0679990006E-02    1.1563986981E+00    4.1675186652E-01   -5.9633889849E+03    5.1527564379E-02
    5.0699990006E-02    5.5308751762E-01   -5.0584712520E-02   -5.9660977859E+03    6.3588545596E-02
    5.0719990006E-02    1.1902690839E+00   -3.5213513266E-01   -5.9686518048E+03    3.4920641216E-02
    5.0739990006E-02    1.0075974707E+00    3.2884238505E-01   -5.9706527520E+03    2.3443009510E-02
    5.0759990006E-02    1.0165497544E+00   -1.2955066719E-01   -5.9733501158E+03    2.6806471780E-02
    5.0779990006E-02    1.1889741821E+00    1.9655484820E-01   -5.9753765212E+03    3.5583695532E-02
    5.0799990006E-02    7.4560454247E-01    1.5831057203E-01   -5.9776350122E+03    5.8248715544E-02
    5.0819990006E-02    1.0602466152E+00   -4.5710199956E-01   -5.9804495653E+03    6.5445738009E-02
    5.0839990006E-02    1.1548228264E+00    4.0823998088E-01   -5.9823972626E+03    6.7230455816E-02
    5.0859990006E-02    6.5189052077E-01   -5.2663591547E-02   -5.9851317519E+03    6.2694741677E-02
    5.0879990006E-02    1.1621424679E+00   -2.8672940968E-01   -5.9875581330E+03    3.5460420802E-02
    5.0899990006E-02    1.0841625769E+00    1.4341228333E-01   -5.9895368556E+03    2.1138298038E-02
    5.0919990006E-02    9.6703045209E-01   -2.6067286369E-01   -5.9921895095E+03    1.5198372674E-02
    5.0939990006E-02    1.2171655158E+00    2.7516863313E-01   -5.9942590325E+03    2.8802848303E-02
    5.0959990006E-02    6.1282677814E-01    1.7453510788E-01   -5.9966430661E+03    6.0651778948E-02
    5.0979990006E-02    1.0758771994E+00   -4.7724431288E-01   -5.9994802440E+03    6.1233543284E-02
    5.0999990006E-02    1.1355147402E+00    3.7664087658E-01   -6.0014225735E+03    5.6863060401E-02
    5.1019990006E-02    7.8842673517E-01   -6.4158426874E-02   -6.0041395776E+03    5.2820657865E-02
    5.1039990006E-02    1.1844800584E+00   -5.9575431581E-02   -6.0063940514E+03    4.0527243440E-02
    5.1059990006E-02    9.9835493784E-01    1.8441004116E-01   -6.0083878496E+03    4.8941151456E-02
    5.1079990006E-02    8.7840746943E-01   -3.9666428411E-01   -6.0111498591E+03    5.3493849774E-02
    5.1099990006E-02    1.2517490799E+00    2.3027105110E-01   -6.0132349037E+03    6.2021186617E-02
    5.1119990006E-02    5.8836633473E-01    2.0164901386E-01   -6.0156761608E+03    6.7105909815E-02
    5.1139990006E-02    1.0572444082E+00   -4.3808602995E-01   -6.0184567596E+03    3.6366208799E-02
    5.1159990006E-02    1.1522507805E+00    2.1658990632E-01   -6.0204099582E+03    2.1305766110E-02
    5.1179990006E-02    9.1677934480E-01   -7.9617072075E-02   -6.0230184588E+03    1.7346537486E-02
    5.1199990006E-02    1.2158929317E+00    1.3694997774E-01   -6.0252084944E+03    2.9516482218E-02
    5.1219990006E-02    8.4240393283E-01    3.0075452022E-01   -6.0273173434E+03    5.2203948081E-02
    5.1239990006E-02    8.7365071296E-01   -4.6157406580E-01   -6.0301997394E+03    6.7044932894E-02
    5.1259990006E-02    1.2487340644E+00    2.2243786412E-01   -6.0322464716E+03    7.1074637299E-02
    5.1279990006E-02    6.5303279003E-01    1.5646509441E-01   -6.0347489807E+03    6.5355533262E-02
    5.1299990006E-02    1.0945257626E+00   -2.9200207293E-01   -6.0373611690E+03    4.2637725474E-02
    5.1319990006E-02    1.1608301482E+00    5.9679737184E-02   -6.0392995382E+03    2.9070232037E-02
    5.1339990006E-02    8.4556574771E-01   -1.8948026293E-01   -6.0418363602E+03    2.1074199237E-02
    5.1359990006E-02    1.2501676057E+00    6.5266044536E-02   -6.0441252382E+03    3.2834523393E-02
    5.1379990006E-02    7.3063405216E-01    3.8101247559E-01   -6.0462807426E+03    5.3325896994E-02
    5.1399990006E-02    8.7538107950E-01   -4.8886507367E-01   -6.0492383278E+03    5.8616757425E-02
    5.1419990006E-02    1.2346142931E+00    1.8526321295E-01   -6.0512557013E+03    5.2770205057E-02
    5.1439990006E-02    7.5366534910E-01    1.0211663620E-01   -6.0537727161E+03    4.5857377251E-02
    5.1459990006E-02    1.1621416633E+00   -7.1394547037E-02   -6.0562079034E+03    4.1002781835E-02
    5.1479990006E-02    1.0740530975E+00    2.0710490768E-01   -6.0581385481E+03    4.8920243528E-02
    5.1499990006E-02    7.3630693758E-01   -2.7893651700E-01   -6.0608075341E+03    6.0862485721E-02
    5.1519990006E-02    1.2712505891E+00   -2.5018400353E-02   -6.0631224505E+03    7.0820820292E-02
    5.1539990006E-02    7.2721424434E-01    3.9909820688E-01   -6.0653031770E+03    6.8923584296E-02
    5.1559990006E-02    9.0336070219E-01   -4.1236623059E-01   -6.0682090549E+03    4.4642974699E-02
    5.1579990006E-02    1.2239834413E+00    7.5885961833E-03   -6.0702354976E+03    2.3963101254E-02
    5.1599990006E-02    8.7679944494E-01    3.0703337367E-02   -6.0726424435E+03    1.1298906517E-02
    5.1619990006E-02    1.2117257199E+00    5.3355663066E-03   -6.0750514567E+03    2.4319409263E-02
    5.1639990006E-02    9.6338081066E-01    3.8010811578E-01   -6.0770495864E+03    4.4047516926E-02
    5.1659990006E-02    7.0001398244E-01   -3.4786527129E-01   -6.0798896760E+03    6.9008525356E-02
    5.1679990006E-02    1.2738406139E+00   -2.5864083045E-02   -6.0821416851E+03    7.3911786693E-02
    5.1699990006E-02    7.4571174205E-01    3.3600166132E-01   -6.0843864964E+03    6.4834714068E-02
    5.1719990006E-02    1.0168565528E+00   -2.6989514788E-01   -6.0871413203E+03    4.8910449263E-02
    5.1739990006E-02    1.1874916904E+00   -2.4732174772E-03   -6.0891093211E+03    3.4114882313E-02
    5.1759990006E-02    8.0588964812E-01   -4.9675720614E-02   -6.0914647234E+03    3.1422691445E-02
    5.1779990006E-02    1.2160124174E+00   -1.8368440950E-01   -6.0940031660E+03    3.7335393442E-02
    5.1799990006E-02    9.1619622465E-01    4.8443804665E-01   -6.0959958756E+03    4.8389481188E-02
    5.1819990006E-02    6.8517114454E-01   -3.6509817978E-01   -6.0989380353E+03    5.8084838377E-02
    5.1839990006E-02    1.2596251085E+00   -6.9230429923E-02   -6.1011429968E+03    4.4485302272E-02
    5.1859990006E-02    8.1510289405E-01    2.5210043179E-01   -6.1034051224E+03    3.3937366942E-02
    5.1879990006E-02    1.1261104390E+00   -9.9051242181E-02   -6.1060066265E+03    3.6083032703E-02
    5.1899990006E-02    1.1304013719E+00    2.1622981233E-01   -6.1079342011E+03    4.3621154557E-02
    5.1919990006E-02    6.8071580705E-01   -9.6713455889E-02   -6.1104416135E+03    6.2368218938E-02
    5.1939990006E-02    1.2310113385E+00   -2.6268564560E-01   -6.1130089134E+03    6.8592058162E-02
    5.1959990006E-02    9.1648745849E-01    4.8707903178E-01   -6.1150144270E+03    6.7467479509E-02
    5.1979990006E-02    7.6710402154E-01   -3.0288508495E-01   -6.1179239409E+03    5.3576823925E-02
    5.1999990006E-02    1.2261556321E+00   -1.6902937100E-01   -6.1200957763E+03    2.6720571281E-02
    5.2019990006E-02    9.2981785682E-01    1.3186011307E-01   -6.1222761061E+03    1.2245709466E-02
    5.2039990006E-02    1.1479458332E+00   -1.6598129842E-01   -6.1248724468E+03    1.8900638814E-02
    5.2059990006E-02    1.0839323166E+00    3.9421324997E-01   -6.1268283452E+03    3.5415969268E-02
    5.2079990006E-02    5.9515776999E-01   -1.5052428089E-01   -6.1295227217E+03    6.8306058765E-02
    5.2099990006E-02    1.2432853681E+00   -2.6575181953E-01   -6.1320364351E+03    6.8392129439E-02
    5.2119990006E-02    9.0361116050E-01    4.3504993079E-01   -6.1340808551E+03    6.1530968333E-02
    5.2139990006E-02    9.2580120071E-01   -2.1859878868E-01   -6.1368913067E+03    5.3045545746E-02
    5.2159990006E-02    1.1945273523E+00   -3.5427367545E-02   -6.1389435487E+03    3.7450424634E-02
    5.2179990006E-02    8.5752556920E-01    8.5636422748E-02   -6.1411213827E+03    4.2053413700E-02
    5.2199990006E-02    1.1092944603E+00   -3.6284549142E-01   -6.1438360105E+03    4.3655051723E-02
    5.2219990006E-02    1.1007465440E+00    4.5961263820E-01   -6.1457808326E+03    5.1049238679E-02
    5.2239990006E-02    5.7228024525E-01   -1.4470173335E-01   -6.1485777960E+03    6.1864939162E-02
    5.2259990006E-02    1.2210372509E+00   -2.9107113392E-01   -6.1510301010E+03    3.5001642632E-02
    5.2279990006E-02    9.5210239373E-01    3.2241300886E-01   -6.1530833755E+03    2.3739643418E-02
    5.2299990006E-02    1.0582416145E+00   -1.2799302816E-01   -6.1557715379E+03    2.8381809498E-02
    5.2319990006E-02    1.1746165359E+00    2.1757749560E-01   -6.1577575242E+03    3.7402412755E-02
    5.2339990006E-02    7.0921590705E-01    9.1354198962E-02   -6.1600922852E+03    6.0083746516E-02
    5.2359990006E-02    1.1231528729E+00   -4.2313238612E-01   -6.1628559171E+03    6.5840147079E-02
    5.2379990006E-02    1.0964894600E+00    4.5259125499E-01   -6.1647978839E+03    6.6450044012E-02
    5.2399990006E-02    6.8040344340E-01   -1.3163218765E-01   -6.1676013256E+03    6.0374578584E-02
    5.2419990006E-02    1.1848883094E+00   -2.6082681999E-01   -6.1699451220E+03    3.3015495859E-02
    5.2439990006E-02    1.0409804140E+00    1.5394820258E-01   -6.1719623601E+03    1.9040399012E-02
    5.2459990006E-02    1.0180301061E+00   -2.6812974264E-01   -6.1746297449E+03    1.5746020844E-02
    5.2479990006E-02    1.1894517267E+00    3.2981907561E-01   -6.1766453530E+03    2.9757677695E-02
    5.2499990006E-02    5.8483905552E-01    8.1971009222E-02   -6.1791290987E+03    6.3489019195E-02
    5.2519990006E-02    1.1401910514E+00   -4.3640900337E-01   -6.1818872861E+03    6.1595910788E-02
    5.2539990006E-02    1.0752083249E+00    4.1619009485E-01   -6.1838360822E+03    5.6524036927E-02
    5.2559990006E-02    8.3156316053E-01   -1.1935673580E-01   -6.1865995983E+03    5.2653274251E-02
    5.2579990006E-02    1.1914559850E+00   -4.0097776067E-02   -6.1887802018E+03    3.9781273430E-02
    5.2599990006E-02    9.5055830454E-01    1.7263847456E-01   -6.1908230980E+03    4.8999356665E-02
    5.2619990006E-02    9.4662571661E-01   -4.1902132087E-01   -6.1936013036E+03    5.2354321733E-02
    5.2639990006E-02    1.2248175582E+00    3.1587056383E-01   -6.1956205943E+03    5.9773233333E-02
    5.2659990006E-02    5.6472675038E-01    1.0268262780E-01   -6.1981787720E+03    6.6271370311E-02
    5.2679990006E-02    1.1147734104E+00   -4.1393954944E-01   -6.2008692639E+03    3.3923123971E-02
    5.2699990006E-02    1.1045196763E+00    2.6388196283E-01   -6.2028272522E+03    1.9890723062E-02
    5.2719990006E-02    9.5718122330E-01   -1.1477816172E-01   -6.2054805879E+03    1.9100326394E-02
    5.2739990006E-02    1.2092965729E+00    1.7803527982E-01   -6.2075978721E+03    3.1030866307E-02
    5.2759990006E-02    7.8648110083E-01    2.5302591980E-01   -6.2097747011E+03    5.4974921348E-02
    5.2779990006E-02    9.5433544890E-01   -4.7841811167E-01   -6.2126486964E+03    6.6338493258E-02
    5.2799990006E-02    1.2177972389E+00    3.0954825794E-01   -6.2146387739E+03    6.8904145925E-02
    5.2819990006E-02    6.4981844413E-01    6.6234717548E-02   -6.2172489397E+03    6.4148153662E-02
    5.2839990006E-02    1.1272804123E+00   -2.8009625135E-01   -6.2197723492E+03    4.0314952822E-02
    5.2859990006E-02    1.1337304158E+00    9.3069241574E-02   -6.2217160567E+03    2.7618661888E-02
    5.2879990006E-02    8.7922181472E-01   -2.4194423861E-01   -6.2243188699E+03    2.0008677493E-02
    5.2899990006E-02    1.2470800218E+00    1.5741948140E-01   -6.2265104670E+03    3.2267589322E-02
    5.2919990006E-02    6.6345822868E-01    3.0640599023E-01   -6.2287625837E+03    5.6692231872E-02
    5.2939990006E-02    9.6351195512E-01   -5.0029258616E-01   -6.2316861347E+03    5.7379998295E-02
    5.2959990006E-02    1.2007811222E+00    2.7176174167E-01   -6.2336567475E+03    5.1613694386E-02
    5.2979990006E-02    7.6881956339E-01    2.6108549382E-02   -6.2362678034E+03    4.6676336576E-02
    5.2999990006E-02    1.1764182976E+00   -4.6246832689E-02   -6.2386131678E+03    4.0186756062E-02
    5.3019990006E-02    1.0343465811E+00    2.1357198321E-01   -6.2405706096E+03    5.0206349211E-02
    5.3039990006E-02    7.8668212598E-01   -3.4796194772E-01   -6.2433042416E+03    6.0157639128E-02
    5.3059990006E-02    1.2710862964E+00    8.8442271628E-02   -6.2455081272E+03    6.9995137998E-02
    5.3079990006E-02    6.5817823783E-01    3.2126431916E-01   -6.2478015389E+03    6.9088146906E-02
    5.3099990006E-02    9.7454482945E-01   -4.2574092756E-01   -6.2506580899E+03    4.0732749388E-02
    5.3119990006E-02    1.2032445051E+00    8.6824520064E-02   -6.2526416393E+03    2.2290365653E-02
    5.3139990006E-02    8.8517847947E-01   -2.9401436316E-02   -6.2551379511E+03    1.1915469213E-02
    5.3159990006E-02    1.2218840252E+00    6.9433764114E-02   -6.2574557967E+03    2.5682623924E-02
    5.3179990006E-02    8.9822703611E-01    3.6222041669E-01   -6.2595028050E+03    4.7479861198E-02
    5.3199990006E-02    7.7265681689E-01   -4.1653387572E-01   -6.2623870654E+03    6.8393011503E-02
    5.3219990006E-02    1.2690292742E+00    9.0305275498E-02   -6.2645313375E+03    7.3002867595E-02
    5.3239990006E-02    6.9694505621E-01    2.5612688756E-01   -6.2668963138E+03    6.4622874229E-02
    5.3259990006E-02    1.0617636526E+00   -2.6727958828E-01   -6.2695815657E+03    4.6467724895E-02
    5.3279990006E-02    1.1741444101E+00    3.2059091835E-02   -6.2715241032E+03    3.3431910345E-02
    5.3299990006E-02    7.9982348412E-01   -1.2330669196E-01   -6.2739736507E+03    2.9575813778E-02
    5.3319990006E-02    1.2416664340E+00   -8.5311631392E-02   -6.2764094604E+03    3.8155793548E-02
    5.3339990006E-02    8.2496157328E-01    4.5680944126E-01   -6.2784650316E+03    5.0997927200E-02
    5.3359990006E-02    7.6840288424E-01   -4.3467910598E-01   -6.2814340286E+03    5.5704256130E-02
    5.3379990006E-02    1.2541262799E+00    4.2233821602E-02   -6.2835398099E+03    4.5067774526E-02
    5.3399990006E-02    7.8477844963E-01    1.8119524022E-01   -6.2859184520E+03    3.5651989420E-02
    5.3419990006E-02    1.1516919118E+00   -7.3153355305E-02   -6.2884394651E+03    3.6613267539E-02
    5.3439990006E-02    1.0991340753E+00    2.2958834206E-01   -6.2903653492E+03    4.5785479377E-02
    5.3459990006E-02    6.8901091643E-01   -1.9139948440E-01   -6.2929695466E+03    6.2809628155E-02
    5.3479990006E-02    1.2585791215E+00   -1.5790675592E-01   -6.2954178292E+03    7.0664882453E-02
    5.3499990006E-02    8.2380339438E-01    4.5613309469E-01   -6.2974975772E+03    6.8095025443E-02
    5.3519990006E-02    8.3730924859E-01   -3.5755133859E-01   -6.3004128532E+03    4.9256896477E-02
    5.3539990006E-02    1.2293476239E+00   -9.9641419636E-02   -6.3025066305E+03    2.5285502378E-02
    5.3559990006E-02    8.9675895750E-01    8.0455149752E-02   -6.3047844754E+03    1.1158909863E-02
    5.3579990006E-02    1.1870247069E+00   -1.0000487163E-01   -6.3073108466E+03    2.1003515756E-02
    5.3599990006E-02    1.0226570859E+00    4.0561574254E-01   -6.3092778820E+03    3.8830338489E-02
    5.3619990006E-02    6.3133435049E-01   -2.5794565560E-01   -6.3120679407E+03    6.8891002866E-02
    5.3639990006E-02    1.2656930367E+00   -1.5450503334E-01   -6.3144467531E+03    7.0610637688E-02
    5.3659990006E-02    8.2222780033E-01    3.9332564500E-01   -6.3165823667E+03    6.2050773721E-02
    5.3679990006E-02    9.8376575291E-01   -2.3746501144E-01   -6.3193676906E+03    5.1071823021E-02
    5.3699990006E-02    1.1892690947E+00   -5.4591176432E-03   -6.3213643668E+03    3.7051141267E-02
    5.3719990006E-02    8.1059626404E-01    2.1293006413E-02   -6.3236358529E+03    4.0251947355E-02
    5.3739990006E-02    1.1716548741E+00   -2.9756850918E-01   -6.3262840629E+03    4.3524819473E-02
    5.3759990006E-02    1.0137639001E+00    4.9077044858E-01   -6.3282378405E+03    5.1206798145E-02
    5.3779990006E-02    6.1962059188E-01   -2.5964115336E-01   -6.3311252092E+03    5.8980075704E-02
    5.3799990006E-02    1.2458682388E+00   -1.9568064943E-01   -6.3334480696E+03    3.6169213116E-02
    5.3819990006E-02    8.8623666938E-01    2.8964497486E-01   -6.3355927159E+03    2.4914052780E-02
    5.3839990006E-02    1.1039945984E+00   -1.1093619844E-01   -6.3382422940E+03    3.0291965931E-02
    5.3859990006E-02    1.1505630634E+00    2.3712660080E-01   -6.3401928460E+03    3.9844383946E-02
    5.3879990006E-02    6.7670757709E-01   -5.4173295351E-03   -6.3426306240E+03    6.1996574915E-02
    5.3899990006E-02    1.1887008083E+00   -3.5348960437E-01   -6.3453034545E+03    6.7117163190E-02
    5.3919990006E-02    1.0070300651E+00    4.8259731543E-01   -6.3472664426E+03    6.6322933546E-02
    5.3939990006E-02    7.3017899221E-01   -2.2257544158E-01   -6.3501333632E+03    5.6913438731E-02
    5.3959990006E-02    1.2072881371E+00   -2.1785398049E-01   -6.3523774930E+03    3.0173829507E-02
    5.3979990006E-02    9.8327861017E-01    1.4511222641E-01   -6.3544639535E+03    1.6302516841E-02
    5.3999990006E-02    1.0851759655E+00   -2.4787915823E-01   -6.3571191590E+03    1.7129717197E-02
    5.4019990006E-02    1.1398612992E+00    3.8239932922E-01   -6.3590904726E+03    3.1939314899E-02
    5.4039990006E-02    5.7201554626E-01   -4.1907884487E-02   -6.3617013467E+03    6.6299713185E-02
    5.4059990006E-02    1.2039803777E+00   -3.5902975892E-01   -6.3643353590E+03    6.3272337198E-02
    5.4079990006E-02    9.8723191436E-01    4.3643823424E-01   -6.3663224914E+03    5.7133911703E-02
    5.4099990006E-02    8.9391427457E-01   -1.7184180836E-01   -6.3691167700E+03    5.2361778299E-02
    5.4119990006E-02    1.1943670288E+00   -1.6896691083E-02   -6.3712141652E+03    3.9171227374E-02
    5.4139990006E-02    8.8650577073E-01    1.3778193984E-01   -6.3733332045E+03    4.8624988795E-02
    5.4159990006E-02    1.0359906562E+00   -4.1555387801E-01   -6.3761009698E+03    5.1134211279E-02
    5.4179990006E-02    1.1704545287E+00    4.0504294108E-01   -6.3780657359E+03    5.7603324817E-02
    5.4199990006E-02    5.6195451859E-01   -2.7126146492E-02   -6.3807638850E+03    6.4362629209E-02
    5.4219990006E-02    1.1754060727E+00   -3.6154090396E-01   -6.3833248461E+03    3.1879162666E-02
    5.4239990006E-02    1.0335500023E+00    2.9600639458E-01   -6.3853184605E+03    1.8815201037E-02
    5.4259990006E-02    1.0157717115E+00   -1.3642824106E-01   -6.3879984229E+03    2.1721943080E-02
    5.4279990006E-02    1.1928726297E+00    2.2121708814E-01   -6.3900383600E+03    3.3544048964E-02
    5.4299990006E-02    7.2587819247E-01    1.7204916475E-01   -6.3923126153E+03    5.8271434205E-02
    5.4319990006E-02    1.0537306749E+00   -4.6559711157E-01   -6.3951429028E+03    6.5834349910E-02
    5.4339990006E-02    1.1586154589E+00    3.9775333791E-01   -6.3970928022E+03    6.6821051473E-02
    5.4359990006E-02    6.7072728863E-01   -4.5596285822E-02   -6.3998192887E+03    6.1854082554E-02
    5.4379990006E-02    1.1610607021E+00   -2.6016897913E-01   -6.4022295081E+03    3.7349858068E-02
    5.4399990006E-02    1.0878179422E+00    1.2542042937E-01   -6.4042011906E+03    2.5183991858E-02
    5.4419990006E-02    9.4098229070E-01   -2.8632182777E-01   -6.4068612199E+03    1.8950349620E-02
    5.4439990006E-02    1.2271789003E+00    2.6125778156E-01   -6.4089466468E+03    3.1358344663E-02
    5.4459990006E-02    6.0054514073E-01    1.8974342584E-01   -6.4113336316E+03    6.0505882260E-02
    5.4479990006E-02    1.0676123227E+00   -4.7969239811E-01   -6.4141781481E+03    5.6625306608E-02
    5.4499990006E-02    1.1385303781E+00    3.5731643100E-01   -6.4161230280E+03    5.0803890242E-02
    5.4519990006E-02    8.1106106727E-01   -5.9625134856E-02   -6.4188264822E+03    4.7675992903E-02
    5.4539990006E-02    1.1884583500E+00   -1.5945347407E-02   -6.4210634140E+03    3.9267411538E-02
    5.4559990006E-02    9.7524291614E-01    2.0784004326E-01   -6.4230731322E+03    5.1461602464E-02
    5.4579990006E-02    8.7041320121E-01   -4.0966165010E-01   -6.4258574054E+03    5.8800208651E-02
    5.4599990006E-02    1.2543892394E+00    2.2298460160E-01   -6.4279431483E+03    6.6921605966E-02
    5.4619990006E-02    5.9800291782E-01    2.0183913507E-01   -6.4303918561E+03    6.8477295689E-02
    5.4639990006E-02    1.0563348937E+00   -4.1997950952E-01   -6.4331531906E+03    3.6250549844E-02
    5.4659990006E-02    1.1602068747E+00    1.7542660330E-01   -6.4351111130E+03    1.9854457956E-02
    5.4679990006E-02    9.1838608775E-01   -9.5333707766E-02   -6.4376995815E+03    1.3432894870E-02
    5.4699990006E-02    1.2226644782E+00    1.4384247785E-01   -6.4399044519E+03    2.7386222335E-02
    5.4719990006E-02    8.1605902042E-01    3.1486897097E-01   -6.4420321519E+03    5.1833746463E-02
    5.4739990006E-02    8.7758635620E-01   -4.7071327684E-01   -6.4449338384E+03    6.7312059236E-02
    5.4759990006E-02    1.2456971160E+00    2.2465456956E-01   -6.4469728311E+03    7.0114172362E-02
    5.4779990006E-02    6.6711349679E-01    1.4261761829E-01   -6.4494894536E+03    6.3803824114E-02
    5.4799990006E-02    1.1081376761E+00   -2.5625618744E-01   -6.4520666471E+03    4.3377083792E-02
    5.4819990006E-02    1.1486864592E+00    7.2415903775E-02   -6.4539991304E+03    3.2264524636E-02
    5.4839990006E-02    8.2268420167E-01   -2.1083871444E-01   -6.4565558513E+03    2.7272758731E-02
    5.4859990006E-02    1.2547696998E+00    4.7470766225E-02   -6.4588527791E+03    3.8070243321E-02
    5.4879990006E-02    7.1776758481E-01    3.8575998187E-01   -6.4610181167E+03    5.4721855433E-02
    5.4899990006E-02    8.8293844122E-01   -4.8491160753E-01   -6.4639767194E+03    5.3041588486E-02
    5.4919990006E-02    1.2288251087E+00    1.7364176220E-01   -6.4659897531E+03    4.4308370136E-02
    5.4939990007E-02    7.7776642659E-01    8.4153663247E-02   -6.4685081702E+03    3.7767970053E-02
    5.4959990007E-02    1.1741409533E+00   -3.6982503145E-02   -6.4709145301E+03    3.6846968438E-02
    5.4979990007E-02    1.0512266957E+00    2.4039678636E-01   -6.4728607764E+03    4.8331403231E-02
    5.4999990007E-02    7.3403817095E-01   -2.9968947447E-01   -6.4755687595E+03    6.2701685394E-02
    5.5019990007E-02    1.2726649539E+00   -1.1389119639E-02   -6.4778621127E+03    7.2238604004E-02
    5.5039990007E-02    7.1916929097E-01    3.8068438665E-01   -6.4800687352E+03    6.8740865452E-02
    5.5059990007E-02    9.2826337252E-01   -3.9629827192E-01   -6.4829495934E+03    4.4053653287E-02
    5.5079990007E-02    1.2190343989E+00   -4.5324508078E-03   -6.4849675020E+03    2.3505087492E-02
    5.5099990007E-02    8.8046079986E-01    3.8178552411E-03   -6.4873709827E+03    1.0645509634E-02
    5.5119990007E-02    1.2171552608E+00   -4.6555797278E-03   -6.4897859581E+03    2.3313843438E-02
    5.5139990007E-02    9.3687775458E-01    3.9829904635E-01   -6.4917980202E+03    4.3576622971E-02
    5.5159990007E-02    7.1019759883E-01   -3.7152031845E-01   -6.4946731059E+03    6.8784890846E-02
    5.5179990007E-02    1.2729952666E+00   -3.0611563190E-03   -6.4968936112E+03    7.2249606744E-02
    5.5199990007E-02    7.4018092106E-01    3.0908958444E-01   -6.4991724853E+03    6.2671010133E-02
    5.5219990007E-02    1.0459808888E+00   -2.4105168698E-01   -6.5018890932E+03    4.8561627469E-02
    5.5239990007E-02    1.1758504789E+00    3.3272150968E-02   -6.5038386936E+03    3.6842318791E-02
    5.5259990007E-02    7.7904430591E-01   -7.4861014934E-02   -6.5062337704E+03    3.7936857007E-02
    5.5279990007E-02    1.2252570856E+00   -1.8509221644E-01   -6.5087645429E+03    4.4182110226E-02
    5.5299990007E-02    8.9392576877E-01    4.8746415202E-01   -6.5107709053E+03    5.2815018293E-02
    5.5319990007E-02    7.0848336163E-01   -3.7713917333E-01   -6.5137261809E+03    5.5090805031E-02
    5.5339990007E-02    1.2550291923E+00   -5.9838708834E-02   -6.5159035036E+03    3.8000396499E-02
    5.5359990007E-02    8.2630724688E-01    2.1836269210E-01   -6.5181877459E+03    2.7100994604E-02
    5.5379990007E-02    1.1457243513E+00   -7.5950974798E-02   -6.5207536512E+03    3.2152130062E-02
    5.5399990007E-02    1.1119393285E+00    2.5481000698E-01   -6.5226866636E+03    4.3102457164E-02
    5.5419990007E-02    6.6627080058E-01   -1.3194159775E-01   -6.5252534311E+03    6.3694751757E-02
    5.5439990007E-02    1.2425191579E+00   -2.3574770161E-01   -6.5277834600E+03    6.9841937426E-02
    5.5459990007E-02    8.8733680778E-01    4.7367351353E-01   -6.5298151075E+03    6.7217035151E-02
    5.5479990007E-02    8.0898669217E-01   -3.0936245652E-01   -6.5327166351E+03    5.2220602799E-02
    5.5499990007E-02    1.2221527133E+00   -1.4986511282E-01   -6.5348526720E+03    2.7551072598E-02
    5.5519990007E-02    9.2226199305E-01    1.0018455153E-01   -6.5370486315E+03    1.3594415511E-02
    5.5539990007E-02    1.1556979407E+00   -1.8187950010E-01   -6.5396438787E+03    1.9644495226E-02
    5.5559990007E-02    1.0626751932E+00    4.1842547977E-01   -6.5416015813E+03    3.5906630468E-02
    5.5579990007E-02    5.9462631530E-01   -1.9131539380E-01   -6.5443540219E+03    6.8379518532E-02
    5.5599990007E-02    1.2521237264E+00   -2.3312021224E-01   -6.5468159961E+03    6.6649830616E-02
    5.5619990007E-02    8.7771808684E-01    4.1314229906E-01   -6.5488940718E+03    5.8684024246E-02
    5.5639990007E-02    9.7022251428E-01   -2.0661893770E-01   -6.5516812371E+03    5.1536442200E-02
    5.5659990007E-02    1.1891263559E+00    1.3702419716E-02   -6.5536963644E+03    3.9208939015E-02
    5.5679990007E-02    8.1504268888E-01    6.5292740859E-02   -6.5559261071E+03    4.7731353663E-02
    5.5699990007E-02    1.1332062711E+00   -3.6226923239E-01   -6.5586354322E+03    5.0768503442E-02
    5.5719990007E-02    1.0743709201E+00    4.7681124955E-01   -6.5605804741E+03    5.6613056209E-02
    5.5739990007E-02    5.9723118164E-01   -1.8106174714E-01   -6.5634186217E+03    6.0746957286E-02
    5.5759990007E-02    1.2251627753E+00   -2.6752533758E-01   -6.5658156733E+03    3.1323232828E-02
    5.5779990007E-02    9.4554631499E-01    2.8811995427E-01   -6.5678956678E+03    1.8897782548E-02
    5.5799990007E-02    1.0845214050E+00   -1.2690526186E-01   -6.5705587335E+03    2.5007012293E-02
    5.5819990007E-02    1.1628355719E+00    2.5879597965E-01   -6.5725336706E+03    3.7165128359E-02
    5.5839990007E-02    6.7256324065E-01    5.1810423267E-02   -6.5749381516E+03    6.1704234411E-02
    5.5859990007E-02    1.1546691886E+00   -4.0185272281E-01   -6.5776710111E+03    6.6732705841E-02
    5.5879990007E-02    1.0587014482E+00    4.6382398967E-01   -6.5796204576E+03    6.5826868343E-02
    5.5899990007E-02    7.2330075128E-01   -1.6738046020E-01   -6.5824481377E+03    5.8423518543E-02
    5.5919990007E-02    1.1918626156E+00   -2.2286768546E-01   -6.5847282039E+03    3.3693100349E-02
    5.5939990007E-02    1.0184358549E+00    1.3666431078E-01   -6.5867658474E+03    2.1876128253E-02
    5.5959990007E-02    1.0302741126E+00   -2.9685323190E-01   -6.5894469701E+03    1.8820945716E-02
    5.5979990007E-02    1.1775149227E+00    3.5900864241E-01   -6.5914436199E+03    3.1844242069E-02
    5.5999990007E-02    5.6229995889E-01    3.1906854714E-02   -6.5940004866E+03    6.4265203880E-02
    5.6019990007E-02    1.1681645156E+00   -4.0764560523E-01   -6.5967039795E+03    5.7490793731E-02
    5.6039990007E-02    1.0386946066E+00    4.1466115643E-01   -6.5986684441E+03    5.1032924022E-02
    5.6059990007E-02    8.8502575200E-01   -1.3638049212E-01   -6.6014360185E+03    4.8550004326E-02
    5.6079990007E-02    1.1943650444E+00    1.6872548037E-02   -6.6035580510E+03    3.9144337996E-02
    5.6099990007E-02    8.9484595366E-01    1.7282992122E-01   -6.6056551076E+03    5.2381055459E-02
    5.6119990007E-02    9.8568446630E-01   -4.3662862343E-01   -6.6084507252E+03    5.7205893226E-02
    5.6139990007E-02    1.2046870893E+00    3.5780396869E-01   -6.6104396276E+03    6.3349155622E-02
    5.6159990007E-02    5.7223776187E-01    4.3149986178E-02   -6.6130731234E+03    6.6325087027E-02
    5.6179990007E-02    1.1394143696E+00   -3.8247421317E-01   -6.6156857728E+03    3.1953150471E-02
    5.6199990007E-02    1.0855436547E+00    2.4717049246E-01   -6.6176580858E+03    1.7112358684E-02
    5.6219990007E-02    9.8324786801E-01   -1.4551453583E-01   -6.6203140057E+03    1.6239900033E-02
    5.6239990007E-02    1.2072878962E+00    2.1839644465E-01   -6.6224015652E+03    3.0141788378E-02
    5.6259990007E-02    7.2907770982E-01    2.2181037292E-01   -6.6246481338E+03    5.6945224576E-02
    5.6279990007E-02    1.0084444373E+00   -4.8249755285E-01   -6.6275156586E+03    6.6303097002E-02
    5.6299990007E-02    1.1875770799E+00    3.5493894561E-01   -6.6294791192E+03    6.7045328971E-02
    5.6319990007E-02    6.7770930684E-01    3.0240871719E-03   -6.6321551706E+03    6.1912237518E-02
    5.6339990007E-02    1.1514602535E+00   -2.3579150490E-01   -6.6345909758E+03    3.9783802253E-02
    5.6359990007E-02    1.1023374063E+00    1.1189531759E-01   -6.6365436399E+03    3.0326992627E-02
    5.6379990007E-02    8.8795217759E-01   -2.9189605045E-01   -6.6391967305E+03    2.5012932658E-02
    5.6399990007E-02    1.2453044892E+00    1.9964743889E-01   -6.6413387316E+03    3.6234719759E-02
    5.6419990007E-02    6.1666941329E-01    2.5471506766E-01   -6.6436687124E+03    5.9123193663E-02
    5.6439990007E-02    1.0184615506E+00   -4.8969906627E-01   -6.6465534120E+03    5.0982561656E-02
    5.6459990007E-02    1.1685241990E+00    3.0124806596E-01   -6.6485073012E+03    4.3255291077E-02
    5.6479990007E-02    8.1377488571E-01   -2.5797535747E-02   -6.6511609637E+03    4.0116312149E-02
    5.6499990007E-02    1.1899837060E+00    8.6982628016E-03   -6.6534271612E+03    3.6962003717E-02
    5.6519990007E-02    9.7883632145E-01    2.3746476331E-01   -6.6554294871E+03    5.1197525661E-02
    5.6539990007E-02    8.2822217483E-01   -3.9793365649E-01   -6.6582199254E+03    6.2051125777E-02
    5.6559990007E-02    1.2643998095E+00    1.6439839322E-01   -6.6603482551E+03    7.0443506520E-02
    5.6579990007E-02    6.2730965389E-01    2.4837117967E-01   -6.6627405985E+03    6.8822943173E-02
    5.6599990007E-02    1.0291419859E+00   -4.0428565104E-01   -6.6655232179E+03    3.8502863086E-02
    5.6619990007E-02    1.1837114161E+00    1.0611913055E-01   -6.6674897481E+03    2.0805513557E-02
    5.6639990007E-02    8.9926911954E-01   -8.7393363304E-02   -6.6700251720E+03    1.1207319657E-02
    5.6659990007E-02    1.2297174725E+00    1.0746122697E-01   -6.6722941867E+03    2.5385166006E-02
    5.6679990007E-02    8.2760637759E-01    3.5265296854E-01   -6.6743986019E+03    4.9734158582E-02
    5.6699990007E-02    8.3540409674E-01   -4.6192380275E-01   -6.6773170430E+03    6.7961033653E-02
    5.6719990007E-02    1.2556819723E+00    1.7270169249E-01   -6.6793868248E+03    7.0265395223E-02
    5.6739990007E-02    6.8695411648E-01    1.7783583490E-01   -6.6818538486E+03    6.2640447944E-02
    5.6759990007E-02    1.1047464497E+00   -2.2612492460E-01   -6.6844450573E+03    4.5467326410E-02
    5.6779990007E-02    1.1475433486E+00    7.8696415747E-02   -6.6863717713E+03    3.6730237261E-02
    5.6799990007E-02    7.8717933220E-01   -1.9411853042E-01   -6.6889093838E+03    3.5743015491E-02
    5.6819990007E-02    1.2561318465E+00   -2.4423877132E-02   -6.6912706462E+03    4.5431694930E-02
    5.6839990007E-02    7.5281277131E-01    4.2448447549E-01   -6.6933940709E+03    5.6274319437E-02
    5.6859990007E-02    8.4171812121E-01   -4.6328358155E-01   -6.6963620049E+03    5.0290563550E-02
    5.6879990007E-02    1.2377091246E+00    1.0345256613E-01   -6.6984059138E+03    3.7649891156E-02
    5.6899990007E-02    8.0070664205E-01    1.0802370953E-01   -6.7008634859E+03    2.9512545633E-02
    5.6919990007E-02    1.1779662869E+00   -2.3769067521E-02   -6.7032955007E+03    3.3369210097E-02
    5.6939990007E-02    1.0516227977E+00    2.7038028396E-01   -6.7052450442E+03    4.6917387460E-02
    5.6959990007E-02    7.0559682419E-01   -2.7578376753E-01   -6.7079510452E+03    6.4742261011E-02
    5.6979990007E-02    1.2711797409E+00   -6.3811623582E-02   -6.7102893143E+03    7.3369774971E-02
    5.6999990007E-02    7.5421937845E-01    4.0129610952E-01   -6.7124598141E+03    6.8483280268E-02
    5.7019990007E-02    9.1583010159E-01   -3.6684055530E-01   -6.7153362473E+03    4.6643925698E-02
    5.7039990007E-02    1.2197567823E+00   -5.3932043605E-02   -6.7173712000E+03    2.5435273635E-02
    5.7059990007E-02    8.8095904475E-01    1.2664236326E-02   -6.7197139739E+03    1.1831520878E-02
    5.7079990007E-02    1.2100396590E+00   -6.7967761927E-02   -6.7221907772E+03    2.2809760865E-02
    5.7099990007E-02    9.5408220033E-01    4.2509690222E-01   -6.7241865945E+03    4.1772742383E-02
    5.7119990007E-02    6.7640703968E-01   -3.4629199610E-01   -6.7270636042E+03    6.8980904723E-02
    5.7139990007E-02    1.2721585951E+00   -5.4816448768E-02   -6.7293235366E+03    7.0165980096E-02
    5.7159990007E-02    7.6985000108E-01    3.2723558489E-01   -6.7315626512E+03    6.0105983529E-02
    5.7179990007E-02    1.0492872157E+00   -2.1005738606E-01   -6.7342783768E+03    4.9741689411E-02
    5.7199990007E-02    1.1714896048E+00    5.7521139992E-02   -6.7362272825E+03    4.0657153105E-02
    5.7219990007E-02    7.5971481740E-01   -5.2121019158E-02   -6.7386071483E+03    4.6924278715E-02
    5.7239990007E-02    1.2143827945E+00   -2.4454752493E-01   -6.7411902347E+03    5.2545051962E-02
    5.7259990007E-02    9.3207267655E-01    4.9920335180E-01   -6.7431772217E+03    5.8159443289E-02
    5.7279990007E-02    6.8773132366E-01   -3.3515671033E-01   -6.7461181414E+03    5.5370017539E-02
    5.7299990007E-02    1.2490103627E+00   -1.2501452501E-01   -6.7483348813E+03    3.2139775068E-02
    5.7319990007E-02    8.6635481062E-01    2.2111897039E-01   -6.7505642470E+03    1.9903979300E-02
    5.7339990007E-02    1.1462206010E+00   -8.0429263364E-02   -6.7531444013E+03    2.7919599076E-02
    5.7359990007E-02    1.1135478689E+00    2.8850873217E-01   -6.7550875365E+03    4.1139881878E-02
    5.7379990007E-02    6.4732513075E-01   -1.0550727602E-01   -6.7576543970E+03    6.4791622918E-02
    5.7399990007E-02    1.2331308042E+00   -2.7343566018E-01   -6.7602211406E+03    6.9788042445E-02
    5.7419990007E-02    9.1790757849E-01    4.7291496397E-01   -6.7622365932E+03    6.6526094403E-02
    5.7439990007E-02    8.1402216210E-01   -2.7547149111E-01   -6.7651181121E+03    5.3681201298E-02
    5.7459990007E-02    1.2125105972E+00   -1.5768352225E-01   -6.7672633367E+03    3.0443566573E-02
    5.7479990007E-02    9.3606088961E-01    9.8342796819E-02   -6.7694162171E+03    1.8663708078E-02
    5.7499990007E-02    1.1282192840E+00   -2.4678501768E-01   -6.7720547174E+03    2.0826021891E-02
    5.7519990007E-02    1.0868456475E+00    4.2958236840E-01   -6.7740103427E+03    3.5199683060E-02
    5.7539990007E-02    5.7361570694E-01   -1.5465208474E-01   -6.7767538093E+03    6.6604037260E-02
    5.7559990007E-02    1.2404182478E+00   -2.7249063696E-01   -6.7792524927E+03    6.0274074119E-02
    5.7579990007E-02    9.0961683673E-01    4.0760851969E-01   -6.7813076880E+03    5.2247479764E-02
    5.7599990007E-02    9.8050249958E-01   -1.7844035712E-01   -6.7840799285E+03    4.8566701344E-02
    5.7619990007E-02    1.1875782052E+00    5.6428892494E-02   -6.7860954056E+03    4.0217079470E-02
    5.7639990007E-02    8.0232202474E-01    8.8664106815E-02   -6.7883241187E+03    5.3213209919E-02
    5.7659990007E-02    1.1125849594E+00   -3.9642148675E-01   -6.7910662481E+03    5.7231022216E-02
    5.7679990007E-02    1.1023636075E+00    4.6345071865E-01   -6.7930114836E+03    6.1723084524E-02
    5.7699990007E-02    6.0272062111E-01   -1.3979644893E-01   -6.7958234058E+03    6.1762950535E-02
    5.7719990007E-02    1.2072821519E+00   -2.9641238279E-01   -6.7982453468E+03    2.8908979634E-02
    5.7739990007E-02    9.8672846564E-01    2.6151992648E-01   -6.8002963235E+03    1.5028422497E-02
    5.7759990007E-02    1.0695880394E+00   -1.5161511430E-01   -6.8029583737E+03    1.9943724849E-02
    5.7779990007E-02    1.1699205610E+00    2.8240887266E-01   -6.8049523804E+03    3.4346004047E-02
    5.7799990007E-02    6.5642101408E-01    7.6587829527E-02   -6.8073601577E+03    6.2064737090E-02
    5.7819990007E-02    1.1397065932E+00   -4.2297273775E-01   -6.8101192990E+03    6.6866723380E-02
    5.7839990007E-02    1.0776089739E+00    4.4897298534E-01   -6.8120667696E+03    6.5282776165E-02
    5.7859990007E-02    7.3914320063E-01   -1.4158543952E-01   -6.8148715231E+03    5.8574817656E-02
    5.7879990007E-02    1.1859512765E+00   -1.9713610408E-01   -6.8171483282E+03    3.6125326065E-02
    5.7899990007E-02    1.0241960682E+00    1.3030031280E-01   -6.8191681039E+03    2.7800607061E-02
    5.7919990007E-02    9.9376152589E-01   -3.3314209118E-01   -6.8218711024E+03    2.4224493602E-02
    5.7939990007E-02    1.1979224354E+00    3.4089213652E-01   -6.8238847489E+03    3.5420771050E-02
    5.7959990007E-02    5.5433746001E-01    6.7786421793E-02   -6.8264257226E+03    6.3131608173E-02
    5.7979990007E-02    1.1476044911E+00   -4.2412185411E-01   -6.8291518892E+03    5.0281314834E-02
    5.7999990007E-02    1.0609528620E+00    3.8606064973E-01   -6.8311112508E+03    4.2591388950E-02
    5.8019990007E-02    9.0032120100E-01   -1.1764547100E-01   -6.8338535416E+03    4.1828530285E-02
    5.8039990007E-02    1.1955789425E+00    6.1503283177E-02   -6.8359751023E+03    3.7539960956E-02
    5.8059990007E-02    8.7839978064E-01    1.9698061549E-01   -6.8380820471E+03    5.4263716910E-02
    5.8079990007E-02    9.6571943416E-01   -4.4882765120E-01   -6.8408987003E+03    6.1466690482E-02
    5.8099990007E-02    1.2155881160E+00    3.3587001120E-01   -6.8428969680E+03    6.7068196942E-02
    5.8119990007E-02    5.8835123113E-01    6.6139851171E-02   -6.8455109550E+03    6.7061299276E-02
    5.8139990007E-02    1.1245378161E+00   -3.7278018532E-01   -6.8481230692E+03    3.3166082461E-02
    5.8159990007E-02    1.1113373486E+00    1.9788213317E-01   -6.8500902678E+03    1.7258899871E-02
    5.8179990007E-02    9.6307315816E-01   -1.6495061199E-01   -6.8527255730E+03    1.3100359219E-02
    5.8199990007E-02    1.2176782247E+00    2.1812396032E-01   -6.8548434252E+03    2.7799716010E-02
    5.8219990007E-02    7.1255624568E-01    2.4492017549E-01   -6.8570938536E+03    5.6835079551E-02
    5.8239990007E-02    9.9400182817E-01   -4.9109553025E-01   -6.8599812180E+03    6.6751555466E-02
    5.8259990007E-02    1.1942790378E+00    3.3632606223E-01   -6.8619488749E+03    6.6539857671E-02
    5.8279990007E-02    6.9653338091E-01    1.5118896795E-02   -6.8646085828E+03    6.1011216942E-02
    5.8299990007E-02    1.1544614988E+00   -1.9466595518E-01   -6.8670282525E+03    4.1656328028E-02
    5.8319990007E-02    1.0932007945E+00    1.2151590230E-01   -6.8689749943E+03    3.6159969414E-02
    5.8339990007E-02    8.5533224906E-01   -3.0837148606E-01   -6.8716420305E+03    3.3912405510E-02
    5.8359990007E-02    1.2546483976E+00    1.6553620956E-01   -6.8738096585E+03    4.4283815549E-02
    5.8379990007E-02    6.2086905777E-01    2.8085856694E-01   -6.8761261313E+03    6.0438669625E-02
    5.8399990007E-02    1.0001963473E+00   -4.8418904492E-01   -6.8790172593E+03    4.5366812280E-02
    5.8419990007E-02    1.1774602167E+00    2.5841518666E-01   -6.8809777780E+03    3.4878228773E-02
    5.8439990007E-02    8.3700218097E-01   -1.8902513339E-02   -6.8835992435E+03    3.1457038813E-02
    5.8459990007E-02    1.1968982692E+00    4.3626728410E-02   -6.8858638385E+03    3.4061050376E-02
    5.8479990007E-02    9.5851747722E-01    2.6801609357E-01   -6.8878812694E+03    5.1026014073E-02
    5.8499990007E-02    8.1391886064E-01   -4.0325690693E-01   -6.8906943345E+03    6.4732315050E-02
    5.8519990007E-02    1.2664577166E+00    1.4618243233E-01   -6.8928294648E+03    7.2592703454E-02
    5.8539990007E-02    6.4335235509E-01    2.5277294058E-01   -6.8952164851E+03    6.8679782144E-02
    5.8559990007E-02    1.0308551670E+00   -3.7725022475E-01   -6.8979796371E+03    4.0701979125E-02
    5.8579990007E-02    1.1893299361E+00    5.9596526664E-02   -6.8999473984E+03    2.2809111262E-02
    5.8599990007E-02    8.8475742322E-01   -1.0143292226E-01   -6.9024501771E+03    1.1401367415E-02
    5.8619990007E-02    1.2355519426E+00    7.7862770623E-02   -6.9047573740E+03    2.5387864268E-02
    5.8639990007E-02    8.1510106309E-01    3.7738147329E-01   -6.9068602642E+03    4.9287932199E-02
    5.8659990007E-02    8.2318616420E-01   -4.6486021148E-01   -6.9097981531E+03    6.7837088008E-02
    5.8679990007E-02    1.2563351776E+00    1.5453752435E-01   -6.9118716591E+03    6.8523782659E-02
    5.8699990007E-02    7.0546825958E-01    1.7791005659E-01   -6.9143305762E+03    6.0216427167E-02
    5.8719990007E-02    1.1169661136E+00   -1.8277400079E-01   -6.9168972227E+03    4.6750276815E-02
    5.8739990007E-02    1.1339852623E+00    1.0892837893E-01   -6.9188183189E+03    4.2544264538E-02
    5.8759990007E-02    7.5851746885E-01   -2.0289298389E-01   -6.9213737779E+03    4.6325437618E-02
    5.8779990007E-02    1.2598293059E+00   -5.9617604635E-02   -6.9237581705E+03    5.5802448612E-02
    5.8799990007E-02    7.6248866763E-01    4.3768146509E-01   -6.9258751360E+03    6.1445098762E-02
    5.8819990007E-02    8.3641769167E-01   -4.4444915102E-01   -6.9288384875E+03    4.8158987273E-02
    5.8839990007E-02    1.2370465777E+00    5.4232538724E-02   -6.9308938025E+03    3.1088569051E-02
    5.8859990007E-02    8.3263872570E-01    1.0062814782E-01   -6.9333176287E+03    2.1187094266E-02
    5.8879990007E-02    1.1887445657E+00   -5.2947536014E-03   -6.9357473747E+03    2.9780805136E-02
    5.8899990007E-02    1.0337235609E+00    3.1001220909E-01   -6.9377108866E+03    4.5645973381E-02
    5.8919990007E-02    6.9106749452E-01   -2.8210869781E-01   -6.9404490039E+03    6.6427023179E-02
    5.8939990007E-02    1.2714266041E+00   -7.4992962850E-02   -6.9427865919E+03    7.3973686708E-02
    5.8959990007E-02    7.6342858870E-01    3.9388365724E-01   -6.9449613905E+03    6.7625197157E-02
    5.8979990007E-02    9.3633931037E-01   -3.3709157305E-01   -6.9478115091E+03    4.8098666392E-02
    5.8999990007E-02    1.2124619291E+00   -6.4701837977E-02   -6.9498386731E+03    2.8169108614E-02
    5.9019990007E-02    8.7087095392E-01   -8.4011435660E-04   -6.9521553589E+03    1.6291189108E-02
    5.9039990007E-02    1.2061681880E+00   -1.2328823516E-01   -6.9546704346E+03    2.4459576681E-02
    5.9059990007E-02    9.5083306566E-01    4.5093182278E-01   -6.9566604785E+03    4.1500749535E-02
    5.9079990007E-02    6.6518826399E-01   -3.4431903013E-01   -6.9595593474E+03    6.6516036040E-02
    5.9099990007E-02    1.2693010310E+00   -7.1325539867E-02   -6.9618187805E+03    6.3786385655E-02
    5.9119990007E-02    7.8625676543E-01    3.1481137786E-01   -6.9640556506E+03    5.3538898625E-02
    5.9139990007E-02    1.0719813366E+00   -1.7194631221E-01   -6.9667435812E+03    4.7408342547E-02
    5.9159990007E-02    1.1611772336E+00    1.0681088228E-01   -6.9686829602E+03    4.3031201851E-02
    5.9179990007E-02    7.3225937235E-01   -5.5589170924E-02   -6.9710914806E+03    5.4282122836E-02
    5.9199990007E-02    1.2153691910E+00   -2.6798418391E-01   -6.9736890482E+03    6.0232051284E-02
    5.9219990007E-02    9.3900001713E-01    5.0004893415E-01   -6.9756762869E+03    6.3198765210E-02
    5.9239990007E-02    7.0296226333E-01   -3.1601392790E-01   -6.9786089488E+03    5.4560290180E-02
    5.9259990007E-02    1.2410261979E+00   -1.5563583382E-01   -6.9808270150E+03    2.7740093797E-02
    5.9279990007E-02    8.9685834304E-01    1.9625740352E-01   -6.9830343116E+03    1.4237529665E-02
    5.9299990007E-02    1.1506466796E+00   -9.6016564431E-02   -6.9856149789E+03    2.3643314876E-02
    5.9319990007E-02    1.1040585161E+00    3.2831390261E-01   -6.9875670610E+03    3.9232088843E-02
    5.9339990007E-02    6.2721696479E-01   -1.1439023680E-01   -6.9901732374E+03    6.6215278659E-02
    5.9359990007E-02    1.2353012385E+00   -2.7674080742E-01   -6.9927331649E+03    7.0050971196E-02
    5.9379990007E-02    9.1658225590E-01    4.6251737387E-01   -6.9947562643E+03    6.5545147837E-02
    5.9399990007E-02    8.4828592754E-01   -2.5724381183E-01   -6.9976172280E+03    5.3745625662E-02
    5.9419990007E-02    1.2051496656E+00   -1.2893588197E-01   -6.9997377820E+03    3.2721539130E-02
    5.9439990007E-02    9.2045401624E-01    8.9046976635E-02   -7.0018869771E+03    2.5076508265E-02
    5.9459990007E-02    1.1167806181E+00   -2.9378632536E-01   -7.0045558779E+03    2.5960478336E-02
    5.9479990007E-02    1.0921570612E+00    4.4416789067E-01   -7.0065089415E+03    3.8080363861E-02
    5.9499990007E-02    5.6512925445E-01   -1.5347773796E-01   -7.0092769821E+03    6.4525978416E-02
    5.9519990007E-02    1.2358799690E+00   -2.7743147725E-01   -7.0117629009E+03    5.1825582187E-02
    5.9539990007E-02    9.1805510518E-01    3.8364006252E-01   -7.0138224001E+03    4.3033622992E-02
    5.9559990007E-02    1.0132071280E+00   -1.5369434416E-01   -7.0165675451E+03    4.2539770682E-02
    5.9579990007E-02    1.1827279878E+00    1.1583960377E-01   -7.0185667105E+03    4.0269926979E-02
    5.9599990007E-02    7.6898431056E-01    8.8750884733E-02   -7.0208335723E+03    5.7324425982E-02
    5.9619990007E-02    1.1175637425E+00   -4.0809115898E-01   -7.0235857778E+03    6.2470221262E-02
    5.9639990007E-02    1.0995923583E+00    4.6309376451E-01   -7.0255311510E+03    6.5495657801E-02
    5.9659990007E-02    6.2785410976E-01   -1.3950813323E-01   -7.0283470968E+03    6.1809341626E-02
    5.9679990007E-02    1.1991271756E+00   -2.9145906821E-01   -7.0307437062E+03    2.8762279042E-02
    5.9699990007E-02    1.0072135032E+00    2.2191138106E-01   -7.0327898440E+03    1.3771185521E-02
    5.9719990007E-02    1.0620285464E+00   -1.8678845411E-01   -7.0354493043E+03    1.6425739145E-02
    5.9739990007E-02    1.1707304495E+00    3.1135688131E-01   -7.0374504821E+03    3.1823585853E-02
    5.9759990007E-02    6.2622674511E-01    6.6370968830E-02   -7.0399007483E+03    6.3550292747E-02
    5.9779990007E-02    1.1486268211E+00   -4.2244843318E-01   -7.0426530635E+03    6.7017955195E-02
    5.9799990007E-02    1.0671142929E+00    4.4432699628E-01   -7.0446045880E+03    6.4092083677E-02
    5.9819990007E-02    7.7739332795E-01   -1.4278858209E-01   -7.0474040012E+03    5.7672442843E-02
    5.9839990007E-02    1.1884162027E+00   -1.4524157833E-01   -7.0496379467E+03    3.7597955082E-02
    5.9859990007E-02    9.9745236908E-01    1.3591390189E-01   -7.0516673963E+03    3.5039810066E-02
    5.9879990007E-02    9.8265056539E-01   -3.6945456810E-01   -7.0543999474E+03    3.3257407457E-02
    5.9899990007E-02    1.2029965277E+00    3.4388600548E-01   -7.0564106926E+03    4.2675318513E-02
    5.9919990007E-02    5.4767836114E-01    6.3461844709E-02   -7.0589806366E+03    6.3108976124E-02
    5.9939990007E-02    1.1467828988E+00   -4.1559429926E-01   -7.0616823332E+03    4.1897545231E-02
    5.9959990007E-02    1.0605524461E+00    3.5531767744E-01   -7.0636469832E+03    3.2254195779E-02
    5.9979990007E-02    9.3839598311E-01   -1.1490699865E-01   -7.0663668703E+03    3.2995810070E-02
    5.9999990007E-02    1.1972465742E+00    1.1849128195E-01   -7.0684654982E+03    3.5764432438E-02
    6.0019990007E-02    8.3458393845E-01    2.0760241954E-01   -7.0706148110E+03    5.5496174331E-02
    6.0039990007E-02    9.7847205492E-01   -4.6120871291E-01   -7.0734503886E+03    6.4176612445E-02
    6.0059990007E-02    1.2079990029E+00    3.4481873161E-01   -7.0754375507E+03    6.8520542299E-02
    6.0079990007E-02    6.0938111256E-01    4.5004251172E-02   -7.0780774838E+03    6.6173549296E-02
    6.0099990007E-02    1.1304107142E+00   -3.4245854702E-01   -7.0806399126E+03    3.5043206314E-02
    6.0119990007E-02    1.1168502582E+00    1.5672488733E-01   -7.0826068579E+03    1.9045606195E-02
    6.0139990007E-02    9.5016147837E-01   -2.0200896362E-01   -7.0852356798E+03    1.2545556937E-02
    6.0159990007E-02    1.2243838929E+00    2.2699457295E-01   -7.0873597439E+03    2.7164270743E-02
    6.0179990007E-02    6.7549790901E-01    2.4151631443E-01   -7.0896455420E+03    5.7932034849E-02
    6.0199990007E-02    1.0100928180E+00   -4.9517119134E-01   -7.0925359731E+03    6.5750155404E-02
    6.0219990007E-02    1.1826975890E+00    3.4132035200E-01   -7.0944964202E+03    6.3798322083E-02
    6.0239990007E-02    7.2886588474E-01   -4.3983774125E-03   -7.0971697510E+03    5.8389466669E-02
    6.0259990007E-02    1.1669156155E+00   -1.3487008142E-01   -7.0995339965E+03    4.2549632729E-02
    6.0279990007E-02    1.0619282981E+00    1.5092809642E-01   -7.1014898837E+03    4.3665652497E-02
    6.0299990007E-02    8.4411782033E-01   -3.4412236372E-01   -7.1041973281E+03    4.5365276595E-02
    6.0319990007E-02    1.2594356447E+00    1.6897545143E-01   -7.1063520404E+03    5.5173570210E-02
    6.0339990007E-02    6.1090881421E-01    2.6970417824E-01   -7.1087006798E+03    6.4514979063E-02
    6.0359990007E-02    1.0116624954E+00   -4.6802236521E-01   -7.1115648218E+03    4.0593915753E-02
    6.0379990007E-02    1.1731580127E+00    2.2599349561E-01   -7.1135264260E+03    2.7027392578E-02
    6.0399990007E-02    8.7555406535E-01   -3.6930303011E-02   -7.1161308083E+03    2.2792795949E-02
    6.0419990007E-02    1.2075555979E+00    8.8295591400E-02   -7.1183706405E+03    3.1252633685E-02
    6.0439990007E-02    9.1159274127E-01    2.9611943080E-01   -7.1204253866E+03    5.1012959549E-02
    6.0459990007E-02    8.2728651840E-01   -4.2769284344E-01   -7.1232776481E+03    6.6315809201E-02
    6.0479990007E-02    1.2622200870E+00    1.6735843346E-01   -7.1253833739E+03    7.2604090216E-02
    6.0499990007E-02    6.4909876568E-01    2.1925818034E-01   -7.1278123472E+03    6.7256605167E-02
    6.0519990007E-02    1.0576453539E+00   -3.3762940642E-01   -7.1305168704E+03    4.2263992298E-02
    6.0539990007E-02    1.1807560315E+00    4.3718394491E-02   -7.1324742587E+03    2.5896624613E-02
    6.0559990007E-02    8.6507914210E-01   -1.3890693909E-01   -7.1349770690E+03    1.5132472102E-02
    6.0579990007E-02    1.2426452262E+00    5.8760246581E-02   -7.1372937304E+03    2.7734434575E-02
    6.0599990007E-02    7.7840796172E-01    3.8860368936E-01   -7.1394160306E+03    5.0225995225E-02
    6.0619990007E-02    8.4033089323E-01   -4.7737148706E-01   -7.1423732070E+03    6.4064736169E-02
    6.0639990007E-02    1.2481290286E+00    1.6513558779E-01   -7.1444247228E+03    6.1581181567E-02
    6.0659990007E-02    7.2694622769E-01    1.4493352963E-01   -7.1469106800E+03    5.3689922495E-02
    6.0679990007E-02    1.1406096334E+00   -1.2623762663E-01   -7.1494178871E+03    4.4654184698E-02
    6.0699990007E-02    1.1065731570E+00    1.5999996295E-01   -7.1513404924E+03    4.6806546080E-02
    6.0719990007E-02    7.4073548211E-01   -2.3905163205E-01   -7.1539538091E+03    5.5117504164E-02
    6.0739990007E-02    1.2664297851E+00   -5.0164607876E-02   -7.1563132708E+03    6.4937342825E-02
    6.0759990007E-02    7.4568210077E-01    4.2258781271E-01   -7.1584603195E+03    6.6159132684E-02
    6.0779990007E-02    8.6876805707E-01   -4.2906463043E-01   -7.1614015624E+03    4.5553983139E-02
    6.0799990007E-02    1.2300221224E+00    2.9095300838E-02   -7.1634458997E+03    2.5840455129E-02
    6.0819990007E-02    8.6198060058E-01    6.4924036692E-02   -7.1658641493E+03    1.4703016465E-02
    6.0839990007E-02    1.2027932369E+00    9.9200557636E-03   -7.1682770472E+03    2.6623411620E-02
    6.0859990007E-02    9.9546767047E-01    3.5022607392E-01   -7.1702635630E+03    4.4911194573E-02
    6.0879990007E-02    6.9541621745E-01   -3.2037712839E-01   -7.1730628154E+03    6.8014108877E-02
    6.0899990008E-02    1.2735506103E+00   -4.3910489862E-02   -7.1753528744E+03    7.4388801317E-02
    6.0919990008E-02    7.4866314497E-01    3.6015763994E-01   -7.1775725261E+03    6.6394988899E-02
    6.0939990008E-02    9.8357402639E-01   -3.0486340357E-01   -7.1803737797E+03    4.8406758986E-02
    6.0959990008E-02    1.1994303635E+00   -3.5503698081E-02   -7.1823700294E+03    3.0977351690E-02
    6.0979990008E-02    8.3801561489E-01   -3.3650960826E-02   -7.1847096550E+03    2.3249686804E-02
    6.0999990008E-02    1.2135184988E+00   -1.5106506782E-01   -7.1872341596E+03    3.0306317881E-02
    6.1019990008E-02    9.2124479188E-01    4.7141690125E-01   -7.1892320987E+03    4.4795220355E-02
    6.1039990008E-02    6.8189434985E-01   -3.6872937419E-01   -7.1921674419E+03    6.2304906127E-02
    6.1059990008E-02    1.2651274785E+00   -5.2383906351E-02   -7.1943847686E+03    5.4497690684E-02
    6.1079990008E-02    7.9220256901E-01    2.7287080864E-01   -7.1966565022E+03    4.4107910484E-02
    6.1099990008E-02    1.1083914868E+00   -1.2614066012E-01   -7.1992883128E+03    4.2147855515E-02
    6.1119990008E-02    1.1411857535E+00    1.7050997112E-01   -7.2012177886E+03    4.4715964408E-02
    6.1139990008E-02    7.0045599174E-01   -9.3105192402E-02   -7.2036983221E+03    6.0159371547E-02
    6.1159990008E-02    1.2308198593E+00   -2.5143044833E-01   -7.2062661401E+03    6.6791790062E-02
    6.1179990008E-02    9.0963026312E-01    4.9242715653E-01   -7.2082752433E+03    6.7097483015E-02
    6.1199990008E-02    7.4985777950E-01   -3.2270006783E-01   -7.2112049093E+03    5.3305195320E-02
    6.1219990008E-02    1.2342705317E+00   -1.5243648511E-01   -7.2133844142E+03    2.6065553022E-02
    6.1239990008E-02    9.1080526445E-01    1.4925225682E-01   -7.2156005442E+03    1.1563296219E-02
    6.1259990008E-02    1.1607217027E+00   -1.1706724283E-01   -7.2181739456E+03    2.0786439358E-02
    6.1279990008E-02    1.0787340476E+00    3.7186059048E-01   -7.2201329718E+03    3.7731573047E-02
    6.1299990008E-02    6.1255215492E-01   -1.6327845731E-01   -7.2228188753E+03    6.8203880415E-02
    6.1319990008E-02    1.2485500910E+00   -2.4315814871E-01   -7.2253218252E+03    7.0612542265E-02
    6.1339990008E-02    8.8454770501E-01    4.4009403876E-01   -7.2273805261E+03    6.4207621987E-02
    6.1359990008E-02    9.1008875805E-01   -2.4611311180E-01   -7.2302138258E+03    5.3116121333E-02
    6.1379990008E-02    1.1986023639E+00   -7.0038677584E-02   -7.2322795804E+03    3.5162258646E-02
    6.1399990008E-02    8.7092623490E-01    6.9569975594E-02   -7.2344696334E+03    3.3826696376E-02
    6.1419990008E-02    1.1309121106E+00   -3.1931309584E-01   -7.2371526265E+03    3.5200296313E-02
    6.1439990008E-02    1.0712521794E+00    4.6693108557E-01   -7.2391026426E+03    4.4713359864E-02
    6.1459990008E-02    5.7823692385E-01   -1.8956795996E-01   -7.2419266036E+03    6.1784195625E-02
    6.1479990008E-02    1.2382797413E+00   -2.5096812924E-01   -7.2443498403E+03    4.1775974060E-02
    6.1499990008E-02    9.0913030881E-01    3.4018865291E-01   -7.2464400410E+03    3.1678755026E-02
    6.1519990008E-02    1.0609521916E+00   -1.3086975104E-01   -7.2491432149E+03    3.4553404292E-02
    6.1539990008E-02    1.1706801345E+00    1.8519910440E-01   -7.2511181649E+03    3.9683837308E-02
    6.1559990008E-02    7.1820320411E-01    5.6185278391E-02   -7.2534651219E+03    6.0172156944E-02
    6.1579990008E-02    1.1489633673E+00   -3.9411162352E-01   -7.2561969800E+03    6.5684414552E-02
    6.1599990008E-02    1.0635422359E+00    4.7425971268E-01   -7.2581464705E+03    6.6736047355E-02
    6.1619990008E-02    6.7557495342E-01   -1.7598441225E-01   -7.2609901608E+03    5.9814802326E-02
    6.1639990008E-02    1.2011997443E+00   -2.5850333021E-01   -7.2633159131E+03    2.9787457963E-02
    6.1659990008E-02    1.0051390475E+00    1.7695951039E-01   -7.2653767674E+03    1.4888458092E-02
    6.1679990008E-02    1.0668942661E+00   -2.2703239701E-01   -7.2680366385E+03    1.5742661809E-02
    6.1699990008E-02    1.1601572595E+00    3.4944187545E-01   -7.2700282990E+03    3.1115062680E-02
    6.1719990008E-02    5.9023711100E-01    1.7450638839E-02   -7.2725612590E+03    6.5676339346E-02
    6.1739990008E-02    1.1776879691E+00   -3.9686447425E-01   -7.2752651497E+03    6.5912020256E-02
    6.1759990008E-02    1.0284459581E+00    4.4350983622E-01   -7.2772322377E+03    6.1133380450E-02
    6.1779990008E-02    8.3981238356E-01   -1.6010278612E-01   -7.2800336404E+03    5.5386697231E-02
    6.1799990008E-02    1.1933046408E+00   -7.1889698550E-02   -7.2821932727E+03    3.8928495354E-02
    6.1819990008E-02    9.3833087045E-01    1.4267666162E-01   -7.2842669184E+03    4.4118367008E-02
    6.1839990008E-02    1.0050585663E+00   -4.0368945856E-01   -7.2870289288E+03    4.5006633372E-02
    6.1859990008E-02    1.1900651407E+00    3.7639542417E-01   -7.2890162286E+03    5.2705149138E-02
    6.1879990008E-02    5.4947899110E-01    1.7091270393E-02   -7.2916604794E+03    6.4547069256E-02
    6.1899990008E-02    1.1628958958E+00   -3.8694780361E-01   -7.2942886908E+03    3.5111260951E-02
    6.1919990008E-02    1.0447215176E+00    3.2097351781E-01   -7.2962705555E+03    2.3199308869E-02
    6.1939990008E-02    9.9008364321E-01   -1.2418573583E-01   -7.2989676207E+03    2.5450302390E-02
    6.1959990008E-02    1.1959095897E+00    1.8418901404E-01   -7.3010304043E+03    3.4446117520E-02
    6.1979990008E-02    7.6687339207E-01    1.9208531024E-01   -7.3032560638E+03    5.7163901370E-02
    6.1999990008E-02    1.0236948325E+00   -4.6785017554E-01   -7.3060969573E+03    6.5564584924E-02
    6.2019990008E-02    1.1795740385E+00    3.7945230499E-01   -7.3080607006E+03    6.7858178950E-02
    6.2039990008E-02    6.4401467603E-01   -1.3183623115E-02   -7.3107607868E+03    6.3638587594E-02
    6.2059990008E-02    1.1505832196E+00   -2.9346083467E-01   -7.3132301898E+03    3.6795234406E-02
    6.2079990008E-02    1.1012376681E+00    1.3235483552E-01   -7.3152022517E+03    2.2430309522E-02
    6.2099990008E-02    9.4579752653E-01   -2.5572086650E-01   -7.3178486202E+03    1.5487931313E-02
    6.2119990008E-02    1.2258154604E+00    2.5149076338E-01   -7.3199499277E+03    2.8887507695E-02
    6.2139990008E-02    6.2359880784E-01    2.0561042237E-01   -7.3223063867E+03    5.9639160305E-02
    6.2159990008E-02    1.0526912755E+00   -4.8643892473E-01   -7.3251710662E+03    6.0820437824E-02
    6.2179990008E-02    1.1510405250E+00    3.5968772388E-01   -7.3271211823E+03    5.6410964073E-02
    6.2199990008E-02    7.8160101444E-01   -4.7339848788E-02   -7.3298252792E+03    5.2275360524E-02
    6.2219990008E-02    1.1828847024E+00   -5.7965841722E-02   -7.3321023472E+03    4.0690474813E-02
    6.2239990008E-02    1.0041807565E+00    1.8884646595E-01   -7.3340949446E+03    4.9426015192E-02
    6.2259990008E-02    8.6524071086E-01   -3.9264441733E-01   -7.3368598932E+03    5.4689337699E-02
    6.2279990008E-02    1.2553315432E+00    2.1456635603E-01   -7.3389632836E+03    6.3358952905E-02
    6.2299990008E-02    5.9442948912E-01    2.1487275165E-01   -7.3413934995E+03    6.7505949394E-02
    6.2319990008E-02    1.0498837765E+00   -4.3717908574E-01   -7.3441867063E+03    3.6628609678E-02
    6.2339990008E-02    1.1573390580E+00    2.0463750433E-01   -7.3461469916E+03    2.1114639367E-02
    6.2359990008E-02    9.1560120727E-01   -7.8955773120E-02   -7.3487520461E+03    1.6536779933E-02
    6.2379990008E-02    1.2172558372E+00    1.3739406891E-01   -7.3509537293E+03    2.9173837413E-02
    6.2399990008E-02    8.3827947668E-01    3.0409821466E-01   -7.3530700615E+03    5.2209558995E-02
    6.2419990008E-02    8.7464444087E-01   -4.6360238332E-01   -7.3559609256E+03    6.7266839392E-02
    6.2439990008E-02    1.2476034418E+00    2.2542178631E-01   -7.3580100549E+03    7.1033152473E-02
    6.2459990008E-02    6.5513402516E-01    1.4984708911E-01   -7.3605239933E+03    6.5173877855E-02
    6.2479990008E-02    1.0994838813E+00   -2.8430213509E-01   -7.3631297832E+03    4.2781238578E-02
    6.2499990008E-02    1.1564885770E+00    6.4096924199E-02   -7.3650725314E+03    2.9702511869E-02
    6.2519990008E-02    8.4378319355E-01   -2.0075071207E-01   -7.3676248964E+03    2.2256207515E-02
    6.2539990008E-02    1.2514613557E+00    7.4036049890E-02   -7.3699081877E+03    3.3910482731E-02
    6.2559990008E-02    7.1580080203E-01    3.7205127697E-01   -7.3720840578E+03    5.4252081890E-02
    6.2579990008E-02    8.9220461121E-01   -4.9225936473E-01   -7.3750430047E+03    5.7295426887E-02
    6.2599990008E-02    1.2277984242E+00    2.0102616484E-01   -7.3770538447E+03    5.0816143592E-02
    6.2619990008E-02    7.6103866137E-01    8.1792881372E-02   -7.3795962436E+03    4.4402618230E-02
    6.2639990008E-02    1.1686933148E+00   -5.6248161631E-02   -7.3820090188E+03    4.0103003561E-02
    6.2659990008E-02    1.0586241120E+00    2.1747074744E-01   -7.3839543063E+03    4.9479470829E-02
    6.2679990008E-02    7.4783919178E-01   -3.0494845940E-01   -7.3866566968E+03    6.1608796782E-02
    6.2699990008E-02    1.2727650232E+00    1.1638072165E-02   -7.3889382192E+03    7.1639618713E-02
    6.2719990008E-02    7.0219829864E-01    3.7230684882E-01   -7.3911628232E+03    6.9345723091E-02
    6.2739990008E-02    9.3316863876E-01   -4.1405809960E-01   -7.3940532829E+03    4.3342434897E-02
    6.2759990008E-02    1.2169310925E+00    3.0424361299E-02   -7.3960665461E+03    2.3328448323E-02
    6.2779990008E-02    8.7997913025E-01    8.4148559324E-04   -7.3985093018E+03    1.1183277918E-02
    6.2799990008E-02    1.2185906521E+00    2.9402726316E-02   -7.4008899983E+03    2.4672394182E-02
    6.2819990008E-02    9.2841810193E-01    3.8023147907E-01   -7.4029156706E+03    4.5568809056E-02
    6.2839990008E-02    7.3230234444E-01   -3.8660666742E-01   -7.4057918091E+03    6.9200457192E-02
    6.2859990008E-02    1.2727738697E+00    3.2341359970E-02   -7.4079904576E+03    7.3787618377E-02
    6.2879990008E-02    7.2014468197E-01    2.9303209048E-01   -7.4103030985E+03    6.4600655203E-02
    6.2899990008E-02    1.0478236695E+00   -2.5905575168E-01   -7.4130192870E+03    4.8124809247E-02
    6.2919990008E-02    1.1773919033E+00    2.4934750382E-02   -7.4149728611E+03    3.5086922414E-02
    6.2939990008E-02    7.9135793833E-01   -9.6155906333E-02   -7.4173924815E+03    3.3081181779E-02
    6.2959990008E-02    1.2340479827E+00   -1.3513808184E-01   -7.4198815948E+03    4.0441864179E-02
    6.2979990008E-02    8.5866120944E-01    4.7395720218E-01   -7.4219144302E+03    5.1419038665E-02
    6.2999990008E-02    7.3741292902E-01   -4.1019885587E-01   -7.4248829189E+03    5.5703411212E-02
    6.3019990007E-02    1.2560399896E+00   -3.2160217617E-03   -7.4270254455E+03    4.2567749195E-02
    6.3039990007E-02    8.0052317580E-01    1.9976620339E-01   -7.4293664089E+03    3.2439091394E-02
    6.3059990007E-02    1.1495961665E+00   -7.2372964969E-02   -7.4319114015E+03    3.5182782983E-02
    6.3079990007E-02    1.1034871473E+00    2.3982441300E-01   -7.4338444113E+03    4.5190825490E-02
    6.3099990007E-02    6.7902210022E-01   -1.7111046458E-01   -7.4364402778E+03    6.3802179399E-02
    6.3119990007E-02    1.2542062490E+00   -1.8590440159E-01   -7.4389214151E+03    7.1117477188E-02
    6.3139990007E-02    8.4401627390E-01    4.6291926785E-01   -7.4409887592E+03    6.8345200960E-02
    6.3159990007E-02    8.3035753030E-01   -3.4166473102E-01   -7.4439030299E+03    5.0592375655E-02
    6.3179990007E-02    1.2271081251E+00   -1.1798019369E-01   -7.4460125919E+03    2.6220375773E-02
    6.3199990007E-02    9.0368331215E-01    8.2274929802E-02   -7.4482688217E+03    1.1932864818E-02
    6.3219990007E-02    1.1807025293E+00   -1.2560974732E-01   -7.4508202262E+03    2.0789801774E-02
    6.3239990007E-02    1.0281067104E+00    4.1490697756E-01   -7.4527894277E+03    3.8355580873E-02
    6.3259990007E-02    6.2169832437E-01   -2.4948795111E-01   -7.4555848756E+03    6.9385936765E-02
    6.3279990007E-02    1.2643055528E+00   -1.6764053400E-01   -7.4579782202E+03    7.0099449091E-02
    6.3299990007E-02    8.3013256878E-01    3.9318127805E-01   -7.4601117950E+03    6.1378813301E-02
    6.3319990007E-02    9.9139282551E-01   -2.2444670733E-01   -7.4628936461E+03    5.1623881928E-02
    6.3339990007E-02    1.1864624962E+00    1.0762694515E-02   -7.4648901193E+03    3.8817990443E-02
    6.3359990007E-02    7.9946748711E-01    2.1450013773E-02   -7.4671718684E+03    4.4363324763E-02
    6.3379990007E-02    1.1714358624E+00   -3.1026994101E-01   -7.4698330329E+03    4.7954304297E-02
    6.3399990007E-02    1.0148473721E+00    4.9395627065E-01   -7.4717909306E+03    5.4612490579E-02
    6.3419990007E-02    6.2474765019E-01   -2.5741548856E-01   -7.4746852027E+03    5.8947628311E-02
    6.3439990007E-02    1.2432243048E+00   -2.0086074999E-01   -7.4770064978E+03    3.3795920005E-02
    6.3459990007E-02    8.9481188394E-01    2.7530141990E-01   -7.4791559617E+03    2.1934410988E-02
    6.3479990007E-02    1.1126944169E+00   -1.0675895540E-01   -7.4817973680E+03    2.8447763656E-02
    6.3499990007E-02    1.1444231224E+00    2.5855317361E-01   -7.4837532594E+03    3.9766429338E-02
    6.3519990007E-02    6.6309338393E-01   -1.9583041608E-02   -7.4862235823E+03    6.3102236836E-02
    6.3539990007E-02    1.1970828071E+00   -3.4514656355E-01   -7.4888871848E+03    6.8053141431E-02
    6.3559990007E-02    9.9217647419E-01    4.8103441134E-01   -7.4908616327E+03    6.6502903643E-02
    6.3579990007E-02    7.5356228787E-01   -2.3051994594E-01   -7.4937333163E+03    5.6446476904E-02
    6.3599990007E-02    1.2068276104E+00   -2.0115592269E-01   -7.4959554910E+03    3.1158822595E-02
    6.3619990007E-02    9.7525662851E-01    1.2955614145E-01   -7.4980548442E+03    1.8272690966E-02
    6.3639990007E-02    1.0900229503E+00   -2.6253302464E-01   -7.5007170454E+03    1.8543426881E-02
    6.3659990007E-02    1.1303127949E+00    3.9864972395E-01   -7.5026873742E+03    3.2869273258E-02
    6.3679990007E-02    5.6529731300E-01   -7.0757691266E-02   -7.5053434528E+03    6.6354571885E-02
    6.3699990007E-02    1.2151143783E+00   -3.3807620774E-01   -7.5079447395E+03    6.1203292658E-02
    6.3719990007E-02    9.6482925009E-01    4.2716251968E-01   -7.5099530242E+03    5.4310959834E-02
    6.3739990007E-02    9.2845089503E-01   -1.7279185104E-01   -7.5127431007E+03    5.0419911576E-02
    6.3759990007E-02    1.1929681125E+00    1.9620100240E-02   -7.5148116713E+03    3.9669757117E-02
    6.3779990007E-02    8.4989659017E-01    1.2649940674E-01   -7.5169754200E+03    5.1435242067E-02
    6.3799990007E-02    1.0635415342E+00   -4.1664290496E-01   -7.5197457510E+03    5.4898734652E-02
    6.3819990007E-02    1.1483411101E+00    4.2919581319E-01   -7.5217034223E+03    6.0444156433E-02
    6.3839990007E-02    5.7722888239E-01   -7.0382078646E-02   -7.5244528947E+03    6.3782598241E-02
    6.3859990007E-02    1.1882711496E+00   -3.3604682087E-01   -7.5269596035E+03    3.0282282021E-02
    6.3879990007E-02    1.0168058372E+00    2.7787682349E-01   -7.5289778445E+03    1.6562083008E-02
    6.3899990007E-02    1.0398043418E+00   -1.4761315830E-01   -7.5316531562E+03    2.0169463676E-02
    6.3919990007E-02    1.1846227170E+00    2.5370431498E-01   -7.5336761604E+03    3.3705706776E-02
    6.3939990007E-02    6.8722261325E-01    1.3144162304E-01   -7.5360175660E+03    6.0323359496E-02
    6.3959990007E-02    1.0968845523E+00   -4.5092498232E-01   -7.5388244286E+03    6.6561929863E-02
    6.3979990007E-02    1.1213509644E+00    4.2650955180E-01   -7.5407718815E+03    6.6175006268E-02
    6.3999990007E-02    7.0493378949E-01   -9.6179043837E-02   -7.5435450912E+03    6.0324222975E-02
    6.4019990007E-02    1.1756081436E+00   -2.2500286910E-01   -7.5458871316E+03    3.7061105680E-02
    6.4039990007E-02    1.0557728897E+00    1.2886837230E-01   -7.5478841624E+03    2.7116061513E-02
    6.4059990007E-02    9.6534429725E-01   -3.1779225824E-01   -7.5505751060E+03    2.2351243172E-02
    6.4079990007E-02    1.2142139295E+00    3.0542044564E-01   -7.5526231517E+03    3.3996935085E-02
    6.4099990007E-02    5.6869455028E-01    1.2310366514E-01   -7.5550994870E+03    6.2509806123E-02
    6.4119990007E-02    1.1161960644E+00   -4.5154182638E-01   -7.5578848069E+03    5.2809741502E-02
    6.4139990007E-02    1.0940533884E+00    3.7797860960E-01   -7.5598372146E+03    4.5719401634E-02
    6.4159990007E-02    8.6481255474E-01   -9.8303735761E-02   -7.5625712047E+03    4.4073263896E-02
    6.4179990007E-02    1.1944712461E+00    3.4213898806E-02   -7.5647381392E+03    3.8202888374E-02
    6.4199990007E-02    9.1407302400E-01    2.0663686642E-01   -7.5668100641E+03    5.3621925397E-02
    6.4219990007E-02    9.2962460061E-01   -4.4041980619E-01   -7.5696245837E+03    6.1133400631E-02
    6.4239990007E-02    1.2324379682E+00    2.9898839830E-01   -7.5716527954E+03    6.7618004179E-02
    6.4259990007E-02    5.8652177445E-01    1.1282956830E-01   -7.5742150510E+03    6.8140527132E-02
    6.4279990007E-02    1.1042479558E+00   -3.8991875898E-01   -7.5768822999E+03    3.4249203923E-02
    6.4299990007E-02    1.1277622402E+00    1.9283067780E-01   -7.5788470734E+03    1.8100848327E-02
    6.4319990007E-02    9.4951858933E-01   -1.4518562452E-01   -7.5814726951E+03    1.3189131397E-02
    6.4339990007E-02    1.2205787894E+00    1.9678745342E-01   -7.5836188676E+03    2.7785054264E-02
    6.4359990007E-02    7.4022958160E-01    2.6895841135E-01   -7.5858349568E+03    5.5617887521E-02
    6.4379990007E-02    9.6215307346E-01   -4.9088646536E-01   -7.5887354279E+03    6.7290881405E-02
    6.4399990007E-02    1.2107132291E+00    3.1053488082E-01   -7.5907206746E+03    6.7857439821E-02
    6.4419990007E-02    6.8408392125E-01    4.6614514996E-02   -7.5933503295E+03    6.2144934683E-02
    6.4439990007E-02    1.1446040902E+00   -2.1180918993E-01   -7.5958134432E+03    4.2316132214E-02
    6.4459990007E-02    1.1085913910E+00    1.1038921243E-01   -7.5977571734E+03    3.5159918654E-02
    6.4479990007E-02    8.4565540152E-01   -2.8768936887E-01   -7.6004036881E+03    3.2182481387E-02
    6.4499990007E-02    1.2560650509E+00    1.4125541657E-01   -7.6026014150E+03    4.2815356700E-02
    6.4519990007E-02    6.3754431548E-01    3.0469432244E-01   -7.6048872266E+03    5.9494271648E-02
    6.4539990007E-02    9.7884628354E-01   -4.8879354016E-01   -7.6078001974E+03    4.7303544960E-02
    6.4559990007E-02    1.1881653838E+00    2.4824128280E-01   -7.6097700570E+03    3.7224570529E-02
    6.4579990007E-02    8.2246582712E-01   -2.3988618804E-03   -7.6123810936E+03    3.3285260719E-02
    6.4599990007E-02    1.1935897771E+00    2.7861234810E-02   -7.6146724841E+03    3.4828669959E-02
    6.4619990007E-02    9.7631106626E-01    2.6366208449E-01   -7.6166782864E+03    5.0873232357E-02
    6.4639990007E-02    8.0049620701E-01   -3.9004407684E-01   -7.6194800779E+03    6.4650809076E-02
    6.4659990007E-02    1.2688958697E+00    1.2603877097E-01   -7.6216387809E+03    7.3017597945E-02
    6.4679990007E-02    6.4895000896E-01    2.7155155824E-01   -7.6240033175E+03    6.9145867859E-02
    6.4699990007E-02    1.0187982221E+00   -3.8419076737E-01   -7.6267899833E+03    4.1015401796E-02
    6.4719990007E-02    1.1932614388E+00    5.6655995011E-02   -7.6287653506E+03    2.2749196003E-02
    6.4739990007E-02    8.8547555773E-01   -8.9183102423E-02   -7.6312635805E+03    1.1177997929E-02
    6.4759990007E-02    1.2339345411E+00    7.3502825185E-02   -7.6335810694E+03    2.5191629412E-02
    6.4779990007E-02    8.2696708972E-01    3.7849672088E-01   -7.6356778958E+03    4.8925327639E-02
    6.4799990007E-02    8.1474869739E-01   -4.5940965491E-01   -7.6386141752E+03    6.8274618981E-02
    6.4819990007E-02    1.2584942170E+00    1.4654414746E-01   -7.6406994617E+03    6.9462359680E-02
    6.4839990007E-02    7.0337639385E-01    1.8681233574E-01   -7.6431507094E+03    6.1023342811E-02
    6.4859990007E-02    1.1120712350E+00   -1.9207179922E-01   -7.6457334506E+03    4.6944966665E-02
    6.4879990007E-02    1.1382449588E+00    1.0085275601E-01   -7.6476590074E+03    4.1676302245E-02
    6.4899990007E-02    7.6219810745E-01   -1.9727903689E-01   -7.6502084881E+03    4.4709297968E-02
    6.4919990006E-02    1.2587984728E+00   -5.8727922637E-02   -7.6525979410E+03    5.4143623504E-02
    6.4939990006E-02    7.6309543114E-01    4.3777664801E-01   -7.6547155011E+03    6.0599302672E-02
    6.4959990006E-02    8.3501889912E-01   -4.4758235908E-01   -7.6576835671E+03    4.8575873659E-02
    6.4979990006E-02    1.2373294014E+00    6.2491170926E-02   -7.6597408618E+03    3.2134506303E-02
    6.4999990006E-02    8.2746719559E-01    1.0170502840E-01   -7.6621737322E+03    2.2550793324E-02
    6.5019990006E-02    1.1874344434E+00   -5.9951067596E-03   -7.6646046730E+03    3.0444389349E-02
    6.5039990006E-02    1.0348001830E+00    3.0380002632E-01   -7.6665702800E+03    4.6072195228E-02
    6.5059990006E-02    6.9553748479E-01   -2.8528561740E-01   -7.6693094988E+03    6.6327417667E-02
    6.5079990006E-02    1.2719066115E+00   -6.6423669973E-02   -7.6716436149E+03    7.4155142536E-02
    6.5099990006E-02    7.5662932777E-01    3.9063181914E-01   -7.6738275799E+03    6.7947832660E-02
    6.5119990006E-02    9.3806671536E-01   -3.4332251133E-01   -7.6766817496E+03    4.7730083076E-02
    6.5139990006E-02    1.2130908252E+00   -5.9512124602E-02   -7.6787095030E+03    2.7682435971E-02
    6.5159990006E-02    8.7140321733E-01   -6.1740971003E-03   -7.6810419361E+03    1.5398327756E-02
    6.5179990006E-02    1.2103579260E+00   -1.0457827124E-01   -7.6835438494E+03    2.4292327739E-02
    6.5199990006E-02    9.4016373547E-01    4.4602547962E-01   -7.6855436714E+03    4.2007219191E-02
    6.5219990006E-02    6.7719346194E-01   -3.5756213941E-01   -7.6884505008E+03    6.6955127314E-02
    6.5239990006E-02    1.2701559270E+00   -5.0142062224E-02   -7.6906947528E+03    6.5162774807E-02
    6.5259990006E-02    7.7487502288E-01    3.0500478585E-01   -7.6929540483E+03    5.4867065429E-02
    6.5279990006E-02    1.0760244356E+00   -1.7489089926E-01   -7.6956369255E+03    4.7823140918E-02
    6.5299990006E-02    1.1588937350E+00    1.0454986012E-01   -7.6975761063E+03    4.3221668284E-02
    6.5319990006E-02    7.3220196164E-01   -7.3256511164E-02   -7.7000038505E+03    5.3521741661E-02
    6.5339990006E-02    1.2236911554E+00   -2.4524192742E-01   -7.7025807975E+03    5.9832767469E-02
    6.5359990006E-02    9.1599832171E-01    4.9781516591E-01   -7.7045824660E+03    6.2983863713E-02
    6.5379990006E-02    7.1766194303E-01   -3.3726701301E-01   -7.7075275189E+03    5.3633017113E-02
    6.5399990006E-02    1.2434390280E+00   -1.2951341220E-01   -7.7097240950E+03    2.8136232848E-02
    6.5419990006E-02    8.8402960784E-01    1.8523739872E-01   -7.7119635814E+03    1.4899425299E-02
    6.5439990006E-02    1.1597844900E+00   -8.0036058711E-02   -7.7145272854E+03    2.4738867095E-02
    6.5459990006E-02    1.0925868895E+00    3.2820719359E-01   -7.7164812101E+03    4.0363337618E-02
    6.5479990006E-02    6.3246032141E-01   -1.4479868281E-01   -7.7191162264E+03    6.6557196934E-02
    6.5499990006E-02    1.2451502091E+00   -2.4524804962E-01   -7.7216414778E+03    7.0905906911E-02
    6.5519990006E-02    8.8805149970E-01    4.5584552074E-01   -7.7236890325E+03    6.5982785178E-02
    6.5539990006E-02    8.6560744820E-01   -2.7372529093E-01   -7.7265551592E+03    5.2937209332E-02
    6.5559990006E-02    1.2072826220E+00   -1.1871428300E-01   -7.7286579109E+03    3.2062970420E-02
    6.5579990006E-02    9.0521934893E-01    7.3314414490E-02   -7.7308397182E+03    2.3762558125E-02
    6.5599990006E-02    1.1392744436E+00   -2.6916693978E-01   -7.7334891132E+03    2.5875246313E-02
    6.5619990006E-02    1.0633488926E+00    4.5521798943E-01   -7.7354449928E+03    3.8694336660E-02
    6.5639990006E-02    5.7936365666E-01   -1.9908628060E-01   -7.7382534894E+03    6.4905580881E-02
    6.5659990006E-02    1.2475600341E+00   -2.3691569541E-01   -7.7406899369E+03    5.3858274196E-02
    6.5679990006E-02    8.8640483044E-01    3.7296366324E-01   -7.7427864740E+03    4.4735586287E-02
    6.5699990006E-02    1.0325557824E+00   -1.5554039503E-01   -7.7455243680E+03    4.3608836950E-02
    6.5719990006E-02    1.1771070657E+00    1.2057776203E-01   -7.7475074290E+03    4.1377289480E-02
    6.5739990006E-02    7.5135606352E-01    5.3780863028E-02   -7.7498158731E+03    5.7783057896E-02
    6.5759990006E-02    1.1483255397E+00   -3.8157395602E-01   -7.7525391349E+03    6.2908187171E-02
    6.5779990006E-02    1.0610132511E+00    4.8179702507E-01   -7.7544901129E+03    6.5513127652E-02
    6.5799990006E-02    6.4610526948E-01   -1.8837863531E-01   -7.7573465340E+03    6.0204477452E-02
    6.5819990006E-02    1.2130486682E+00   -2.6326333766E-01   -7.7596947079E+03    2.7945948676E-02
    6.5839990006E-02    9.7777635251E-01    2.1705135280E-01   -7.7617788063E+03    1.3150951264E-02
    6.5859990006E-02    1.0906017914E+00   -1.7330703504E-01   -7.7644294872E+03    1.7866061683E-02
    6.5879990006E-02    1.1512450475E+00    3.2791682071E-01   -7.7664133828E+03    3.3573311895E-02
    6.5899990006E-02    6.1557065867E-01    9.5331233848E-03   -7.7689227777E+03    6.5055919960E-02
    6.5919990006E-02    1.1822477226E+00   -3.8469548926E-01   -7.7716221513E+03    6.7815865780E-02
    6.5939990006E-02    1.0206892035E+00    4.5790212873E-01   -7.7735914264E+03    6.4191146415E-02
    6.5959990006E-02    8.0667582318E-01   -1.8058167958E-01   -7.7764171180E+03    5.6628604047E-02
    6.5979990006E-02    1.1939965326E+00   -1.3241276353E-01   -7.7786072681E+03    3.6560117850E-02
    6.5999990006E-02    9.6459326275E-01    1.2636258488E-01   -7.7806767916E+03    3.3788684709E-02
    6.6019990006E-02    1.0285339504E+00   -3.6473557723E-01   -7.7834080308E+03    3.2449286864E-02
    6.6039990006E-02    1.1719589673E+00    3.8914881553E-01   -7.7853910430E+03    4.1981826866E-02
    6.6059990006E-02    5.4421818874E-01   -1.3012514094E-02   -7.7880438729E+03    6.3247509419E-02
    6.6079990006E-02    1.1835671080E+00   -3.7448918921E-01   -7.7906701932E+03    4.2343191164E-02
    6.6099990006E-02    1.0122861291E+00    3.6834666489E-01   -7.7926627085E+03    3.2905009163E-02
    6.6119990006E-02    9.7601038596E-01   -1.3064940207E-01   -7.7953971062E+03    3.4413858062E-02
    6.6139990006E-02    1.1921401900E+00    1.3652229692E-01   -7.7974529813E+03    3.6977272690E-02
    6.6159990006E-02    7.9592112562E-01    1.6684060853E-01   -7.7996597850E+03    5.7054217280E-02
    6.6179990006E-02    1.0387197817E+00   -4.5374376260E-01   -7.8024774070E+03    6.4136721875E-02
    6.6199990006E-02    1.1698006316E+00    4.0035868875E-01   -7.8044400791E+03    6.7503668957E-02
    6.6219990006E-02    6.1887610424E-01   -3.2292591073E-02   -7.8071622584E+03    6.4523889664E-02
    6.6239990006E-02    1.1594613713E+00   -3.2190023192E-01   -7.8096495811E+03    3.2841316559E-02
    6.6259990006E-02    1.0787011769E+00    1.8005199081E-01   -7.8116414995E+03    1.7247149754E-02
    6.6279990006E-02    9.9047291985E-01   -2.1972137552E-01   -7.8142981831E+03    1.3408092302E-02
    6.6299990006E-02    1.2071539896E+00    2.7636637827E-01   -7.8163665300E+03    2.8303957070E-02
    6.6319990006E-02    6.3727742077E-01    1.6623946567E-01   -7.8187380813E+03    6.0986521729E-02
    6.6339990006E-02    1.0795246879E+00   -4.7384310096E-01   -7.8215779333E+03    6.5523359032E-02
    6.6359990006E-02    1.1338725785E+00    3.9510221049E-01   -7.8235271364E+03    6.2719211008E-02
    6.6379990006E-02    7.5994901932E-01   -7.1355006640E-02   -7.8262667210E+03    5.7603945421E-02
    6.6399990006E-02    1.1801269810E+00   -1.1770202532E-01   -7.8285557785E+03    4.0870445055E-02
    6.6419990006E-02    1.0220997765E+00    1.5498027949E-01   -7.8305492053E+03    4.3186001366E-02
    6.6439990006E-02    9.0348428847E-01   -3.7987296343E-01   -7.8332937907E+03    4.3994149246E-02
    6.6459990006E-02    1.2413661631E+00    2.6034432632E-01   -7.8353710425E+03    5.2905327086E-02
    6.6479990006E-02    5.7050689849E-01    1.7246608537E-01   -7.8378384741E+03    6.4791014653E-02
    6.6499990006E-02    1.0809116292E+00   -4.4878105965E-01   -7.8406249082E+03    3.8244472340E-02
    6.6519990006E-02    1.1254957141E+00    2.8404208273E-01   -7.8425810078E+03    2.5777720456E-02
    6.6539990006E-02    9.1587269722E-01   -8.3977356608E-02   -7.8452445955E+03    2.4443691148E-02
    6.6559990006E-02    1.2061113917E+00    1.2724856185E-01   -7.8474068597E+03    3.2481755166E-02
    6.6579990006E-02    8.5152257524E-01    2.6275435928E-01   -7.8495260353E+03    5.3582551873E-02
    6.6599990006E-02    9.0955078641E-01   -4.6172359120E-01   -7.8523921032E+03    6.5781813439E-02
    6.6619990006E-02    1.2374522479E+00    2.7010139988E-01   -7.8544229713E+03    7.0312108947E-02
    6.6639990006E-02    6.2909187077E-01    1.1939330997E-01   -7.8569793580E+03    6.6276892142E-02
    6.6659990006E-02    1.1029806460E+00   -3.2598589196E-01   -7.8595911415E+03    3.9603208418E-02
    6.6679990006E-02    1.1514779473E+00    9.2553342487E-02   -7.8615464500E+03    2.4093087845E-02
    6.6699990006E-02    8.9411473357E-01   -1.9800086912E-01   -7.8641286147E+03    1.4639403145E-02
    6.6719990006E-02    1.2417411124E+00    1.5376679808E-01   -7.8663417583E+03    2.8040866465E-02
    6.6739990006E-02    6.9986029733E-01    3.1606185220E-01   -7.8685650568E+03    5.4721041267E-02
    6.6759990006E-02    9.4155572916E-01   -5.0046726176E-01   -7.8715010377E+03    6.2836372835E-02
    6.6779990006E-02    1.2133232028E+00    2.7046859334E-01   -7.8734899038E+03    5.9594983567E-02
    6.6799990006E-02    7.3609483416E-01    5.0061991243E-02   -7.8760951426E+03    5.3733837652E-02
    6.6819990005E-02    1.1636061805E+00   -9.9662606414E-02   -7.8784977997E+03    4.2813665931E-02
    6.6839990005E-02    1.0656961004E+00    1.7684409593E-01   -7.8804446333E+03    4.7923457432E-02
    6.6859990005E-02    7.9041244841E-01   -3.2390523422E-01   -7.8831461221E+03    5.4337353631E-02
    6.6879990005E-02    1.2692453847E+00    8.4209229886E-02   -7.8853734414E+03    6.4506494909E-02
    6.6899990005E-02    6.5657545041E-01    3.3216589094E-01   -7.8876528683E+03    6.6979437316E-02
    6.6919990005E-02    9.6318349922E-01   -4.4919719828E-01   -7.8905443700E+03    4.0889399617E-02
    6.6939990005E-02    1.2013609976E+00    1.3095401797E-01   -7.8925329611E+03    2.3838544817E-02
    6.6959990005E-02    8.7699232118E-01   -1.2081127014E-02   -7.8950623480E+03    1.5933636815E-02
    6.6979990005E-02    1.2146910151E+00    7.5899528789E-02   -7.8973669646E+03    2.8143019621E-02
    6.6999990005E-02    9.1896601086E-01    3.3649229773E-01   -7.8994111490E+03    4.8717920386E-02
    6.7019990005E-02    7.8058303092E-01   -4.0988038307E-01   -7.9022774966E+03    6.7751122058E-02
    6.7039990005E-02    1.2690220935E+00    1.0338216791E-01   -7.9044296983E+03    7.3638351237E-02
    6.7059990005E-02    6.8117762998E-01    2.5737798654E-01   -7.9068042553E+03    6.6233332554E-02
    6.7079990005E-02    1.0497268418E+00   -3.0334182414E-01   -7.9095201047E+03    4.5192690845E-02
    6.7099990005E-02    1.1823966092E+00    1.9341419764E-02   -7.9114796360E+03    3.0048014821E-02
    6.7119990005E-02    8.2978969823E-01   -1.2462022584E-01   -7.9139413180E+03    2.1933843602E-02
    6.7139990005E-02    1.2425861039E+00   -2.7818673295E-02   -7.9163390704E+03    3.2320465198E-02
    6.7159990005E-02    8.0545119316E-01    4.3267990357E-01   -7.9184227174E+03    4.9833440420E-02
    6.7179990005E-02    7.9411165763E-01   -4.5641398961E-01   -7.9213950342E+03    6.0169045484E-02
    6.7199990005E-02    1.2538240666E+00    9.7833419837E-02   -7.9234830660E+03    5.4083059983E-02
    6.7219990005E-02    7.5570545992E-01    1.6925899841E-01   -7.9259146957E+03    4.5306374908E-02
    6.7239990005E-02    1.1462690009E+00   -9.2779132115E-02   -7.9284339361E+03    4.1621090148E-02
    6.7259990005E-02    1.1008284740E+00    1.9676638001E-01   -7.9303624758E+03    4.7644939593E-02
    6.7279990005E-02    7.1177317662E-01   -2.1918486637E-01   -7.9329787771E+03    6.0955773185E-02
    6.7299990005E-02    1.2646106527E+00   -1.0453640955E-01   -7.9353860714E+03    7.0065332893E-02
    6.7319990005E-02    7.8143577729E-01    4.4043849935E-01   -7.9375060591E+03    6.8524407569E-02
    6.7339990005E-02    8.5558247321E-01   -3.9412212414E-01   -7.9404382697E+03    4.7284868179E-02
    6.7359990005E-02    1.2312854087E+00   -4.1401529269E-02   -7.9425097664E+03    2.4776286540E-02
    6.7379990005E-02    8.7985130985E-01    6.5674049813E-02   -7.9448676284E+03    1.1187245257E-02
    6.7399990005E-02    1.2023050338E+00   -3.0140726496E-02   -7.9473331561E+03    2.3473662516E-02
    6.7419990005E-02    9.9446323545E-01    3.8368195445E-01   -7.9493210598E+03    4.2361619706E-02
    6.7439990005E-02    6.7086133749E-01   -3.0879192181E-01   -7.9521388163E+03    6.9144765977E-02
    6.7459990005E-02    1.2723885560E+00   -7.7799262220E-02   -7.9544527359E+03    7.3616558034E-02
    6.7479990005E-02    7.7151540785E-01    3.6418313662E-01   -7.9566569576E+03    6.4763261822E-02
    6.7499990005E-02    9.9862824858E-01   -2.6732502515E-01   -7.9594406530E+03    4.9873782067E-02
    6.7519990005E-02    1.1903462185E+00   -1.3102979225E-02   -7.9614299066E+03    3.4529104206E-02
    6.7539990005E-02    8.1066217130E-01   -2.7959354402E-02   -7.9637633870E+03    3.2454226192E-02
    6.7559990005E-02    1.2062036835E+00   -2.1083392391E-01   -7.9663373880E+03    3.7560753476E-02
    6.7579990005E-02    9.3868093951E-01    4.8790870350E-01   -7.9683254148E+03    4.8160868918E-02
    6.7599990005E-02    6.6876102793E-01   -3.4595858536E-01   -7.9712645177E+03    5.8428331863E-02
    6.7619990005E-02    1.2588507777E+00   -9.1826015450E-02   -7.9734994110E+03    4.3591238791E-02
    6.7639990005E-02    8.2381353321E-01    2.6061713667E-01   -7.9757485079E+03    3.2955296728E-02
    6.7659990005E-02    1.1237110132E+00   -9.9958192191E-02   -7.9783658772E+03    3.5580445559E-02
    6.7679990005E-02    1.1318512599E+00    2.1910955956E-01   -7.9803038794E+03    4.3403082598E-02
    6.7699990005E-02    6.7898987957E-01   -9.2007046326E-02   -7.9828157610E+03    6.2613317634E-02
    6.7719990005E-02    1.2301221708E+00   -2.6644704598E-01   -7.9853947247E+03    6.8796674909E-02
    6.7739990005E-02    9.1660822955E-01    4.8637206906E-01   -7.9874071606E+03    6.7582404519E-02
    6.7759990005E-02    7.7165505179E-01   -3.0261136758E-01   -7.9903220295E+03    5.3581256523E-02
    6.7779990005E-02    1.2256022552E+00   -1.6618703728E-01   -7.9924970368E+03    2.6913640454E-02
    6.7799990005E-02    9.2791948945E-01    1.2471820844E-01   -7.9946890418E+03    1.2425060442E-02
    6.7819990005E-02    1.1519836870E+00   -1.6525200040E-01   -7.9972887637E+03    1.9171213644E-02
    6.7839990005E-02    1.0748709009E+00    4.0062440039E-01   -7.9992529730E+03    3.5863516613E-02
    6.7859990005E-02    5.9733857644E-01   -1.7092963267E-01   -8.0019763839E+03    6.8679485605E-02
    6.7879990005E-02    1.2491793986E+00   -2.4548595537E-01   -8.0044704002E+03    6.8683748778E-02
    6.7899990005E-02    8.8473617672E-01    4.2605645713E-01   -8.0065402611E+03    6.1355214626E-02
    6.7919990005E-02    9.4629085323E-01   -2.2044640503E-01   -8.0093501518E+03    5.2685316577E-02
    6.7939990005E-02    1.1925008359E+00   -1.8533565789E-02   -8.0113901597E+03    3.8003484985E-02
    6.7959990005E-02    8.3524359197E-01    6.6878786684E-02   -8.0136072642E+03    4.3338411192E-02
    6.7979990005E-02    1.1322309882E+00   -3.4920867675E-01   -8.0163133745E+03    4.5645753835E-02
    6.7999990005E-02    1.0711305038E+00    4.7580589244E-01   -8.0182649729E+03    5.2701273959E-02
    6.8019990005E-02    5.9001446344E-01   -1.8950283406E-01   -8.0211081877E+03    6.0889417255E-02
    6.8039990005E-02    1.2316896168E+00   -2.5632083949E-01   -8.0235124114E+03    3.4232049020E-02
    6.8059990005E-02    9.2674662790E-01    3.0417796223E-01   -8.0256081660E+03    2.2655301237E-02
    6.8079990005E-02    1.0843818452E+00   -1.2091087625E-01   -8.0282836826E+03    2.8218557424E-02
    6.8099990005E-02    1.1619145275E+00    2.3890947871E-01   -8.0302587834E+03    3.8455467487E-02
    6.8119990005E-02    6.8286322324E-01    3.9653014217E-02   -8.0326635404E+03    6.1603387966E-02
    6.8139990005E-02    1.1630816378E+00   -3.8882863202E-01   -8.0353874266E+03    6.6834061998E-02
    6.8159990005E-02    1.0447556834E+00    4.7268593691E-01   -8.0373451364E+03    6.6333187448E-02
    6.8179990005E-02    7.1697293715E-01   -1.8708888583E-01   -8.0401941117E+03    5.8317121661E-02
    6.8199990005E-02    1.1984771216E+00   -2.2904250804E-01   -8.0424754764E+03    3.1975834084E-02
    6.8219990005E-02    1.0042466457E+00    1.4397863403E-01   -8.0445398104E+03    1.8613870605E-02
    6.8239990005E-02    1.0590425945E+00   -2.7040080261E-01   -8.0472134673E+03    1.7281306652E-02
    6.8259990005E-02    1.1578195545E+00    3.7273121853E-01   -8.0492029191E+03    3.1451497432E-02
    6.8279990005E-02    5.6755971007E-01   -8.8818691779E-03   -8.0517940819E+03    6.5452410865E-02
    6.8299990005E-02    1.1900058372E+00   -3.8080223791E-01   -8.0544655843E+03    6.1178719672E-02
    6.8319990005E-02    1.0070938497E+00    4.2987165113E-01   -8.0564489345E+03    5.4997112198E-02
    6.8339990005E-02    8.9226504517E-01   -1.5881836211E-01   -8.0592398519E+03    5.1198800275E-02
    6.8359990005E-02    1.1942345384E+00   -1.8302738903E-03   -8.0613503487E+03    3.9496301482E-02
    6.8379990005E-02    8.8399593917E-01    1.4782664088E-01   -8.0634734152E+03    5.0514196328E-02
    6.8399990005E-02    1.0255050502E+00   -4.2447273289E-01   -8.0662570766E+03    5.3819512144E-02
    6.8419990005E-02    1.1771871940E+00    3.9776873223E-01   -8.0682318451E+03    5.9961735546E-02
    6.8439990005E-02    5.6688570371E-01   -1.7407333058E-02   -8.0709291366E+03    6.4815561015E-02
    6.8459990005E-02    1.1698920195E+00   -3.6253715031E-01   -8.0734970599E+03    3.1223597805E-02
    6.8479990005E-02    1.0419363785E+00    2.8074194615E-01   -8.0754959035E+03    1.7462604188E-02
    6.8499990005E-02    1.0166447364E+00   -1.4299303457E-01   -8.0781748789E+03    1.9885720203E-02
    6.8519990005E-02    1.1934238021E+00    2.3385573570E-01   -8.0802238164E+03    3.2906596093E-02
    6.8539990005E-02    7.1065977300E-01    1.6777636418E-01   -8.0825220775E+03    5.8899641140E-02
    6.8559990005E-02    1.0630764270E+00   -4.6543508280E-01   -8.0853571699E+03    6.6262366092E-02
    6.8579990005E-02    1.1494877428E+00    4.0404445975E-01   -8.0873110800E+03    6.6627905206E-02
    6.8599990005E-02    6.8605219029E-01   -6.0213195318E-02   -8.0900549368E+03    6.1278301096E-02
    6.8619990005E-02    1.1666832969E+00   -2.4030719904E-01   -8.0924429101E+03    3.7708471929E-02
    6.8639990005E-02    1.0755006786E+00    1.2514789320E-01   -8.0944270807E+03    2.7003821446E-02
    6.8659990005E-02    9.4478646175E-01   -3.0566837564E-01   -8.0971075027E+03    2.1509482314E-02
    6.8679990005E-02    1.2241711800E+00    2.7781746646E-01   -8.0991838979E+03    3.3333815428E-02
    6.8699990005E-02    5.8245026735E-01    1.6217100402E-01   -8.1016158456E+03    6.1556868060E-02
    6.8719990004E-02    1.0906580769E+00   -4.6749133720E-01   -8.1044387401E+03    5.3795399529E-02
    6.8739990004E-02    1.1168759106E+00    3.6589011915E-01   -8.1063904315E+03    4.7024013722E-02
    6.8759990004E-02    8.4264310547E-01   -8.1044577458E-02   -8.1091129296E+03    4.4827442949E-02
    6.8779990004E-02    1.1929179138E+00    1.8082299452E-02   -8.1113129798E+03    3.8404025400E-02
    6.8799990004E-02    9.3685226249E-01    2.1173721464E-01   -8.1133641202E+03    5.2945832207E-02
    6.8819990004E-02    9.0477202889E-01   -4.3156199375E-01   -8.1161749317E+03    6.0732799461E-02
    6.8839990004E-02    1.2421611531E+00    2.7077170076E-01   -8.1182271349E+03    6.7773240190E-02
    6.8859990004E-02    5.8951409518E-01    1.4501959579E-01   -8.1207523320E+03    6.8441261231E-02
    6.8879990004E-02    1.0888528074E+00   -3.9929845093E-01   -8.1234555829E+03    3.4952170419E-02
    6.8899990004E-02    1.1392880603E+00    1.8540224609E-01   -8.1254206703E+03    1.8623761581E-02
    6.8919990004E-02    9.3935283115E-01   -1.3204952375E-01   -8.1280377135E+03    1.3054958038E-02
    6.8939990004E-02    1.2222896459E+00    1.8155222446E-01   -8.1302055603E+03    2.7542139062E-02
    6.8959990004E-02    7.5899821719E-01    2.8417717211E-01   -8.1324002409E+03    5.4544624113E-02
    6.8979990004E-02    9.4025130677E-01   -4.8846566775E-01   -8.1353078009E+03    6.7300883559E-02
    6.8999990004E-02    1.2205285175E+00    2.9110659515E-01   -8.1373071399E+03    6.8333164255E-02
    6.9019990004E-02    6.7825838258E-01    6.8080385980E-02   -8.1399149218E+03    6.2501641259E-02
    6.9039990004E-02    1.1377844263E+00   -2.2135981132E-01   -8.1424065784E+03    4.2535501202E-02
    6.9059990004E-02    1.1174503993E+00    1.0364868213E-01   -8.1443497431E+03    3.4502212624E-02
    6.9079990004E-02    8.3967148381E-01   -2.7387486568E-01   -8.1469830939E+03    3.1145078214E-02
    6.9099990004E-02    1.2565909487E+00    1.2462517462E-01   -8.1492014604E+03    4.1875984233E-02
    6.9119990004E-02    6.4959062138E-01    3.1953575276E-01   -8.1514682274E+03    5.8675726151E-02
    6.9139990004E-02    9.6459545851E-01   -4.9025842132E-01   -8.1543939404E+03    4.8244025503E-02
    6.9159990004E-02    1.1947941701E+00    2.3987845881E-01   -8.1563711426E+03    3.8383543076E-02
    6.9179990004E-02    8.1405711733E-01    8.3766590981E-03   -8.1589743071E+03    3.4092313294E-02
    6.9199990004E-02    1.1914266209E+00    1.8019745134E-02   -8.1612836541E+03    3.5068810909E-02
    6.9219990004E-02    9.8676145985E-01    2.6084693915E-01   -8.1632833603E+03    5.0497342850E-02
    6.9239990004E-02    7.9274554364E-01   -3.8127615042E-01   -8.1660782848E+03    6.4249812855E-02
    6.9259990004E-02    1.2699547419E+00    1.1371633628E-01   -8.1682519969E+03    7.2849156069E-02
    6.9279990004E-02    6.5290822273E-01    2.8216630735E-01   -8.1706036277E+03    6.9081427759E-02
    6.9299990004E-02    1.0117649555E+00   -3.8797214286E-01   -8.1734042030E+03    4.0999850708E-02
    6.9319990004E-02    1.1952382489E+00    5.5983480891E-02   -8.1753845998E+03    2.2574246222E-02
    6.9339990004E-02    8.8569363054E-01   -8.2226466964E-02   -8.1778817238E+03    1.1000813502E-02
    6.9359990004E-02    1.2328773703E+00    7.1342872839E-02   -8.1802049436E+03    2.4969924345E-02
    6.9379990004E-02    8.3356458811E-01    3.7815466380E-01   -8.1822994124E+03    4.8554299743E-02
    6.9399990004E-02    8.1112916139E-01   -4.5618341448E-01   -8.1852347507E+03    6.8167188773E-02
    6.9419990004E-02    1.2592840530E+00    1.4335385969E-01   -8.1873264428E+03    6.9599494763E-02
    6.9439990004E-02    7.0188718200E-01    1.9037347275E-01   -8.1897753472E+03    6.1175509714E-02
    6.9459990004E-02    1.1095439248E+00   -1.9806625219E-01   -8.1923670542E+03    4.6703284995E-02
    6.9479990004E-02    1.1403569880E+00    9.6640428025E-02   -8.1942959366E+03    4.0807629186E-02
    6.9499990004E-02    7.6545735128E-01   -1.9546029044E-01   -8.1968444800E+03    4.3274301493E-02
    6.9519990004E-02    1.2583043067E+00   -5.4549559715E-02   -8.1992338880E+03    5.2696926135E-02
    6.9539990004E-02    7.6106481547E-01    4.3555828445E-01   -8.2013549078E+03    5.9795460548E-02
    6.9559990004E-02    8.3719177418E-01   -4.5054025791E-01   -8.2043255701E+03    4.8588205218E-02
    6.9579990004E-02    1.2368366952E+00    7.1412248916E-02   -8.2063821941E+03    3.2721396786E-02
    6.9599990004E-02    8.2362362734E-01    9.9966675656E-02   -8.2088247971E+03    2.3457026207E-02
    6.9619990004E-02    1.1868704831E+00   -6.0905712400E-03   -8.2112543929E+03    3.0784023349E-02
    6.9639990004E-02    1.0340956880E+00    2.9941720499E-01   -8.2132223559E+03    4.6253295024E-02
    6.9659990004E-02    7.0054661466E-01   -2.9021565380E-01   -8.2159650345E+03    6.5996588457E-02
    6.9679990004E-02    1.2723295175E+00   -5.6050659262E-02   -8.2182924184E+03    7.4005559403E-02
    6.9699990004E-02    7.4925925640E-01    3.8556309266E-01   -8.2204869294E+03    6.7929191740E-02
    6.9719990004E-02    9.4180905442E-01   -3.4835189983E-01   -8.2233424743E+03    4.7142067507E-02
    6.9739990004E-02    1.2131105434E+00   -5.2596238021E-02   -8.2253688691E+03    2.7129098304E-02
    6.9759990004E-02    8.7109180109E-01   -1.2081889959E-02   -8.2277168086E+03    1.4636692957E-02
    6.9779990004E-02    1.2140069590E+00   -8.7777041303E-02   -8.2302058414E+03    2.4174176755E-02
    6.9799990004E-02    9.2984065754E-01    4.4129878033E-01   -8.2322147647E+03    4.2430731948E-02
    6.9819990004E-02    6.8914292173E-01   -3.6960049622E-01   -8.2351286528E+03    6.7055193338E-02
    6.9839990004E-02    1.2704332518E+00   -3.0101022123E-02   -8.2373578254E+03    6.5913585767E-02
    6.9859990004E-02    7.6503250646E-01    2.9457578844E-01   -8.2396380866E+03    5.5644716609E-02
    6.9879990004E-02    1.0801251736E+00   -1.7718405678E-01   -8.2423147005E+03    4.7837906243E-02
    6.9899990004E-02    1.1566421084E+00    1.0366081236E-01   -8.2442533528E+03    4.3152805257E-02
    6.9919990004E-02    7.3272469157E-01   -8.9237286023E-02   -8.2466988417E+03    5.2593860573E-02
    6.9939990004E-02    1.2304279556E+00   -2.2371866834E-01   -8.2492559186E+03    5.9241177260E-02
    6.9959990004E-02    8.9527189511E-01    4.9403923968E-01   -8.2512713934E+03    6.2591469601E-02
    6.9979990004E-02    7.3197996976E-01   -3.5525651265E-01   -8.2542256352E+03    5.2677605116E-02
    6.9999990004E-02    1.2447283604E+00   -1.0486009303E-01   -8.2564029257E+03    2.8437544415E-02
    7.0019990004E-02    8.7354056527E-01    1.7436724687E-01   -8.2586712958E+03    1.5503590995E-02
    7.0039990004E-02    1.1665972352E+00   -6.6749881890E-02   -8.2612189935E+03    2.5532459764E-02
    7.0059990004E-02    1.0826103226E+00    3.2722079897E-01   -8.2631752552E+03    4.1147648759E-02
    7.0079990004E-02    6.3891568067E-01   -1.7055565125E-01   -8.2658341244E+03    6.6537471769E-02
    7.0099990004E-02    1.2522643292E+00   -2.1653608267E-01   -8.2683284306E+03    7.1364569939E-02
    7.0119990004E-02    8.6372654398E-01    4.4762622667E-01   -8.2703987588E+03    6.6100722147E-02
    7.0139990004E-02    8.8057276563E-01   -2.8690224032E-01   -8.2732671461E+03    5.1991904416E-02
    7.0159990004E-02    1.2087935720E+00   -1.0892905294E-01   -8.2753553534E+03    3.1331396475E-02
    7.0179990004E-02    8.9352792062E-01    5.8665929134E-02   -8.2775661140E+03    2.2430721414E-02
    7.0199990004E-02    1.1568177371E+00   -2.4459711994E-01   -8.2801954545E+03    2.5690803818E-02
    7.0219990004E-02    1.0379647742E+00    4.6083694937E-01   -8.2821567329E+03    3.9184146131E-02
    7.0239990004E-02    5.9489023484E-01   -2.3621985244E-01   -8.2849958138E+03    6.5011498321E-02
    7.0259990004E-02    1.2552377910E+00   -2.0022183292E-01   -8.2873906369E+03    5.5541622533E-02
    7.0279990004E-02    8.6073607522E-01    3.6061275475E-01   -8.2895211610E+03    4.6112074519E-02
    7.0299990004E-02    1.0469501522E+00   -1.5666902071E-01   -8.2922499371E+03    4.4287684416E-02
    7.0319990004E-02    1.1719956252E+00    1.2335012282E-01   -8.2942214858E+03    4.2035349067E-02
    7.0339990004E-02    7.3940310338E-01    2.3269682810E-02   -8.2965647601E+03    5.7709623468E-02
    7.0359990004E-02    1.1711710163E+00   -3.5489609381E-01   -8.2992596515E+03    6.2941199645E-02
    7.0379990004E-02    1.0265586114E+00    4.9225052890E-01   -8.3012197193E+03    6.5293376576E-02
    7.0399990004E-02    6.6395785326E-01   -2.2738215139E-01   -8.3041051677E+03    5.8539445364E-02
    7.0419990004E-02    1.2226919151E+00   -2.3620076564E-01   -8.3064140696E+03    2.7313574417E-02
    7.0439990004E-02    9.5393374662E-01    2.0919259688E-01   -8.3085338526E+03    1.2722243119E-02
    7.0459990004E-02    1.1126160682E+00   -1.5672794827E-01   -8.3111713365E+03    1.9047103846E-02
    7.0479990004E-02    1.1340176126E+00    3.3743382739E-01   -8.3131452929E+03    3.4969343174E-02
    7.0499990004E-02    6.1204132068E-01   -3.7482041204E-02   -8.3157018394E+03    6.5785876901E-02
    7.0519990004E-02    1.2055000624E+00   -3.4831752439E-01   -8.3183533511E+03    6.8314595576E-02
    7.0539990004E-02    9.8091581900E-01    4.6195014781E-01   -8.3203432879E+03    6.4155769000E-02
    7.0559990004E-02    8.3092166058E-01   -2.0853361417E-01   -8.3231848233E+03    5.5414279987E-02
    7.0579990004E-02    1.1976110596E+00   -1.2207203833E-01   -8.3253424552E+03    3.5461486165E-02
    7.0599990004E-02    9.3835857530E-01    1.1347014588E-01   -8.3274481300E+03    3.2114281248E-02
    7.0619990003E-02    1.0654531065E+00   -3.5049794817E-01   -8.3301689523E+03    3.1387274617E-02
    7.0639990003E-02    1.1411277675E+00    4.1959746203E-01   -8.3321370856E+03    4.1245788956E-02
    7.0659990003E-02    5.4934702650E-01   -7.5625849484E-02   -8.3348529920E+03    6.2992277060E-02
    7.0679990003E-02    1.2084883670E+00   -3.3420983288E-01   -8.3374150827E+03    4.3327537115E-02
    7.0699990003E-02    9.7140008372E-01    3.7087359549E-01   -8.3394387425E+03    3.4012441759E-02
    7.0719990003E-02    1.0040457431E+00   -1.3826124366E-01   -8.3421772141E+03    3.5705031165E-02
    7.0739990003E-02    1.1865414419E+00    1.4589034551E-01   -8.3442036691E+03    3.7905383673E-02
    7.0759990003E-02    7.6923939792E-01    1.2800027740E-01   -8.3464580409E+03    5.7785361564E-02
    7.0779990003E-02    1.0843209127E+00   -4.3583206555E-01   -8.3492505974E+03    6.3850605947E-02
    7.0799990003E-02    1.1320447836E+00    4.3686299022E-01   -8.3512038191E+03    6.6536382410E-02
    7.0819990003E-02    6.3246147455E-01   -9.3326579050E-02   -8.3539844646E+03    6.2639502750E-02
    7.0839990003E-02    1.1805123711E+00   -3.0120766361E-01   -8.3564131796E+03    3.0824588897E-02
    7.0859990003E-02    1.0439301986E+00    1.9246113770E-01   -8.3584348211E+03    1.5528331172E-02
    7.0879990003E-02    1.0269342146E+00   -2.2095051272E-01   -8.3611021523E+03    1.4258141733E-02
    7.0899990003E-02    1.1875962065E+00    3.0878771220E-01   -8.3631336569E+03    2.9426584212E-02
    7.0919990003E-02    6.1649158827E-01    1.0048305717E-01   -8.3655748513E+03    6.2855093600E-02
    7.0939990003E-02    1.1287591484E+00   -4.4306012393E-01   -8.3683614928E+03    6.5501419350E-02
    7.0959990003E-02    1.0872308116E+00    4.2670595419E-01   -8.3703149278E+03    6.2040867375E-02
    7.0979990003E-02    7.8892563144E-01   -1.1987754567E-01   -8.3730963351E+03    5.6646015508E-02
    7.0999990003E-02    1.1877756897E+00   -1.0819599892E-01   -8.3753314552E+03    3.9126664796E-02
    7.1019990003E-02    9.8795168062E-01    1.4976266139E-01   -8.3773618775E+03    4.1585581103E-02
    7.1039990003E-02    9.5706416302E-01   -3.9182337697E-01   -8.3801192623E+03    4.1697479385E-02
    7.1059990003E-02    1.2167605701E+00    3.2550617129E-01   -8.3821474175E+03    5.0134245505E-02
    7.1079990003E-02    5.5240239820E-01    8.8691966772E-02   -8.3847100209E+03    6.4118218029E-02
    7.1099990003E-02    1.1307824669E+00   -4.2013458225E-01   -8.3874223271E+03    3.7174262210E-02
    7.1119990003E-02    1.0786304597E+00    3.2007978601E-01   -8.3893899996E+03    2.5626794372E-02
    7.1139990003E-02    9.5207555432E-01   -1.1074086425E-01   -8.3920883434E+03    2.6422714803E-02
    7.1159990003E-02    1.2006656479E+00    1.5118900167E-01   -8.3941952650E+03    3.3786072062E-02
    7.1179990003E-02    8.0903789573E-01    2.2217889578E-01   -8.3963706278E+03    5.5340631765E-02
    7.1199990003E-02    9.7748605591E-01   -4.6881880153E-01   -8.3992267738E+03    6.4983936003E-02
    7.1219990003E-02    1.2062583468E+00    3.4114313004E-01   -8.4012162100E+03    6.8381899055E-02
    7.1239990003E-02    6.2809808749E-01    3.8316521404E-02   -8.4038662395E+03    6.4835997463E-02
    7.1259990003E-02    1.1336824170E+00   -3.1543707810E-01   -8.4064026019E+03    3.6997942963E-02
    7.1279990003E-02    1.1197612567E+00    1.2876574460E-01   -8.4083709406E+03    2.1787834547E-02
    7.1299990003E-02    9.3271169047E-01   -2.3071547536E-01   -8.4110025267E+03    1.4107005931E-02
    7.1319990003E-02    1.2306106523E+00    2.2425265411E-01   -8.4131388695E+03    2.7848916066E-02
    7.1339990003E-02    6.5073917824E-01    2.4034505153E-01   -8.4154516366E+03    5.7983358619E-02
    7.1359990003E-02    1.0206530926E+00   -4.9473071015E-01   -8.4183453961E+03    6.2389910816E-02
    7.1379990003E-02    1.1722145513E+00    3.4110992405E-01   -8.4203065896E+03    5.8810932150E-02
    7.1399990003E-02    7.5806298376E-01   -2.1129254437E-02   -8.4229919817E+03    5.4045185874E-02
    7.1419990003E-02    1.1766314554E+00   -8.4657637084E-02   -8.4253161494E+03    4.1379115637E-02
    7.1439990003E-02    1.0289477698E+00    1.7898955095E-01   -8.4272947815E+03    4.7764399268E-02
    7.1459990003E-02    8.4845184125E-01   -3.7337936730E-01   -8.4300433454E+03    5.2252251053E-02
    7.1479990003E-02    1.2590909684E+00    1.8854668223E-01   -8.4321776111E+03    6.1413184666E-02
    7.1499990003E-02    6.0246767946E-01    2.4144116190E-01   -8.4345746418E+03    6.6653950789E-02
    7.1519990003E-02    1.0336380859E+00   -4.4761492971E-01   -8.4374020873E+03    3.7609964287E-02
    7.1539990003E-02    1.1641505545E+00    2.0737442379E-01   -8.4393681658E+03    2.2403158331E-02
    7.1559990003E-02    9.0452971162E-01   -6.4397720717E-02   -8.4419738845E+03    1.7892430690E-02
    7.1579990003E-02    1.2149856954E+00    1.2333820618E-01   -8.4441928337E+03    2.9556634584E-02
    7.1599990003E-02    8.5904628919E-01    3.0403752439E-01   -8.4462958165E+03    5.1590116074E-02
    7.1619990003E-02    8.6192815094E-01   -4.5492963026E-01   -8.4491824029E+03    6.6764242702E-02
    7.1639990003E-02    1.2513926806E+00    2.1293283428E-01   -8.4512488634E+03    7.1134198800E-02
    7.1659990003E-02    6.5124036797E-01    1.6400267540E-01   -8.4537491671E+03    6.5451132186E-02
    7.1679990003E-02    1.0915691032E+00   -2.9886884393E-01   -8.4563822475E+03    4.2317206755E-02
    7.1699990003E-02    1.1615497058E+00    6.0820792792E-02   -8.4583331614E+03    2.8318704171E-02
    7.1719990003E-02    8.5212713819E-01   -1.9039125472E-01   -8.4608823273E+03    1.9862592067E-02
    7.1739990003E-02    1.2494208620E+00    8.0921858926E-02   -8.4631680572E+03    3.1889186705E-02
    7.1759990003E-02    7.2090424899E-01    3.6796824291E-01   -8.4653460714E+03    5.3568368032E-02
    7.1779990003E-02    8.9309852399E-01   -4.9330011933E-01   -8.4683074878E+03    5.8985952449E-02
    7.1799990003E-02    1.2281140134E+00    2.0997817029E-01   -8.4703224417E+03    5.3485481421E-02
    7.1819990003E-02    7.5251729866E-01    8.1923966169E-02   -8.4728750047E+03    4.7039291150E-02
    7.1839990003E-02    1.1657427383E+00   -6.8969930319E-02   -8.4752975937E+03    4.1068145613E-02
    7.1859990003E-02    1.0627438473E+00    2.0599831532E-01   -8.4772454047E+03    4.9193938157E-02
    7.1879990003E-02    7.5624312120E-01   -3.0730829202E-01   -8.4799481292E+03    5.9935937232E-02
    7.1899990003E-02    1.2722375622E+00    2.6759069116E-02   -8.4822235609E+03    7.0049015573E-02
    7.1919990003E-02    6.9124595604E-01    3.6398963868E-01   -8.4844631517E+03    6.8747673508E-02
    7.1939990003E-02    9.3997557307E-01   -4.2371514033E-01   -8.4873589382E+03    4.2429199846E-02
    7.1959990003E-02    1.2135696718E+00    5.6932565389E-02   -8.4893696276E+03    2.3063685248E-02
    7.1979990003E-02    8.7918728810E-01   -4.4322068512E-03   -8.4918415433E+03    1.1779814815E-02
    7.1999990003E-02    1.2187636056E+00    4.7862505182E-02   -8.4942015054E+03    2.5300146963E-02
    7.2019990003E-02    9.2041001428E-01    3.6764149239E-01   -8.4962400433E+03    4.6360439320E-02
    7.2039990003E-02    7.5162902843E-01   -3.9871732000E-01   -8.4991212075E+03    6.8358589384E-02
    7.2059990003E-02    1.2711760231E+00    6.3037478093E-02   -8.5013008758E+03    7.3226896887E-02
    7.2079990003E-02    7.0471580290E-01    2.7397674514E-01   -8.5036466512E+03    6.4615176176E-02
    7.2099990003E-02    1.0537697040E+00   -2.7018810623E-01   -8.5063577348E+03    4.6705734216E-02
    7.2119990003E-02    1.1765481189E+00    2.7090227845E-02   -8.5083140610E+03    3.3267183000E-02
    7.2139990003E-02    8.0064697251E-01   -1.1680779144E-01   -8.5107633932E+03    2.9331179027E-02
    7.2159990003E-02    1.2406495378E+00   -8.9040014902E-02   -8.5132137455E+03    3.7805297165E-02
    7.2179990003E-02    8.2576812885E-01    4.5664614951E-01   -8.5152765474E+03    5.0800584464E-02
    7.2199990003E-02    7.7056775135E-01   -4.3599590064E-01   -8.5182537767E+03    5.5630249827E-02
    7.2219990003E-02    1.2533926286E+00    4.9230839415E-02   -8.5203647911E+03    4.5078515818E-02
    7.2239990003E-02    7.8288821923E-01    1.7404460415E-01   -8.5227609627E+03    3.5801543472E-02
    7.2259990003E-02    1.1544715304E+00   -6.9704837888E-02   -8.5252816006E+03    3.6588296237E-02
    7.2279990003E-02    1.0928675162E+00    2.3189409513E-01   -8.5272189563E+03    4.6066922491E-02
    7.2299990003E-02    6.9394008050E-01   -2.1103656061E-01   -8.5298509280E+03    6.2746433666E-02
    7.2319990003E-02    1.2629569041E+00   -1.3020321522E-01   -8.5322787840E+03    7.1028434679E-02
    7.2339990003E-02    7.9900250725E-01    4.4218326519E-01   -8.5343909782E+03    6.8148432435E-02
    7.2359990003E-02    8.6071168154E-01   -3.6946600915E-01   -8.5373099647E+03    4.7895813244E-02
    7.2379990003E-02    1.2278471345E+00   -7.4267304783E-02   -8.5393904046E+03    2.4833411602E-02
    7.2399990003E-02    8.8875939069E-01    5.6675990029E-02   -8.5417132774E+03    1.0923636333E-02
    7.2419990003E-02    1.1993058994E+00   -7.0972822380E-02   -8.5442155681E+03    2.1777801336E-02
    7.2439990003E-02    9.9147647391E-01    4.0740084373E-01   -8.5462043144E+03    4.0410765064E-02
    7.2459990003E-02    6.5797569442E-01   -3.0650790525E-01   -8.5490424211E+03    6.8857901326E-02
    7.2479990003E-02    1.2711503346E+00   -9.2317556992E-02   -8.5513620230E+03    7.1352373955E-02
    7.2499990003E-02    7.8299580347E-01    3.5856163417E-01   -8.5535650963E+03    6.2056374192E-02
    7.2519990002E-02    1.0168564051E+00   -2.3839435110E-01   -8.5563299657E+03    4.9861620577E-02
    7.2539990002E-02    1.1825586253E+00    1.8023609480E-02   -8.5583088027E+03    3.7268731194E-02
    7.2559990002E-02    7.8654875749E-01   -2.9280955256E-02   -8.5606556484E+03    3.9940336075E-02
    7.2579990002E-02    1.2050000603E+00   -2.4162897189E-01   -8.5632534450E+03    4.4808558308E-02
    7.2599990002E-02    9.4471860232E-01    4.9534060584E-01   -8.5652403644E+03    5.2698923816E-02
    7.2619990002E-02    6.7111168118E-01   -3.3371198292E-01   -8.5681824273E+03    5.6407109305E-02
    7.2639990002E-02    1.2533894811E+00   -1.1434380382E-01   -8.5704204958E+03    3.6458996066E-02
    7.2659990002E-02    8.4719608050E-01    2.4249580431E-01   -8.5726598044E+03    2.5160199233E-02
    7.2679990002E-02    1.1362233253E+00   -8.6307617313E-02   -8.5752624977E+03    3.0929806547E-02
    7.2699990002E-02    1.1221023211E+00    2.5695014353E-01   -8.5772085125E+03    4.1922945645E-02
    7.2719990002E-02    6.6220447689E-01   -1.0094690363E-01   -8.5797563017E+03    6.3488498513E-02
    7.2739990002E-02    1.2329784788E+00   -2.6623009092E-01   -8.5823302077E+03    6.9133841187E-02
    7.2759990002E-02    9.1177261991E-01    4.7797464203E-01   -8.5843521776E+03    6.6791461368E-02
    7.2779990002E-02    7.9853221087E-01   -2.9304596620E-01   -8.5872555028E+03    5.3054467602E-02
    7.2799990002E-02    1.2193424078E+00   -1.6018245607E-01   -8.5894145174E+03    2.8301593782E-02
    7.2819990002E-02    9.2949626980E-01    1.0382195004E-01   -8.5915993246E+03    1.4618050246E-02
    7.2839990002E-02    1.1470874341E+00   -2.0022131819E-01   -8.5942159820E+03    1.9503320650E-02
    7.2859990002E-02    1.0692476889E+00    4.2101821421E-01   -8.5961816409E+03    3.5406284964E-02
    7.2879990002E-02    5.9002647945E-01   -1.8395872392E-01   -8.5989399053E+03    6.7857717772E-02
    7.2899990002E-02    1.2505533514E+00   -2.3852675029E-01   -8.6014150835E+03    6.5240361161E-02
    7.2919990002E-02    8.7964153902E-01    4.0977478664E-01   -8.6035000550E+03    5.7248748032E-02
    7.2939990002E-02    9.7816417090E-01   -2.0095158126E-01   -8.6062894601E+03    5.0804189804E-02
    7.2959990002E-02    1.1874976602E+00    2.7555701939E-02   -8.6083072080E+03    3.9521579988E-02
    7.2979990002E-02    8.0330754744E-01    5.9014741745E-02   -8.6105599639E+03    4.9100334608E-02
    7.2999990002E-02    1.1413391860E+00   -3.5952525269E-01   -8.6132729011E+03    5.2553002830E-02
    7.3019990002E-02    1.0617459099E+00    4.8231825365E-01   -8.6152270209E+03    5.7943713531E-02
    7.3039990002E-02    6.0993403185E-01   -1.9909556152E-01   -8.6180877726E+03    5.9914024290E-02
    7.3059990002E-02    1.2282916498E+00   -2.5238790354E-01   -8.6204661021E+03    3.0284710158E-02
    7.3079990002E-02    9.3696760670E-01    2.7277515011E-01   -8.6225717866E+03    1.7538549320E-02
    7.3099990002E-02    1.0985053266E+00   -1.2448830735E-01   -8.6252294306E+03    2.4315614704E-02
    7.3119990002E-02    1.1529272821E+00    2.7596188119E-01   -8.6272053060E+03    3.7459206781E-02
    7.3139990002E-02    6.5584726589E-01    1.5668041268E-02   -8.6296631926E+03    6.2713697674E-02
    7.3159990002E-02    1.1789080727E+00   -3.7604174044E-01   -8.6323680800E+03    6.7282105564E-02
    7.3179990002E-02    1.0216493177E+00    4.7152842191E-01   -8.6343365585E+03    6.5519535938E-02
    7.3199990002E-02    7.5527140125E-01   -2.0027350969E-01   -8.6371902223E+03    5.6870618889E-02
    7.3219990002E-02    1.1988312755E+00   -1.9642780585E-01   -8.6394291993E+03    3.3075198907E-02
    7.3239990002E-02    9.8858692531E-01    1.2643405753E-01   -8.6415064639E+03    2.2309249305E-02
    7.3259990002E-02    1.0611257084E+00   -2.9939791660E-01   -8.6441950564E+03    2.0594893455E-02
    7.3279990002E-02    1.1504295949E+00    3.9284474527E-01   -8.6461776220E+03    3.3528094543E-02
    7.3299990002E-02    5.5528255616E-01   -3.9767929356E-02   -8.6488225945E+03    6.5041379733E-02
    7.3319990002E-02    1.2018611464E+00   -3.5984020793E-01   -8.6514532138E+03    5.6209736317E-02
    7.3339990002E-02    9.8533306122E-01    4.1461907607E-01   -8.6534553520E+03    4.8918442356E-02
    7.3359990002E-02    9.3788170485E-01   -1.5590604353E-01   -8.6562344282E+03    4.6907879857E-02
    7.3379990002E-02    1.1926629555E+00    5.3140992134E-02   -8.6583064708E+03    3.9419357322E-02
    7.3399990002E-02    8.3756148899E-01    1.4055314546E-01   -8.6604811015E+03    5.4019372194E-02
    7.3419990002E-02    1.0527989656E+00   -4.3075536610E-01   -8.6632712266E+03    5.8696118787E-02
    7.3439990002E-02    1.1572757294E+00    4.2018220235E-01   -8.6652353976E+03    6.3570830291E-02
    7.3459990002E-02    5.8798311695E-01   -5.6559076890E-02   -8.6679796080E+03    6.4270892476E-02
    7.3479990002E-02    1.1788265383E+00   -3.3715783746E-01   -8.6704882990E+03    2.9878890528E-02
    7.3499990002E-02    1.0349321236E+00    2.5080261352E-01   -8.6725047443E+03    1.5161031976E-02
    7.3519990002E-02    1.0322143671E+00   -1.6639030993E-01   -8.6751777414E+03    1.6980855861E-02
    7.3539990002E-02    1.1878974372E+00    2.6889491844E-01   -8.6772143067E+03    3.1592135029E-02
    7.3559990002E-02    6.6842385203E-01    1.3215666672E-01   -8.6795798428E+03    6.0466109252E-02
    7.3579990002E-02    1.1006037467E+00   -4.5282885653E-01   -8.6823928404E+03    6.6198345488E-02
    7.3599990002E-02    1.1159006271E+00    4.2420289653E-01   -8.6843446973E+03    6.4982590687E-02
    7.3619990002E-02    7.2692754922E-01   -1.0072449586E-01   -8.6871216475E+03    5.9123430263E-02
    7.3639990002E-02    1.1789758627E+00   -1.9381260309E-01   -8.6894399825E+03    3.7385493075E-02
    7.3659990002E-02    1.0404802949E+00    1.3153236603E-01   -8.6914457237E+03    3.0466762865E-02
    7.3679990002E-02    9.5910765316E-01   -3.4095964445E-01   -8.6941595055E+03    2.6845671275E-02
    7.3699990002E-02    1.2153436693E+00    3.0996006469E-01   -8.6962063800E+03    3.7371730952E-02
    7.3719990002E-02    5.5956128590E-01    1.1067923969E-01   -8.6987137544E+03    6.2106469020E-02
    7.3739990002E-02    1.1240663843E+00   -4.4018200495E-01   -8.7014801659E+03    4.7022461941E-02
    7.3759990002E-02    1.0830718407E+00    3.6590451576E-01   -8.7034410500E+03    3.8697678350E-02
    7.3779990002E-02    8.9602800094E-01   -1.0538767040E-01   -8.7061730059E+03    3.8190650502E-02
    7.3799990002E-02    1.1967544169E+00    7.2923332273E-02   -8.7083159301E+03    3.6303836905E-02
    7.3819990002E-02    8.7761229548E-01    2.1069896925E-01   -8.7104274206E+03    5.3874909788E-02
    7.3839990002E-02    9.5252320816E-01   -4.5116719504E-01   -8.7132593717E+03    6.2057190825E-02
    7.3859990002E-02    1.2203748019E+00    3.2347319750E-01   -8.7152713247E+03    6.7468087960E-02
    7.3879990002E-02    5.9538046013E-01    7.4920179603E-02   -8.7178813451E+03    6.6657439958E-02
    7.3899990002E-02    1.1210216647E+00   -3.6589165342E-01   -8.7204994197E+03    3.3698258374E-02
    7.3919990002E-02    1.1172426206E+00    1.8101101937E-01   -8.7224730947E+03    1.7591933506E-02
    7.3939990002E-02    9.5634205577E-01   -1.7563554422E-01   -8.7251097589E+03    1.2364335133E-02
    7.3959990002E-02    1.2203068574E+00    2.1970353537E-01   -8.7272411042E+03    2.7069214454E-02
    7.3979990002E-02    6.9952819549E-01    2.4320474230E-01   -8.7295110237E+03    5.6792543896E-02
    7.3999990002E-02    1.0026297279E+00   -4.9172717753E-01   -8.7324053413E+03    6.5961344171E-02
    7.4019990002E-02    1.1868051885E+00    3.4289043052E-01   -8.7343758610E+03    6.5042357949E-02
    7.4039990002E-02    7.0981015533E-01   -1.7566772370E-04   -8.7370542304E+03    5.9576319694E-02
    7.4059990002E-02    1.1615848587E+00   -1.7273718902E-01   -8.7394529606E+03    4.1276897698E-02
    7.4079990002E-02    1.0765232628E+00    1.3386179024E-01   -8.7414142698E+03    3.8105206047E-02
    7.4099990002E-02    8.6197119206E-01   -3.2952825577E-01   -8.7441113387E+03    3.7068065957E-02
    7.4119990002E-02    1.2531242446E+00    1.8856796438E-01   -8.7462620518E+03    4.7011697385E-02
    7.4139990002E-02    6.0352734121E-01    2.5191774031E-01   -8.7486251359E+03    6.1658594909E-02
    7.4159990002E-02    1.0268028662E+00   -4.7479956396E-01   -8.7514949745E+03    4.2490044074E-02
    7.4179990002E-02    1.1605281103E+00    2.6963911144E-01   -8.7534572936E+03    3.1187100346E-02
    7.4199990002E-02    8.6364655934E-01   -4.4904328940E-02   -8.7561025769E+03    2.8466731081E-02
    7.4219990002E-02    1.2017056244E+00    7.3476781807E-02   -8.7583342617E+03    3.3001005305E-02
    7.4239990002E-02    9.1864391844E-01    2.7004012528E-01   -8.7603939489E+03    5.1605262421E-02
    7.4259990002E-02    8.5204305759E-01   -4.3122732265E-01   -8.7632391855E+03    6.4693173200E-02
    7.4279990002E-02    1.2565980754E+00    2.0338042467E-01   -8.7653308520E+03    7.1160571939E-02
    7.4299990002E-02    6.2887319221E-01    1.9311811291E-01   -8.7677996618E+03    6.7463118297E-02
    7.4319990002E-02    1.0670811789E+00   -3.5947937161E-01   -8.7705058238E+03    3.9447972475E-02
    7.4339990002E-02    1.1714433206E+00    8.3574787813E-02   -8.7724711083E+03    2.2518687847E-02
    7.4359990002E-02    8.9230706005E-01   -1.4785826551E-01   -8.7750230300E+03    1.2192551358E-02
    7.4379990002E-02    1.2388532834E+00    1.2269171758E-01   -8.7772819589E+03    2.6217813638E-02
    7.4399990002E-02    7.5411755634E-01    3.4493781129E-01   -8.7794516333E+03    5.2133869723E-02
    7.4419990001E-02    8.9099172194E-01   -4.9071768119E-01   -8.7823983912E+03    6.5916884184E-02
    7.4439990001E-02    1.2348966109E+00    2.3027455301E-01   -8.7844224433E+03    6.4733084691E-02
    7.4459990001E-02    7.1101207097E-01    1.0155148603E-01   -8.7869787936E+03    5.7831602284E-02
    7.4479990001E-02    1.1448397418E+00   -1.4748289328E-01   -8.7894609769E+03    4.4625688832E-02
    7.4499990001E-02    1.1003174038E+00    1.4313303335E-01   -8.7913967994E+03    4.4692635434E-02
    7.4519990001E-02    7.7904725573E-01   -2.7836442486E-01   -8.7940458551E+03    4.8917307611E-02
    7.4539990001E-02    1.2674051491E+00    3.9798817618E-02   -8.7963306378E+03    5.9252318608E-02
    7.4559990001E-02    6.8470650248E-01    3.7069574921E-01   -8.7985548667E+03    6.4222614348E-02
    7.4579990001E-02    9.2425683780E-01   -4.6112861887E-01   -8.8014881498E+03    4.3397528658E-02
    7.4599990001E-02    1.2126421431E+00    1.3050784237E-01   -8.8034944508E+03    2.7248887226E-02
    7.4619990001E-02    8.5352164048E-01    2.2918989521E-02   -8.8060138565E+03    1.9389529439E-02
    7.4639990001E-02    1.2056141882E+00    4.9103772351E-02   -8.8083529469E+03    2.9395941465E-02
    7.4659990001E-02    9.6176474920E-01    3.2147577311E-01   -8.8103707501E+03    4.8006572500E-02
    7.4679990001E-02    7.5653736761E-01   -3.7757012315E-01   -8.8132035702E+03    6.6705974473E-02
    7.4699990001E-02    1.2723347821E+00    6.4270623958E-02   -8.8154045443E+03    7.3855560441E-02
    7.4719990001E-02    6.8900020358E-01    2.9555812735E-01   -8.8177314121E+03    6.6957680599E-02
    7.4739990001E-02    1.0196970189E+00   -3.3149468702E-01   -8.8205028796E+03    4.4797779069E-02
    7.4759990001E-02    1.1943345904E+00    2.0111608569E-03   -8.8224828728E+03    2.7803375571E-02
    7.4779990001E-02    8.4885173400E-01   -9.3381878762E-02   -8.8249222997E+03    1.7230375175E-02
    7.4799990001E-02    1.2363091718E+00   -2.4317812903E-02   -8.8273328083E+03    2.8123004440E-02
    7.4819990001E-02    8.3393180753E-01    4.2913399865E-01   -8.8294039152E+03    4.7361501195E-02
    7.4839990001E-02    7.7533505755E-01   -4.4500565120E-01   -8.8323683566E+03    6.3515557706E-02
    7.4859990001E-02    1.2598324723E+00    8.6891687280E-02   -8.8344824713E+03    6.0199780427E-02
    7.4879990001E-02    7.4173980804E-01    1.9628597505E-01   -8.8368962130E+03    5.1011395853E-02
    7.4899990001E-02    1.1298523344E+00   -1.2722665742E-01   -8.8394602494E+03    4.4418293277E-02
    7.4919990001E-02    1.1188257209E+00    1.6240451424E-01   -8.8413884345E+03    4.6402529080E-02
    7.4939990001E-02    7.2095914849E-01   -1.9614898729E-01   -8.8439691200E+03    5.7040317597E-02
    7.4959990001E-02    1.2604610933E+00   -1.1431120864E-01   -8.8464002134E+03    6.5966194898E-02
    7.4979990001E-02    7.9075053078E-01    4.5066880354E-01   -8.8485063651E+03    6.6458839245E-02
    7.4999990001E-02    8.3461177005E-01   -4.0496658258E-01   -8.8514582368E+03    4.7368708744E-02
    7.5019990001E-02    1.2350886347E+00   -2.3995452742E-02   -8.8535414643E+03    2.5577358893E-02
    7.5039990001E-02    8.6944567017E-01    8.5971549557E-02   -8.8559139574E+03    1.2957814713E-02
    7.5059990001E-02    1.1980291823E+00   -1.7650663933E-02   -8.8583755467E+03    2.4907586038E-02
    7.5079990001E-02    1.0102266506E+00    3.6107317099E-01   -8.8603606573E+03    4.3017802209E-02
    7.5099990001E-02    6.7467866960E-01   -2.9564723201E-01   -8.8631539478E+03    6.7932869899E-02
    7.5119990001E-02    1.2718366038E+00   -8.0133077237E-02   -8.8654853676E+03    7.3466745304E-02
    7.5139990001E-02    7.6907234953E-01    3.7432145187E-01   -8.8676828073E+03    6.5440704456E-02
    7.5159990001E-02    9.7850307215E-01   -2.9214671353E-01   -8.8704940716E+03    4.8953438006E-02
    7.5179990001E-02    1.1977842636E+00   -3.5228407726E-02   -8.8725016183E+03    3.1803248870E-02
    7.5199990001E-02    8.3197618552E-01   -2.4002527978E-02   -8.8748326377E+03    2.5834267335E-02
    7.5219990001E-02    1.2078983354E+00   -1.7885294710E-01   -8.8773880084E+03    3.1834828379E-02
    7.5239990001E-02    9.3253066315E-01    4.7748612040E-01   -8.8793848198E+03    4.5011710497E-02
    7.5259990001E-02    6.7409157639E-01   -3.5768953353E-01   -8.8823244957E+03    6.0596988038E-02
    7.5279990001E-02    1.2631071662E+00   -6.6966433052E-02   -8.8845568944E+03    5.0542094547E-02
    7.5299990001E-02    8.0178874273E-01    2.6911307993E-01   -8.8868260016E+03    4.0193361759E-02
    7.5319990001E-02    1.1138995471E+00   -1.1734385615E-01   -8.8894585988E+03    3.9666604117E-02
    7.5339990001E-02    1.1369687405E+00    1.8695148451E-01   -8.8913964334E+03    4.4023096327E-02
    7.5359990001E-02    6.9348524885E-01   -9.9577437975E-02   -8.8938997342E+03    6.0540819596E-02
    7.5379990001E-02    1.2337476277E+00   -2.4648009696E-01   -8.8964666135E+03    6.7138732745E-02
    7.5399990001E-02    9.0048318216E-01    4.8776926145E-01   -8.8984890908E+03    6.6895948897E-02
    7.5419990001E-02    7.6648600983E-01   -3.2551903135E-01   -8.9014221244E+03    5.2332833229E-02
    7.5439990001E-02    1.2325114992E+00   -1.4488264129E-01   -8.9035936260E+03    2.5661063401E-02
    7.5459990001E-02    9.0981444061E-01    1.3204132651E-01   -8.9058257498E+03    1.1236627156E-02
    7.5479990001E-02    1.1664597540E+00   -1.1942731225E-01   -8.9083992419E+03    2.0336354068E-02
    7.5499990001E-02    1.0638941693E+00    3.8443852391E-01   -8.9103678131E+03    3.7535403952E-02
    7.5519990001E-02    6.1521506253E-01   -1.9395534312E-01   -8.9130971543E+03    6.8232290883E-02
    7.5539990001E-02    1.2558037871E+00   -2.1288913966E-01   -8.9155659093E+03    7.0288110850E-02
    7.5559990001E-02    8.5886538132E-01    4.2375113396E-01   -8.9176589595E+03    6.3122913495E-02
    7.5579990001E-02    9.4147526954E-01   -2.4627539209E-01   -8.9204842956E+03    5.1948667831E-02
    7.5599990001E-02    1.1955882907E+00   -4.2038781121E-02   -8.9225278433E+03    3.5477823423E-02
    7.5619990001E-02    8.4136382047E-01    4.6156898377E-02   -8.9247656449E+03    3.5946658751E-02
    7.5639990001E-02    1.1547374678E+00   -3.0400037772E-01   -8.9274368349E+03    3.8293051247E-02
    7.5659990001E-02    1.0354465354E+00    4.8162937488E-01   -8.9293967009E+03    4.7253599327E-02
    7.5679990001E-02    6.0299184358E-01   -2.3939416022E-01   -8.9322711611E+03    6.0058948944E-02
    7.5699990001E-02    1.2463171615E+00   -2.0635905666E-01   -8.9346349876E+03    3.9488901995E-02
    7.5719990001E-02    8.8301817884E-01    3.0980556711E-01   -8.9367771824E+03    2.8870283879E-02
    7.5739990001E-02    1.0915646657E+00   -1.1854085852E-01   -8.9394550527E+03    3.2812681405E-02
    7.5759990001E-02    1.1558176346E+00    2.1372461054E-01   -8.9414185208E+03    4.0321633274E-02
    7.5779990001E-02    6.8916979995E-01   -8.2847116346E-04   -8.9438457862E+03    6.1302764026E-02
    7.5799990001E-02    1.1878423933E+00   -3.5047421462E-01   -8.9465288173E+03    6.6670061951E-02
    7.5819990001E-02    1.0034039975E+00    4.8641273600E-01   -8.9485017122E+03    6.6468387583E-02
    7.5839990001E-02    7.2167225338E-01   -2.3344209240E-01   -8.9513866392E+03    5.6801673929E-02
    7.5859990001E-02    1.2128461796E+00   -2.1727877106E-01   -8.9536425554E+03    2.8828350027E-02
    7.5879990001E-02    9.7008215522E-01    1.5167447076E-01   -8.9557588353E+03    1.4336134143E-02
    7.5899990001E-02    1.1050209210E+00   -2.2000751823E-01   -8.9584096603E+03    1.7228868492E-02
    7.5919990001E-02    1.1233144897E+00    3.8500474557E-01   -8.9603861531E+03    3.2868365917E-02
    7.5939990001E-02    5.7979904564E-01   -7.7179540217E-02   -8.9630298368E+03    6.7280797137E-02
    7.5959990001E-02    1.2202928616E+00   -3.2776691652E-01   -8.9656353585E+03    6.5856768830E-02
    7.5979990001E-02    9.5373205698E-01    4.4085856487E-01   -8.9676516579E+03    5.9635112564E-02
    7.5999990001E-02    9.0643082384E-01   -1.9367269029E-01   -8.9704665168E+03    5.3258404560E-02
    7.6019990001E-02    1.1943610067E+00   -2.7054166641E-02   -8.9725549304E+03    3.8539850529E-02
    7.6039990001E-02    8.6842448305E-01    1.1029518755E-01   -8.9747159335E+03    4.5948177342E-02
    7.6059990001E-02    1.0799285939E+00   -3.9138860144E-01   -8.9774681184E+03    4.7852918270E-02
    7.6079990001E-02    1.1292864057E+00    4.4307284990E-01   -8.9794286856E+03    5.4578707570E-02
    7.6099990001E-02    5.6832667856E-01   -1.0420662860E-01   -8.9822046435E+03    6.2773329100E-02
    7.6119990001E-02    1.2073005867E+00   -3.1639889174E-01   -8.9847003937E+03    3.2677483124E-02
    7.6139990001E-02    9.7792330763E-01    3.0977259116E-01   -8.9867456020E+03    2.0556540332E-02
    7.6159990001E-02    1.0540645582E+00   -1.3158745230E-01   -8.9894380291E+03    2.5358722275E-02
    7.6179990001E-02    1.1763114540E+00    2.3426960546E-01   -8.9914456688E+03    3.6338853157E-02
    7.6199990001E-02    6.9812284215E-01    9.8481067330E-02   -8.9937998090E+03    6.0275917287E-02
    7.6219990001E-02    1.1219082735E+00   -4.2791378088E-01   -8.9965805256E+03    6.6075593143E-02
    7.6239990001E-02    1.0942972446E+00    4.4994658966E-01   -8.9985339741E+03    6.6138382725E-02
    7.6259990001E-02    6.9719589238E-01   -1.3447515054E-01   -9.0013465407E+03    5.9756801467E-02
    7.6279990001E-02    1.1853857888E+00   -2.4293700088E-01   -9.0036810110E+03    3.4075318302E-02
    7.6299990001E-02    1.0353022599E+00    1.4189573139E-01   -9.0057124694E+03    2.1288242881E-02
    7.6319990000E-02    1.0174935223E+00   -2.8894119739E-01   -9.0083980164E+03    1.7609655268E-02
    7.6339990000E-02    1.1854724704E+00    3.4455985528E-01   -9.0104170601E+03    3.0940443655E-02
    7.6359990000E-02    5.6912613106E-01    5.3552913072E-02   -9.0129534498E+03    6.3885239079E-02
    7.6379990000E-02    1.1589105960E+00   -4.1810489393E-01   -9.0156882081E+03    5.8679624360E-02
    7.6399990000E-02    1.0479063297E+00    4.1628120226E-01   -9.0176575395E+03    5.2600649144E-02
    7.6419990000E-02    8.7268278159E-01   -1.3480304634E-01   -9.0204350734E+03    4.9677826416E-02
    7.6439990000E-02    1.1941389880E+00    3.7892205487E-03   -9.0225787089E+03    3.9271849202E-02
    7.6459990000E-02    9.0140179661E-01    1.6944604429E-01   -9.0246801061E+03    5.1560911519E-02
    7.6479990000E-02    9.8909181798E-01   -4.3318137511E-01   -9.0274803782E+03    5.5888056578E-02
    7.6499990000E-02    1.2005059778E+00    3.6458017499E-01   -9.0294767917E+03    6.2128562952E-02
    7.6519990000E-02    5.6931229392E-01    3.0448863869E-02   -9.0321293858E+03    6.5856303698E-02
    7.6539990000E-02    1.1481826347E+00   -3.7884374635E-01   -9.0347422323E+03    3.1647852476E-02
    7.6559990000E-02    1.0710684805E+00    2.6054575800E-01   -9.0367301918E+03    1.7117785161E-02
    7.6579990000E-02    9.9605128650E-01   -1.4550299436E-01   -9.0394025384E+03    1.7535897883E-02
    7.6599990000E-02    1.2015602354E+00    2.2716143885E-01   -9.0414815003E+03    3.1210154708E-02
    7.6619990000E-02    7.1764638662E-01    1.9618686467E-01   -9.0437611398E+03    5.7920533032E-02
    7.6639990000E-02    1.0377788376E+00   -4.7548383762E-01   -9.0466201321E+03    6.6192874266E-02
    7.6659990000E-02    1.1666834659E+00    3.8318443558E-01   -9.0485833178E+03    6.6595747779E-02
    7.6679990000E-02    6.8536573770E-01   -3.5032003146E-02   -9.0513050310E+03    6.1353638710E-02
    7.6699990000E-02    1.1618612330E+00   -2.3282344437E-01   -9.0537135551E+03    3.8602094069E-02
    7.6719990000E-02    1.0830766254E+00    1.2107567929E-01   -9.0556918709E+03    2.8964333412E-02
    7.6739990000E-02    9.2263611737E-01   -3.0876400161E-01   -9.0583744217E+03    2.3689506130E-02
    7.6759990000E-02    1.2326607038E+00    2.5510891934E-01   -9.0604751315E+03    3.5010283954E-02
    7.6779990000E-02    5.8731914775E-01    1.8762363312E-01   -9.0628877806E+03    6.0816925769E-02
    7.6799990000E-02    1.0738742598E+00   -4.7324201661E-01   -9.0657305368E+03    5.1262918673E-02
    7.6819990000E-02    1.1284120507E+00    3.4804567400E-01   -9.0676864960E+03    4.3840880682E-02
    7.6839990000E-02    8.4403914012E-01   -7.1465882444E-02   -9.0703972621E+03    4.1823654150E-02
    7.6859990000E-02    1.1938216595E+00    2.9136103388E-02   -9.0726081866E+03    3.7373685851E-02
    7.6879990000E-02    9.3417413277E-01    2.2208148368E-01   -9.0746634703E+03    5.2729969143E-02
    7.6899990000E-02    8.9539255249E-01   -4.3212965527E-01   -9.0774835631E+03    6.1494242468E-02
    7.6919990000E-02    1.2447659046E+00    2.6039518992E-01   -9.0795453268E+03    6.8403053806E-02
    7.6939990000E-02    5.9581965135E-01    1.5148773012E-01   -9.0820661529E+03    6.8196393421E-02
    7.6959990000E-02    1.0859314476E+00   -3.9278604621E-01   -9.0847711593E+03    3.5293706940E-02
    7.6979990000E-02    1.1441664191E+00    1.6939909127E-01   -9.0867402600E+03    1.8710647064E-02
    7.6999990000E-02    9.3465692677E-01   -1.3862906734E-01   -9.0893530538E+03    1.2335936225E-02
    7.7019990000E-02    1.2249260605E+00    1.8045678356E-01   -9.0915327413E+03    2.6891103258E-02
    7.7039990000E-02    7.5012508731E-01    2.8771635949E-01   -9.0937367171E+03    5.4462687717E-02
    7.7059990000E-02    9.4264641542E-01   -4.9075157668E-01   -9.0966519967E+03    6.7091078307E-02
    7.7079990000E-02    1.2181146276E+00    2.9276544550E-01   -9.0986521318E+03    6.7602525199E-02
    7.7099990000E-02    6.8588941757E-01    6.0878766835E-02   -9.1012687945E+03    6.1687428670E-02
    7.7119990000E-02    1.1428775321E+00   -2.0533983066E-01   -9.1037472570E+03    4.2636464290E-02
    7.7139990000E-02    1.1088536004E+00    1.1251419778E-01   -9.1056949693E+03    3.6184051668E-02
    7.7159990000E-02    8.3667733780E-01   -2.8701112695E-01   -9.1083462268E+03    3.3999671723E-02
    7.7179990000E-02    1.2577576199E+00    1.3049726763E-01   -9.1105594559E+03    4.4493001001E-02
    7.7199990000E-02    6.4004034119E-01    3.1004489390E-01   -9.1128460462E+03    5.9688326282E-02
    7.7219990000E-02    9.7658538681E-01   -4.8633586487E-01   -9.1157648309E+03    4.6073022377E-02
    7.7239990000E-02    1.1879899843E+00    2.4131803728E-01   -9.1177417226E+03    3.5314054689E-02
    7.7259990000E-02    8.2952281303E-01   -5.6331181504E-03   -9.1203546384E+03    3.1309070620E-02
    7.7279990000E-02    1.1958851567E+00    3.7200370621E-02   -9.1226459625E+03    3.3981827560E-02
    7.7299990000E-02    9.6536706854E-01    2.6932580675E-01   -9.1246665745E+03    5.0719546949E-02
    7.7319990000E-02    8.0780241593E-01   -3.9862665369E-01   -9.1274845704E+03    6.4686471914E-02
    7.7339990000E-02    1.2670486447E+00    1.4083209292E-01   -9.1296347677E+03    7.2597373223E-02
    7.7359990000E-02    6.4410359513E-01    2.5400962437E-01   -9.1320262545E+03    6.8604443434E-02
    7.7379990000E-02    1.0321476512E+00   -3.7678466517E-01   -9.1347982508E+03    4.0624938132E-02
    7.7399990000E-02    1.1876223940E+00    6.3096933493E-02   -9.1367750572E+03    2.2717781233E-02
    7.7419990000E-02    8.8635145623E-01   -1.0769937061E-01   -9.1392925680E+03    1.1442052462E-02
    7.7439990000E-02    1.2361770272E+00    8.8219098418E-02   -9.1415975984E+03    2.5517548988E-02
    7.7459990000E-02    8.0123441957E-01    3.6926421876E-01   -9.1437221913E+03    5.0003099526E-02
    7.7479990000E-02    8.4207308229E-01   -4.7330568411E-01   -9.1466695032E+03    6.7515888668E-02
    7.7499990000E-02    1.2507766174E+00    1.8042851181E-01   -9.1487334949E+03    6.7767324012E-02
    7.7519990000E-02    7.0330277921E-01    1.5243660675E-01   -9.1512315609E+03    5.9905890138E-02
    7.7539990000E-02    1.1267003975E+00   -1.7498953020E-01   -9.1537784677E+03    4.6063431482E-02
    7.7559990000E-02    1.1232908584E+00    1.1923672270E-01   -9.1557106261E+03    4.2925721195E-02
    7.7579990000E-02    7.6782886157E-01   -2.3488598427E-01   -9.1583097613E+03    4.6384820406E-02
    7.7599990000E-02    1.2641026898E+00   -1.1678011403E-02   -9.1606537437E+03    5.6441976960E-02
    7.7619990000E-02    7.2250598853E-01    4.0757464288E-01   -9.1628238951E+03    6.2351203133E-02
    7.7639990000E-02    8.8048182797E-01   -4.5885556271E-01   -9.1657832158E+03    4.6054748422E-02
    7.7659990000E-02    1.2256482567E+00    1.0285441478E-01   -9.1678146680E+03    2.9921414634E-02
    7.7679990000E-02    8.3743137256E-01    5.9566073465E-02   -9.1703008920E+03    2.1298261284E-02
    7.7699990000E-02    1.1976866043E+00    2.2649090331E-02   -9.1726849868E+03    3.0054056884E-02
    7.7719990000E-02    9.9730663841E-01    3.1328087811E-01   -9.1746797117E+03    4.7238645441E-02
    7.7739990000E-02    7.2806906220E-01   -3.4008992622E-01   -9.1774770942E+03    6.6545658088E-02
    7.7759990000E-02    1.2740449107E+00    1.0997914096E-02   -9.1797355165E+03    7.4370136679E-02
    7.7779990000E-02    7.1170859500E-01    3.3746926139E-01   -9.1820044009E+03    6.7614556583E-02
    7.7799990000E-02    9.8754444160E-01   -3.4242181641E-01   -9.1848195542E+03    4.5762754632E-02
    7.7819990000E-02    1.2034833007E+00   -2.0234582907E-02   -9.1868196255E+03    2.7429566415E-02
    7.7839990000E-02    8.5757468692E-01   -5.9317331885E-02   -9.1892236911E+03    1.5873751225E-02
    7.7859990000E-02    1.2284298878E+00   -4.9020899796E-02   -9.1916683542E+03    2.6323692272E-02
    7.7879990000E-02    8.7227324716E-01    4.3620467166E-01   -9.1937147522E+03    4.5331815060E-02
    7.7899990000E-02    7.4099139211E-01   -4.1998257679E-01   -9.1966662308E+03    6.5289715423E-02
    7.7919990000E-02    1.2657392497E+00    4.5713069264E-02   -9.1988226046E+03    6.3153427633E-02
    7.7939990000E-02    7.4472387505E-01    2.3391018125E-01   -9.2011901406E+03    5.3327412537E-02
    7.7959990000E-02    1.1127734670E+00   -1.4914840460E-01   -9.2038012967E+03    4.5968676392E-02
    7.7979990000E-02    1.1346031618E+00    1.3963840952E-01   -9.2057321701E+03    4.5236163139E-02
    7.7999990000E-02    7.2237763669E-01   -1.5909317331E-01   -9.2082674844E+03    5.5167167475E-02
    7.8019990000E-02    1.2524776537E+00   -1.5148613068E-01   -9.2107446233E+03    6.3391897801E-02
    7.8039990000E-02    8.2306412619E-01    4.6905600372E-01   -9.2128190322E+03    6.5103141843E-02
    7.8059990000E-02    8.0037482500E-01   -3.9533006283E-01   -9.2157806257E+03    4.9045021635E-02
    7.8079990000E-02    1.2396841137E+00   -4.4044618622E-02   -9.2178921040E+03    2.6713540125E-02
    7.8099990000E-02    8.6672196948E-01    1.1492476743E-01   -9.2202387885E+03    1.4101768860E-02
    7.8119990000E-02    1.1894964228E+00   -3.0934441759E-02   -9.2227267028E+03    2.5463477470E-02
    7.8139990000E-02    1.0345390299E+00    3.4955035298E-01   -9.2247021363E+03    4.2716740887E-02
    7.8159990000E-02    6.6131909329E-01   -2.6106233239E-01   -9.2274590070E+03    6.7680024654E-02
    7.8179990000E-02    1.2687255536E+00   -1.1848274405E-01   -9.2298384567E+03    7.3297912520E-02
    7.8199990000E-02    7.9139446936E-01    3.9903007445E-01   -9.2319990003E+03    6.6008601040E-02
    7.8219989999E-02    9.5091269230E-01   -2.9807125820E-01   -9.2348356947E+03    4.9754868594E-02
    7.8239989999E-02    1.2029582719E+00   -5.7207698805E-02   -9.2368659242E+03    3.1374537032E-02
    7.8259989999E-02    8.4884405878E-01   -8.4070203959E-04   -9.2391668368E+03    2.4032727806E-02
    7.8279989999E-02    1.1973886715E+00   -1.9207692393E-01   -9.2417416542E+03    2.9633173062E-02
    7.8299989999E-02    9.5828341153E-01    4.7526930343E-01   -9.2437290808E+03    4.3344670520E-02
    7.8319989999E-02    6.5291493792E-01   -3.3389876155E-01   -9.2466510901E+03    6.2506788330E-02
    7.8339989999E-02    1.2640419866E+00   -9.4441730615E-02   -9.2489202074E+03    5.3389427590E-02
    7.8359989999E-02    8.0835770387E-01    2.9400192887E-01   -9.2511600491E+03    4.3064723064E-02
    7.8379989999E-02    1.0991500836E+00   -1.3071833856E-01   -9.2538216325E+03    4.1687077987E-02
    7.8399989999E-02    1.1468495853E+00    1.6808413052E-01   -9.2557653135E+03    4.3973384089E-02
    7.8419989999E-02    7.0174729317E-01   -7.3216428624E-02   -9.2582333702E+03    5.9950459676E-02
    7.8439989999E-02    1.2238790098E+00   -2.6963906012E-01   -9.2608306251E+03    6.6302925870E-02
    7.8459989999E-02    9.2440877868E-01    4.9417529947E-01   -9.2628382428E+03    6.6807111309E-02
    7.8479989999E-02    7.4267212985E-01   -3.1295623232E-01   -9.2657711436E+03    5.3716223715E-02
    7.8499989999E-02    1.2331843715E+00   -1.5993686954E-01   -9.2679686899E+03    2.6058088480E-02
    7.8519989999E-02    9.1392721126E-01    1.5028592662E-01   -9.2701848699E+03    1.1525144432E-02
    7.8539989999E-02    1.1592878910E+00   -1.2168846924E-01   -9.2727700333E+03    2.0512269507E-02
    7.8559989999E-02    1.0775899540E+00    3.7426893539E-01   -9.2747384297E+03    3.7526116538E-02
    7.8579989999E-02    6.1249735936E-01   -1.6869879205E-01   -9.2774388607E+03    6.8170259350E-02
    7.8599989999E-02    1.2505354131E+00   -2.3555220255E-01   -9.2799406787E+03    7.0507645424E-02
    7.8619989999E-02    8.7570854542E-01    4.3520853846E-01   -9.2820153030E+03    6.3918305287E-02
    7.8639989999E-02    9.2141237402E-01   -2.4761016970E-01   -9.2848523669E+03    5.2695806265E-02
    7.8659989999E-02    1.1977430936E+00   -5.9615298126E-02   -9.2869154400E+03    3.5190128005E-02
    7.8679989999E-02    8.5752655368E-01    5.7740243008E-02   -9.2891332042E+03    3.4335332640E-02
    7.8699989999E-02    1.1447955651E+00   -3.0843265234E-01   -9.2918125144E+03    3.6231729023E-02
    7.8719989999E-02    1.0494261867E+00    4.7583890909E-01   -9.2937722140E+03    4.5703798684E-02
    7.8739989999E-02    5.9254878640E-01   -2.2251899492E-01   -9.2966314149E+03    6.0984775262E-02
    7.8759989999E-02    1.2449136175E+00   -2.2000690958E-01   -9.2990204625E+03    4.1269995002E-02
    7.8779989999E-02    8.8786278301E-01    3.2311927324E-01   -9.3011497851E+03    3.0928587624E-02
    7.8799989999E-02    1.0810478883E+00   -1.2401412153E-01   -9.3038421180E+03    3.4177025412E-02
    7.8819989999E-02    1.1608689850E+00    2.0020540794E-01   -9.3058116036E+03    4.0475773676E-02
    7.8839989999E-02    6.9875720542E-01    1.3616313768E-02   -9.3082172503E+03    6.1012704812E-02
    7.8859989999E-02    1.1795019385E+00   -3.6048695052E-01   -9.3109151180E+03    6.6471500049E-02
    7.8879989999E-02    1.0164006899E+00    4.8625352462E-01   -9.3128843221E+03    6.6718727020E-02
    7.8899989999E-02    7.0805695422E-01   -2.2437730713E-01   -9.3157664504E+03    5.7609162556E-02
    7.8919989999E-02    1.2123274444E+00   -2.2643178677E-01   -9.3180408475E+03    2.8774652723E-02
    7.8939989999E-02    9.7402270321E-01    1.6028819862E-01   -9.3201522750E+03    1.4068017723E-02
    7.8959989999E-02    1.1018650263E+00   -2.1494956726E-01   -9.3228050169E+03    1.7038876041E-02
    7.8979989999E-02    1.1280805486E+00    3.7782994437E-01   -9.3247852590E+03    3.2814163683E-02
    7.8999989999E-02    5.8257583056E-01   -6.5210076481E-02   -9.3274130154E+03    6.7294204404E-02
    7.9019989999E-02    1.2163242072E+00   -3.3595153651E-01   -9.3300341820E+03    6.6534288172E-02
    7.9039989999E-02    9.6129017906E-01    4.4459579766E-01   -9.3320455839E+03    6.0606905661E-02
    7.9059989999E-02    8.9491103621E-01   -1.9411174221E-01   -9.3348653108E+03    5.3917501821E-02
    7.9079989999E-02    1.1948257584E+00   -3.9537725199E-02   -9.3369662074E+03    3.8390934727E-02
    7.9099989999E-02    8.7869387133E-01    1.1231529310E-01   -9.3391183316E+03    4.4768771082E-02
    7.9119989999E-02    1.0753364958E+00   -3.8949983676E-01   -9.3418708310E+03    4.6318824859E-02
    7.9139989999E-02    1.1327623009E+00    4.3962352055E-01   -9.3438343937E+03    5.3368176911E-02
    7.9159989999E-02    5.6430027821E-01   -9.8868647758E-02   -9.3466040879E+03    6.2931424043E-02
    7.9179989999E-02    1.2071298521E+00   -3.1934984026E-01   -9.3491107614E+03    3.3549011511E-02
    7.9199989999E-02    9.7700132000E-01    3.1659991903E-01   -9.3511550687E+03    2.1708592943E-02
    7.9219989999E-02    1.0505917917E+00   -1.3032933619E-01   -9.3538531565E+03    2.6328271915E-02
    7.9239989999E-02    1.1772137264E+00    2.2660459553E-01   -9.3558634406E+03    3.6644666252E-02
    7.9259989999E-02    7.0426093825E-01    1.0090298284E-01   -9.3582103008E+03    6.0181286640E-02
    7.9279989999E-02    1.1195949573E+00   -4.2841289681E-01   -9.3609935020E+03    6.6089397392E-02
    7.9299989999E-02    1.0963795810E+00    4.5025032451E-01   -9.3629482003E+03    6.6381554041E-02
    7.9319989999E-02    6.9163860587E-01   -1.3349915039E-01   -9.3657619435E+03    6.0057122981E-02
    7.9339989999E-02    1.1856018820E+00   -2.4831054744E-01   -9.3681041252E+03    3.3791917819E-02
    7.9359989999E-02    1.0352810028E+00    1.4505439873E-01   -9.3701382595E+03    2.0525183559E-02
    7.9379989999E-02    1.0213821173E+00   -2.8246135403E-01   -9.3728223677E+03    1.7050548888E-02
    7.9399989999E-02    1.1834153785E+00    3.4502314252E-01   -9.3748419858E+03    3.0676908395E-02
    7.9419989999E-02    5.7147976471E-01    5.0811753838E-02   -9.3773786074E+03    6.4096999745E-02
    7.9439989999E-02    1.1608460254E+00   -4.1650683362E-01   -9.3801134325E+03    5.9744938120E-02
    7.9459989999E-02    1.0455059759E+00    4.2002547366E-01   -9.3820846297E+03    5.3842252322E-02
    7.9479989999E-02    8.6965347814E-01   -1.3778705956E-01   -9.3848671465E+03    5.0592565503E-02
    7.9499989999E-02    1.1940106747E+00   -3.8744789142E-03   -9.3870135217E+03    3.9486883346E-02
    7.9519989999E-02    9.0356906340E-01    1.6535893797E-01   -9.3891157569E+03    5.1096845995E-02
    7.9539989999E-02    9.9359617087E-01   -4.3067062918E-01   -9.3919138131E+03    5.5035407202E-02
    7.9559989999E-02    1.1973863110E+00    3.6963659862E-01   -9.3939095214E+03    6.1364198711E-02
    7.9579989999E-02    5.6704557890E-01    2.3264854711E-02   -9.3965696932E+03    6.5691536645E-02
    7.9599989999E-02    1.1525881376E+00   -3.7759802127E-01   -9.3991799876E+03    3.1663722444E-02
    7.9619989999E-02    1.0641431084E+00    2.6835007474E-01   -9.4011719132E+03    1.7375178319E-02
    7.9639989999E-02    1.0009603705E+00   -1.4334406388E-01   -9.4038491232E+03    1.8431934820E-02
    7.9659989999E-02    1.1992222052E+00    2.2787244018E-01   -9.4059227535E+03    3.1851878823E-02
    7.9679989999E-02    7.1711356527E-01    1.8816251109E-01   -9.4082083726E+03    5.8264954745E-02
    7.9699989999E-02    1.0453221607E+00   -4.7261895429E-01   -9.4110626242E+03    6.6306585923E-02
    7.9719989999E-02    1.1612410871E+00    3.9059360988E-01   -9.4130253551E+03    6.6738958933E-02
    7.9739989999E-02    6.8506620339E-01   -4.4101653696E-02   -9.4157574788E+03    6.1448215663E-02
    7.9759989999E-02    1.1637423971E+00   -2.3613708576E-01   -9.4181616470E+03    3.8317849905E-02
    7.9779989999E-02    1.0795737209E+00    1.2256924555E-01   -9.4201458715E+03    2.8216743907E-02
    7.9799989999E-02    9.3318690873E-01   -3.0868937980E-01   -9.4228311375E+03    2.2825871298E-02
    7.9819989999E-02    1.2283725336E+00    2.6795771097E-01   -9.4249222834E+03    3.4345335860E-02
    7.9839989999E-02    5.8289433675E-01    1.7174815131E-01   -9.4273516154E+03    6.1303827565E-02
    7.9859989999E-02    1.0855115858E+00   -4.6887403842E-01   -9.4301841292E+03    5.2265124591E-02
    7.9879989999E-02    1.1190601077E+00    3.5906363508E-01   -9.4321413783E+03    4.5076215267E-02
    7.9899989999E-02    8.4830601394E-01   -7.9956879236E-02   -9.4348636761E+03    4.3109888126E-02
    7.9919989999E-02    1.1938502355E+00    2.8630324986E-02   -9.4370651737E+03    3.7864165018E-02
    7.9939989999E-02    9.2796358943E-01    2.1557676551E-01   -9.4391291019E+03    5.3134452661E-02
    7.9959989999E-02    9.0924628281E-01   -4.3572177518E-01   -9.4419502399E+03    6.1327789471E-02
    7.9979989999E-02    1.2396091335E+00    2.7801418685E-01   -9.4440013674E+03    6.8058902415E-02
    7.9999989999E-02    5.9077554849E-01    1.3295177608E-01   -9.4465453592E+03    6.8218054636E-02
