 sig=    1.000000000000000      inputfile=
 /home/rjrj524/Finished/vmec_gc_tracer/revised_251128/nc/wout_pwO_nfp2_A6.nc                                                                                                                             
 dt=   1.0000000000000000E-008
 steps=      8000000
 x0=   5.4800000000000001E-002    0.000000000000000      
    6.410000000000000     
 u=   -98200.00000000000     
 v_perp=    25900.00000000000     
 
time(s)         x0(1)       x0(2)        x0(3)      r
    1.9990000000E-05    1.0807973912E+00    1.2907660884E-01    4.8823217845E+00    5.8208478217E-02
    3.9990000000E-05    7.5179272210E-01   -1.4333736601E-01    2.9604268526E+00    5.9848479398E-02
    5.9990000000E-05    1.1278861261E+00   -3.8394287520E-01    1.0274494522E+00    6.1177663102E-02
    7.9990000000E-05    1.2281504251E+00    3.1077626268E-01   -4.1457106767E-01    6.4758699920E-02
    9.9990000000E-05    7.0838769950E-01    3.6388663020E-01   -2.1590461706E+00    6.6105032984E-02
    1.1999000000E-04    7.5060125635E-01   -2.9340782650E-01   -4.3370371328E+00    5.7107096586E-02
    1.3999000000E-04    1.1749421806E+00   -3.3192656951E-01   -6.0619981656E+00    4.1271424420E-02
    1.5999000000E-04    1.1700225858E+00    1.0001184458E-01   -7.5464917787E+00    3.3191573988E-02
    1.7999000000E-04    9.2480204538E-01   -3.7046332069E-03   -9.3655390004E+00    2.5390398860E-02
    1.9999000000E-04    1.1440701736E+00   -1.7487312546E-01   -1.1225222828E+01    3.1127856591E-02
    2.1999000000E-04    1.1979434837E+00    3.2670443901E-01   -1.2708660556E+01    3.8918925970E-02
    2.3999000000E-04    7.5259480695E-01    3.4023896829E-01   -1.4410684106E+01    5.5266947597E-02
    2.5999000000E-04    6.7092197294E-01   -3.3540475860E-01   -1.6600550594E+01    6.5206455942E-02
    2.7999000000E-04    1.2098307411E+00   -3.5404494079E-01   -1.8377360609E+01    6.1653263691E-02
    2.9999000000E-04    1.1527319763E+00    3.4714246933E-01   -1.9813776985E+01    5.8368380682E-02
    3.1999000000E-04    7.7467414572E-01    1.6748466448E-01   -2.1713756818E+01    5.6565971723E-02
    3.3999000000E-04    1.0889930327E+00   -9.9298756937E-02   -2.3634707445E+01    5.6764715342E-02
    3.5999000000E-04    1.1860552255E+00    1.0606016161E-01   -2.5166350460E+01    5.5953070714E-02
    3.7999000000E-04    9.6572247803E-01    2.1503584695E-01   -2.6768030072E+01    6.5262612249E-02
    3.9999000000E-04    7.1493671979E-01   -2.4792620925E-01   -2.8801465210E+01    7.1469776290E-02
    4.1999000000E-04    1.1846675612E+00   -3.6256237465E-01   -3.0659931116E+01    7.3462878211E-02
    4.3999000000E-04    1.1929391643E+00    3.7055097609E-01   -3.2084750851E+01    7.4099427818E-02
    4.5999000000E-04    6.8686546116E-01    2.7809478043E-01   -3.3922905049E+01    7.3091068769E-02
    4.7999000000E-04    8.8225032493E-01   -2.7959590509E-01   -3.6017449177E+01    6.3590361489E-02
    4.9999000000E-04    1.1830296560E+00   -2.3201414253E-01   -3.7665044951E+01    5.2223156442E-02
    5.1999000000E-04    1.1422146753E+00    4.4411927523E-02   -3.9177182616E+01    4.5880112059E-02
    5.3999000000E-04    8.5974354371E-01   -1.2366205851E-01   -4.1030698587E+01    3.9566281425E-02
    5.5999000000E-04    1.1565082721E+00   -2.7108337778E-01   -4.2905875925E+01    4.2568509039E-02
    5.7999000000E-04    1.1956564801E+00    3.7618388506E-01   -4.4354953881E+01    4.7964606259E-02
    5.9999000000E-04    6.5278593277E-01    3.3076389208E-01   -4.6117462672E+01    6.1002444917E-02
    6.1999000000E-04    7.0707013285E-01   -3.9336863087E-01   -4.8343108426E+01    6.0016263006E-02
    6.3999000000E-04    1.2261138246E+00   -3.1760406575E-01   -5.0043383010E+01    4.8916155718E-02
    6.5999000000E-04    1.1140163888E+00    3.1564470034E-01   -5.1507506049E+01    4.2783605262E-02
    6.7999000000E-04    8.6398586345E-01    7.6687611036E-02   -5.3427734409E+01    4.1377388138E-02
    6.9999000000E-04    1.1618639098E+00   -1.8718313050E-02   -5.5240368443E+01    4.7633926746E-02
    7.1999000000E-04    1.1682158586E+00    2.4460902591E-01   -5.6742180712E+01    5.4278517619E-02
    7.3999000000E-04    8.3967203624E-01    2.4625103604E-01   -5.8428447818E+01    6.5597907783E-02
    7.5999000000E-04    7.2500153777E-01   -3.3942791160E-01   -6.0546048322E+01    7.3884918561E-02
    7.7999000000E-04    1.2265918050E+00   -3.0936293220E-01   -6.2315960463E+01    7.5753599995E-02
    7.9999000000E-04    1.1417966380E+00    4.1064255351E-01   -6.3747893661E+01    7.3451728039E-02
    8.1999000000E-04    6.9759966235E-01    1.8403394926E-01   -6.5669499629E+01    7.1947830083E-02
    8.3999000000E-04    1.0028347109E+00   -2.2434317544E-01   -6.7665800658E+01    6.4896923441E-02
    8.5999000000E-04    1.1894227329E+00   -9.5444487979E-02   -6.9237625489E+01    5.5641097353E-02
    8.7999000000E-04    1.0617256414E+00    1.0413633204E-01   -7.0792321479E+01    5.6431917638E-02
    8.9999000000E-04    7.8640807530E-01   -2.2351058837E-01   -7.2750421797E+01    5.5898012461E-02
    9.1999000000E-04    1.1915588832E+00   -2.9465525652E-01   -7.4592606848E+01    5.8818530516E-02
    9.3999000000E-04    1.1721709140E+00    4.0962349869E-01   -7.6024052419E+01    6.0898353353E-02
    9.5999000000E-04    6.2732695095E-01    2.6804158876E-01   -7.7869857953E+01    6.5234923814E-02
    9.7999000000E-04    8.0369545501E-01   -3.8591528226E-01   -8.0038981069E+01    5.3227362884E-02
    9.9999000000E-04    1.2203806680E+00   -2.8357832270E-01   -8.1692313785E+01    3.8055232449E-02
    1.0199900000E-03    1.1066549064E+00    2.1156229393E-01   -8.3194472315E+01    2.9982072400E-02
    1.0399900000E-03    9.3357363300E-01   -3.4817451599E-02   -8.5088634692E+01    2.6046661633E-02
    1.0599900000E-03    1.1939256504E+00   -4.8069319131E-02   -8.6862967125E+01    3.4834265970E-02
    1.0799900000E-03    1.1460942862E+00    3.5321876478E-01   -8.8345678993E+01    4.3235058280E-02
    1.0999900000E-03    7.1075856743E-01    2.3704032752E-01   -9.0120378986E+01    5.9237299809E-02
    1.1199900000E-03    7.6340453209E-01   -4.1480132052E-01   -9.2298829514E+01    6.6222412221E-02
    1.1399900000E-03    1.2509031931E+00   -2.3847092338E-01   -9.3979241333E+01    6.6165701401E-02
    1.1599900000E-03    1.0779546990E+00    4.1513886360E-01   -9.5443459509E+01    6.1239816064E-02
    1.1799900000E-03    7.5650420436E-01    8.3447119847E-02   -9.7425493675E+01    6.0321745199E-02
    1.1999900000E-03    1.1040283323E+00   -1.2233172355E-01   -9.9304340311E+01    5.8199380090E-02
    1.2199900000E-03    1.1804819315E+00    7.1267487714E-02   -1.0081472840E+02    5.5207320487E-02
    1.2399900000E-03    9.3206233276E-01    1.6887773483E-01   -1.0245326345E+02    6.2628383893E-02
    1.2599900000E-03    7.7470775765E-01   -3.2381697777E-01   -1.0451075474E+02    6.6036313802E-02
    1.2799900000E-03    1.2319835978E+00   -2.5533585679E-01   -1.0627185913E+02    6.9650533338E-02
    1.2999900000E-03    1.1217877215E+00    4.4460445166E-01   -1.0770878232E+02    6.8372256866E-02
    1.3199900000E-03    6.3760851548E-01    1.7302965238E-01   -1.0964949725E+02    6.8648881624E-02
    1.3399900000E-03    9.2751310633E-01   -3.4259470653E-01   -1.1171032939E+02    5.6543335849E-02
    1.3599900000E-03    1.2099525569E+00   -2.2175512737E-01   -1.1331068027E+02    4.4430186755E-02
    1.3799900000E-03    1.1008571132E+00    1.0275358677E-01   -1.1484783424E+02    3.6792649937E-02
    1.3999900000E-03    9.0300213701E-01   -1.6904598350E-01   -1.1674798235E+02    3.0516278212E-02
    1.4199900000E-03    1.2112109986E+00   -1.2570166897E-01   -1.1852187230E+02    3.7362685473E-02
    1.4399900000E-03    1.1192132898E+00    4.3622658139E-01   -1.1998150708E+02    4.3633326099E-02
    1.4599900000E-03    6.0167965743E-01    1.9686238748E-01   -1.2184588723E+02    6.0932758246E-02
    1.4799900000E-03    8.1454917971E-01   -4.6994096366E-01   -1.2403520657E+02    6.0801440080E-02
    1.4999900000E-03    1.2600002183E+00   -1.8201182406E-01   -1.2564251999E+02    5.6624486683E-02
    1.5199900000E-03    1.0272552997E+00    3.8144041181E-01   -1.2715348713E+02    4.9475023293E-02
    1.5399900000E-03    8.6184573452E-01    1.0925691650E-02   -1.2914435566E+02    4.9989869576E-02
    1.5599900000E-03    1.1710402566E+00    8.3572046399E-04   -1.3090445263E+02    5.3324712984E-02
    1.5799900000E-03    1.1474647058E+00    2.1643957671E-01   -1.3240076912E+02    5.9187976116E-02
    1.5999900000E-03    8.0228625875E-01    1.6666423267E-01   -1.3413854723E+02    6.9698924890E-02
    1.6199900000E-03    8.0829710367E-01   -4.1090139045E-01   -1.3625491966E+02    7.5318664137E-02
    1.6399900000E-03    1.2612785420E+00   -1.8696262075E-01   -1.3792583626E+02    7.9729933463E-02
    1.6599900000E-03    1.0598923639E+00    4.6591211997E-01   -1.3938950794E+02    7.5224525523E-02
    1.6799900000E-03    6.7965401192E-01    8.3613781995E-02   -1.4139964143E+02    7.3629102949E-02
    1.6999900000E-03    1.0360077621E+00   -2.5850796208E-01   -1.4334582397E+02    6.3970889873E-02
    1.7199900000E-03    1.1957287081E+00   -1.1177751947E-01   -1.4489013538E+02    5.4345983176E-02
    1.7399900000E-03    1.0337497961E+00    8.5718239903E-02   -1.4647829395E+02    5.1888159318E-02
    1.7599900000E-03    8.4610253885E-01   -2.8535615202E-01   -1.4845869559E+02    4.9393178266E-02
    1.7799900000E-03    1.2354337260E+00   -1.6512687463E-01   -1.5020088335E+02    5.5037834007E-02
    1.7999900000E-03    1.0878017159E+00    4.7760910657E-01   -1.5165080321E+02    5.6736356676E-02
    1.8199900000E-03    5.6788710942E-01    1.4363862515E-01   -1.5360386035E+02    6.4137231344E-02
    1.8399900000E-03    8.8223503394E-01   -4.6082087814E-01   -1.5573069756E+02    5.0923627693E-02
    1.8599900000E-03    1.2494945619E+00   -1.7105187684E-01   -1.5730494654E+02    4.0136610833E-02
    1.8799900000E-03    1.0211285442E+00    2.8279865394E-01   -1.5886131303E+02    3.1367860166E-02
    1.8999900000E-03    9.6396240828E-01   -5.8911473513E-02   -1.6080782975E+02    3.2320112691E-02
    1.9199900000E-03    1.2118062497E+00    6.1063645035E-02   -1.6249803059E+02    4.1151530565E-02
    1.9399900000E-03    1.0998822305E+00    3.3872584683E-01   -1.6399934442E+02    5.0599022603E-02
    1.9599900000E-03    6.8810053919E-01    1.2823744602E-01   -1.6583973862E+02    6.4349476166E-02
    1.9799900000E-03    8.6425843301E-01   -4.6485906246E-01   -1.6798037638E+02    6.8760500624E-02
    1.9999900000E-03    1.2708869120E+00   -1.0075916092E-01   -1.6957285035E+02    7.2128464349E-02
    2.0199900000E-03    9.9006520895E-01    4.4740934790E-01   -1.7108929385E+02    6.5726461113E-02
    2.0399900000E-03    7.6002801661E-01   -3.1885856425E-03   -1.7313658916E+02    6.4303051385E-02
    2.0599900000E-03    1.1181347905E+00   -1.4736900687E-01   -1.7496820387E+02    5.9268972812E-02
    2.0799900000E-03    1.1740728159E+00    3.9592973135E-02   -1.7646496929E+02    5.5242586731E-02
    2.0999900000E-03    8.9975247625E-01    1.1467354991E-01   -1.7814408832E+02    5.9678540258E-02
    2.1199900000E-03    8.5153166759E-01   -3.7690332221E-01   -1.8020362386E+02    6.0898425675E-02
    2.1399900000E-03    1.2595022254E+00   -1.2236755714E-01   -1.8186999153E+02    6.6817989174E-02
    2.1599900000E-03    1.0305511694E+00    4.8819935148E-01   -1.8334363556E+02    6.4628913216E-02
    2.1799900000E-03    6.0877846623E-01    5.7497120004E-02   -1.8538076643E+02    6.5079012441E-02
    2.1999900000E-03    9.8070815034E-01   -3.9426564820E-01   -1.8739123423E+02    4.9777144465E-02
    2.2199900000E-03    1.2310020462E+00   -1.6262067627E-01   -1.8894282899E+02    3.8094309609E-02
    2.2399900000E-03    1.0357862560E+00    1.5511663981E-01   -1.9053180431E+02    2.9095906807E-02
    2.2599900000E-03    9.6339385199E-01   -1.8641546273E-01   -1.9246162479E+02    2.6465906160E-02
    2.2799900000E-03    1.2359439280E+00    3.8424811166E-02   -1.9413251694E+02    3.5927589519E-02
    2.2999900000E-03    1.0386560367E+00    4.3777524621E-01   -1.9563316796E+02    4.4888349095E-02
    2.3199900000E-03    5.8991753677E-01    6.0445344620E-02   -1.9758668544E+02    6.2758259391E-02
    2.3399900000E-03    9.2951271225E-01   -4.9991395140E-01   -1.9970570826E+02    6.2474222690E-02
    2.3599900000E-03    1.2685303718E+00   -2.4871545894E-02   -2.0123429681E+02    6.3024390259E-02
    2.3799900000E-03    9.3565617933E-01    3.9525443247E-01   -2.0281922777E+02    5.5467493544E-02
    2.3999900000E-03    8.8257396514E-01   -5.4778279537E-02   -2.0485399981E+02    5.5843060713E-02
    2.4199900000E-03    1.1739370197E+00   -4.5149266307E-03   -2.0656617095E+02    5.5665638568E-02
    2.4399900000E-03    1.1284130613E+00    1.8658551163E-01   -2.0806082032E+02    6.0877553808E-02
    2.4599900000E-03    7.7014067472E-01    8.2860214458E-02   -2.0985191256E+02    6.9465063519E-02
    2.4799900000E-03    9.0142450318E-01   -4.4977097099E-01   -2.1194472467E+02    7.2682585406E-02
    2.4999900000E-03    1.2747948238E+00   -4.2162139009E-02   -2.1352721905E+02    7.9084869078E-02
    2.5199900000E-03    9.6216103621E-01    4.8222624066E-01   -2.1504852097E+02    7.3675665685E-02
    2.5399900000E-03    6.8368611708E-01   -2.3612311277E-02   -2.1713255780E+02    7.0906338621E-02
    2.5599900000E-03    1.0691722081E+00   -2.9297154883E-01   -2.1902216253E+02    5.9278754257E-02
    2.5799900000E-03    1.2051307709E+00   -1.0597369200E-01   -2.2054409163E+02    4.9684417824E-02
    2.5999900000E-03    9.9711796376E-01    6.9244096613E-02   -2.2217540236E+02    4.4201352710E-02
    2.6199900000E-03    9.2668932538E-01   -3.1458831842E-01   -2.2415508875E+02    4.1067088227E-02
    2.6399900000E-03    1.2561404144E+00    3.7378518036E-04   -2.2579601575E+02    4.9268621643E-02
    2.6599900000E-03    9.8054184021E-01    5.0100591131E-01   -2.2729543809E+02    5.3515697190E-02
    2.6799900000E-03    5.4247982440E-01   -1.4796386047E-03   -2.2935168379E+02    6.4152352844E-02
    2.6999900000E-03    9.8387213981E-01   -4.9751914364E-01   -2.3140013315E+02    5.2085417808E-02
    2.7199900000E-03    1.2542695296E+00   -5.5410438101E-03   -2.3289978035E+02    4.7066934129E-02
    2.7399900000E-03    9.3101259486E-01    3.0252691661E-01   -2.3454369748E+02    3.8728871419E-02
    2.7599900000E-03    1.0058211124E+00   -7.2815112412E-02   -2.3651536648E+02    4.2123290900E-02
    2.7799900000E-03    1.2084305449E+00    1.1500602985E-01   -2.3814109272E+02    4.8237708733E-02
    2.7999900000E-03    1.0617352997E+00    3.0549371091E-01   -2.3966597249E+02    5.8062853719E-02
    2.8199900000E-03    6.7505278554E-01    1.8197358835E-02   -2.4156646885E+02    7.0052455945E-02
    2.8399900000E-03    9.6740221417E-01   -4.8372190502E-01   -2.4364892656E+02    7.2628245793E-02
    2.8599900000E-03    1.2738530617E+00    4.8791053617E-02   -2.4516563042E+02    7.7751860918E-02
    2.8799900000E-03    8.9659852222E-01    4.4391522527E-01   -2.4675492036E+02    7.1361422242E-02
    2.8999900000E-03    7.8133090434E-01   -8.7276950203E-02   -2.4884616021E+02    6.8288739552E-02
    2.9199900000E-03    1.1338942994E+00   -1.7287132423E-01   -2.5062682695E+02    6.0147884037E-02
    2.9399900000E-03    1.1695793545E+00    1.9575900915E-02   -2.5211933956E+02    5.5808711932E-02
    2.9599900000E-03    8.6910294749E-01    5.3064333539E-02   -2.5384222435E+02    5.6655820572E-02
    2.9799900000E-03    9.3826047387E-01   -4.0180014415E-01   -2.5588135585E+02    5.6536051066E-02
    2.9999900000E-03    1.2692264767E+00    2.8752799622E-02   -2.5746044313E+02    6.3991740807E-02
    3.0199900000E-03    9.2468905653E-01    4.9750953153E-01   -2.5899334739E+02    6.3023701341E-02
    3.0399900000E-03    5.9866942799E-01   -6.6032463056E-02   -2.6111577219E+02    6.2582727280E-02
    3.0599900000E-03    1.0443547394E+00   -4.2831396690E-01   -2.6305887860E+02    4.4817850431E-02
    3.0799900000E-03    1.2339318304E+00   -4.4449487401E-02   -2.6456060143E+02    3.5613660090E-02
    3.0999900000E-03    9.6724449412E-01    1.7264837815E-01   -2.6623198292E+02    2.6074301403E-02
    3.1199900000E-03    1.0339285049E+00   -1.6882018149E-01   -2.6816114313E+02    2.8248609004E-02
    3.1399900000E-03    1.2333159376E+00    1.6331399966E-01   -2.6974820216E+02    3.7333903465E-02
    3.1599900000E-03    9.7143615123E-01    4.0327666109E-01   -2.7130175296E+02    4.9119358134E-02
    3.1799900000E-03    6.0247826525E-01   -6.5173068320E-02   -2.7332425396E+02    6.4737976909E-02
    3.1999900000E-03    1.0360577583E+00   -4.8817079389E-01   -2.7535529105E+02    6.3805568419E-02
    3.2199900000E-03    1.2575816786E+00    1.2723165441E-01   -2.7682586045E+02    6.5623767319E-02
    3.2399900000E-03    8.4947507821E-01    3.6870449658E-01   -2.7849978522E+02    5.9725340681E-02
    3.2599900000E-03    9.1406918293E-01   -1.1351511614E-01   -2.8055295168E+02    5.8828232800E-02
    3.2799900000E-03    1.1772342084E+00   -2.2901427174E-02   -2.8222160871E+02    5.4994235623E-02
    3.2999900000E-03    1.1110145123E+00    1.6096162214E-01   -2.8372165649E+02    5.9843389936E-02
    3.3199900000E-03    7.4988135471E-01   -3.7249037925E-03   -2.8556507352E+02    6.5403151544E-02
    3.3399900000E-03    9.9593551882E-01   -4.5117132369E-01   -2.8761124940E+02    6.6929813878E-02
    3.3599900000E-03    1.2706530825E+00    1.0796800724E-01   -2.8912202191E+02    7.3191276605E-02
    3.3799900000E-03    8.5900795247E-01    4.6059561947E-01   -2.9072117545E+02    6.9599917593E-02
    3.3999900000E-03    6.9917591023E-01   -1.3253629017E-01   -2.9286066743E+02    6.4965050419E-02
    3.4199900000E-03    1.1050328449E+00   -3.2685052171E-01   -2.9469067662E+02    5.1730250213E-02
    3.4399900000E-03    1.2086099803E+00   -6.0296397197E-02   -2.9619185932E+02    4.2454923654E-02
    3.4599900000E-03    9.5860332660E-01    4.9117033443E-02   -2.9788515865E+02    3.4052001655E-02
    3.4799900000E-03    1.0187609797E+00   -2.9571159093E-01   -2.9983687411E+02    3.2867608843E-02
    3.4999900000E-03    1.2513409122E+00    1.6928519871E-01   -3.0138998859E+02    4.1509004657E-02
    3.5199900000E-03    8.7418993138E-01    4.6604732780E-01   -3.0296543045E+02    5.1780187258E-02
    3.5399900000E-03    5.6606588478E-01   -1.4946823541E-01   -3.0510167875E+02    6.4022786838E-02
    3.5599900000E-03    1.0910852138E+00   -4.7590194956E-01   -3.0704637929E+02    5.5477007373E-02
    3.5799900000E-03    1.2330425191E+00    1.6387878880E-01   -3.0849607531E+02    5.3306825785E-02
    3.5999900000E-03    8.5004683716E-01    2.7519294981E-01   -3.1024314115E+02    4.7610762222E-02
    3.6199900000E-03    1.0444345276E+00   -8.2018107752E-02   -3.1221402807E+02    5.0645344563E-02
    3.6399900000E-03    1.1973366989E+00    1.2536004761E-01   -3.1379565242E+02    5.3797527841E-02
    3.6599900000E-03    1.0265603188E+00    2.6854083333E-01   -3.1534552730E+02    6.3722644844E-02
    3.6799900000E-03    6.7379464183E-01   -9.1753424626E-02   -3.1730258381E+02    7.3748752510E-02
    3.6999900000E-03    1.0659387242E+00   -4.6562633035E-01   -3.1930778334E+02    7.5257298553E-02
    3.7199900000E-03    1.2594409066E+00    1.9399172690E-01   -3.2076798250E+02    7.9500458024E-02
    3.7399900000E-03    8.0424300092E-01    4.0413881364E-01   -3.2244684198E+02    7.5096213645E-02
    3.7599900000E-03    8.1429459306E-01   -1.6832386403E-01   -3.2455890020E+02    6.9567200701E-02
    3.7799900000E-03    1.1514205771E+00   -2.0273837041E-01   -3.2628712951E+02    5.9331726003E-02
    3.7999900000E-03    1.1656608461E+00    1.0446492251E-02   -3.2778325155E+02    5.4153512736E-02
    3.8199900000E-03    8.4935199756E-01   -1.6416264662E-02   -3.2955384720E+02    5.1536800430E-02
    3.8399900000E-03    1.0301402366E+00   -3.8796793714E-01   -3.3154728766E+02    5.1175958325E-02
    3.8599900000E-03    1.2601728108E+00    1.8478747194E-01   -3.3305369910E+02    5.8139470261E-02
    3.8799900000E-03    8.1011065976E-01    4.6678673533E-01   -3.3466621925E+02    6.1637004872E-02
    3.8999900000E-03    6.1074792077E-01   -2.0016802319E-01   -3.3685686890E+02    6.0510675527E-02
    3.9199900000E-03    1.1212970120E+00   -4.2932850551E-01   -3.3871324362E+02    4.2815956099E-02
    3.9399900000E-03    1.2096029251E+00    1.1648809316E-01   -3.4017554553E+02    3.6160615646E-02
    3.9599900000E-03    9.0976911500E-01    1.5606785140E-01   -3.4194917180E+02    2.9044316630E-02
    3.9799900000E-03    1.1026679674E+00   -1.1219212718E-01   -3.4384557433E+02    3.5320735866E-02
    3.9999900000E-03    1.2114658356E+00    2.2982128967E-01   -3.4537932039E+02    4.3225687690E-02
    4.0199900000E-03    9.1520201542E-01    3.4961918339E-01   -3.4698504790E+02    5.5704340207E-02
    4.0399900000E-03    6.3468287884E-01   -1.8209614115E-01   -3.4905782070E+02    6.8046523197E-02
    4.0599900000E-03    1.1271346434E+00   -4.4175604200E-01   -3.5099028513E+02    6.7461440445E-02
    4.0799900000E-03    1.2283685401E+00    2.6009375428E-01   -3.5242586627E+02    6.8393314009E-02
    4.0999900000E-03    7.7398454099E-01    3.1394038552E-01   -3.5419580742E+02    6.4845366002E-02
    4.1199900000E-03    9.4644215137E-01   -1.6483214264E-01   -3.5624471027E+02    6.1831842446E-02
    4.1399900000E-03    1.1826619356E+00   -5.3375468493E-02   -3.5787324123E+02    5.4853407001E-02
    4.1599900000E-03    1.0949193404E+00    1.3546773357E-01   -3.5938798913E+02    5.8832216533E-02
    4.1799900000E-03    7.4775486988E-01   -9.2496927872E-02   -3.6127980875E+02    6.1464168004E-02
    4.1999900000E-03    1.0839652992E+00   -4.1667699831E-01   -3.6325818510E+02    6.2477473155E-02
    4.2199900000E-03    1.2492318637E+00    2.4488798985E-01   -3.6471843510E+02    6.7152617448E-02
    4.2399900000E-03    7.5911273926E-01    4.0782968412E-01   -3.6640740217E+02    6.6904011213E-02
    4.2599900000E-03    7.2376962586E-01   -2.3923727857E-01   -3.6858127857E+02    5.9644770254E-02
    4.2799900000E-03    1.1482944674E+00   -3.4312492513E-01   -3.7034682048E+02    4.4276234740E-02
    4.2999900000E-03    1.1921104031E+00    3.9563723225E-02   -3.7183191675E+02    3.5789949416E-02
    4.3199900000E-03    9.3153968871E-01    2.0812640742E-02   -3.7360618124E+02    2.6851505691E-02
    4.3399900000E-03    1.1059905285E+00   -2.2463429934E-01   -3.7550325477E+02    3.0385574099E-02
    4.3599900000E-03    1.2215723644E+00    2.8774686117E-01   -3.7700176926E+02    3.8336314379E-02
    4.3799900000E-03    7.9148794725E-01    3.8907016562E-01   -3.7865974769E+02    5.3534297630E-02
    4.3999900000E-03    6.2751800904E-01   -2.7645371966E-01   -3.8083823333E+02    6.4986272055E-02
    4.4199900000E-03    1.1757680162E+00   -4.0644474863E-01   -3.8267464743E+02    5.9977402930E-02
    4.4399900000E-03    1.1875403210E+00    2.9542412892E-01   -3.8410691210E+02    5.7554154097E-02
    4.4599900000E-03    7.9143330388E-01    2.1344264202E-01   -3.8595507343E+02    5.4682123025E-02
    4.4799900000E-03    1.0729815940E+00   -9.4764120842E-02   -3.8790150118E+02    5.5768624430E-02
    4.4999900000E-03    1.1890535614E+00    1.1194327773E-01   -3.8945016786E+02    5.5960384785E-02
    4.5199900000E-03    9.9084791399E-01    2.3233209778E-01   -3.9102993560E+02    6.5536236414E-02
    4.5399900000E-03    6.9420279653E-01   -1.9453772687E-01   -3.9303725583E+02    7.3053814608E-02
    4.5599900000E-03    1.1478726071E+00   -4.0854150023E-01   -3.9495107109E+02    7.4584744817E-02
    4.5799900000E-03    1.2233540713E+00    3.1598226372E-01   -3.9638104211E+02    7.6599283100E-02
    4.5999900000E-03    7.2266733485E-01    3.3118492605E-01   -3.9816010223E+02    7.4608095151E-02
    4.6199900000E-03    8.5335941289E-01   -2.4433639566E-01   -4.0026957507E+02    6.6376561275E-02
    4.6399900000E-03    1.1703019500E+00   -2.3084706103E-01   -4.0194698237E+02    5.5267223645E-02
    4.6599900000E-03    1.1562147120E+00    2.2822370998E-02   -4.0345099418E+02    4.9184637817E-02
    4.6799900000E-03    8.5224199817E-01   -8.6246131116E-02   -4.0527301018E+02    4.3583214793E-02
    4.6999900000E-03    1.1164580082E+00   -3.2366004708E-01   -4.0719488003E+02    4.4909605936E-02
    4.7199900000E-03    1.2259594376E+00    3.2017659668E-01   -4.0865543083E+02    5.0749503040E-02
    4.7399900000E-03    7.0148079147E-01    3.9066431253E-01   -4.1036184347E+02    6.0794988662E-02
    4.7599900000E-03    6.5982366708E-01   -3.3317124242E-01   -4.1258788717E+02    6.0164768519E-02
    4.7799900000E-03    1.1961845224E+00   -3.7230202771E-01   -4.1434383149E+02    4.6125992770E-02
    4.7999900000E-03    1.1541908738E+00    2.6252442555E-01   -4.1579634552E+02    4.0387374943E-02
    4.8199900000E-03    8.7020310216E-01    1.1211177383E-01   -4.1767089653E+02    3.7212330783E-02
    4.8399900000E-03    1.1472804143E+00   -4.5284516225E-02   -4.1951644088E+02    4.4055585170E-02
    4.8599900000E-03    1.1823509637E+00    2.4472516134E-01   -4.2102547099E+02    5.0872764895E-02
    4.8799900000E-03    8.6810865747E-01    2.8355212596E-01   -4.2268142557E+02    6.2521451919E-02
    4.8999900000E-03    6.8783752787E-01   -2.8738181283E-01   -4.2478641022E+02    7.2082686001E-02
    4.9199900000E-03    1.1973595119E+00   -3.6424115800E-01   -4.2661487048E+02    7.2899844315E-02
    4.9399900000E-03    1.1787514470E+00    3.6626795156E-01   -4.2804070245E+02    7.1932678715E-02
    4.9599900000E-03    7.1637894562E-01    2.3621826584E-01   -4.2990880675E+02    7.0015193205E-02
    4.9799900000E-03    9.7928026898E-01   -2.0890894334E-01   -4.3193168297E+02    6.4263293801E-02
    4.9999900000E-03    1.1873749314E+00   -8.8892451208E-02   -4.3352421188E+02    5.5337954115E-02
    5.0199900000E-03    1.0780398466E+00    1.1077795427E-01   -4.3506153773E+02    5.7141925016E-02
    5.0399900000E-03    7.6856951214E-01   -1.7814840114E-01   -4.3699577831E+02    5.7454219838E-02
    5.0599900000E-03    1.1582871059E+00   -3.4568458300E-01   -4.3888947204E+02    5.9342876783E-02
    5.0799900000E-03    1.2060046849E+00    3.5943451249E-01   -4.4032404834E+02    6.2294975867E-02
    5.0999900000E-03    6.6807414618E-01    3.2550273323E-01   -4.4211172124E+02    6.5379145162E-02
    5.1199900000E-03    7.6658707509E-01   -3.4035736644E-01   -4.4429367426E+02    5.4994766265E-02
    5.1399900000E-03    1.1982979957E+00   -3.1903072680E-01   -4.4598833624E+02    3.8931585688E-02
    5.1599900000E-03    1.1428760330E+00    1.6418631430E-01   -4.4747573866E+02    3.1016891192E-02
    5.1799900000E-03    9.2597325198E-01   -1.1647383580E-02   -4.4933461168E+02    2.5062723058E-02
    5.1999900000E-03    1.1717363995E+00   -1.0931049829E-01   -4.5115366232E+02    3.2627005564E-02
    5.2199900000E-03    1.1733977390E+00    3.4117127996E-01   -4.5263513200E+02    4.0625342923E-02
    5.2399900000E-03    7.3627793435E-01    2.9138902925E-01   -4.5436942674E+02    5.6953662770E-02
    5.2599900000E-03    7.1301008032E-01   -3.7350123987E-01   -4.5655425253E+02    6.5624509542E-02
    5.2799900000E-03    1.2314917637E+00   -3.0330542234E-01   -4.5828784408E+02    6.3946324183E-02
    5.2999900000E-03    1.1209392513E+00    3.8497360972E-01   -4.5973326119E+02    6.0041872134E-02
    5.3199900000E-03    7.5886879262E-01    1.3188618901E-01   -4.6167295065E+02    5.8811794375E-02
    5.3399900000E-03    1.0915743366E+00   -1.1689579803E-01   -4.6358102155E+02    5.7642867285E-02
    5.3599900000E-03    1.1845736566E+00    8.0288835526E-02   -4.6510390357E+02    5.5195332064E-02
    5.3799900000E-03    9.5620938715E-01    1.9082125472E-01   -4.6671824982E+02    6.3421077162E-02
    5.3999900000E-03    7.4199080994E-01   -2.8210750130E-01   -4.6876131667E+02    6.7957987670E-02
    5.4199900000E-03    1.2081034663E+00   -3.1516502384E-01   -4.7057661720E+02    7.0577734455E-02
    5.4399900000E-03    1.1629459207E+00    4.0832072642E-01   -4.7200425076E+02    7.0361666673E-02
    5.4599900000E-03    6.5925563597E-01    2.3243930225E-01   -4.7388893709E+02    7.0254778614E-02
    5.4799900000E-03    8.9695373071E-01   -3.1504238480E-01   -4.7597505859E+02    5.9477239187E-02
    5.4999900000E-03    1.1965021335E+00   -2.3731557718E-01   -4.7760290871E+02    4.7501973072E-02
    5.5199900000E-03    1.1271476208E+00    7.4484005449E-02   -4.7912317176E+02    4.0398684042E-02
    5.5399900000E-03    8.8328754794E-01   -1.4267413728E-01   -4.8099800940E+02    3.3529513191E-02
    5.5599900000E-03    1.1861737988E+00   -1.9928632085E-01   -4.8282406099E+02    3.8558911008E-02
    5.5799900000E-03    1.1604811619E+00    4.1095323704E-01   -4.8427551230E+02    4.4317274939E-02
    5.5999900000E-03    6.2565329142E-01    2.6746268547E-01   -4.8608566609E+02    6.0395613728E-02
    5.6199900000E-03    7.5568786742E-01   -4.3608683969E-01   -4.8829914242E+02    6.0674082463E-02
    5.6399900000E-03    1.2466693898E+00   -2.5563623427E-01   -4.8995467003E+02    5.3624518458E-02
    5.6599900000E-03    1.0735130571E+00    3.5939831571E-01   -4.9143596758E+02    4.7153497838E-02
    5.6799900000E-03    8.5313601909E-01    4.8603702818E-02   -4.9339588615E+02    4.6988583716E-02
    5.6999900000E-03    1.1650043866E+00   -8.6141455834E-03   -4.9518710142E+02    5.1562015651E-02
    5.7199900000E-03    1.1590580763E+00    2.2457661727E-01   -4.9668623820E+02    5.7420757788E-02
    5.7399900000E-03    8.2724796188E-01    2.0715162854E-01   -4.9839316224E+02    6.8340924111E-02
    5.7599900000E-03    7.6308078469E-01   -3.7487775080E-01   -5.0050973668E+02    7.5276356373E-02
    5.7799900000E-03    1.2455069431E+00   -2.5532714304E-01   -5.0223376294E+02    7.8416192102E-02
    5.7999900000E-03    1.1065937524E+00    4.4239070365E-01   -5.0367672580E+02    7.5094807863E-02
    5.8199900000E-03    6.8287036119E-01    1.4008016398E-01   -5.0564072100E+02    7.3700582688E-02
    5.8399900000E-03    1.0138988385E+00   -2.4641745171E-01   -5.0761901378E+02    6.5033087924E-02
    5.8599900000E-03    1.1921623299E+00   -1.1400698746E-01   -5.0917998227E+02    5.5440886603E-02
    5.8799900000E-03    1.0548736125E+00    9.0646987619E-02   -5.1074721316E+02    5.4081573213E-02
    5.8999900000E-03    8.1544082641E-01   -2.5245887043E-01   -5.1271343433E+02    5.2201095175E-02
    5.9199900000E-03    1.2146504694E+00   -2.3503285055E-01   -5.1450930105E+02    5.6382429327E-02
    5.9399900000E-03    1.1353328721E+00    4.4716108725E-01   -5.1594625834E+02    5.8241438618E-02
    5.9599900000E-03    5.9347236483E-01    2.1273742292E-01   -5.1784101634E+02    6.4530467131E-02
    5.9799900000E-03    8.3444394836E-01   -4.2916515805E-01   -5.1999856320E+02    5.2022920480E-02
    5.9999900000E-03    1.2386809844E+00   -2.3613206640E-01   -5.2161434222E+02    3.8738828602E-02
    6.0199900000E-03    1.0645823192E+00    2.6051278973E-01   -5.2313708647E+02    3.0386582393E-02
    6.0399900000E-03    9.4492041051E-01   -4.1639341501E-02   -5.2506295214E+02    2.9225273020E-02
    6.0599900000E-03    1.2052438480E+00    1.5248980436E-02   -5.2679399704E+02    3.8474730057E-02
    6.0799900000E-03    1.1234126141E+00    3.4416966936E-01   -5.2828541427E+02    4.7505526185E-02
    6.0999900000E-03    7.0385592613E-01    1.8439664759E-01   -5.3008896309E+02    6.2043410685E-02
    6.1199900000E-03    8.1090113047E-01   -4.4092853524E-01   -5.3224994924E+02    6.7792773499E-02
    6.1399900000E-03    1.2629079129E+00   -1.7512324790E-01   -5.3388888594E+02    6.9677295580E-02
    6.1599900000E-03    1.0380726362E+00    4.3740603514E-01   -5.3537401639E+02    6.4019143975E-02
    6.1799900000E-03    7.5080087079E-01    4.3963468089E-02   -5.3739017405E+02    6.2952828646E-02
    6.1999900000E-03    1.1069484072E+00   -1.4159710321E-01   -5.3925219972E+02    5.9192435172E-02
    6.2199900000E-03    1.1784506023E+00    4.5302051964E-02   -5.4075660859E+02    5.4974158142E-02
    6.2399900000E-03    9.2299768194E-01    1.4122896249E-01   -5.4241003463E+02    6.0851931430E-02
    6.2599900000E-03    8.1081765230E-01   -3.4931982551E-01   -5.4446773401E+02    6.2893943773E-02
    6.2799900000E-03    1.2468923694E+00   -1.9400702263E-01   -5.4618479843E+02    6.7620304666E-02
    6.2999900000E-03    1.0810009547E+00    4.6998738978E-01   -5.4763606518E+02    6.5879107256E-02
    6.3199900000E-03    6.1830225304E-01    1.2028229255E-01   -5.4962286798E+02    6.6575903312E-02
    6.3399900000E-03    9.4765512884E-01   -3.7435608039E-01   -5.5166647925E+02    5.2711417658E-02
    6.3599900000E-03    1.2232070391E+00   -2.0182239441E-01   -5.5324465128E+02    4.0414078785E-02
    6.3799900000E-03    1.0702198101E+00    1.3803837456E-01   -5.5480246402E+02    3.1962956459E-02
    6.3999900000E-03    9.3423235146E-01   -1.7522481601E-01   -5.5671955974E+02    2.7265484187E-02
    6.4199900000E-03    1.2267045513E+00   -3.7672539110E-02   -5.5844062210E+02    3.5898380588E-02
    6.4399900000E-03    1.0791974528E+00    4.3940016191E-01   -5.5991915722E+02    4.3529483018E-02
    6.4599900000E-03    5.9623226572E-01    1.2928273112E-01   -5.6182647820E+02    6.1631859708E-02
    6.4799900000E-03    8.7053324951E-01   -4.8933634848E-01   -5.6398476988E+02    6.2074000678E-02
    6.4999900000E-03    1.2672472684E+00   -1.0535957589E-01   -5.6555252671E+02    6.0947582788E-02
    6.5199900000E-03    9.8226588850E-01    3.9744306486E-01   -5.6709571477E+02    5.3441114337E-02
    6.5399900000E-03    8.6389834476E-01   -2.1104410508E-02   -5.6911382618E+02    5.3974698736E-02
    6.5599900000E-03    1.1704157231E+00   -6.1657105053E-03   -5.7085425136E+02    5.5219664097E-02
    6.5799900000E-03    1.1399275735E+00    1.9441357320E-01   -5.7234860843E+02    6.0425464857E-02
    6.5999900000E-03    7.9046279094E-01    1.2629783432E-01   -5.7410858918E+02    6.9941585494E-02
    6.6199900000E-03    8.5243248878E-01   -4.3220116815E-01   -5.7621474927E+02    7.4234577205E-02
    6.6399900000E-03    1.2699296531E+00   -1.1913843272E-01   -5.7784284928E+02    7.9835760104E-02
    6.6599900000E-03    1.0146291616E+00    4.7952602420E-01   -5.7933072975E+02    7.4710048214E-02
    6.6799900000E-03    6.7622206452E-01    3.3134582981E-02   -5.8137891563E+02    7.2694407678E-02
    6.6999900000E-03    1.0488019985E+00   -2.8083383686E-01   -5.8330207740E+02    6.1801405342E-02
    6.7199900000E-03    1.2017200636E+00   -1.1778219578E-01   -5.8483673747E+02    5.1976721495E-02
    6.7399900000E-03    1.0207499350E+00    7.7263158872E-02   -5.8644211126E+02    4.7726969236E-02
    6.7599900000E-03    8.8638343311E-01   -3.0038451397E-01   -5.8842155340E+02    4.4444730721E-02
    6.7799900000E-03    1.2480882724E+00   -8.3588082962E-02   -5.9011396758E+02    5.1604569403E-02
    6.7999900000E-03    1.0367590044E+00    4.9533804747E-01   -5.9158500393E+02    5.4361709663E-02
    6.8199900000E-03    5.4882688269E-01    7.4008858386E-02   -5.9358821117E+02    6.4045149708E-02
    6.8399900000E-03    9.2879465925E-01   -4.8812554654E-01   -5.9568383461E+02    5.1584679396E-02
    6.8599900000E-03    1.2559322055E+00   -8.9425424712E-02   -5.9721850261E+02    4.4154932373E-02
    6.8799900000E-03    9.7352793049E-01    3.0478393072E-01   -5.9881481678E+02    3.5396128779E-02
    6.8999900000E-03    9.8158803836E-01   -6.4027108717E-02   -6.0078051887E+02    3.7964949494E-02
    6.9199900000E-03    1.2102601942E+00    9.2772897634E-02   -6.0243720844E+02    4.5306461407E-02
    6.9399900000E-03    1.0827998115E+00    3.1731761772E-01   -6.0394976734E+02    5.4858146474E-02
    6.9599900000E-03    6.8498613079E-01    7.4690307613E-02   -6.0581651792E+02    6.7478832206E-02
    6.9799900000E-03    9.1439153599E-01   -4.7722677023E-01   -6.0793024089E+02    7.0953441174E-02
    6.9999900000E-03    1.2744986200E+00   -2.8268571927E-02   -6.0948486803E+02    7.5643326822E-02
    7.0199900000E-03    9.4502573510E-01    4.5217150962E-01   -6.1103342055E+02    6.9012985059E-02
    7.0399900000E-03    7.6413538175E-01   -4.4169476931E-02   -6.1310630183E+02    6.6820098544E-02
    7.0599900000E-03    1.1231540088E+00   -1.6656232376E-01   -6.1491742698E+02    5.9900168824E-02
    7.0799900000E-03    1.1733085304E+00    2.0802914676E-02   -6.1641209498E+02    5.5408309776E-02
    7.0999900000E-03    8.8980985537E-01    8.4457836197E-02   -6.1810849252E+02    5.7684520811E-02
    7.1199900000E-03    8.9398462543E-01   -3.9016222200E-01   -6.2015822004E+02    5.7968930973E-02
    7.1399900000E-03    1.2660033276E+00   -4.8389586612E-02   -6.2178169492E+02    6.4911120791E-02
    7.1599900000E-03    9.7993007406E-01    4.9798595756E-01   -6.2328152263E+02    6.3169484506E-02
    7.1799900000E-03    5.9780320716E-01   -2.0193383750E-03   -6.2536215453E+02    6.3521040666E-02
    7.1999900000E-03    1.0086873257E+00   -4.1883099496E-01   -6.2734552049E+02    4.6662233553E-02
    7.2199900000E-03    1.2363197474E+00   -1.0723837301E-01   -6.2887130733E+02    3.6131450194E-02
    7.2399900000E-03    9.9804032077E-01    1.7540240384E-01   -6.3049918733E+02    2.6616432373E-02
    7.2599900000E-03    1.0002202673E+00   -1.7593669481E-01   -6.3243311588E+02    2.6680780757E-02
    7.2799900000E-03    1.2363952824E+00    1.1121971617E-01   -6.3405802046E+02    3.6178671262E-02
    7.2999900000E-03    1.0058240329E+00    4.1840313247E-01   -6.3558562565E+02    4.6797037270E-02
    7.3199900000E-03    5.9756964425E-01   -2.8154471681E-03   -6.3757226647E+02    6.3593517693E-02
    7.3399900000E-03    9.8402369698E-01   -4.9772333646E-01   -6.3964951853E+02    6.3166367811E-02
    7.3599900000E-03    1.2655467382E+00    5.3990096409E-02   -6.4114702303E+02    6.4917292618E-02
    7.3799900000E-03    8.9080619856E-01    3.8866548405E-01   -6.4277409585E+02    5.8029594270E-02
    7.3999900000E-03    8.9203714531E-01   -8.6546412298E-02   -6.4482405307E+02    5.7723324713E-02
    7.4199900000E-03    1.1737460033E+00   -2.0153667795E-02   -6.4651808730E+02    5.5373572821E-02
    7.4399900000E-03    1.1220681216E+00    1.6680485063E-01   -6.4801315538E+02    5.9925608283E-02
    7.4599900000E-03    7.6253236463E-01    4.0749147751E-02   -6.4982698449E+02    6.6778179131E-02
    7.4799900000E-03    9.4872945034E-01   -4.5265275899E-01   -6.5189831706E+02    6.8923547261E-02
    7.4999900000E-03    1.2744064495E+00    3.4059560934E-02   -6.5344385720E+02    7.5545667716E-02
    7.5199900000E-03    9.1037234798E-01    4.7628590563E-01   -6.5500162753E+02    7.0899445570E-02
    7.5399900000E-03    6.8628721617E-01   -7.8885129149E-02   -6.5711735243E+02    6.7342954542E-02
    7.5599900000E-03    1.0845915946E+00   -3.1749957296E-01   -6.5898117065E+02    5.4698135402E-02
    7.5799900000E-03    1.2101167714E+00   -9.0646427153E-02   -6.6049284989E+02    4.5175268399E-02
    7.5999900000E-03    9.7959780119E-01    6.2858305338E-02   -6.6215211888E+02    3.7778013427E-02
    7.6199900000E-03    9.7646148967E-01   -3.0512982329E-01   -6.6411743524E+02    3.5287625971E-02
    7.6399900000E-03    1.2559132522E+00    9.5026836463E-02   -6.6571043081E+02    4.4048248434E-02
    7.6599900000E-03    9.2467751045E-01    4.8722785519E-01   -6.6724780642E+02    5.1635139486E-02
    7.6799900000E-03    5.4959438350E-01   -7.9506166442E-02   -6.6934693751E+02    6.4044254057E-02
    7.6999900000E-03    1.0407994767E+00   -4.9434108748E-01   -6.7134585521E+02    5.4370822929E-02
    7.7199900000E-03    1.2471795589E+00    8.9240326554E-02   -6.7281515720E+02    5.1653931688E-02
    7.7399900000E-03    8.8388385601E-01    2.9845371693E-01   -6.7451152876E+02    4.4581287987E-02
    7.7599900000E-03    1.0229332858E+00   -7.7653710487E-02   -6.7649022604E+02    4.7880986880E-02
    7.7799900000E-03    1.2015628698E+00    1.1906051896E-01   -6.7809356803E+02    5.2080963355E-02
    7.7999900000E-03    1.0468749083E+00    2.8055131987E-01   -6.7962945795E+02    6.1932691080E-02
    7.8199900000E-03    6.7549182197E-01   -3.7555404333E-02   -6.8155557115E+02    7.2788132191E-02
    7.8399900000E-03    1.0185916915E+00   -4.7897120969E-01   -6.8360081869E+02    7.4752471160E-02
    7.8599900000E-03    1.2693244290E+00    1.2486448960E-01   -6.8508636005E+02    7.9819959165E-02
    7.8799900000E-03    8.4876457182E-01    4.3025393097E-01   -6.8671827445E+02    7.4293794610E-02
    7.8999900000E-03    7.9264984404E-01   -1.2946038199E-01   -6.8882496830E+02    6.9923996410E-02
    7.9199900000E-03    1.1409907266E+00   -1.9423931360E-01   -6.9058222305E+02    6.0368375853E-02
    7.9399900000E-03    1.1698569339E+00    7.0834170988E-03   -6.9207661059E+02    5.5205895148E-02
    7.9599900000E-03    8.6199583734E-01    1.8354023973E-02   -6.9381971685E+02    5.3901000074E-02
    7.9799900000E-03    9.8579177876E-01   -3.9755075361E-01   -6.9583656308E+02    5.3379661444E-02
    7.9999900000E-03    1.2669778500E+00    1.1126130291E-01   -6.9737669483E+02    6.0853697066E-02
    8.0199900000E-03    8.6600529718E-01    4.8799374855E-01   -6.9894774725E+02    6.2098191998E-02
    8.0399900000E-03    5.9747584206E-01   -1.3452249202E-01   -7.0110875979E+02    6.1547221063E-02
    8.0599900000E-03    1.0823705179E+00   -4.3864988843E-01   -7.0301211175E+02    4.3440959449E-02
    8.0799900000E-03    1.2256636191E+00    4.2803689291E-02   -7.0448941685E+02    3.5871594183E-02
    8.0999900000E-03    9.3261980360E-01    1.7333166422E-01   -7.0621421848E+02    2.7311941356E-02
    8.1199900000E-03    1.0726592864E+00   -1.3714067342E-01   -7.0812998805E+02    3.2126070121E-02
    8.1399900000E-03    1.2226042103E+00    2.0450865437E-01   -7.0968569634E+02    4.0546807455E-02
    8.1599900000E-03    9.4463288660E-01    3.7321009364E-01   -7.1126608843E+02    5.2889956596E-02
    8.1799900000E-03    6.1897065448E-01   -1.2531459854E-01   -7.1331271160E+02    6.6664495947E-02
    8.1999900000E-03    1.0848400773E+00   -4.6820017474E-01   -7.1529530161E+02    6.5942002287E-02
    8.2199900000E-03    1.2455907627E+00    1.9931896192E-01   -7.1674509461E+02    6.7613717015E-02
    8.2399900000E-03    8.0790468567E-01    3.4645503183E-01   -7.1846648133E+02    6.2978458467E-02
    8.2599900000E-03    9.2557139332E-01   -1.4289248724E-01   -7.2052336000E+02    6.0890955527E-02
    8.2799900000E-03    1.1789238011E+00   -4.4778800759E-02   -7.2217436317E+02    5.4947925361E-02
    8.2999900000E-03    1.1056016902E+00    1.4195506448E-01   -7.2367972598E+02    5.9219098253E-02
    8.3199900000E-03    7.4976956078E-01   -4.8021623940E-02   -7.2554478005E+02    6.2922764581E-02
    8.3399900000E-03    1.0419449366E+00   -4.3640349746E-01   -7.2755824386E+02    6.3980267528E-02
    8.3599900000E-03    1.2620398786E+00    1.8093108049E-01   -7.2904103590E+02    6.9558389596E-02
    8.3799900000E-03    8.0666399547E-01    4.3842097385E-01   -7.3068410474E+02    6.7778348448E-02
    8.3999900000E-03    7.0595395017E-01   -1.8875925601E-01   -7.3284618803E+02    6.1905433719E-02
    8.4199900000E-03    1.1254547463E+00   -3.4365591284E-01   -7.3464635824E+02    4.7344531196E-02
    8.4399900000E-03    1.2043407982E+00   -1.1689650228E-02   -7.3613728977E+02    3.8351827770E-02
    8.4599900000E-03    9.4346653171E-01    3.9374120774E-02   -7.3787166855E+02    2.9107045851E-02
    8.4799900000E-03    1.0677266428E+00   -2.5912522058E-01   -7.3979593135E+02    3.0414632608E-02
    8.4999900000E-03    1.2377052711E+00    2.4062811291E-01   -7.4131631829E+02    3.8724314222E-02
    8.5199900000E-03    8.3028661121E-01    4.2668248392E-01   -7.4293553871E+02    5.2163640559E-02
    8.5399900000E-03    5.9571963063E-01   -2.1831739141E-01   -7.4509573288E+02    6.4552107630E-02
    8.5599900000E-03    1.1389353045E+00   -4.4423513562E-01   -7.4698545591E+02    5.8296529346E-02
    8.5799900000E-03    1.2125691292E+00    2.4004757812E-01   -7.4842181869E+02    5.6380136616E-02
    8.5999900000E-03    8.1364149483E-01    2.4895991569E-01   -7.5022221935E+02    5.2307920623E-02
    8.6199900000E-03    1.0571603167E+00   -9.0483854061E-02   -7.5218641142E+02    5.4171709185E-02
    8.6399900000E-03    1.1919348785E+00    1.1507222860E-01   -7.5375173830E+02    5.5502629245E-02
    8.6599900000E-03    1.0113655090E+00    2.4602790983E-01   -7.5531464401E+02    6.5114605334E-02
    8.6799900000E-03    6.8313387340E-01   -1.4511875633E-01   -7.5729617616E+02    7.3728310277E-02
    8.6999900000E-03    1.1104899965E+00   -4.4000851072E-01   -7.5925594357E+02    7.5120183040E-02
    8.7199900000E-03    1.2438124341E+00    2.6090702175E-01   -7.6069745860E+02    7.8321926358E-02
    8.7399900000E-03    7.5945117798E-01    3.7113708927E-01   -7.6242645483E+02    7.5274629361E-02
    8.7599900000E-03    8.3023174575E-01   -2.1021123171E-01   -7.6454232833E+02    6.8239285194E-02
    8.7799900000E-03    1.1601822413E+00   -2.2414523225E-01   -7.6624623869E+02    5.7312897597E-02
    8.7999900000E-03    1.1639862959E+00    1.0166334404E-02   -7.6774583331E+02    5.1490087922E-02
    8.8199900000E-03    8.5183984056E-01   -5.2240181048E-02   -7.6954037564E+02    4.6878194477E-02
    8.8399900000E-03    1.0773345220E+00   -3.5756851063E-01   -7.7149768998E+02    4.7122254393E-02
    8.8599900000E-03    1.2452710498E+00    2.6141897740E-01   -7.7297672516E+02    5.3519573296E-02
    8.8799900000E-03    7.5070308442E-01    4.3257168227E-01   -7.7463679978E+02    6.0740825120E-02
    8.8999900000E-03    6.2871225531E-01   -2.7324586629E-01   -7.7685186059E+02    6.0315128564E-02
    8.9199900000E-03    1.1637242057E+00   -4.0787470254E-01   -7.7865707439E+02    4.4315667717E-02
    8.9399900000E-03    1.1836404266E+00    2.0420885139E-01   -7.8010856526E+02    3.8546709027E-02
    8.9599900000E-03    8.8263216783E-01    1.3930261192E-01   -7.8193881344E+02    3.3654344291E-02
    8.9799900000E-03    1.1293562869E+00   -7.2450649496E-02   -7.8381094375E+02    4.0568941637E-02
    8.9999900000E-03    1.1953583839E+00    2.3909057846E-01   -7.8532986920E+02    4.7668806274E-02
    9.0199900000E-03    8.9337432096E-01    3.1297121412E-01   -7.8696069756E+02    5.9650446864E-02
    9.0399900000E-03    6.6134893800E-01   -2.3802650059E-01   -7.8904965285E+02    7.0332339534E-02
    9.0599900000E-03    1.1665241592E+00   -4.0449037634E-01   -7.9092889026E+02    7.0466951323E-02
    9.0799900000E-03    1.2054123782E+00    3.2020589629E-01   -7.9235614343E+02    7.0558332214E-02
    9.0999900000E-03    7.3955844643E-01    2.7741445898E-01   -7.9417686495E+02    6.8016686554E-02
    9.1199900000E-03    9.5942003444E-01   -1.9205912516E-01   -7.9621766628E+02    6.3415713250E-02
    9.1399900000E-03    1.1850107364E+00   -7.9547117168E-02   -7.9782930700E+02    5.5160804312E-02
    9.1599900000E-03    1.0895657802E+00    1.1746473152E-01   -7.9935388420E+02    5.7643310746E-02
    9.1799900000E-03    7.5877852094E-01   -1.3689115372E-01   -8.0126559553E+02    5.8778547314E-02
    9.1999900000E-03    1.1249419959E+00   -3.8188866666E-01   -8.0320102270E+02    6.0060540626E-02
    9.2199900000E-03    1.2292519209E+00    3.0909466664E-01   -8.0464500156E+02    6.3851458020E-02
    9.2399900000E-03    7.0850724739E-01    3.6875674240E-01   -8.0638426399E+02    6.5627824694E-02
    9.2599900000E-03    7.4000903928E-01   -2.9602782102E-01   -8.0856869656E+02    5.6774934549E-02
    9.2799900000E-03    1.1758208527E+00   -3.3882578198E-01   -8.1029878811E+02    4.0488475110E-02
    9.2999900000E-03    1.1693005799E+00    1.1357126067E-01   -8.1178086794E+02    3.2498535102E-02
    9.3199900000E-03    9.2563190722E-01    8.1358588911E-03   -8.1360371677E+02    2.5042600033E-02
    9.3399900000E-03    1.1458542022E+00   -1.6056638603E-01   -8.1545937721E+02    3.1134886610E-02
    9.3599900000E-03    1.1961210684E+00    3.2225665045E-01   -8.1694566067E+02    3.9038237751E-02
    9.3799900000E-03    7.6224751843E-01    3.3606778049E-01   -8.1864476080E+02    5.5180768720E-02
    9.3999900000E-03    6.7226384578E-01   -3.3117685272E-01   -8.2082824045E+02    6.5374901096E-02
    9.4199900000E-03    1.2090176069E+00   -3.5402202593E-01   -8.2260989235E+02    6.2369385727E-02
    9.4399900000E-03    1.1544727251E+00    3.4990084778E-01   -8.2404543372E+02    5.9300092730E-02
    9.4599900000E-03    7.6793698574E-01    1.7284958979E-01   -8.2594431522E+02    5.7495423389E-02
    9.4799900000E-03    1.0804890412E+00   -1.1023805907E-01   -8.2787502334E+02    5.7153115486E-02
    9.4999900000E-03    1.1870284736E+00    8.9887692848E-02   -8.2941042028E+02    5.5376151616E-02
    9.5199900000E-03    9.7571935338E-01    2.0796662140E-01   -8.3100598524E+02    6.4288402124E-02
    9.5399900000E-03    7.1837561494E-01   -2.4201790456E-01   -8.3303223836E+02    6.9968731325E-02
    9.5599900000E-03    1.1824532742E+00   -3.6130275061E-01   -8.3489441656E+02    7.1949265842E-02
    9.5799900000E-03    1.1938199526E+00    3.6954595807E-01   -8.3632009826E+02    7.2762370069E-02
    9.5999900000E-03    6.8463146993E-01    2.8122106193E-01   -8.3815518257E+02    7.2006500196E-02
    9.6199900000E-03    8.7238085348E-01   -2.8642671267E-01   -8.4025761237E+02    6.2332550129E-02
    9.6399900000E-03    1.1838061070E+00   -2.4300821288E-01   -8.4190999643E+02    5.0679490797E-02
    9.6599900000E-03    1.1450442318E+00    4.7886107361E-02   -8.4342038868E+02    4.3890259998E-02
    9.6799900000E-03    8.7010452000E-01   -1.1663210021E-01   -8.4526990639E+02    3.7071479294E-02
    9.6999900000E-03    1.1579619761E+00   -2.5763748192E-01   -8.4713995672E+02    4.0410212370E-02
    9.7199900000E-03    1.1927868522E+00    3.7732748683E-01   -8.4859164666E+02    4.6093975292E-02
    9.7399900000E-03    6.5494919919E-01    3.2650504727E-01   -8.5035394091E+02    6.0281282696E-02
    9.7599900000E-03    7.0734853483E-01   -3.9626282888E-01   -8.5257939414E+02    6.0698886364E-02
    9.7799899999E-03    1.2285116761E+00   -3.1366371195E-01   -8.5427981547E+02    5.0845455533E-02
    9.7999899999E-03    1.1118586806E+00    3.2722018071E-01   -8.5574260311E+02    4.4913182120E-02
    9.8199899999E-03    8.5329894244E-01    8.1294277886E-02   -8.5766873956E+02    4.3724997423E-02
    9.8399899999E-03    1.1579979766E+00   -2.0416017091E-02   -8.5948652228E+02    4.9308673307E-02
    9.8599899999E-03    1.1688216346E+00    2.3196809845E-01   -8.6098978903E+02    5.5431580283E-02
    9.8799899999E-03    8.4890910834E-01    2.4071397746E-01   -8.6267146727E+02    6.6545787415E-02
    9.8999899999E-03    7.2703757236E-01   -3.3722491352E-01   -8.6478310715E+02    7.4650806928E-02
    9.9199899999E-03    1.2264663923E+00   -3.0901675230E-01   -8.6655516824E+02    7.6746244108E-02
    9.9399899999E-03    1.1429297205E+00    4.1299383181E-01   -8.6798651784E+02    7.4552900989E-02
    9.9599899999E-03    6.9294935445E-01    1.8745957228E-01   -8.6990702729E+02    7.3053347381E-02
    9.9799899999E-03    9.9488633117E-01   -2.3303101337E-01   -8.7191014044E+02    6.5455183667E-02
    9.9999899999E-03    1.1894102624E+00   -1.1038790810E-01   -8.7348690650E+02    5.5909668966E-02
    1.0019990000E-02    1.0697377649E+00    9.5415566534E-02   -8.7503839292E+02    5.5708398202E-02
    1.0039990000E-02    7.9310742837E-01   -2.1937022128E-01   -8.7698886053E+02    5.4599776773E-02
    1.0059990000E-02    1.1914146727E+00   -2.8905513833E-01   -8.7883062506E+02    5.7613303743E-02
    1.0079990000E-02    1.1711027533E+00    4.1196889416E-01   -8.8026301233E+02    5.9913419302E-02
    1.0099990000E-02    6.2318534852E-01    2.6844827245E-01   -8.8210735910E+02    6.4982988074E-02
    1.0119990000E-02    7.9768127149E-01   -3.9365065193E-01   -8.8428290345E+02    5.3305378316E-02
    1.0139990000E-02    1.2236972766E+00   -2.8202565993E-01   -8.8593557266E+02    3.8280021623E-02
    1.0159990000E-02    1.1014589561E+00    2.2776296310E-01   -8.8743701249E+02    3.0275107383E-02
    1.0179990000E-02    9.3314033594E-01   -2.5209914725E-02   -8.8933754972E+02    2.6955178771E-02
    1.0199990000E-02    1.1943269518E+00   -3.3808098047E-02   -8.9110676227E+02    3.5962145769E-02
    1.0219990000E-02    1.1449491577E+00    3.4509905541E-01   -8.9259219642E+02    4.4505967109E-02
    1.0239990000E-02    7.1934894451E-01    2.3249042727E-01   -8.9436372158E+02    5.9874724713E-02
    1.0259990000E-02    7.6580042151E-01   -4.1322943972E-01   -8.9653724858E+02    6.6911185544E-02
    1.0279990000E-02    1.2514384025E+00   -2.3586757914E-01   -8.9821896851E+02    6.7316213254E-02
    1.0299990000E-02    1.0777085526E+00    4.1955305726E-01   -8.9968254945E+02    6.2481590025E-02
    1.0319990000E-02    7.4898967913E-01    8.5260326627E-02   -9.0166650457E+02    6.1492181005E-02
    1.0339990000E-02    1.0977542637E+00   -1.3437445419E-01   -9.0355304520E+02    5.8803838929E-02
    1.0359990000E-02    1.1818621932E+00    5.4863096549E-02   -9.0506588204E+02    5.4906589366E-02
    1.0379990000E-02    9.4142854121E-01    1.6266886984E-01   -9.0669903902E+02    6.1839075203E-02
    1.0399990000E-02    7.7841945087E-01   -3.2020900321E-01   -9.0875082205E+02    6.4781912094E-02
    1.0419990000E-02    1.2315634268E+00   -2.5145207607E-01   -9.1051288548E+02    6.8480277205E-02
    1.0439990000E-02    1.1207858753E+00    4.4627584027E-01   -9.1195038763E+02    6.7379831072E-02
    1.0459990000E-02    6.3266865123E-01    1.7297494779E-01   -9.1389129562E+02    6.7948191194E-02
    1.0479990000E-02    9.2116551736E-01   -3.5195975189E-01   -9.1595893650E+02    5.5451616976E-02
    1.0499990000E-02    1.2129085245E+00   -2.2568572988E-01   -9.1756043837E+02    4.3032042828E-02
    1.0519990000E-02    1.0984862025E+00    1.1433535645E-01   -9.1909754566E+02    3.5092138550E-02
    1.0539990000E-02    9.1163191081E-01   -1.6102850841E-01   -9.2099765531E+02    2.8966226292E-02
    1.0559990000E-02    1.2125542879E+00   -1.0777995883E-01   -9.2276459465E+02    3.6263029316E-02
    1.0579990000E-02    1.1154039128E+00    4.3258486232E-01   -9.2422832555E+02    4.2965927309E-02
    1.0599990000E-02    6.0681207961E-01    1.9019771634E-01   -9.2609310353E+02    6.0699480446E-02
    1.0619990000E-02    8.1886887508E-01   -4.7102080449E-01   -9.2827990433E+02    6.1551291117E-02
    1.0639990000E-02    1.2614679526E+00   -1.7387298646E-01   -9.2988544609E+02    5.8295036115E-02
    1.0659990000E-02    1.0231914100E+00    3.8894972377E-01   -9.3139732210E+02    5.1211416966E-02
    1.0679990000E-02    8.5304443357E-01    1.0264373375E-02   -9.3339431312E+02    5.1646538550E-02
    1.0699990000E-02    1.1672943958E+00   -7.7657478841E-03   -9.3515912324E+02    5.4198515269E-02
    1.0719990000E-02    1.1491984144E+00    2.0387131567E-01   -9.3665508893E+02    5.9501804971E-02
    1.0739990000E-02    8.0882404997E-01    1.6234674178E-01   -9.3838946285E+02    6.9698775096E-02
    1.0759990000E-02    8.1150683796E-01   -4.0978626999E-01   -9.4050202911E+02    7.5065775525E-02
    1.0779990000E-02    1.2615868215E+00   -1.8259704504E-01   -9.4217234510E+02    7.9650525001E-02
    1.0799990000E-02    1.0578567509E+00    4.6831744635E-01   -9.4363675605E+02    7.5212408803E-02
    1.0819990000E-02    6.7476980461E-01    8.2023380709E-02   -9.4564939633E+02    7.3634643862E-02
    1.0839990000E-02    1.0314744891E+00   -2.6857759158E-01   -9.4759996343E+02    6.3539664707E-02
    1.0859990000E-02    1.1976974698E+00   -1.2218709519E-01   -9.4914671583E+02    5.3666224017E-02
    1.0879990000E-02    1.0392648037E+00    8.2063059108E-02   -9.5073290601E+02    5.0481922084E-02
    1.0899990000E-02    8.5424995718E-01   -2.8127506180E-01   -9.5270735220E+02    4.7482754481E-02
    1.0919990000E-02    1.2360930931E+00   -1.5289197020E-01   -9.5444569172E+02    5.3392813164E-02
    1.0939990000E-02    1.0828105308E+00    4.7989079666E-01   -9.5589818497E+02    5.5512315325E-02
    1.0959990000E-02    5.6316529197E-01    1.3745708333E-01   -9.5785337509E+02    6.4018809311E-02
    1.0979990000E-02    8.8353814561E-01   -4.6915121941E-01   -9.5998264221E+02    5.1522654778E-02
    1.0999990000E-02    1.2521053186E+00   -1.5826376269E-01   -9.6155170708E+02    4.1575744816E-02
    1.1019990000E-02    1.0123165104E+00    2.9552626226E-01   -9.6311161996E+02    3.2865885220E-02
    1.1039990000E-02    9.6299204940E-01   -5.3451786618E-02   -9.6506511731E+02    3.4266964120E-02
    1.1059990000E-02    1.2097558800E+00    6.6241775525E-02   -9.6675206276E+02    4.2620410806E-02
    1.1079990000E-02    1.1005807911E+00    3.2785485383E-01   -9.6825510891E+02    5.1976414140E-02
    1.1099990000E-02    6.9466892456E-01    1.2281244387E-01   -9.7009303909E+02    6.5205211876E-02
    1.1119990000E-02    8.6862462873E-01   -4.6460192608E-01   -9.7222934547E+02    6.9602203040E-02
    1.1139990000E-02    1.2716036546E+00   -9.4210077553E-02   -9.7382011686E+02    7.3357075533E-02
    1.1159990000E-02    9.8678122649E-01    4.5124777349E-01   -9.7533772978E+02    6.6976303391E-02
    1.1179990000E-02    7.5380879669E-01   -5.4034670901E-03   -9.7738900363E+02    6.5382651303E-02
    1.1199990000E-02    1.1143996862E+00   -1.5921162339E-01   -9.7922517220E+02    5.9712142499E-02
    1.1219990000E-02    1.1759758895E+00    2.5727802304E-02   -9.8072364742E+02    5.5081156886E-02
    1.1239990000E-02    9.0720974909E-01    1.0930437629E-01   -9.8239899678E+02    5.8785785181E-02
    1.1259990000E-02    8.5695153131E-01   -3.7440394032E-01   -9.8445354892E+02    5.9633458650E-02
    1.1279990000E-02    1.2596950641E+00   -1.1359850692E-01   -9.8611767229E+02    6.5728666709E-02
    1.1299990000E-02    1.0258943462E+00    4.9048241365E-01   -9.8759340828E+02    6.3805723530E-02
    1.1319990000E-02    6.0256438947E-01    5.2513894731E-02   -9.8963438519E+02    6.4564559006E-02
    1.1339990000E-02    9.7946365768E-01   -4.0444225011E-01   -9.9164840812E+02    4.8778338678E-02
    1.1359990000E-02    1.2337318920E+00   -1.5467779346E-01   -9.9319701458E+02    3.7190855648E-02
    1.1379990000E-02    1.0281344481E+00    1.6788438736E-01   -9.9479103286E+02    2.8033987474E-02
    1.1399990000E-02    9.7186976969E-01   -1.7675570915E-01   -9.9672193354E+02    2.6149667173E-02
    1.1419990000E-02    1.2352495197E+00    5.5549797709E-02   -9.9838502415E+02    3.5720716234E-02
    1.1439990000E-02    1.0362983891E+00    4.2913303810E-01   -9.9989098814E+02    4.5125655620E-02
    1.1459990000E-02    5.9616401512E-01    5.2710159761E-02   -1.0018443839E+03    6.2793177293E-02
    1.1479990000E-02    9.3628441661E-01   -4.9887429269E-01   -1.0039587643E+03    6.2926503403E-02
    1.1499990000E-02    1.2688013807E+00   -1.3180896270E-02   -1.0054842458E+03    6.4008396059E-02
    1.1519990000E-02    9.2914242772E-01    3.9881089153E-01   -1.0070729432E+03    5.6583242004E-02
    1.1539990000E-02    8.7593769141E-01   -5.9649400960E-02   -1.0091137768E+03    5.6700009101E-02
    1.1559990000E-02    1.1712994163E+00   -1.6180059502E-02   -1.0108292697E+03    5.5735174408E-02
    1.1579990000E-02    1.1305654706E+00    1.7477991246E-01   -1.0123226758E+03    6.0292661550E-02
    1.1599990000E-02    7.7512082392E-01    7.8026783675E-02   -1.0141118610E+03    6.8323159792E-02
    1.1619990000E-02    9.0711558861E-01   -4.4762383005E-01   -1.0162005874E+03    7.1245215836E-02
    1.1639990000E-02    1.2745300248E+00   -3.2202363669E-02   -1.0177801548E+03    7.7732001145E-02
    1.1659990000E-02    9.5578674184E-01    4.8282435765E-01   -1.0193051644E+03    7.2568624244E-02
    1.1679990000E-02    6.7882617415E-01   -3.0686186723E-02   -1.0213947723E+03    6.9779184009E-02
    1.1699990000E-02    1.0676482012E+00   -3.0499730321E-01   -1.0232862652E+03    5.7744431877E-02
    1.1719990000E-02    1.2082050727E+00   -1.0934427719E-01   -1.0248081537E+03    4.8025881060E-02
    1.1739990000E-02    9.9897901850E-01    7.0262496100E-02   -1.0264411440E+03    4.1810537841E-02
    1.1759990000E-02    9.3834904002E-01   -3.0690984913E-01   -1.0284142390E+03    3.8587225621E-02
    1.1779990000E-02    1.2555805320E+00    2.1471896782E-02   -1.0300476310E+03    4.7027758824E-02
    1.1799990000E-02    9.7160622639E-01    4.9771342000E-01   -1.0315540255E+03    5.2290199867E-02
    1.1819990000E-02    5.4265073015E-01   -1.4860773207E-02   -1.0336148726E+03    6.4146992804E-02
    1.1839990000E-02    9.9302959244E-01   -5.0025136176E-01   -1.0356588856E+03    5.3312663183E-02
    1.1859990000E-02    1.2545313543E+00    1.6050086924E-02   -1.0371520489E+03    4.9263013313E-02
    1.1879990000E-02    9.1907391868E-01    3.0954562098E-01   -1.0388044230E+03    4.1196537237E-02
    1.1899990000E-02    1.0045126016E+00   -7.1799375799E-02   -1.0407827267E+03    4.4484515016E-02
    1.1919990000E-02    1.2053656971E+00    1.1158110514E-01   -1.0424069475E+03    4.9867760846E-02
    1.1939990000E-02    1.0629348147E+00    2.9367053805E-01   -1.0439324803E+03    5.9581710350E-02
    1.1959990000E-02    6.7952570179E-01    1.0144293824E-02   -1.0458322754E+03    7.1161202883E-02
    1.1979990000E-02    9.7486255128E-01   -4.8292119268E-01   -1.0479089028E+03    7.3708985892E-02
    1.1999990000E-02    1.2739088717E+00    6.0597844331E-02   -1.0494215428E+03    7.9044062285E-02
    1.2019990000E-02    8.8953094190E-01    4.4527722155E-01   -1.0510154406E+03    7.2769023617E-02
    1.2039990000E-02    7.7728567847E-01   -9.3511937437E-02   -1.0531114361E+03    6.9368677271E-02
    1.2059990000E-02    1.1323921413E+00   -1.8443564415E-01   -1.0548931936E+03    6.0674802415E-02
    1.2079990000E-02    1.1719964805E+00    8.7556440114E-03   -1.0563872235E+03    5.5701307926E-02
    1.2099990000E-02    8.7442891836E-01    4.7140184399E-02   -1.0581086026E+03    5.5757905904E-02
    1.2119990000E-02    9.4648741581E-01   -3.9854322177E-01   -1.0601417478E+03    5.5396452418E-02
    1.2139990000E-02    1.2688901875E+00    4.3660752947E-02   -1.0617156572E+03    6.2965741165E-02
    1.2159990000E-02    9.1522852170E-01    4.9786921711E-01   -1.0632538370E+03    6.2587955507E-02
    1.2179990000E-02    5.9322483349E-01   -7.7114795975E-02   -1.0653832245E+03    6.2479544999E-02
    1.2199990000E-02    1.0490503838E+00   -4.3630286479E-01   -1.0673241013E+03    4.4500641623E-02
    1.2219990000E-02    1.2339299450E+00   -2.3850544485E-02   -1.0688199777E+03    3.5779494539E-02
    1.2239990000E-02    9.5769577425E-01    1.8059086248E-01   -1.0705021539E+03    2.6396050895E-02
    1.2259990000E-02    1.0432361619E+00   -1.5605114376E-01   -1.0724296876E+03    2.9386159957E-02
    1.2279990000E-02    1.2302946758E+00    1.7308919111E-01   -1.0740104950E+03    3.8292835937E-02
    1.2299990000E-02    9.7018229784E-01    3.9278672918E-01   -1.0755690035E+03    5.0207080205E-02
    1.2319990000E-02    6.0860811134E-01   -7.4408940710E-02   -1.0775912684E+03    6.5296297681E-02
    1.2339990000E-02    1.0442402693E+00   -4.8476626643E-01   -1.0796154351E+03    6.4620458143E-02
    1.2359990000E-02    1.2564206824E+00    1.4097944215E-01   -1.0810826020E+03    6.6633214892E-02
    1.2379990000E-02    8.4111000450E-01    3.6860281327E-01   -1.0827631122E+03    6.0991099023E-02
    1.2399990000E-02    9.0957491591E-01   -1.2077354718E-01   -1.0848210294E+03    5.9694393266E-02
    1.2419990000E-02    1.1760560463E+00   -3.5513276646E-02   -1.0864910236E+03    5.5078697433E-02
    1.2439990000E-02    1.1132783032E+00    1.5027119072E-01   -1.0879905647E+03    5.9437889930E-02
    1.2459990000E-02    7.5417525206E-01   -1.0099456819E-02   -1.0898333947E+03    6.4321398000E-02
    1.2479990000E-02    1.0035280645E+00   -4.4706807334E-01   -1.0918736436E+03    6.5667167519E-02
    1.2499990000E-02    1.2693197680E+00    1.2123022904E-01   -1.0933804695E+03    7.1874722695E-02
    1.2519990000E-02    8.4963637672E-01    4.5846131193E-01   -1.0949861541E+03    6.8763730309E-02
    1.2539990000E-02    6.9519649276E-01   -1.4327797231E-01   -1.0971320846E+03    6.3972260114E-02
    1.2559990000E-02    1.1070718637E+00   -3.3676357506E-01   -1.0989605592E+03    5.0217314982E-02
    1.2579990000E-02    1.2097257478E+00   -5.0999096924E-02   -1.1004594899E+03    4.0900023744E-02
    1.2599990000E-02    9.5732488121E-01    5.1626657538E-02   -1.1021604362E+03    3.2022594115E-02
    1.2619990000E-02    1.0311922512E+00   -2.8278827421E-01   -1.1041043698E+03    3.1441360123E-02
    1.2639990000E-02    1.2480023694E+00    1.8797483542E-01   -1.1056507233E+03    4.0084331453E-02
    1.2659990000E-02    8.6707938695E-01    4.5551535474E-01   -1.1072358538E+03    5.1379513481E-02
    1.2679990000E-02    5.7287893242E-01   -1.6341207082E-01   -1.1093746159E+03    6.4153858426E-02
    1.2699990000E-02    1.1014839182E+00   -4.7038243989E-01   -1.1113105305E+03    5.6661079118E-02
    1.2719990000E-02    1.2299316687E+00    1.8336447266E-01   -1.1127565360E+03    5.4821718669E-02
    1.2739990000E-02    8.3905105896E-01    2.7429808339E-01   -1.1145142682E+03    4.9540927251E-02
    1.2759990000E-02    1.0430454949E+00   -8.5628031050E-02   -1.1164886123E+03    5.2088008208E-02
    1.2779990000E-02    1.1952633356E+00    1.1747258442E-01   -1.1180691975E+03    5.4515431659E-02
    1.2799990000E-02    1.0271374157E+00    2.5888662188E-01   -1.1196197518E+03    6.4242477058E-02
    1.2819990000E-02    6.7784045836E-01   -1.0118394883E-01   -1.1215783691E+03    7.3789668575E-02
    1.2839990000E-02    1.0745461685E+00   -4.6066977991E-01   -1.1235754191E+03    7.5275401240E-02
    1.2859990000E-02    1.2570842198E+00    2.0785911222E-01   -1.1250320234E+03    7.9402859754E-02
    1.2879990000E-02    7.9472494160E-01    3.9989055402E-01   -1.1267195369E+03    7.5324997009E-02
    1.2899990000E-02    8.1293278116E-01   -1.7806623439E-01   -1.1288352682E+03    6.9392682219E-02
    1.2919990000E-02    1.1519231584E+00   -2.1386986422E-01   -1.1305617343E+03    5.8835318824E-02
    1.2939990000E-02    1.1677311339E+00    5.0249999261E-03   -1.1320588478E+03    5.3219066935E-02
    1.2959990000E-02    8.5441235203E-01   -2.2930738863E-02   -1.1338310679E+03    4.9793981505E-02
    1.2979990000E-02    1.0408290340E+00   -3.7922686123E-01   -1.1358155039E+03    4.9460020607E-02
    1.2999990000E-02    1.2571497094E+00    2.0342977721E-01   -1.1373163440E+03    5.6362312868E-02
    1.3019990000E-02    7.9678242196E-01    4.6083399412E-01   -1.1389383948E+03    6.1024197270E-02
    1.3039990000E-02    6.1039578812E-01   -2.1736557710E-01   -1.1411359561E+03    6.0553965179E-02
    1.3059990000E-02    1.1314730461E+00   -4.2839967032E-01   -1.1429831683E+03    4.3337125190E-02
    1.3079990000E-02    1.2045071135E+00    1.4332253275E-01   -1.1444408956E+03    3.7112363232E-02
    1.3099990000E-02    8.9962800782E-01    1.5768495348E-01   -1.1462294126E+03    3.0656689547E-02
    1.3119990000E-02    1.1095432955E+00   -9.8364654762E-02   -1.1481216912E+03    3.7205980547E-02
    1.3139990000E-02    1.2068751395E+00    2.3026047874E-01   -1.1496524802E+03    4.4795598645E-02
    1.3159990000E-02    9.1421089482E-01    3.3785514387E-01   -1.1512627407E+03    5.7028540519E-02
    1.3179990000E-02    6.4200869140E-01   -1.9334830213E-01   -1.1533358095E+03    6.8828338559E-02
    1.3199990000E-02    1.1359294148E+00   -4.3407521718E-01   -1.1552580530E+03    6.8518343125E-02
    1.3219990000E-02    1.2243965492E+00    2.7476960765E-01   -1.1566913918E+03    6.9386142173E-02
    1.3239990000E-02    7.6460172289E-01    3.0878791314E-01   -1.1584713704E+03    6.6103923178E-02
    1.3259990000E-02    9.4433205216E-01   -1.7392952202E-01   -1.1605223672E+03    6.2537175574E-02
    1.3279990000E-02    1.1825645142E+00   -6.7096816897E-02   -1.1621503198E+03    5.5037547269E-02
    1.3299990000E-02    1.0970441176E+00    1.2575762347E-01   -1.1636659438E+03    5.8263577948E-02
    1.3319990000E-02    7.5320072045E-01   -1.0100270409E-01   -1.1655585928E+03    6.0287260494E-02
    1.3339990000E-02    1.0931406638E+00   -4.0790633875E-01   -1.1675276093E+03    6.1294543129E-02
    1.3359990000E-02    1.2451834646E+00    2.6049558679E-01   -1.1689843550E+03    6.5822232423E-02
    1.3379990000E-02    7.4669854386E-01    4.0075088268E-01   -1.1706836253E+03    6.6242523534E-02
    1.3399990000E-02    7.2274675349E-01   -2.5410969637E-01   -1.1728631918E+03    5.8666102545E-02
    1.3419990000E-02    1.1549124425E+00   -3.4694802738E-01   -1.1746228291E+03    4.2728297567E-02
    1.3439990000E-02    1.1875835300E+00    6.2687879233E-02   -1.1761057297E+03    3.4444269284E-02
    1.3459990000E-02    9.2998314412E-01    2.2475164220E-02   -1.1778936049E+03    2.5875726407E-02
    1.3479990000E-02    1.1179583412E+00   -2.0359203635E-01   -1.1797791367E+03    3.0321458264E-02
    1.3499990000E-02    1.2146153331E+00    2.9773156177E-01   -1.1812746649E+03    3.8274276721E-02
    1.3519990000E-02    7.8683890206E-01    3.7383044898E-01   -1.1829427973E+03    5.3847215417E-02
    1.3539990000E-02    6.3917940714E-01   -2.8973043315E-01   -1.1851207552E+03    6.5214042324E-02
    1.3559990000E-02    1.1847302247E+00   -3.9390331884E-01   -1.1869451307E+03    6.0997470253E-02
    1.3579990000E-02    1.1803127761E+00    3.1174360782E-01   -1.1883772506E+03    5.8535232561E-02
    1.3599990000E-02    7.8222480039E-01    2.0598083625E-01   -1.1902381565E+03    5.5986140316E-02
    1.3619990000E-02    1.0716727503E+00   -1.0199122652E-01   -1.1921846924E+03    5.6483395038E-02
    1.3639990000E-02    1.1885724213E+00    1.0079992489E-01   -1.1937315755E+03    5.5747934582E-02
    1.3659990000E-02    9.9048070167E-01    2.2309418325E-01   -1.1953132435E+03    6.5102840289E-02
    1.3679990000E-02    7.0120230935E-01   -2.0515873641E-01   -1.1973231099E+03    7.1958769004E-02
    1.3699990000E-02    1.1565002834E+00   -3.9695737625E-01   -1.1992251666E+03    7.3575541901E-02
    1.3719990000E-02    1.2167757663E+00    3.3019314105E-01   -1.2006537859E+03    7.5330767133E-02
    1.3739990000E-02    7.1180451513E-01    3.2028361388E-01   -1.2024460137E+03    7.3752167973E-02
    1.3759990000E-02    8.5432851866E-01   -2.5730758589E-01   -1.2045569658E+03    6.5078733054E-02
    1.3779990000E-02    1.1732192114E+00   -2.3968151031E-01   -1.2062301501E+03    5.3778675807E-02
    1.3799990000E-02    1.1556103815E+00    2.7247255306E-02   -1.2077351562E+03    4.7296158324E-02
    1.3819990000E-02    8.6012334364E-01   -9.2693173052E-02   -1.2095623282E+03    4.1064218693E-02
    1.3839990000E-02    1.1284345032E+00   -3.0409369511E-01   -1.2114696433E+03    4.2941196773E-02
    1.3859990000E-02    1.2174090453E+00    3.3786514064E-01   -1.2129275575E+03    4.8781415609E-02
    1.3879990000E-02    6.8796554862E-01    3.7430177680E-01   -1.2146483414E+03    6.0425868233E-02
    1.3899990000E-02    6.7002533885E-01   -3.5248327872E-01   -1.2168761625E+03    6.0582918066E-02
    1.3919990000E-02    1.2065922003E+00   -3.5808293612E-01   -1.2186176919E+03    4.7987326433E-02
    1.3939990000E-02    1.1430800915E+00    2.8616850524E-01   -1.2200710489E+03    4.2335850459E-02
    1.3959990000E-02    8.6127055450E-01    1.0696781052E-01   -1.2219619765E+03    3.9854647307E-02
    1.3979990000E-02    1.1499039358E+00   -3.6091604031E-02   -1.2238017064E+03    4.6252035184E-02
    1.3999990000E-02    1.1781900493E+00    2.3837365433E-01   -1.2253097436E+03    5.2747645426E-02
    1.4019990000E-02    8.6622259352E-01    2.6995356433E-01   -1.2269711673E+03    6.4124575081E-02
    1.4039990000E-02    6.9852309800E-01   -3.0046324783E-01   -1.2290761370E+03    7.3243457055E-02
    1.4059990000E-02    1.2057014145E+00   -3.5054379535E-01   -1.2308905162E+03    7.4473406590E-02
    1.4079990000E-02    1.1704112953E+00    3.8050565399E-01   -1.2323169202E+03    7.3240011934E-02
    1.4099990000E-02    7.0793247750E-01    2.2533684684E-01   -1.2341985215E+03    7.1463170716E-02
    1.4119990000E-02    9.8030284885E-01   -2.1814230248E-01   -1.2362191306E+03    6.5021703550E-02
    1.4139990000E-02    1.1876054224E+00   -1.0054410891E-01   -1.2378093921E+03    5.5728294823E-02
    1.4159990000E-02    1.0787583375E+00    1.0280163380E-01   -1.2393494373E+03    5.6713436756E-02
    1.4179990000E-02    7.7663548005E-01   -1.8845948475E-01   -1.2412857461E+03    5.6462169757E-02
    1.4199990000E-02    1.1676651020E+00   -3.3025628022E-01   -1.2431658607E+03    5.8626109661E-02
    1.4219990000E-02    1.1973268666E+00    3.7519815632E-01   -1.2445993702E+03    6.1437981259E-02
    1.4239990000E-02    6.5427684994E-01    3.1161601894E-01   -1.2464015657E+03    6.5245696093E-02
    1.4259990000E-02    7.7171487282E-01   -3.5729464728E-01   -1.2485850050E+03    5.4499650689E-02
    1.4279990000E-02    1.2065849203E+00   -3.1173019191E-01   -1.2502690261E+03    3.8545752677E-02
    1.4299990000E-02    1.1312629308E+00    1.8783915849E-01   -1.2517587305E+03    3.0666152026E-02
    1.4319990000E-02    9.2713801006E-01   -1.2267998598E-02   -1.2536316572E+03    2.5505778095E-02
    1.4339990000E-02    1.1795694646E+00   -8.3424108780E-02   -1.2554355419E+03    3.3675657658E-02
    1.4359990000E-02    1.1647835990E+00    3.4176762623E-01   -1.2569183445E+03    4.1820129941E-02
    1.4379990000E-02    7.3358334428E-01    2.7373445445E-01   -1.2586624986E+03    5.7838586449E-02
    1.4399990000E-02    7.2812610849E-01   -3.8476653020E-01   -1.2608434581E+03    6.6057705767E-02
    1.4419990000E-02    1.2378268482E+00   -2.8462719478E-01   -1.2625631360E+03    6.5099197339E-02
    1.4439990000E-02    1.1094040449E+00    3.9696043729E-01   -1.2640127611E+03    6.0980994484E-02
    1.4459990000E-02    7.5323744555E-01    1.1980969192E-01   -1.2659657396E+03    5.9856292989E-02
    1.4479990000E-02    1.0912169556E+00   -1.2523053240E-01   -1.2678705674E+03    5.8118588427E-02
    1.4499990000E-02    1.1842062522E+00    6.8193299461E-02   -1.2693913731E+03    5.4976246617E-02
    1.4519990000E-02    9.5473261726E-01    1.8107198127E-01   -1.2710094324E+03    6.2707379165E-02
    1.4539990000E-02    7.5286945184E-01   -2.9237477869E-01   -1.2730539693E+03    6.6622423551E-02
    1.4559990000E-02    1.2151707449E+00   -2.9694539084E-01   -1.2748546801E+03    6.9530944672E-02
    1.4579990000E-02    1.1514439620E+00    4.2036045478E-01   -1.2762846414E+03    6.9085633093E-02
    1.4599990000E-02    6.4983936052E-01    2.1603752216E-01   -1.2781854294E+03    6.9288071165E-02
    1.4619990000E-02    9.0144250686E-01   -3.2841787873E-01   -1.2802690123E+03    5.7966420709E-02
    1.4639990000E-02    1.2019950731E+00   -2.3743681164E-01   -1.2818901491E+03    4.5737843972E-02
    1.4659990000E-02    1.1196737790E+00    8.8614039920E-02   -1.2834143204E+03    3.8298811191E-02
    1.4679990000E-02    8.9351126765E-01   -1.4675762390E-01   -1.2852967343E+03    3.1471311960E-02
    1.4699990000E-02    1.1953372594E+00   -1.6904044172E-01   -1.2871040929E+03    3.7292813442E-02
    1.4719990000E-02    1.1465567486E+00    4.1892786686E-01   -1.2885591061E+03    4.3363959721E-02
    1.4739990000E-02    6.1995760449E-01    2.4322748659E-01   -1.2903859229E+03    6.0239471330E-02
    1.4759990000E-02    7.7485753710E-01   -4.4829728806E-01   -1.2925923544E+03    6.1043362301E-02
    1.4779990000E-02    1.2524055261E+00   -2.3053633351E-01   -1.2942325753E+03    5.5457440787E-02
    1.4799990000E-02    1.0579998679E+00    3.7227206156E-01   -1.2957220835E+03    4.8836834476E-02
    1.4819990000E-02    8.4972096454E-01    3.7611254841E-02   -1.2976955528E+03    4.8933635357E-02
    1.4839990000E-02    1.1648560549E+00   -9.2653215732E-03   -1.2994803017E+03    5.2727991527E-02
    1.4859990000E-02    1.1564451561E+00    2.1517351095E-01   -1.3009786110E+03    5.8260156938E-02
    1.4879990000E-02    8.2354624134E-01    1.9265068703E-01   -1.3026927990E+03    6.8952627250E-02
    1.4899990000E-02    7.7793001993E-01   -3.8600715238E-01   -1.3048078720E+03    7.5349568764E-02
    1.4919990000E-02    1.2511389468E+00   -2.3355180866E-01   -1.3065156542E+03    7.8969051444E-02
    1.4939990000E-02    1.0922917086E+00    4.5210779363E-01   -1.3079643552E+03    7.5302353190E-02
    1.4959990000E-02    6.7840147533E-01    1.2284792899E-01   -1.3099438972E+03    7.3899172789E-02
    1.4979990000E-02    1.0177768851E+00   -2.5555619112E-01   -1.3119155328E+03    6.4658361719E-02
    1.4999990000E-02    1.1939607035E+00   -1.2025598482E-01   -1.3134729631E+03    5.4912205406E-02
    1.5019990000E-02    1.0520496643E+00    8.6465008142E-02   -1.3150452176E+03    5.2771151702E-02
    1.5039990000E-02    8.2842582474E-01   -2.6131792521E-01   -1.3170132375E+03    5.0367314484E-02
    1.5059990000E-02    1.2221501670E+00   -2.0883671198E-01   -1.3187910816E+03    5.5111650099E-02
    1.5079990000E-02    1.1192341117E+00    4.5930773412E-01   -1.3202322910E+03    5.7041328221E-02
    1.5099990000E-02    5.8188745398E-01    1.8942875303E-01   -1.3221460569E+03    6.4235860769E-02
    1.5119990000E-02    8.4834342672E-01   -4.4477434804E-01   -1.3242973066E+03    5.1805898806E-02
    1.5139990000E-02    1.2444479692E+00   -2.1209995501E-01   -1.3258978473E+03    3.9619518445E-02
    1.5159990000E-02    1.0468051091E+00    2.7668775586E-01   -1.3274313848E+03    3.1141387211E-02
    1.5179990000E-02    9.4985535353E-01   -4.3932605167E-02   -1.3293685246E+03    3.1037950532E-02
    1.5199990000E-02    1.2072205092E+00    3.5443472242E-02   -1.3310842926E+03    4.0073264383E-02
    1.5219990000E-02    1.1158744542E+00    3.3757714489E-01   -1.3325798025E+03    4.9245765264E-02
    1.5239990000E-02    7.0230840572E-01    1.6389428563E-01   -1.3343938884E+03    6.3198295325E-02
    1.5259990000E-02    8.2979488724E-01   -4.4930721201E-01   -1.3365469038E+03    6.8495377910E-02
    1.5279990000E-02    1.2664409846E+00   -1.4901190938E-01   -1.3381702482E+03    7.1102187159E-02
    1.5299990000E-02    1.0216449150E+00    4.4397927869E-01   -1.3396650972E+03    6.5184771231E-02
    1.5319990000E-02    7.4962598392E-01    2.8099624245E-02   -1.3416939221E+03    6.3967270885E-02
    1.5339990000E-02    1.1082329189E+00   -1.4976776420E-01   -1.3435492630E+03    5.9483565710E-02
    1.5359990000E-02    1.1778919456E+00    3.5377191218E-02   -1.3450520222E+03    5.4939525722E-02
    1.5379990000E-02    9.1966324734E-01    1.2997410351E-01   -1.3467115742E+03    6.0022712556E-02
    1.5399990000E-02    8.2622072349E-01   -3.5778867603E-01   -1.3487680968E+03    6.1566270463E-02
    1.5419990000E-02    1.2516949506E+00   -1.6750672497E-01   -1.3504678196E+03    6.6769797810E-02
    1.5439990000E-02    1.0631756924E+00    4.7826688940E-01   -1.3519265455E+03    6.4947846483E-02
    1.5459990000E-02    6.1137602875E-01    9.8054163698E-02   -1.3539318168E+03    6.5766744013E-02
    1.5479990000E-02    9.5690653136E-01   -3.8668710854E-01   -1.3559675981E+03    5.1157087146E-02
    1.5499990000E-02    1.2278712348E+00   -1.8824867110E-01   -1.3575361801E+03    3.8961150974E-02
    1.5519990000E-02    1.0556706689E+00    1.5165617892E-01   -1.3591052111E+03    3.0234921532E-02
    1.5539990000E-02    9.4773688601E-01   -1.7526509642E-01   -1.3610282634E+03    2.6527074151E-02
    1.5559990000E-02    1.2307043905E+00   -2.1251664917E-03   -1.3627283029E+03    3.5677885227E-02
    1.5579990000E-02    1.0638263856E+00    4.3629293200E-01   -1.3642164024E+03    4.3953655494E-02
    1.5599990000E-02    5.9632640487E-01    1.0213874993E-01   -1.3661399058E+03    6.2064550463E-02
    1.5619990000E-02    8.9364633959E-01   -4.9413218981E-01   -1.3682837889E+03    6.2554391993E-02
    1.5639990000E-02    1.2686593374E+00   -7.2871113493E-02   -1.3698364093E+03    6.2423099801E-02
    1.5659990000E-02    9.6347532885E-01    4.0046121689E-01   -1.3713946716E+03    5.4869742403E-02
    1.5679990000E-02    8.6616072390E-01   -3.4691473854E-02   -1.3734224831E+03    5.5275243880E-02
    1.5699990000E-02    1.1701687317E+00   -1.0720384531E-02   -1.3751551785E+03    5.5648286792E-02
    1.5719990000E-02    1.1369901920E+00    1.8561346212E-01   -1.3766489879E+03    6.0527772837E-02
    1.5739990000E-02    7.8574932145E-01    1.0933770153E-01   -1.3784185856E+03    6.9526489698E-02
    1.5759990000E-02    8.7152054891E-01   -4.3867603688E-01   -1.3805192660E+03    7.3291426582E-02
    1.5779990000E-02    1.2722057674E+00   -8.8943509060E-02   -1.3821301491E+03    7.9293209869E-02
    1.5799990000E-02    9.9427996960E-01    4.8240196190E-01   -1.3836302615E+03    7.4063798781E-02
    1.5819990000E-02    6.7597316619E-01    1.0853542232E-02   -1.3856939445E+03    7.1808194735E-02
    1.5839990000E-02    1.0547515000E+00   -2.9051248589E-01   -1.3876069381E+03    6.0447275252E-02
    1.5859990000E-02    1.2044397727E+00   -1.1737207371E-01   -1.3891375078E+03    5.0618738819E-02
    1.5879990000E-02    1.0140003775E+00    7.4628311250E-02   -1.3907517283E+03    4.5613380631E-02
    1.5899990000E-02    9.0501173384E-01   -3.0384755051E-01   -1.3927293619E+03    4.2201237859E-02
    1.5919990000E-02    1.2517405064E+00   -4.5754445160E-02   -1.3944004062E+03    4.9929258716E-02
    1.5939990000E-02    1.0133346084E+00    4.9866199516E-01   -1.3958832022E+03    5.3471692470E-02
    1.5959990000E-02    5.4422631382E-01    4.2121579141E-02   -1.3979078151E+03    6.4125987719E-02
    1.5979990000E-02    9.5139255133E-01   -4.9550520166E-01   -1.3999866580E+03    5.2225760465E-02
    1.5999990000E-02    1.2566377183E+00   -5.0977701857E-02   -1.4015053107E+03    4.6211372425E-02
    1.6019990000E-02    9.5299911081E-01    3.0953079730E-01   -1.4031213751E+03    3.7608297106E-02
    1.6039990000E-02    9.8963914323E-01   -6.6554890002E-02   -1.4050933892E+03    4.0564579392E-02
    1.6059990000E-02    1.2086063004E+00    1.0147137309E-01   -1.4067376017E+03    4.7158480755E-02
    1.6079990000E-02    1.0756560021E+00    3.0794976367E-01   -1.4082550494E+03    5.6757170246E-02
    1.6099990000E-02    6.8322781754E-01    5.1049899675E-02   -1.4101336929E+03    6.8976752390E-02
    1.6119990000E-02    9.3661640206E-01   -4.8066537722E-01   -1.4122346000E+03    7.2096942326E-02
    1.6139990000E-02    1.2749755258E+00    4.3825289019E-03   -1.4137733692E+03    7.7164380211E-02
    1.6159990000E-02    9.2467248788E-01    4.5141320924E-01   -1.4153378649E+03    7.0571090156E-02
    1.6179990000E-02    7.6793931291E-01   -6.2356074583E-02   -1.4174204713E+03    6.7956534059E-02
    1.6199990000E-02    1.1262056241E+00   -1.7372933671E-01   -1.4192214613E+03    6.0296606124E-02
    1.6219990000E-02    1.1729182244E+00    1.5055948408E-02   -1.4207158654E+03    5.5620439824E-02
    1.6239990000E-02    8.8439204650E-01    7.0745407055E-02   -1.4224211669E+03    5.7024626659E-02
    1.6259990000E-02    9.1334648500E-01   -3.9450001858E-01   -1.4244655687E+03    5.7014326897E-02
    1.6279990000E-02    1.2677752684E+00   -1.4335409265E-02   -1.4260703221E+03    6.4289036117E-02
    1.6299990000E-02    9.5617025608E-01    4.9961611834E-01   -1.4275837264E+03    6.2931355397E-02
    1.6319990000E-02    5.9496083378E-01   -2.9665030257E-02   -1.4296833298E+03    6.3129713861E-02
    1.6339990000E-02    1.0230724553E+00   -4.2692372528E-01   -1.4316520443E+03    4.5735060830E-02
    1.6359990000E-02    1.2365491090E+00   -7.7800478286E-02   -1.4331664318E+03    3.5867714944E-02
    1.6379990000E-02    9.8222711112E-01    1.7929411954E-01   -1.4348140744E+03    2.6270985471E-02
    1.6399990000E-02    1.0165791843E+00   -1.6968926912E-01   -1.4367471248E+03    2.7455935140E-02
    1.6419990000E-02    1.2348619900E+00    1.3746032348E-01   -1.4383541303E+03    3.6765150729E-02
    1.6439990000E-02    9.9188343320E-01    4.0914512148E-01   -1.4398937689E+03    4.7975342754E-02
    1.6459990000E-02    6.0125842399E-01   -3.0485149711E-02   -1.4418947523E+03    6.4160165163E-02
    1.6479990000E-02    1.0076477621E+00   -4.9410657981E-01   -1.4439523227E+03    6.3608971567E-02
    1.6499990000E-02    1.2627488326E+00    8.8150307264E-02   -1.4454374687E+03    6.5569719615E-02
    1.6519990000E-02    8.7128911592E-01    3.8220540732E-01   -1.4470848786E+03    5.9118071802E-02
    1.6539990000E-02    8.9853428741E-01   -1.0010943158E-01   -1.4491390989E+03    5.8462627344E-02
    1.6559990000E-02    1.1744708023E+00   -2.5872249505E-02   -1.4508240468E+03    5.5223392020E-02
    1.6579990000E-02    1.1186492980E+00    1.6017168601E-01   -1.4523205819E+03    5.9683680493E-02
    1.6599990000E-02    7.5875091708E-01    2.1111746666E-02   -1.4541459085E+03    6.5761506392E-02
    1.6619990000E-02    9.7030765620E-01   -4.5181429400E-01   -1.4562061333E+03    6.7544085971E-02
    1.6639990000E-02    1.2730582003E+00    6.8595530760E-02   -1.4577359226E+03    7.4079198445E-02
    1.6659990000E-02    8.8647976002E-01    4.7057528096E-01   -1.4593120777E+03    6.9955251305E-02
    1.6679990000E-02    6.8941419171E-01   -1.0426612935E-01   -1.4614406580E+03    6.5950535409E-02
    1.6699990000E-02    1.0931317002E+00   -3.2575688521E-01   -1.4632910228E+03    5.2892198604E-02
    1.6719990000E-02    1.2107134311E+00   -7.7477299934E-02   -1.4647977843E+03    4.3432997996E-02
    1.6739990000E-02    9.7043815035E-01    5.8820833769E-02   -1.4664727671E+03    3.5358580288E-02
    1.6759990000E-02    9.9827888000E-01   -2.9843489790E-01   -1.4684308402E+03    3.3482324531E-02
    1.6779990000E-02    1.2538323812E+00    1.3404565465E-01   -1.4700041267E+03    4.2264765561E-02
    1.6799990000E-02    9.0067203460E-01    4.7652564620E-01   -1.4715603080E+03    5.1352778119E-02
    1.6819990000E-02    5.5725404294E-01   -1.1388108804E-01   -1.4736770854E+03    6.4009911161E-02
    1.6839990000E-02    1.0660023390E+00   -4.8684319236E-01   -1.4756511904E+03    5.5210581616E-02
    1.6859990000E-02    1.2412705037E+00    1.2855713763E-01   -1.4771099361E+03    5.2990943744E-02
    1.6879990000E-02    8.6504528655E-01    2.9020436710E-01   -1.4788311437E+03    4.6616485216E-02
    1.6899990000E-02    1.0315192541E+00   -8.0742224316E-02   -1.4808092265E+03    4.9696766069E-02
    1.6919990000E-02    1.1989505308E+00    1.1959418368E-01   -1.4824030237E+03    5.3183366894E-02
    1.6939990000E-02    1.0387679074E+00    2.7185597212E-01   -1.4839448804E+03    6.3026698973E-02
    1.6959990000E-02    6.7548589583E-01   -6.3691296593E-02   -1.4858846982E+03    7.3381336548E-02
    1.6979990000E-02    1.0420385566E+00   -4.7323909702E-01   -1.4879111493E+03    7.5102877454E-02
    1.6999990000E-02    1.2652082815E+00    1.5965131283E-01   -1.4893839194E+03    7.9852655582E-02
    1.7019990000E-02    8.2631141978E-01    4.1922504934E-01   -1.4910382589E+03    7.4884210207E-02
    1.7039990000E-02    8.0095554885E-01   -1.4948989704E-01   -1.4931496872E+03    6.9899145547E-02
    1.7059990000E-02    1.1455225561E+00   -2.0181072539E-01   -1.4948942486E+03    5.9892870116E-02
    1.7079990000E-02    1.1689898438E+00    5.7566387458E-03   -1.4963897611E+03    5.4548362585E-02
    1.7099990000E-02    8.5757729230E-01    1.3808886457E-03   -1.4981450745E+03    5.2382951045E-02
    1.7119990000E-02    1.0086246974E+00   -3.9238185054E-01   -1.5001500118E+03    5.1861553332E-02
    1.7139990000E-02    1.2639788418E+00    1.5002769652E-01   -1.5016728984E+03    5.9136557388E-02
    1.7159990000E-02    8.3721348490E-01    4.7866853734E-01   -1.5032646171E+03    6.1655531598E-02
    1.7179990000E-02    6.0159615863E-01   -1.6868644934E-01   -1.5054422360E+03    6.1027563612E-02
    1.7199990000E-02    1.1026117297E+00   -4.3676754227E-01   -1.5073230030E+03    4.3131054636E-02
    1.7219990000E-02    1.2182548104E+00    8.4528366397E-02   -1.5087911998E+03    3.6170409504E-02
    1.7239990000E-02    9.1846803313E-01    1.6762716746E-01   -1.5105424979E+03    2.8390705316E-02
    1.7259990000E-02    1.0891167565E+00   -1.2210592030E-01   -1.5124493805E+03    3.4109020716E-02
    1.7279990000E-02    1.2165436833E+00    2.1809513365E-01   -1.5139933545E+03    4.2210111256E-02
    1.7299990000E-02    9.3093938483E-01    3.5934061002E-01   -1.5155867206E+03    5.4597309103E-02
    1.7319990000E-02    6.2752286227E-01   -1.5464784087E-01   -1.5176458667E+03    6.7534182389E-02
    1.7339990000E-02    1.1074104266E+00   -4.5522065894E-01   -1.5196032796E+03    6.6922419220E-02
    1.7359990000E-02    1.2374427845E+00    2.3239435158E-01   -1.5210451227E+03    6.8289795783E-02
    1.7379990000E-02    7.8893934732E-01    3.3126042006E-01   -1.5227915242E+03    6.4252497967E-02
    1.7399990000E-02    9.3423971347E-01   -1.5599390791E-01   -1.5248466295E+03    6.1594418315E-02
    1.7419990000E-02    1.1805874309E+00   -5.2742798924E-02   -1.5264873662E+03    5.4939681018E-02
    1.7439990000E-02    1.1014378678E+00    1.3587937447E-01   -1.5279971221E+03    5.8923337063E-02
    1.7459990000E-02    7.4965326008E-01   -7.1047269026E-02   -1.5298750025E+03    6.1917023404E-02
    1.7479990000E-02    1.0645350928E+00   -4.2619993424E-01   -1.5318704451E+03    6.2897601230E-02
    1.7499990000E-02    1.2557788519E+00    2.1600591128E-01   -1.5333409830E+03    6.8026716227E-02
    1.7519990000E-02    7.8065887739E-01    4.2338894490E-01   -1.5350081352E+03    6.7149545523E-02
    1.7539990000E-02    7.1321540676E-01   -2.1677405006E-01   -1.5371785977E+03    6.0560326768E-02
    1.7559990000E-02    1.1376380631E+00   -3.4606874581E-01   -1.5389613775E+03    4.5417923530E-02
    1.7579990000E-02    1.1986277477E+00    1.7557121535E-02   -1.5404484945E+03    3.6710162639E-02
    1.7599990000E-02    9.3656667690E-01    3.1363670647E-02   -1.5422053753E+03    2.7549283459E-02
    1.7619990000E-02    1.0899535006E+00   -2.3881566376E-01   -1.5441147387E+03    3.0197716555E-02
    1.7639990000E-02    1.2289423690E+00    2.6846136630E-01   -1.5456225422E+03    3.8304893621E-02
    1.7659990000E-02    8.0939798881E-01    4.0544573840E-01   -1.5472634737E+03    5.2850778370E-02
    1.7679990000E-02    6.1308218407E-01   -2.5095189644E-01   -1.5494339327E+03    6.4856952952E-02
    1.7699990000E-02    1.1602511624E+00   -4.2405221153E-01   -1.5512947820E+03    5.9422073024E-02
    1.7719990000E-02    1.1994021821E+00    2.7282503951E-01   -1.5527280878E+03    5.7302397454E-02
    1.7739990000E-02    7.9939404424E-01    2.3060628258E-01   -1.5545555192E+03    5.3939089068E-02
    1.7759990000E-02    1.0649753622E+00   -9.4123300012E-02   -1.5565119139E+03    5.5281402751E-02
    1.7779990000E-02    1.1901992213E+00    1.1143782650E-01   -1.5580685499E+03    5.5822086759E-02
    1.7799990000E-02    1.0011648445E+00    2.3713234446E-01   -1.5596402451E+03    6.5376121304E-02
    1.7819990000E-02    6.8924994089E-01   -1.7275546508E-01   -1.5616358686E+03    7.3309465444E-02
    1.7839990000E-02    1.1320392023E+00   -4.2294850602E-01   -1.5635704639E+03    7.4751263143E-02
    1.7859990000E-02    1.2329321251E+00    2.9302536524E-01   -1.5650049923E+03    7.7303620967E-02
    1.7879990000E-02    7.3770579078E-01    3.4954275068E-01   -1.5667621549E+03    7.4902143872E-02
    1.7899990000E-02    8.4192209072E-01   -2.3073105933E-01   -1.5688762410E+03    6.7146555515E-02
    1.7919990000E-02    1.1657562104E+00   -2.3028073726E-01   -1.5705659235E+03    5.6078694914E-02
    1.7939990000E-02    1.1605164455E+00    1.6154899198E-02   -1.5720679580E+03    5.0035629487E-02
    1.7959990000E-02    8.5277953261E-01   -7.1441708953E-02   -1.5738777938E+03    4.4720492145E-02
    1.7979990000E-02    1.1006290937E+00   -3.3799771395E-01   -1.5758148171E+03    4.5558103580E-02
    1.7999990000E-02    1.2345935175E+00    2.9711715061E-01   -1.5772826210E+03    5.1643394989E-02
    1.8019990000E-02    7.2128026557E-01    4.0913290115E-01   -1.5789695708E+03    6.0665631559E-02
    1.8039990000E-02    6.4527955998E-01   -3.0949320576E-01   -1.5811926783E+03    6.0299198975E-02
    1.8059990000E-02    1.1837603571E+00   -3.8842923752E-01   -1.5829693642E+03    4.5479660857E-02
    1.8079990000E-02    1.1668266588E+00    2.4141948967E-01   -1.5844203947E+03    3.9814196279E-02
    1.8099990000E-02    8.7344896020E-01    1.2459475443E-01   -1.5862780430E+03    3.5983074837E-02
    1.8119990000E-02    1.1403767507E+00   -5.5453189402E-02   -1.5881353909E+03    4.2869545709E-02
    1.8139990000E-02    1.1874668370E+00    2.4206616066E-01   -1.5896484759E+03    4.9733731173E-02
    1.8159990000E-02    8.7925828946E-01    2.9503095537E-01   -1.5912939754E+03    6.1492872781E-02
    1.8179990000E-02    6.7679548997E-01   -2.6761916726E-01   -1.5933925131E+03    7.1481263179E-02
    1.8199990000E-02    1.1855307025E+00   -3.8122232446E-01   -1.5952419603E+03    7.2025272155E-02
    1.8219990000E-02    1.1901558509E+00    3.4887493483E-01   -1.5966678157E+03    7.1512856081E-02
    1.8239990000E-02    7.2451930524E-01    2.5359689546E-01   -1.5985170724E+03    6.9376054365E-02
    1.8259990000E-02    9.7041892613E-01   -2.0331833435E-01   -1.6005486375E+03    6.4030355828E-02
    1.8279990000E-02    1.1864451456E+00   -8.7058760051E-02   -1.6021494408E+03    5.5297332249E-02
    1.8299990000E-02    1.0834973119E+00    1.1234733198E-01   -1.6036814927E+03    5.7293304816E-02
    1.8319990000E-02    7.6470138864E-01   -1.6184700294E-01   -1.6056066222E+03    5.7872345092E-02
    1.8339990000E-02    1.1457262321E+00   -3.6033041021E-01   -1.6075171914E+03    5.9491641369E-02
    1.8359990000E-02    1.2156437574E+00    3.4079059680E-01   -1.6089550146E+03    6.2776933650E-02
    1.8379990000E-02    6.8296019189E-01    3.4309972398E-01   -1.6107237974E+03    6.5422423962E-02
    1.8399990000E-02    7.5511514644E-01   -3.2424497433E-01   -1.6129083939E+03    5.5630031322E-02
    1.8419990000E-02    1.1901846014E+00   -3.2807597943E-01   -1.6146171097E+03    3.9398993593E-02
    1.8439990000E-02    1.1533353691E+00    1.4701721608E-01   -1.6161018134E+03    3.1484327793E-02
    1.8459990000E-02    9.2515435250E-01   -3.3452288018E-03   -1.6179482063E+03    2.4961639285E-02
    1.8479990000E-02    1.1628660751E+00   -1.2795409363E-01   -1.6197812670E+03    3.2037016007E-02
    1.8499990000E-02    1.1819206860E+00    3.3482128489E-01   -1.6212642640E+03    3.9985595238E-02
    1.8519990000E-02    7.4602710477E-01    3.0796859685E-01   -1.6229856078E+03    5.6276959529E-02
    1.8539990000E-02    6.9771353622E-01   -3.5839195197E-01   -1.6251706114E+03    6.5520788525E-02
    1.8559990000E-02    1.2238515053E+00   -3.2252130975E-01   -1.6269221452E+03    6.3372243779E-02
    1.8579990000E-02    1.1336958635E+00    3.7327243703E-01   -1.6283634351E+03    5.9791399638E-02
    1.8599990000E-02    7.6107017178E-01    1.4717338918E-01   -1.6302888667E+03    5.8383932998E-02
    1.8619990000E-02    1.0872504311E+00   -1.1517863944E-01   -1.6322061838E+03    5.7487598262E-02
    1.8639990000E-02    1.1856112289E+00    8.2978794093E-02   -1.6337338305E+03    5.5216453894E-02
    1.8659990000E-02    9.6369285607E-01    1.9688899259E-01   -1.6353412529E+03    6.3681868301E-02
    1.8679990000E-02    7.3319420462E-01   -2.6803329489E-01   -1.6373787811E+03    6.8592479898E-02
    1.8699990000E-02    1.1994963565E+00   -3.3207248929E-01   -1.6392111227E+03    7.0960596027E-02
    1.8719990000E-02    1.1743591366E+00    3.9544941254E-01   -1.6406376720E+03    7.1104057887E-02
    1.8739990000E-02    6.6735404560E-01    2.4996552866E-01   -1.6425051639E+03    7.0810575574E-02
    1.8759990000E-02    8.8787321631E-01   -3.0578583475E-01   -1.6445981432E+03    6.0411852150E-02
    1.8779990000E-02    1.1921764074E+00   -2.4039439784E-01   -1.6462348648E+03    4.8518912137E-02
    1.8799990000E-02    1.1339314465E+00    6.5445310120E-02   -1.6477514877E+03    4.1528725406E-02
    1.8819990000E-02    8.7856096871E-01   -1.3390127999E-01   -1.6496180826E+03    3.4607007597E-02
    1.8839990000E-02    1.1772598253E+00   -2.1961354037E-01   -1.6514594952E+03    3.9071485868E-02
    1.8859990000E-02    1.1718383232E+00    4.0083626426E-01   -1.6529105254E+03    4.4771981780E-02
    1.8879990000E-02    6.3459179461E-01    2.8767188295E-01   -1.6547048125E+03    6.0321878644E-02
    1.8899990000E-02    7.3907210523E-01   -4.2388168829E-01   -1.6569235933E+03    6.0681829550E-02
    1.8919990000E-02    1.2413633118E+00   -2.7566681041E-01   -1.6585940773E+03    5.2729829690E-02
    1.8939990000E-02    1.0864448879E+00    3.5023347757E-01   -1.6600686614E+03    4.6451014602E-02
    1.8959990000E-02    8.5233586277E-01    5.9497984787E-02   -1.6620183966E+03    4.5996516482E-02
    1.8979990000E-02    1.1629523980E+00   -1.1954268608E-02   -1.6638186847E+03    5.0914027874E-02
    1.8999990000E-02    1.1621974437E+00    2.2713607314E-01   -1.6653192777E+03    5.6838088101E-02
    1.9019990000E-02    8.3417644948E-01    2.1818016122E-01   -1.6670182003E+03    6.7833767587E-02
    1.9039990000E-02    7.5110350683E-01   -3.6343276516E-01   -1.6691340201E+03    7.5150560913E-02
    1.9059990000E-02    1.2399857072E+00   -2.7312976329E-01   -1.6708734980E+03    7.7944900071E-02
    1.9079990000E-02    1.1185916232E+00    4.3391826500E-01   -1.6723123622E+03    7.4976137354E-02
    1.9099990000E-02    6.8539688110E-01    1.5523897226E-01   -1.6742631332E+03    7.3573966382E-02
    1.9119990001E-02    1.0080495230E+00   -2.4230171968E-01   -1.6762497554E+03    6.5230206427E-02
    1.9139990001E-02    1.1912234766E+00   -1.1311068716E-01   -1.6778157508E+03    5.5655519512E-02
    1.9159990001E-02    1.0596034200E+00    9.2175393986E-02   -1.6793782465E+03    5.4659241238E-02
    1.9179990001E-02    8.0788796765E-01   -2.4286414992E-01   -1.6813404157E+03    5.3015144695E-02
    1.9199990001E-02    1.2080693716E+00   -2.5249226845E-01   -1.6831507466E+03    5.6818683090E-02
    1.9219990001E-02    1.1468237849E+00    4.3725905978E-01   -1.6845858613E+03    5.8777842606E-02
    1.9239990001E-02    6.0187177157E-01    2.3006604169E-01   -1.6864656221E+03    6.4685510747E-02
    1.9259990001E-02    8.2307343063E-01   -4.1892082836E-01   -1.6886295125E+03    5.2376850226E-02
    1.9279990001E-02    1.2346198595E+00   -2.5115430583E-01   -1.6902566488E+03    3.8491638154E-02
    1.9299990001E-02    1.0759495935E+00    2.5140946457E-01   -1.6917725446E+03    3.0251267858E-02
    1.9319990001E-02    9.4103774614E-01   -3.7342566755E-02   -1.6936915955E+03    2.8434620698E-02
    1.9339990001E-02    1.2026998879E+00    1.2594277023E-03   -1.6954340417E+03    3.7687433948E-02
    1.9359990001E-02    1.1294783249E+00    3.4549722827E-01   -1.6969235921E+03    4.6586057394E-02
    1.9379990001E-02    7.0755820975E-01    1.9847180339E-01   -1.6987184930E+03    6.1397929223E-02
    1.9399990001E-02    7.9778368217E-01   -4.3379900791E-01   -1.7008841342E+03    6.7502519897E-02
    1.9419990001E-02    1.2600822331E+00   -1.9292833467E-01   -1.7025351978E+03    6.8948024069E-02
    1.9439990001E-02    1.0494666478E+00    4.3294035348E-01   -1.7040140255E+03    6.3506748658E-02
    1.9459990001E-02    7.5029403681E-01    5.5383086900E-02   -1.7060217325E+03    6.2492899929E-02
    1.9479990001E-02    1.1048028097E+00   -1.3884881322E-01   -1.7078905041E+03    5.9079074296E-02
    1.9499990001E-02    1.1792929138E+00    4.8804130605E-02   -1.7093972040E+03    5.4959794797E-02
    1.9519990001E-02    9.2734677118E-01    1.4763707417E-01   -1.7110456987E+03    6.1200367376E-02
    1.9539990001E-02    8.0146095501E-01   -3.4229126381E-01   -1.7131029912E+03    6.3507281246E-02
    1.9559990001E-02    1.2432451076E+00   -2.1022687266E-01   -1.7148322447E+03    6.7941765927E-02
    1.9579990001E-02    1.0920519849E+00    4.6422778737E-01   -1.7162795504E+03    6.6332157368E-02
    1.9599990001E-02    6.2211046152E-01    1.3436101222E-01   -1.7182546601E+03    6.6991455008E-02
    1.9619990001E-02    9.4113051372E-01   -3.6789728831E-01   -1.7203046039E+03    5.3528389427E-02
    1.9639990001E-02    1.2204842677E+00   -2.0883915529E-01   -1.7218891108E+03    4.1189016182E-02
    1.9659990001E-02    1.0781558989E+00    1.3116424157E-01   -1.7234412374E+03    3.2888252895E-02
    1.9679990001E-02    9.2730589218E-01   -1.7308481005E-01   -1.7253547043E+03    2.7725940695E-02
    1.9699990001E-02    1.2236551946E+00   -5.7233880396E-02   -1.7270882801E+03    3.6022199582E-02
    1.9719990001E-02    1.0884642800E+00    4.3928285285E-01   -1.7285624336E+03    4.3349204131E-02
    1.9739990001E-02    5.9758161515E-01    1.4491892868E-01   -1.7304598775E+03    6.1385878040E-02
    1.9759990001E-02    8.5739765878E-01   -4.8564572196E-01   -1.7326263223E+03    6.1853724008E-02
    1.9779990001E-02    1.2661347347E+00   -1.2315129509E-01   -1.7342034272E+03    6.0162195535E-02
    1.9799990001E-02    9.9258247518E-01    3.9548606876E-01   -1.7357387883E+03    5.2725130791E-02
    1.9819990001E-02    8.6198909529E-01   -1.3626023960E-02   -1.7377519509E+03    5.3281209591E-02
    1.9839990001E-02    1.1701951523E+00   -5.0931828457E-03   -1.7394977778E+03    5.4934780553E-02
    1.9859990001E-02    1.1418192249E+00    1.9816347300E-01   -1.7409928203E+03    6.0246595487E-02
    1.9879990001E-02    7.9368889629E-01    1.3517450527E-01   -1.7427476662E+03    6.9985070605E-02
    1.9899990001E-02    8.4257468245E-01   -4.2794526861E-01   -1.7448565267E+03    7.4547921151E-02
    1.9919990001E-02    1.2683980361E+00   -1.3438693314E-01   -1.7464942875E+03    7.9916588865E-02
    1.9939990001E-02    1.0247912869E+00    4.7744283904E-01   -1.7479766277E+03    7.4898675718E-02
    1.9959990001E-02    6.7631062991E-01    4.4240358612E-02   -1.7500171686E+03    7.2995803502E-02
    1.9979990001E-02    1.0457057187E+00   -2.7654350274E-01   -1.7519460756E+03    6.2330755971E-02
    1.9999990001E-02    1.2004897964E+00   -1.1763462103E-01   -1.7534832541E+03    5.2513675121E-02
    2.0019990001E-02    1.0239587968E+00    7.8709471604E-02   -1.7550849543E+03    4.8606694105E-02
    2.0039990001E-02    8.7793991021E-01   -2.9784944738E-01   -1.7570651118E+03    4.5422839892E-02
    2.0059990001E-02    1.2459574631E+00   -1.0073735496E-01   -1.7587680146E+03    5.2291960760E-02
    2.0079990001E-02    1.0473703585E+00    4.9281139438E-01   -1.7602344753E+03    5.4766629540E-02
    2.0099990001E-02    5.5175052704E-01    8.8276145120E-02   -1.7622280634E+03    6.4004230429E-02
    2.0119990001E-02    9.1901476475E-01   -4.8381452367E-01   -1.7643310840E+03    5.1343570167E-02
    2.0139990001E-02    1.2551889234E+00   -1.0621380560E-01   -1.7658736141E+03    4.3251678965E-02
    2.0159990001E-02    9.8272295833E-01    3.0160860620E-01   -1.7674619265E+03    3.4455118373E-02
    2.0179990001E-02    9.7823070284E-01   -6.3100506103E-02   -1.7694246830E+03    3.6797712617E-02
    2.0199990001E-02    1.2109053908E+00    8.8211511030E-02   -1.7710874994E+03    4.4471079505E-02
    2.0219990001E-02    1.0857196621E+00    3.2173574781E-01   -1.7725983619E+03    5.4014622117E-02
    2.0239990001E-02    6.8532652253E-01    8.4505765056E-02   -1.7744608537E+03    6.6834183956E-02
    2.0259990001E-02    9.0529325033E-01   -4.7551819184E-01   -1.7765801420E+03    7.0460758464E-02
    2.0279990001E-02    1.2740829944E+00   -4.1444405565E-02   -1.7781416488E+03    7.4941664717E-02
    2.0299990001E-02    9.5306347773E-01    4.5171382028E-01   -1.7796845473E+03    6.8319075126E-02
    2.0319990001E-02    7.6355751354E-01   -3.7070644120E-02   -1.7817534776E+03    6.6291885753E-02
    2.0339990001E-02    1.1224555407E+00   -1.6257451531E-01   -1.7835682551E+03    5.9722891420E-02
    2.0359990001E-02    1.1731889039E+00    2.4613080002E-02   -1.7850633469E+03    5.5359714983E-02
    2.0379990001E-02    8.9077544533E-01    8.9754174026E-02   -1.7867575751E+03    5.8043171445E-02
    2.0399990001E-02    8.8671716259E-01   -3.8877666913E-01   -1.7888099651E+03    5.8484324602E-02
    2.0419990001E-02    1.2652421605E+00   -6.0979153050E-02   -1.7904405456E+03    6.5271542988E-02
    2.0439990001E-02    9.8833992881E-01    4.9679445421E-01   -1.7919361300E+03    6.3382915328E-02
    2.0459990001E-02    5.9993693474E-01    7.6046116791E-03   -1.7940102711E+03    6.3723396693E-02
    2.0479990001E-02    1.0043652238E+00   -4.1439890906E-01   -1.7959980068E+03    4.7116965294E-02
    2.0499990001E-02    1.2356588027E+00   -1.1770346052E-01   -1.7975283942E+03    3.6343629043E-02
    2.0519990001E-02    1.0043155335E+00    1.7168836787E-01   -1.7991498265E+03    2.6892488684E-02
    2.0539990001E-02    9.9398538091E-01   -1.7950724570E-01   -1.8010839800E+03    2.6491722760E-02
    2.0559990001E-02    1.2369795425E+00    1.0064219529E-01   -1.8027159052E+03    3.6044530842E-02
    2.0579990001E-02    1.0098544448E+00    4.2280679656E-01   -1.8042396245E+03    4.6418438641E-02
    2.0599990001E-02    5.9529483606E-01    5.9984733935E-03   -1.8062230123E+03    6.3455122313E-02
    2.0619990001E-02    9.7647281238E-01   -4.9883770622E-01   -1.8083066649E+03    6.2993564502E-02
    2.0639990001E-02    1.2661475707E+00    4.2858084422E-02   -1.8098083997E+03    6.4581468943E-02
    2.0659990001E-02    8.9710509439E-01    3.8940469834E-01   -1.8114300358E+03    5.7553990016E-02
    2.0679990001E-02    8.9218616318E-01   -8.1945604434E-02   -1.8134778001E+03    5.7398309917E-02
    2.0699990001E-02    1.1741619148E+00   -1.5724731257E-02   -1.8151735269E+03    5.5445264501E-02
    2.0719990001E-02    1.1221262423E+00    1.7127625516E-01   -1.8166691012E+03    6.0181163067E-02
    2.0739990001E-02    7.6200103269E-01    4.5952796466E-02   -1.8184815100E+03    6.7368654854E-02
    2.0759990001E-02    9.4284559506E-01   -4.5351070980E-01   -1.8205565420E+03    6.9667511054E-02
    2.0779990001E-02    1.2747653711E+00    2.4469382868E-02   -1.8221063870E+03    7.6287505109E-02
    2.0799990001E-02    9.1677091066E-01    4.7722820275E-01   -1.8236599489E+03    7.1451726150E-02
    2.0819990001E-02    6.8732857889E-01   -7.2040464520E-02   -1.8257719206E+03    6.7979757865E-02
    2.0839990001E-02    1.0833615792E+00   -3.1237422461E-01   -1.8276380254E+03    5.5530670198E-02
    2.0859990001E-02    1.2090697913E+00   -9.2835108169E-02   -1.8291512257E+03    4.6031813151E-02
    2.0879990001E-02    9.8078359327E-01    6.2521806925E-02   -1.8308074234E+03    3.8969237787E-02
    2.0899990001E-02    9.6936431719E-01   -3.0933949652E-01   -1.8327763886E+03    3.6344703875E-02
    2.0919990001E-02    1.2566847744E+00    8.2487720289E-02   -1.8343750266E+03    4.5049562627E-02
    2.0939990001E-02    9.3050544483E-01    4.9082616412E-01   -1.8359075635E+03    5.2042700664E-02
    2.0959990001E-02    5.4758551582E-01   -7.0618349502E-02   -1.8380036974E+03    6.4060085643E-02
    2.0979990001E-02    1.0343602585E+00   -4.9533555058E-01   -1.8400079129E+03    5.3808593160E-02
    2.0999990001E-02    1.2480654123E+00    7.7340526638E-02   -1.8414807434E+03    5.0757844239E-02
    2.1019990001E-02    8.9017661542E-01    2.9753479004E-01   -1.8431716767E+03    4.3479419178E-02
    2.1039990001E-02    1.0230163891E+00   -7.6905744632E-02   -1.8451484537E+03    4.6924778762E-02
    2.1059990001E-02    1.2029150907E+00    1.2159361184E-01   -1.8467532153E+03    5.1475551409E-02
    2.1079990001E-02    1.0467648574E+00    2.8575576245E-01   -1.8482890644E+03    6.1387129976E-02
    2.1099990001E-02    6.7375465656E-01   -3.2697271124E-02   -1.8502149087E+03    7.2455148563E-02
    2.1119990001E-02    1.0141736722E+00   -4.8016076254E-01   -1.8522641684E+03    7.4447694329E-02
    2.1139990001E-02    1.2697756555E+00    1.1808007267E-01   -1.8537523057E+03    7.9497973511E-02
    2.1159990001E-02    8.5298094792E-01    4.3083857769E-01   -1.8553812311E+03    7.3858152782E-02
    2.1179990001E-02    7.9395509455E-01   -1.2555832251E-01   -1.8574861592E+03    6.9666594692E-02
    2.1199990001E-02    1.1412778763E+00   -1.8864430368E-01   -1.8592439878E+03    6.0325547626E-02
    2.1219990001E-02    1.1686254153E+00    1.1416924572E-02   -1.8607381641E+03    5.5440370161E-02
    2.1239990001E-02    8.5938306792E-01    2.1093093262E-02   -1.8624820154E+03    5.4530710862E-02
    2.1259990001E-02    9.8161376758E-01   -4.0013158998E-01   -1.8645025794E+03    5.4086985174E-02
    2.1279990001E-02    1.2675568788E+00    1.0382863523E-01   -1.8660454246E+03    6.1549711660E-02
    2.1299990001E-02    8.7073790069E-01    4.8872509578E-01   -1.8676139293E+03    6.2396726104E-02
    2.1319990001E-02    5.9965942798E-01   -1.2878517152E-01   -1.8697722259E+03    6.1593145458E-02
    2.1339990001E-02    1.0794475122E+00   -4.3597006027E-01   -1.8716776380E+03    4.3434581002E-02
    2.1359990001E-02    1.2263807504E+00    3.1861074126E-02   -1.8731579430E+03    3.5629789930E-02
    2.1379990001E-02    9.3708179285E-01    1.6999467026E-01   -1.8748778019E+03    2.6861424302E-02
    2.1399990001E-02    1.0691690892E+00   -1.4387118621E-01   -1.8767949712E+03    3.1360634907E-02
    2.1419990001E-02    1.2243370128E+00    2.0279308541E-01   -1.8783526497E+03    3.9881157510E-02
    2.1439990001E-02    9.4375874578E-01    3.7830334601E-01   -1.8799320731E+03    5.2292320280E-02
    2.1459990001E-02    6.1605425731E-01   -1.2263445643E-01   -1.8819805870E+03    6.6316805856E-02
    2.1479990001E-02    1.0824697369E+00   -4.6978678765E-01   -1.8839655866E+03    6.5449599421E-02
    2.1499990001E-02    1.2459647396E+00    1.9495481634E-01   -1.8854165313E+03    6.7044989757E-02
    2.1519990001E-02    8.1081678578E-01    3.4581024291E-01   -1.8871366623E+03    6.2322495484E-02
    2.1539990001E-02    9.2903780776E-01   -1.3968926363E-01   -1.8891914692E+03    6.0451049338E-02
    2.1559990001E-02    1.1795470252E+00   -3.7518430217E-02   -1.8908410536E+03    5.4825321864E-02
    2.1579990001E-02    1.1034311971E+00    1.4763110414E-01   -1.8923474600E+03    5.9429695431E-02
    2.1599990001E-02    7.4668066131E-01   -4.7218439788E-02   -1.8942151433E+03    6.3435682418E-02
    2.1619990001E-02    1.0405537903E+00   -4.3859572132E-01   -1.8962306839E+03    6.4543915186E-02
    2.1639990001E-02    1.2625120375E+00    1.7804137079E-01   -1.8977140663E+03    7.0113178630E-02
    2.1659990001E-02    8.0879452992E-01    4.3838571864E-01   -1.8993566551E+03    6.8121442599E-02
    2.1679990001E-02    7.0939229465E-01   -1.8590865529E-01   -1.9015166454E+03    6.2266983293E-02
    2.1699990001E-02    1.1251678542E+00   -3.3904143732E-01   -1.9033160235E+03    4.8017211717E-02
    2.1719990001E-02    1.2039491356E+00   -1.6764305724E-02   -1.9048082979E+03    3.9006981616E-02
    2.1739990001E-02    9.4295824889E-01    3.5991798483E-02   -1.9065406663E+03    2.9846422941E-02
    2.1759990001E-02    1.0641741626E+00   -2.6638437794E-01   -1.9084685677E+03    3.0815099567E-02
    2.1779990001E-02    1.2393121939E+00    2.3706138210E-01   -1.9099897754E+03    3.9106489029E-02
    2.1799990001E-02    8.2916057508E-01    4.3083587890E-01   -1.9116075680E+03    5.2275427835E-02
    2.1819990001E-02    5.9345923778E-01   -2.1694766051E-01   -1.9137702453E+03    6.4379685189E-02
    2.1839990001E-02    1.1375842392E+00   -4.4551586736E-01   -1.9156603327E+03    5.7669940769E-02
    2.1859990001E-02    1.2127438224E+00    2.3598164807E-01   -1.9170975950E+03    5.5616294223E-02
    2.1879990001E-02    8.1711435533E-01    2.4691834203E-01   -1.9188973007E+03    5.1461722913E-02
    2.1899990001E-02    1.0604883487E+00   -8.7606255504E-02   -1.9208584756E+03    5.3607574973E-02
    2.1919990001E-02    1.1923745343E+00    1.2122328124E-01   -1.9224226379E+03    5.5344785969E-02
    2.1939990001E-02    1.0081218729E+00    2.5045235572E-01   -1.9239876624E+03    6.5078751285E-02
    2.1959990001E-02    6.8089692935E-01   -1.4609629938E-01   -1.9259724641E+03    7.3912732085E-02
    2.1979990001E-02    1.1108193258E+00   -4.4085455341E-01   -1.9279322511E+03    7.5288366848E-02
    2.1999990001E-02    1.2436391480E+00    2.6062827360E-01   -1.9293737355E+03    7.8436563029E-02
    2.2019990001E-02    7.6009258386E-01    3.6977674624E-01   -1.9311040226E+03    7.5318090237E-02
    2.2039990001E-02    8.3450058729E-01   -2.0843017492E-01   -1.9332177521E+03    6.8383514165E-02
    2.2059990001E-02    1.1610355554E+00   -2.1790368714E-01   -1.9349193869E+03    5.7555428449E-02
    2.2079990001E-02    1.1617827581E+00    1.3506169549E-02   -1.9364195322E+03    5.2012757652E-02
    2.2099990001E-02    8.4682582782E-01   -5.3885519778E-02   -1.9382175834E+03    4.7753071377E-02
    2.2119990001E-02    1.0768536308E+00   -3.6153586556E-01   -1.9401772707E+03    4.7986240412E-02
    2.2139990001E-02    1.2458311175E+00    2.5992753266E-01   -1.9416558178E+03    5.4303708271E-02
    2.2159990001E-02    7.5076952018E-01    4.3243761650E-01   -1.9433168954E+03    6.1042260317E-02
    2.2179990001E-02    6.3156493360E-01   -2.7195662954E-01   -1.9455317209E+03    5.9997705494E-02
    2.2199990001E-02    1.1629213135E+00   -4.0654476292E-01   -1.9473359709E+03    4.3669159843E-02
    2.2219990001E-02    1.1837519897E+00    1.9801010385E-01   -1.9487892147E+03    3.7731446786E-02
    2.2239990001E-02    8.8687500069E-01    1.3466120031E-01   -1.9506179239E+03    3.2683143471E-02
    2.2259990001E-02    1.1302174199E+00   -7.5946679327E-02   -1.9524886862E+03    3.9719403358E-02
    2.2279990001E-02    1.1959627945E+00    2.4353572545E-01   -1.9540067324E+03    4.6993007138E-02
    2.2299990001E-02    8.8805692909E-01    3.1611711363E-01   -1.9556402521E+03    5.9144550800E-02
    2.2319990001E-02    6.6040561137E-01   -2.4087724709E-01   -1.9577340460E+03    6.9913548806E-02
    2.2339990001E-02    1.1678939281E+00   -4.0327198343E-01   -1.9596106777E+03    6.9920609799E-02
    2.2359990001E-02    1.2037740452E+00    3.2096037382E-01   -1.9610382524E+03    6.9882641151E-02
    2.2379990001E-02    7.4036996304E-01    2.7328899609E-01   -1.9628623712E+03    6.7358828310E-02
    2.2399990001E-02    9.6534166142E-01   -1.8923492746E-01   -1.9648993225E+03    6.2979034621E-02
    2.2419990001E-02    1.1857078517E+00   -7.1315231389E-02   -1.9665072946E+03    5.4939970555E-02
    2.2439990001E-02    1.0850356971E+00    1.2317957471E-01   -1.9680343442E+03    5.7873612709E-02
    2.2459990001E-02    7.5541025616E-01   -1.4092300658E-01   -1.9699520386E+03    5.9244143803E-02
    2.2479990001E-02    1.1272078733E+00   -3.8214676776E-01   -1.9718857796E+03    6.0559889403E-02
    2.2499990001E-02    1.2281460274E+00    3.1127747331E-01   -1.9733288676E+03    6.4222939195E-02
    2.2519990001E-02    7.0725234942E-01    3.6509772547E-01   -1.9750724545E+03    6.5817227969E-02
    2.2539990001E-02    7.4617330640E-01   -2.9612729775E-01   -1.9772540841E+03    5.6838876600E-02
    2.2559990001E-02    1.1761492441E+00   -3.3480081352E-01   -1.9789808658E+03    4.0770965650E-02
    2.2579990001E-02    1.1688144779E+00    1.0852096845E-01   -1.9804647080E+03    3.2737063458E-02
    2.2599990001E-02    9.2523234851E-01    1.1436423710E-03   -1.9822874025E+03    2.5156323260E-02
    2.2619990001E-02    1.1461649425E+00   -1.6600157044E-01   -1.9841440882E+03    3.1134293385E-02
    2.2639990001E-02    1.1960610936E+00    3.2579470491E-01   -1.9856289479E+03    3.8983835247E-02
    2.2659990001E-02    7.5568817963E-01    3.3614527578E-01   -1.9873317853E+03    5.5272614858E-02
    2.2679990001E-02    6.7358771771E-01   -3.3579078149E-01   -1.9895193690E+03    6.5271852260E-02
    2.2699990001E-02    1.2108182367E+00   -3.5139413955E-01   -1.9912962183E+03    6.2045925282E-02
    2.2719990001E-02    1.1516867179E+00    3.5063054196E-01   -1.9927330324E+03    5.8815297096E-02
    2.2739990001E-02    7.7091956457E-01    1.6749131252E-01   -1.9946354031E+03    5.7053698228E-02
    2.2759990001E-02    1.0859491734E+00   -1.0456480608E-01   -1.9965598455E+03    5.6956305493E-02
    2.2779990001E-02    1.1863460626E+00    9.8385294774E-02   -1.9980927303E+03    5.5664441361E-02
    2.2799990001E-02    9.6871319675E-01    2.1085484818E-01   -1.9996934261E+03    6.4770515287E-02
    2.2819990001E-02    7.1795349164E-01   -2.4838715315E-01   -2.0017255418E+03    7.0666427891E-02
    2.2839990001E-02    1.1857799249E+00   -3.5879553835E-01   -2.0035825857E+03    7.2692980389E-02
    2.2859990001E-02    1.1910721229E+00    3.7334857842E-01   -2.0050081267E+03    7.3321389017E-02
    2.2879990001E-02    6.8371803455E-01    2.7559176028E-01   -2.0068493304E+03    7.2476478551E-02
    2.2899990001E-02    8.8010836943E-01   -2.8493177886E-01   -2.0089464575E+03    6.2813514219E-02
    2.2919990001E-02    1.1843611269E+00   -2.3650653209E-01   -2.0105944610E+03    5.1302894920E-02
    2.2939990001E-02    1.1421269529E+00    4.7688318422E-02   -2.0121070593E+03    4.4743531695E-02
    2.2959990001E-02    8.6504730925E-01   -1.2350224417E-01   -2.0139616067E+03    3.8178367016E-02
    2.2979990001E-02    1.1600290038E+00   -2.6064826766E-01   -2.0158311240E+03    4.1468876323E-02
    2.2999990001E-02    1.1915549294E+00    3.8069460889E-01   -2.0172812424E+03    4.6968146735E-02
    2.3019990001E-02    6.4992291557E-01    3.2338109343E-01   -2.0190489234E+03    6.0719286880E-02
    2.3039990001E-02    7.1183062155E-01   -3.9935075315E-01   -2.0212743049E+03    6.0275144082E-02
    2.3059990001E-02    1.2293845719E+00   -3.1029207099E-01   -2.0229701192E+03    4.9962538338E-02
    2.3079990001E-02    1.1090402265E+00    3.2447985969E-01   -2.0244357724E+03    4.3856608847E-02
    2.3099990001E-02    8.5962669772E-01    7.4932444647E-02   -2.0263628017E+03    4.2684749186E-02
    2.3119990001E-02    1.1614996635E+00   -1.7099479178E-02   -2.0281745754E+03    4.8597464116E-02
    2.3139990001E-02    1.1671105787E+00    2.3932362434E-01   -2.0296768804E+03    5.5026035444E-02
    2.3159990001E-02    8.4031638750E-01    2.4005581445E-01   -2.0313650526E+03    6.6244250587E-02
    2.3179990001E-02    7.3015004887E-01   -3.4377565946E-01   -2.0334817773E+03    7.4326611788E-02
    2.3199990001E-02    1.2293303486E+00   -3.0262931751E-01   -2.0352466088E+03    7.6412452757E-02
    2.3219990001E-02    1.1376350035E+00    4.1589197413E-01   -2.0366799281E+03    7.3999424981E-02
    2.3239990001E-02    6.9424696829E-01    1.7900546062E-01   -2.0386075193E+03    7.2521794586E-02
    2.3259990001E-02    1.0027007063E+00   -2.2922295174E-01   -2.0406034198E+03    6.5118398592E-02
    2.3279990001E-02    1.1896885889E+00   -1.0139531012E-01   -2.0421751655E+03    5.5744921252E-02
    2.3299990001E-02    1.0623938888E+00    1.0026187288E-01   -2.0437314475E+03    5.6026137896E-02
    2.3319990001E-02    7.9158191940E-01   -2.2747608113E-01   -2.0456900254E+03    5.5187007874E-02
    2.3339990001E-02    1.1953654029E+00   -2.8527606651E-01   -2.0475256813E+03    5.8297496086E-02
    2.3359990001E-02    1.1667019923E+00    4.1639449310E-01   -2.0489581094E+03    6.0356934700E-02
    2.3379990001E-02    6.2091592197E-01    2.5979774930E-01   -2.0508117795E+03    6.5098528051E-02
    2.3399990001E-02    8.0725974347E-01   -3.9438512927E-01   -2.0529810624E+03    5.2997231096E-02
    2.3419990001E-02    1.2242071900E+00   -2.7682844352E-01   -2.0546288238E+03    3.8059646788E-02
    2.3439990001E-02    1.0991998477E+00    2.2281836888E-01   -2.0561341357E+03    2.9960193286E-02
    2.3459990001E-02    9.3526882810E-01   -3.4842420836E-02   -2.0580353657E+03    2.6550370806E-02
    2.3479990001E-02    1.1966328200E+00   -3.4310097365E-02   -2.0598016903E+03    3.5539317756E-02
    2.3499990001E-02    1.1415759524E+00    3.5150917797E-01   -2.0612865226E+03    4.4080962071E-02
    2.3519990001E-02    7.1003083382E-01    2.2687292646E-01   -2.0630668732E+03    5.9779144093E-02
    2.3539990001E-02    7.7246467328E-01   -4.2003794247E-01   -2.0652424521E+03    6.6531567063E-02
    2.3559990001E-02    1.2535830824E+00   -2.2647888374E-01   -2.0669154201E+03    6.6890642665E-02
    2.3579990001E-02    1.0703746670E+00    4.2042580163E-01   -2.0683836756E+03    6.1829369113E-02
    2.3599990001E-02    7.5452815005E-01    7.5814509466E-02   -2.0703732752E+03    6.0903865445E-02
    2.3619990001E-02    1.1042105525E+00   -1.2684769594E-01   -2.0722498521E+03    5.8437088575E-02
    2.3639990001E-02    1.1801034404E+00    6.5033171977E-02   -2.0737595073E+03    5.5101895182E-02
    2.3659990001E-02    9.3044549085E-01    1.6291683310E-01   -2.0754014050E+03    6.2226088896E-02
    2.3679990001E-02    7.8221519113E-01   -3.2962745333E-01   -2.0774596739E+03    6.5314333943E-02
    2.3699990001E-02    1.2355567691E+00   -2.4250258789E-01   -2.0792117192E+03    6.9155555688E-02
    2.3719990001E-02    1.1131838920E+00    4.5074953910E-01   -2.0806517873E+03    6.7754381755E-02
    2.3739990001E-02    6.3302936602E-01    1.6143729016E-01   -2.0826033083E+03    6.8142075791E-02
    2.3759990001E-02    9.3188752456E-01   -3.4987278322E-01   -2.0846610376E+03    5.5664666255E-02
    2.3779990001E-02    1.2131136675E+00   -2.1854737803E-01   -2.0862569669E+03    4.3477154003E-02
    2.3799990001E-02    1.0943817190E+00    1.1077840423E-01   -2.0877987273E+03    3.5635946213E-02
    2.3819990001E-02    9.0987211856E-01   -1.7162262526E-01   -2.0897036877E+03    2.9601240701E-02
    2.3839990001E-02    1.2156497331E+00   -1.0538748252E-01   -2.0914655469E+03    3.6898399180E-02
    2.3859990001E-02    1.1093132379E+00    4.3875791021E-01   -2.0929294539E+03    4.3447205399E-02
    2.3879990001E-02    5.9912180004E-01    1.8012304228E-01   -2.0948055759E+03    6.1016101323E-02
    2.3899990001E-02    8.2847137964E-01   -4.7583750616E-01   -2.0969883440E+03    6.1015139533E-02
    2.3919990001E-02    1.2622901241E+00   -1.6319470314E-01   -2.0985857667E+03    5.7623228953E-02
    2.3939990001E-02    1.0158683899E+00    3.8611735782E-01   -2.1001049965E+03    5.0355842237E-02
    2.3959990001E-02    8.6284927109E-01    2.5238225334E-03   -2.1021035331E+03    5.0938970570E-02
    2.3979990001E-02    1.1713453750E+00    5.6857453435E-04   -2.1038582212E+03    5.3807818313E-02
    2.3999990001E-02    1.1450719691E+00    2.1190919793E-01   -2.1053545854E+03    5.9578578993E-02
    2.4019990001E-02    7.9798184863E-01    1.5590248689E-01   -2.1070995513E+03    6.9891245029E-02
    2.4039990001E-02    8.2021939929E-01   -4.1792719161E-01   -2.1092145388E+03    7.5159459621E-02
    2.4059990001E-02    1.2642004977E+00   -1.6863633054E-01   -2.1108735033E+03    7.9906708918E-02
    2.4079990001E-02    1.0473914636E+00    4.7042248778E-01   -2.1123439477E+03    7.5169215740E-02
    2.4099990001E-02    6.7910988966E-01    6.9178172882E-02   -2.1143656111E+03    7.3473513561E-02
    2.4119990001E-02    1.0405908476E+00   -2.6318408997E-01   -2.1163048363E+03    6.3509392410E-02
    2.4139990001E-02    1.1970151010E+00   -1.1232840590E-01   -2.1178462821E+03    5.3844132627E-02
    2.4159990001E-02    1.0288144751E+00    8.3534791404E-02   -2.1194404044E+03    5.0975388142E-02
    2.4179990001E-02    8.5647683240E-01   -2.9202540945E-01   -2.1214229340E+03    4.8280340008E-02
    2.4199990001E-02    1.2399541672E+00   -1.4306085371E-01   -2.1231507514E+03    5.4356928967E-02
    2.4219990001E-02    1.0731003330E+00    4.8422197256E-01   -2.1246064427E+03    5.6184550492E-02
    2.4239990001E-02    5.6173220697E-01    1.2308256498E-01   -2.1265759552E+03    6.4033361465E-02
    2.4259990001E-02    8.9636212269E-01   -4.6910054341E-01   -2.1286936566E+03    5.0798572989E-02
    2.4279990001E-02    1.2517269559E+00   -1.4871292106E-01   -2.1302564034E+03    4.0876174633E-02
    2.4299990001E-02    1.0074831126E+00    2.8842525211E-01   -2.1318248516E+03    3.2042521292E-02
    2.4319990001E-02    9.7015802457E-01   -6.2273235549E-02   -2.1337771969E+03    3.3560729896E-02
    2.4339990001E-02    1.2124373980E+00    7.2977070002E-02   -2.1354563919E+03    4.2099226161E-02
    2.4359990001E-02    1.0932376870E+00    3.3489199670E-01   -2.1369618199E+03    5.1632468290E-02
    2.4379990001E-02    6.8486799359E-01    1.1064414175E-01   -2.1388131978E+03    6.5102757131E-02
    2.4399990001E-02    8.8104242346E-01   -4.7020425840E-01   -2.1409464312E+03    6.9148465563E-02
    2.4419990001E-02    1.2723835398E+00   -7.6603278421E-02   -2.1425258407E+03    7.2932588590E-02
    2.4439990001E-02    9.7460298772E-01    4.4877119188E-01   -2.1440537437E+03    6.6391667171E-02
    2.4459990001E-02    7.6340969286E-01   -1.7819383063E-02   -2.1461102689E+03    6.4784509346E-02
    2.4479990001E-02    1.1212322505E+00   -1.5030059600E-01   -2.1479332484E+03    5.9264343552E-02
    2.4499990001E-02    1.1728574050E+00    3.7118993144E-02   -2.1494288955E+03    5.5295213737E-02
    2.4519990001E-02    8.9287208642E-01    1.0494230792E-01   -2.1511167733E+03    5.9174936777E-02
    2.4539990001E-02    8.6603472071E-01   -3.8401832131E-01   -2.1531755820E+03    6.0132338235E-02
    2.4559990001E-02    1.2625208100E+00   -9.6808578705E-02   -2.1548260307E+03    6.6422012468E-02
    2.4579990001E-02    1.0123988612E+00    4.9219677105E-01   -2.1563092630E+03    6.4214678582E-02
    2.4599990001E-02    6.0659476094E-01    3.5550205034E-02   -2.1583632926E+03    6.4518552148E-02
    2.4619990001E-02    9.9225308320E-01   -4.0055712870E-01   -2.1603623164E+03    4.8744035381E-02
    2.4639990001E-02    1.2327803589E+00   -1.4569695283E-01   -2.1619052883E+03    3.7385992947E-02
    2.4659990001E-02    1.0232499601E+00    1.5933729475E-01   -2.1635077251E+03    2.8201367910E-02
    2.4679990001E-02    9.7503856478E-01   -1.8799200517E-01   -2.1654405958E+03    2.6382652923E-02
    2.4699990001E-02    1.2375413221E+00    6.4578901772E-02   -2.1670947324E+03    3.5953932717E-02
    2.4719990001E-02    1.0243157364E+00    4.3469158925E-01   -2.1686051671E+03    4.5470346627E-02
    2.4739990001E-02    5.8947635515E-01    3.5380504418E-02   -2.1705751468E+03    6.3089407865E-02
    2.4759990001E-02    9.5115216884E-01   -5.0089693074E-01   -2.1726786042E+03    6.2546415233E-02
    2.4779990001E-02    1.2676595451E+00    5.4660008018E-03   -2.1741944366E+03    6.3509791907E-02
    2.4799990001E-02    9.1829405685E-01    3.9159459440E-01   -2.1757968963E+03    5.6103771549E-02
    2.4819990001E-02    8.9062631019E-01   -6.6820537445E-02   -2.1778366397E+03    5.6355280052E-02
    2.4839990001E-02    1.1751674854E+00   -4.4034713840E-03   -2.1795388366E+03    5.5618034435E-02
    2.4859990001E-02    1.1237908869E+00    1.8393351397E-01   -2.1810348623E+03    6.0859512159E-02
    2.4879990001E-02    7.6290940593E-01    6.5125175192E-02   -2.1828389575E+03    6.9018749529E-02
    2.4899990001E-02    9.2125896683E-01   -4.5401192317E-01   -2.1849250603E+03    7.1853921750E-02
    2.4919990001E-02    1.2753952249E+00   -1.0610189286E-02   -2.1864909951E+03    7.8406447513E-02
    2.4939990001E-02    9.4044949019E-01    4.8023408278E-01   -2.1880280298E+03    7.3089816400E-02
    2.4959990001E-02    6.8815687150E-01   -4.6708435831E-02   -2.1901254522E+03    6.9960013607E-02
    2.4979990001E-02    1.0776152948E+00   -2.9749808815E-01   -2.1920015047E+03    5.8078679400E-02
    2.4999990001E-02    1.2059501111E+00   -9.8807097775E-02   -2.1935191367E+03    4.8603410142E-02
    2.5019990001E-02    9.8686408355E-01    6.4682846358E-02   -2.1951631823E+03    4.2609560592E-02
    2.5039990001E-02    9.4452299397E-01   -3.1777874276E-01   -2.1971415915E+03    3.9688826080E-02
    2.5059990001E-02    1.2577242746E+00    3.6329863169E-02   -2.1987620998E+03    4.8141856704E-02
    2.5079990001E-02    9.5598856827E-01    4.9935694982E-01   -2.2002762613E+03    5.3275991775E-02
    2.5099990002E-02    5.4331723833E-01   -3.4403833211E-02   -2.2023546476E+03    6.4128359345E-02
    2.5119990002E-02    1.0081570770E+00   -4.9712883834E-01   -2.2043808708E+03    5.2330671992E-02
    2.5139990002E-02    1.2514393815E+00    3.1240455640E-02   -2.2058677707E+03    4.8075362370E-02
    2.5159990002E-02    9.1346418208E-01    2.9721879587E-01   -2.2075345679E+03    4.0112605677E-02
    2.5179990002E-02    1.0172295783E+00   -7.5561483653E-02   -2.2095065280E+03    4.3730870436E-02
    2.5199990002E-02    1.2070852531E+00    1.2299759109E-01   -2.2111201358E+03    4.9344140613E-02
    2.5219990002E-02    1.0515682607E+00    3.0075388534E-01   -2.2126518289E+03    5.9307782760E-02
    2.5239990002E-02    6.7109138607E-01   -8.1407715206E-03   -2.2145688330E+03    7.1013809803E-02
    2.5259990002E-02    9.9177120805E-01   -4.8346478016E-01   -2.2166354359E+03    7.3222432363E-02
    2.5279990002E-02    1.2719463969E+00    8.4448632700E-02   -2.2181366882E+03    7.8274674118E-02
    2.5299990002E-02    8.7402076887E-01    4.3625928097E-01   -2.2197474302E+03    7.2197988045E-02
    2.5319990002E-02    7.9169376374E-01   -1.0697270224E-01   -2.2218451396E+03    6.8672583998E-02
    2.5339990002E-02    1.1393801442E+00   -1.7457205161E-01   -2.2236111454E+03    6.0085077320E-02
    2.5359990002E-02    1.1671370633E+00    2.1274416096E-02   -2.2251039739E+03    5.5854981166E-02
    2.5379990002E-02    8.5858968404E-01    3.6646792680E-02   -2.2268416425E+03    5.6132484134E-02
    2.5399990002E-02    9.6032116387E-01   -4.0483043397E-01   -2.2288743198E+03    5.5921304058E-02
    2.5419990002E-02    1.2691811103E+00    6.6695286377E-02   -2.2304333480E+03    6.3391585466E-02
    2.5439990002E-02    8.9669121799E-01    4.9322357756E-01   -2.2319852348E+03    6.3012594857E-02
    2.5459990002E-02    6.0246988696E-01   -9.8389206224E-02   -2.2341269842E+03    6.2039025739E-02
    2.5479990002E-02    1.0630881360E+00   -4.2912664581E-01   -2.2360483212E+03    4.4009021673E-02
    2.5499990002E-02    1.2302939692E+00   -1.1373472608E-02   -2.2375401480E+03    3.5390311081E-02
    2.5519990002E-02    9.5389646686E-01    1.6618759270E-01   -2.2392351523E+03    2.6050101154E-02
    2.5539990002E-02    1.0508682320E+00   -1.6371948846E-01   -2.2411592952E+03    2.9203171357E-02
    2.5559990002E-02    1.2303954801E+00    1.8565369868E-01   -2.2427300914E+03    3.8052241560E-02
    2.5579990002E-02    9.5274308267E-01    3.9519880222E-01   -2.2442981134E+03    5.0317055990E-02
    2.5599990002E-02    6.0624039580E-01   -9.7768048698E-02   -2.2463399528E+03    6.5294050347E-02
    2.5619990002E-02    1.0622609227E+00   -4.7961583061E-01   -2.2483453962E+03    6.4146599018E-02
    2.5639990002E-02    1.2512161022E+00    1.6398402807E-01   -2.2498045396E+03    6.5732928657E-02
    2.5659990002E-02    8.2900153751E-01    3.5389397000E-01   -2.2515054087E+03    6.0437962551E-02
    2.5679990002E-02    9.2843663980E-01   -1.2576364621E-01   -2.2535569480E+03    5.9238777045E-02
    2.5699990002E-02    1.1796051598E+00   -2.1799844863E-02   -2.2552113581E+03    5.4757446765E-02
    2.5719990002E-02    1.1033944000E+00    1.6055391370E-01   -2.2567165132E+03    5.9898890713E-02
    2.5739990002E-02    7.4307187571E-01   -2.9537258307E-02   -2.2585784995E+03    6.4912238993E-02
    2.5759990002E-02    1.0219266924E+00   -4.4725959814E-01   -2.2606088946E+03    6.6228597484E-02
    2.5779990002E-02    1.2667101377E+00    1.4789042821E-01   -2.2621027199E+03    7.2080101110E-02
    2.5799990002E-02    8.3060053128E-01    4.4761018928E-01   -2.2637276360E+03    6.9176246392E-02
    2.5819990002E-02    7.0987951349E-01   -1.6190995453E-01   -2.2658774985E+03    6.3833667175E-02
    2.5839990002E-02    1.1173252540E+00   -3.2809045970E-01   -2.2676872201E+03    5.0373762229E-02
    2.5859990002E-02    1.2053792539E+00   -3.9903213343E-02   -2.2691841098E+03    4.1278962060E-02
    2.5879990002E-02    9.4720272652E-01    3.7330063217E-02   -2.2708988557E+03    3.2569599925E-02
    2.5899990002E-02    1.0418322399E+00   -2.8852522230E-01   -2.2728416732E+03    3.2260093140E-02
    2.5919990002E-02    1.2466996794E+00    2.0647239758E-01   -2.2743754309E+03    4.0672517337E-02
    2.5939990002E-02    8.4519030411E-01    4.5099564440E-01   -2.2759742905E+03    5.2308195387E-02
    2.5959990002E-02    5.7893994677E-01   -1.8894778852E-01   -2.2781305883E+03    6.4038008043E-02
    2.5979990002E-02    1.1181218640E+00   -4.6013284002E-01   -2.2800423959E+03    5.5918218784E-02
    2.5999990002E-02    1.2216347956E+00    2.0274920987E-01   -2.2814848334E+03    5.3665218609E-02
    2.6019990002E-02    8.3424716937E-01    2.5580860871E-01   -2.2832627106E+03    4.8785426626E-02
    2.6039990002E-02    1.0587050770E+00   -8.2317661012E-02   -2.2852241766E+03    5.1686465145E-02
    2.6059990002E-02    1.1950861589E+00    1.3117262579E-01   -2.2867932855E+03    5.4480560892E-02
    2.6079990002E-02    1.0113088572E+00    2.6381492622E-01   -2.2883545983E+03    6.4456803272E-02
    2.6099990002E-02    6.7419884798E-01   -1.2580001888E-01   -2.2903328632E+03    7.4054805279E-02
    2.6119990002E-02    1.0938956277E+00   -4.5294530424E-01   -2.2923111854E+03    7.5413239310E-02
    2.6139990002E-02    1.2504015765E+00    2.3442801409E-01   -2.2937591072E+03    7.8944805653E-02
    2.6159990002E-02    7.7804285907E-01    3.8257378934E-01   -2.2954701545E+03    7.5240273618E-02
    2.6179990002E-02    8.3185433117E-01   -1.9055986447E-01   -2.2975812160E+03    6.9015952928E-02
    2.6199990002E-02    1.1585144855E+00   -2.0354016871E-01   -2.2992901224E+03    5.8540812660E-02
    2.6219990002E-02    1.1606058762E+00    1.7096595149E-02   -2.3007888722E+03    5.3561704429E-02
    2.6239990002E-02    8.4044257463E-01   -4.0555570061E-02   -2.3025805352E+03    5.0417625867E-02
    2.6259990002E-02    1.0578019553E+00   -3.7856940526E-01   -2.3045575284E+03    5.0374138368E-02
    2.6279990002E-02    1.2531295055E+00    2.2859156411E-01   -2.3060455650E+03    5.6862503243E-02
    2.6299990002E-02    7.7467871665E-01    4.4732435414E-01   -2.3076878162E+03    6.1682836223E-02
    2.6319990002E-02    6.2610683643E-01   -2.4149991542E-01   -2.3098934527E+03    5.9840703875E-02
    2.6339990002E-02    1.1454794436E+00   -4.1531171138E-01   -2.3117174859E+03    4.2541622197E-02
    2.6359990002E-02    1.1954473253E+00    1.5746118205E-01   -2.3131755011E+03    3.6146172762E-02
    2.6379990002E-02    9.0049380234E-01    1.3781156729E-01   -2.3149798261E+03    3.0009613228E-02
    2.6399990002E-02    1.1202804314E+00   -9.6806131332E-02   -2.3168604439E+03    3.6897198948E-02
    2.6419990002E-02    1.2035000282E+00    2.4425074459E-01   -2.3183828708E+03    4.4595713469E-02
    2.6439990002E-02    8.9225949552E-01    3.3460864435E-01   -2.3200079426E+03    5.7154079755E-02
    2.6459990002E-02    6.4742260123E-01   -2.2084212469E-01   -2.3221000359E+03    6.8685694382E-02
    2.6479990002E-02    1.1537265066E+00   -4.1895637769E-01   -2.3239963756E+03    6.8230910973E-02
    2.6499990002E-02    1.2127762560E+00    2.9788622282E-01   -2.3254264267E+03    6.8447376340E-02
    2.6519990002E-02    7.5439804570E-01    2.8570563809E-01   -2.3272323022E+03    6.5552366933E-02
    2.6539990002E-02    9.6531958079E-01   -1.7577576382E-01   -2.3292699465E+03    6.2032902544E-02
    2.6559990002E-02    1.1854590389E+00   -5.2928271960E-02   -2.3308813064E+03    5.4712381589E-02
    2.6579990002E-02    1.0834915374E+00    1.3578453456E-01   -2.3324060615E+03    5.8670438518E-02
    2.6599990002E-02    7.4675393332E-01   -1.2602085179E-01   -2.3343207682E+03    6.0859144109E-02
    2.6619990002E-02    1.1127554426E+00   -3.9854791587E-01   -2.3362716082E+03    6.2041626477E-02
    2.6639990002E-02    1.2366374982E+00    2.8742540722E-01   -2.3377194027E+03    6.5967526051E-02
    2.6659990002E-02    7.2678499386E-01    3.7971930061E-01   -2.3394450253E+03    6.6592920294E-02
    2.6679990002E-02    7.4389269245E-01   -2.7286868850E-01   -2.3416210210E+03    5.8222326866E-02
    2.6699990002E-02    1.1650246588E+00   -3.3430395997E-01   -2.3433596228E+03    4.2694005050E-02
    2.6719990002E-02    1.1791108570E+00    7.3237586651E-02   -2.3448450388E+03    3.4472184232E-02
    2.6739990002E-02    9.2559427239E-01    8.7415905653E-04   -2.3466474432E+03    2.6066123288E-02
    2.6759990002E-02    1.1302270655E+00   -1.9978346976E-01   -2.3485237120E+03    3.0885278728E-02
    2.6779990002E-02    1.2077579140E+00    3.1568522891E-01   -2.3500109179E+03    3.8650991678E-02
    2.6799990002E-02    7.6182828610E-01    3.5996964572E-01   -2.3516989510E+03    5.4702359746E-02
    2.6819990002E-02    6.5438930785E-01   -3.1745005811E-01   -2.3538893816E+03    6.5040787445E-02
    2.6839990002E-02    1.1993206609E+00   -3.7318493409E-01   -2.3556852043E+03    6.0701941079E-02
    2.6859990002E-02    1.1645853394E+00    3.2948369806E-01   -2.3571201382E+03    5.7634988916E-02
    2.6879990002E-02    7.8226093493E-01    1.8097769658E-01   -2.3590040280E+03    5.5504043595E-02
    2.6899990002E-02    1.0875766760E+00   -9.3420645861E-02   -2.3609305337E+03    5.6252015947E-02
    2.6919990002E-02    1.1867467629E+00    1.1515652002E-01   -2.3624666122E+03    5.6152256980E-02
    2.6939990002E-02    9.6963753688E-01    2.2422800328E-01   -2.3640641932E+03    6.5743284607E-02
    2.6959990002E-02    7.0577820331E-01   -2.3381771132E-01   -2.3660937156E+03    7.2601870100E-02
    2.6979990002E-02    1.1747454024E+00   -3.7867066365E-01   -2.3679689950E+03    7.4415247564E-02
    2.6999990002E-02    1.2027898443E+00    3.5495981150E-01   -2.3693947181E+03    7.5403462146E-02
    2.7019990002E-02    6.9802586765E-01    2.9364012522E-01   -2.3712164843E+03    7.4019559054E-02
    2.7039990002E-02    8.7790010982E-01   -2.6633976775E-01   -2.3733136210E+03    6.4985567850E-02
    2.7059990002E-02    1.1790159418E+00   -2.2668500759E-01   -2.3749683997E+03    5.3815433922E-02
    2.7079990002E-02    1.1451326674E+00    3.7333262104E-02   -2.3764791976E+03    4.7791207551E-02
    2.7099990002E-02    8.5149447435E-01   -1.1603787559E-01   -2.3783268176E+03    4.1932117099E-02
    2.7119990002E-02    1.1449141645E+00   -2.9368986826E-01   -2.3802191038E+03    4.4276362325E-02
    2.7139990002E-02    1.2064035473E+00    3.6045533299E-01   -2.3816699085E+03    4.9637861419E-02
    2.7159990002E-02    6.6515874605E-01    3.5029018321E-01   -2.3834172072E+03    6.1240199488E-02
    2.7179990002E-02    6.9360894304E-01   -3.7575315259E-01   -2.3856446195E+03    5.9639027570E-02
    2.7199990002E-02    1.2173495767E+00   -3.3540188148E-01   -2.3873606439E+03    4.7063627484E-02
    2.7219990002E-02    1.1265698878E+00    2.9602103365E-01   -2.3888221044E+03    4.0953118671E-02
    2.7239990002E-02    8.7036131002E-01    8.3324822448E-02   -2.3907281113E+03    3.8953689300E-02
    2.7259990002E-02    1.1603320482E+00   -2.5865145591E-02   -2.3925480367E+03    4.5725946320E-02
    2.7279990002E-02    1.1717051535E+00    2.5173227464E-01   -2.3940511306E+03    5.2659540350E-02
    2.7299990002E-02    8.4149620209E-01    2.5926481914E-01   -2.3957327468E+03    6.4191539428E-02
    2.7319990002E-02    7.1401697189E-01   -3.2832806436E-01   -2.3978521449E+03    7.2884426710E-02
    2.7339990002E-02    1.2201677681E+00   -3.2354811639E-01   -2.3996356765E+03    7.4324940538E-02
    2.7359990002E-02    1.1504188957E+00    3.9949348259E-01   -2.4010664064E+03    7.2285630915E-02
    2.7379990002E-02    7.0390472959E-01    1.9433354353E-01   -2.4029769995E+03    7.0718909642E-02
    2.7399990002E-02    1.0021723706E+00   -2.1624709001E-01   -2.4049767156E+03    6.4295042772E-02
    2.7419990002E-02    1.1891510639E+00   -8.5286154066E-02   -2.4065508313E+03    5.5272437454E-02
    2.7439990002E-02    1.0607107923E+00    1.1116267502E-01   -2.4081041565E+03    5.6894289281E-02
    2.7459990002E-02    7.7821565433E-01   -2.1635098041E-01   -2.4100626973E+03    5.6852052916E-02
    2.7479990002E-02    1.1851892559E+00   -3.0902579334E-01   -2.4119167771E+03    5.9483061508E-02
    2.7499990002E-02    1.1801613783E+00    3.9862562758E-01   -2.4133483688E+03    6.1614437278E-02
    2.7519990002E-02    6.3741267932E-01    2.7953821319E-01   -2.4151838753E+03    6.5337032886E-02
    2.7539990002E-02    8.0004527410E-01   -3.7290044756E-01   -2.4173530825E+03    5.3536207044E-02
    2.7559990002E-02    1.2145299823E+00   -2.9129199645E-01   -2.4190151481E+03    3.8149739656E-02
    2.7579990002E-02    1.1167237793E+00    1.9352189568E-01   -2.4205151110E+03    3.0086801171E-02
    2.7599990002E-02    9.3128270947E-01   -3.6935424626E-02   -2.4224001804E+03    2.5422326903E-02
    2.7619990002E-02    1.1898922509E+00   -6.8862406416E-02   -2.4241870189E+03    3.3838069720E-02
    2.7639990002E-02    1.1519016471E+00    3.5641610898E-01   -2.4256679531E+03    4.2045507096E-02
    2.7659990002E-02    7.0927506365E-01    2.4950514789E-01   -2.4274383042E+03    5.8494925954E-02
    2.7679990002E-02    7.5322444789E-01   -4.0957712287E-01   -2.4296223676E+03    6.5697890715E-02
    2.7699990002E-02    1.2478608513E+00   -2.5110873165E-01   -2.4313110247E+03    6.5049026389E-02
    2.7719990002E-02    1.0851137738E+00    4.0813552304E-01   -2.4327728310E+03    6.0219908937E-02
    2.7739990002E-02    7.6141810236E-01    8.9550296340E-02   -2.4347480751E+03    5.9318930872E-02
    2.7759990002E-02    1.1064627552E+00   -1.1364546421E-01   -2.4366270188E+03    5.7711950814E-02
    2.7779990002E-02    1.1801912190E+00    8.3419853978E-02   -2.4381383441E+03    5.5419646904E-02
    2.7799990002E-02    9.2911234338E-01    1.7620962108E-01   -2.4397778276E+03    6.3269458240E-02
    2.7819990002E-02    7.6760879766E-01   -3.2111079617E-01   -2.4418383426E+03    6.7141945955E-02
    2.7839990002E-02    1.2296053093E+00   -2.6587262298E-01   -2.4436063517E+03    7.0564834214E-02
    2.7859990002E-02    1.1277557894E+00    4.3956396648E-01   -2.4450419980E+03    6.9294895492E-02
    2.7879990002E-02    6.4318127528E-01    1.8014265217E-01   -2.4469766798E+03    6.9352985315E-02
    2.7899990002E-02    9.2877252405E-01   -3.3296831206E-01   -2.4490366506E+03    5.7666099340E-02
    2.7919990002E-02    1.2065519536E+00   -2.1992589338E-01   -2.4506396215E+03    4.5767529270E-02
    2.7939990002E-02    1.1047626004E+00    9.2646596233E-02   -2.4521757681E+03    3.8465059398E-02
    2.7959990002E-02    8.9403544333E-01   -1.7230393746E-01   -2.4540750830E+03    3.2114611988E-02
    2.7979990002E-02    1.2081158003E+00   -1.4596837511E-01   -2.4558597647E+03    3.8478195247E-02
    2.7999990002E-02    1.1260645229E+00    4.3650279085E-01   -2.4573160888E+03    4.4359303635E-02
    2.8019990002E-02    5.9994857547E-01    2.0804130645E-01   -2.4591760757E+03    6.1136188515E-02
    2.8039990002E-02    8.0660082442E-01   -4.6643226237E-01   -2.4613700821E+03    6.0196098646E-02
    2.8059990002E-02    1.2579505498E+00   -1.9420042005E-01   -2.4629831735E+03    5.5033473996E-02
    2.8079990002E-02    1.0338438864E+00    3.7388549373E-01   -2.4644917787E+03    4.7872617828E-02
    2.8099990002E-02    8.6819547674E-01    1.3530910008E-02   -2.4664764371E+03    4.8385942692E-02
    2.8119990002E-02    1.1736796082E+00    6.3902561342E-03   -2.4682357474E+03    5.2423080986E-02
    2.8139990002E-02    1.1467857947E+00    2.2696775783E-01   -2.4697331410E+03    5.8688694940E-02
    2.8159990002E-02    7.9804147100E-01    1.7229815985E-01   -2.4714729173E+03    6.9464371843E-02
    2.8179990002E-02    8.0369611747E-01   -4.1027994678E-01   -2.4735934397E+03    7.5332418275E-02
    2.8199990002E-02    1.2604592151E+00   -1.9307785000E-01   -2.4752676049E+03    7.9532760285E-02
    2.8219990002E-02    1.0629972216E+00    4.6310575835E-01   -2.4767306430E+03    7.5022647456E-02
    2.8239990002E-02    6.8381718984E-01    8.6224666263E-02   -2.4787382080E+03    7.3435798569E-02
    2.8259990002E-02    1.0394983199E+00   -2.4975893768E-01   -2.4806822909E+03    6.4193576835E-02
    2.8279990002E-02    1.1941553307E+00   -1.0226832988E-01   -2.4822254655E+03    5.4802725224E-02
    2.8299990002E-02    1.0287048672E+00    8.9741838645E-02   -2.4838161145E+03    5.3029165044E-02
    2.8319990002E-02    8.3920538594E-01   -2.8849944852E-01   -2.4858024285E+03    5.0985383698E-02
    2.8339990002E-02    1.2348866369E+00   -1.7498375374E-01   -2.4875484390E+03    5.6416474250E-02
    2.8359990002E-02    1.0916183174E+00    4.7551834539E-01   -2.4889971302E+03    5.7786151028E-02
    2.8379990002E-02    5.7222993820E-01    1.4781772631E-01   -2.4909496249E+03    6.4295149140E-02
    2.8399990002E-02    8.8259604521E-01   -4.5336947321E-01   -2.4930741207E+03    5.0536481374E-02
    2.8419990002E-02    1.2471687407E+00   -1.8045919369E-01   -2.4946528708E+03    3.9117649170E-02
    2.8439990002E-02    1.0279761276E+00    2.7108209030E-01   -2.4962077998E+03    3.0299398409E-02
    2.8459990002E-02    9.6457903972E-01   -6.5393808131E-02   -2.4981494859E+03    3.0782996649E-02
    2.8479990002E-02    1.2136129227E+00    5.6038923809E-02   -2.4998428298E+03    3.9929129589E-02
    2.8499990002E-02    1.0984141982E+00    3.4831156653E-01   -2.5013435030E+03    4.9430775817E-02
    2.8519990002E-02    6.8100579402E-01    1.3047285189E-01   -2.5031888438E+03    6.3697090325E-02
    2.8539990002E-02    8.6310505068E-01   -4.6626890216E-01   -2.5053331427E+03    6.8039175511E-02
    2.8559990002E-02    1.2705206763E+00   -1.0246081036E-01   -2.5069252899E+03    7.1092144184E-02
    2.8579990002E-02    9.8998968839E-01    4.4382802146E-01   -2.5084436049E+03    6.4629853121E-02
    2.8599990002E-02    7.6735162977E-01   -4.3932732357E-03   -2.5104895852E+03    6.3343036951E-02
    2.8619990002E-02    1.1227949439E+00   -1.3572757761E-01   -2.5123149900E+03    5.8834566168E-02
    2.8639990002E-02    1.1717327635E+00    5.3481813077E-02   -2.5138106337E+03    5.5483108428E-02
    2.8659990002E-02    8.8993407623E-01    1.1739946780E-01   -2.5154969649E+03    6.0489004223E-02
    2.8679990002E-02    8.5033068612E-01   -3.8179852346E-01   -2.5175621744E+03    6.2026051634E-02
    2.8699990002E-02    1.2603606213E+00   -1.2340854598E-01   -2.5192264045E+03    6.7886704409E-02
    2.8719990002E-02    1.0294700162E+00    4.8727862492E-01   -2.5207014890E+03    6.5412332278E-02
    2.8739990002E-02    6.1462189939E-01    5.5200778321E-02   -2.5227408506E+03    6.5521399710E-02
    2.8759990002E-02    9.8649170844E-01   -3.8534255780E-01   -2.5247440740E+03    5.0616753283E-02
    2.8779990002E-02    1.2286475594E+00   -1.6392008351E-01   -2.5262960237E+03    3.9013451681E-02
    2.8799990002E-02    1.0387209698E+00    1.4310204433E-01   -2.5278854147E+03    3.0138077673E-02
    2.8819990002E-02    9.5802615668E-01   -1.9779129555E-01   -2.5298166203E+03    2.7008316878E-02
    2.8839990002E-02    1.2373187957E+00    2.9167166284E-02   -2.5314900815E+03    3.6333068546E-02
    2.8859990002E-02    1.0357058691E+00    4.4588877180E-01   -2.5329891292E+03    4.4969092416E-02
    2.8879990002E-02    5.8279140227E-01    5.8557564719E-02   -2.5349503048E+03    6.2811428341E-02
    2.8899990002E-02    9.3140416865E-01   -5.0146344625E-01   -2.5370682876E+03    6.1819640823E-02
    2.8919990002E-02    1.2678336888E+00   -2.4686318961E-02   -2.5385952470E+03    6.1915937619E-02
    2.8939990002E-02    9.3513568971E-01    3.8924447407E-01   -2.5401844034E+03    5.4270520506E-02
    2.8959990002E-02    8.9405191140E-01   -5.5241550499E-02   -2.5422151510E+03    5.4891032786E-02
    2.8979990002E-02    1.1775927067E+00    8.4243241769E-03   -2.5439194813E+03    5.5383077389E-02
    2.8999990002E-02    1.1236271687E+00    1.9874382537E-01   -2.5454168611E+03    6.1310195109E-02
    2.9019990002E-02    7.6070717450E-01    7.9386779738E-02   -2.5472173845E+03    7.0298240902E-02
    2.9039990002E-02    9.0537902212E-01   -4.5444173452E-01   -2.5493121090E+03    7.3626385616E-02
    2.9059990002E-02    1.2754568141E+00   -3.6519890317E-02   -2.5508895613E+03    8.0012411931E-02
    2.9079990002E-02    9.5750349872E-01    4.8053849632E-01   -2.5524155881E+03    7.4377862415E-02
    2.9099990002E-02    6.9166343860E-01   -2.8575543097E-02   -2.5545013929E+03    7.1471390088E-02
    2.9119990002E-02    1.0758981038E+00   -2.8153985077E-01   -2.5563818221E+03    6.0170189516E-02
    2.9139990002E-02    1.2020814018E+00   -9.6437134994E-02   -2.5579014483E+03    5.0818722408E-02
    2.9159990002E-02    9.8742462556E-01    6.7153373203E-02   -2.5595395426E+03    4.5906125318E-02
    2.9179990002E-02    9.2403039725E-01   -3.2529270628E-01   -2.5615273260E+03    4.3079745885E-02
    2.9199990002E-02    1.2578676549E+00   -1.8317534644E-03   -2.5631647049E+03    5.1177298680E-02
    2.9219990002E-02    9.7618458341E-01    5.0321582317E-01   -2.5646656645E+03    5.4755340749E-02
    2.9239990002E-02    5.4405452495E-01   -6.4040184719E-03   -2.5667307208E+03    6.4018184216E-02
    2.9259990002E-02    9.8893724934E-01   -4.9324549332E-01   -2.5687705995E+03    5.0726036200E-02
    2.9279990002E-02    1.2522306398E+00   -8.2551880919E-03   -2.5702704042E+03    4.5055476012E-02
    2.9299990002E-02    9.3409109727E-01    2.9019635004E-01   -2.5719191237E+03    3.6606586613E-02
    2.9319990002E-02    1.0136488158E+00   -7.8004681228E-02   -2.5738841454E+03    4.0201141105E-02
    2.9339990002E-02    1.2113935283E+00    1.2343946799E-01   -2.5755045829E+03    4.6865722582E-02
    2.9359990002E-02    1.0532525979E+00    3.1683490805E-01   -2.5770334439E+03    5.6910140013E-02
    2.9379990002E-02    6.6638203120E-01    9.7595990987E-03   -2.5789470951E+03    6.9226869539E-02
    2.9399990002E-02    9.7547754487E-01   -4.8493369442E-01   -2.5810263266E+03    7.1533190717E-02
    2.9419990002E-02    1.2725644125E+00    5.9664345350E-02   -2.5825372432E+03    7.6349781055E-02
    2.9439990002E-02    8.8903289397E-01    4.3677899404E-01   -2.5841366236E+03    7.0022317509E-02
    2.9459990002E-02    7.9423634946E-01   -9.4048536795E-02   -2.5862273100E+03    6.7062684149E-02
    2.9479990002E-02    1.1399533509E+00   -1.5903886085E-01   -2.5879959974E+03    5.9304481095E-02
    2.9499990002E-02    1.1645803520E+00    3.5118940351E-02   -2.5894873550E+03    5.5914597230E-02
    2.9519990002E-02    8.5409485803E-01    4.8215893187E-02   -2.5912241736E+03    5.7294156102E-02
    2.9539990002E-02    9.4497840360E-01   -4.0859234449E-01   -2.5932666315E+03    5.7399230720E-02
    2.9559990002E-02    1.2698417659E+00    3.9677299086E-02   -2.5948368176E+03    6.4753815996E-02
    2.9579990002E-02    9.1471405319E-01    4.9409609034E-01   -2.5963781350E+03    6.3489066359E-02
    2.9599990002E-02    6.0855765387E-01   -7.7644941885E-02   -2.5985075110E+03    6.2311335399E-02
    2.9619990002E-02    1.0536123373E+00   -4.1872317528E-01   -2.6004365381E+03    4.4729627944E-02
    2.9639990002E-02    1.2312489068E+00   -4.3938935854E-02   -2.6019377906E+03    3.5432715965E-02
    2.9659990002E-02    9.6794196902E-01    1.5745352471E-01   -2.6036146528E+03    2.5886435424E-02
    2.9679990002E-02    1.0352042614E+00   -1.8210825311E-01   -2.6055434546E+03    2.7811529388E-02
    2.9699990002E-02    1.2350965967E+00    1.6880834606E-01   -2.6071253872E+03    3.6921483056E-02
    2.9719990002E-02    9.5758211216E-01    4.1048728749E-01   -2.6086845197E+03    4.8896430442E-02
    2.9739990002E-02    5.9711086324E-01   -8.0483481113E-02   -2.6107242060E+03    6.4629248230E-02
    2.9759990002E-02    1.0476290573E+00   -4.8626911735E-01   -2.6127432470E+03    6.3109154561E-02
    2.9779990002E-02    1.2541288380E+00    1.4045865689E-01   -2.6142085974E+03    6.4497119170E-02
    2.9799990002E-02    8.4303814936E-01    3.5668728236E-01   -2.6158969292E+03    5.8750098080E-02
    2.9819990002E-02    9.3253131375E-01   -1.1429629966E-01   -2.6179430159E+03    5.8133279651E-02
    2.9839990002E-02    1.1807613447E+00   -4.9700365908E-03   -2.6195980534E+03    5.4833258285E-02
    2.9859990002E-02    1.1012226269E+00    1.7463469365E-01   -2.6211038627E+03    6.0561376372E-02
    2.9879990002E-02    7.3782758657E-01   -1.8101967920E-02   -2.6229648054E+03    6.6559703896E-02
    2.9899990002E-02    1.0090869618E+00   -4.5403294450E-01   -2.6250056352E+03    6.8118373784E-02
    2.9919990002E-02    1.2693477540E+00    1.2627729784E-01   -2.6265064588E+03    7.4124241522E-02
    2.9939990002E-02    8.4600681499E-01    4.5259074505E-01   -2.6281200178E+03    7.0478682558E-02
    2.9959990002E-02    7.1411414346E-01   -1.4452924426E-01   -2.6302609288E+03    6.5444937178E-02
    2.9979990002E-02    1.1136250247E+00   -3.1418244577E-01   -2.6320749395E+03    5.2646956650E-02
    2.9999990002E-02    1.2041626280E+00   -5.3260035759E-02   -2.6335752116E+03    4.3646960575E-02
    3.0019990002E-02    9.4775249175E-01    3.6166001689E-02   -2.6352789133E+03    3.5665493673E-02
    3.0039990002E-02    1.0232835280E+00   -3.0775848498E-01   -2.6372346751E+03    3.4559293027E-02
    3.0059990002E-02    1.2521269312E+00    1.7891185968E-01   -2.6387785473E+03    4.2992523977E-02
    3.0079990002E-02    8.5701123584E-01    4.6689710601E-01   -2.6403627178E+03    5.3028624311E-02
    3.0099990002E-02    5.6858257093E-01   -1.6736049781E-01   -2.6425151758E+03    6.3913965137E-02
    3.0119990002E-02    1.1026522112E+00   -4.6933848324E-01   -2.6444412415E+03    5.4167456533E-02
    3.0139990002E-02    1.2271099183E+00    1.7357128136E-01   -2.6458890764E+03    5.1465215588E-02
    3.0159990002E-02    8.5043373843E-01    2.5794114342E-01   -2.6476507251E+03    4.5937872198E-02
    3.0179990002E-02    1.0598258872E+00   -7.8540056279E-02   -2.6496085430E+03    4.9549190755E-02
    3.0199990002E-02    1.1982536697E+00    1.4210908470E-01   -2.6511798835E+03    5.3322375038E-02
    3.0219990002E-02    1.0106315008E+00    2.7785950685E-01   -2.6527401252E+03    6.3568199771E-02
    3.0239990002E-02    6.6775420312E-01   -1.1201315729E-01   -2.6547167031E+03    7.3838662322E-02
    3.0259990002E-02    1.0818373043E+00   -4.6090066531E-01   -2.6567076106E+03    7.5170810579E-02
    3.0279990002E-02    1.2542458905E+00    2.1510671860E-01   -2.6581604337E+03    7.8875371457E-02
    3.0299990002E-02    7.9124475969E-01    3.8906591602E-01   -2.6598593706E+03    7.4728013655E-02
    3.0319990002E-02    8.3405332379E-01   -1.7702397956E-01   -2.6619661755E+03    6.9118570801E-02
    3.0339990002E-02    1.1580322176E+00   -1.8710728096E-01   -2.6636774811E+03    5.9102714316E-02
    3.0359990002E-02    1.1574150979E+00    2.5879997244E-02   -2.6651750966E+03    5.4863266442E-02
    3.0379990002E-02    8.3219489897E-01   -3.1590344228E-02   -2.6669658335E+03    5.2859975278E-02
    3.0399990002E-02    1.0437935902E+00   -3.9171764839E-01   -2.6689560419E+03    5.2774145159E-02
    3.0419990002E-02    1.2578279157E+00    2.0429334663E-01   -2.6704509638E+03    5.9348852197E-02
    3.0439990002E-02    7.9244222273E-01    4.5589405114E-01   -2.6720807975E+03    6.2570005124E-02
    3.0459990002E-02    6.2710899798E-01   -2.1859208410E-01   -2.6742778540E+03    5.9870682894E-02
    3.0479990002E-02    1.1322908608E+00   -4.1660875626E-01   -2.6761139196E+03    4.1983230615E-02
    3.0499990002E-02    1.2031141281E+00    1.2045187791E-01   -2.6775779458E+03    3.5037252795E-02
    3.0519990002E-02    9.1343112294E-01    1.3439734719E-01   -2.6793623642E+03    2.7894979699E-02
    3.0539990002E-02    1.1108580931E+00   -1.1865007440E-01   -2.6812503806E+03    3.4320356833E-02
    3.0559990002E-02    1.2101558103E+00    2.4463095793E-01   -2.6827761662E+03    4.2372077455E-02
    3.0579990002E-02    8.9178493936E-01    3.5133892518E-01   -2.6843959211E+03    5.5364930174E-02
    3.0599990002E-02    6.3663895303E-01   -2.0765632801E-01   -2.6864902741E+03    6.7634091100E-02
    3.0619990002E-02    1.1435594556E+00   -4.2961800152E-01   -2.6883991753E+03    6.6704753937E-02
    3.0639990002E-02    1.2180505237E+00    2.8007577395E-01   -2.6898315723E+03    6.6970063775E-02
    3.0659990002E-02    7.6620469724E-01    2.9143388349E-01   -2.6916258948E+03    6.3760132245E-02
    3.0679990002E-02    9.7048210110E-01   -1.6302429151E-01   -2.6936601439E+03    6.1035705934E-02
    3.0699990002E-02    1.1858076482E+00   -3.1892532077E-02   -2.6952709147E+03    5.4490888454E-02
    3.0719990002E-02    1.0789629156E+00    1.5029066940E-01   -2.6967960026E+03    5.9538638117E-02
    3.0739990002E-02    7.3792408938E-01   -1.1720963224E-01   -2.6987124507E+03    6.2595273652E-02
    3.0759990002E-02    1.1029708592E+00   -4.1070400900E-01   -2.7006748298E+03    6.3753988340E-02
    3.0779990002E-02    1.2420027025E+00    2.7017195242E-01   -2.7021257999E+03    6.7818003325E-02
    3.0799990002E-02    7.4106045367E-01    3.8799446974E-01   -2.7038403508E+03    6.7598647726E-02
    3.0819990002E-02    7.4743971124E-01   -2.5496715036E-01   -2.7060092732E+03    5.9638253319E-02
    3.0839990002E-02    1.1574366213E+00   -3.2796872948E-01   -2.7077535696E+03    4.4940825054E-02
    3.0859990002E-02    1.1847803301E+00    4.3990352974E-02   -2.7092416831E+03    3.6531462466E-02
    3.0879990002E-02    9.2456105158E-01   -3.4807689874E-03   -2.7110287184E+03    2.7706801031E-02
    3.0899990002E-02    1.1160375790E+00   -2.2977872103E-01   -2.7129212596E+03    3.1251563828E-02
    3.0919990002E-02    1.2171304991E+00    3.0529845337E-01   -2.7144103915E+03    3.8923709236E-02
    3.0939990002E-02    7.6431461023E-01    3.7966564112E-01   -2.7160872251E+03    5.4466946038E-02
    3.0959990002E-02    6.3992695893E-01   -3.0389986795E-01   -2.7182815151E+03    6.4579536722E-02
    3.0979990002E-02    1.1900510853E+00   -3.8846459664E-01   -2.7200897290E+03    5.9001386941E-02
    3.0999990002E-02    1.1729424325E+00    3.1057672352E-01   -2.7215245961E+03    5.5910085132E-02
    3.1019990002E-02    7.9437297804E-01    1.8749268187E-01   -2.7233949638E+03    5.3441350356E-02
    3.1039990002E-02    1.0918160783E+00   -8.2820607311E-02   -2.7253190520E+03    5.5099522420E-02
    3.1059990003E-02    1.1871506374E+00    1.3260494586E-01   -2.7268561316E+03    5.6294399680E-02
    3.1079990003E-02    9.6662418067E-01    2.3716643028E-01   -2.7284537934E+03    6.6217237869E-02
    3.1099990003E-02    6.9625041153E-01   -2.2469630341E-01   -2.7304842237E+03    7.3925487925E-02
    3.1119990003E-02    1.1671330764E+00   -3.9201453925E-01   -2.7323712203E+03    7.5587517055E-02
    3.1139990003E-02    1.2099329119E+00    3.4143322807E-01   -2.7337975213E+03    7.6780128815E-02
    3.1159990003E-02    7.0915870637E-01    3.0403559960E-01   -2.7356071519E+03    7.4961298657E-02
    3.1179990003E-02    8.8076908837E-01   -2.5119183695E-01   -2.7377012602E+03    6.6492601533E-02
    3.1199990003E-02    1.1763697464E+00   -2.1256797017E-01   -2.7393581730E+03    5.5581907176E-02
    3.1219990003E-02    1.1438299971E+00    3.5445426226E-02   -2.7408685480E+03    5.0270801767E-02
    3.1239990003E-02    8.3788518679E-01   -1.1191767824E-01   -2.7427151330E+03    4.5332988153E-02
    3.1259990003E-02    1.1335956106E+00   -3.1837976150E-01   -2.7446242614E+03    4.7044671510E-02
    3.1279990003E-02    1.2164233120E+00    3.4318803807E-01   -2.7460760486E+03    5.2270647935E-02
    3.1299990003E-02    6.7824603380E-01    3.6752150503E-01   -2.7478101454E+03    6.1775692323E-02
    3.1319990003E-02    6.8512438363E-01   -3.5559899941E-01   -2.7500361336E+03    5.8807804205E-02
    3.1339990003E-02    1.2068543621E+00   -3.5086914442E-01   -2.7517661588E+03    4.4405240369E-02
    3.1359990003E-02    1.1390690119E+00    2.6783532093E-01   -2.7532270770E+03    3.8140466606E-02
    3.1379990003E-02    8.8222801348E-01    8.4692297087E-02   -2.7551153713E+03    3.5335334932E-02
    3.1399990003E-02    1.1593128264E+00   -3.7805342218E-02   -2.7569407239E+03    4.2749566591E-02
    3.1419990003E-02    1.1758411621E+00    2.6346987147E-01   -2.7584436049E+03    5.0104410479E-02
    3.1439990003E-02    8.3791232876E-01    2.7517963867E-01   -2.7601225963E+03    6.2097856886E-02
    3.1459990003E-02    7.0249445146E-01   -3.1862276143E-01   -2.7622469513E+03    7.1250294545E-02
    3.1479990003E-02    1.2136740505E+00   -3.3668491165E-01   -2.7640418009E+03    7.2113290271E-02
    3.1499990003E-02    1.1576153006E+00    3.8658356807E-01   -2.7654718288E+03    7.0241544738E-02
    3.1519990003E-02    7.1308319024E-01    2.0161916364E-01   -2.7673721425E+03    6.8600243435E-02
    3.1539990003E-02    1.0064117608E+00   -2.0354870207E-01   -2.7693705262E+03    6.3122867404E-02
    3.1559990003E-02    1.1892179743E+00   -6.5902272310E-02   -2.7709435242E+03    5.4649799884E-02
    3.1579990003E-02    1.0550493511E+00    1.2397242198E-01   -2.7724970601E+03    5.7548903318E-02
    3.1599990003E-02    7.6708342775E-01   -2.1068658390E-01   -2.7744595744E+03    5.8259623150E-02
    3.1619990003E-02    1.1786063764E+00   -3.2509009415E-01   -2.7763251146E+03    6.0594071320E-02
    3.1639990003E-02    1.1881829321E+00    3.8581518512E-01   -2.7777564786E+03    6.2709337411E-02
    3.1659990003E-02    6.4994564969E-01    2.9027062074E-01   -2.7795817869E+03    6.5567192952E-02
    3.1679990003E-02    8.0032751249E-01   -3.5576431464E-01   -2.7817468714E+03    5.4085350791E-02
    3.1699990003E-02    1.2066801671E+00   -2.9685216488E-01   -2.7834168419E+03    3.8719551409E-02
    3.1719990003E-02    1.1288900566E+00    1.6598234498E-01   -2.7849151261E+03    3.0636927594E-02
    3.1739990003E-02    9.2783625363E-01   -4.3493400149E-02   -2.7867870063E+03    2.4996503783E-02
    3.1759990003E-02    1.1837526225E+00   -9.9753837434E-02   -2.7885901834E+03    3.2821242819E-02
    3.1779990003E-02    1.1599160577E+00    3.6128398167E-01   -2.7900676205E+03    4.0764845396E-02
    3.1799990003E-02    7.0491715066E-01    2.6634468546E-01   -2.7918325597E+03    5.7756069603E-02
    3.1819990003E-02    7.3981418002E-01   -4.0356746151E-01   -2.7940242908E+03    6.5158957905E-02
    3.1839990003E-02    1.2437094925E+00   -2.6769468515E-01   -2.7957220831E+03    6.3586671272E-02
    3.1859990003E-02    1.0942462885E+00    3.9752199951E-01   -2.7971806325E+03    5.8826874052E-02
    3.1879990003E-02    7.7020780630E-01    9.6911255832E-02   -2.7991457526E+03    5.7928808915E-02
    3.1899990003E-02    1.1114523713E+00   -9.9016820317E-02   -2.8010217782E+03    5.7140513928E-02
    3.1919990003E-02    1.1794304619E+00    1.0351116444E-01   -2.8025334041E+03    5.6045752610E-02
    3.1939990003E-02    9.2331721955E-01    1.8758962668E-01   -2.8041745032E+03    6.4571894064E-02
    3.1959990003E-02    7.5688635869E-01   -3.1775932963E-01   -2.8062392724E+03    6.9229055556E-02
    3.1979990003E-02    1.2261145072E+00   -2.8172611170E-01   -2.8080163823E+03    7.2392929132E-02
    3.1999990003E-02    1.1367668452E+00    4.3178569747E-01   -2.8094494193E+03    7.1130607223E-02
    3.2019990003E-02    6.5198644881E-01    1.9125523718E-01   -2.8113739252E+03    7.0825899269E-02
    3.2039990003E-02    9.3136466726E-01   -3.1723580268E-01   -2.8134311556E+03    5.9739779121E-02
    3.2059990003E-02    1.2011810491E+00   -2.1475232252E-01   -2.8150368824E+03    4.8172800678E-02
    3.2079990003E-02    1.1098150254E+00    7.8058712345E-02   -2.8165709950E+03    4.1506292373E-02
    3.2099990003E-02    8.7857027514E-01   -1.7618628043E-01   -2.8184687667E+03    3.5285076586E-02
    3.2119990003E-02    1.2021229598E+00   -1.7963424932E-01   -2.8202709713E+03    4.0833570096E-02
    3.2139990003E-02    1.1387735675E+00    4.3400315734E-01   -2.8217214166E+03    4.6098719208E-02
    3.2159990003E-02    5.9974841808E-01    2.2896312515E-01   -2.8235708312E+03    6.1684218123E-02
    3.2179990003E-02    7.9162580630E-01   -4.5809510579E-01   -2.8257716329E+03    5.9317913967E-02
    3.2199990003E-02    1.2535712740E+00   -2.1751342913E-01   -2.8273957530E+03    5.2298926958E-02
    3.2219990003E-02    1.0472500941E+00    3.5923783316E-01   -2.8288983076E+03    4.5134356618E-02
    3.2239990003E-02    8.7770002042E-01    1.9090867670E-02   -2.8308699889E+03    4.5501129880E-02
    3.2259990003E-02    1.1772531677E+00    1.1981288761E-02   -2.8326299503E+03    5.0680394569E-02
    3.2279990003E-02    1.1469988774E+00    2.4378325959E-01   -2.8341278167E+03    5.7501186418E-02
    3.2299990003E-02    7.9333828118E-01    1.8498079108E-01   -2.8358670922E+03    6.8666183197E-02
    3.2319990003E-02    7.9243161505E-01   -4.0595303395E-01   -2.8379936588E+03    7.5002742055E-02
    3.2339990003E-02    1.2577071458E+00   -2.0873222801E-01   -2.8396768499E+03    7.8721569762E-02
    3.2359990003E-02    1.0722192187E+00    4.5638962230E-01   -2.8411361352E+03    7.4332413627E-02
    3.2379990003E-02    6.9015879766E-01    9.5533675677E-02   -2.8431347067E+03    7.2807845086E-02
    3.2399990003E-02    1.0426006991E+00   -2.3574126585E-01   -2.8450781908E+03    6.4348243971E-02
    3.2419990003E-02    1.1919089039E+00   -8.7443967940E-02   -2.8466202844E+03    5.5339344285E-02
    3.2439990003E-02    1.0234496091E+00    9.7838978514E-02   -2.8482113694E+03    5.4811489160E-02
    3.2459990003E-02    8.2545503340E-01   -2.8844106987E-01   -2.8502039496E+03    5.3503624884E-02
    3.2479990003E-02    1.2315500256E+00   -1.9767124714E-01   -2.8519613922E+03    5.8460855718E-02
    3.2499990003E-02    1.1035920043E+00    4.6825152190E-01   -2.8534058150E+03    5.9435824814E-02
    3.2519990003E-02    5.8217465845E-01    1.6302531791E-01   -2.8553484945E+03    6.4692389336E-02
    3.2539990003E-02    8.7730009224E-01   -4.3789960487E-01   -2.8574728982E+03    5.0474883782E-02
    3.2559990003E-02    1.2421903561E+00   -2.0237567206E-01   -2.8590628873E+03    3.7952621283E-02
    3.2579990003E-02    1.0444098934E+00    2.5058597553E-01   -2.8606096600E+03    2.9161404217E-02
    3.2599990003E-02    9.6031905144E-01   -7.3499858987E-02   -2.8625414648E+03    2.8482609742E-02
    3.2619990003E-02    1.2146295772E+00    3.7432659299E-02   -2.8642468336E+03    3.7890182106E-02
    3.2639990003E-02    1.1014021680E+00    3.6217561806E-01   -2.8657430900E+03    4.7260929450E-02
    3.2659990003E-02    6.7348275956E-01    1.4429287526E-01   -2.8675875715E+03    6.2466414308E-02
    3.2679990003E-02    8.5129282923E-01   -4.6454513405E-01   -2.8697407322E+03    6.6917338943E-02
    3.2699990003E-02    1.2688988155E+00   -1.1942439161E-01   -2.8713400962E+03    6.9240848069E-02
    3.2719990003E-02    9.9939578564E-01    4.3768353980E-01   -2.8728536633E+03    6.2800773016E-02
    3.2739990003E-02    7.7510049663E-01    3.0201528908E-03   -2.8748915420E+03    6.1784900949E-02
    3.2759990003E-02    1.1270632743E+00   -1.1891148774E-01   -2.8767136471E+03    5.8234444274E-02
    3.2779990003E-02    1.1697093398E+00    7.3275303987E-02   -2.8782086660E+03    5.5802271370E-02
    3.2799990003E-02    8.8208560825E-01    1.2719844818E-01   -2.8798981712E+03    6.1797413602E-02
    3.2819990003E-02    8.3964597017E-01   -3.8277964552E-01   -2.8819702753E+03    6.3930091713E-02
    3.2839990003E-02    1.2592566237E+00   -1.4077065781E-01   -2.8836418043E+03    6.9472739542E-02
    3.2859990003E-02    1.0396924292E+00    4.8309616045E-01   -2.8851124215E+03    6.6722499407E-02
    3.2879990003E-02    6.2327415233E-01    6.6464123433E-02   -2.8871430132E+03    6.6548477595E-02
    3.2899990003E-02    9.8692289279E-01   -3.6966479729E-01   -2.8891440930E+03    5.2493299833E-02
    3.2919990003E-02    1.2240542016E+00   -1.7255763039E-01   -2.8907009281E+03    4.0958175612E-02
    3.2939990003E-02    1.0492385625E+00    1.2592190205E-01   -2.8922829739E+03    3.2453712279E-02
    3.2959990003E-02    9.4267491384E-01   -2.0943517224E-01   -2.8942140751E+03    2.8314811305E-02
    3.2979990003E-02    1.2369561543E+00   -2.9191860171E-03   -2.8959026643E+03    3.7203292074E-02
    3.2999990003E-02    1.0437790903E+00    4.5607058984E-01   -2.8973924217E+03    4.4968519352E-02
    3.3019990003E-02    5.7540964272E-01    7.4959329949E-02   -2.8993497775E+03    6.2596284396E-02
    3.3039990003E-02    9.1798960025E-01   -5.0124041195E-01   -2.9014768363E+03    6.0679308664E-02
    3.3059990003E-02    1.2670810774E+00   -4.6988514500E-02   -2.9030113276E+03    5.9738560280E-02
    3.3079990003E-02    9.4737670860E-01    3.8299202999E-01   -2.9045928964E+03    5.1934580474E-02
    3.3099990003E-02    9.0215071325E-01   -4.7851965460E-02   -2.9066143568E+03    5.2898207753E-02
    3.3119990003E-02    1.1812691675E+00    2.2211953632E-02   -2.9083166622E+03    5.4628301995E-02
    3.3139990003E-02    1.1216079830E+00    2.1520874462E-01   -2.9098159152E+03    6.1292978958E-02
    3.3159990003E-02    7.5514286757E-01    8.8619982393E-02   -2.9116177106E+03    7.0966138725E-02
    3.3179990003E-02    8.9561559044E-01   -4.5560676816E-01   -2.9137191177E+03    7.4674094030E-02
    3.3199990003E-02    1.2753268808E+00   -5.2452234234E-02   -2.9153028018E+03    8.0848907863E-02
    3.3219990003E-02    9.6746215701E-01    4.7897500526E-01   -2.9168232087E+03    7.4997915629E-02
    3.3239990003E-02    6.9756546632E-01   -1.8257743736E-02   -2.9189012262E+03    7.2235152571E-02
    3.3259990003E-02    1.0779809594E+00   -2.6532795119E-01   -2.9207806068E+03    6.1532106170E-02
    3.3279990003E-02    1.1980848729E+00   -8.7388084468E-02   -2.9222997359E+03    5.2445784024E-02
    3.3299990003E-02    9.8226638305E-01    7.0546355815E-02   -2.9239375279E+03    4.8603112344E-02
    3.3319990003E-02    9.0877131882E-01   -3.3296327077E-01   -2.9259349548E+03    4.6148899922E-02
    3.3339990003E-02    1.2579479587E+00   -2.9294823026E-02   -2.9275827526E+03    5.3892306931E-02
    3.3359990003E-02    9.8958734784E-01    5.0406342599E-01   -2.9290756050E+03    5.6251757104E-02
    3.3379990003E-02    5.4846474986E-01    1.1644094956E-02   -2.9311332100E+03    6.3792941633E-02
    3.3399990003E-02    9.7807861605E-01   -4.8547129416E-01   -2.9331781795E+03    4.9229975328E-02
    3.3419990003E-02    1.2512757330E+00   -3.8977825488E-02   -2.9346883150E+03    4.2212424150E-02
    3.3439990003E-02    9.5095333726E-01    2.7817948224E-01   -2.9363251895E+03    3.3424399236E-02
    3.3459990003E-02    1.0118493568E+00   -8.4581899232E-02   -2.9382826067E+03    3.6831284010E-02
    3.3479990003E-02    1.2156296238E+00    1.2327600636E-01   -2.9399075695E+03    4.4451967548E-02
    3.3499990003E-02    1.0517344624E+00    3.3318565695E-01   -2.9414348258E+03    5.4638290757E-02
    3.3519990003E-02    6.5919865591E-01    2.0303541043E-02   -2.9433506837E+03    6.7591661780E-02
    3.3539990003E-02    9.6597708773E-01   -4.8611446411E-01   -2.9454379829E+03    6.9857227912E-02
    3.3559990003E-02    1.2723300972E+00    4.4574923837E-02   -2.9469541056E+03    7.4309639604E-02
    3.3579990003E-02    8.9778029584E-01    4.3384582770E-01   -2.9485485642E+03    6.7835259726E-02
    3.3599990003E-02    8.0139655673E-01   -8.6656844493E-02   -2.9506330208E+03    6.5340969788E-02
    3.3619990003E-02    1.1428037569E+00   -1.4168731793E-01   -2.9523987681E+03    5.8425303181E-02
    3.3639990003E-02    1.1608718338E+00    5.2143407408E-02   -2.9538887083E+03    5.6030001735E-02
    3.3659990003E-02    8.4537285391E-01    5.5502103733E-02   -2.9556298474E+03    5.8413758755E-02
    3.3679990003E-02    9.3565510672E-01   -4.1320213279E-01   -2.9576804087E+03    5.8878852605E-02
    3.3699990003E-02    1.2703162791E+00    2.2910688398E-02   -2.9592559976E+03    6.6079206121E-02
    3.3719990003E-02    9.2505798701E-01    4.9297693187E-01   -2.9607921859E+03    6.4121692848E-02
    3.3739990003E-02    6.1715002718E-01   -6.5911220801E-02   -2.9629138152E+03    6.2638070577E-02
    3.3759990003E-02    1.0503765136E+00   -4.0607237311E-01   -2.9648428877E+03    4.5706831274E-02
    3.3779990003E-02    1.2302440773E+00   -6.7055002106E-02   -2.9663509032E+03    3.5912292263E-02
    3.3799990003E-02    9.7897920772E-01    1.4447463054E-01   -2.9680155858E+03    2.6372587862E-02
    3.3819990003E-02    1.0223994405E+00   -2.0028792746E-01   -2.9699478412E+03    2.7229527176E-02
    3.3839990003E-02    1.2389941104E+00    1.5389160932E-01   -2.9715378519E+03    3.6526401952E-02
    3.3859990003E-02    9.5792278503E-01    4.2490026306E-01   -2.9730905383E+03    4.8128361612E-02
    3.3879990003E-02    5.8794426328E-01   -7.0778184639E-02   -2.9751330666E+03    6.4374719634E-02
    3.3899990003E-02    1.0388129352E+00   -4.9091408139E-01   -2.9771591897E+03    6.2308460721E-02
    3.3919990003E-02    1.2553164654E+00    1.2446702771E-01   -2.9786281926E+03    6.3345197889E-02
    3.3939990003E-02    8.5298198061E-01    3.5497375519E-01   -2.9803102818E+03    5.7254263708E-02
    3.3959990003E-02    9.4150110097E-01   -1.0496231576E-01   -2.9823490463E+03    5.7172924011E-02
    3.3979990003E-02    1.1829232244E+00    1.3769615753E-02   -2.9840004782E+03    5.5085151197E-02
    3.3999990003E-02    1.0966689689E+00    1.9003306020E-01   -2.9855087830E+03    6.1522889930E-02
    3.4019990003E-02    7.3027152212E-01   -1.2837323803E-02   -2.9873734550E+03    6.8483422925E-02
    3.4039990003E-02    1.0021706421E+00   -4.6007425900E-01   -2.9894208757E+03    7.0284931823E-02
    3.4059990003E-02    1.2710157816E+00    1.1344272514E-01   -2.9909247074E+03    7.6351163333E-02
    3.4079990003E-02    8.5512586361E-01    4.5437389349E-01   -2.9925327316E+03    7.2099104371E-02
    3.4099990003E-02    7.2163710516E-01   -1.3344926262E-01   -2.9946662821E+03    6.7201256566E-02
    3.4119990003E-02    1.1135552132E+00   -2.9801286605E-01   -2.9964789081E+03    5.4953201260E-02
    3.4139990003E-02    1.2010651405E+00   -5.8078972438E-02   -2.9979810291E+03    4.6173312827E-02
    3.4159990003E-02    9.4343005869E-01    3.3409002622E-02   -2.9996800614E+03    3.9054967619E-02
    3.4179990003E-02    1.0087567588E+00   -3.2563811796E-01   -3.0016478284E+03    3.7573280590E-02
    3.4199990003E-02    1.2562944924E+00    1.5599475330E-01   -3.0031982977E+03    4.5936898239E-02
    3.4219990003E-02    8.6460067999E-01    4.7881418468E-01   -3.0047721669E+03    5.4320009742E-02
    3.4239990003E-02    5.6249456614E-01   -1.5215020150E-01   -3.0069237878E+03    6.3832911026E-02
    3.4259990003E-02    1.0916159460E+00   -4.7367247672E-01   -3.0088568510E+03    5.2220454766E-02
    3.4279990003E-02    1.2298307163E+00    1.4825688278E-01   -3.0103098510E+03    4.8841007970E-02
    3.4299990003E-02    8.6575230897E-01    2.5354089756E-01   -3.0120604036E+03    4.2742147605E-02
    3.4319990003E-02    1.0633755567E+00   -7.7419832814E-02   -3.0140113348E+03    4.7004039301E-02
    3.4339990003E-02    1.2018509754E+00    1.5427007601E-01   -3.0155822717E+03    5.1738016619E-02
    3.4359990003E-02    1.0058836317E+00    2.9305018087E-01   -3.0171437955E+03    6.2250442005E-02
    3.4379990003E-02    6.6076678283E-01   -1.0473073490E-01   -3.0191240450E+03    7.3122132520E-02
    3.4399990003E-02    1.0749804764E+00   -4.6558691918E-01   -3.0211219823E+03    7.4356008880E-02
    3.4419990003E-02    1.2556798226E+00    2.0306231532E-01   -3.0225775935E+03    7.8018539315E-02
    3.4439990003E-02    7.9954029276E-01    3.8971258636E-01   -3.0242713767E+03    7.3593160079E-02
    3.4459990003E-02    8.4129139517E-01   -1.6780330528E-01   -3.0263727567E+03    6.8540319317E-02
    3.4479990003E-02    1.1595448475E+00   -1.6846155511E-01   -3.0280814081E+03    5.9062805091E-02
    3.4499990003E-02    1.1523049274E+00    3.9438125095E-02   -3.0295781710E+03    5.5835662614E-02
    3.4519990003E-02    8.2147084692E-01   -2.7137498594E-02   -3.0313736435E+03    5.4937930662E-02
    3.4539990003E-02    1.0353231131E+00   -4.0208968463E-01   -3.0333734300E+03    5.4966239790E-02
    3.4559990003E-02    1.2605782869E+00    1.8820880331E-01   -3.0348717469E+03    6.1523897887E-02
    3.4579990003E-02    8.0355579997E-01    4.5911684628E-01   -3.0364955085E+03    6.3468289559E-02
    3.4599990003E-02    6.3355688038E-01   -2.0374143356E-01   -3.0386855285E+03    5.9948247216E-02
    3.4619990003E-02    1.1241382957E+00   -4.1171487510E-01   -3.0405258373E+03    4.1828962475E-02
    3.4639990003E-02    1.2073743104E+00    8.8726823644E-02   -3.0419959763E+03    3.4347966037E-02
    3.4659990003E-02    9.2453479161E-01    1.2497812764E-01   -3.0437654261E+03    2.6353309247E-02
    3.4679990003E-02    1.1023648923E+00   -1.4143107567E-01   -3.0456592397E+03    3.2055896867E-02
    3.4699990003E-02    1.2158512745E+00    2.4500949575E-01   -3.0471868786E+03    4.0338109798E-02
    3.4719990003E-02    8.8657410802E-01    3.6628493879E-01   -3.0488043151E+03    5.3762750239E-02
    3.4739990003E-02    6.2775326985E-01   -2.0165250250E-01   -3.0509053035E+03    6.6667338223E-02
    3.4759990003E-02    1.1379388894E+00   -4.3585662579E-01   -3.0528195297E+03    6.5191604856E-02
    3.4779990003E-02    1.2200548498E+00    2.6813463199E-01   -3.0542535691E+03    6.5312485492E-02
    3.4799990003E-02    7.7538782312E-01    2.9081856900E-01   -3.0560430226E+03    6.1878499149E-02
    3.4819990003E-02    9.8054889947E-01   -1.5119451433E-01   -3.0580702925E+03    5.9892312612E-02
    3.4839990003E-02    1.1867072436E+00   -8.9042467936E-03   -3.0596766108E+03    5.4252221444E-02
    3.4859990003E-02    1.0715245230E+00    1.6612046539E-01   -3.0612046610E+03    6.0342390123E-02
    3.4879990003E-02    7.2867016488E-01   -1.1476288190E-01   -3.0631275871E+03    6.4299287846E-02
    3.4899990003E-02    1.0984317873E+00   -4.1914027427E-01   -3.0650959972E+03    6.5489662604E-02
    3.4919990003E-02    1.2446930845E+00    2.6039214661E-01   -3.0665479859E+03    6.9551522158E-02
    3.4939990003E-02    7.4965568094E-01    3.9040652908E-01   -3.0682583847E+03    6.8649714601E-02
    3.4959990003E-02    7.5622637760E-01   -2.4279978167E-01   -3.0704195290E+03    6.0927457408E-02
    3.4979990003E-02    1.1536777558E+00   -3.1688872717E-01   -3.0721635024E+03    4.7171416985E-02
    3.4999990003E-02    1.1863729911E+00    2.3069241376E-02   -3.0736544936E+03    3.8701725898E-02
    3.5019990003E-02    9.2045975446E-01   -1.1183282667E-02   -3.0754324432E+03    2.9941332783E-02
    3.5039990003E-02    1.1049164687E+00   -2.5595488763E-01   -3.0773383469E+03    3.2310665452E-02
    3.5059990003E-02    1.2241622435E+00    2.9648114068E-01   -3.0788279788E+03    3.9859964807E-02
    3.5079990003E-02    7.6265765379E-01    3.9486278571E-01   -3.0804977241E+03    5.4673318680E-02
    3.5099990003E-02    6.3036788837E-01   -2.9604997392E-01   -3.0826972880E+03    6.3953234235E-02
    3.5119990003E-02    1.1837965824E+00   -3.9765837389E-01   -3.0845108673E+03    5.6970877412E-02
    3.5139990003E-02    1.1771584831E+00    2.9480684509E-01   -3.0859468743E+03    5.3669833787E-02
    3.5159990003E-02    8.0682667459E-01    1.8710510037E-01   -3.0878089189E+03    5.0922128031E-02
    3.5179990003E-02    1.0985171179E+00   -7.3111412213E-02   -3.0897263209E+03    5.3546270882E-02
    3.5199990003E-02    1.1875876878E+00    1.5080318404E-01   -3.0912621359E+03    5.6000258571E-02
    3.5219990003E-02    9.5935683446E-01    2.4957484341E-01   -3.0928630750E+03    6.6193313904E-02
    3.5239990003E-02    6.8893121805E-01   -2.2176011904E-01   -3.0948985488E+03    7.4602514241E-02
    3.5259990003E-02    1.1636547989E+00   -3.9930921394E-01   -3.0967904721E+03    7.6135153713E-02
    3.5279990003E-02    1.2128911110E+00    3.3373539203E-01   -3.0982171269E+03    7.7345989149E-02
    3.5299990003E-02    7.1651642101E-01    3.0690788287E-01   -3.1000222067E+03    7.5229287065E-02
    3.5319990003E-02    8.8861145265E-01   -2.3970579268E-01   -3.1021106194E+03    6.7273172087E-02
    3.5339990003E-02    1.1760301951E+00   -1.9541493759E-01   -3.1037649703E+03    5.6593740202E-02
    3.5359990003E-02    1.1390883322E+00    4.0684895790E-02   -3.1052760705E+03    5.2183245399E-02
    3.5379990003E-02    8.2424311073E-01   -1.1207921429E-01   -3.1071274950E+03    4.8265232318E-02
    3.5399990003E-02    1.1271670481E+00   -3.3575653275E-01   -3.1090473853E+03    4.9647431762E-02
    3.5419990003E-02    1.2221820882E+00    3.3153759305E-01   -3.1104992112E+03    5.4689279724E-02
    3.5439990003E-02    6.8699008728E-01    3.7575398310E-01   -3.1122276107E+03    6.2389666929E-02
    3.5459990003E-02    6.8553988006E-01   -3.4100673249E-01   -3.1144500078E+03    5.7936458677E-02
    3.5479990003E-02    1.1990987618E+00   -3.5780259571E-01   -3.1161871394E+03    4.2277477010E-02
    3.5499990003E-02    1.1470008435E+00    2.4205211287E-01   -3.1176500741E+03    3.5746925439E-02
    3.5519990003E-02    8.9400654294E-01    7.9486998470E-02   -3.1195247370E+03    3.2222837455E-02
    3.5539990003E-02    1.1589489473E+00   -5.1254001023E-02   -3.1213528991E+03    4.0063270912E-02
    3.5559990003E-02    1.1790112342E+00    2.7535952502E-01   -3.1228544606E+03    4.7768163620E-02
    3.5579990003E-02    8.2924389283E-01    2.8754079815E-01   -3.1245348729E+03    6.0371855743E-02
    3.5599990003E-02    6.9511902664E-01   -3.1569196893E-01   -3.1266668910E+03    6.9871841923E-02
    3.5619990003E-02    1.2105995773E+00   -3.4309348527E-01   -3.1284653554E+03    7.0222780647E-02
    3.5639990003E-02    1.1599302277E+00    3.7825980617E-01   -3.1298957914E+03    6.8314050967E-02
    3.5659990003E-02    7.2133527660E-01    2.0163833810E-01   -3.1317924635E+03    6.6623372778E-02
    3.5679990003E-02    1.0154242880E+00   -1.9037806662E-01   -3.1337843836E+03    6.2039646469E-02
    3.5699990003E-02    1.1894732329E+00   -4.3223282911E-02   -3.1353527914E+03    5.4298243106E-02
    3.5719990003E-02    1.0454022627E+00    1.3794636936E-01   -3.1369099737E+03    5.8413995940E-02
    3.5739990003E-02    7.5739973825E-01   -2.1135532718E-01   -3.1388807214E+03    5.9867565147E-02
    3.5759990003E-02    1.1761523899E+00   -3.3519456178E-01   -3.1407510022E+03    6.2052797618E-02
    3.5779990003E-02    1.1918232389E+00    3.7876958898E-01   -3.1421818947E+03    6.4026379441E-02
    3.5799990003E-02    6.5828062452E-01    2.9333994674E-01   -3.1440045320E+03    6.6113840443E-02
    3.5819990003E-02    8.0729100444E-01   -3.4262267423E-01   -3.1461619688E+03    5.4883195346E-02
    3.5839990003E-02    1.2008444974E+00   -2.9576967888E-01   -3.1478339664E+03    3.9870590946E-02
    3.5859990003E-02    1.1368410290E+00    1.4014972805E-01   -3.1493330948E+03    3.1755381579E-02
    3.5879990003E-02    9.2373103540E-01   -5.4693944158E-02   -3.1511950559E+03    2.5250588367E-02
    3.5899990003E-02    1.1790350751E+00   -1.2728193255E-01   -3.1530107978E+03    3.2527056545E-02
    3.5919990003E-02    1.1656355121E+00    3.6731860703E-01   -3.1544844699E+03    4.0219055691E-02
    3.5939990003E-02    6.9636436066E-01    2.7808071535E-01   -3.1562485058E+03    5.7576816736E-02
    3.5959990003E-02    7.3156045195E-01   -4.0232309182E-01   -3.1584477380E+03    6.4828845004E-02
    3.5979990003E-02    1.2413751071E+00   -2.7755188407E-01   -3.1601483553E+03    6.2345534984E-02
    3.5999990003E-02    1.0985306079E+00    3.8872339678E-01   -3.1616062122E+03    5.7497496742E-02
    3.6019990003E-02    7.8098528557E-01    9.8328922946E-02   -3.1635651440E+03    5.6621791817E-02
    3.6039990003E-02    1.1190476115E+00   -8.2581580941E-02   -3.1654330873E+03    5.6697008489E-02
    3.6059990003E-02    1.1777407382E+00    1.2531483748E-01   -3.1669437910E+03    5.6940940422E-02
    3.6079990003E-02    9.1301185176E-01    1.9714572018E-01   -3.1685904183E+03    6.6112422705E-02
    3.6099990003E-02    7.4964544363E-01   -3.1979172418E-01   -3.1706617919E+03    7.1531905871E-02
    3.6119990003E-02    1.2253616825E+00   -2.9088552759E-01   -3.1724413427E+03    7.4567913820E-02
    3.6139990003E-02    1.1408934959E+00    4.2779956937E-01   -3.1738730569E+03    7.3174280328E-02
    3.6159990003E-02    6.5936703524E-01    1.9538212481E-01   -3.1757937398E+03    7.2507435598E-02
    3.6179990003E-02    9.3937435244E-01   -3.0225178907E-01   -3.1778436553E+03    6.1894348902E-02
    3.6199990003E-02    1.1970985655E+00   -2.0376015414E-01   -3.1794479588E+03    5.0668377807E-02
    3.6219990003E-02    1.1096895707E+00    6.8390582989E-02   -3.1809829800E+03    4.4758830414E-02
    3.6239990003E-02    8.6269075903E-01   -1.8376852990E-01   -3.1828843460E+03    3.9020565405E-02
    3.6259990003E-02    1.1984029973E+00   -2.0689937932E-01   -3.1846988291E+03    4.3875855096E-02
    3.6279990003E-02    1.1475919859E+00    4.3209364247E-01   -3.1861445085E+03    4.8525770120E-02
    3.6299990003E-02    5.9906084858E-01    2.4281495755E-01   -3.1879892834E+03    6.2435184533E-02
    3.6319990003E-02    7.8384709204E-01   -4.5056994175E-01   -3.1901923771E+03    5.8192403540E-02
    3.6339990003E-02    1.2493276186E+00   -2.3413766565E-01   -3.1918232668E+03    4.9252761083E-02
    3.6359990003E-02    1.0568607742E+00    3.4209223834E-01   -3.1933236639E+03    4.1970283695E-02
    3.6379990003E-02    8.9065300113E-01    1.8831877265E-02   -3.1952832124E+03    4.2128369315E-02
    3.6399990003E-02    1.1818982474E+00    1.6184174961E-02   -3.1970406683E+03    4.8412525891E-02
    3.6419990003E-02    1.1458072673E+00    2.6242307152E-01   -3.1985382849E+03    5.5832825206E-02
    3.6439990003E-02    7.8367198444E-01    1.9421750324E-01   -3.2002816947E+03    6.7368797412E-02
    3.6459990003E-02    7.8609808613E-01   -4.0534719734E-01   -3.2024153916E+03    7.4001409030E-02
    3.6479990003E-02    1.2562098551E+00   -2.1620747173E-01   -3.2041013996E+03    7.7272609091E-02
    3.6499990003E-02    1.0754523242E+00    4.5062816954E-01   -3.2055601557E+03    7.2881021476E-02
    3.6519990003E-02    6.9815795282E-01    9.7206257339E-02   -3.2075548958E+03    7.1417256812E-02
    3.6539990003E-02    1.0498904168E+00   -2.2066662176E-01   -3.2094923154E+03    6.3839944606E-02
    3.6559990003E-02    1.1901210852E+00   -6.7735579313E-02   -3.2110304135E+03    5.5339031918E-02
    3.6579990003E-02    1.0128169543E+00    1.0785653793E-01   -3.2126259547E+03    5.6223663092E-02
    3.6599990003E-02    8.1504477634E-01   -2.9245567797E-01   -3.2146278511E+03    5.5665596936E-02
    3.6619990003E-02    1.2304312837E+00   -2.1163062703E-01   -3.2163898541E+03    6.0313626966E-02
    3.6639990003E-02    1.1093719100E+00    4.6334591322E-01   -3.2178321870E+03    6.0886796734E-02
    3.6659990003E-02    5.9104008948E-01    1.6896723516E-01   -3.2197723438E+03    6.5016776804E-02
    3.6679990003E-02    8.8007351542E-01   -4.2349568627E-01   -3.2218904419E+03    5.0496660798E-02
    3.6699990003E-02    1.2373553907E+00   -2.1502897804E-01   -3.2234865204E+03    3.7316964438E-02
    3.6719990003E-02    1.0566671407E+00    2.2823465756E-01   -3.2250297409E+03    2.8552009524E-02
    3.6739990003E-02    9.5637027970E-01   -8.6811654056E-02   -3.2269533567E+03    2.6782853147E-02
    3.6759990003E-02    1.2157470223E+00    1.8247156697E-02   -3.2286683447E+03    3.6153186955E-02
    3.6779990003E-02    1.1020681007E+00    3.7652557099E-01   -3.2301604407E+03    4.5279018705E-02
    3.6799990003E-02    6.6237637086E-01    1.5200713502E-01   -3.2320092746E+03    6.1476617239E-02
    3.6819990003E-02    8.4553401235E-01   -4.6557292905E-01   -3.2341691735E+03    6.5794453775E-02
    3.6839990003E-02    1.2678060906E+00   -1.2811242449E-01   -3.2357701867E+03    6.7406461452E-02
    3.6859990003E-02    1.0032033311E+00    4.3088651078E-01   -3.2372833763E+03    6.0897112383E-02
    3.6879990003E-02    7.8652371847E-01    4.7244024686E-03   -3.2393156118E+03    6.0140119484E-02
    3.6899990003E-02    1.1337127228E+00   -9.9816595259E-02   -3.2411288919E+03    5.7492101027E-02
    3.6919990003E-02    1.1665320648E+00    9.5783642270E-02   -3.2426228917E+03    5.6306670983E-02
    3.6939990003E-02    8.6955603804E-01    1.3395628021E-01   -3.2443201664E+03    6.3142464969E-02
    3.6959990003E-02    8.3402603349E-01   -3.8744006402E-01   -3.2463997778E+03    6.5850590426E-02
    3.6979990003E-02    1.2595366578E+00   -1.4919953584E-01   -3.2480720311E+03    7.1208444993E-02
    3.6999990003E-02    1.0434380444E+00    4.8037766542E-01   -3.2495414460E+03    6.8121720854E-02
    3.7019990003E-02    6.3233876892E-01    6.9793793586E-02   -3.2515690700E+03    6.7607667900E-02
    3.7039990004E-02    9.9302239259E-01   -3.5366290909E-01   -3.2535622241E+03    5.4325899194E-02
    3.7059990004E-02    1.2194674688E+00   -1.7279064312E-01   -3.2551199670E+03    4.3052363065E-02
    3.7079990004E-02    1.0542670777E+00    1.0971793183E-01   -3.2566996875E+03    3.5057205686E-02
    3.7099990004E-02    9.2868702751E-01   -2.2367536997E-01   -3.2586337285E+03    3.0374192012E-02
    3.7119990004E-02    1.2372647971E+00   -2.9727981301E-02   -3.2603323595E+03    3.8793837916E-02
    3.7139990004E-02    1.0480709605E+00    4.6579941881E-01   -3.2618149095E+03    4.5683432993E-02
    3.7159990004E-02    5.6714589952E-01    8.4406468701E-02   -3.2637738444E+03    6.2679040303E-02
    3.7179990004E-02    9.1098362107E-01   -5.0099956908E-01   -3.2659044972E+03    5.9304720557E-02
    3.7199990004E-02    1.2657795969E+00   -6.1959014688E-02   -3.2674427215E+03    5.7209308833E-02
    3.7219990004E-02    9.5542696420E-01    3.7344174023E-01   -3.2690218943E+03    4.9257255339E-02
    3.7239990004E-02    9.1486775827E-01   -4.4400813733E-02   -3.2710337457E+03    5.0559864825E-02
    3.7259990004E-02    1.1860817345E+00    3.7324496667E-02   -3.2727300034E+03    5.3536353511E-02
    3.7279990004E-02    1.1174395927E+00    2.3342822940E-01   -3.2742316266E+03    6.0935181151E-02
    3.7299990004E-02    7.4581031597E-01    9.2788766624E-02   -3.2760396717E+03    7.1217530437E-02
    3.7319990004E-02    8.9180930353E-01   -4.5838540908E-01   -3.2781462698E+03    7.5175731843E-02
    3.7339990004E-02    1.2753370960E+00   -5.8911188491E-02   -3.2797307236E+03    8.1137774084E-02
    3.7359990004E-02    9.7074869959E-01    4.7622727826E-01   -3.2812504124E+03    7.5089966578E-02
    3.7379990004E-02    7.0607685271E-01   -1.5210546965E-02   -3.2833243440E+03    7.2408770149E-02
    3.7399990004E-02    1.0835590275E+00   -2.4817584867E-01   -3.2851972509E+03    6.2339774720E-02
    3.7419990004E-02    1.1939233997E+00   -7.2832231900E-02   -3.2867136183E+03    5.3704772559E-02
    3.7439990004E-02    9.7128718791E-01    7.4431979431E-02   -3.2883562304E+03    5.1006153947E-02
    3.7459990004E-02    8.9837520007E-01   -3.4240561658E-01   -3.2903641978E+03    4.9089326613E-02
    3.7479990004E-02    1.2586668723E+00   -4.6681674964E-02   -3.2920158212E+03    5.6548379575E-02
    3.7499990004E-02    9.9623353679E-01    5.0380335765E-01   -3.2935047861E+03    5.7886132190E-02
    3.7519990004E-02    5.5521992262E-01    2.0269440417E-02   -3.2955610435E+03    6.3671470642E-02
    3.7539990004E-02    9.7507543696E-01   -4.7510585349E-01   -3.2976031309E+03    4.8010522609E-02
    3.7559990004E-02    1.2492227029E+00   -6.2101306277E-02   -3.2991207023E+03    3.9817556946E-02
    3.7579990004E-02    9.6463693247E-01    2.6188745398E-01   -3.3007509629E+03    3.0757437423E-02
    3.7599990004E-02    1.0113179438E+00   -9.5704602070E-02   -3.3027007546E+03    3.3820885453E-02
    3.7619990004E-02    1.2199749314E+00    1.2320235471E-01   -3.3043278525E+03    4.2234981838E-02
    3.7639990004E-02    1.0466841319E+00    3.5034259646E-01   -3.3058546811E+03    5.2630207204E-02
    3.7659990004E-02    6.4911782727E-01    2.3720234401E-02   -3.3077784660E+03    6.6334801553E-02
    3.7679990004E-02    9.6287127400E-01   -4.8799060089E-01   -3.3098697160E+03    6.8403644287E-02
    3.7699990004E-02    1.2716241982E+00    3.8237969617E-02   -3.3113865374E+03    7.2416459890E-02
    3.7719990004E-02    9.0101305907E-01    4.2818313219E-01   -3.3129818066E+03    6.5830168697E-02
    3.7739990004E-02    8.1347808206E-01   -8.3802929034E-02   -3.3150605127E+03    6.3745616125E-02
    3.7759990004E-02    1.1477806939E+00   -1.2099756583E-01   -3.3168175853E+03    5.7685612462E-02
    3.7779990004E-02    1.1555419390E+00    7.2788677209E-02   -3.3183064538E+03    5.6502412673E-02
    3.7799990004E-02    8.3200803532E-01    5.8495872031E-02   -3.3200572324E+03    5.9847523523E-02
    3.7819990004E-02    9.3179696183E-01   -4.1984091911E-01   -3.3221148276E+03    6.0710968647E-02
    3.7839990004E-02    1.2710413582E+00    1.5202541293E-02   -3.3236901594E+03    6.7769651138E-02
    3.7859990004E-02    9.2867466480E-01    4.9080254386E-01   -3.3252258629E+03    6.5179739749E-02
    3.7879990004E-02    6.2831657817E-01   -6.1736984287E-02   -3.3273437736E+03    6.3262368566E-02
    3.7899990004E-02    1.0524502325E+00   -3.9107125503E-01   -3.3292659498E+03    4.7144069777E-02
    3.7919990004E-02    1.2278048361E+00   -8.3132706229E-02   -3.3307782877E+03    3.7037046573E-02
    3.7939990004E-02    9.8708852077E-01    1.2739085407E-01   -3.3324354614E+03    2.7587602008E-02
    3.7959990004E-02    1.0114424842E+00   -2.2023358427E-01   -3.3343712997E+03    2.7414795633E-02
    3.7979990004E-02    1.2426617632E+00    1.4062489393E-01   -3.3359662170E+03    3.6792348563E-02
    3.7999990004E-02    9.5387008020E-01    4.3941514078E-01   -3.3375143540E+03    4.7925491374E-02
    3.8019990004E-02    5.7826612403E-01   -6.7702480138E-02   -3.3395649030E+03    6.4350861442E-02
    3.8039990004E-02    1.0351553763E+00   -4.9416135131E-01   -3.3415921495E+03    6.1436834709E-02
    3.8059990004E-02    1.2551006604E+00    1.1457744433E-01   -3.3430624562E+03    6.1960472945E-02
    3.8079990004E-02    8.5985373560E-01    3.4887970633E-01   -3.3447437846E+03    5.5610740011E-02
    3.8099990004E-02    9.5561298408E-01   -9.6999209290E-02   -3.3467730558E+03    5.6094034254E-02
    3.8119990004E-02    1.1860409805E+00    3.5373740167E-02   -3.3484168206E+03    5.5326049234E-02
    3.8139990004E-02    1.0893398206E+00    2.0747880604E-01   -3.3499295091E+03    6.2607034635E-02
    3.8159990004E-02    7.2010891404E-01   -1.3245507429E-02   -3.3518027897E+03    7.0526781886E-02
    3.8179990004E-02    1.0007170731E+00   -4.6591579181E-01   -3.3538535497E+03    7.2537173814E-02
    3.8199990004E-02    1.2719519127E+00    1.0857008414E-01   -3.3553565396E+03    7.8571615351E-02
    3.8219990004E-02    8.5876571937E-01    4.5322957710E-01   -3.3569643654E+03    7.3815282489E-02
    3.8239990004E-02    7.3310623015E-01   -1.2763438111E-01   -3.3590916284E+03    6.8956166530E-02
    3.8259990004E-02    1.1168393296E+00   -2.7842794016E-01   -3.3608973140E+03    5.7241494076E-02
    3.8279990004E-02    1.1961358735E+00   -5.4686034861E-02   -3.3623996922E+03    4.8836110939E-02
    3.8299990004E-02    9.3262123788E-01    2.9797096147E-02   -3.3641004926E+03    4.2737752620E-02
    3.8319990004E-02    9.9784820909E-01   -3.4374632912E-01   -3.3660806231E+03    4.1202788659E-02
    3.8339990004E-02    1.2597439542E+00    1.3799004816E-01   -3.3676337112E+03    4.9420040357E-02
    3.8359990004E-02    8.6836005779E-01    4.8692889867E-01   -3.3692015147E+03    5.6048919951E-02
    3.8379990004E-02    5.6144523088E-01   -1.4254327818E-01   -3.3713551572E+03    6.3559530434E-02
    3.8399990004E-02    1.0847977570E+00   -4.7314743759E-01   -3.3732884573E+03    4.9875391280E-02
    3.8419990004E-02    1.2303529757E+00    1.2505341490E-01   -3.3747465551E+03    4.5597839157E-02
    3.8439990004E-02    8.8099622381E-01    2.4246386502E-01   -3.3764900030E+03    3.8964344087E-02
    3.8459990004E-02    1.0684054795E+00   -8.0674687283E-02   -3.3784315182E+03    4.3798545532E-02
    3.8479990004E-02    1.2059498975E+00    1.6766819120E-01   -3.3799997993E+03    4.9544443658E-02
    3.8499990004E-02    9.9668816130E-01    3.0991914234E-01   -3.3815647511E+03    6.0334233782E-02
    3.8519990004E-02    6.5270064437E-01   -1.0371191148E-01   -3.3835544825E+03    7.1766780169E-02
    3.8539990004E-02    1.0732049295E+00   -4.6760479424E-01   -3.3855542170E+03    7.2771908971E-02
    3.8559990004E-02    1.2549809160E+00    1.9784929269E-01   -3.3870103906E+03    7.6172375201E-02
    3.8579990004E-02    8.0340508568E-01    3.8467673107E-01   -3.3887056725E+03    7.1630547082E-02
    3.8599990004E-02    8.5408670989E-01   -1.6220908274E-01   -3.3908002372E+03    6.7139237372E-02
    3.8619990004E-02    1.1629444885E+00   -1.4667129458E-01   -3.3925010048E+03    5.8283882681E-02
    3.8639990004E-02    1.1449795941E+00    5.7840002604E-02   -3.3939975054E+03    5.6415297439E-02
    3.8659990004E-02    8.0775008846E-01   -2.7330552096E-02   -3.3958036347E+03    5.6562835561E-02
    3.8679990004E-02    1.0324368971E+00   -4.1055206705E-01   -3.3978097594E+03    5.6795730012E-02
    3.8699990004E-02    1.2617805606E+00    1.8052267176E-01   -3.3993076545E+03    6.3214322642E-02
    3.8719990004E-02    8.0818707893E-01    4.5756100810E-01   -3.4009315604E+03    6.4155399576E-02
    3.8739990004E-02    6.4512230570E-01   -1.9653482142E-01   -3.4031161333E+03    5.9884155654E-02
    3.8759990004E-02    1.1210241684E+00   -4.0158297214E-01   -3.4049532492E+03    4.1928288332E-02
    3.8779990004E-02    1.2088000355E+00    6.2711066407E-02   -3.4064289762E+03    3.3988483659E-02
    3.8799990004E-02    9.3331786056E-01    1.0992894580E-01   -3.4081882331E+03    2.5425314483E-02
    3.8819990004E-02    1.0952119227E+00   -1.6519232758E-01   -3.4100868975E+03    3.0272641394E-02
    3.8839990004E-02    1.2206571149E+00    2.4627139849E-01   -3.4116143900E+03    3.8676259136E-02
    3.8859990004E-02    8.7634518436E-01    3.7960906689E-01   -3.4132324625E+03    5.2498135745E-02
    3.8879990004E-02    6.2043880700E-01   -2.0281850815E-01   -3.4153446504E+03    6.5856566940E-02
    3.8899990004E-02    1.1369212737E+00   -4.3839701541E-01   -3.4172570889E+03    6.3709292624E-02
    3.8919990004E-02    1.2192187057E+00    2.6192609547E-01   -3.4186918401E+03    6.3511018678E-02
    3.8939990004E-02    7.8235483512E-01    2.8438712135E-01   -3.4204826463E+03    5.9948187739E-02
    3.8959990004E-02    9.9549153787E-01   -1.3938784788E-01   -3.4224992553E+03    5.8678594018E-02
    3.8979990004E-02    1.1879614661E+00    1.6694093238E-02   -3.4240974491E+03    5.4167853884E-02
    3.8999990004E-02    1.0607208759E+00    1.8320791057E-01   -3.4256313485E+03    6.1236827944E-02
    3.9019990004E-02    7.1876530738E-01   -1.1885531649E-01   -3.4275655610E+03    6.6148511459E-02
    3.9039990004E-02    1.0991992157E+00   -4.2466237266E-01   -3.4295346543E+03    6.7395781621E-02
    3.9059990004E-02    1.2451766302E+00    2.5810735336E-01   -3.4309852810E+03    7.1314777818E-02
    3.9079990004E-02    7.5293027501E-01    3.8770000372E-01   -3.4326980549E+03    6.9868710143E-02
    3.9099990004E-02    7.6993631180E-01   -2.3553238269E-01   -3.4348506362E+03    6.2236637704E-02
    3.9119990004E-02    1.1532529950E+00   -3.0170966771E-01   -3.4365887138E+03    4.9375934237E-02
    3.9139990004E-02    1.1846560312E+00    1.0042087113E-02   -3.4380824272E+03    4.1059404894E-02
    3.9159990004E-02    9.1191766916E-01   -2.1758859707E-02   -3.4398577162E+03    3.2714787036E-02
    3.9179990004E-02    1.0974683219E+00   -2.7947502069E-01   -3.4417748202E+03    3.4272783394E-02
    3.9199990004E-02    1.2293075411E+00    2.9076056082E-01   -3.4432627809E+03    4.1638417376E-02
    3.9219990004E-02    7.5660664900E-01    4.0597746953E-01   -3.4449296566E+03    5.5528453262E-02
    3.9239990004E-02    6.2525211376E-01   -2.9386734623E-01   -3.4471360437E+03    6.3371850157E-02
    3.9259990004E-02    1.1806340992E+00   -4.0190843147E-01   -3.4489482873E+03    5.4749211075E-02
    3.9279990004E-02    1.1779969285E+00    2.8180894795E-01   -3.4503862775E+03    5.1066796635E-02
    3.9299990004E-02    8.2007079603E-01    1.8045688736E-01   -3.4522444046E+03    4.8086029146E-02
    3.9319990004E-02    1.1075084846E+00   -6.4109741403E-02   -3.4541509899E+03    5.1737233243E-02
    3.9339990004E-02    1.1879141087E+00    1.7055343156E-01   -3.4556834924E+03    5.5379132551E-02
    3.9359990004E-02    9.4739320144E-01    2.6162071702E-01   -3.4572909335E+03    6.5854953849E-02
    3.9379990004E-02    6.8326428581E-01   -2.2509732370E-01   -3.4593358322E+03    7.4844424603E-02
    3.9399990004E-02    1.1643266773E+00   -4.0156762781E-01   -3.4612261995E+03    7.6243944643E-02
    3.9419990004E-02    1.2122656534E+00    3.3173603151E-01   -3.4626526997E+03    7.7285862215E-02
    3.9439990004E-02    7.2057131186E-01    3.0304656163E-01   -3.4644602221E+03    7.4993632281E-02
    3.9459990004E-02    9.0155929325E-01   -2.3063801141E-01   -3.4665400685E+03    6.7532364640E-02
    3.9479990004E-02    1.1773633596E+00   -1.7497457633E-01   -3.4681873093E+03    5.7123251860E-02
    3.9499990004E-02    1.1310945627E+00    5.1590400900E-02   -3.4697004511E+03    5.3854171536E-02
    3.9519990004E-02    8.0973502507E-01   -1.1716099707E-01   -3.4715624629E+03    5.1044059633E-02
    3.9539990004E-02    1.1255380231E+00   -3.4820069873E-01   -3.4734878753E+03    5.2317987021E-02
    3.9559990004E-02    1.2247303638E+00    3.2590534335E-01   -3.4749381689E+03    5.7088281067E-02
    3.9579990004E-02    6.9115819107E-01    3.7677204415E-01   -3.4766677083E+03    6.3213036388E-02
    3.9599990004E-02    6.9349885742E-01   -3.3155914130E-01   -3.4788847175E+03    5.7164035163E-02
    3.9619990004E-02    1.1939136065E+00   -3.5818431978E-01   -3.4806226502E+03    4.0702260288E-02
    3.9639990004E-02    1.1517010969E+00    2.1754730940E-01   -3.4820894510E+03    3.3817011278E-02
    3.9659990004E-02    9.0537579111E-01    6.7787857197E-02   -3.4839536240E+03    2.9523929843E-02
    3.9679990004E-02    1.1593490833E+00   -6.6618802934E-02   -3.4857829517E+03    3.7590959709E-02
    3.9699990004E-02    1.1811700548E+00    2.8852004734E-01   -3.4872819203E+03    4.5563439230E-02
    3.9719990004E-02    8.1508210757E-01    2.9699212777E-01   -3.4889677353E+03    5.8957035479E-02
    3.9739990004E-02    6.9118452190E-01   -3.1926799799E-01   -3.4911104877E+03    6.8705163600E-02
    3.9759990004E-02    1.2107725877E+00   -3.4397964968E-01   -3.4929054298E+03    6.8546411474E-02
    3.9779990004E-02    1.1580527065E+00    3.7395194731E-01   -3.4943371345E+03    6.6416207084E-02
    3.9799990004E-02    7.2929903897E-01    1.9511684502E-01   -3.4962359878E+03    6.4716723909E-02
    3.9819990004E-02    1.0290614226E+00   -1.7560803843E-01   -3.4982162817E+03    6.1017098566E-02
    3.9839990004E-02    1.1896062438E+00   -1.6495451699E-02   -3.4997768790E+03    5.4211396278E-02
    3.9859990004E-02    1.0312342159E+00    1.5313816755E-01   -3.5013414448E+03    5.9524085173E-02
    3.9879990004E-02    7.4879571010E-01   -2.1835152707E-01   -3.5033248248E+03    6.1765705254E-02
    3.9899990004E-02    1.1777524661E+00   -3.4035260263E-01   -3.5051935056E+03    6.3909836405E-02
    3.9919990004E-02    1.1917375116E+00    3.7726267730E-01   -3.5066234565E+03    6.5602656985E-02
    3.9939990004E-02    6.6306365421E-01    2.8967370020E-01   -3.5084503304E+03    6.6988524145E-02
    3.9959990004E-02    8.2057023600E-01   -3.3238529921E-01   -3.5105965762E+03    5.5955160957E-02
    3.9979990004E-02    1.1968477282E+00   -2.8901031703E-01   -3.5122653503E+03    4.1578858818E-02
    3.9999990004E-02    1.1411892984E+00    1.1605915105E-01   -3.5137672020E+03    3.3472461009E-02
    4.0019990004E-02    9.1765479894E-01   -7.0415584149E-02   -3.5156230571E+03    2.6279524996E-02
    4.0039990004E-02    1.1759622296E+00   -1.5277639395E-01   -3.5174485048E+03    3.2856187686E-02
    4.0059990004E-02    1.1693492238E+00    3.7466266831E-01   -3.5189176693E+03    4.0222248635E-02
    4.0079990004E-02    6.8378623722E-01    2.8531313466E-01   -3.5206850477E+03    5.7714977321E-02
    4.0099990004E-02    7.2812361348E-01   -4.0519617973E-01   -3.5228915880E+03    6.4273415483E-02
    4.0119990004E-02    1.2406078005E+00   -2.8151045600E-01   -3.5245893638E+03    6.0780101018E-02
    4.0139990004E-02    1.0985406202E+00    3.8092285752E-01   -3.5260489228E+03    5.5707147793E-02
    4.0159990004E-02    7.9427954045E-01    9.3993380396E-02   -3.5280049361E+03    5.4910146141E-02
    4.0179990004E-02    1.1288280886E+00   -6.4729033953E-02   -3.5298600469E+03    5.5974799948E-02
    4.0199990004E-02    1.1751013464E+00    1.4890927412E-01   -3.5313687715E+03    5.7677414642E-02
    4.0219990004E-02    8.9813104879E-01    2.0490668012E-01   -3.5330247505E+03    6.7419533230E-02
    4.0239990004E-02    7.4592442218E-01   -3.2678088728E-01   -3.5351052388E+03    7.3515482936E-02
    4.0259990004E-02    1.2271875289E+00   -2.9339762695E-01   -3.5368808356E+03    7.6500643370E-02
    4.0279990004E-02    1.1402278967E+00    4.2725894003E-01   -3.5383125377E+03    7.4836152276E-02
    4.0299990004E-02    6.6561179454E-01    1.9240738330E-01   -3.5402355988E+03    7.3863919687E-02
    4.0319990004E-02    9.5244894746E-01   -2.8790237839E-01   -3.5422739829E+03    6.3687741531E-02
    4.0339990004E-02    1.1944361006E+00   -1.8716129330E-01   -3.5438727047E+03    5.2813416016E-02
    4.0359990004E-02    1.1039922871E+00    6.5621043600E-02   -3.5454114006E+03    4.7809112177E-02
    4.0379990004E-02    8.4682801547E-01   -1.9511125834E-01   -3.5473223560E+03    4.2851208226E-02
    4.0399990004E-02    1.1975867854E+00   -2.2695459114E-01   -3.5491431597E+03    4.7189006933E-02
    4.0419990004E-02    1.1520733492E+00    4.3146604246E-01   -3.5505850538E+03    5.1196739442E-02
    4.0439990004E-02    5.9854313807E-01    2.4838688767E-01   -3.5524320138E+03    6.3053326125E-02
    4.0459990004E-02    7.8452621255E-01   -4.4348791560E-01   -3.5546321421E+03    5.6632097621E-02
    4.0479990004E-02    1.2454117344E+00   -2.4395141754E-01   -3.5562656599E+03    4.5906859287E-02
    4.0499990004E-02    1.0631077153E+00    3.2246863754E-01   -3.5577675845E+03    3.8411312659E-02
    4.0519990004E-02    9.0578336581E-01    1.2192287455E-02   -3.5597160296E+03    3.8341111169E-02
    4.0539990004E-02    1.1872958291E+00    1.7853260834E-02   -3.5614688516E+03    4.5625254212E-02
    4.0559990004E-02    1.1431160663E+00    2.8255263491E-01   -3.5629654585E+03    5.3628216778E-02
    4.0579990004E-02    7.6891422730E-01    1.9948886075E-01   -3.5647178212E+03    6.5615782453E-02
    4.0599990004E-02    7.8494028738E-01   -4.0886273825E-01   -3.5668597036E+03    7.2325246224E-02
    4.0619990004E-02    1.2561494096E+00   -2.1557125654E-01   -3.5685420530E+03    7.5165449944E-02
    4.0639990004E-02    1.0727459466E+00    4.4597740698E-01   -3.5700034680E+03    7.0635320817E-02
    4.0659990004E-02    7.0803197707E-01    9.1211518578E-02   -3.5719994766E+03    6.9252846644E-02
    4.0679990004E-02    1.0610650635E+00   -2.0427318013E-01   -3.5739252318E+03    6.2646556479E-02
    4.0699990004E-02    1.1884436680E+00   -4.3543058709E-02   -3.5754566065E+03    5.4833201962E-02
    4.0719990004E-02    9.9671825043E-01    1.1878503999E-01   -3.5770609961E+03    5.7184230932E-02
    4.0739990004E-02    8.0856278592E-01   -3.0098988799E-01   -3.5790751758E+03    5.7323962935E-02
    4.0759990004E-02    1.2318436758E+00   -2.1666180651E-01   -3.5808344593E+03    6.1816229775E-02
    4.0779990004E-02    1.1088511852E+00    4.6146624381E-01   -3.5822767657E+03    6.1936120308E-02
    4.0799990004E-02    5.9844906804E-01    1.6551279914E-01   -3.5842219184E+03    6.5094506216E-02
    4.0819990004E-02    8.9047068542E-01   -4.1081818758E-01   -3.5863279077E+03    5.0489293070E-02
    4.0839990004E-02    1.2332089367E+00   -2.1878764049E-01   -3.5879246329E+03    3.7127491004E-02
    4.0859990004E-02    1.0642788930E+00    2.0573554400E-01   -3.5894684853E+03    2.8392338091E-02
    4.0879990004E-02    9.5217449806E-01   -1.0484672072E-01   -3.5913866176E+03    2.5736341469E-02
    4.0899990004E-02    1.2174415207E+00    1.1299497198E-03   -3.5931076772E+03    3.4998066015E-02
    4.0919990004E-02    1.0997610503E+00    3.9140973758E-01   -3.5945961394E+03    4.3822327361E-02
    4.0939990004E-02    6.4808035869E-01    1.5285028947E-01   -3.5964547623E+03    6.0906196032E-02
    4.0959990004E-02    8.4621544721E-01   -4.6961292718E-01   -3.5986186253E+03    6.4789527321E-02
    4.0979990004E-02    1.2674212268E+00   -1.2841485642E-01   -3.6002156162E+03    6.5749581769E-02
    4.0999990004E-02    1.0015229092E+00    4.2388528531E-01   -3.6017327444E+03    5.9066473558E-02
    4.1019990004E-02    8.0152749305E-01    1.1389532902E-03   -3.6037616715E+03    5.8577692026E-02
    4.1039990004E-02    1.1422011954E+00   -7.8581874436E-02   -3.6055608867E+03    5.6783499874E-02
    4.1059990004E-02    1.1618691170E+00    1.1992055470E-01   -3.6070538856E+03    5.7107798477E-02
    4.1079990004E-02    8.5270343892E-01    1.3671855115E-01   -3.6087634614E+03    6.4661144475E-02
    4.1099990004E-02    8.3375102491E-01   -3.9609769871E-01   -3.6108508879E+03    6.7883108336E-02
    4.1119990004E-02    1.2613336622E+00   -1.4874740640E-01   -3.6125171865E+03    7.3201683351E-02
    4.1139990004E-02    1.0408556315E+00    4.7944019660E-01   -3.6139885860E+03    6.9679748325E-02
    4.1159990004E-02    6.4188247406E-01    6.5513467550E-02   -3.6160187877E+03    6.8778012656E-02
    4.1179990004E-02    1.0041246994E+00   -3.3725984675E-01   -3.6179985552E+03    5.6155043224E-02
    4.1199990004E-02    1.2151189289E+00   -1.6580458803E-01   -3.6195534998E+03    4.5221321909E-02
    4.1219990004E-02    1.0533866726E+00    9.5930366159E-02   -3.6211355225E+03    3.7926190256E-02
    4.1239990004E-02    9.1639383646E-01   -2.4093793515E-01   -3.6230764713E+03    3.3181110232E-02
    4.1259990004E-02    1.2388814393E+00   -4.9379388451E-02   -3.6247791060E+03    4.1205030313E-02
    4.1279990004E-02    1.0479189103E+00    4.7531245205E-01   -3.6262567666E+03    4.7190808985E-02
    4.1299990004E-02    5.5856410128E-01    8.6420839645E-02   -3.6282232292E+03    6.3104520527E-02
    4.1319990004E-02    9.1070272794E-01   -5.0082362229E-01   -3.6303513855E+03    5.7766907135E-02
    4.1339990004E-02    1.2640908851E+00   -7.0001651027E-02   -3.6318896240E+03    5.4454534022E-02
    4.1359990004E-02    9.5971006075E-01    3.6081017294E-01   -3.6334713140E+03    4.6331110455E-02
    4.1379990004E-02    9.3165512006E-01   -4.4779996171E-02   -3.6354731540E+03    4.7997109347E-02
    4.1399990004E-02    1.1917575471E+00    5.3448478780E-02   -3.6371597870E+03    5.2158791199E-02
    4.1419990004E-02    1.1108518145E+00    2.5296128031E-01   -3.6386643426E+03    6.0239283516E-02
    4.1439990004E-02    7.3286003830E-01    9.1466230001E-02   -3.6404837076E+03    7.1081677342E-02
    4.1459990004E-02    8.9412890312E-01   -4.6295477914E-01   -3.6425937883E+03    7.5125407515E-02
    4.1479990004E-02    1.2755399625E+00   -5.5920347181E-02   -3.6441735158E+03    8.0882486794E-02
    4.1499990004E-02    9.6749465984E-01    4.7238725226E-01   -3.6456973888E+03    7.4633439663E-02
    4.1519990004E-02    7.1749239552E-01   -1.9132737159E-02   -3.6477706723E+03    7.1994860284E-02
    4.1539990004E-02    1.0921909666E+00   -2.2983343558E-01   -3.6496317347E+03    6.2598084837E-02
    4.1559990004E-02    1.1894626905E+00   -5.3595620652E-02   -3.6511434481E+03    5.4645351050E-02
    4.1579990004E-02    9.5462578044E-01    7.7857969725E-02   -3.6527959219E+03    5.3171358508E-02
    4.1599990004E-02    8.9332651361E-01   -3.5409071745E-01   -3.6548150740E+03    5.1845169191E-02
    4.1619990004E-02    1.2603074752E+00   -5.3563072939E-02   -3.6564636484E+03    5.9130902702E-02
    4.1639990004E-02    9.9585028826E-01    5.0333390749E-01   -3.6579528240E+03    5.9582237831E-02
    4.1659990004E-02    5.6357652766E-01    1.9474449620E-02   -3.6600137664E+03    6.3691646997E-02
    4.1679990004E-02    9.7953810610E-01   -4.6315112012E-01   -3.6620454778E+03    4.7145194637E-02
    4.1699990004E-02    1.2464773536E+00   -7.7565239020E-02   -3.6635671622E+03    3.8052314563E-02
    4.1719990004E-02    9.7494074395E-01    2.4224300852E-01   -3.6651956624E+03    2.8761333648E-02
    4.1739990004E-02    1.0114023976E+00   -1.1153629686E-01   -3.6671388496E+03    3.1298092869E-02
    4.1759990004E-02    1.2243206009E+00    1.2343817434E-01   -3.6687655506E+03    4.0221224422E-02
    4.1779990004E-02    1.0379028640E+00    3.6772071274E-01   -3.6702931910E+03    5.0839259029E-02
    4.1799990004E-02    6.3673701764E-01    1.9739689297E-02   -3.6722306590E+03    6.5378230980E-02
    4.1819990004E-02    9.6629645067E-01   -4.9042522996E-01   -3.6743212448E+03    6.7046916219E-02
    4.1839990004E-02    1.2704250488E+00    4.0659503923E-02   -3.6758343638E+03    7.0565521614E-02
    4.1859990004E-02    8.9892426838E-01    4.1983628191E-01   -3.6774361913E+03    6.3905917705E-02
    4.1879990004E-02    8.3052736997E-01   -8.4997648587E-02   -3.6795094309E+03    6.2210410400E-02
    4.1899990004E-02    1.1543838307E+00   -9.7381295761E-02   -3.6812524818E+03    5.6982449090E-02
    4.1919990004E-02    1.1483825308E+00    9.6106945723E-02   -3.6827411724E+03    5.7213948866E-02
    4.1939990004E-02    8.1469518039E-01    5.6488631801E-02   -3.6845067227E+03    6.1440366764E-02
    4.1959990004E-02    9.3392236319E-01   -4.2819660968E-01   -3.6865696665E+03    6.2683382009E-02
    4.1979990004E-02    1.2719729667E+00    1.7121807149E-02   -3.6881390369E+03    6.9623138969E-02
    4.1999990004E-02    9.2547876504E-01    4.8756969164E-01   -3.6896791245E+03    6.6463277035E-02
    4.2019990004E-02    6.4192715161E-01   -6.5052086678E-02   -3.6917970699E+03    6.4030906125E-02
    4.2039990004E-02    1.0594021528E+00   -3.7426081711E-01   -3.6937060461E+03    4.8825653365E-02
    4.2059990004E-02    1.2242096087E+00   -9.1220190399E-02   -3.6952199478E+03    3.8649350051E-02
    4.2079990004E-02    9.9047885252E-01    1.0819405275E-01   -3.6968749393E+03    2.9348769419E-02
    4.2099990004E-02    1.0027194241E+00   -2.4167308700E-01   -3.6988155231E+03    2.8267507440E-02
    4.2119990004E-02    1.2460930613E+00    1.3035947119E-01   -3.7004112759E+03    3.7580304175E-02
    4.2139990004E-02    9.4539122918E-01    4.5291452518E-01   -3.7019572395E+03    4.8146616040E-02
    4.2159990004E-02    5.6929587076E-01   -7.1550254715E-02   -3.7040209416E+03    6.4220486159E-02
    4.2179990004E-02    1.0370697412E+00   -4.9531956104E-01   -3.7060426166E+03    6.0068653678E-02
    4.2199990004E-02    1.2533040232E+00    1.1117382716E-01   -3.7075119592E+03    5.9926864134E-02
    4.2219990004E-02    8.6368081916E-01    3.3800881730E-01   -3.7091982633E+03    5.3438405903E-02
    4.2239990004E-02    9.7386828421E-01   -9.0953120684E-02   -3.7112161442E+03    5.4543149162E-02
    4.2259990004E-02    1.1897561555E+00    5.8136296700E-02   -3.7128488862E+03    5.5104924281E-02
    4.2279990004E-02    1.0792262969E+00    2.2581273674E-01   -3.7143676407E+03    6.3227827187E-02
    4.2299990004E-02    7.0827279404E-01   -1.9738137599E-02   -3.7162543570E+03    7.1986356846E-02
    4.2319990004E-02    1.0054393869E+00   -4.7043701439E-01   -3.7183043998E+03    7.4087031328E-02
    4.2339990004E-02    1.2717863943E+00    1.1303210528E-01   -3.7198026372E+03    7.9953135228E-02
    4.2359990004E-02    8.5599811793E-01    4.4849119627E-01   -3.7214164534E+03    7.4896729009E-02
    4.2379990004E-02    7.4787145779E-01   -1.2823321608E-01   -3.7235391306E+03    7.0024883233E-02
    4.2399990004E-02    1.1229837668E+00   -2.5784148730E-01   -3.7253328487E+03    5.8816760049E-02
    4.2419990004E-02    1.1899916092E+00   -4.3454069941E-02   -3.7268339067E+03    5.0965567087E-02
    4.2439990004E-02    9.1593849143E-01    2.5303379500E-02   -3.7285434376E+03    4.5942581542E-02
    4.2459990004E-02    9.9327170963E-01   -3.5985869297E-01   -3.7305343196E+03    4.4592242727E-02
    4.2479990004E-02    1.2621148806E+00    1.2969504680E-01   -3.7320846469E+03    5.2607946572E-02
    4.2499990004E-02    8.6642379547E-01    4.8970827143E-01   -3.7336525180E+03    5.7714310741E-02
    4.2519990004E-02    5.6677735286E-01   -1.4121887313E-01   -3.7358112058E+03    6.2913735954E-02
    4.2539990004E-02    1.0841128189E+00   -4.6726836181E-01   -3.7377370977E+03    4.7462432633E-02
    4.2559990004E-02    1.2286363698E+00    1.0771715196E-01   -3.7391993223E+03    4.2271708754E-02
    4.2579990004E-02    8.9409872928E-01    2.2571106516E-01   -3.7409408630E+03    3.5222014133E-02
    4.2599990004E-02    1.0740240740E+00   -8.8648291913E-02   -3.7428721715E+03    4.0495902905E-02
    4.2619990004E-02    1.2097821497E+00    1.8124570562E-01   -3.7444356870E+03    4.7161357120E-02
    4.2639990004E-02    9.8300186666E-01    3.2614604607E-01   -3.7460062984E+03    5.8266920084E-02
    4.2659990004E-02    6.4450200820E-01   -1.1047316344E-01   -3.7480111715E+03    7.0181058190E-02
    4.2679990004E-02    1.0776321165E+00   -4.6674051970E-01   -3.7500061008E+03    7.0827905354E-02
    4.2699990004E-02    1.2520937895E+00    2.0105787459E-01   -3.7514601588E+03    7.3776189225E-02
    4.2719990004E-02    8.0223807847E-01    3.7411279369E-01   -3.7531642018E+03    6.9284621850E-02
    4.2739990004E-02    8.7212089253E-01   -1.6018454376E-01   -3.7552505679E+03    6.5316560659E-02
    4.2759990004E-02    1.1677263106E+00   -1.2287436709E-01   -3.7569383761E+03    5.7081581843E-02
    4.2779990004E-02    1.1354746908E+00    7.8950890145E-02   -3.7584360416E+03    5.6787132577E-02
    4.2799990004E-02    7.9197386440E-01   -3.3558885192E-02   -3.7602584200E+03    5.7817275937E-02
    4.2819990004E-02    1.0362041616E+00   -4.1682990750E-01   -3.7622664739E+03    5.8280530276E-02
    4.2839990004E-02    1.2614126390E+00    1.8302098540E-01   -3.7637596316E+03    6.4432212798E-02
    4.2859990004E-02    8.0528570609E-01    4.5137785227E-01   -3.7653905839E+03    6.4684715321E-02
    4.2879990004E-02    6.6088336277E-01   -1.9779474443E-01   -3.7675717147E+03    5.9717471213E-02
    4.2899990004E-02    1.1231228382E+00   -3.8803255039E-01   -3.7693983180E+03    4.2279701019E-02
    4.2919990004E-02    1.2075362136E+00    4.5234840653E-02   -3.7708782502E+03    3.4014855364E-02
    4.2939990004E-02    9.3856021935E-01    9.0493424901E-02   -3.7726333107E+03    2.5225900822E-02
    4.2959990004E-02    1.0913538392E+00   -1.8698494490E-01   -3.7745353345E+03    2.9342228765E-02
    4.2979990004E-02    1.2239597114E+00    2.5041690791E-01   -3.7760597536E+03    3.7767550000E-02
    4.2999990005E-02    8.6087535152E-01    3.8960235932E-01   -3.7776821570E+03    5.1932912694E-02
    4.3019990005E-02    6.1583271248E-01   -2.1203239088E-01   -3.7798094498E+03    6.5413994196E-02
    4.3039990005E-02    1.1411131915E+00   -4.3688183267E-01   -3.7817122833E+03    6.2507661968E-02
    4.3059990005E-02    1.2154499817E+00    2.6252049625E-01   -3.7831467198E+03    6.1850026763E-02
    4.3079990005E-02    7.8674884862E-01    2.7247867398E-01   -3.7849453137E+03    5.8276570774E-02
    4.3099990005E-02    1.0140421684E+00   -1.2778211196E-01   -3.7869479257E+03    5.7668469102E-02
    4.3119990005E-02    1.1891613556E+00    4.3120830305E-02   -3.7885351074E+03    5.4433004293E-02
    4.3139990005E-02    1.0466048001E+00    1.9970112726E-01   -3.7900777554E+03    6.2355757848E-02
    4.3159990005E-02    7.0913740150E-01   -1.3016784921E-01   -3.7920275717E+03    6.8187431471E-02
    4.3179990005E-02    1.1057678109E+00   -4.2674475388E-01   -3.7939911449E+03    6.9501899866E-02
    4.3199990005E-02    1.2433003789E+00    2.6423104733E-01   -3.7954379907E+03    7.3129551435E-02
    4.3219990005E-02    7.5054290539E-01    3.7985506884E-01   -3.7971600443E+03    7.1307665939E-02
    4.3239990005E-02    7.8782481178E-01   -2.3328739045E-01   -3.7993033970E+03    6.3615280594E-02
    4.3259990005E-02    1.1557223409E+00   -2.8395959742E-01   -3.8010304258E+03    5.1453457061E-02
    4.3279990005E-02    1.1800849056E+00    5.2133169054E-03   -3.8025266281E+03    4.3517116173E-02
    4.3299990005E-02    8.9884278745E-01   -3.4986589154E-02   -3.8043063763E+03    3.5785886013E-02
    4.3319990005E-02    1.0952389008E+00   -2.9886737353E-01   -3.8062314433E+03    3.6984895205E-02
    4.3339990005E-02    1.2321308877E+00    2.9043417480E-01   -3.8077149976E+03    4.4076268190E-02
    4.3359990005E-02    7.4614877640E-01    4.1128934996E-01   -3.8093845231E+03    5.6921588424E-02
    4.3379990005E-02    6.2586860980E-01   -2.9795172537E-01   -3.8115984114E+03    6.2817657365E-02
    4.3399990005E-02    1.1810725553E+00   -4.0076861053E-01   -3.8134024787E+03    5.2450875178E-02
    4.3419990005E-02    1.1754202302E+00    2.7243920911E-01   -3.8148432454E+03    4.8256505497E-02
    4.3439990005E-02    8.3372185929E-01    1.6776962481E-01   -3.8167019289E+03    4.5108865449E-02
    4.3459990005E-02    1.1180438210E+00   -5.6593625467E-02   -3.8185942294E+03    4.9762827512E-02
    4.3479990005E-02    1.1877786811E+00    1.9120883659E-01   -3.8201216619E+03    5.4462453479E-02
    4.3499990005E-02    9.3058561455E-01    2.7211260829E-01   -3.8217389137E+03    6.5240933997E-02
    4.3519990005E-02    6.7991954845E-01   -2.3521224612E-01   -3.8237974886E+03    7.4647691866E-02
    4.3539990005E-02    1.1693968439E+00   -3.9839267118E-01   -3.8256792150E+03    7.5898373599E-02
    4.3559990005E-02    1.2078261423E+00    3.3578282199E-01   -3.8271051400E+03    7.6575092529E-02
    4.3579990005E-02    7.2138903614E-01    2.9219205756E-01   -3.8289223797E+03    7.4243264372E-02
    4.3599990005E-02    9.1934195729E-01   -2.2370727176E-01   -3.8309906068E+03    6.7258285134E-02
    4.3619990005E-02    1.1798878006E+00   -1.5214696706E-01   -3.8326264002E+03    5.7182633222E-02
    4.3639990005E-02    1.1199256425E+00    6.6599835661E-02   -3.8341434342E+03    5.5263881279E-02
    4.3659990005E-02    7.9539206264E-01   -1.2795633324E-01   -3.8360214944E+03    5.3528392551E-02
    4.3679990005E-02    1.1293641074E+00   -3.5503730600E-01   -3.8379462050E+03    5.4869115750E-02
    4.3699990005E-02    1.2238322936E+00    3.2774532506E-01   -3.8393931933E+03    5.9260387803E-02
    4.3719990005E-02    6.8977109827E-01    3.7041154013E-01   -3.8411313116E+03    6.4143239578E-02
    4.3739990005E-02    7.0818709814E-01   -3.2835363892E-01   -3.8433413558E+03    5.6581262853E-02
    4.3759990005E-02    1.1919757498E+00   -3.5245540118E-01   -3.8450733823E+03    3.9770748144E-02
    4.3779990005E-02    1.1529461680E+00    1.9663661345E-01   -3.8465453398E+03    3.2509981772E-02
    4.3799990005E-02    9.1469451817E-01    4.9961673843E-02   -3.8484032417E+03    2.7414411928E-02
    4.3819990005E-02    1.1609203910E+00   -8.2168544551E-02   -3.8502321489E+03    3.5496737766E-02
    4.3839990005E-02    1.1816555307E+00    3.0263063486E-01   -3.8517272571E+03    4.3607211975E-02
    4.3859990005E-02    7.9598399720E-01    3.0193272459E-01   -3.8534227407E+03    5.7890965418E-02
    4.3879990005E-02    6.9173418487E-01   -3.2950947512E-01   -3.8555783697E+03    6.7684405106E-02
    4.3899990005E-02    1.2143222255E+00   -3.3865592442E-01   -3.8573623237E+03    6.7031594791E-02
    4.3919990005E-02    1.1516797136E+00    3.7400251502E-01   -3.8587963977E+03    6.4510190308E-02
    4.3939990005E-02    7.3700887849E-01    1.8201663346E-01   -3.8607032759E+03    6.2870104156E-02
    4.3959990005E-02    1.0461537848E+00   -1.5969156351E-01   -3.8626670543E+03    5.9993353946E-02
    4.3979990005E-02    1.1892631926E+00    1.2119672980E-02   -3.8642174649E+03    5.4286301518E-02
    4.3999990005E-02    1.0128809619E+00    1.6755325553E-01   -3.8657932854E+03    6.0667076959E-02
    4.4019990005E-02    7.4265364985E-01   -2.3185650727E-01   -3.8677928977E+03    6.3679596900E-02
    4.4039990005E-02    1.1836269766E+00   -3.3938109071E-01   -3.8696528173E+03    6.5878905889E-02
    4.4059990005E-02    1.1874116689E+00    3.8187617672E-01   -3.8710816098E+03    6.7141865500E-02
    4.4079990005E-02    6.6400079444E-01    2.7878621430E-01   -3.8729200660E+03    6.7959860283E-02
    4.4099990005E-02    8.3951283172E-01   -3.2558954261E-01   -3.8750519043E+03    5.7047934953E-02
    4.4119990005E-02    1.1951830055E+00   -2.7715897212E-01   -3.8767123233E+03    4.3454881115E-02
    4.4139990005E-02    1.1410813294E+00    9.7409383950E-02   -3.8782185298E+03    3.5460617170E-02
    4.4159990005E-02    9.0931632797E-01   -8.9711499446E-02   -3.8800741524E+03    2.7983068118E-02
    4.4179990005E-02    1.1758059027E+00   -1.7307859685E-01   -3.8819049384E+03    3.3811445784E-02
    4.4199990005E-02    1.1699658429E+00    3.8366586805E-01   -3.8833690608E+03    4.0769141401E-02
    4.4219990005E-02    6.6781227116E-01    2.8610858796E-01   -3.8851449374E+03    5.8134626571E-02
    4.4239990005E-02    7.3098432998E-01   -4.1228455023E-01   -3.8873572100E+03    6.3347257712E-02
    4.4259990005E-02    1.2415895745E+00   -2.7846154501E-01   -3.8890461678E+03    5.8801935710E-02
    4.4279990005E-02    1.0938151242E+00    3.7450536459E-01   -3.8905101981E+03    5.3378608563E-02
    4.4299990005E-02    8.0976321358E-01    8.3624269584E-02   -3.8924667749E+03    5.2736984193E-02
    4.4319990005E-02    1.1398208000E+00   -4.7023159646E-02   -3.8943049607E+03    5.4853055233E-02
    4.4339990005E-02    1.1714105776E+00    1.7242590206E-01   -3.8958109148E+03    5.7967012115E-02
    4.4359990005E-02    8.7911959058E-01    2.0925468137E-01   -3.8974800392E+03    6.8141488724E-02
    4.4379990005E-02    7.4714531133E-01   -3.3877829456E-01   -3.8995715594E+03    7.4697520548E-02
    4.4399990005E-02    1.2316862453E+00   -2.8754065582E-01   -3.9013360847E+03    7.7702352455E-02
    4.4419990005E-02    1.1338151544E+00    4.3052959468E-01   -3.9027696238E+03    7.5618126868E-02
    4.4439990005E-02    6.7043603718E-01    1.8124666711E-01   -3.9047020282E+03    7.4447419450E-02
    4.4459990005E-02    9.6961752710E-01   -2.7535484436E-01   -3.9067250110E+03    6.4678049177E-02
    4.4479990005E-02    1.1933441895E+00   -1.6696720683E-01   -3.9083143139E+03    5.4150675064E-02
    4.4499990005E-02    1.0929197303E+00    6.9751304928E-02   -3.9098596095E+03    5.0134588118E-02
    4.4519990005E-02    8.3392602395E-01   -2.1042311854E-01   -3.9117854267E+03    4.6096448183E-02
    4.4539990005E-02    1.2007387466E+00   -2.3611395162E-01   -3.9136042580E+03    5.0212855589E-02
    4.4559990005E-02    1.1505004106E+00    4.3435042018E-01   -3.9150437339E+03    5.3579107423E-02
    4.4579990005E-02    5.9676513850E-01    2.4316418757E-01   -3.9169013006E+03    6.3516083568E-02
    4.4599990005E-02    7.9491408105E-01   -4.3886653032E-01   -3.9190927777E+03    5.4961188002E-02
    4.4619990005E-02    1.2428765290E+00   -2.4493252658E-01   -3.9207234006E+03    4.3023695253E-02
    4.4639990005E-02    1.0646711188E+00    3.0376868289E-01   -3.9222306513E+03    3.5256194358E-02
    4.4659990005E-02    9.2053580108E-01   -5.8186509304E-04   -3.9241711158E+03    3.5031022247E-02
    4.4679990005E-02    1.1930424087E+00    1.8679484280E-02   -3.9259170897E+03    4.3078327753E-02
    4.4699990005E-02    1.1383143774E+00    3.0192812326E-01   -3.9274124656E+03    5.1551016059E-02
    4.4719990005E-02    7.5023758258E-01    1.9822402555E-01   -3.9291787019E+03    6.4125945217E-02
    4.4739990005E-02    7.9034447087E-01   -4.1725444389E-01   -3.9313281447E+03    7.0665189470E-02
    4.4759990005E-02    1.2579232886E+00   -2.0584666047E-01   -3.9329996259E+03    7.3192867820E-02
    4.4779990005E-02    1.0637599308E+00    4.4344732457E-01   -3.9344671126E+03    6.8363822390E-02
    4.4799990005E-02    7.1947037785E-01    7.7944554864E-02   -3.9364694470E+03    6.7060444300E-02
    4.4819990005E-02    1.0751100753E+00   -1.8677900842E-01   -3.9383780045E+03    6.1372916515E-02
    4.4839990005E-02    1.1862740142E+00   -1.7074288665E-02   -3.9399008187E+03    5.4441034445E-02
    4.4859990005E-02    9.7570231256E-01    1.2799093118E-01   -3.9415186162E+03    5.8078998144E-02
    4.4879990005E-02    8.0699421518E-01   -3.1470958150E-01   -3.9435470657E+03    5.8827533027E-02
    4.4899990005E-02    1.2360416954E+00   -2.1221957229E-01   -3.9452957343E+03    6.3341978495E-02
    4.4919990005E-02    1.1017333753E+00    4.6349420397E-01   -3.9467402004E+03    6.2919773806E-02
    4.4939990005E-02    6.0397367163E-01    1.5289699612E-01   -3.9486979193E+03    6.5231572603E-02
    4.4959990005E-02    9.0732060355E-01   -4.0042828709E-01   -3.9507863925E+03    5.0656926875E-02
    4.4979990005E-02    1.2301816342E+00   -2.1510731958E-01   -3.9523785696E+03    3.7480195786E-02
    4.4999990005E-02    1.0670437491E+00    1.8466979522E-01   -3.9539268370E+03    2.8767615381E-02
    4.5019990005E-02    9.4835017981E-01   -1.2631003163E-01   -3.9558429370E+03    2.5455828085E-02
    4.5039990005E-02    1.2203447318E+00   -1.0194618691E-02   -3.9575647304E+03    3.4665252078E-02
    4.5059990005E-02    1.0934460638E+00    4.0682774444E-01   -3.9590507162E+03    4.3215327953E-02
    4.5079990005E-02    6.3132993912E-01    1.4572619879E-01   -3.9609248305E+03    6.0960356572E-02
    4.5099990005E-02    8.5385795843E-01   -4.7653390371E-01   -3.9630887153E+03    6.4067947940E-02
    4.5119990005E-02    1.2677406827E+00   -1.1999323138E-01   -3.9646761329E+03    6.4490319736E-02
    4.5139990005E-02    9.9441555299E-01    4.1690167640E-01   -3.9662017069E+03    5.7534656415E-02
    4.5159990005E-02    8.1997864270E-01   -7.0368008983E-03   -3.9682292762E+03    5.7331391294E-02
    4.5179990005E-02    1.1517222539E+00   -5.5725875302E-02   -3.9700098147E+03    5.6350198087E-02
    4.5199990005E-02    1.1554376304E+00    1.4405978561E-01   -3.9715023745E+03    5.8306093847E-02
    4.5219990005E-02    8.3218404827E-01    1.3424363183E-01   -3.9732285321E+03    6.6482410959E-02
    4.5239990005E-02    8.3946609468E-01   -4.0852812990E-01   -3.9753231844E+03    7.0105488909E-02
    4.5259990005E-02    1.2645125351E+00   -1.3901432081E-01   -3.9769769246E+03    7.5544098297E-02
    4.5279990005E-02    1.0318984781E+00    4.8021969496E-01   -3.9784537536E+03    7.1477257481E-02
    4.5299990005E-02    6.5218829229E-01    5.4032454908E-02   -3.9804915402E+03    7.0140352682E-02
    4.5319990005E-02    1.0191779092E+00   -3.2051318255E-01   -3.9824528941E+03    5.8045611063E-02
    4.5339990005E-02    1.2110830672E+00   -1.5303622887E-01   -3.9840018923E+03    4.7458898472E-02
    4.5359990005E-02    1.0462302441E+00    8.5418979813E-02   -3.9855906972E+03    4.1010451859E-02
    4.5379990005E-02    9.0683452096E-01   -2.6119546418E-01   -3.9875425430E+03    3.6547079704E-02
    4.5399990005E-02    1.2420980778E+00   -6.0132319034E-02   -3.9892422904E+03    4.4296097592E-02
    4.5419990005E-02    1.0425443987E+00    4.8447696195E-01   -3.9907178751E+03    4.9350306052E-02
    4.5439990005E-02    5.5098133457E-01    8.0335692004E-02   -3.9926983197E+03    6.3688553657E-02
    4.5459990005E-02    9.1750775867E-01   -5.0015272001E-01   -3.9948170551E+03    5.6022208213E-02
    4.5479990005E-02    1.2619894756E+00   -7.1231858672E-02   -3.9963518831E+03    5.1515486895E-02
    4.5499990005E-02    9.6071713590E-01    3.4505613075E-01   -3.9979409220E+03    4.3197886219E-02
    4.5519990005E-02    9.5144751226E-01   -4.8956762535E-02   -3.9999322757E+03    4.5285603439E-02
    4.5539990005E-02    1.1979642008E+00    7.0212297756E-02   -4.0016063256E+03    5.0493494938E-02
    4.5559990005E-02    1.1014290070E+00    2.7340415128E-01   -4.0031145675E+03    5.9185917785E-02
    4.5579990005E-02    7.1667515966E-01    8.4016352750E-02   -4.0049505288E+03    7.0562396623E-02
    4.5599990005E-02    9.0284104044E-01   -4.6901165505E-01   -4.0070616821E+03    7.4491731602E-02
    4.5619990005E-02    1.2757636790E+00   -4.3407403250E-02   -4.0086313710E+03    8.0035203224E-02
    4.5639990005E-02    9.5781585176E-01    4.6704208115E-01   -4.0101646459E+03    7.3592669060E-02
    4.5659990005E-02    7.3229309693E-01   -2.9597480187E-02   -4.0122400940E+03    7.0978266530E-02
    4.5679990005E-02    1.1032921661E+00   -2.1012587331E-01   -4.0140840296E+03    6.2274112517E-02
    4.5699990005E-02    1.1843867318E+00   -3.0429435757E-02   -4.0155898029E+03    5.5275588187E-02
    4.5719990005E-02    9.3254535633E-01    7.9330245029E-02   -4.0172573204E+03    5.5033035963E-02
    4.5739990005E-02    8.9428130889E-01   -3.6797678574E-01   -4.0192876548E+03    5.4270492296E-02
    4.5759990005E-02    1.2628015832E+00   -4.9561698305E-02   -4.0209262515E+03    6.1493689454E-02
    4.5779990005E-02    9.8810253163E-01    5.0276628092E-01   -4.0224199912E+03    6.1157770939E-02
    4.5799990005E-02    5.7351945608E-01    9.3238805252E-03   -4.0244913427E+03    6.3714345289E-02
    4.5819990005E-02    9.9084580499E-01   -4.5011676828E-01   -4.0265055571E+03    4.6561976572E-02
    4.5839990005E-02    1.2432109513E+00   -8.5126813075E-02   -4.0280278202E+03    3.6891270538E-02
    4.5859990005E-02    9.8151290306E-01    2.1994835347E-01   -4.0296593214E+03    2.7415547132E-02
    4.5879990005E-02    1.0119161771E+00   -1.3166263065E-01   -4.0315975618E+03    2.9309873641E-02
    4.5899990005E-02    1.2285822825E+00    1.2507151519E-01   -4.0332208247E+03    3.8485365759E-02
    4.5919990005E-02    1.0248353975E+00    3.8478015086E-01   -4.0347509445E+03    4.9308079987E-02
    4.5939990005E-02    6.2293391759E-01    7.8470690094E-03   -4.0367080464E+03    6.4662692351E-02
    4.5959990005E-02    9.7641379426E-01   -4.9286675970E-01   -4.0387923662E+03    6.5683558726E-02
    4.5979990005E-02    1.2684991705E+00    5.1736150353E-02   -4.0402977514E+03    6.8649564303E-02
    4.5999990005E-02    8.9186798429E-01    4.0838708113E-01   -4.0419121292E+03    6.1977582711E-02
    4.6019990005E-02    8.5267455050E-01   -8.9472841516E-02   -4.0439795487E+03    6.0676675058E-02
    4.6039990005E-02    1.1620081967E+00   -7.1306910472E-02   -4.0457037177E+03    5.6237044589E-02
    4.6059990005E-02    1.1390518110E+00    1.2088842640E-01   -4.0471938244E+03    5.8049694878E-02
    4.6079990005E-02    7.9437186456E-01    4.8438782179E-02   -4.0489791322E+03    6.3058635035E-02
    4.6099990005E-02    9.4267715644E-01   -4.3753975693E-01   -4.0510446696E+03    6.4602384041E-02
    4.6119990005E-02    1.2728498801E+00    2.9372036471E-02   -4.0526025404E+03    7.1428328399E-02
    4.6139990005E-02    9.1528065288E-01    4.8284677560E-01   -4.0541524128E+03    6.7792893710E-02
    4.6159990005E-02    6.5809634547E-01   -7.5697358032E-02   -4.0562735916E+03    6.4787678988E-02
    4.6179990005E-02    1.0705092542E+00   -3.5617123980E-01   -4.0581636759E+03    5.0490145646E-02
    4.6199990005E-02    1.2196564712E+00   -9.1013207720E-02   -4.0596764636E+03    4.0472586093E-02
    4.6219990005E-02    9.8773200639E-01    8.8615285492E-02   -4.0613352310E+03    3.1467709038E-02
    4.6239990005E-02    9.9752707849E-01   -2.6388411646E-01   -4.0632820897E+03    2.9794213325E-02
    4.6259990005E-02    1.2493235054E+00    1.2607571936E-01   -4.0648733891E+03    3.8939576715E-02
    4.6279990005E-02    9.3171660333E-01    4.6433438544E-01   -4.0664206185E+03    4.8920176561E-02
    4.6299990005E-02    5.6222272241E-01   -8.3132087110E-02   -4.0685026007E+03    6.4070138390E-02
    4.6319990005E-02    1.0449684931E+00   -4.9400401380E-01   -4.0705111153E+03    5.8308479767E-02
    4.6339990005E-02    1.2497986095E+00    1.1458942834E-01   -4.0719773567E+03    5.7393677456E-02
    4.6359990005E-02    8.6475689767E-01    3.2232233847E-01   -4.0736745037E+03    5.0888372925E-02
    4.6379990005E-02    9.9548412547E-01   -8.6474274112E-02   -4.0756788823E+03    5.2695167775E-02
    4.6399990005E-02    1.1936227359E+00    8.1774816546E-02   -4.0772977102E+03    5.4500991712E-02
    4.6419990005E-02    1.0658051281E+00    2.4426220246E-01   -4.0788244462E+03    6.3388026140E-02
    4.6439990005E-02    6.9529572213E-01   -3.3068599325E-02   -4.0807296135E+03    7.2849163073E-02
    4.6459990005E-02    1.0166439871E+00   -4.7318182720E-01   -4.0827740471E+03    7.4890756588E-02
    4.6479990005E-02    1.2702599409E+00    1.2706018314E-01   -4.0842638250E+03    8.0425489342E-02
    4.6499990005E-02    8.4686041636E-01    4.3961926429E-01   -4.0858903233E+03    7.5282703463E-02
    4.6519990005E-02    7.6646212120E-01   -1.3478398300E-01   -4.0880094337E+03    7.0354531455E-02
    4.6539990005E-02    1.1313600868E+00   -2.3650861499E-01   -4.0897862618E+03    5.9631891223E-02
    4.6559990005E-02    1.1826414858E+00   -2.6393462183E-02   -4.0912851871E+03    5.2569354470E-02
    4.6579990005E-02    8.9444069215E-01    1.8062396677E-02   -4.0930099817E+03    4.8661242920E-02
    4.6599990005E-02    9.9582167457E-01   -3.7411545558E-01   -4.0950089175E+03    4.7611655152E-02
    4.6619990005E-02    1.2634788584E+00    1.3274724807E-01   -4.0965507845E+03    5.5370288011E-02
    4.6639990005E-02    8.5747042644E-01    4.8771024253E-01   -4.0981253213E+03    5.9296074809E-02
    4.6659990005E-02    5.7776592484E-01   -1.4907636468E-01   -4.1002920087E+03    6.2101233685E-02
    4.6679990005E-02    1.0896847022E+00   -4.5699821009E-01   -4.1022028725E+03    4.5355560965E-02
    4.6699990005E-02    1.2249573825E+00    9.7283540873E-02   -4.1036678897E+03    3.9369689320E-02
    4.6719990005E-02    9.0455578446E-01    2.0430254488E-01   -4.1054127436E+03    3.2033763803E-02
    4.6739990005E-02    1.0806528874E+00   -9.9762616556E-02   -4.1073335443E+03    3.7650958955E-02
    4.6759990005E-02    1.2128243373E+00    1.9597742533E-01   -4.1088900144E+03    4.5046505082E-02
    4.6779990005E-02    9.6427828071E-01    3.4051369946E-01   -4.1104690833E+03    5.6576321419E-02
    4.6799990005E-02    6.3693014326E-01   -1.2568162581E-01   -4.1124944532E+03    6.8909878834E-02
    4.6819990005E-02    1.0882719002E+00   -4.6311692236E-01   -4.1144772540E+03    6.9102759614E-02
    4.6839990005E-02    1.2470155444E+00    2.1240670619E-01   -4.1159267869E+03    7.1452177809E-02
    4.6859990005E-02    7.9679896610E-01    3.5841336047E-01   -4.1176465945E+03    6.7131227824E-02
    4.6879990005E-02    8.9544083979E-01   -1.6000573854E-01   -4.1197224593E+03    6.3649623718E-02
    4.6899990005E-02    1.1732641272E+00   -9.6487062109E-02   -4.1213926135E+03    5.6001087719E-02
    4.6919990005E-02    1.1232399192E+00    1.0160075121E-01   -4.1228938232E+03    5.7423567625E-02
    4.6939990005E-02    7.7462243728E-01   -4.6713827499E-02   -4.1247377405E+03    5.9223837226E-02
    4.6959990005E-02    1.0464817964E+00   -4.2127022845E-01   -4.1267427644E+03    5.9916949514E-02
    4.6979990005E-02    1.2595595525E+00    1.9512646127E-01   -4.1282272977E+03    6.5682395680E-02
    4.6999990005E-02    7.9562406481E-01    4.4096352047E-01   -4.1298720051E+03    6.5458435776E-02
    4.7019990005E-02    6.8072286618E-01   -2.0588632571E-01   -4.1320505746E+03    5.9753185883E-02
    4.7039990005E-02    1.1290756381E+00   -3.7205121262E-01   -4.1338603735E+03    4.3079313941E-02
    4.7059990005E-02    1.2041910580E+00    3.4174839291E-02   -4.1353434996E+03    3.4589152393E-02
    4.7079990005E-02    9.4012076589E-01    6.6878756428E-02   -4.1370993783E+03    2.5678073319E-02
    4.7099990005E-02    1.0911737269E+00   -2.0698679427E-01   -4.1390034398E+03    2.9257679494E-02
    4.7119990005E-02    1.2258272743E+00    2.5865274679E-01   -4.1405216221E+03    3.7610657614E-02
    4.7139990005E-02    8.3984148436E-01    3.9612423525E-01   -4.1421522970E+03    5.2102578546E-02
    4.7159990005E-02    6.1434882177E-01   -2.2873663252E-01   -4.1442980635E+03    6.5292343737E-02
    4.7179990005E-02    1.1498371186E+00   -4.3140982556E-01   -4.1461838455E+03    6.1520965896E-02
    4.7199990005E-02    1.2087524551E+00    2.6882103976E-01   -4.1476174716E+03    6.0280371210E-02
    4.7219990005E-02    7.8990708515E-01    2.5536033624E-01   -4.1494294791E+03    5.6810259754E-02
    4.7239990005E-02    1.0357512045E+00   -1.1496694593E-01   -4.1514141683E+03    5.6886353261E-02
    4.7259990005E-02    1.1899217870E+00    7.1046813155E-02   -4.1529881289E+03    5.5084157943E-02
    4.7279990005E-02    1.0284967793E+00    2.1539502614E-01   -4.1545427302E+03    6.3772967051E-02
    4.7299990005E-02    7.0024928801E-01   -1.4851205242E-01   -4.1565122653E+03    7.0484407864E-02
    4.7319990005E-02    1.1175073301E+00   -4.2536126928E-01   -4.1584640366E+03    7.1874294378E-02
    4.7339990005E-02    1.2389915863E+00    2.7761794380E-01   -4.1599053384E+03    7.5053216881E-02
    4.7359990005E-02    7.4373781085E-01    3.6691163714E-01   -4.1616431641E+03    7.2979691023E-02
    4.7379990005E-02    8.1029181601E-01   -2.3421592633E-01   -4.1637754576E+03    6.5140080191E-02
    4.7399990005E-02    1.1601823939E+00   -2.6326934473E-01   -4.1654868471E+03    5.3512478804E-02
    4.7419990005E-02    1.1728043489E+00    6.9787050282E-03   -4.1669858055E+03    4.6191796673E-02
    4.7439990005E-02    8.8117727364E-01   -5.1573721082E-02   -4.1687769090E+03    3.9285572784E-02
    4.7459990005E-02    1.0979747032E+00   -3.1522915929E-01   -4.1707068564E+03    4.0350529731E-02
    4.7479990005E-02    1.2328701433E+00    2.9542768478E-01   -4.1721834400E+03    4.7042258330E-02
    4.7499990005E-02    7.3207931754E-01    4.1063714726E-01   -4.1738613421E+03    5.8614348942E-02
    4.7519990005E-02    6.3279887816E-01   -3.0681695709E-01   -4.1760822403E+03    6.2013349082E-02
    4.7539990005E-02    1.1842310507E+00   -3.9466261441E-01   -4.1778724495E+03    4.9800717154E-02
    4.7559990005E-02    1.1699729997E+00    2.6458856947E-01   -4.1793172351E+03    4.4984584225E-02
    4.7579990005E-02    8.4902886064E-01    1.4918829954E-01   -4.1811793806E+03    4.1698687207E-02
    4.7599990005E-02    1.1295618487E+00   -5.1332647020E-02   -4.1830545756E+03    4.7345721424E-02
    4.7619990005E-02    1.1869466327E+00    2.1331730103E-01   -4.1845755801E+03    5.3032641308E-02
    4.7639990005E-02    9.0844071092E-01    2.8081485363E-01   -4.1862061621E+03    6.4151668790E-02
    4.7659990005E-02    6.7934308384E-01   -2.5156645776E-01   -4.1882825215E+03    7.3808659968E-02
    4.7679990005E-02    1.1782054385E+00   -3.8960800779E-01   -4.1901486691E+03    7.4863807194E-02
    4.7699990005E-02    1.1993779955E+00    3.4470476563E-01   -4.1915742154E+03    7.4987034041E-02
    4.7719990005E-02    7.2026489384E-01    2.7425337051E-01   -4.1934079653E+03    7.2746198773E-02
    4.7739990005E-02    9.4194225598E-01   -2.1738704270E-01   -4.1954608148E+03    6.6289559781E-02
    4.7759990005E-02    1.1831031263E+00   -1.2631787093E-01   -4.1970811374E+03    5.6648891890E-02
    4.7779990005E-02    1.1049640357E+00    8.4998809916E-02   -4.1986046588E+03    5.6301671361E-02
    4.7799990005E-02    7.8182003649E-01   -1.4468444469E-01   -4.2005041182E+03    5.5565343977E-02
    4.7819990005E-02    1.1382612983E+00   -3.5618352135E-01   -4.2024216230E+03    5.7080678126E-02
    4.7839990005E-02    1.2193311624E+00    3.3648022862E-01   -4.2038640217E+03    6.0958008418E-02
    4.7859990005E-02    6.8361893317E-01    3.5663866382E-01   -4.2056182593E+03    6.4873128587E-02
    4.7879990005E-02    7.2942156818E-01   -3.3025620856E-01   -4.2078188602E+03    5.5967119342E-02
    4.7899990005E-02    1.1928820476E+00   -3.4117147003E-01   -4.2095389334E+03    3.9231334287E-02
    4.7919990005E-02    1.1509976945E+00    1.7914033090E-01   -4.2110172390E+03    3.1629716885E-02
    4.7939990005E-02    9.2147562610E-01    2.6170732672E-02   -4.2128729132E+03    2.5905364157E-02
    4.7959990005E-02    1.1640114989E+00   -9.7044856841E-02   -4.2146999347E+03    3.3781097487E-02
    4.7979990005E-02    1.1800431319E+00    3.1828167209E-01   -4.2161899803E+03    4.1901809682E-02
    4.7999990005E-02    7.7208243830E-01    3.0165508758E-01   -4.2178997839E+03    5.7120970019E-02
    4.8019990005E-02    6.9737626934E-01   -3.4578765952E-01   -4.2200694698E+03    6.6658818938E-02
    4.8039990005E-02    1.2206884405E+00   -3.2698564364E-01   -4.2218353903E+03    6.5512928076E-02
    4.8059990005E-02    1.1407210142E+00    3.7745502125E-01   -4.2232734959E+03    6.2449642488E-02
    4.8079990005E-02    7.4556765275E-01    1.6263047549E-01   -4.2251933970E+03    6.0948495391E-02
    4.8099990005E-02    1.0659450314E+00   -1.4181219944E-01   -4.2271355281E+03    5.8860899920E-02
    4.8119990005E-02    1.1880143042E+00    4.2543629308E-02   -4.2286741288E+03    5.4481953679E-02
    4.8139990005E-02    9.8979773711E-01    1.8020633037E-01   -4.2302654774E+03    6.1792718707E-02
    4.8159990005E-02    7.3990492123E-01   -2.5168556920E-01   -4.2322844269E+03    6.5540156211E-02
    4.8179990005E-02    1.1933297499E+00   -3.3183671192E-01   -4.2341282289E+03    6.7881218183E-02
    4.8199990005E-02    1.1785610412E+00    3.9196441751E-01   -4.2355562491E+03    6.8553440120E-02
    4.8219990005E-02    6.6217341750E-01    2.6067806489E-01   -4.2374134209E+03    6.8916156589E-02
    4.8239990005E-02    8.6375618310E-01   -3.2102235881E-01   -4.2395270604E+03    5.8069043558E-02
    4.8259990005E-02    1.1954273371E+00   -2.6080808017E-01   -4.2411746140E+03    4.5270958394E-02
    4.8279990005E-02    1.1365727547E+00    8.4600822651E-02   -4.2426868875E+03    3.7554971550E-02
    4.8299990005E-02    8.9854122697E-01   -1.1265569273E-01   -4.2445487928E+03    3.0172718932E-02
    4.8319990005E-02    1.1792314261E+00   -1.8730371156E-01   -4.2463799070E+03    3.5496332191E-02
    4.8339990005E-02    1.1668731959E+00    3.9541383038E-01   -4.2478386215E+03    4.1962005476E-02
    4.8359990005E-02    6.4859712657E-01    2.7969632414E-01   -4.2496288984E+03    5.8954516081E-02
    4.8379990005E-02    7.4052648903E-01   -4.2320827546E-01   -4.2518441691E+03    6.2179162880E-02
    4.8399990005E-02    1.2440667651E+00   -2.6870527779E-01   -4.2535187849E+03    5.6556479814E-02
    4.8419990005E-02    1.0846847606E+00    3.6880747205E-01   -4.2549903636E+03    5.0668260098E-02
    4.8439990005E-02    8.2825028067E-01    6.7953314339E-02   -4.2569498977E+03    5.0255102674E-02
    4.8459990005E-02    1.1517072324E+00   -2.8949617536E-02   -4.2587671778E+03    5.3466726876E-02
    4.8479990005E-02    1.1662180768E+00    1.9631594392E-01   -4.2602700574E+03    5.7920590503E-02
    4.8499990005E-02    8.5569930007E-01    2.0932856123E-01   -4.2619565226E+03    6.8444913429E-02
    4.8519990005E-02    7.5368661000E-01   -3.5564244558E-01   -4.2640604701E+03    7.5240934777E-02
    4.8539990005E-02    1.2384383555E+00   -2.7336763345E-01   -4.2658069573E+03    7.8334064290E-02
    4.8559990005E-02    1.1215961479E+00    4.3683397027E-01   -4.2672446675E+03    7.5672937004E-02
    4.8579990005E-02    6.7511137313E-01    1.6226111539E-01   -4.2691926623E+03    7.4375897978E-02
    4.8599990005E-02    9.9050681597E-01   -2.6309836234E-01   -4.2711957657E+03    6.5030293371E-02
    4.8619990005E-02    1.1930381833E+00   -1.4344671012E-01   -4.2727723442E+03    5.4889859483E-02
    4.8639990005E-02    1.0764726242E+00    7.8372103588E-02   -4.2743276816E+03    5.1991232339E-02
    4.8659990005E-02    8.2456397992E-01   -2.3049186337E-01   -4.2762728093E+03    4.8943130067E-02
    4.8679990005E-02    1.2075445078E+00   -2.3572350376E-01   -4.2780815731E+03    5.3084932762E-02
    4.8699990005E-02    1.1430466225E+00    4.4124822254E-01   -4.2795199841E+03    5.5749891527E-02
    4.8719990005E-02    5.9337489910E-01    2.2808659556E-01   -4.2813963746E+03    6.3943398632E-02
    4.8739990005E-02    8.1385983173E-01   -4.3638024317E-01   -4.2835733046E+03    5.3323797463E-02
    4.8759990005E-02    1.2415361299E+00   -2.3878360877E-01   -4.2851960630E+03    4.0696835638E-02
    4.8779990005E-02    1.0625363523E+00    2.8531781201E-01   -4.2867121224E+03    3.2616158932E-02
    4.8799990005E-02    9.3473257433E-01   -1.9257138202E-02   -4.2886469394E+03    3.2194317561E-02
    4.8819990005E-02    1.1994900748E+00    2.0472708597E-02   -4.2903836532E+03    4.0895112554E-02
    4.8839990005E-02    1.1306345925E+00    3.2197534661E-01   -4.2918780317E+03    4.9743556106E-02
    4.8859990005E-02    7.2743755853E-01    1.9008952341E-01   -4.2936636456E+03    6.3117512087E-02
    4.8879990005E-02    8.0216800414E-01   -4.3004445496E-01   -4.2958192244E+03    6.9265119398E-02
    4.8899990005E-02    1.2610882591E+00   -1.8771015687E-01   -4.2974732776E+03    7.1589301240E-02
    4.8919990005E-02    1.0489998305E+00    4.4210236557E-01   -4.2989505723E+03    6.6314819703E-02
    4.8939990005E-02    7.3363127887E-01    5.8605842196E-02   -4.3009628034E+03    6.5090152002E-02
    4.8959990005E-02    1.0914291270E+00   -1.6672735110E-01   -4.3028484832E+03    6.0263128406E-02
    4.8979990006E-02    1.1828599941E+00    1.1990157857E-02   -4.3043617039E+03    5.4497730440E-02
    4.8999990006E-02    9.4939399996E-01    1.3409523275E-01   -4.3059979736E+03    5.9216988408E-02
    4.9019990006E-02    8.1052771293E-01   -3.3349731935E-01   -4.3080420402E+03    6.0532376018E-02
    4.9039990006E-02    1.2425071347E+00   -1.9922343991E-01   -4.3097727400E+03    6.5226381389E-02
    4.9059990006E-02    1.0884773466E+00    4.6858455578E-01   -4.3112218449E+03    6.4134385142E-02
    4.9079990006E-02    6.0909324275E-01    1.3234949982E-01   -4.3131985378E+03    6.5625634102E-02
    4.9099990006E-02    9.2960541272E-01   -3.9050165121E-01   -4.3152638422E+03    5.1165733944E-02
    4.9119990006E-02    1.2277759100E+00   -2.0615124557E-01   -4.3168475414E+03    3.8408290058E-02
    4.9139990006E-02    1.0660514538E+00    1.6370359262E-01   -4.3184033701E+03    2.9730474903E-02
    4.9159990006E-02    9.4474958769E-01   -1.5139393826E-01   -4.3203207874E+03    2.5904386577E-02
    4.9179990006E-02    1.2246111221E+00   -1.6172581566E-02   -4.3220382539E+03    3.5012833328E-02
    4.9199990006E-02    1.0827345833E+00    4.2339020097E-01   -4.3235229794E+03    4.3287585007E-02
    4.9219990006E-02    6.1250473655E-01    1.3101376015E-01   -4.3254184894E+03    6.1414440580E-02
    4.9239990006E-02    8.6802375793E-01   -4.8517797883E-01   -4.3275776615E+03    6.3308658216E-02
    4.9259990006E-02    1.2682078007E+00   -1.0394595787E-01   -4.3291510582E+03    6.3232399405E-02
    4.9279990006E-02    9.8281534304E-01    4.0851142072E-01   -4.3306897641E+03    5.5948585082E-02
    4.9299990006E-02    8.4297742066E-01   -1.8584034139E-02   -4.3327163738E+03    5.6085010451E-02
    4.9319990006E-02    1.1619630082E+00   -3.0473337301E-02   -4.3344739027E+03    5.5987941023E-02
    4.9339990006E-02    1.1467516335E+00    1.6887361946E-01   -4.3359671496E+03    5.9657753727E-02
    4.9359990006E-02    8.0814273116E-01    1.2612150026E-01   -4.3377144329E+03    6.8420833961E-02
    4.9379990006E-02    8.5123313752E-01   -4.2380207469E-01   -4.3398150597E+03    7.2304495240E-02
    4.9399990006E-02    1.2684669096E+00   -1.2028145958E-01   -4.3414503933E+03    7.7973507993E-02
    4.9419990006E-02    1.0168592708E+00    4.8144613225E-01   -4.3429365851E+03    7.3270325985E-02
    4.9439990006E-02    6.6452992291E-01    3.6037570846E-02   -4.3449856824E+03    7.1460462744E-02
    4.9459990006E-02    1.0374815438E+00   -3.0225695459E-01   -4.3469236959E+03    5.9856965485E-02
    4.9479990006E-02    1.2069431748E+00   -1.3480782486E-01   -4.3484641997E+03    4.9657365160E-02
    4.9499990006E-02    1.0319483114E+00    7.8391293228E-02   -4.3500645143E+03    4.4159197962E-02
    4.9519990006E-02    9.0066380187E-01   -2.8450216060E-01   -4.3520310760E+03    4.0227736889E-02
    4.9539990006E-02    1.2467530934E+00   -6.1964211014E-02   -4.3537209982E+03    4.7824821655E-02
    4.9559990006E-02    1.0316980156E+00    4.9288311210E-01   -4.3551977225E+03    5.1873324331E-02
    4.9579990006E-02    5.4610792185E-01    6.6277298002E-02   -4.3571986819E+03    6.4069990248E-02
    4.9599990006E-02    9.3122255001E-01   -4.9753530359E-01   -4.3593003713E+03    5.3828210590E-02
    4.9619990006E-02    1.2591469044E+00   -6.7029290462E-02   -4.3608293142E+03    4.8168504330E-02
    4.9639990006E-02    9.5966720735E-01    3.2517389146E-01   -4.3624301715E+03    3.9650126957E-02
    4.9659990006E-02    9.7291110061E-01   -5.7298957616E-02   -4.3644100584E+03    4.2213424481E-02
    4.9679990006E-02    1.2045111291E+00    8.7423183947E-02   -4.3660693092E+03    4.8362818084E-02
    4.9699990006E-02    1.0885297335E+00    2.9494707625E-01   -4.3675823372E+03    5.7603119487E-02
    4.9719990006E-02    6.9768724142E-01    6.9978353892E-02   -4.3694406145E+03    6.9521108361E-02
    4.9739990006E-02    9.1798510576E-01   -4.7568274935E-01   -4.3715494693E+03    7.3097000014E-02
    4.9759990006E-02    1.2755513613E+00   -2.1731971692E-02   -4.3731044296E+03    7.8352634287E-02
    4.9779990006E-02    9.4211557686E-01    4.5901767239E-01   -4.3746528616E+03    7.1775852362E-02
    4.9799990006E-02    7.5154296764E-01   -4.5802891092E-02   -4.3767320270E+03    6.9202721889E-02
    4.9819990006E-02    1.1163567979E+00   -1.8831748923E-01   -4.3785535033E+03    6.1211943989E-02
    4.9839990006E-02    1.1780916200E+00   -3.3842946757E-03   -4.3800527918E+03    5.5513097782E-02
    4.9859990006E-02    9.0522426883E-01    7.7233175178E-02   -4.3817409894E+03    5.6414030708E-02
    4.9879990006E-02    9.0185119490E-01   -3.8347856110E-01   -4.3837816297E+03    5.6156024400E-02
    4.9899990006E-02    1.2657259540E+00   -3.4524803526E-02   -4.3854036449E+03    6.3380711481E-02
    4.9919990006E-02    9.7286470725E-01    5.0129851365E-01   -4.3869069289E+03    6.2350018969E-02
    4.9939990006E-02    5.8591123059E-01   -9.8429950510E-03   -4.3889935044E+03    6.3455197108E-02
    4.9959990006E-02    1.0081435079E+00   -4.3572154094E-01   -4.3909834100E+03    4.6068611666E-02
    4.9979990006E-02    1.2393348725E+00   -8.4872442533E-02   -4.3925029714E+03    3.6141411743E-02
    4.9999990006E-02    9.8413003593E-01    1.9525617233E-01   -4.3941422177E+03    2.6560403321E-02
    5.0019990006E-02    1.0132485901E+00   -1.5517063704E-01   -4.3960773466E+03    2.7879305793E-02
    5.0039990006E-02    1.2326905894E+00    1.2986741017E-01   -4.3976933721E+03    3.7174078083E-02
    5.0059990006E-02    1.0066705813E+00    4.0095476932E-01   -4.3992283659E+03    4.8196769189E-02
    5.0079990006E-02    6.0886823581E-01   -1.2410024047E-02   -4.4012111422E+03    6.4193364367E-02
    5.0099990006E-02    9.9323392361E-01   -4.9435791133E-01   -4.4032823470E+03    6.4300550186E-02
    5.0119990006E-02    1.2654358808E+00    7.1237159916E-02   -4.4047766408E+03    6.6646098293E-02
    5.0139990006E-02    8.8044575097E-01    3.9324302148E-01   -4.4064098398E+03    6.0061433716E-02
    5.0159990006E-02    8.8007986054E-01   -9.5846489924E-02   -4.4084700566E+03    5.9174914050E-02
    5.0179990006E-02    1.1699945462E+00   -4.2965651888E-02   -4.4101711055E+03    5.5506610781E-02
    5.0199990006E-02    1.1270118505E+00    1.4614750783E-01   -4.4116649700E+03    5.9002675539E-02
    5.0219990006E-02    7.7194613148E-01    3.3340528641E-02   -4.4134749420E+03    6.4715317469E-02
    5.0239990006E-02    9.5834644329E-01   -4.4695771635E-01   -4.4155391220E+03    6.6447228200E-02
    5.0259990006E-02    1.2732379493E+00    5.1870138122E-02   -4.4170805883E+03    7.3111822596E-02
    5.0279990006E-02    8.9830323474E-01    4.7575787664E-01   -4.4186461676E+03    6.9122032959E-02
    5.0299990006E-02    6.7740880491E-01   -9.2922194195E-02   -4.4207725741E+03    6.5487806907E-02
    5.0319990006E-02    1.0847585175E+00   -3.3685977430E-01   -4.4226385954E+03    5.2020619321E-02
    5.0339990006E-02    1.2141281792E+00   -8.3445301000E-02   -4.4241482350E+03    4.2332134813E-02
    5.0359990006E-02    9.7810655605E-01    6.9131719109E-02   -4.4258168820E+03    3.3868185398E-02
    5.0379990006E-02    9.9712704720E-01   -2.8636845506E-01   -4.4277712811E+03    3.1989122449E-02
    5.0399990006E-02    1.2523149935E+00    1.3008943728E-01   -4.4293522170E+03    4.0909056081E-02
    5.0419990006E-02    9.1202891552E-01    4.7286949451E-01   -4.4309051658E+03    5.0340956150E-02
    5.0439990006E-02    5.5822560987E-01   -1.0282680046E-01   -4.4330102810E+03    6.3999578056E-02
    5.0459990006E-02    1.0587062468E+00   -4.8972533842E-01   -4.4349975122E+03    5.6319239264E-02
    5.0479990006E-02    1.2443472694E+00    1.2441647250E-01   -4.4364590314E+03    5.4563634966E-02
    5.0499990006E-02    8.6408988546E-01    3.0165234587E-01   -4.4381726956E+03    4.8155871106E-02
    5.0519990006E-02    1.0196809184E+00   -8.2767495848E-02   -4.4401607772E+03    5.0773644696E-02
    5.0539990006E-02    1.1972027875E+00    1.0672902250E-01   -4.4417632781E+03    5.3693323571E-02
    5.0559990006E-02    1.0482240152E+00    2.6243361130E-01   -4.4433004317E+03    6.3245863714E-02
    5.0579990006E-02    6.8184982902E-01   -5.3830185985E-02   -4.4452292745E+03    7.3298919923E-02
    5.0599990006E-02    1.0342294021E+00   -4.7345407800E-01   -4.4472621977E+03    7.5137720885E-02
    5.0619990006E-02    1.2669632509E+00    1.5014238423E-01   -4.4487404626E+03    8.0155854396E-02
    5.0639990006E-02    8.3202574122E-01    4.2594360380E-01   -4.4503866483E+03    7.5135341843E-02
    5.0659990006E-02    7.8959946780E-01   -1.4595450479E-01   -4.4525018368E+03    7.0114740308E-02
    5.0679990006E-02    1.1412845974E+00   -2.1392833403E-01   -4.4542570197E+03    5.9848161075E-02
    5.0699990006E-02    1.1736534108E+00   -5.1045414208E-03   -4.4557540212E+03    5.3868995177E-02
    5.0719990006E-02    8.6921639543E-01    6.0999727350E-03   -4.4575003084E+03    5.1080157588E-02
    5.0739990006E-02    1.0056364385E+00   -3.8648839448E-01   -4.4595035434E+03    5.0391267310E-02
    5.0759990006E-02    1.2637032434E+00    1.4691509603E-01   -4.4610318295E+03    5.7812448877E-02
    5.0779990006E-02    8.4136169226E-01    4.8116185807E-01   -4.4626197872E+03    6.0868157132E-02
    5.0799990006E-02    5.9392593495E-01   -1.6545444453E-01   -4.4647964245E+03    6.1274457862E-02
    5.0819990006E-02    1.1005054085E+00   -4.4305122983E-01   -4.4666852258E+03    4.3678151844E-02
    5.0839990006E-02    1.2194687871E+00    9.2916076729E-02   -4.4681520198E+03    3.7049184709E-02
    5.0859990006E-02    9.1282628592E-01    1.7848598921E-01   -4.4699047444E+03    2.9514431550E-02
    5.0879990006E-02    1.0885820257E+00   -1.1296020395E-01   -4.4718148827E+03    3.5345329985E-02
    5.0899990006E-02    1.2147783272E+00    2.1281699386E-01   -4.4733619798E+03    4.3241046363E-02
    5.0919990006E-02    9.3978678414E-01    3.5236413202E-01   -4.4749529073E+03    5.5345918528E-02
    5.0939990006E-02    6.3111690514E-01   -1.4928964591E-01   -4.4770038336E+03    6.8013132878E-02
    5.0959990006E-02    1.1045297695E+00   -4.5601627879E-01   -4.4789665920E+03    6.7672442518E-02
    5.0979990006E-02    1.2392868324E+00    2.3092541940E-01   -4.4804100718E+03    6.9286982830E-02
    5.0999990006E-02    7.8832695439E-01    3.3726763599E-01   -4.4821524455E+03    6.5245642922E-02
    5.1019990006E-02    9.2400605760E-01   -1.5970576999E-01   -4.4842143285E+03    6.2247256562E-02
    5.1039990006E-02    1.1789433535E+00   -6.6949145838E-02   -4.4858626706E+03    5.5189026842E-02
    5.1059990006E-02    1.1074277223E+00    1.2529838279E-01   -4.4873707443E+03    5.8402273615E-02
    5.1079990006E-02    7.5649320299E-01   -6.7384826336E-02   -4.4892414135E+03    6.0940851640E-02
    5.1099990006E-02    1.0629218561E+00   -4.2323133834E-01   -4.4912375707E+03    6.1846046583E-02
    5.1119990006E-02    1.2558094458E+00    2.1584844414E-01   -4.4927105079E+03    6.7083642614E-02
    5.1139990006E-02    7.8022687134E-01    4.2571467760E-01   -4.4943758423E+03    6.6538522276E-02
    5.1159990006E-02    7.0536334775E-01   -2.1907456357E-01   -4.4965509524E+03    6.0034985326E-02
    5.1179990006E-02    1.1377620788E+00   -3.5352905885E-01   -4.4983385003E+03    4.4335736609E-02
    5.1199990006E-02    1.1988708133E+00    2.7931979221E-02   -4.4998244297E+03    3.5723759181E-02
    5.1219990006E-02    9.3706764003E-01    3.9236905008E-02   -4.5015858137E+03    2.6662460665E-02
    5.1239990006E-02    1.0945721366E+00   -2.2574083938E-01   -4.5034908562E+03    2.9850765453E-02
    5.1259990006E-02    1.2261536545E+00    2.7111529080E-01   -4.5049997872E+03    3.8008460714E-02
    5.1279990006E-02    8.1320285929E-01    3.9854124186E-01   -4.5066430110E+03    5.2780925142E-02
    5.1299990006E-02    6.1709812135E-01   -2.5213216489E-01   -4.5088097279E+03    6.5092348455E-02
    5.1319990006E-02    1.1621971000E+00   -4.2127213499E-01   -4.5106712940E+03    6.0301998590E-02
    5.1339990006E-02    1.1986691538E+00    2.7927795074E-01   -4.5121045660E+03    5.8349243097E-02
    5.1359990006E-02    7.9341640682E-01    2.3253703106E-01   -4.5139349306E+03    5.5108360968E-02
    5.1379990006E-02    1.0596477308E+00   -1.0048773765E-01   -4.5158972452E+03    5.5976506387E-02
    5.1399990006E-02    1.1899022733E+00    1.0037318288E-01   -4.5174565130E+03    5.5728469126E-02
    5.1419990006E-02    1.0056195401E+00    2.2977990351E-01   -4.5190266192E+03    6.5081253897E-02
    5.1439990006E-02    6.9342883043E-01   -1.7368806055E-01   -4.5210198862E+03    7.2558142587E-02
    5.1459990006E-02    1.1339033518E+00   -4.1904103344E-01   -4.5229528575E+03    7.4019796667E-02
    5.1479990006E-02    1.2314086430E+00    2.9753443369E-01   -4.5243878264E+03    7.6557444906E-02
    5.1499990006E-02    7.3334923783E-01    3.4774217047E-01   -4.5261483604E+03    7.4386115831E-02
    5.1519990006E-02    8.3768017675E-01   -2.3734104624E-01   -4.5282667629E+03    6.6394525428E-02
    5.1539990006E-02    1.1661425332E+00   -2.3961247318E-01   -4.5299582004E+03    5.5174347912E-02
    5.1559990006E-02    1.1623845625E+00    1.5643864351E-02   -4.5314607722E+03    4.8734159623E-02
    5.1579990006E-02    8.5994601825E-01   -7.2364503934E-02   -4.5332708317E+03    4.2853860395E-02
    5.1599990006E-02    1.1064548147E+00   -3.2672987516E-01   -4.5352008549E+03    4.3941949035E-02
    5.1619990006E-02    1.2306979508E+00    3.0680200597E-01   -4.5366682518E+03    5.0088851230E-02
    5.1639990006E-02    7.1467112715E-01    4.0204053132E-01   -4.5383617342E+03    6.0254961313E-02
    5.1659990006E-02    6.4788478780E-01   -3.2014964756E-01   -4.5405872989E+03    6.0738397222E-02
    5.1679990006E-02    1.1899570710E+00   -3.8280832275E-01   -4.5423583264E+03    4.6873287825E-02
    5.1699990006E-02    1.1615221107E+00    2.5807242475E-01   -4.5438088697E+03    4.1379899648E-02
    5.1719990006E-02    8.6556074320E-01    1.2477744510E-01   -4.5456769813E+03    3.8011549788E-02
    5.1739990006E-02    1.1415297803E+00   -4.8655349807E-02   -4.5475332572E+03    4.4594268883E-02
    5.1759990006E-02    1.1847937766E+00    2.3656998347E-01   -4.5490468429E+03    5.1171623325E-02
    5.1779990006E-02    8.8063617480E-01    2.8595206964E-01   -4.5506948239E+03    6.2702652296E-02
    5.1799990006E-02    6.8295043914E-01   -2.7443448746E-01   -4.5527924069E+03    7.2402269127E-02
    5.1819990006E-02    1.1904568277E+00   -3.7423561752E-01   -4.5546353226E+03    7.3223706993E-02
    5.1839990006E-02    1.1861772366E+00    3.5798414843E-01   -4.5560614842E+03    7.2610237550E-02
    5.1859990006E-02    7.1839976777E-01    2.4869606953E-01   -4.5579185498E+03    7.0573952085E-02
    5.1879990006E-02    9.6903898819E-01   -2.1033481238E-01   -4.5599512242E+03    6.4715368875E-02
    5.1899990006E-02    1.1863938193E+00   -9.7394060219E-02   -4.5615524102E+03    5.5632299613E-02
    5.1919990006E-02    1.0853801891E+00    1.0528801372E-01   -4.5630861933E+03    5.6984654619E-02
    5.1939990006E-02    7.7047772405E-01   -1.6807624190E-01   -4.5650120472E+03    5.7117534872E-02
    5.1959990006E-02    1.1520997057E+00   -3.5051775839E-01   -4.5669146474E+03    5.8885917399E-02
    5.1979990006E-02    1.2104223486E+00    3.5203393793E-01   -4.5683519064E+03    6.2091321938E-02
    5.1999990006E-02    6.7303122421E-01    3.3463856684E-01   -4.5701305175E+03    6.5288636534E-02
    5.2019990006E-02    7.5720983954E-01   -3.3665909909E-01   -4.5723180875E+03    5.5235343982E-02
    5.2039990006E-02    1.1964315398E+00   -3.2471256740E-01   -4.5740204578E+03    3.8973478794E-02
    5.2059990006E-02    1.1454924989E+00    1.6587868994E-01   -4.5755064787E+03    3.1107671089E-02
    5.2079990006E-02    9.2540421194E-01   -3.1855275474E-03   -4.5773644120E+03    2.5140609323E-02
    5.2099990006E-02    1.1695971425E+00   -1.0818748147E-01   -4.5791868158E+03    3.2730373546E-02
    5.2119990006E-02    1.1752931567E+00    3.3630230246E-01   -4.5806709057E+03    4.0765099304E-02
    5.2139990006E-02    7.4360469159E-01    2.9436886635E-01   -4.5824005728E+03    5.6894342388E-02
    5.2159990006E-02    7.0936573322E-01   -3.6781795859E-01   -4.5845837139E+03    6.5781136877E-02
    5.2179990006E-02    1.2294256940E+00   -3.0818246801E-01   -4.5863246522E+03    6.4196431014E-02
    5.2199990006E-02    1.1247122668E+00    3.8372732797E-01   -4.5877693039E+03    6.0452233618E-02
    5.2219990006E-02    7.5608750118E-01    1.3731406792E-01   -4.5897064268E+03    5.9169096757E-02
    5.2239990006E-02    1.0872193533E+00   -1.2168510204E-01   -4.5916216323E+03    5.7825982272E-02
    5.2259990006E-02    1.1852941145E+00    7.3567049149E-02   -4.5931479029E+03    5.5007833962E-02
    5.2279990006E-02    9.6176124117E-01    1.8902954716E-01   -4.5947593719E+03    6.3078034725E-02
    5.2299990006E-02    7.4201107755E-01   -2.7781085114E-01   -4.5967997312E+03    6.7462304986E-02
    5.2319990006E-02    1.2063532291E+00   -3.1672813941E-01   -4.5986195632E+03    7.0054244844E-02
    5.2339990006E-02    1.1644954897E+00    4.0690912808E-01   -4.6000481010E+03    6.9960012243E-02
    5.2359990006E-02    6.5866127886E-01    2.3510914735E-01   -4.6019309740E+03    6.9945992492E-02
    5.2379990006E-02    8.9280093661E-01   -3.1741419483E-01   -4.6040218718E+03    5.9101322895E-02
    5.2399990006E-02    1.1970077971E+00   -2.4059409241E-01   -4.6056526406E+03    4.6993255768E-02
    5.2419990006E-02    1.1275936350E+00    7.7277814031E-02   -4.6071731815E+03    3.9751519246E-02
    5.2439990006E-02    8.8652108368E-01   -1.3967815749E-01   -4.6090480915E+03    3.2796442954E-02
    5.2459990006E-02    1.1867023887E+00   -1.9381619367E-01   -4.6108731371E+03    3.7964911499E-02
    5.2479990006E-02    1.1590930421E+00    4.1070043402E-01   -4.6123267020E+03    4.3853845110E-02
    5.2499990006E-02    6.2677699475E-01    2.6478196240E-01   -4.6141383691E+03    6.0198155495E-02
    5.2519990006E-02    7.5751427890E-01   -4.3724392793E-01   -4.6163520608E+03    6.0874675013E-02
    5.2539990006E-02    1.2476344614E+00   -2.5212053673E-01   -4.6180073343E+03    5.4231390450E-02
    5.2559990006E-02    1.0713021118E+00    3.6304927705E-01   -4.6194901485E+03    4.7781689355E-02
    5.2579990006E-02    8.5035784458E-01    4.7778936444E-02   -4.6214538900E+03    4.7659932159E-02
    5.2599990006E-02    1.1641033373E+00   -1.0020130217E-02   -4.6232465484E+03    5.1967907296E-02
    5.2619990006E-02    1.1589052910E+00    2.2063323080E-01   -4.6247467073E+03    5.7667286246E-02
    5.2639990006E-02    8.2789392084E-01    2.0372644249E-01   -4.6264552051E+03    6.8519897880E-02
    5.2659990006E-02    7.6640386442E-01   -3.7693675835E-01   -4.6285718157E+03    7.5317026607E-02
    5.2679990006E-02    1.2468194641E+00   -2.5032167672E-01   -4.6302934107E+03    7.8585312249E-02
    5.2699990006E-02    1.1031620789E+00    4.4510012459E-01   -4.6317385224E+03    7.5194165755E-02
    5.2719990006E-02    6.8120280259E-01    1.3572821453E-01   -4.6337074339E+03    7.3801563912E-02
    5.2739990006E-02    1.0145264154E+00   -2.4964518969E-01   -4.6356855079E+03    6.4933895890E-02
    5.2759990006E-02    1.1927196678E+00   -1.1660267443E-01   -4.6372467154E+03    5.5278262664E-02
    5.2779990006E-02    1.0541538756E+00    8.9064691457E-02   -4.6388164623E+03    5.3632009355E-02
    5.2799990006E-02    8.1989716794E-01   -2.5562369685E-01   -4.6407842609E+03    5.1561588371E-02
    5.2819990006E-02    1.2174697969E+00   -2.2575331168E-01   -4.6425746471E+03    5.5941093958E-02
    5.2839990006E-02    1.1293140566E+00    4.5193898815E-01   -4.6440139675E+03    5.7813502213E-02
    5.2859990006E-02    5.8890336374E-01    2.0355854832E-01   -4.6459172090E+03    6.4412996099E-02
    5.2879990006E-02    8.4034195360E-01   -4.3530151119E-01   -4.6480730476E+03    5.1880929471E-02
    5.2899990006E-02    1.2410686085E+00   -2.2650381940E-01   -4.6496834877E+03    3.8999288080E-02
    5.2919990006E-02    1.0571592647E+00    2.6665388824E-01   -4.6512118013E+03    3.0580916180E-02
    5.2939990006E-02    9.4744515098E-01   -4.3724006176E-02   -4.6531432016E+03    2.9856176961E-02
    5.2959990006E-02    1.2065873261E+00    2.4467385145E-02   -4.6548680546E+03    3.9062549570E-02
    5.2979990006E-02    1.1192928349E+00    3.4262311549E-01   -4.6563622408E+03    4.8181956515E-02
    5.2999990006E-02    7.0142694201E-01    1.7398866108E-01   -4.6581732024E+03    6.2522360201E-02
    5.3019990006E-02    8.2097456523E-01   -4.4599870230E-01   -4.6603316890E+03    6.8016270641E-02
    5.3039990006E-02    1.2649007744E+00   -1.6083425310E-01   -4.6619624949E+03    7.0231126829E-02
    5.3059990006E-02    1.0285103407E+00    4.4046730564E-01   -4.6634542583E+03    6.4405910347E-02
    5.3079990006E-02    7.5193125668E-01    3.4081800019E-02   -4.6654784415E+03    6.3282876941E-02
    5.3099990006E-02    1.1092038941E+00   -1.4334826738E-01   -4.6673355484E+03    5.9236443829E-02
    5.3119990006E-02    1.1775217048E+00    4.3420218578E-02   -4.6688392548E+03    5.5007593405E-02
    5.3139990006E-02    9.1771322742E-01    1.3529631102E-01   -4.6704994990E+03    6.0569159706E-02
    5.3159990006E-02    8.2020375822E-01   -3.5657447595E-01   -4.6725592928E+03    6.2401402243E-02
    5.3179990006E-02    1.2504859292E+00   -1.7701679906E-01   -4.6742648992E+03    6.7422808395E-02
    5.3199990006E-02    1.0686938903E+00    4.7544814034E-01   -4.6757221005E+03    6.5531896690E-02
    5.3219990006E-02    6.1543140670E-01    1.0416700554E-01   -4.6777231519E+03    6.6191337456E-02
    5.3239990006E-02    9.5657573094E-01   -3.7965982006E-01   -4.6797593797E+03    5.1949261674E-02
    5.3259990006E-02    1.2255922248E+00   -1.9229665641E-01   -4.6813314480E+03    3.9773644536E-02
    5.3279990006E-02    1.0609345303E+00    1.4291872762E-01   -4.6828981821E+03    3.1175958720E-02
    5.3299990006E-02    9.4158722401E-01   -1.8004507161E-01   -4.6848207531E+03    2.6990508958E-02
    5.3319990006E-02    1.2301993054E+00   -1.6119554979E-02   -4.6865283932E+03    3.5922563935E-02
    5.3339990006E-02    1.0668552589E+00    4.4069320852E-01   -4.6880136942E+03    4.3884070274E-02
    5.3359990006E-02    5.9277211877E-01    1.0822612659E-01   -4.6899370483E+03    6.1981637367E-02
    5.3379990006E-02    8.8896202117E-01   -4.9398306165E-01   -4.6920850502E+03    6.2116390240E-02
    5.3399990006E-02    1.2681402770E+00   -8.0259245226E-02   -4.6936407956E+03    6.1528474982E-02
    5.3419990006E-02    9.6717527474E-01    3.9711652716E-01   -4.6951980765E+03    5.3929432612E-02
    5.3439990006E-02    8.7113569690E-01   -3.2642764219E-02   -4.6972228465E+03    5.4472327701E-02
    5.3459990006E-02    1.1722966621E+00   -3.5197007343E-03   -4.6989537446E+03    5.5356421976E-02
    5.3479990006E-02    1.1353691778E+00    1.9374839592E-01   -4.7004493359E+03    6.0680026292E-02
    5.3499990006E-02    7.8140801273E-01    1.1118039805E-01   -4.7022225362E+03    6.9971407702E-02
    5.3519990006E-02    8.7000372637E-01   -4.4036678996E-01   -4.7043263812E+03    7.3897495401E-02
    5.3539990006E-02    1.2723933371E+00   -9.1180075605E-02   -4.7059378540E+03    7.9838791230E-02
    5.3559990006E-02    9.9501037569E-01    4.8149119555E-01   -4.7074386621E+03    7.4491198348E-02
    5.3579990006E-02    6.7993487911E-01    1.1228587649E-02   -4.7095020075E+03    7.2199379992E-02
    5.3599990006E-02    1.0580549485E+00   -2.8292565948E-01   -4.7114119849E+03    6.1088678298E-02
    5.3619990006E-02    1.2025376115E+00   -1.1152697974E-01   -4.7129420257E+03    5.1390336120E-02
    5.3639990006E-02    1.0094658384E+00    7.4484254637E-02   -4.7145594104E+03    4.6819154737E-02
    5.3659990006E-02    9.0067935943E-01   -3.0970974354E-01   -4.7165428672E+03    4.3630826625E-02
    5.3679990006E-02    1.2524605910E+00   -5.1772954577E-02   -4.7182149323E+03    5.1235783133E-02
    5.3699990006E-02    1.0136705913E+00    4.9973998191E-01   -4.7196974787E+03    5.4312880933E-02
    5.3719990006E-02    5.4539058506E-01    4.2497913787E-02   -4.7217257235E+03    6.4053411801E-02
    5.3739990006E-02    9.5261439257E-01   -4.9224738213E-01   -4.7238017478E+03    5.1350682257E-02
    5.3759990006E-02    1.2554302349E+00   -5.6067474029E-02   -4.7253222811E+03    4.4789596072E-02
    5.3779990006E-02    9.5634258149E-01    3.0149205079E-01   -4.7269399475E+03    3.6094762842E-02
    5.3799990006E-02    9.9399919952E-01   -7.0290544244E-02   -4.7289080702E+03    3.9107832955E-02
    5.3819990006E-02    1.2108295729E+00    1.0548065686E-01   -4.7305504759E+03    4.6112031311E-02
    5.3839990006E-02    1.0712231280E+00    3.1622701900E-01   -4.7320701096E+03    5.5855706658E-02
    5.3859990006E-02    6.7702964011E-01    4.7600410598E-02   -4.7339568539E+03    6.8331575885E-02
    5.3879990006E-02    9.4046127688E-01   -4.8202872422E-01   -4.7360578448E+03    7.1300785838E-02
    5.3899990006E-02    1.2744596327E+00    9.8307034074E-03   -4.7375936639E+03    7.6176782564E-02
    5.3919990006E-02    9.2041483060E-01    4.4740955376E-01   -4.7391639947E+03    6.9579846941E-02
    5.3939990006E-02    7.7597232907E-01   -6.6761504606E-02   -4.7412470888E+03    6.7051343425E-02
    5.3959990006E-02    1.1305756067E+00   -1.6426235822E-01   -4.7430407935E+03    5.9700320295E-02
    5.3979990006E-02    1.1698939609E+00    2.6174729968E-02   -4.7445343608E+03    5.5651269843E-02
    5.3999990006E-02    8.7378621315E-01    6.8861952650E-02   -4.7462491719E+03    5.7462312904E-02
    5.4019990006E-02    9.1710492674E-01   -3.9979966936E-01   -4.7482973884E+03    5.7627419815E-02
    5.4039990006E-02    1.2685578329E+00   -7.5529262437E-03   -4.7498964121E+03    6.4869301891E-02
    5.4059990006E-02    9.4954658437E-01    4.9805644118E-01   -4.7514152665E+03    6.3275570003E-02
    5.4079990006E-02    6.0125084758E-01   -3.7895011122E-02   -4.7535208737E+03    6.2980326861E-02
    5.4099990006E-02    1.0302441842E+00   -4.2030446184E-01   -4.7554799984E+03    4.5710029150E-02
    5.4119990006E-02    1.2347530999E+00   -7.6764160068E-02   -4.7569939570E+03    3.5803003875E-02
    5.4139990006E-02    9.8241163323E-01    1.6860814096E-01   -4.7586460679E+03    2.6212527638E-02
    5.4159990006E-02    1.0172407053E+00   -1.7976640815E-01   -4.7605795135E+03    2.7218614799E-02
    5.4179990006E-02    1.2363740991E+00    1.4087470360E-01   -4.7621831627E+03    3.6550924505E-02
    5.4199990006E-02    9.8222100180E-01    4.1499518902E-01   -4.7637267411E+03    4.7857011866E-02
    5.4219990006E-02    5.9628010333E-01   -4.1929017415E-02   -4.7657410656E+03    6.4155356970E-02
    5.4239990006E-02    1.0168631264E+00   -4.9368061404E-01   -4.7677906741E+03    6.3131671840E-02
    5.4259990006E-02    1.2606632317E+00    9.9139157701E-02   -4.7692713210E+03    6.4793648012E-02
    5.4279990006E-02    8.6534027855E-01    3.7377943040E-01   -4.7709300461E+03    5.8435416697E-02
    5.4299990006E-02    9.1259812535E-01   -1.0228168452E-01   -4.7729804154E+03    5.7969499468E-02
    5.4319990006E-02    1.1775990645E+00   -1.2529295959E-02   -4.7746548476E+03    5.5096099918E-02
    5.4339990006E-02    1.1115621295E+00    1.7075851650E-01   -4.7761556267E+03    6.0269727878E-02
    5.4359990006E-02    7.4848294678E-01    9.9910540880E-03   -4.7779951253E+03    6.6643363188E-02
    5.4379990006E-02    9.8124060532E-01   -4.5520916183E-01   -4.7800523226E+03    6.8443441997E-02
    5.4399990006E-02    1.2725605778E+00    8.4558769691E-02   -4.7815733142E+03    7.4835750100E-02
    5.4419990006E-02    8.7493698330E-01    4.6518824919E-01   -4.7831612391E+03    7.0654116137E-02
    5.4439990006E-02    7.0064173516E-01   -1.1557264779E-01   -4.7852931834E+03    6.6310848237E-02
    5.4459990006E-02    1.1010172026E+00   -3.1617175364E-01   -4.7871303731E+03    5.3551415969E-02
    5.4479990006E-02    1.2073896787E+00   -7.0186418952E-02   -4.7886358591E+03    4.4318066604E-02
    5.4499990006E-02    9.6110660357E-01    4.9088528065E-02   -4.7903204683E+03    3.6561853119E-02
    5.4519990006E-02    1.0026432595E+00   -3.0847286970E-01   -4.7922825284E+03    3.4821079963E-02
    5.4539990006E-02    1.2547469639E+00    1.4369150717E-01   -4.7938472513E+03    4.3457907541E-02
    5.4559990006E-02    8.8578760629E-01    4.7741399821E-01   -4.7954113487E+03    5.2402765054E-02
    5.4579990006E-02    5.5885309679E-01   -1.3056517974E-01   -4.7975434938E+03    6.3981021916E-02
    5.4599990006E-02    1.0776337087E+00   -4.8167520538E-01   -4.7995012348E+03    5.4176796974E-02
    5.4619990006E-02    1.2365334040E+00    1.3961578298E-01   -4.8009573347E+03    5.1537769019E-02
    5.4639990006E-02    8.6313469152E-01    2.7564575617E-01   -4.8026926861E+03    4.5333956116E-02
    5.4659990006E-02    1.0453096549E+00   -7.9360156239E-02   -4.8046609916E+03    4.8855238243E-02
    5.4679990006E-02    1.2000107485E+00    1.3336673124E-01   -4.8062454061E+03    5.2780120264E-02
    5.4699990006E-02    1.0254693360E+00    2.7972942289E-01   -4.8077960772E+03    6.2907520819E-02
    5.4719990006E-02    6.6914609418E-01   -8.2456091862E-02   -4.8097538936E+03    7.3442743578E-02
    5.4739990006E-02    1.0577295625E+00   -4.7004601574E-01   -4.8117681722E+03    7.4960457732E-02
    5.4759990006E-02    1.2611793458E+00    1.8116265083E-01   -4.8132329820E+03    7.9248232315E-02
    5.4779990006E-02    8.1258535979E-01    4.0639746439E-01   -4.8149061819E+03    7.4549653885E-02
    5.4799990006E-02    8.1812093818E-01   -1.5990267616E-01   -4.8170152549E+03    6.9429621504E-02
    5.4819990006E-02    1.1520917158E+00   -1.8931622836E-01   -4.8187442629E+03    5.9584111343E-02
    5.4839990006E-02    1.1622902078E+00    1.9452641590E-02   -4.8202407401E+03    5.5035537940E-02
    5.4859990006E-02    8.4158878732E-01   -1.2327287158E-02   -4.8220147515E+03    5.3308150054E-02
    5.4879990006E-02    1.0226254075E+00   -3.9619847192E-01   -4.8240171752E+03    5.3028883849E-02
    5.4899990006E-02    1.2622612400E+00    1.7136030422E-01   -4.8255278209E+03    5.9981581940E-02
    5.4919990006E-02    8.1852871697E-01    4.6933315109E-01   -4.8271363761E+03    6.2431325208E-02
    5.4939990007E-02    6.1552245443E-01   -1.8914267657E-01   -4.8293231444E+03    6.0476204317E-02
    5.4959990007E-02    1.1152945339E+00   -4.2562197816E-01   -4.8311835633E+03    4.2434305195E-02
    5.4979990007E-02    1.2120824169E+00    9.3471709275E-02   -4.8326517807E+03    3.5304846983E-02
    5.4999990007E-02    9.1920354573E-01    1.4807445405E-01   -4.8344162554E+03    2.7590235722E-02
    5.5019990007E-02    1.0979914551E+00   -1.2731252787E-01   -4.8363156798E+03    3.3485301791E-02
    5.5039990007E-02    1.2151973643E+00    2.3220257347E-01   -4.8378512230E+03    4.1654673148E-02
    5.5059990007E-02    9.0906418383E-01    3.6037790847E-01   -4.8394580890E+03    5.4487676947E-02
    5.5079990007E-02    6.2882396715E-01   -1.8097431670E-01   -4.8415388884E+03    6.7298673696E-02
    5.5099990007E-02    1.1254511547E+00   -4.4412311828E-01   -4.8434731263E+03    6.6349259674E-02
    5.5119990007E-02    1.2280624393E+00    2.5517621887E-01   -4.8449103427E+03    6.7084645462E-02
    5.5139990007E-02    7.7848846258E-01    3.0986743721E-01   -4.8466818869E+03    6.3433149654E-02
    5.5159990007E-02    9.5727776953E-01   -1.5733082834E-01   -4.8487249800E+03    6.0947654633E-02
    5.5179990007E-02    1.1840850067E+00   -3.4480491961E-02   -4.8503482588E+03    5.4573571754E-02
    5.5199990007E-02    1.0871881499E+00    1.4902423517E-01   -4.8518675105E+03    5.9512662784E-02
    5.5219990007E-02    7.3941337275E-01   -9.6028150259E-02   -4.8537697678E+03    6.2796807570E-02
    5.5239990007E-02    1.0852051734E+00   -4.2080808779E-01   -4.8557497092E+03    6.3883838479E-02
    5.5259990007E-02    1.2492014080E+00    2.4456324327E-01   -4.8572093339E+03    6.8417085945E-02
    5.5279990007E-02    7.5985935944E-01    4.0436543537E-01   -4.8589027761E+03    6.7721625081E-02
    5.5299990007E-02    7.3524815446E-01   -2.3612455948E-01   -4.8610718123E+03    6.0383098795E-02
    5.5319990007E-02    1.1484510441E+00   -3.3255658969E-01   -4.8628324968E+03    4.5770798582E-02
    5.5339990007E-02    1.1912103812E+00    2.7119611217E-02   -4.8643213401E+03    3.7197739667E-02
    5.5359990007E-02    9.2856540975E-01    8.3633476707E-03   -4.8660939135E+03    2.8196613489E-02
    5.5379990007E-02    1.1023512731E+00   -2.4160127194E-01   -4.8679979763E+03    3.1043760846E-02
    5.5399990007E-02    1.2241941744E+00    2.8844538075E-01   -4.8694949392E+03    3.8862608288E-02
    5.5419990007E-02    7.8122836222E-01    3.9488152653E-01   -4.8711559923E+03    5.3854328236E-02
    5.5439990007E-02    6.2601537021E-01   -2.8169182468E-01   -4.8733442210E+03    6.4549837598E-02
    5.5459990007E-02    1.1774790515E+00   -4.0520867389E-01   -4.8751746170E+03    5.8628426629E-02
    5.5479990007E-02    1.1844817729E+00    2.9282685605E-01   -4.8766091114E+03    5.5848885269E-02
    5.5499990007E-02    7.9868994703E-01    2.0365835604E-01   -4.8784621397E+03    5.2974275862E-02
    5.5519990007E-02    1.0843028605E+00   -8.4589490333E-02   -4.8803974087E+03    5.4767009238E-02
    5.5539990007E-02    1.1886274282E+00    1.3010023685E-01   -4.8819414773E+03    5.6067631687E-02
    5.5559990007E-02    9.7742271369E-01    2.4122911837E-01   -4.8835309944E+03    6.5956304879E-02
    5.5579990007E-02    6.9079910741E-01   -2.0558457748E-01   -4.8855514264E+03    7.3964490453E-02
    5.5599990007E-02    1.1543304699E+00   -4.0573759627E-01   -4.8874575779E+03    7.5501262739E-02
    5.5619990007E-02    1.2192911382E+00    3.2323750105E-01   -4.8888866932E+03    7.7179413306E-02
    5.5639990007E-02    7.2018678191E-01    3.2095576358E-01   -4.8906774852E+03    7.5087281782E-02
    5.5659990007E-02    8.6963173427E-01   -2.4197747553E-01   -4.8927782933E+03    6.6972064247E-02
    5.5679990007E-02    1.1729683041E+00   -2.1417156719E-01   -4.8944460263E+03    5.6070352287E-02
    5.5699990007E-02    1.1484908949E+00    3.0346008305E-02   -4.8959540390E+03    5.0735997140E-02
    5.5719990007E-02    8.3839581013E-01   -9.8576431523E-02   -4.8977903733E+03    4.5934310854E-02
    5.5739990007E-02    1.1213723597E+00   -3.3033457406E-01   -4.8997127789E+03    4.7260903587E-02
    5.5759990007E-02    1.2242665387E+00    3.2585067356E-01   -4.9011696491E+03    5.2716892919E-02
    5.5779990007E-02    6.9344006867E-01    3.8355977379E-01   -4.9028875459E+03    6.1611947940E-02
    5.5799990007E-02    6.7218403821E-01   -3.3828053278E-01   -4.9051136262E+03    5.9043282853E-02
    5.5819990007E-02    1.1983125625E+00   -3.6453829569E-01   -4.9068601098E+03    4.4108233982E-02
    5.5839990007E-02    1.1495793286E+00    2.5413878918E-01   -4.9083185773E+03    3.7953885576E-02
    5.5859990007E-02    8.8230765720E-01    9.5194541023E-02   -4.9101953776E+03    3.4662150541E-02
    5.5879990007E-02    1.1540461074E+00   -4.6397211655E-02   -4.9120313017E+03    4.2064018404E-02
    5.5899990007E-02    1.1802389413E+00    2.6059866588E-01   -4.9135370615E+03    4.9383517450E-02
    5.5919990007E-02    8.4742161359E-01    2.8474727452E-01   -4.9152072507E+03    6.1449745488E-02
    5.5939990007E-02    6.9267550519E-01   -3.0396655329E-01   -4.9173276442E+03    7.0946741498E-02
    5.5959990007E-02    1.2056503346E+00   -3.5119907065E-01   -4.9191391553E+03    7.1576144973E-02
    5.5979990007E-02    1.1674834697E+00    3.7499896484E-01   -4.9205680241E+03    7.0064711281E-02
    5.5999990007E-02    7.1729278560E-01    2.1570461486E-01   -4.9224545529E+03    6.8294021490E-02
    5.6019990007E-02    9.9944047055E-01   -2.0099120435E-01   -4.9244613245E+03    6.3060580532E-02
    5.6039990007E-02    1.1888599659E+00   -6.6014547732E-02   -4.9260407798E+03    5.4663195105E-02
    5.6059990007E-02    1.0604292197E+00    1.2488507920E-01   -4.9275898170E+03    5.7664089717E-02
    5.6079990007E-02    7.6325502530E-01   -1.9861279806E-01   -4.9295458669E+03    5.8527508479E-02
    5.6099990007E-02    1.1702415631E+00   -3.3700955126E-01   -4.9314248153E+03    6.0636668337E-02
    5.6119990007E-02    1.1962602073E+00    3.7368098492E-01   -4.9328575623E+03    6.3005658655E-02
    5.6139990007E-02    6.5919961263E-01    3.0409333004E-01   -4.9346690029E+03    6.5642754640E-02
    5.6159990007E-02    7.9113958757E-01   -3.4590872401E-01   -4.9368384162E+03    5.4582029866E-02
    5.6179990007E-02    1.2018113360E+00   -3.0408748192E-01   -4.9385183072E+03    3.9075022941E-02
    5.6199990007E-02    1.1364741689E+00    1.5612841402E-01   -4.9400138890E+03    3.1018207697E-02
    5.6219990007E-02    9.2630794697E-01   -3.7283082170E-02   -4.9418784263E+03    2.4977476435E-02
    5.6239990007E-02    1.1782708031E+00   -1.1290700959E-01   -4.9436919662E+03    3.2514844310E-02
    5.6259990007E-02    1.1663072528E+00    3.5731718560E-01   -4.9451699282E+03    4.0401857601E-02
    5.6279990007E-02    7.1122313383E-01    2.7846638520E-01   -4.9469257878E+03    5.7370999021E-02
    5.6299990007E-02    7.2871598977E-01   -3.9448690659E-01   -4.9491194189E+03    6.5156194634E-02
    5.6319990007E-02    1.2396049742E+00   -2.8154529807E-01   -4.9508291919E+03    6.3246686353E-02
    5.6339990007E-02    1.1033374971E+00    3.9145504177E-01   -4.9522840589E+03    5.8700738497E-02
    5.6359990007E-02    7.7009797481E-01    1.0695016707E-01   -4.9542410633E+03    5.7713699717E-02
    5.6379990007E-02    1.1088699267E+00   -9.8665930324E-02   -4.9561240440E+03    5.7095781647E-02
    5.6399990007E-02    1.1804615054E+00    1.0469453915E-01   -4.9576386918E+03    5.6065972831E-02
    5.6419990007E-02    9.2854712113E-01    1.9214539149E-01   -4.9592751740E+03    6.4742073704E-02
    5.6439990007E-02    7.5030387619E-01   -3.0956470899E-01   -4.9613376479E+03    6.9628388970E-02
    5.6459990007E-02    1.2216405384E+00   -2.9328105788E-01   -4.9631257815E+03    7.2609472347E-02
    5.6479990007E-02    1.1445979080E+00    4.2517599048E-01   -4.9645573607E+03    7.1562918717E-02
    5.6499990007E-02    6.5554020933E-01    2.0228126470E-01   -4.9664719922E+03    7.1191021829E-02
    5.6519990007E-02    9.2598901920E-01   -3.1263653664E-01   -4.9685346426E+03    6.0310898798E-02
    5.6539990007E-02    1.1990046155E+00   -2.1680713235E-01   -4.9701455894E+03    4.8763904652E-02
    5.6559990007E-02    1.1139818488E+00    7.3904728546E-02   -4.9716773629E+03    4.2201076723E-02
    5.6579990007E-02    8.7476229208E-01   -1.7140548776E-01   -4.9735715475E+03    3.5949860955E-02
    5.6599990007E-02    1.1977677482E+00   -1.9219009252E-01   -4.9753833126E+03    4.1185176259E-02
    5.6619990007E-02    1.1459102852E+00    4.2920012676E-01   -4.9768329043E+03    4.6380242701E-02
    5.6639990007E-02    6.0389780699E-01    2.4077099558E-01   -4.9786736739E+03    6.1667513790E-02
    5.6659990007E-02    7.8225141768E-01   -4.5243593973E-01   -4.9808790204E+03    5.9292863944E-02
    5.6679990007E-02    1.2513742217E+00   -2.2921141642E-01   -4.9825112295E+03    5.1728159001E-02
    5.6699990007E-02    1.0544348275E+00    3.5521298150E-01   -4.9840096775E+03    4.4652114126E-02
    5.6719990007E-02    8.7681405053E-01    2.4146202905E-02   -4.9859770065E+03    4.4878994002E-02
    5.6739990007E-02    1.1766311780E+00    1.0088847360E-02   -4.9877419969E+03    5.0271541490E-02
    5.6759990007E-02    1.1487670593E+00    2.4571728393E-01   -4.9892405401E+03    5.7116638934E-02
    5.6779990007E-02    7.9607951956E-01    1.9124068483E-01   -4.9909762836E+03    6.8340490101E-02
    5.6799990007E-02    7.8602341486E-01   -4.0132876844E-01   -4.9931041400E+03    7.4869196274E-02
    5.6819990007E-02    1.2557372677E+00   -2.1787985814E-01   -4.9947947146E+03    7.8393156985E-02
    5.6839990007E-02    1.0781640775E+00    4.5334050019E-01   -4.9962517108E+03    7.4152839137E-02
    5.6859990007E-02    6.9075733269E-01    1.0221586722E-01   -4.9982452310E+03    7.2661656161E-02
    5.6879990007E-02    1.0407284599E+00   -2.3360012286E-01   -5.0001927252E+03    6.4377408690E-02
    5.6899990007E-02    1.1915770732E+00   -8.6161996528E-02   -5.0017368368E+03    5.5397295819E-02
    5.6919990007E-02    1.0250191349E+00    9.9541789471E-02   -5.0033263963E+03    5.5108682048E-02
    5.6939990007E-02    8.2129428341E-01   -2.8529957546E-01   -5.0053188765E+03    5.3927761118E-02
    5.6959990007E-02    1.2294763856E+00   -2.0575354779E-01   -5.0070826386E+03    5.8718467311E-02
    5.6979990007E-02    1.1086981106E+00    4.6501130498E-01   -5.0085259987E+03    5.9691854545E-02
    5.6999990007E-02    5.8511322661E-01    1.6987030619E-01   -5.0104635070E+03    6.4775550214E-02
    5.7019990007E-02    8.7348171481E-01   -4.3394118298E-01   -5.0125908053E+03    5.0602823851E-02
    5.7039990007E-02    1.2408484314E+00   -2.0881607876E-01   -5.0141853390E+03    3.7819100970E-02
    5.7059990007E-02    1.0490548202E+00    2.4662512483E-01   -5.0157294970E+03    2.9064562899E-02
    5.7079990007E-02    9.5836632224E-01   -7.3621599612E-02   -5.0176594429E+03    2.8091769481E-02
    5.7099990007E-02    1.2142255096E+00    3.1580369069E-02   -5.0193695788E+03    3.7506720774E-02
    5.7119990007E-02    1.1033155507E+00    3.6406486967E-01   -5.0208650701E+03    4.6813170568E-02
    5.7139990007E-02    6.7317825061E-01    1.4905680430E-01   -5.0227079904E+03    6.2194569040E-02
    5.7159990007E-02    8.4718312832E-01   -4.6330563035E-01   -5.0248640217E+03    6.6720689141E-02
    5.7179990007E-02    1.2683803181E+00   -1.2494278706E-01   -5.0264668274E+03    6.8871359926E-02
    5.7199990007E-02    1.0025370991E+00    4.3645910182E-01   -5.0279789054E+03    6.2461017987E-02
    5.7219990007E-02    7.7590617707E-01    5.5953605234E-03   -5.0300150871E+03    6.1494797647E-02
    5.7239990007E-02    1.1274731869E+00   -1.1620880279E-01   -5.0318381666E+03    5.8124833521E-02
    5.7259990007E-02    1.1695440152E+00    7.6607552120E-02   -5.0333338644E+03    5.5844955236E-02
    5.7279990007E-02    8.8126431355E-01    1.2938763448E-01   -5.0350238787E+03    6.2019027368E-02
    5.7299990007E-02    8.3727229524E-01   -3.8248595536E-01   -5.0370976211E+03    6.4265466470E-02
    5.7319990007E-02    1.2589347364E+00   -1.4443209379E-01   -5.0387714970E+03    6.9742494703E-02
    5.7339990007E-02    1.0417645255E+00    4.8225960289E-01   -5.0402416374E+03    6.6958598449E-02
    5.7359990007E-02    6.2479735286E-01    6.8609658406E-02   -5.0422709761E+03    6.6741866917E-02
    5.7379990007E-02    9.8713294694E-01   -3.6681806544E-01   -5.0442722649E+03    5.2836075441E-02
    5.7399990007E-02    1.2232057271E+00   -1.7345820568E-01   -5.0458303468E+03    4.1326885939E-02
    5.7419990007E-02    1.0506745557E+00    1.2294580373E-01   -5.0474119752E+03    3.2899708553E-02
    5.7439990007E-02    9.4005811216E-01   -2.1171118397E-01   -5.0493438044E+03    2.8622693664E-02
    5.7459990007E-02    1.2369568453E+00   -8.0313258716E-03   -5.0510350762E+03    3.7427378130E-02
    5.7479990007E-02    1.0445947939E+00    4.5787677192E-01   -5.0525239858E+03    4.5044081078E-02
    5.7499990007E-02    5.7387842249E-01    7.6573137131E-02   -5.0544821636E+03    6.2589066744E-02
    5.7519990007E-02    9.1693504517E-01   -5.0128446087E-01   -5.0566103690E+03    6.0433620000E-02
    5.7539990007E-02    1.2668589793E+00   -4.9075581111E-02   -5.0581457981E+03    5.9302691177E-02
    5.7559990007E-02    9.4832850008E-01    3.8125778346E-01   -5.0597278192E+03    5.1472467650E-02
    5.7579990007E-02    9.0485392644E-01   -4.7548945083E-02   -5.0617481995E+03    5.2502201493E-02
    5.7599990007E-02    1.1822289187E+00    2.5332312056E-02   -5.0634494155E+03    5.4449089226E-02
    5.7619990007E-02    1.1204740916E+00    2.1862228827E-01   -5.0649497753E+03    6.1272974377E-02
    5.7639990007E-02    7.5277751885E-01    8.8197858275E-02   -5.0667541908E+03    7.1054694650E-02
    5.7659990007E-02    8.9632680273E-01   -4.5664172493E-01   -5.0688566647E+03    7.4788536305E-02
    5.7679990007E-02    1.2754448879E+00   -5.1245905391E-02   -5.0704396068E+03    8.0944172900E-02
    5.7699990007E-02    9.6626636883E-01    4.7838257107E-01   -5.0719615791E+03    7.5043836830E-02
    5.7719990007E-02    6.9983839253E-01   -1.9713807678E-02   -5.0740404129E+03    7.2261801913E-02
    5.7739990007E-02    1.0799645948E+00   -2.6201863905E-01   -5.0759175892E+03    6.1658246145E-02
    5.7759990007E-02    1.1972194282E+00   -8.3923962954E-02   -5.0774362748E+03    5.2668102496E-02
    5.7779990007E-02    9.7866537034E-01    7.0498976117E-02   -5.0790769268E+03    4.9006841719E-02
    5.7799990007E-02    9.0861261888E-01   -3.3598832348E-01   -5.0810771587E+03    4.6668115717E-02
    5.7819990007E-02    1.2585055934E+00   -2.8678154440E-02   -5.0827235550E+03    5.4394662698E-02
    5.7839990007E-02    9.8758236533E-01    5.0436246856E-01   -5.0842177436E+03    5.6586064530E-02
    5.7859990007E-02    5.4960781960E-01    8.9382603457E-03   -5.0862789179E+03    6.3728788112E-02
    5.7879990007E-02    9.8075779305E-01   -4.8370410816E-01   -5.0883206507E+03    4.8873129637E-02
    5.7899990007E-02    1.2505622989E+00   -3.8708912882E-02   -5.0898307826E+03    4.1708437098E-02
    5.7919990007E-02    9.5134671479E-01    2.7387024422E-01   -5.0914701830E+03    3.2888558050E-02
    5.7939990007E-02    1.0141010737E+00   -8.7311399962E-02   -5.0934261752E+03    3.6329574167E-02
    5.7959990007E-02    1.2165279358E+00    1.2595133028E-01   -5.0950494494E+03    4.4085849400E-02
    5.7979990007E-02    1.0482476890E+00    3.3659635980E-01   -5.0965786058E+03    5.4354631438E-02
    5.7999990007E-02    6.5603956549E-01    1.5826303950E-02   -5.0985002370E+03    6.7424186208E-02
    5.8019990007E-02    9.7021223112E-01   -4.8663134297E-01   -5.1005856886E+03    6.9560712428E-02
    5.8039990007E-02    1.2717995607E+00    5.0450132067E-02   -5.1020991527E+03    7.3909447575E-02
    5.8059990007E-02    8.9382418688E-01    4.3089680843E-01   -5.1036987226E+03    6.7465767345E-02
    5.8079990007E-02    8.0675796328E-01   -9.0091298201E-02   -5.1057835244E+03    6.4994551084E-02
    5.8099990007E-02    1.1451614238E+00   -1.3668574110E-01   -5.1075443379E+03    5.8171096389E-02
    5.8119990007E-02    1.1587465703E+00    5.7670344098E-02   -5.1090345105E+03    5.6141825651E-02
    5.8139990007E-02    8.3935036958E-01    5.2096200698E-02   -5.1107821652E+03    5.8640419547E-02
    5.8159990007E-02    9.4011071476E-01   -4.1590195173E-01   -5.1128334043E+03    5.9165340657E-02
    5.8179990007E-02    1.2705686926E+00    3.0307777708E-02   -5.1144043004E+03    6.6341942677E-02
    5.8199990007E-02    9.1900091879E-01    4.9144036134E-01   -5.1159455011E+03    6.4322881789E-02
    5.8219990007E-02    6.2118708005E-01   -7.2898195310E-02   -5.1180713550E+03    6.2568273691E-02
    5.8239990007E-02    1.0552901649E+00   -4.0268404492E-01   -5.1199937179E+03    4.5731339500E-02
    5.8259990007E-02    1.2290496744E+00   -6.3914858447E-02   -5.1215008448E+03    3.5974546961E-02
    5.8279990007E-02    9.7753343786E-01    1.3844190754E-01   -5.1231698865E+03    2.6448151851E-02
    5.8299990007E-02    1.0244838337E+00   -2.0494442488E-01   -5.1251024172E+03    2.7309497197E-02
    5.8319990007E-02    1.2394426207E+00    1.5860578881E-01   -5.1266888080E+03    3.6580588325E-02
    5.8339990007E-02    9.5053717287E-01    4.2657495055E-01   -5.1282453850E+03    4.8297978665E-02
    5.8359990007E-02    5.8656215390E-01   -8.0150404375E-02   -5.1302967483E+03    6.4454774127E-02
    5.8379990007E-02    1.0460402790E+00   -4.8933807207E-01   -5.1323155428E+03    6.2108909282E-02
    5.8399990007E-02    1.2533286897E+00    1.3339268664E-01   -5.1337816478E+03    6.2968416806E-02
    5.8419990007E-02    8.4860083588E-01    3.4875881408E-01   -5.1354723567E+03    5.6996562332E-02
    5.8439990007E-02    9.5019039061E-01   -1.0595093133E-01   -5.1375081631E+03    5.7004800432E-02
    5.8459990007E-02    1.1842536039E+00    2.0898952675E-02   -5.1391532616E+03    5.5091581414E-02
    5.8479990007E-02    1.0916203443E+00    1.9483872732E-01   -5.1406650472E+03    6.1854726854E-02
    5.8499990007E-02    7.2509315881E-01   -2.1987364593E-02   -5.1425390020E+03    6.8929535038E-02
    5.8519990007E-02    1.0107146152E+00   -4.6058020014E-01   -5.1445821899E+03    7.0695038769E-02
    5.8539990007E-02    1.2699704412E+00    1.2580563723E-01   -5.1460803192E+03    7.6606678532E-02
    5.8559990007E-02    8.4652537463E-01    4.4950979602E-01   -5.1476976020E+03    7.2423137569E-02
    5.8579990007E-02    7.2917251201E-01   -1.4149274755E-01   -5.1498327835E+03    6.7304545642E-02
    5.8599990007E-02    1.1182379744E+00   -2.9294596559E-01   -5.1516368635E+03    5.5169464137E-02
    5.8619990007E-02    1.1987936553E+00   -5.2482853461E-02   -5.1531384067E+03    4.6555478270E-02
    5.8639990007E-02    9.3615064931E-01    2.7164279402E-02   -5.1548451999E+03    3.9561524452E-02
    5.8659990007E-02    1.0142775984E+00   -3.2961883716E-01   -5.1568138339E+03    3.8255667751E-02
    5.8679990007E-02    1.2560742561E+00    1.6592293209E-01   -5.1583576739E+03    4.6501576805E-02
    5.8699990007E-02    8.5356695517E-01    4.7661217615E-01   -5.1599388777E+03    5.4926436967E-02
    5.8719990007E-02    5.6610301125E-01   -1.6488900860E-01   -5.1620997072E+03    6.3715509324E-02
    5.8739990007E-02    1.1000799306E+00   -4.6874365527E-01   -5.1640207800E+03    5.1657414493E-02
    5.8759990007E-02    1.2258916401E+00    1.5729400005E-01   -5.1654723611E+03    4.8078274868E-02
    5.8779990007E-02    8.6431050627E-01    2.4360857152E-01   -5.1672330725E+03    4.2148343072E-02
    5.8799990007E-02    1.0709833254E+00   -7.6626643935E-02   -5.1691776275E+03    4.6637494716E-02
    5.8819990007E-02    1.2016562934E+00    1.6198619442E-01   -5.1707430896E+03    5.1554391354E-02
    5.8839990007E-02    9.9635261644E-01    2.9566720216E-01   -5.1723110798E+03    6.2194316395E-02
    5.8859990007E-02    6.5889680373E-01   -1.1866802867E-01   -5.1743030850E+03    7.3069066397E-02
    5.8879990007E-02    1.0859780327E+00   -4.6118808108E-01   -5.1762905144E+03    7.4181083779E-02
    5.8899990007E-02    1.2518126849E+00    2.1811692990E-01   -5.1777416196E+03    7.7499202649E-02
    5.8919990007E-02    7.9031950887E-01    3.7953841741E-01   -5.1794493352E+03    7.3307526211E-02
    5.8939990007E-02    8.5274244351E-01   -1.7419546278E-01   -5.1815479501E+03    6.8159686746E-02
    5.8959990007E-02    1.1631099821E+00   -1.6170203455E-01   -5.1832466446E+03    5.8722343335E-02
    5.8979990007E-02    1.1474908577E+00    4.6960963846E-02   -5.1847453351E+03    5.5983816113E-02
    5.8999990007E-02    8.1326338956E-01   -3.8405861607E-02   -5.1865534599E+03    5.5218371221E-02
    5.9019990007E-02    1.0463771469E+00   -4.0146366398E-01   -5.1885482964E+03    5.5386749703E-02
    5.9039990007E-02    1.2581642558E+00    2.0463513891E-01   -5.1900388825E+03    6.1677806179E-02
    5.9059990007E-02    7.9003468589E-01    4.5059857518E-01   -5.1916758976E+03    6.3748633879E-02
    5.9079990007E-02    6.4358991614E-01   -2.1835483173E-01   -5.1938703967E+03    5.9536607317E-02
    5.9099990007E-02    1.1326619403E+00   -4.0432177729E-01   -5.1956969985E+03    4.1485862000E-02
    5.9119990007E-02    1.2025046689E+00    9.7518109456E-02   -5.1971672634E+03    3.3981422868E-02
    5.9139990007E-02    9.2374017239E-01    1.1256972281E-01   -5.1989466682E+03    2.6112676485E-02
    5.9159990007E-02    1.1091337367E+00   -1.4171245908E-01   -5.2008352090E+03    3.1998548983E-02
    5.9179990007E-02    1.2135557364E+00    2.5467186082E-01   -5.2023573367E+03    4.0254414458E-02
    5.9199990007E-02    8.7172158903E-01    3.6303914972E-01   -5.2039850605E+03    5.3962156877E-02
    5.9219990007E-02    6.3208060226E-01   -2.2007062320E-01   -5.2060987436E+03    6.6599477999E-02
    5.9239990007E-02    1.1497574141E+00   -4.2588715320E-01   -5.2079957287E+03    6.4981638742E-02
    5.9259990007E-02    1.2123038627E+00    2.8337636658E-01   -5.2094281076E+03    6.4695126670E-02
    5.9279990007E-02    7.6947444271E-01    2.7553371144E-01   -5.2112348444E+03    6.1538236993E-02
    5.9299990007E-02    9.9406675753E-01   -1.5079111645E-01   -5.2132529538E+03    5.9611153730E-02
    5.9319990007E-02    1.1879400187E+00    7.0360836035E-04   -5.2148491296E+03    5.4152786292E-02
    5.9339990007E-02    1.0613568232E+00    1.7158394045E-01   -5.2163848464E+03    6.0621576806E-02
    5.9359990007E-02    7.2548771196E-01   -1.3279558169E-01   -5.2183229863E+03    6.4672407195E-02
    5.9379990007E-02    1.1124168609E+00   -4.1199797947E-01   -5.2202779461E+03    6.5935068065E-02
    5.9399990007E-02    1.2385104902E+00    2.7976492595E-01   -5.2217242469E+03    6.9557429539E-02
    5.9419990007E-02    7.3597797972E-01    3.7547913200E-01   -5.2234537552E+03    6.8847640039E-02
    5.9439990007E-02    7.7093658103E-01   -2.5513816668E-01   -5.2256118902E+03    6.0671786005E-02
    5.9459990007E-02    1.1602579933E+00   -3.0892785863E-01   -5.2273419429E+03    4.7129737891E-02
    5.9479990007E-02    1.1807170044E+00    3.1431828599E-02   -5.2288347248E+03    3.8806266081E-02
    5.9499990007E-02    9.1463428281E-01   -2.5718311419E-02   -5.2306248458E+03    3.0215752598E-02
    5.9519990007E-02    1.1152216713E+00   -2.5263541546E-01   -5.2325244530E+03    3.2889599872E-02
    5.9539990007E-02    1.2189647759E+00    3.1144171992E-01   -5.2340074821E+03    4.0225974265E-02
    5.9559990007E-02    7.4426430809E-01    3.8316773002E-01   -5.2356929062E+03    5.5372461816E-02
    5.9579990007E-02    6.4274165938E-01   -3.1654695346E-01   -5.2379005997E+03    6.3685255327E-02
    5.9599990007E-02    1.1946313242E+00   -3.8240493625E-01   -5.2396936308E+03    5.6604796743E-02
    5.9619990007E-02    1.1656142575E+00    3.0789037715E-01   -5.2411322399E+03    5.2903765366E-02
    5.9639990007E-02    8.0771458438E-01    1.6898333037E-01   -5.2430108522E+03    5.0516697265E-02
    5.9659990007E-02    1.1088113937E+00   -6.6795274253E-02   -5.2449140000E+03    5.3360864604E-02
    5.9679990007E-02    1.1854282721E+00    1.6041276253E-01   -5.2464433027E+03    5.6171477155E-02
    5.9699990007E-02    9.4313428081E-01    2.4801123421E-01   -5.2480568912E+03    6.6488192916E-02
    5.9719990007E-02    6.9422936019E-01   -2.4385942030E-01   -5.2501069819E+03    7.4767095979E-02
    5.9739990007E-02    1.1776124883E+00   -3.8404691196E-01   -5.2519777750E+03    7.6420712395E-02
    5.9759990007E-02    1.2014877058E+00    3.5292096652E-01   -5.2534031033E+03    7.7022841169E-02
    5.9779990007E-02    7.0645881437E-01    2.8575465081E-01   -5.2552315187E+03    7.5122262588E-02
    5.9799990007E-02    9.0623184177E-01   -2.4567618296E-01   -5.2573092090E+03    6.6942710426E-02
    5.9819990007E-02    1.1797824084E+00   -1.8632946526E-01   -5.2589500039E+03    5.6338618758E-02
    5.9839990007E-02    1.1302133480E+00    4.9010416880E-02   -5.2604667668E+03    5.2325233913E-02
    5.9859990007E-02    8.1907106659E-01   -1.3145879874E-01   -5.2623357402E+03    4.8620091736E-02
    5.9879990007E-02    1.1418096721E+00   -3.2504312596E-01   -5.2642413638E+03    5.0387237121E-02
    5.9899990007E-02    1.2126117962E+00    3.5171138498E-01   -5.2656878366E+03    5.4997481648E-02
    5.9919990007E-02    6.6892566501E-01    3.5480279326E-01   -5.2674394700E+03    6.2780031165E-02
    5.9939990007E-02    7.0542542263E-01   -3.5967563099E-01   -5.2696598287E+03    5.7128391504E-02
    5.9959990007E-02    1.2082162086E+00   -3.4041713300E-01   -5.2713771831E+03    4.1749594274E-02
    5.9979990007E-02    1.1342534134E+00    2.5144441937E-01   -5.2728465397E+03    3.4962214522E-02
    5.9999990007E-02    8.9944647216E-01    6.0937688741E-02   -5.2747337091E+03    3.1900416643E-02
    6.0019990007E-02    1.1673630990E+00   -4.2105529228E-02   -5.2765476275E+03    3.9980744895E-02
    6.0039990007E-02    1.1722935573E+00    2.8588974817E-01   -5.2780459157E+03    4.7890645501E-02
    6.0059990007E-02    8.0911561282E-01    2.7525730721E-01   -5.2797440134E+03    6.0687108478E-02
    6.0079990007E-02    7.1008345789E-01   -3.3904281756E-01   -5.2818864320E+03    6.9693886478E-02
    6.0099990007E-02    1.2224392368E+00   -3.1961294083E-01   -5.2836589623E+03    7.0238450727E-02
    6.0119990007E-02    1.1426007282E+00    3.9381390748E-01   -5.2850942093E+03    6.7689456707E-02
    6.0139990007E-02    7.1946395899E-01    1.7584605282E-01   -5.2870146833E+03    6.6193364429E-02
    6.0159990007E-02    1.0319496441E+00   -1.8714613220E-01   -5.2889888028E+03    6.1632102788E-02
    6.0179990007E-02    1.1895758235E+00   -3.1562040332E-02   -5.2905452037E+03    5.4143381832E-02
    6.0199990007E-02    1.0287869301E+00    1.4182969013E-01   -5.2921157384E+03    5.8635199693E-02
    6.0219990007E-02    7.6188413824E-01   -2.3592446818E-01   -5.2941044258E+03    6.0145031877E-02
    6.0239990007E-02    1.1912797588E+00   -3.1492582219E-01   -5.2959506633E+03    6.2710813090E-02
    6.0259990007E-02    1.1760081187E+00    3.9940005828E-01   -5.2973811735E+03    6.4070561593E-02
    6.0279990007E-02    6.4475676035E-01    2.6501461529E-01   -5.2992333677E+03    6.6159244263E-02
    6.0299990007E-02    8.3093832822E-01   -3.5495734351E-01   -5.3013774196E+03    5.4231806518E-02
    6.0319990007E-02    1.2076698100E+00   -2.8003583088E-01   -5.3030314992E+03    3.9650035508E-02
    6.0339990007E-02    1.1244742777E+00    1.4703670369E-01   -5.3045392302E+03    3.1464406029E-02
    6.0359990007E-02    9.2471486374E-01   -7.5540411273E-02   -5.3064139961E+03    2.5361565009E-02
    6.0379990007E-02    1.1895934629E+00   -1.1092058796E-01   -5.3082137602E+03    3.3033023449E-02
    6.0399990007E-02    1.1522773173E+00    3.8126788953E-01   -5.3096863674E+03    4.0713592323E-02
    6.0419990007E-02    6.7596298694E-01    2.5316705038E-01   -5.3114753075E+03    5.8379701100E-02
    6.0439990007E-02    7.5587824683E-01   -4.2359065783E-01   -5.3136739733E+03    6.4543821564E-02
    6.0459990007E-02    1.2497403698E+00   -2.4679183900E-01   -5.3153478746E+03    6.2413448312E-02
    6.0479990007E-02    1.0766571817E+00    3.9784456763E-01   -5.3168180620E+03    5.6973086342E-02
    6.0499990007E-02    7.8994129707E-01    7.2725950500E-02   -5.3187951609E+03    5.6373594308E-02
    6.0519990007E-02    1.1300831097E+00   -7.2002792180E-02   -5.3206407463E+03    5.6529275847E-02
    6.0539990007E-02    1.1728528935E+00    1.3610748671E-01   -5.3221457548E+03    5.7507966778E-02
    6.0559990007E-02    8.9025099639E-01    1.8785403600E-01   -5.3238125010E+03    6.6673130323E-02
    6.0579990007E-02    7.6630488151E-01   -3.4530610816E-01   -5.3258959592E+03    7.1875090404E-02
    6.0599990007E-02    1.2376945462E+00   -2.6024706675E-01   -5.3276453579E+03    7.5400653034E-02
    6.0619990007E-02    1.1180714669E+00    4.4444213290E-01   -5.3290841520E+03    7.3223809632E-02
    6.0639990007E-02    6.5539584598E-01    1.6242254243E-01   -5.3310350675E+03    7.2475526038E-02
    6.0659990007E-02    9.6243594702E-01   -3.0444575755E-01   -5.3330633117E+03    6.1594148185E-02
    6.0679990007E-02    1.2005445125E+00   -1.8906379286E-01   -5.3346523182E+03    5.0534594893E-02
    6.0699990007E-02    1.0946991616E+00    7.3787454973E-02   -5.3361993482E+03    4.4854167681E-02
    6.0719990007E-02    8.6528313564E-01   -2.0789424656E-01   -5.3381185564E+03    3.9512286260E-02
    6.0739990007E-02    1.2115206347E+00   -1.8151898296E-01   -5.3399089480E+03    4.4969385744E-02
    6.0759990007E-02    1.1264193067E+00    4.4956963405E-01   -5.3413571215E+03    4.9318309976E-02
    6.0779990007E-02    5.8250136662E-01    2.0712909808E-01   -5.3432353958E+03    6.2989886697E-02
    6.0799990007E-02    8.1510372908E-01   -4.6603599343E-01   -5.3454229833E+03    5.7163193461E-02
    6.0819990007E-02    1.2542347923E+00   -2.0054684459E-01   -5.3470299098E+03    4.8849412903E-02
    6.0839990007E-02    1.0351975374E+00    3.4293875736E-01   -5.3485491122E+03    4.1131574967E-02
    6.0859990007E-02    9.0745476994E-01   -2.0297903429E-03   -5.3505176019E+03    4.1817687543E-02
    6.0879990007E-02    1.1888984277E+00    3.1417188876E-02   -5.3522529095E+03    4.8214697698E-02
    6.0899990008E-02    1.1349030805E+00    2.7179625413E-01   -5.3537517206E+03    5.6083183570E-02
    6.0919990008E-02    7.6104323408E-01    1.7050851532E-01   -5.3555206349E+03    6.7775216786E-02
    6.0939990008E-02    8.1331021884E-01   -4.2693477265E-01   -5.3576560623E+03    7.3722655040E-02
    6.0959990008E-02    1.2639304523E+00   -1.7530722591E-01   -5.3593104397E+03    7.7548923976E-02
    6.0979990008E-02    1.0462706728E+00    4.5898455548E-01   -5.3607854214E+03    7.2408374450E-02
    6.0999990008E-02    7.0605499539E-01    6.2498787076E-02   -5.3628051195E+03    7.0799414419E-02
    6.1019990008E-02    1.0680310932E+00   -2.1383250836E-01   -5.3647162090E+03    6.3220355952E-02
    6.1039990008E-02    1.1887329559E+00   -5.1759891240E-02   -5.3662426490E+03    5.5248283809E-02
    6.1059990008E-02    9.8814043353E-01    1.0689839961E-01   -5.3678585883E+03    5.6314858361E-02
    6.1079990008E-02    8.3057238305E-01   -3.1829832595E-01   -5.3698758366E+03    5.5874277257E-02
    6.1099990008E-02    1.2422648609E+00   -1.7449604336E-01   -5.3716049158E+03    6.1215111192E-02
    6.1119990008E-02    1.0802051106E+00    4.7841502285E-01   -5.3730570996E+03    6.1201877887E-02
    6.1139990008E-02    5.8431235324E-01    1.2708111345E-01   -5.3750351982E+03    6.4797185635E-02
    6.1159990008E-02    9.1236642483E-01   -4.3045578831E-01   -5.3771257887E+03    4.9390120103E-02
    6.1179990008E-02    1.2402378906E+00   -1.8580699810E-01   -5.3787016502E+03    3.7019525919E-02
    6.1199990008E-02    1.0382936170E+00    2.2436606893E-01   -5.3802656435E+03    2.7969604850E-02
    6.1219990008E-02    9.6774040578E-01   -1.0795420821E-01   -5.3821959874E+03    2.6898394019E-02
    6.1239990008E-02    1.2222075959E+00    4.3668614390E-02   -5.3838876385E+03    3.6355187704E-02
    6.1259990008E-02    1.0813580471E+00    3.8588724948E-01   -5.3853870554E+03    4.5828736433E-02
    6.1279990008E-02    6.4424450420E-01    1.1422390353E-01   -5.3872690740E+03    6.2164725725E-02
    6.1299990008E-02    8.8115072243E-01   -4.7979919101E-01   -5.3894145698E+03    6.5361986057E-02
    6.1319990008E-02    1.2705258322E+00   -7.9823624946E-02   -5.3909859043E+03    6.7432957352E-02
    6.1339990008E-02    9.7166461724E-01    4.2797480957E-01   -5.3925253913E+03    6.0509378883E-02
    6.1359990008E-02    8.0687078791E-01   -2.4916181417E-02   -5.3945712343E+03    5.9774138930E-02
    6.1379990008E-02    1.1451189592E+00   -8.5360022227E-02   -5.3963555361E+03    5.6966164333E-02
    6.1399990008E-02    1.1581722575E+00    1.1024523041E-01   -5.3978463919E+03    5.6977968096E-02
    6.1419990008E-02    8.4155937174E-01    1.1394318757E-01   -5.3995719932E+03    6.3593164721E-02
    6.1439990008E-02    8.6286308659E-01   -4.0923241931E-01   -5.4016553323E+03    6.6083074492E-02
    6.1459990008E-02    1.2666527372E+00   -1.0044029679E-01   -5.4032917977E+03    7.2089220281E-02
    6.1479990008E-02    1.0073428007E+00    4.8666489519E-01   -5.4047813351E+03    6.8392726569E-02
    6.1499990008E-02    6.3915344404E-01    2.6435837500E-02   -5.4068406899E+03    6.7201013437E-02
    6.1519990008E-02    1.0197738064E+00   -3.5103023883E-01   -5.4088014606E+03    5.3752139420E-02
    6.1539990008E-02    1.2200021211E+00   -1.4988826873E-01   -5.4103442753E+03    4.2922823073E-02
    6.1559990008E-02    1.0343152947E+00    1.0352576258E-01   -5.4119455687E+03    3.4822703487E-02
    6.1579990008E-02    9.4228818207E-01   -2.4557614784E-01   -5.4138901553E+03    3.0835641412E-02
    6.1599990008E-02    1.2444161585E+00    1.0099711156E-02   -5.4155576875E+03    3.9614122640E-02
    6.1619990008E-02    1.0146553397E+00    4.7376478848E-01   -5.4170547416E+03    4.6884628053E-02
    6.1639990008E-02    5.5797606904E-01    3.5661244189E-02   -5.4190548948E+03    6.3242102699E-02
    6.1659990008E-02    9.5159683849E-01   -5.0527073206E-01   -5.4211527277E+03    5.8395508076E-02
    6.1679990008E-02    1.2636042493E+00   -1.1190946265E-02   -5.4226664443E+03    5.6663401264E-02
    6.1699990008E-02    9.2773826400E-01    3.5953853365E-01   -5.4242797787E+03    4.8764527515E-02
    6.1719990008E-02    9.4362466061E-01   -6.1051390278E-02   -5.4262913716E+03    5.0424919770E-02
    6.1739990008E-02    1.1912196280E+00    5.6541771677E-02   -5.4279605746E+03    5.3425326099E-02
    6.1759990008E-02    1.1009654206E+00    2.4334464796E-01   -5.4294691085E+03    6.1539304518E-02
    6.1779990008E-02    7.2339643245E-01    5.6060903571E-02   -5.4313104577E+03    7.1805557680E-02
    6.1799990008E-02    9.3035574051E-01   -4.7061168752E-01   -5.4334047003E+03    7.5126702028E-02
    6.1819990008E-02    1.2766944419E+00   -8.0292007064E-04   -5.4349557537E+03    8.1294236492E-02
    6.1839990008E-02    9.3122321369E-01    4.6988705447E-01   -5.4365066513E+03    7.5073056544E-02
    6.1859990008E-02    7.2573872211E-01   -5.5179538633E-02   -5.4385997067E+03    7.1794513910E-02
    6.1879990008E-02    1.1022430995E+00   -2.3873323867E-01   -5.4404393733E+03    6.1690660574E-02
    6.1899990008E-02    1.1900511385E+00   -5.2652560553E-02   -5.4419472201E+03    5.3729284861E-02
    6.1919990008E-02    9.4044101137E-01    6.2033072076E-02   -5.4436178879E+03    5.1046022377E-02
    6.1939990008E-02    9.2542117583E-01   -3.6202101168E-01   -5.4456321205E+03    4.9497809079E-02
    6.1959990008E-02    1.2638820915E+00    7.0482299389E-03   -5.4472462108E+03    5.7342788850E-02
    6.1979990008E-02    9.5330718430E-01    5.0527703521E-01   -5.4487589652E+03    5.8789317393E-02
    6.1999990008E-02    5.5996814391E-01   -3.3392625995E-02   -5.4508562206E+03    6.3213022120E-02
    6.2019990008E-02    1.0137501432E+00   -4.7112794384E-01   -5.4528557423E+03    4.6631151223E-02
    6.2039990008E-02    1.2440966916E+00   -1.6583055758E-02   -5.4543547073E+03    3.9096755689E-02
    6.2059990008E-02    9.4593701538E-01    2.4159119432E-01   -5.4560201105E+03    3.0222274845E-02
    6.2079990008E-02    1.0335600521E+00   -1.0709011345E-01   -5.4579632912E+03    3.4103026210E-02
    6.2099990008E-02    1.2211592002E+00    1.4994279102E-01   -5.4595651525E+03    4.2371301225E-02
    6.2119990008E-02    1.0182318847E+00    3.5534843646E-01   -5.4611078552E+03    5.3262364384E-02
    6.2139990008E-02    6.3665757270E-01   -2.5688822170E-02   -5.4630707858E+03    6.6914208600E-02
    6.2159990008E-02    1.0065429831E+00   -4.8724876778E-01   -5.4651309498E+03    6.8034972606E-02
    6.2179990008E-02    1.2665046668E+00    9.8621339608E-02   -5.4666207121E+03    7.1631020537E-02
    6.2199990008E-02    8.6396389041E-01    4.0783237564E-01   -5.4682573009E+03    6.5585327698E-02
    6.2219990008E-02    8.4489748974E-01   -1.1269626286E-01   -5.4703388731E+03    6.3225428107E-02
    6.2239990008E-02    1.1592441030E+00   -1.0444873803E-01   -5.4720622397E+03    5.6827953307E-02
    6.2259990008E-02    1.1434717761E+00    9.0638043614E-02   -5.4735531484E+03    5.7154158042E-02
    6.2279990008E-02    8.0355778269E-01    2.5357432154E-02   -5.4753400316E+03    6.0203031965E-02
    6.2299990008E-02    9.7078750470E-01   -4.2977256787E-01   -5.4773874813E+03    6.1024263839E-02
    6.2319990008E-02    1.2707594331E+00    7.7831393586E-02   -5.4789269169E+03    6.7921534154E-02
    6.2339990008E-02    8.8226418340E-01    4.7933922631E-01   -5.4804981036E+03    6.5669432607E-02
    6.2359990008E-02    6.4726934947E-01   -1.1276310086E-01   -5.4826422432E+03    6.2394433698E-02
    6.2379990008E-02    1.0815490163E+00   -3.8200479198E-01   -5.4845227134E+03    4.6301830036E-02
    6.2399990008E-02    1.2217486031E+00   -4.8415846429E-02   -5.4860232894E+03    3.6749788193E-02
    6.2419990008E-02    9.6933999377E-01    1.0384844595E-01   -5.4877126976E+03    2.7290371154E-02
    6.2439990008E-02    1.0353089753E+00   -2.3000668190E-01   -5.4896446511E+03    2.8082945356E-02
    6.2459990008E-02    1.2413659659E+00    1.8269294430E-01   -5.4912096310E+03    3.7148457960E-02
    6.2479990008E-02    9.1119901943E-01    4.3422428105E-01   -5.4927842603E+03    4.9381627953E-02
    6.2499990008E-02    5.8193366261E-01   -1.2617924839E-01   -5.4948769646E+03    6.4769889865E-02
    6.2519990008E-02    1.0791407232E+00   -4.7941629221E-01   -5.4968552961E+03    6.0912614684E-02
    6.2539990008E-02    1.2423088165E+00    1.7158317510E-01   -5.4983079155E+03    6.0805982718E-02
    6.2559990008E-02    8.3277849315E-01    3.1682914778E-01   -5.5000365329E+03    5.5392698698E-02
    6.2579990008E-02    9.9156801559E-01   -1.0437801466E-01   -5.5020511896E+03    5.6007692731E-02
    6.2599990008E-02    1.1893234788E+00    5.7327899459E-02   -5.5036654778E+03    5.5310523143E-02
    6.2619990008E-02    1.0659208996E+00    2.1806765889E-01   -5.5051932067E+03    6.3455849114E-02
    6.2639990008E-02    7.0365452047E-01   -6.2692786034E-02   -5.5071064591E+03    7.1281648455E-02
    6.2659990008E-02    1.0459420784E+00   -4.6042482568E-01   -5.5091268513E+03    7.2922378321E-02
    6.2679990008E-02    1.2641828805E+00    1.7407977822E-01   -5.5106017056E+03    7.8053253601E-02
    6.2699990008E-02    8.1439170007E-01    4.2668168843E-01   -5.5122560194E+03    7.4103971562E-02
    6.2719990008E-02    7.6405743175E-01   -1.6867629907E-01   -5.5143896312E+03    6.8196271744E-02
    6.2739990008E-02    1.1355212952E+00   -2.6668843017E-01   -5.5161569407E+03    5.6618092833E-02
    6.2759990008E-02    1.1875844923E+00   -3.0404551532E-02   -5.5176558996E+03    4.8884270652E-02
    6.2779990008E-02    9.0398785855E-01    1.3249433056E-03   -5.5193920721E+03    4.2765462905E-02
    6.2799990008E-02    1.0328322271E+00   -3.4763788040E-01   -5.5213637501E+03    4.2043992316E-02
    6.2819990008E-02    1.2552263731E+00    1.9654691006E-01   -5.5228833275E+03    4.9722860482E-02
    6.2839990008E-02    8.1621100987E-01    4.6790361162E-01   -5.5244889355E+03    5.7546209634E-02
    6.2859990008E-02    5.8271439938E-01   -2.0448772461E-01   -5.5266767105E+03    6.2827047906E-02
    6.2879990008E-02    1.1246238268E+00   -4.4959478759E-01   -5.5285552800E+03    4.8649709595E-02
    6.2899990008E-02    1.2119445836E+00    1.7512679996E-01   -5.5300047908E+03    4.4107563565E-02
    6.2919990008E-02    8.6952913720E-01    2.0511928025E-01   -5.5317929191E+03    3.8489829080E-02
    6.2939990008E-02    1.0955329894E+00   -7.5456746931E-02   -5.5337101896E+03    4.3987222153E-02
    6.2959990008E-02    1.2015433806E+00    1.9265265770E-01   -5.5352566429E+03    4.9906984204E-02
    6.2979990008E-02    9.5963009700E-01    3.0859743648E-01   -5.5368466608E+03    6.1052398937E-02
    6.2999990008E-02    6.5347151885E-01   -1.6236411387E-01   -5.5388776229E+03    7.2063213330E-02
    6.3019990007E-02    1.1177311091E+00   -4.4489421044E-01   -5.5408287164E+03    7.2729097146E-02
    6.3039990007E-02    1.2374460489E+00    2.5894853572E-01   -5.5422677037E+03    7.4841259033E-02
    6.3059990007E-02    7.6747824765E-01    3.4385616596E-01   -5.5440176494E+03    7.1294777246E-02
    6.3079990007E-02    8.9375783762E-01   -1.8595964893E-01   -5.5460991237E+03    6.6268798070E-02
    6.3099990007E-02    1.1735677039E+00   -1.3015925537E-01   -5.5477637838E+03    5.7264406140E-02
    6.3119990007E-02    1.1278309283E+00    7.6723972100E-02   -5.5492691665E+03    5.6659541879E-02
    6.3139990007E-02    7.8662477737E-01   -7.3276684766E-02   -5.5511178167E+03    5.6746992669E-02
    6.3159990007E-02    1.0763391528E+00   -3.9981952758E-01   -5.5530960592E+03    5.7375632341E-02
    6.3179990007E-02    1.2499819750E+00    2.4539905265E-01   -5.5545660334E+03    6.2770007986E-02
    6.3199990007E-02    7.5693050544E-01    4.2297723531E-01   -5.5562404081E+03    6.4661810298E-02
    6.3219990007E-02    6.7911791312E-01   -2.5131506489E-01   -5.5584373890E+03    5.8364084675E-02
    6.3239990007E-02    1.1514235524E+00   -3.7894728135E-01   -5.5602255186E+03    4.0777001057E-02
    6.3259990007E-02    1.1901966405E+00    1.0443823606E-01   -5.5616994041E+03    3.3012359743E-02
    6.3279990007E-02    9.2624135035E-01    7.1571568604E-02   -5.5634967342E+03    2.5206989937E-02
    6.3299990007E-02    1.1229812058E+00   -1.5331108173E-01   -5.5653732538E+03    3.1099291494E-02
    6.3319990007E-02    1.2088098502E+00    2.8107965104E-01   -5.5668805632E+03    3.9287944049E-02
    6.3339990007E-02    8.2782667416E-01    3.5781607310E-01   -5.5685352320E+03    5.3995769851E-02
    6.3359990007E-02    6.4331939213E-01   -2.6580659693E-01   -5.5706822441E+03    6.5980885347E-02
    6.3379990007E-02    1.1759893601E+00   -3.9988636456E-01   -5.5725335350E+03    6.3704558012E-02
    6.3399990007E-02    1.1909201745E+00    3.1358911665E-01   -5.5739643174E+03    6.2267749270E-02
    6.3419990007E-02    7.6393110075E-01    2.3410982781E-01   -5.5758110755E+03    5.9683751027E-02
    6.3439990007E-02    1.0324819258E+00   -1.3819968394E-01   -5.5777967037E+03    5.8364075416E-02
    6.3459990007E-02    1.1896118592E+00    3.8194993492E-02   -5.5793653953E+03    5.4186589454E-02
    6.3479990007E-02    1.0286128578E+00    1.9097387444E-01   -5.5809238303E+03    6.1898313712E-02
    6.3499990007E-02    7.1737213798E-01   -1.7757728165E-01   -5.5829010555E+03    6.6691362583E-02
    6.3519990007E-02    1.1432199073E+00   -3.9480742115E-01   -5.5848209897E+03    6.8191845474E-02
    6.3539990007E-02    1.2223176113E+00    3.1965711092E-01   -5.5862559134E+03    7.0685929973E-02
    6.3559990007E-02    7.1076355482E-01    3.3794097306E-01   -5.5880296447E+03    7.0020308137E-02
    6.3579990007E-02    8.1290403141E-01   -2.7325951790E-01   -5.5901695268E+03    6.1054787789E-02
    6.3599990007E-02    1.1720598522E+00   -2.8211943775E-01   -5.5918660206E+03    4.8451644242E-02
    6.3619990007E-02    1.1668547408E+00    3.9102665869E-02   -5.5933650906E+03    4.0619074110E-02
    6.3639990007E-02    8.9639522031E-01   -6.3907417479E-02   -5.5951792624E+03    3.2642127680E-02
    6.3659990007E-02    1.1332122193E+00   -2.5713897558E-01   -5.5970689528E+03    3.5548569768E-02
    6.3679990007E-02    1.2093120425E+00    3.4020660835E-01   -5.5985374507E+03    4.2257471146E-02
    6.3699990007E-02    7.0330232889E-01    3.6167751431E-01   -5.6002549449E+03    5.7397554147E-02
    6.3719990007E-02    6.6833504715E-01   -3.5488314600E-01   -5.6024767768E+03    6.2605099426E-02
    6.3739990007E-02    1.2121550015E+00   -3.5252384859E-01   -5.6042276572E+03    5.4406024773E-02
    6.3759990007E-02    1.1418225660E+00    3.2204252226E-01   -5.6056748008E+03    4.9706363512E-02
    6.3779990007E-02    8.2280665819E-01    1.2947197262E-01   -5.6075795687E+03    4.7903374681E-02
    6.3799990007E-02    1.1324505375E+00   -4.6487845809E-02   -5.6094455564E+03    5.1883635400E-02
    6.3819990007E-02    1.1794770277E+00    1.9157036770E-01   -5.6109616788E+03    5.6181993162E-02
    6.3839990007E-02    9.0243589970E-01    2.4792833712E-01   -5.6126047520E+03    6.6851862308E-02
    6.3859990007E-02    7.0571254328E-01   -2.8744953398E-01   -5.6146851871E+03    7.5145866426E-02
    6.3879990007E-02    1.2020924619E+00   -3.5267482158E-01   -5.6165122649E+03    7.7008494511E-02
    6.3899990007E-02    1.1768683784E+00    3.8412442753E-01   -5.6179377761E+03    7.6340338653E-02
    6.3919990007E-02    6.9528672426E-01    2.4200799216E-01   -5.6198100396E+03    7.4660663436E-02
    6.3939990007E-02    9.4690765738E-01   -2.4529242031E-01   -5.6218573601E+03    6.6521487658E-02
    6.3959990007E-02    1.1856059677E+00   -1.5490843332E-01   -5.6234688102E+03    5.6277121371E-02
    6.3979990007E-02    1.1060416787E+00    6.9738037127E-02   -5.6249993423E+03    5.3796523588E-02
    6.3999990007E-02    8.0442305197E-01   -1.7145187545E-01   -5.6269060837E+03    5.1222648079E-02
    6.4019990007E-02    1.1660680663E+00   -3.1016737841E-01   -5.6287848692E+03    5.3587524282E-02
    6.4039990007E-02    1.1947075196E+00    3.8223260523E-01   -5.6302229982E+03    5.7184545150E-02
    6.4059990007E-02    6.4321387041E-01    3.1567929235E-01   -5.6320177179E+03    6.3888357221E-02
    6.4079990007E-02    7.4715861341E-01   -3.8127733380E-01   -5.6342233734E+03    5.5188335496E-02
    6.4099990007E-02    1.2180433902E+00   -3.1141935340E-01   -5.6359084560E+03    3.9880023514E-02
    6.4119990007E-02    1.1162324486E+00    2.4697330158E-01   -5.6373925972E+03    3.2475483436E-02
    6.4139990007E-02    9.1697157884E-01    2.1877616625E-02   -5.6392901105E+03    2.9590887340E-02
    6.4159990007E-02    1.1813446995E+00   -3.4630099453E-02   -5.6410803677E+03    3.8257805191E-02
    6.4179990007E-02    1.1600494519E+00    3.1295146116E-01   -5.6425724589E+03    4.6614409161E-02
    6.4199990007E-02    7.6640244377E-01    2.5603381115E-01   -5.6443051077E+03    6.0406180942E-02
    6.4219990007E-02    7.3624301747E-01   -3.7746634021E-01   -5.6464658781E+03    6.8574672119E-02
    6.4239990007E-02    1.2389714342E+00   -2.7870426532E-01   -5.6481932867E+03    6.9164385826E-02
    6.4259990007E-02    1.1109853394E+00    4.1135003546E-01   -5.6496405255E+03    6.5463148439E-02
    6.4279990007E-02    7.2813744470E-01    1.3006325988E-01   -5.6515967933E+03    6.4216391313E-02
    6.4299990007E-02    1.0650828947E+00   -1.6693914386E-01   -5.6535308961E+03    6.0398991016E-02
    6.4319990007E-02    1.1875584247E+00    6.5476474196E-03   -5.6550645985E+03    5.4223202503E-02
    6.4339990007E-02    9.8908064355E-01    1.5381066688E-01   -5.6566639681E+03    5.9952845487E-02
    6.4359990007E-02    7.6837723337E-01   -2.7877657381E-01   -5.6586858743E+03    6.2066451840E-02
    6.4379990007E-02    1.2134374999E+00   -2.8312293263E-01   -5.6604905172E+03    6.5228808313E-02
    6.4399990007E-02    1.1486099230E+00    4.2654188462E-01   -5.6619230531E+03    6.5396614663E-02
    6.4419990007E-02    6.3316539606E-01    2.1751743599E-01   -5.6638227576E+03    6.6844172552E-02
    6.4439990007E-02    8.7618242518E-01   -3.6036167000E-01   -5.6659324260E+03    5.4281052896E-02
    6.4459990007E-02    1.2127399175E+00   -2.5264795655E-01   -5.6675587220E+03    4.0727780761E-02
    6.4479990007E-02    1.1097102257E+00    1.3609628030E-01   -5.6690819367E+03    3.2501026298E-02
    6.4499990007E-02    9.2162817906E-01   -1.1778662306E-01   -5.6709703366E+03    2.6461648589E-02
    6.4519990007E-02    1.2027276235E+00   -1.0264450802E-01   -5.6727510467E+03    3.4176518435E-02
    6.4539990007E-02    1.1323337143E+00    4.0750430629E-01   -5.6742201630E+03    4.1565892078E-02
    6.4559990007E-02    6.3937974617E-01    2.1796689896E-01   -5.6760496440E+03    5.9626788426E-02
    6.4579990007E-02    7.9104067762E-01   -4.5225911510E-01   -5.6782450224E+03    6.3518701010E-02
    6.4599990007E-02    1.2582559688E+00   -2.0376457085E-01   -5.6798800621E+03    6.1211146126E-02
    6.4619990007E-02    1.0451616956E+00    3.9949988447E-01   -5.6813722450E+03    5.4841631218E-02
    6.4639990007E-02    8.1786893311E-01    3.6227507493E-02   -5.6833667356E+03    5.4738387680E-02
    6.4659990007E-02    1.1500864765E+00   -4.1581714454E-02   -5.6851704238E+03    5.5776955305E-02
    6.4679990007E-02    1.1617209737E+00    1.6792133528E-01   -5.6866690216E+03    5.8904349394E-02
    6.4699990007E-02    8.4759329501E-01    1.7431884599E-01   -5.6883716691E+03    6.8482196717E-02
    6.4719990007E-02    7.9132390935E-01   -3.8269639106E-01   -5.6904727046E+03    7.3735043804E-02
    6.4739990007E-02    1.2527905259E+00   -2.1603291381E-01   -5.6921774092E+03    7.7946651647E-02
    6.4759990007E-02    1.0839125651E+00    4.6171346213E-01   -5.6936295990E+03    7.4503246207E-02
    6.4779990007E-02    6.6099126888E-01    1.1563387158E-01   -5.6956193273E+03    7.3320518702E-02
    6.4799990007E-02    1.0006823087E+00   -2.9148307335E-01   -5.6976068854E+03    6.2567449057E-02
    6.4819990007E-02    1.2009134107E+00   -1.5687340210E-01   -5.6991727641E+03    5.2021353411E-02
    6.4839990007E-02    1.0677264206E+00    7.6696405215E-02   -5.7007405442E+03    4.7367841909E-02
    6.4859990007E-02    8.6146989907E-01   -2.4837899024E-01   -5.7026891733E+03    4.3084717710E-02
    6.4879990007E-02    1.2268355584E+00   -1.5941910771E-01   -5.7044488509E+03    4.8953305237E-02
    6.4899990007E-02    1.0991129206E+00    4.6997385319E-01   -5.7059001489E+03    5.2308094370E-02
    6.4919990006E-02    5.6558258259E-01    1.6305370677E-01   -5.7078248897E+03    6.3801748374E-02
    6.4939990006E-02    8.5633498573E-01   -4.7535209020E-01   -5.7099827612E+03    5.4405913853E-02
    6.4959990006E-02    1.2553823504E+00   -1.6639460919E-01   -5.7115633055E+03    4.5641177910E-02
    6.4979990006E-02    1.0146918341E+00    3.2452828661E-01   -5.7131090282E+03    3.7328518268E-02
    6.4999990006E-02    9.4051005967E-01   -3.0240225441E-02   -5.7150752721E+03    3.8659164818E-02
    6.5019990006E-02    1.2004961911E+00    5.4518406306E-02   -5.7167796718E+03    4.5887293041E-02
    6.5039990006E-02    1.1160202664E+00    2.9850507780E-01   -5.7182816178E+03    5.4630629600E-02
    6.5059990006E-02    7.2410747997E-01    1.3970599760E-01   -5.7200905099E+03    6.6917302379E-02
    6.5079990006E-02    8.4908948255E-01   -4.5161149221E-01   -5.7222267317E+03    7.1958185055E-02
    6.5099990006E-02    1.2702144653E+00   -1.2186253487E-01   -5.7238407694E+03    7.6068795754E-02
    6.5119990006E-02    1.0074814724E+00    4.5927734747E-01   -5.7253416784E+03    7.0088354376E-02
    6.5139990006E-02    7.2914788208E-01    1.7994013818E-02   -5.7273864157E+03    6.8345850276E-02
    6.5159990006E-02    1.0952182523E+00   -1.8953471353E-01   -5.7292551940E+03    6.1500184169E-02
    6.5179990006E-02    1.1831251287E+00   -1.3656215156E-02   -5.7307650542E+03    5.5036209499E-02
    6.5199990006E-02    9.4354324554E-01    1.0697513912E-01   -5.7324149350E+03    5.7264720496E-02
    6.5219990006E-02    8.4956538595E-01   -3.5285518565E-01   -5.7344542810E+03    5.7399558399E-02
    6.5239990006E-02    1.2543888676E+00   -1.3047787402E-01   -5.7361411802E+03    6.3389069244E-02
    6.5259990006E-02    1.0427956612E+00    4.8964953142E-01   -5.7376089786E+03    6.2359164155E-02
    6.5279990006E-02    5.8886240041E-01    7.5470057334E-02   -5.7396319999E+03    6.4428756692E-02
    6.5299990006E-02    9.5546595041E-01   -4.2330729339E-01   -5.7416776208E+03    4.8268529247E-02
    6.5319990006E-02    1.2385861251E+00   -1.5764074354E-01   -5.7432330638E+03    3.6558056383E-02
    6.5339990006E-02    1.0248118506E+00    1.9902285906E-01   -5.7448214088E+03    2.7288551166E-02
    6.5359990006E-02    9.7716147759E-01   -1.4479806204E-01   -5.7467537544E+03    2.6279278907E-02
    6.5379990006E-02    1.2301535135E+00    6.3448144398E-02   -5.7484216420E+03    3.5825666964E-02
    6.5399990006E-02    1.0516817576E+00    4.0708458800E-01   -5.7499292387E+03    4.5558189848E-02
    6.5419990006E-02    6.1675316795E-01    6.8480550834E-02   -5.7518578196E+03    6.2570563439E-02
    6.5439990006E-02    9.2300214635E-01   -4.9290831533E-01   -5.7539816691E+03    6.4065922382E-02
    6.5459990006E-02    1.2702967346E+00   -2.5594677736E-02   -5.7555196571E+03    6.5954019043E-02
    6.5479990006E-02    9.3700061694E-01    4.1293863784E-01   -5.7570948209E+03    5.8738150305E-02
    6.5499990006E-02    8.4596749295E-01   -5.4582114578E-02   -5.7591452517E+03    5.8308342640E-02
    6.5519990006E-02    1.1612020085E+00   -5.0529552119E-02   -5.7608869051E+03    5.6018464044E-02
    6.5539990006E-02    1.1424597187E+00    1.4341209562E-01   -5.7623777405E+03    5.8510278696E-02
    6.5559990006E-02    8.0039265594E-01    8.6984277279E-02   -5.7641448434E+03    6.5508650760E-02
    6.5579990006E-02    8.9757185827E-01   -4.3441524140E-01   -5.7662305166E+03    6.8041961982E-02
    6.5599990006E-02    1.2724289718E+00   -4.4688577432E-02   -5.7678253568E+03    7.4510562258E-02
    6.5619990006E-02    9.6568916631E-01    4.8592887151E-01   -5.7693423721E+03    7.0016301192E-02
    6.5639990006E-02    6.6041476024E-01   -2.0832616485E-02   -5.7714304293E+03    6.7717646541E-02
    6.5659990006E-02    1.0528463646E+00   -3.3138741262E-01   -5.7733455392E+03    5.4825673169E-02
    6.5679990006E-02    1.2151496674E+00   -1.2232684369E-01   -5.7748731906E+03    4.4668047194E-02
    6.5699990006E-02    1.0108761251E+00    8.3248434424E-02   -5.7764996633E+03    3.7125567262E-02
    6.5719990006E-02    9.5060452255E-01   -2.8043644139E-01   -5.7784588118E+03    3.3729986044E-02
    6.5739990006E-02    1.2516762922E+00    3.9244516705E-02   -5.7800953257E+03    4.2502696089E-02
    6.5759990006E-02    9.7616148579E-01    4.8643134106E-01   -5.7816065883E+03    4.9451082102E-02
    6.5779990006E-02    5.4785780612E-01   -1.4140040972E-02   -5.7836550057E+03    6.3840932521E-02
    6.5799990006E-02    9.9178321598E-01   -5.0379145871E-01   -5.7857107209E+03    5.6055979169E-02
    6.5819990006E-02    1.2574274707E+00    3.1495764664E-02   -5.7872031480E+03    5.3606583216E-02
    6.5839990006E-02    9.0779192609E-01    3.3043679979E-01   -5.7888541483E+03    4.5870620987E-02
    6.5859990006E-02    9.8565620154E-01   -7.1034823767E-02   -5.7908506818E+03    4.8410869111E-02
    6.5879990006E-02    1.1986854150E+00    9.0457048271E-02   -5.7924865764E+03    5.2347096302E-02
    6.5899990006E-02    1.0754566965E+00    2.6758523261E-01   -5.7940077569E+03    6.1523245565E-02
    6.5919990006E-02    6.9502217341E-01    1.4064607242E-02   -5.7958920057E+03    7.2281625032E-02
    6.5939990006E-02    9.7165081892E-01   -4.7955242093E-01   -5.7979686528E+03    7.4981895976E-02
    6.5959990006E-02    1.2749926352E+00    5.8753645488E-02   -5.7994864769E+03    8.0774617027E-02
    6.5979990006E-02    8.9122693274E-01    4.5347382719E-01   -5.8010750905E+03    7.4627465455E-02
    6.5999990006E-02    7.5910636154E-01   -9.2766822455E-02   -5.8031779806E+03    7.0864500476E-02
    6.6019990006E-02    1.1239852430E+00   -2.1223006429E-01   -5.8049757402E+03    6.1228960704E-02
    6.6039990006E-02    1.1799433216E+00   -1.8238573448E-02   -5.8064749789E+03    5.4749438191E-02
    6.6059990006E-02    8.9675263500E-01    4.4989119439E-02   -5.8081829178E+03    5.3121212190E-02
    6.6079990006E-02    9.5155142957E-01   -3.8560357815E-01   -5.8102054537E+03    5.2225276538E-02
    6.6099990006E-02    1.2673581900E+00    5.4584092824E-02   -5.8117824719E+03    6.0009141082E-02
    6.6119990006E-02    9.1135751574E-01    5.0003896567E-01   -5.8133219975E+03    6.0934485793E-02
    6.6139990006E-02    5.7824733525E-01   -8.2950851090E-02   -5.8154548670E+03    6.2481403052E-02
    6.6159990006E-02    1.0494034673E+00   -4.5359926576E-01   -5.8174054576E+03    4.4735914884E-02
    6.6179990006E-02    1.2354677796E+00    8.3325911259E-03   -5.8188940949E+03    3.6978798811E-02
    6.6199990006E-02    9.4119474932E-01    2.0378361065E-01   -5.8205887439E+03    2.8118048602E-02
    6.6219990006E-02    1.0528508079E+00   -1.2839758349E-01   -5.8225183770E+03    3.2350612224E-02
    6.6239990006E-02    1.2240954503E+00    1.7777840687E-01   -5.8240969027E+03    4.0856052787E-02
    6.6259990006E-02    9.7988276377E-01    3.7092416535E-01   -5.8256582713E+03    5.2531942055E-02
    6.6279990006E-02    6.2176374639E-01   -7.6730661849E-02   -5.8276684142E+03    6.6579652654E-02
    6.6299990006E-02    1.0480695981E+00   -4.8108934667E-01   -5.8296917373E+03    6.6574172728E-02
    6.6319990006E-02    1.2570743946E+00    1.5206309735E-01   -5.8311588060E+03    6.9134053023E-02
    6.6339990006E-02    8.3310456993E-01    3.7626483907E-01   -5.8328404312E+03    6.3753567020E-02
    6.6359990006E-02    8.9068030994E-01   -1.3097900937E-01   -5.8349110460E+03    6.1623468192E-02
    6.6379990006E-02    1.1718187470E+00   -6.7489042157E-02   -5.8365935351E+03    5.5625730847E-02
    6.6399990006E-02    1.1228489661E+00    1.2393662411E-01   -5.8380912086E+03    5.8461514003E-02
    6.6419990006E-02    7.6908236312E-01   -1.2451710033E-02   -5.8399234116E+03    6.2033603191E-02
    6.6439990006E-02    1.0089528847E+00   -4.3810544576E-01   -5.8419573858E+03    6.3057409447E-02
    6.6459990006E-02    1.2677066209E+00    1.3392820965E-01   -5.8434642724E+03    6.9330160852E-02
    6.6479990006E-02    8.4045619956E-01    4.5913892273E-01   -5.8450742586E+03    6.7129923761E-02
    6.6499990006E-02    6.8063839215E-01   -1.5557980163E-01   -5.8472314253E+03    6.2331421548E-02
    6.6519990006E-02    1.1076756430E+00   -3.5813888496E-01   -5.8490659936E+03    4.7242000710E-02
    6.6539990006E-02    1.2122528249E+00   -3.0251814767E-02   -5.8505613876E+03    3.7965149913E-02
    6.6559990006E-02    9.5593071450E-01    6.5191032716E-02   -5.8522753178E+03    2.8574226840E-02
    6.6579990006E-02    1.0508742724E+00   -2.5270982220E-01   -5.8542060009E+03    2.9455818243E-02
    6.6599990006E-02    1.2411012041E+00    2.1336515765E-01   -5.8557461453E+03    3.8129771348E-02
    6.6619990006E-02    8.6428897551E-01    4.3493025205E-01   -5.8573450430E+03    5.0947207080E-02
    6.6639990006E-02    5.8559427813E-01   -1.7927095165E-01   -5.8594809121E+03    6.4719815101E-02
    6.6659990006E-02    1.1146147259E+00   -4.6166536726E-01   -5.8614091667E+03    5.9209074846E-02
    6.6679990006E-02    1.2262307347E+00    2.1166242341E-01   -5.8628513586E+03    5.7977953024E-02
    6.6699990006E-02    8.2054204144E-01    2.7695488307E-01   -5.8646230365E+03    5.3300103934E-02
    6.6719990006E-02    1.0338222939E+00   -9.6607084057E-02   -5.8666088167E+03    5.4726936326E-02
    6.6739990006E-02    1.1920476291E+00    9.5257390818E-02   -5.8681926076E+03    5.5421564597E-02
    6.6759990006E-02    1.0332442371E+00    2.3861147528E-01   -5.8697418427E+03    6.4624314766E-02
    6.6779990006E-02    6.8748351296E-01   -1.1211418925E-01   -5.8716986893E+03    7.3102597293E-02
    6.6799990006E-02    1.0857511450E+00   -4.5132691757E-01   -5.8736854318E+03    7.4568277102E-02
    6.6819990005E-02    1.2532942528E+00    2.2787523353E-01   -5.8751387930E+03    7.8563802487E-02
    6.6839990005E-02    7.7981917145E-01    3.9426577439E-01   -5.8768388435E+03    7.5108922841E-02
    6.6859990005E-02    8.0563555993E-01   -1.9543387097E-01   -5.8789639223E+03    6.8474896446E-02
    6.6879990005E-02    1.1520214951E+00   -2.3820647454E-01   -5.8806915221E+03    5.7365631808E-02
    6.6899990005E-02    1.1729606395E+00   -4.1255741764E-03   -5.8821906520E+03    5.0844382062E-02
    6.6919990005E-02    8.6847461089E-01   -3.1408350067E-02   -5.8839642491E+03    4.5774422726E-02
    6.6939990005E-02    1.0596729432E+00   -3.5802707799E-01   -5.8859310265E+03    4.5655864300E-02
    6.6959990005E-02    1.2503355101E+00    2.3660714990E-01   -5.8874245774E+03    5.2541949001E-02
    6.6979990005E-02    7.7397656929E-01    4.4794185766E-01   -5.8890642094E+03    5.9835479703E-02
    6.6999990005E-02    6.1079190858E-01   -2.4903533395E-01   -5.8912732105E+03    6.1232514914E-02
    6.7019990005E-02    1.1505694735E+00   -4.2329294191E-01   -5.8931045132E+03    4.5564608849E-02
    6.7039990005E-02    1.1940023607E+00    1.9372364245E-01   -5.8945553543E+03    4.0140384131E-02
    6.7059990005E-02    8.7816550692E-01    1.6108210678E-01   -5.8963723716E+03    3.4946289936E-02
    6.7079990005E-02    1.1188013629E+00   -7.4455425748E-02   -5.8982601649E+03    4.1439578209E-02
    6.7099990005E-02    1.1983229168E+00    2.2459449016E-01   -5.8997883057E+03    4.8231974955E-02
    6.7119990005E-02    9.1511870154E-01    3.1418263493E-01   -5.9014060946E+03    5.9941367614E-02
    6.7139990005E-02    6.5649739096E-01   -2.1370880671E-01   -5.9034786028E+03    7.0802171536E-02
    6.7159990005E-02    1.1518183691E+00   -4.1892987495E-01   -5.9053825680E+03    7.1066330341E-02
    6.7179990005E-02    1.2164514096E+00    3.0215362316E-01   -5.9068130025E+03    7.1784247884E-02
    6.7199990005E-02    7.4659155229E-01    2.9860413145E-01   -5.9086126801E+03    6.8949882665E-02
    6.7219990005E-02    9.3982619427E-01   -1.9218369480E-01   -5.9106683464E+03    6.4187871856E-02
    6.7239990005E-02    1.1823092704E+00   -9.5025803932E-02   -5.9122963923E+03    5.5675423648E-02
    6.7259990005E-02    1.1018484915E+00    1.0624000149E-01   -5.9138150227E+03    5.7284992601E-02
    6.7279990005E-02    7.6519671059E-01   -1.1785399101E-01   -5.9157095339E+03    5.8120111059E-02
    6.7299990005E-02    1.1114648292E+00   -3.8839485977E-01   -5.9176595795E+03    5.9218685641E-02
    6.7319990005E-02    1.2358800853E+00    2.9211409787E-01   -5.9191106562E+03    6.3479275197E-02
    6.7339990005E-02    7.2071400761E-01    3.8468175179E-01   -5.9208322894E+03    6.5328163584E-02
    6.7359990005E-02    7.2261004865E-01   -2.8567819006E-01   -5.9230233691E+03    5.7101984144E-02
    6.7379990005E-02    1.1703230362E+00   -3.4978888051E-01   -5.9247694610E+03    4.0394196397E-02
    6.7399990005E-02    1.1745396795E+00    1.1348676403E-01   -5.9262496823E+03    3.2456995932E-02
    6.7419990005E-02    9.2620583507E-01    2.5109311210E-02   -5.9280678975E+03    2.4968257402E-02
    6.7439990005E-02    1.1405793017E+00   -1.5787756145E-01   -5.9299292229E+03    3.1029151023E-02
    6.7459990005E-02    1.1993305957E+00    3.1198302391E-01   -5.9314214242E+03    3.9030215877E-02
    6.7479990005E-02    7.7835891703E-01    3.4147276397E-01   -5.9331104994E+03    5.4822598779E-02
    6.7499990005E-02    6.6517971039E-01   -3.1666089622E-01   -5.9352871669E+03    6.5515002140E-02
    6.7519990005E-02    1.2024859620E+00   -3.6437230816E-01   -5.9370854358E+03    6.2735224464E-02
    6.7539990005E-02    1.1627191442E+00    3.4383668786E-01   -5.9385199675E+03    6.0040682324E-02
    6.7559990005E-02    7.6462095007E-01    1.8613421952E-01   -5.9404096347E+03    5.8082894666E-02
    6.7579990005E-02    1.0699585634E+00   -1.1880328063E-01   -5.9423547472E+03    5.7423061461E-02
    6.7599990005E-02    1.1881176106E+00    7.6602585156E-02   -5.9438977622E+03    5.4937126476E-02
    6.7619990005E-02    9.8804290547E-01    2.0398655295E-01   -5.9454858072E+03    6.3563304988E-02
    6.7639990005E-02    7.1822839833E-01   -2.2951836480E-01   -5.9475032517E+03    6.8966539284E-02
    6.7659990005E-02    1.1757820516E+00   -3.6707082856E-01   -5.9493774362E+03    7.0851939445E-02
    6.7679990005E-02    1.1989509581E+00    3.6194683501E-01   -5.9508052242E+03    7.1992014605E-02
    6.7699990005E-02    6.8717522923E-01    2.9095389179E-01   -5.9526309622E+03    7.1342838429E-02
    6.7719990005E-02    8.6063195714E-01   -2.8751092180E-01   -5.9547431803E+03    6.1693523388E-02
    6.7739990005E-02    1.1828099413E+00   -2.5198913358E-01   -5.9564041702E+03    4.9809567851E-02
    6.7759990005E-02    1.1488046558E+00    4.8743867669E-02   -5.9579133311E+03    4.2720389069E-02
    6.7779990005E-02    8.7690588715E-01   -1.0748468293E-01   -5.9597582465E+03    3.5577718076E-02
    6.7799990005E-02    1.1558298427E+00   -2.5243377831E-01   -5.9616298246E+03    3.9006640966E-02
    6.7819990005E-02    1.1935111036E+00    3.7381263409E-01   -5.9630852471E+03    4.4928705245E-02
    6.7839990005E-02    6.6067883462E-01    3.2821618459E-01   -5.9648439024E+03    5.9682789899E-02
    6.7859990005E-02    7.0405944170E-01   -3.9385592329E-01   -5.9670703326E+03    6.1156356033E-02
    6.7879990005E-02    1.2283776530E+00   -3.1503061016E-01   -5.9687760920E+03    5.1990905636E-02
    6.7899990005E-02    1.1131440187E+00    3.3228023509E-01   -5.9702379509E+03    4.6240216286E-02
    6.7919990005E-02    8.4575643377E-01    8.6418812590E-02   -5.9721666054E+03    4.5094288452E-02
    6.7939990005E-02    1.1544656496E+00   -2.3720220961E-02   -5.9739914123E+03    5.0226961101E-02
    6.7959990005E-02    1.1698436461E+00    2.2319009414E-01   -5.9754971329E+03    5.5964182022E-02
    6.7979990005E-02    8.5600034529E-01    2.3815821450E-01   -5.9771758109E+03    6.6966408950E-02
    6.7999990005E-02    7.2745565080E-01   -3.3442839643E-01   -5.9792844555E+03    7.4965543671E-02
    6.8019990005E-02    1.2258374159E+00   -3.0976842753E-01   -5.9810602524E+03    7.7169731168E-02
    6.8039990005E-02    1.1440103875E+00    4.1390658940E-01   -5.9824922335E+03    7.5070342267E-02
    6.8059990005E-02    6.9015166636E-01    1.8968930468E-01   -5.9844127543E+03    7.3580222522E-02
    6.8079990005E-02    9.8994886897E-01   -2.3857249014E-01   -5.9864214698E+03    6.5653518571E-02
    6.8099990005E-02    1.1895102218E+00   -1.1942996522E-01   -5.9880023897E+03    5.5942957503E-02
    6.8119990005E-02    1.0740455960E+00    9.0382717371E-02   -5.9895535709E+03    5.5123864350E-02
    6.8139990005E-02    7.9796600041E-01   -2.1790926721E-01   -5.9915012161E+03    5.3626104782E-02
    6.8159990005E-02    1.1923828079E+00   -2.8338045640E-01   -5.9933420079E+03    5.6741637286E-02
    6.8179990005E-02    1.1687035581E+00    4.1518176401E-01   -5.9947762078E+03    5.9156322316E-02
    6.8199990005E-02    6.1908002386E-01    2.6532230766E-01   -5.9966236253E+03    6.4753541183E-02
    6.8219990005E-02    7.9700299858E-01   -4.0036367960E-01   -5.9988028999E+03    5.3280293528E-02
    6.8239990005E-02    1.2267378457E+00   -2.7752983579E-01   -6.0004535841E+03    3.8500090342E-02
    6.8259990005E-02    1.0956275147E+00    2.3922039036E-01   -6.0019573295E+03    3.0507921116E-02
    6.8279990005E-02    9.3334126636E-01   -2.2209432995E-02   -6.0038648547E+03    2.7725489115E-02
    6.8299990005E-02    1.1956415739E+00   -2.2295707973E-02   -6.0056292952E+03    3.6830755452E-02
    6.8319990005E-02    1.1421321029E+00    3.4112352035E-01   -6.0071176818E+03    4.5487298678E-02
    6.8339990005E-02    7.2131240923E-01    2.2470372466E-01   -6.0088926660E+03    6.0456542741E-02
    6.8359990005E-02    7.7256812803E-01   -4.1644711912E-01   -6.0110639353E+03    6.7341492174E-02
    6.8379990005E-02    1.2534994069E+00   -2.2669410463E-01   -6.0127415175E+03    6.8138193627E-02
    6.8399990005E-02    1.0719421361E+00    4.2447803393E-01   -6.0142086967E+03    6.3220025776E-02
    6.8419990005E-02    7.4590946837E-01    7.9551986439E-02   -6.0161997208E+03    6.2202358189E-02
    6.8439990005E-02    1.0968107339E+00   -1.4041906763E-01   -6.0180868121E+03    5.9111999745E-02
    6.8459990005E-02    1.1818119478E+00    4.6747920922E-02   -6.0196004505E+03    5.4799150267E-02
    6.8479990005E-02    9.4148475325E-01    1.5652532605E-01   -6.0212365263E+03    6.1367092261E-02
    6.8499990005E-02    7.8580108426E-01   -3.2501412324E-01   -6.0232890204E+03    6.3966042533E-02
    6.8519990005E-02    1.2349099047E+00   -2.3875807998E-01   -6.0250434562E+03    6.7896243552E-02
    6.8539990005E-02    1.1122302852E+00    4.5249223042E-01   -6.0264847588E+03    6.6711062772E-02
    6.8559990005E-02    6.2737679417E-01    1.6127894348E-01   -6.0284371495E+03    6.7427858210E-02
    6.8579990005E-02    9.2538686799E-01   -3.6035595993E-01   -6.0305031161E+03    5.4487040091E-02
    6.8599990005E-02    1.2165294612E+00   -2.2137868576E-01   -6.0321005611E+03    4.1972762257E-02
    6.8619990005E-02    1.0906564186E+00    1.2435367191E-01   -6.0336436982E+03    3.3830768503E-02
    6.8639990005E-02    9.1934646264E-01   -1.6306447868E-01   -6.0355500809E+03    2.8105145935E-02
    6.8659990005E-02    1.2172839854E+00   -8.4277979423E-02   -6.0373040710E+03    3.5919149196E-02
    6.8679990005E-02    1.1043049160E+00    4.3442204983E-01   -6.0387736671E+03    4.2964187261E-02
    6.8699990005E-02    6.0428023796E-01    1.7086396864E-01   -6.0406523359E+03    6.0930295283E-02
    6.8719990004E-02    8.3538065437E-01   -4.7760033953E-01   -6.0428319632E+03    6.1855112415E-02
    6.8739990004E-02    1.2639966376E+00   -1.5123598788E-01   -6.0444263783E+03    5.9461676305E-02
    6.8759990004E-02    1.0092934605E+00    3.9386660212E-01   -6.0459490825E+03    5.2228490674E-02
    6.8779990004E-02    8.5481253178E-01   -5.4986739957E-04   -6.0479558273E+03    5.2706581796E-02
    6.8799990004E-02    1.1679314899E+00   -8.3471495846E-03   -6.0497144091E+03    5.4704173469E-02
    6.8819990004E-02    1.1461564898E+00    1.9888286414E-01   -6.0512109893E+03    5.9898364473E-02
    6.8839990004E-02    8.0257267377E-01    1.4882257229E-01   -6.0529556331E+03    6.9834692117E-02
    6.8859990004E-02    8.2706320735E-01   -4.1893292566E-01   -6.0550673723E+03    7.4765952666E-02
    6.8879990004E-02    1.2653255899E+00   -1.5805689982E-01   -6.0567223484E+03    7.9775215573E-02
    6.8899990004E-02    1.0407564469E+00    4.7386823713E-01   -6.0581966604E+03    7.5036803652E-02
    6.8919990004E-02    6.7462664672E-01    6.1979948413E-02   -6.0602255365E+03    7.3308013443E-02
    6.8939990004E-02    1.0387025970E+00   -2.7403504920E-01   -6.0621664733E+03    6.2850520044E-02
    6.8959990004E-02    1.1994907991E+00   -1.2080802819E-01   -6.0637093692E+03    5.2968556025E-02
    6.8979990004E-02    1.0311320248E+00    8.0135007130E-02   -6.0653051357E+03    4.9323031561E-02
    6.8999990004E-02    8.6824151452E-01   -2.9093478152E-01   -6.0672839061E+03    4.6162665715E-02
    6.9019990004E-02    1.2422673105E+00   -1.2179365158E-01   -6.0690023759E+03    5.2665133088E-02
    6.9039990004E-02    1.0615208795E+00    4.8838800900E-01   -6.0704640034E+03    5.4991529297E-02
    6.9059990004E-02    5.5550284280E-01    1.0728532962E-01   -6.0724438380E+03    6.4006014320E-02
    6.9079990004E-02    9.0552037870E-01   -4.7908550046E-01   -6.0745586435E+03    5.1406348793E-02
    6.9099990004E-02    1.2544247101E+00   -1.2543921942E-01   -6.0761118332E+03    4.2644734677E-02
    6.9119990004E-02    9.9308026780E-01    3.0012755111E-01   -6.0776907440E+03    3.3855819586E-02
    6.9139990004E-02    9.7287488841E-01   -6.0112506011E-02   -6.0796517730E+03    3.5899209669E-02
    6.9159990004E-02    1.2107770319E+00    8.1435037781E-02   -6.0813236615E+03    4.3828440252E-02
    6.9179990004E-02    1.0903255715E+00    3.2419132338E-01   -6.0828331165E+03    5.3322480458E-02
    6.9199990004E-02    6.8767841331E-01    9.6340916683E-02   -6.0846894974E+03    6.6293949481E-02
    6.9219990004E-02    8.9438562071E-01   -4.7280805599E-01   -6.0868155036E+03    7.0140968804E-02
    6.9239990004E-02    1.2735615552E+00   -5.6663061140E-02   -6.0883862776E+03    7.4420978644E-02
    6.9259990004E-02    9.6231756612E-01    4.5175762644E-01   -6.0899230077E+03    6.7837818918E-02
    6.9279990004E-02    7.6143374264E-01   -2.8861622262E-02   -6.0919884448E+03    6.5950940677E-02
    6.9299990004E-02    1.1208821012E+00   -1.6052428738E-01   -6.0938094037E+03    5.9662198764E-02
    6.9319990004E-02    1.1735656540E+00    2.6366132931E-02   -6.0953062163E+03    5.5304666567E-02
    6.9339990004E-02    8.9327442069E-01    9.4733123170E-02   -6.0969979775E+03    5.8306706492E-02
    6.9359990004E-02    8.7982333016E-01   -3.8657814879E-01   -6.0990529373E+03    5.8871068656E-02
    6.9379990004E-02    1.2643578104E+00   -7.2547645208E-02   -6.1006914046E+03    6.5514501525E-02
    6.9399990004E-02    9.9595456809E-01    4.9570155612E-01   -6.1021838048E+03    6.3549191233E-02
    6.9419990004E-02    6.0126828023E-01    1.6106655460E-02   -6.1042528311E+03    6.3917921496E-02
    6.9439990004E-02    1.0005108615E+00   -4.1121228203E-01   -6.1062456952E+03    4.7505112047E-02
    6.9459990004E-02    1.2351197522E+00   -1.2545255059E-01   -6.1077806244E+03    3.6548003154E-02
    6.9479990004E-02    1.0089975285E+00    1.6903391135E-01   -6.1093980483E+03    2.7149520869E-02
    6.9499990004E-02    9.8948396188E-01   -1.8177961871E-01   -6.1113330464E+03    2.6409658224E-02
    6.9519990004E-02    1.2373009999E+00    9.2908071824E-02   -6.1129709653E+03    3.5992637081E-02
    6.9539990004E-02    1.0124808210E+00    4.2586387417E-01   -6.1144928912E+03    4.6194603467E-02
    6.9559990004E-02    5.9358807091E-01    1.1432837032E-02   -6.1164753522E+03    6.3390694575E-02
    6.9579990004E-02    9.7207729436E-01   -4.9952692247E-01   -6.1185636850E+03    6.2880749475E-02
    6.9599990004E-02    1.2663953032E+00    3.6605872753E-02   -6.1200686105E+03    6.4336543744E-02
    6.9619990004E-02    9.0038286793E-01    3.8917136459E-01   -6.1216885025E+03    5.7226361425E-02
    6.9639990004E-02    8.9369175722E-01   -7.9542014002E-02   -6.1237354572E+03    5.7175109797E-02
    6.9659990004E-02    1.1748301406E+00   -1.1668808603E-02   -6.1254318787E+03    5.5495771824E-02
    6.9679990004E-02    1.1212822893E+00    1.7516763042E-01   -6.1269291080E+03    6.0432703669E-02
    6.9699990004E-02    7.6007155420E-01    4.7164462461E-02   -6.1287435947E+03    6.7843466189E-02
    6.9719990004E-02    9.4159023457E-01   -4.5470730209E-01   -6.1308210365E+03    7.0228470115E-02
    6.9739990004E-02    1.2749839223E+00    2.2577135627E-02   -6.1323721433E+03    7.6841071519E-02
    6.9759990004E-02    9.1759015915E-01    4.7700105706E-01   -6.1339263425E+03    7.1892414325E-02
    6.9779990004E-02    6.8980708389E-01   -7.1265225853E-02   -6.1360382860E+03    6.8394003381E-02
    6.9799990004E-02    1.0846593932E+00   -3.0807467316E-01   -6.1379035295E+03    5.6073515771E-02
    6.9819990004E-02    1.2079237890E+00   -9.1608671747E-02   -6.1394176861E+03    4.6631855706E-02
    6.9839990004E-02    9.7864440102E-01    6.0625455222E-02   -6.1410758231E+03    3.9787658907E-02
    6.9859990004E-02    9.6756560768E-01   -3.1374359796E-01   -6.1430483479E+03    3.7173302856E-02
    6.9879990004E-02    1.2573851335E+00    8.0325557986E-02   -6.1446474378E+03    4.5833620840E-02
    6.9899990004E-02    9.2875633270E-01    4.9254203207E-01   -6.1461808615E+03    5.2543039290E-02
    6.9919990004E-02    5.4720463511E-01   -7.2265530525E-02   -6.1482812194E+03    6.4091287937E-02
    6.9939990004E-02    1.0359019185E+00   -4.9439005818E-01   -6.1502832379E+03    5.3308184756E-02
    6.9959990004E-02    1.2471630894E+00    7.6908565045E-02   -6.1517568426E+03    5.0014966940E-02
    6.9979990004E-02    8.9129431237E-01    2.9267501196E-01   -6.1534510852E+03    4.2703160250E-02
    6.9999990004E-02    1.0275398534E+00   -7.7164589602E-02   -6.1554252050E+03    4.6323929546E-02
    7.0019990004E-02    1.2038984690E+00    1.2688537173E-01   -6.1570278180E+03    5.1112159898E-02
    7.0039990004E-02    1.0421674192E+00    2.9027513195E-01   -6.1585671878E+03    6.1145126739E-02
    7.0059990004E-02    6.7030781183E-01   -3.8275010325E-02   -6.1605004624E+03    7.2344248664E-02
    7.0079990004E-02    1.0192833112E+00   -4.8002234101E-01   -6.1625473915E+03    7.4239381092E-02
    7.0099990004E-02    1.2687164054E+00    1.2535391951E-01   -6.1640331133E+03    7.9127413319E-02
    7.0119990004E-02    8.4802525988E-01    4.2643005313E-01   -6.1656692424E+03    7.3557806477E-02
    7.0139990004E-02    8.0111052305E-01   -1.2962665223E-01   -6.1677743131E+03    6.9358169314E-02
    7.0159990004E-02    1.1443582846E+00   -1.8220011841E-01   -6.1695262784E+03    6.0129353615E-02
    7.0179990004E-02    1.1656837417E+00    1.8529358794E-02   -6.1710211766E+03    5.5668965876E-02
    7.0199990004E-02    8.5128323365E-01    1.6020366238E-02   -6.1727741417E+03    5.5003839656E-02
    7.0219990004E-02    9.8742970741E-01   -4.0314182020E-01   -6.1747955170E+03    5.4673280813E-02
    7.0239990004E-02    1.2673547979E+00    1.1326731166E-01   -6.1763330093E+03    6.2025888200E-02
    7.0259990004E-02    8.6231073014E-01    4.8536023069E-01   -6.1779092792E+03    6.2790071924E-02
    7.0279990004E-02    6.0604387724E-01   -1.3840116456E-01   -6.1800732410E+03    6.1393094017E-02
    7.0299990004E-02    1.0859481704E+00   -4.3065190735E-01   -6.1819694193E+03    4.3182308242E-02
    7.0319990004E-02    1.2239220614E+00    3.5753153940E-02   -6.1834498907E+03    3.5312647924E-02
    7.0339990004E-02    9.3685258493E-01    1.6007996840E-01   -6.1851766670E+03    2.6533778511E-02
    7.0359990004E-02    1.0731899156E+00   -1.4866665193E-01   -6.1870918654E+03    3.1058251556E-02
    7.0379990004E-02    1.2242495794E+00    2.1003581829E-01   -6.1886453736E+03    3.9588374370E-02
    7.0399990004E-02    9.3219805987E-01    3.7999988287E-01   -6.1902319884E+03    5.2250356256E-02
    7.0419990004E-02    6.1532781988E-01   -1.3704338909E-01   -6.1922936619E+03    6.6240658127E-02
    7.0439990004E-02    1.0930782314E+00   -4.6513358961E-01   -6.1942670868E+03    6.5116547848E-02
    7.0459990004E-02    1.2416026430E+00    2.0855626851E-01   -6.1957149514E+03    6.6377142202E-02
    7.0479990004E-02    8.0401447227E-01    3.3457606487E-01   -6.1974496204E+03    6.1876731541E-02
    7.0499990004E-02    9.4252450537E-01   -1.4131214361E-01   -6.1994991950E+03    6.0104841717E-02
    7.0519990004E-02    1.1818088637E+00   -2.6785315502E-02   -6.2011389654E+03    5.4631072600E-02
    7.0539990004E-02    1.0954280569E+00    1.5551112656E-01   -6.2026511694E+03    5.9809380910E-02
    7.0559990004E-02    7.3944001923E-01   -6.2032834474E-02   -6.2045340681E+03    6.3976344654E-02
    7.0579990004E-02    1.0537519779E+00   -4.3693771169E-01   -6.2065417940E+03    6.5108622494E-02
    7.0599990004E-02    1.2594455781E+00    1.9692937500E-01   -6.2080176985E+03    7.0343155541E-02
    7.0619990003E-02    7.9502012755E-01    4.2804290106E-01   -6.2096765690E+03    6.8497163270E-02
    7.0639990003E-02    7.2229738172E-01   -1.9916194836E-01   -6.2118380696E+03    6.2190311390E-02
    7.0659990003E-02    1.1326236076E+00   -3.3118776103E-01   -6.2136237602E+03    4.8231999099E-02
    7.0679990003E-02    1.1997147471E+00   -9.0396538933E-03   -6.2151165585E+03    3.9354797338E-02
    7.0699990003E-02    9.3600530990E-01    2.2377714792E-02   -6.2168605298E+03    3.0334846341E-02
    7.0719990003E-02    1.0729209263E+00   -2.6944555662E-01   -6.2187866861E+03    3.1475439120E-02
    7.0739990003E-02    1.2370393616E+00    2.5161314050E-01   -6.2202997107E+03    3.9559137312E-02
    7.0759990003E-02    8.1011044870E-01    4.2492927429E-01   -6.2219309598E+03    5.3038156254E-02
    7.0779990003E-02    6.0090148369E-01   -2.3869769209E-01   -6.2241077314E+03    6.4222866039E-02
    7.0799990003E-02    1.1508052069E+00   -4.3419907658E-01   -6.2259773370E+03    5.7094919541E-02
    7.0819990003E-02    1.2036558181E+00    2.5169134373E-01   -6.2274142292E+03    5.4622623855E-02
    7.0839990003E-02    8.1478923567E-01    2.2895354476E-01   -6.2292326494E+03    5.0831243261E-02
    7.0859990003E-02    1.0741991999E+00   -8.2526660770E-02   -6.2311810381E+03    5.3289056148E-02
    7.0879990003E-02    1.1915640383E+00    1.3386980541E-01   -6.2327363573E+03    5.5443878116E-02
    7.0899990003E-02    9.9205806404E-01    2.5372511768E-01   -6.2343136313E+03    6.5401246121E-02
    7.0919990003E-02    6.8030542556E-01   -1.7000088251E-01   -6.2363173031E+03    7.4260659945E-02
    7.0939990003E-02    1.1283074508E+00   -4.3020854855E-01   -6.2382578055E+03    7.5625876288E-02
    7.0959990003E-02    1.2350521887E+00    2.8477177738E-01   -6.2396939660E+03    7.8151793420E-02
    7.0979990003E-02    7.4530549737E-01    3.5019955836E-01   -6.2414490907E+03    7.5344333964E-02
    7.0999990003E-02    8.5407293517E-01   -2.1882405308E-01   -6.2435559758E+03    6.8117529866E-02
    7.1019990003E-02    1.1668455479E+00   -2.0738061697E-01   -6.2452414876E+03    5.7376664073E-02
    7.1039990003E-02    1.1536310702E+00    2.4762482102E-02   -6.2467456233E+03    5.2390173984E-02
    7.1059990003E-02    8.3502131870E-01   -7.3784769452E-02   -6.2485643730E+03    4.8421932070E-02
    7.1079990003E-02    1.0941640387E+00   -3.5689973835E-01   -6.2505140907E+03    4.9012734144E-02
    7.1099990003E-02    1.2392315636E+00    2.8485815392E-01   -6.2519825745E+03    5.4859660289E-02
    7.1119990003E-02    7.2786454693E-01    4.1436794663E-01   -6.2536675024E+03    6.1719769171E-02
    7.1139990003E-02    6.5086767105E-01   -2.9665006625E-01   -6.2558878757E+03    5.9160406345E-02
    7.1159990003E-02    1.1763993266E+00   -3.8972486251E-01   -6.2576682830E+03    4.2828357757E-02
    7.1179990003E-02    1.1714601082E+00    2.1203159895E-01   -6.2591253180E+03    3.6617753471E-02
    7.1199990003E-02    8.9037843317E-01    1.1223709165E-01   -6.2609714442E+03    3.2017990572E-02
    7.1219990003E-02    1.1417254646E+00   -6.9966312838E-02   -6.2628274601E+03    3.9433187869E-02
    7.1239990003E-02    1.1905592942E+00    2.5822174877E-01   -6.2643388702E+03    4.6924596941E-02
    7.1259990003E-02    8.6303370421E-01    3.0855513212E-01   -6.2659915907E+03    5.9365342311E-02
    7.1279990003E-02    6.7127161708E-01   -2.7161440997E-01   -6.2681048092E+03    6.9741612485E-02
    7.1299990003E-02    1.1862028352E+00   -3.8130277112E-01   -6.2699510989E+03    6.9755039480E-02
    7.1319990003E-02    1.1871556291E+00    3.4520291418E-01   -6.2713790847E+03    6.8932853817E-02
    7.1339990003E-02    7.3153840211E-01    2.4383934187E-01   -6.2732343802E+03    6.6782466020E-02
    7.1359990003E-02    9.8877380946E-01   -1.8931998662E-01   -6.2752536111E+03    6.2425510281E-02
    7.1379990003E-02    1.1880525245E+00   -5.5850975040E-02   -6.2768441866E+03    5.4588618845E-02
    7.1399990003E-02    1.0674487349E+00    1.3287741852E-01   -6.2783847076E+03    5.8266098972E-02
    7.1419990003E-02    7.5256030543E-01   -1.7189699966E-01   -6.2803285661E+03    5.9799056296E-02
    7.1439990003E-02    1.1494774594E+00   -3.6497222013E-01   -6.2822372482E+03    6.1447261301E-02
    7.1459990003E-02    1.2138921724E+00    3.4186604835E-01   -6.2836739587E+03    6.4348211551E-02
    7.1479990003E-02    6.8468859304E-01    3.3455877507E-01   -6.2854529761E+03    6.6109941935E-02
    7.1499990003E-02    7.7449068726E-01   -3.1723917308E-01   -6.2876258923E+03    5.6096976915E-02
    7.1519990003E-02    1.1875812581E+00   -3.1696430354E-01   -6.2893280534E+03    4.0563003258E-02
    7.1539990003E-02    1.1554916957E+00    1.2086158197E-01   -6.2908189468E+03    3.2495072601E-02
    7.1559990003E-02    9.2323738916E-01   -2.6702138812E-02   -6.2926600152E+03    2.5271217270E-02
    7.1579990003E-02    1.1613713022E+00   -1.5352952073E-01   -6.2945011218E+03    3.1783691289E-02
    7.1599990003E-02    1.1835758943E+00    3.4691970737E-01   -6.2959798040E+03    3.9509158588E-02
    7.1619990003E-02    7.2500680478E-01    3.1187094960E-01   -6.2977118770E+03    5.6389846690E-02
    7.1639990003E-02    6.9899645913E-01   -3.6949041810E-01   -6.2999098722E+03    6.5064594681E-02
    7.1659990003E-02    1.2268698244E+00   -3.1817119946E-01   -6.3016501298E+03    6.2001544042E-02
    7.1679990003E-02    1.1269401675E+00    3.7036795923E-01   -6.3030962386E+03    5.7951553595E-02
    7.1699990003E-02    7.7523771371E-01    1.3293909970E-01   -6.3050282300E+03    5.6652033666E-02
    7.1719990003E-02    1.1047046051E+00   -9.2067080963E-02   -6.3069247437E+03    5.6770422618E-02
    7.1739990003E-02    1.1824741267E+00    1.1537583487E-01   -6.3084461033E+03    5.6397867913E-02
    7.1759990003E-02    9.3923984076E-01    2.0721925868E-01   -6.3100711973E+03    6.5660922596E-02
    7.1779990003E-02    7.3109967544E-01   -2.8643634823E-01   -6.3121270676E+03    7.1452585881E-02
    7.1799990003E-02    1.2076543772E+00   -3.2666619428E-01   -6.3139454435E+03    7.3942075664E-02
    7.1819990003E-02    1.1667179525E+00    4.0335811013E-01   -6.3153729744E+03    7.3500063521E-02
    7.1839990003E-02    6.6943306323E-01    2.3444145779E-01   -6.3172568544E+03    7.2756744766E-02
    7.1859990003E-02    9.1305875690E-01   -2.9416745395E-01   -6.3193305058E+03    6.2602685094E-02
    7.1879990003E-02    1.1914156104E+00   -2.1770618708E-01   -6.3209551096E+03    5.1270856875E-02
    7.1899990003E-02    1.1251639018E+00    5.9063051634E-02   -6.3224798331E+03    4.5176773196E-02
    7.1919990003E-02    8.5991501821E-01   -1.5729366619E-01   -6.3243618557E+03    3.9124312450E-02
    7.1939990003E-02    1.1814829006E+00   -2.3641392747E-01   -6.3262048940E+03    4.3188090349E-02
    7.1959990003E-02    1.1697672964E+00    4.0997502030E-01   -6.3276512304E+03    4.8136683926E-02
    7.1979990003E-02    6.1999827217E-01    2.8153120457E-01   -6.3294612852E+03    6.1841570984E-02
    7.1999990003E-02    7.5056979303E-01   -4.2916387026E-01   -6.3316782150E+03    5.9024928933E-02
    7.2019990003E-02    1.2414102805E+00   -2.7018488332E-01   -6.3333382095E+03    4.9170980898E-02
    7.2039990003E-02    1.0806631536E+00    3.3459116415E-01   -6.3348226043E+03    4.2360548883E-02
    7.2059990003E-02    8.7753183363E-01    4.1601054195E-02   -6.3367694344E+03    4.1917025987E-02
    7.2079990003E-02    1.1745164670E+00    1.7048156347E-03   -6.3385505774E+03    4.8199664508E-02
    7.2099990003E-02    1.1553667365E+00    2.5539567928E-01   -6.3400499041E+03    5.5280211908E-02
    7.2119990003E-02    8.0527957657E-01    2.1621842339E-01   -6.3417712181E+03    6.6720561812E-02
    7.2139990003E-02    7.6090557035E-01   -3.8175858755E-01   -6.3439021558E+03    7.4024648865E-02
    7.2159990003E-02    1.2466069550E+00   -2.5373549821E-01   -6.3456208659E+03    7.6722766165E-02
    7.2179990003E-02    1.1018053685E+00    4.3839502998E-01   -6.3470682262E+03    7.3102190624E-02
    7.2199990003E-02    6.9512388654E-01    1.2974831580E-01   -6.3490381179E+03    7.1697846792E-02
    7.2219990003E-02    1.0331711906E+00   -2.2358566154E-01   -6.3509995863E+03    6.4261162233E-02
    7.2239990003E-02    1.1904126230E+00   -7.8861717696E-02   -6.3525503660E+03    5.5421595792E-02
    7.2259990003E-02    1.0317767071E+00    1.0773242460E-01   -6.3541311172E+03    5.6281225047E-02
    7.2279990003E-02    8.0290198677E-01   -2.6898591225E-01   -6.3561198776E+03    5.5707952521E-02
    7.2299990003E-02    1.2183912692E+00   -2.4263285850E-01   -6.3579115782E+03    5.9730798659E-02
    7.2319990003E-02    1.1327281179E+00    4.4723694100E-01   -6.3593489785E+03    6.0808025535E-02
    7.2339990003E-02    6.0071637578E-01    2.0368935899E-01   -6.3612578062E+03    6.5141911445E-02
    7.2359990003E-02    8.5389243612E-01   -4.1345962986E-01   -6.3633968999E+03    5.1418759227E-02
    7.2379990003E-02    1.2331256421E+00   -2.3891805536E-01   -6.3650123307E+03    3.7528189096E-02
    7.2399990003E-02    1.0729082483E+00    2.2597560375E-01   -6.3665413462E+03    2.9002495593E-02
    7.2419990003E-02    9.4786340739E-01   -7.0621758300E-02   -6.3684582167E+03    2.6547835225E-02
    7.2439990003E-02    1.2098378255E+00   -3.1139577163E-03   -6.3701934536E+03    3.5796142564E-02
    7.2459990003E-02    1.1167655016E+00    3.6997705726E-01   -6.3716822340E+03    4.4669968977E-02
    7.2479990003E-02    6.7626410286E-01    1.7966850324E-01   -6.3735083911E+03    6.0830512334E-02
    7.2499990003E-02    8.1946926337E-01   -4.5245566225E-01   -6.3756778225E+03    6.5968836742E-02
    7.2519990002E-02    1.2642485096E+00   -1.6291246927E-01   -6.3773029809E+03    6.7099250369E-02
    7.2539990002E-02    1.0260060619E+00    4.2926281512E-01   -6.3788003062E+03    6.0999571381E-02
    7.2559990002E-02    7.7534554369E-01    2.7083434771E-02   -6.3808209223E+03    6.0229237855E-02
    7.2579990002E-02    1.1256890912E+00   -1.0732219608E-01   -6.3826548366E+03    5.7750544712E-02
    7.2599990002E-02    1.1711991008E+00    8.8179036888E-02   -6.3841535228E+03    5.5936366495E-02
    7.2619990002E-02    8.8741631048E-01    1.4572978665E-01   -6.3858343844E+03    6.2977375909E-02
    7.2639990002E-02    8.1596725614E-01   -3.7152651418E-01   -6.3879109667E+03    6.5875738299E-02
    7.2659990002E-02    1.2535381886E+00   -1.8001601951E-01   -6.3896082785E+03    7.0754354632E-02
    7.2679990002E-02    1.0658357003E+00    4.7345931584E-01   -6.3910676825E+03    6.8113987763E-02
    7.2699990002E-02    6.3112449227E-01    9.7452400325E-02   -6.3930743488E+03    6.7914140471E-02
    7.2719990002E-02    9.7626293757E-01   -3.5257870541E-01   -6.3950876395E+03    5.4869445276E-02
    7.2739990002E-02    1.2179577999E+00   -1.8617971981E-01   -6.3966566596E+03    4.3342899043E-02
    7.2759990002E-02    1.0663215378E+00    1.1031698608E-01   -6.3982253279E+03    3.5448486685E-02
    7.2779990002E-02    9.2087441492E-01   -2.1086346656E-01   -6.4001532139E+03    3.0336951589E-02
    7.2799990002E-02    1.2321287041E+00   -5.4132534983E-02   -6.4018716670E+03    3.8443127236E-02
    7.2819990002E-02    1.0663909715E+00    4.6039691456E-01   -6.4033479008E+03    4.5122016166E-02
    7.2839990002E-02    5.7351392341E-01    1.1186972552E-01   -6.4052849116E+03    6.2311788388E-02
    7.2859990002E-02    8.8809451278E-01   -4.9631865329E-01   -6.4074330071E+03    5.9683891001E-02
    7.2879990002E-02    1.2657736096E+00   -9.0397383583E-02   -6.4089870674E+03    5.7195128080E-02
    7.2899990002E-02    9.7138595219E-01    3.7800864555E-01   -6.4105498767E+03    4.9319797753E-02
    7.2919990002E-02    9.0148228838E-01   -3.3704933468E-02   -6.4125602341E+03    5.0461811960E-02
    7.2939990002E-02    1.1832789924E+00    2.8771554428E-02   -6.4142715510E+03    5.3511937031E-02
    7.2959990002E-02    1.1247063141E+00    2.2959762796E-01   -6.4157719534E+03    6.0577375061E-02
    7.2979990002E-02    7.5709220860E-01    1.0995169936E-01   -6.4175654176E+03    7.0914267650E-02
    7.2999990002E-02    8.7345257093E-01   -4.5065631950E-01   -6.4196773859E+03    7.5209886246E-02
    7.3019990002E-02    1.2737219310E+00   -8.6400471168E-02   -6.4212797634E+03    8.0941019289E-02
    7.3039990002E-02    9.8928475130E-01    4.7684680008E-01   -6.4227870426E+03    7.5092307139E-02
    7.3059990002E-02    6.9889742755E-01    3.9560270176E-03   -6.4248510877E+03    7.2673714459E-02
    7.3079990002E-02    1.0749121294E+00   -2.5096769146E-01   -6.4267397940E+03    6.2662275408E-02
    7.3099990002E-02    1.1948768265E+00   -8.0687914444E-02   -6.4282616796E+03    5.3785689985E-02
    7.3119990002E-02    9.8367056936E-01    7.8388054767E-02   -6.4298941031E+03    5.1145754528E-02
    7.3139990002E-02    8.8737614123E-01   -3.3331183377E-01   -6.4318995326E+03    4.9100703665E-02
    7.3159990002E-02    1.2556758410E+00   -6.9233310453E-02   -6.4335683604E+03    5.6302248703E-02
    7.3179990002E-02    1.0134654609E+00    5.0141975941E-01   -6.4350495230E+03    5.7626135232E-02
    7.3199990002E-02    5.5529884024E-01    4.2050029174E-02   -6.4370892737E+03    6.3803429805E-02
    7.3219990002E-02    9.5941064697E-01   -4.7470555982E-01   -6.4391483998E+03    4.8509801755E-02
    7.3239990002E-02    1.2503406309E+00   -8.0765809581E-02   -6.4406754259E+03    3.9940318386E-02
    7.3259990002E-02    9.7309635897E-01    2.6741539946E-01   -6.4422933665E+03    3.0851841040E-02
    7.3279990002E-02    1.0032005971E+00   -9.1095215121E-02   -6.4442451456E+03    3.3585144618E-02
    7.3299990002E-02    1.2193001249E+00    1.1349914963E-01   -6.4458828908E+03    4.2084922537E-02
    7.3319990002E-02    1.0557259294E+00    3.4893664671E-01   -6.4474057699E+03    5.2328040185E-02
    7.3339990002E-02    6.5392241114E-01    4.0285513012E-02   -6.4493175510E+03    6.6065477935E-02
    7.3359990002E-02    9.4803518198E-01   -4.8673701218E-01   -6.4514190735E+03    6.8468960563E-02
    7.3379990002E-02    1.2725339088E+00    1.7902171341E-02   -6.4529467005E+03    7.2512988839E-02
    7.3399990002E-02    9.1342387151E-01    4.3306620255E-01   -6.4545302131E+03    6.5822587394E-02
    7.3419990002E-02    8.0482680144E-01   -7.3640011662E-02   -6.4566073041E+03    6.3842411459E-02
    7.3439990002E-02    1.1441684924E+00   -1.2495205766E-01   -6.4583755862E+03    5.7923650837E-02
    7.3459990002E-02    1.1584900254E+00    6.8282499288E-02   -6.4598655477E+03    5.6333344804E-02
    7.3479990002E-02    8.4026869141E-01    6.7207913058E-02   -6.4616074601E+03    5.9816274524E-02
    7.3499990002E-02    9.2098071259E-01   -4.1607935049E-01   -6.4636679038E+03    6.0714899334E-02
    7.3519990002E-02    1.2705477292E+00   -2.2609879751E-03   -6.4652547044E+03    6.7735828012E-02
    7.3539990002E-02    9.4122730114E-01    4.9249699587E-01   -6.4667823782E+03    6.5096203892E-02
    7.3559990002E-02    6.2459551804E-01   -4.7938248759E-02   -6.4688929994E+03    6.3506523435E-02
    7.3579990002E-02    1.0447245639E+00   -3.9234478992E-01   -6.4708266785E+03    4.7430461063E-02
    7.3599990002E-02    1.2288160797E+00   -9.2249391664E-02   -6.4723436026E+03    3.7154611203E-02
    7.3619990002E-02    9.9189044738E-01    1.3175131069E-01   -6.4739937183E+03    2.7725258072E-02
    7.3639990002E-02    1.0057870167E+00   -2.1781349341E-01   -6.4759308429E+03    2.7290525672E-02
    7.3659990002E-02    1.2426556164E+00    1.3045578898E-01   -6.4775340590E+03    3.6725055806E-02
    7.3679990002E-02    9.6279580631E-01    4.4027136257E-01   -6.4790775015E+03    4.7614480995E-02
    7.3699990002E-02    5.7809147945E-01   -5.5188964735E-02   -6.4811198137E+03    6.4236991910E-02
    7.3719990002E-02    1.0255836207E+00   -4.9634281506E-01   -6.4831577308E+03    6.1525613409E-02
    7.3739990002E-02    1.2571308583E+00    1.0239058145E-01   -6.4846331948E+03    6.2126276604E-02
    7.3759990002E-02    8.6586826305E-01    3.5425310062E-01   -6.4863061719E+03    5.5600685975E-02
    7.3779990002E-02    9.4914766457E-01   -9.4616445588E-02   -6.4883380910E+03    5.6077430881E-02
    7.3799990002E-02    1.1853352142E+00    3.1981687629E-02   -6.4899882679E+03    5.5346191065E-02
    7.3819990002E-02    1.0928790309E+00    2.0592867851E-01   -6.4914997672E+03    6.2477719175E-02
    7.3839990002E-02    7.2316901698E-01   -5.3193420708E-03   -6.4933674739E+03    7.0447428672E-02
    7.3859990002E-02    9.9332533778E-01   -4.6610038179E-01   -6.4954234274E+03    7.2535705465E-02
    7.3879990002E-02    1.2727774528E+00    9.8055273370E-02   -6.4969321582E+03    7.8676086466E-02
    7.3899990002E-02    8.6565469229E-01    4.5647524834E-01   -6.4985340376E+03    7.3805469201E-02
    7.3919990002E-02    7.2922859169E-01   -1.2125841819E-01   -6.5006603954E+03    6.9095725078E-02
    7.3939990002E-02    1.1141555503E+00   -2.7952382922E-01   -6.5024723510E+03    5.7371693124E-02
    7.3959990002E-02    1.1969695625E+00   -5.7772279860E-02   -6.5039763750E+03    4.8883644918E-02
    7.3979990002E-02    9.3611259962E-01    3.2848784162E-02   -6.5056737462E+03    4.2813625350E-02
    7.3999990002E-02    9.9364455986E-01   -3.4306936107E-01   -6.5076554692E+03    4.1181316487E-02
    7.4019990002E-02    1.2600384030E+00    1.3097698778E-01   -6.5092135683E+03    4.9442110409E-02
    7.4039990002E-02    8.7397280874E-01    4.8855371121E-01   -6.5107781969E+03    5.5918898246E-02
    7.4059990002E-02    5.5974784660E-01   -1.3602001204E-01   -6.5129287150E+03    6.3611786076E-02
    7.4079990002E-02    1.0806486941E+00   -4.7500503628E-01   -6.5148682629E+03    4.9961100315E-02
    7.4099990002E-02    1.2317814153E+00    1.1994726560E-01   -6.5163283659E+03    4.5676980513E-02
    7.4119990002E-02    8.8248419338E-01    2.4526028662E-01   -6.5180685305E+03    3.8949823416E-02
    7.4139990002E-02    1.0662248141E+00   -8.0916889624E-02   -6.5200124926E+03    4.3737113820E-02
    7.4159990002E-02    1.2062235105E+00    1.6598346408E-01   -6.5215834081E+03    4.9492583135E-02
    7.4179990002E-02    9.9889669169E-01    3.1003624053E-01   -6.5231476913E+03    6.0262557076E-02
    7.4199990002E-02    6.5284608812E-01   -1.0017086807E-01   -6.5251357675E+03    7.1727345530E-02
    7.4219990002E-02    1.0705894882E+00   -4.6860730850E-01   -6.5271389486E+03    7.2760390754E-02
    7.4239990002E-02    1.2556973308E+00    1.9458124475E-01   -6.5285969914E+03    7.6219172420E-02
    7.4259990002E-02    8.0519583582E-01    3.8629853936E-01   -6.5302904858E+03    7.1625021246E-02
    7.4279990002E-02    8.5263686860E-01   -1.6104493541E-01   -6.5323861794E+03    6.7161940135E-02
    7.4299990002E-02    1.1625629527E+00   -1.4704454760E-01   -6.5340891464E+03    5.8314226842E-02
    7.4319990002E-02    1.1453549089E+00    5.7424785306E-02   -6.5355863180E+03    5.6413635931E-02
    7.4339990002E-02    8.0821757885E-01   -2.6358810197E-02   -6.5373923222E+03    5.6571345686E-02
    7.4359990002E-02    1.0316315333E+00   -4.1069789555E-01   -6.5393997152E+03    5.6799662101E-02
    7.4379990002E-02    1.2618972289E+00    1.7965058920E-01   -6.5408988277E+03    6.3230670834E-02
    7.4399990002E-02    8.0860130627E-01    4.5777730087E-01   -6.5425229830E+03    6.4156830169E-02
    7.4419990001E-02    6.4507742250E-01   -1.9633256599E-01   -6.5447082392E+03    5.9891004344E-02
    7.4439990001E-02    1.1210804277E+00   -4.0150561250E-01   -6.5465462042E+03    4.1929185096E-02
    7.4459990001E-02    1.2086754766E+00    6.2978342483E-02   -6.5480227191E+03    3.3982988813E-02
    7.4479990001E-02    9.3322164008E-01    1.0942773862E-01   -6.5497830901E+03    2.5422662975E-02
    7.4499990001E-02    1.0956818064E+00   -1.6510355810E-01   -6.5516822076E+03    3.0286050138E-02
    7.4519990001E-02    1.2204435779E+00    2.4709446327E-01   -6.5532100386E+03    3.8689789896E-02
    7.4539990001E-02    8.7498284415E-01    3.7912917247E-01   -6.5548297993E+03    5.2541863081E-02
    7.4559990001E-02    6.2101694201E-01   -2.0491250880E-01   -6.5569439944E+03    6.5867263447E-02
    7.4579990001E-02    1.1384710402E+00   -4.3714952837E-01   -6.5588550823E+03    6.3711114840E-02
    7.4599990001E-02    1.2181652051E+00    2.6426613856E-01   -6.5602902318E+03    6.3463554950E-02
    7.4619990001E-02    7.8128542009E-01    2.8218071314E-01   -6.5620842392E+03    5.9944511515E-02
    7.4639990001E-02    9.9742992016E-01   -1.3952103327E-01   -6.5641003248E+03    5.8670014858E-02
    7.4659990001E-02    1.1881227395E+00    1.7862531043E-02   -6.5656976841E+03    5.4163852549E-02
    7.4679990001E-02    1.0589081892E+00    1.8376865833E-01   -6.5672337031E+03    6.1280780710E-02
    7.4699990001E-02    7.1837026793E-01   -1.2271333545E-01   -6.5691715327E+03    6.6185116688E-02
    7.4719990001E-02    1.1024481412E+00   -4.2291949557E-01   -6.5711382080E+03    6.7442866260E-02
    7.4739990001E-02    1.2437163533E+00    2.6300414604E-01   -6.5725880911E+03    7.1261315094E-02
    7.4759990001E-02    7.4931442452E-01    3.8408285381E-01   -6.5743061289E+03    6.9884305441E-02
    7.4779990001E-02    7.7329240660E-01   -2.3902963137E-01   -6.5764589382E+03    6.2134894884E-02
    7.4799990001E-02    1.1550318318E+00   -3.0022030132E-01   -6.5781941856E+03    4.9287813588E-02
    7.4819990001E-02    1.1831723035E+00    1.2971061177E-02   -6.5796889119E+03    4.1008742156E-02
    7.4839990001E-02    9.1020255505E-01   -2.5680275620E-02   -6.5814686938E+03    3.2685897377E-02
    7.4859990001E-02    1.1012393055E+00   -2.7756329674E-01   -6.5833840209E+03    3.4382363180E-02
    7.4879990001E-02    1.2274676271E+00    2.9632741154E-01   -6.5848703097E+03    4.1681091335E-02
    7.4899990001E-02    7.5052665641E-01    4.0151661056E-01   -6.5865432106E+03    5.5736696101E-02
    7.4919990001E-02    6.2976632726E-01   -3.0125654133E-01   -6.5887527475E+03    6.3304692941E-02
    7.4939990001E-02    1.1848081206E+00   -3.9646079847E-01   -6.5905583906E+03    5.4723408824E-02
    7.4959990001E-02    1.1738380812E+00    2.8748232743E-01   -6.5919976486E+03    5.0923057570E-02
    7.4979990001E-02    8.1968979113E-01    1.7409352482E-01   -6.5938626684E+03    4.8095798147E-02
    7.4999990001E-02    1.1109608494E+00   -6.2111575238E-02   -6.5957650706E+03    5.1784444434E-02
    7.5019990001E-02    1.1869251357E+00    1.7336087749E-01   -6.5972958660E+03    5.5496268755E-02
    7.5039990001E-02    9.4132930935E-01    2.6012798509E-01   -6.5989087061E+03    6.6005254264E-02
    7.5059990001E-02    6.8581243125E-01   -2.3431703022E-01   -6.6009598109E+03    7.4902423548E-02
    7.5079990001E-02    1.1703939094E+00   -3.9500489094E-01   -6.6028417628E+03    7.6353532077E-02
    7.5099990001E-02    1.2073971960E+00    3.4043447283E-01   -6.6042681095E+03    7.7141423280E-02
    7.5119990001E-02    7.1579561266E-01    2.9394223723E-01   -6.6060863037E+03    7.4963309424E-02
    7.5139990001E-02    9.0870016137E-01   -2.3378254362E-01   -6.6081624933E+03    6.7375501311E-02
    7.5159990001E-02    1.1789099023E+00   -1.7216252614E-01   -6.6098045523E+03    5.6973537938E-02
    7.5179990001E-02    1.1273481775E+00    5.4715772519E-02   -6.6113208990E+03    5.3831115009E-02
    7.5199990001E-02    8.0819495686E-01   -1.2641180150E-01   -6.6131913109E+03    5.1037803916E-02
    7.5219990001E-02    1.1330989034E+00   -3.4223906855E-01   -6.6151097498E+03    5.2493502472E-02
    7.5239990001E-02    1.2199242187E+00    3.3680659816E-01   -6.6165577839E+03    5.7058309691E-02
    7.5259990001E-02    6.8160795622E-01    3.6624575984E-01   -6.6182995211E+03    6.3342438692E-02
    7.5279990001E-02    7.0294899722E-01   -3.4187339376E-01   -6.6205164376E+03    5.6815671191E-02
    7.5299990001E-02    1.1992018765E+00   -3.4973032768E-01   -6.6222447004E+03    4.0547190507E-02
    7.5319990001E-02    1.1449552444E+00    2.2469504613E-01   -6.6237147443E+03    3.3576356235E-02
    7.5339990001E-02    9.0693475858E-01    5.8745839380E-02   -6.6255869348E+03    2.9573042924E-02
    7.5359990001E-02    1.1641628245E+00   -6.0362485868E-02   -6.6274092548E+03    3.7775718287E-02
    7.5379990001E-02    1.1771039353E+00    2.9369944713E-01   -6.6289069942E+03    4.5814177063E-02
    7.5399990001E-02    8.0475216325E-01    2.8908913980E-01   -6.6306028972E+03    5.9289226800E-02
    7.5419990001E-02    7.0005086762E-01   -3.3243970093E-01   -6.6327511860E+03    6.8717650600E-02
    7.5439990001E-02    1.2176907861E+00   -3.3063637566E-01   -6.6345319970E+03    6.8701396829E-02
    7.5459990001E-02    1.1482730559E+00    3.8349467463E-01   -6.6359667252E+03    6.6225782524E-02
    7.5479990001E-02    7.2764275774E-01    1.8069865793E-01   -6.6378796307E+03    6.4653726379E-02
    7.5499990001E-02    1.0375116712E+00   -1.7454644929E-01   -6.6398508588E+03    6.0903669007E-02
    7.5519990001E-02    1.1894781215E+00   -1.1774476628E-02   -6.6414056064E+03    5.4185008250E-02
    7.5539990001E-02    1.0220672293E+00    1.5379876155E-01   -6.6429783783E+03    5.9606119185E-02
    7.5559990001E-02    7.5243662024E-01   -2.3312496698E-01   -6.6449721412E+03    6.1807396320E-02
    7.5579990001E-02    1.1871735549E+00   -3.2746373703E-01   -6.6468263529E+03    6.4176203577E-02
    7.5599990001E-02    1.1819653608E+00    3.9059077576E-01   -6.6482564634E+03    6.5498137370E-02
    7.5619990001E-02    6.5417231345E-01    2.7227094279E-01   -6.6501019769E+03    6.6957290522E-02
    7.5639990001E-02    8.3424268200E-01   -3.4089147438E-01   -6.6522411660E+03    5.5498704520E-02
    7.5659990001E-02    1.2015770797E+00   -2.8025740606E-01   -6.6538994038E+03    4.1305267604E-02
    7.5679990001E-02    1.1331590148E+00    1.2296378298E-01   -6.6554066360E+03    3.3174757704E-02
    7.5699990001E-02    9.1811783940E-01   -8.2782211179E-02   -6.6572723503E+03    2.6281549752E-02
    7.5719990001E-02    1.1837741709E+00   -1.3974217652E-01   -6.6590868252E+03    3.3201369478E-02
    7.5739990001E-02    1.1599453468E+00    3.8416341092E-01   -6.6605557584E+03    4.0562194665E-02
    7.5759990001E-02    6.7097829802E-01    2.6759385396E-01   -6.6623402684E+03    5.8259152771E-02
    7.5779990001E-02    7.4501150557E-01   -4.1958010542E-01   -6.6645460365E+03    6.4106338939E-02
    7.5799990001E-02    1.2465526906E+00   -2.6050570787E-01   -6.6662263677E+03    6.0942942991E-02
    7.5819990001E-02    1.0837387491E+00    3.8811640989E-01   -6.6676944618E+03    5.5492875913E-02
    7.5839990001E-02    7.9937045432E-01    7.7001417283E-02   -6.6696634393E+03    5.4912617437E-02
    7.5859990001E-02    1.1352994833E+00   -5.8788738478E-02   -6.6715047496E+03    5.5955734670E-02
    7.5879990001E-02    1.1716986236E+00    1.5403564626E-01   -6.6730104901E+03    5.8021661110E-02
    7.5899990001E-02    8.8336776587E-01    1.9695934246E-01   -6.6746803059E+03    6.7714505850E-02
    7.5919990001E-02    7.5844835323E-01   -3.4452531648E-01   -6.6767688455E+03    7.3560451058E-02
    7.5939990001E-02    1.2359896984E+00   -2.7114018883E-01   -6.6785234721E+03    7.6894218030E-02
    7.5959990001E-02    1.1238728099E+00    4.3955756984E-01   -6.6799606051E+03    7.4677424455E-02
    7.5979990001E-02    6.6224426808E-01    1.6885610945E-01   -6.6819056127E+03    7.3698260910E-02
    7.5999990001E-02    9.6769944076E-01   -2.9050730427E-01   -6.6839298357E+03    6.3298000733E-02
    7.6019990001E-02    1.1970158353E+00   -1.7837367281E-01   -6.6855184064E+03    5.2491657019E-02
    7.6039990001E-02    1.0932327796E+00    7.0163634192E-02   -6.6870661169E+03    4.7597960434E-02
    7.6059990001E-02    8.5055397418E-01   -2.1251932268E-01   -6.6889903746E+03    4.2820577476E-02
    7.6079990001E-02    1.2080694658E+00   -2.0583084572E-01   -6.6907923367E+03    4.7674757896E-02
    7.6099990001E-02    1.1356685402E+00    4.4557233411E-01   -6.6922365919E+03    5.1458025088E-02
    7.6119990001E-02    5.8595456551E-01    2.2064014054E-01   -6.6941095023E+03    6.3338738485E-02
    7.6139990001E-02    8.0821406083E-01   -4.5620180595E-01   -6.6962983100E+03    5.5942480898E-02
    7.6159990001E-02    1.2498991335E+00   -2.1828000120E-01   -6.6979137913E+03    4.5911112816E-02
    7.6179990001E-02    1.0462918772E+00    3.2566557982E-01   -6.6994298655E+03    3.8112896399E-02
    7.6199990001E-02    9.1649615759E-01   -3.1989477558E-03   -6.7013867679E+03    3.8537769480E-02
    7.6219990001E-02    1.1922840854E+00    3.0288069448E-02   -6.7031234820E+03    4.5804985409E-02
    7.6239990001E-02    1.1343533126E+00    2.8789886182E-01   -6.7046217253E+03    5.4047615333E-02
    7.6259990001E-02    7.5273243539E-01    1.7950354863E-01   -6.7063939284E+03    6.6142691935E-02
    7.6279990001E-02    8.0691963569E-01   -4.2574812235E-01   -6.7085362881E+03    7.2264831253E-02
    7.6299990001E-02    1.2623677186E+00   -1.8315998551E-01   -6.7101941823E+03    7.5588151347E-02
    7.6319990000E-02    1.0497839384E+00    4.5318116762E-01   -6.7116686782E+03    7.0481400686E-02
    7.6339990000E-02    7.1366044277E-01    6.4243523009E-02   -6.7136845763E+03    6.9002955075E-02
    7.6359990000E-02    1.0740251690E+00   -1.9998710886E-01   -6.7155907137E+03    6.2288890023E-02
    7.6379990000E-02    1.1870190647E+00   -3.3407623646E-02   -6.7171140584E+03    5.4892271252E-02
    7.6399990000E-02    9.7791770567E-01    1.1582660714E-01   -6.7187349968E+03    5.7187443665E-02
    7.6419990000E-02    8.2263411843E-01   -3.2153395173E-01   -6.7207605133E+03    5.7305697086E-02
    7.6439990000E-02    1.2415707755E+00   -1.8536017499E-01   -6.7224930300E+03    6.2379937096E-02
    7.6459990000E-02    1.0847899348E+00    4.7438853811E-01   -6.7239438683E+03    6.2033222527E-02
    7.6479990000E-02    5.9241862237E-01    1.3129793176E-01   -6.7259200496E+03    6.4885712819E-02
    7.6499990000E-02    9.1565251386E-01   -4.1776441871E-01   -6.7280049557E+03    4.9611631865E-02
    7.6519990000E-02    1.2363515879E+00   -1.9543222662E-01   -6.7295854198E+03    3.6891228946E-02
    7.6539990000E-02    1.0482070213E+00    2.0577929228E-01   -6.7311462160E+03    2.7931690339E-02
    7.6559990000E-02    9.6134177093E-01   -1.2113189552E-01   -6.7330719336E+03    2.5951138332E-02
    7.6579990000E-02    1.2232761999E+00    2.6119249945E-02   -6.7347723436E+03    3.5379093298E-02
    7.6599990000E-02    1.0814768211E+00    3.9814006026E-01   -6.7362679088E+03    4.4536442723E-02
    7.6619990000E-02    6.3446711626E-01    1.1964453950E-01   -6.7381547056E+03    6.1620270715E-02
    7.6639990000E-02    8.7700949179E-01   -4.8133159818E-01   -6.7403052236E+03    6.4537348792E-02
    7.6659990000E-02    1.2697916248E+00   -8.6946821452E-02   -6.7418776514E+03    6.5990888532E-02
    7.6679990000E-02    9.7479505611E-01    4.2209161987E-01   -6.7434174433E+03    5.8968978870E-02
    7.6699990000E-02    8.1790771908E-01   -2.3293576369E-02   -6.7454581541E+03    5.8512027702E-02
    7.6719990000E-02    1.1504894559E+00   -6.8057363050E-02   -6.7472343633E+03    5.6495371458E-02
    7.6739990000E-02    1.1545423320E+00    1.2903192965E-01   -6.7487258485E+03    5.7647263486E-02
    7.6759990000E-02    8.3046519759E-01    1.1751321176E-01   -6.7504593458E+03    6.4953871536E-02
    7.6779990000E-02    8.5980154670E-01   -4.1420717581E-01   -6.7525487139E+03    6.7869866086E-02
    7.6799990000E-02    1.2673083975E+00   -1.0543870165E-01   -6.7541844494E+03    7.3770271614E-02
    7.6819990000E-02    1.0092056836E+00    4.8497061959E-01   -6.7556739910E+03    6.9735117576E-02
    7.6839990000E-02    6.4749868977E-01    2.7921952710E-02   -6.7577316074E+03    6.8304629557E-02
    7.6859990000E-02    1.0257889641E+00   -3.3633827009E-01   -6.7596847391E+03    5.5478566615E-02
    7.6879990000E-02    1.2160688196E+00   -1.4731376661E-01   -6.7612274777E+03    4.4866528719E-02
    7.6899990000E-02    1.0349427533E+00    9.2714375951E-02   -6.7628286271E+03    3.7432502430E-02
    7.6919990000E-02    9.3054468988E-01   -2.5926200180E-01   -6.7647794248E+03    3.3272568285E-02
    7.6939990000E-02    1.2456755404E+00   -9.9050253137E-03   -6.7664529438E+03    4.1734104745E-02
    7.6959990000E-02    1.0167829687E+00    4.8200722225E-01   -6.7679446892E+03    4.8095992679E-02
    7.6979990000E-02    5.5174563014E-01    4.1397521092E-02   -6.7699486746E+03    6.3492919857E-02
    7.6999990000E-02    9.4774447576E-01   -5.0480956458E-01   -6.7720467712E+03    5.7048772088E-02
    7.7019990000E-02    1.2624086326E+00   -2.3267012330E-02   -6.7735631906E+03    5.4297917608E-02
    7.7039990000E-02    9.3465122494E-01    3.4971522869E-01   -6.7751759017E+03    4.6220395945E-02
    7.7059990000E-02    9.5555258459E-01   -5.9096611161E-02   -6.7771785035E+03    4.8265055132E-02
    7.7079990000E-02    1.1954120713E+00    6.9716897935E-02   -6.7788421065E+03    5.2279444457E-02
    7.7099990000E-02    1.0956456744E+00    2.5929393196E-01   -6.7803536018E+03    6.0873719521E-02
    7.7119990000E-02    7.1423924981E-01    5.6641274941E-02   -6.7822030365E+03    7.1662593817E-02
    7.7139990000E-02    9.3006101858E-01   -4.7342002585E-01   -6.7843005402E+03    7.5058699988E-02
    7.7159990000E-02    1.2765908171E+00   -2.0442333116E-03   -6.7858502653E+03    8.1023191815E-02
    7.7179990000E-02    9.3119239187E-01    4.6650465068E-01   -6.7874033862E+03    7.4647627192E-02
    7.7199990000E-02    7.3521478586E-01   -5.5320806181E-02   -6.7894939826E+03    7.1489048105E-02
    7.7219990000E-02    1.1078847864E+00   -2.2259858532E-01   -6.7913257782E+03    6.1943892619E-02
    7.7239990000E-02    1.1858236238E+00   -3.7334913350E-02   -6.7928309849E+03    5.4622971893E-02
    7.7259990000E-02    9.2698531514E-01    6.4379338534E-02   -6.7945095950E+03    5.3022466734E-02
    7.7279990000E-02    9.2059338976E-01   -3.7128570834E-01   -6.7965329180E+03    5.1880615772E-02
    7.7299990000E-02    1.2650595467E+00   -1.0466527053E-03   -6.7981462790E+03    5.9574010239E-02
    7.7319990000E-02    9.5493269356E-01    5.0472034637E-01   -6.7996587164E+03    6.0158375042E-02
    7.7339990000E-02    5.6790591148E-01   -3.1173330128E-02   -6.8017575144E+03    6.3175405419E-02
    7.7359990000E-02    1.0148425522E+00   -4.6102078844E-01   -6.8037507382E+03    4.5949782839E-02
    7.7379990000E-02    1.2423631106E+00   -3.3779139415E-02   -6.8052547178E+03    3.7645251073E-02
    7.7399990000E-02    9.5617705926E-01    2.2580395363E-01   -6.8069164606E+03    2.8488209953E-02
    7.7419990000E-02    1.0319779303E+00   -1.2127707042E-01   -6.8088553640E+03    3.1917151160E-02
    7.7439990000E-02    1.2249500464E+00    1.5105903544E-01   -6.8104575450E+03    4.0614847504E-02
    7.7459990000E-02    1.0101580421E+00    3.6985418261E-01   -6.8120014677E+03    5.1742292433E-02
    7.7479990000E-02    6.2727866143E-01   -2.8534701898E-02   -6.8139759708E+03    6.6082434893E-02
    7.7499990000E-02    1.0084686220E+00   -4.8877506943E-01   -6.8160352771E+03    6.6840602420E-02
    7.7519990000E-02    1.2652587679E+00    9.8837646245E-02   -6.8175233583E+03    7.0026795867E-02
    7.7539990000E-02    8.6383779868E-01    4.0048425273E-01   -6.8191652061E+03    6.3919089465E-02
    7.7559990000E-02    8.5984055246E-01   -1.1120589259E-01   -6.8212408176E+03    6.1971948294E-02
    7.7579990000E-02    1.1638530473E+00   -8.3319354355E-02   -6.8229532698E+03    5.6280960053E-02
    7.7599990000E-02    1.1364225965E+00    1.0987488672E-01   -6.8244455421E+03    5.7847542824E-02
    7.7619990000E-02    7.8981960815E-01    2.2368463675E-02   -6.8262453714E+03    6.1651263037E-02
    7.7639990000E-02    9.7287984440E-01   -4.3622317119E-01   -6.8282963424E+03    6.2740973727E-02
    7.7659990000E-02    1.2712382016E+00    7.9170774541E-02   -6.8298316629E+03    6.9508131518E-02
    7.7679990000E-02    8.8019781050E-01    4.7589101948E-01   -6.8314072384E+03    6.6751481244E-02
    7.7699990000E-02    6.5994524119E-01   -1.1416456969E-01   -6.8335496694E+03    6.3107437898E-02
    7.7719990000E-02    1.0859452714E+00   -3.6750675359E-01   -6.8354199730E+03    4.7867743545E-02
    7.7739990000E-02    1.2190131243E+00   -5.7908597650E-02   -6.8369229171E+03    3.8201366194E-02
    7.7759990000E-02    9.7102990342E-01    8.7768180240E-02   -6.8386099547E+03    2.8794627794E-02
    7.7779990000E-02    1.0283922069E+00   -2.4921843260E-01   -6.8405473415E+03    2.8803286066E-02
    7.7799990000E-02    1.2445924091E+00    1.7657583633E-01   -6.8421121061E+03    3.7828427105E-02
    7.7819990000E-02    9.0228014914E-01    4.4511613259E-01   -6.8436861026E+03    4.9623027032E-02
    7.7839990000E-02    5.7558070746E-01   -1.3044011136E-01   -6.8457908576E+03    6.4573138518E-02
    7.7859990000E-02    1.0810096005E+00   -4.7987418199E-01   -6.8477632659E+03    5.9625620535E-02
    7.7879990000E-02    1.2403469208E+00    1.6866205948E-01   -6.8492157726E+03    5.8994109479E-02
    7.7899990000E-02    8.3728022380E-01    3.0683841769E-01   -6.8509492209E+03    5.3478988522E-02
    7.7919990000E-02    1.0070895992E+00   -9.7017336475E-02   -6.8529529678E+03    5.4722906996E-02
    7.7939990000E-02    1.1916238260E+00    7.7774138336E-02   -6.8545585221E+03    5.5237490036E-02
    7.7959990000E-02    1.0554559948E+00    2.3304213383E-01   -6.8560929786E+03    6.3995748077E-02
    7.7979990000E-02    6.9442584982E-01   -7.0323514821E-02   -6.8580189807E+03    7.2561607117E-02
    7.7999990000E-02    1.0511744609E+00   -4.6308320559E-01   -6.8600367487E+03    7.4229838162E-02
    7.8019990000E-02    1.2633131073E+00    1.7930794249E-01   -6.8615079007E+03    7.9152864451E-02
    7.8039990000E-02    8.1161985498E-01    4.2102509478E-01   -6.8631692995E+03    7.4986699928E-02
    7.8059990000E-02    7.7858585788E-01   -1.6853168229E-01   -6.8652975014E+03    6.9106718664E-02
    7.8079990000E-02    1.1402098228E+00   -2.4822837121E-01   -6.8670542122E+03    5.7910431484E-02
    7.8099990000E-02    1.1815647278E+00   -2.1220739287E-02   -6.8685532645E+03    5.0778982553E-02
    7.8119990000E-02    8.8796554494E-01   -4.8779583582E-03   -6.8702990190E+03    4.5628576456E-02
    7.8139990000E-02    1.0314218720E+00   -3.6133980914E-01   -6.8722787716E+03    4.4958355670E-02
    7.8159990000E-02    1.2570069712E+00    1.9310700474E-01   -6.8737948030E+03    5.2411578133E-02
    7.8179990000E-02    8.1243041423E-01    4.6880480411E-01   -6.8754030710E+03    5.8880241573E-02
    7.8199990000E-02    5.8915647488E-01   -2.0518103334E-01   -6.8775949717E+03    6.2065806696E-02
    7.8219989999E-02    1.1247545467E+00   -4.4442068458E-01   -6.8794662013E+03    4.6436101680E-02
    7.8239989999E-02    1.2101304890E+00    1.6141238277E-01   -6.8809195072E+03    4.1226493445E-02
    7.8259989999E-02    8.8151779234E-01    1.8978123503E-01   -6.8827068731E+03    3.5253141235E-02
    7.8279989999E-02    1.1009205903E+00   -8.1953209492E-02   -6.8846152031E+03    4.1246787981E-02
    7.8299989999E-02    1.2038603708E+00    2.0660340892E-01   -6.8861571429E+03    4.7895994561E-02
    7.8319989999E-02    9.4457195215E-01    3.2051762255E-01   -6.8877544952E+03    5.9375325746E-02
    7.8339989999E-02    6.4857074293E-01   -1.7167285578E-01   -6.8898005615E+03    7.0695125497E-02
    7.8359989999E-02    1.1233909688E+00   -4.4174241907E-01   -6.8917437740E+03    7.1033660156E-02
    7.8379989999E-02    1.2331937824E+00    2.6387788243E-01   -6.8931814484E+03    7.2712847083E-02
    7.8399989999E-02    7.6628828962E-01    3.3175273800E-01   -6.8949422435E+03    6.9255988363E-02
    7.8419989999E-02    9.1177678022E-01   -1.8252077545E-01   -6.8970142168E+03    6.4747487621E-02
    7.8439989999E-02    1.1772215082E+00   -1.0776100657E-01   -6.8986664392E+03    5.6267841003E-02
    7.8459989999E-02    1.1170772786E+00    9.5048100108E-02   -6.9001754406E+03    5.7086782185E-02
    7.8479989999E-02    7.7358358983E-01   -8.3188134652E-02   -6.9020411960E+03    5.7914687614E-02
    7.8499989999E-02    1.0826392628E+00   -4.0302540159E-01   -6.9040173038E+03    5.8701687592E-02
    7.8519989999E-02    1.2481198018E+00    2.5147147973E-01   -6.9054827409E+03    6.3761904894E-02
    7.8539989999E-02    7.5214022749E-01    4.1416229106E-01   -6.9071676452E+03    6.5087503626E-02
    7.8559989999E-02    6.9573651535E-01   -2.5390801050E-01   -6.9093598079E+03    5.8156883004E-02
    7.8579989999E-02    1.1534897305E+00   -3.6688972809E-01   -6.9111372030E+03    4.1041286819E-02
    7.8599989999E-02    1.1886053340E+00    9.0384806760E-02   -6.9126153417E+03    3.3054829211E-02
    7.8619989999E-02    9.2917183080E-01    5.2057681332E-02   -6.9144111189E+03    2.5029507365E-02
    7.8639989999E-02    1.1225779791E+00   -1.7075481010E-01   -6.9162898457E+03    3.0412147161E-02
    7.8659989999E-02    1.2101047757E+00    2.8957468723E-01   -6.9177928648E+03    3.8547762439E-02
    7.8679989999E-02    8.0991724632E-01    3.6222959977E-01   -6.9194556915E+03    5.3740520295E-02
    7.8699989999E-02    6.4355615835E-01   -2.7845441635E-01   -6.9216168679E+03    6.5570429218E-02
    7.8719989999E-02    1.1816882812E+00   -3.9451811481E-01   -6.9234550850E+03    6.2664893584E-02
    7.8739989999E-02    1.1846330815E+00    3.1672499589E-01   -6.9248869959E+03    6.0771482563E-02
    7.8759989999E-02    7.6901974292E-01    2.1981649607E-01   -6.9267440392E+03    5.8270556941E-02
    7.8779989999E-02    1.0498365776E+00   -1.2493557511E-01   -6.9287137391E+03    5.7574571057E-02
    7.8799989999E-02    1.1894256797E+00    6.3114402631E-02   -6.9302725095E+03    5.4603637745E-02
    7.8819989999E-02    1.0117512060E+00    2.0356617163E-01   -6.9318423728E+03    6.3042622093E-02
    7.8839989999E-02    7.1171323455E-01   -1.9306993123E-01   -6.9338362152E+03    6.8576943022E-02
    7.8859989999E-02    1.1520096471E+00   -3.9210872690E-01   -6.9357454192E+03    7.0160175914E-02
    7.8879989999E-02    1.2175035991E+00    3.2922868480E-01   -6.9371776337E+03    7.2234976370E-02
    7.8899989999E-02    7.0707252952E-01    3.2565298179E-01   -6.9389653653E+03    7.1281967090E-02
    7.8919989999E-02    8.3269263186E-01   -2.7141524321E-01   -6.9410934640E+03    6.2267602313E-02
    7.8939989999E-02    1.1740575796E+00   -2.6559717647E-01   -6.9427781235E+03    5.0255079166E-02
    7.8959989999E-02    1.1614020013E+00    3.5007289194E-02   -6.9442811489E+03    4.2843072268E-02
    7.8979989999E-02    8.8316478183E-01   -8.0392623835E-02   -6.9461036205E+03    3.5389759310E-02
    7.8999989999E-02    1.1356905905E+00   -2.7102406424E-01   -6.9479963634E+03    3.8060153056E-02
    7.9019989999E-02    1.2091052496E+00    3.4667583066E-01   -6.9494595969E+03    4.4387649534E-02
    7.9039989999E-02    6.8907537273E-01    3.5995649331E-01   -6.9511860961E+03    5.8696490646E-02
    7.9059989999E-02    6.7450577157E-01   -3.6335597458E-01   -6.9534129620E+03    6.1855101424E-02
    7.9079989999E-02    1.2145901297E+00   -3.4697488394E-01   -6.9551522729E+03    5.2269386613E-02
    7.9099989999E-02    1.1360418948E+00    3.1621598770E-01   -6.9566040998E+03    4.7100483273E-02
    7.9119989999E-02    8.3744896398E-01    1.1464031268E-01   -6.9585117865E+03    4.5314874792E-02
    7.9139989999E-02    1.1428504234E+00   -3.6421846955E-02   -6.9603616065E+03    5.0250018532E-02
    7.9159989999E-02    1.1768511361E+00    2.1193842529E-01   -6.9618736550E+03    5.5543764427E-02
    7.9179989999E-02    8.8227811555E-01    2.5207681496E-01   -6.9635303074E+03    6.6459396188E-02
    7.9199989999E-02    7.0817580371E-01   -3.0232531400E-01   -6.9656247145E+03    7.4964886316E-02
    7.9219989999E-02    1.2091645662E+00   -3.4282602695E-01   -6.9674370564E+03    7.6767619593E-02
    7.9239989999E-02    1.1678534724E+00    3.9122096094E-01   -6.9688642138E+03    7.5609476197E-02
    7.9259989999E-02    6.9647856471E-01    2.2546165457E-01   -6.9707512886E+03    7.3936923932E-02
    7.9279989999E-02    9.6642723918E-01   -2.3704032297E-01   -6.9727831767E+03    6.6233680780E-02
    7.9299989999E-02    1.1871520767E+00   -1.3246654448E-01   -6.9743820584E+03    5.6306003448E-02
    7.9319989999E-02    1.0915322043E+00    8.2978491535E-02   -6.9759204068E+03    5.5118652180E-02
    7.9339989999E-02    7.9436874875E-01   -1.8828290937E-01   -6.9778461071E+03    5.3467313992E-02
    7.9359989999E-02    1.1736401753E+00   -3.0975607782E-01   -6.9797166129E+03    5.5956675311E-02
    7.9379989999E-02    1.1891525240E+00    3.8974411620E-01   -6.9811523661E+03    5.9022795065E-02
    7.9399989999E-02    6.3869199712E-01    3.0185995301E-01   -6.9829635072E+03    6.4603021948E-02
    7.9419989999E-02    7.6635415659E-01   -3.8110011157E-01   -6.9851581050E+03    5.4400587718E-02
    7.9439989999E-02    1.2179230356E+00   -3.0331502103E-01   -6.9868341189E+03    3.8897789511E-02
    7.9459989999E-02    1.1143167346E+00    2.3077972712E-01   -6.9883253120E+03    3.1195564326E-02
    7.9479989999E-02    9.2531615003E-01    1.0749030104E-03   -6.9902202405E+03    2.7718182318E-02
    7.9499989999E-02    1.1859743204E+00   -4.1754360395E-02   -6.9920060167E+03    3.6578814129E-02
    7.9519989999E-02    1.1557597694E+00    3.2949964070E-01   -6.9934950810E+03    4.5021653349E-02
    7.9539989999E-02    7.4416254062E-01    2.5136459689E-01   -6.9952439860E+03    5.9758186962E-02
    7.9559989999E-02    7.4507719801E-01   -3.9195895234E-01   -6.9974144632E+03    6.7588223266E-02
    7.9579989999E-02    1.2438049600E+00   -2.6427086418E-01   -6.9991248031E+03    6.7887633308E-02
    7.9599989999E-02    1.0984627750E+00    4.1314591264E-01   -7.0005787546E+03    6.3698223067E-02
    7.9619989999E-02    7.3877920543E-01    1.1129249565E-01   -7.0025466615E+03    6.2563872910E-02
    7.9639989999E-02    1.0819556127E+00   -1.4892868412E-01   -7.0044595600E+03    5.9493443157E-02
    7.9659989999E-02    1.1852192328E+00    3.4219740579E-02   -7.0059836001E+03    5.4544621024E-02
    7.9679989999E-02    9.6537203114E-01    1.6200795176E-01   -7.0075997305E+03    6.1098207385E-02
    7.9699989999E-02    7.6970767063E-01   -2.9806391326E-01   -7.0096385865E+03    6.3794456038E-02
    7.9719989999E-02    1.2216782315E+00   -2.7209099487E-01   -7.0114259570E+03    6.7145139581E-02
    7.9739989999E-02    1.1372845653E+00    4.3484290605E-01   -7.0128606699E+03    6.6693831395E-02
    7.9759989999E-02    6.3407159854E-01    1.9778405352E-01   -7.0147797723E+03    6.7596316793E-02
    7.9779989999E-02    8.9917055463E-01   -3.5392160006E-01   -7.0168693223E+03    5.5156991782E-02
    7.9799989999E-02    1.2118805241E+00   -2.3946734995E-01   -7.0184848192E+03    4.2253928479E-02
    7.9819989999E-02    1.1060222265E+00    1.2073009581E-01   -7.0200153522E+03    3.4173855471E-02
    7.9839989999E-02    9.1477706247E-01   -1.4138797828E-01   -7.0219089288E+03    2.7919119117E-02
    7.9859989999E-02    1.2069875609E+00   -1.1114282487E-01   -7.0236865410E+03    3.5252448454E-02
    7.9879989999E-02    1.1251668175E+00    4.2149624276E-01   -7.0251525875E+03    4.2229546400E-02
    7.9899989999E-02    6.2071996985E-01    2.0589413701E-01   -7.0270007075E+03    6.0172481081E-02
    7.9919989999E-02    8.0416943805E-01   -4.6248144278E-01   -7.0291945228E+03    6.2414271712E-02
    7.9939989999E-02    1.2599578192E+00   -1.8946783965E-01   -7.0308150027E+03    5.9447206304E-02
    7.9959989999E-02    1.0337709295E+00    3.9325901990E-01   -7.0323181783E+03    5.2671265835E-02
    7.9979989999E-02    8.3811613961E-01    2.1776333777E-02   -7.0343147448E+03    5.2875816084E-02
    7.9999989999E-02    1.1606506885E+00   -2.1000992729E-02   -7.0360969103E+03    5.4856581021E-02
