 sig=    1.000000000000000      inputfile=
 /home/rjrj524/Finished/vmec_gc_tracer/revised_251128/nc/wout_pwO_nfp2_A6.nc                                                                                                                             
 dt=   5.0000000000000003E-010
 steps=      5000000
 x0=   5.9999999999999998E-002    3.080000000000000      
    6.410000000000000     
 u=   -53200.00000000000     
 v_perp=    87300.00000000000     
 
time(s)         x0(1)       x0(2)        x0(3)      r
    9.9950000000E-07    1.2678790084E+00   -8.8303790480E-03    6.3730567165E+00    6.0097094102E-02
    1.9995000000E-06    1.2682498926E+00    1.3699104440E-02    6.3362224374E+00    6.0135059495E-02
    2.9995000000E-06    1.2681635247E+00    3.6217477987E-02    6.2994004970E+00    6.0113661695E-02
    3.9995000000E-06    1.2676162266E+00    5.8689128177E-02    6.2624761663E+00    6.0035182045E-02
    4.9995000000E-06    1.2665971952E+00    8.1077539644E-02    6.2253385776E+00    5.9904166499E-02
    5.9995000000E-06    1.2650889916E+00    1.0334468877E-01    6.1878841122E+00    5.9727073987E-02
    6.9995000000E-06    1.2630682663E+00    1.2545141712E-01    6.1500194371E+00    5.9511771453E-02
    7.9995000000E-06    1.2605068941E+00    1.4735384670E-01    6.1116620179E+00    5.9266925894E-02
    8.9995000000E-06    1.2573732956E+00    1.6900271570E-01    6.0727406702E+00    5.9001337259E-02
    9.9995000000E-06    1.2536334577E+00    1.9034814752E-01    6.0331970346E+00    5.8723300849E-02
    1.0999500000E-05    1.2492528069E+00    2.1133291619E-01    5.9929817353E+00    5.8440104716E-02
    1.1999500000E-05    1.2441957247E+00    2.3191040312E-01    5.9520589330E+00    5.8157772535E-02
    1.2999500000E-05    1.2384284043E+00    2.5202535346E-01    5.9103970492E+00    5.7881055418E-02
    1.3999500000E-05    1.2319190105E+00    2.7162353165E-01    5.8679701895E+00    5.7613587426E-02
    1.4999500000E-05    1.2246384004E+00    2.9065181115E-01    5.8247565627E+00    5.7358182381E-02
    1.5999500000E-05    1.2165602661E+00    3.0905983039E-01    5.7807379019E+00    5.7117120693E-02
    1.6999500000E-05    1.2076619818E+00    3.2679676111E-01    5.7358978293E+00    5.6892365866E-02
    1.7999500000E-05    1.1979252806E+00    3.4380958224E-01    5.6902209147E+00    5.6685612165E-02
    1.8999500000E-05    1.1873348988E+00    3.6004826876E-01    5.6436941484E+00    5.6498281554E-02
    1.9999500000E-05    1.1758810630E+00    3.7545687269E-01    5.5963038447E+00    5.6331476457E-02
    2.0999500000E-05    1.1635582271E+00    3.8997903843E-01    5.5480372121E+00    5.6185980838E-02
    2.1999500000E-05    1.1503660252E+00    4.0355620894E-01    5.4988817216E+00    5.6062360528E-02
    2.2999500000E-05    1.1363118088E+00    4.1612443187E-01    5.4488242669E+00    5.5961124195E-02
    2.3999500000E-05    1.1214112402E+00    4.2761749360E-01    5.3978525897E+00    5.5882884489E-02
    2.4999500000E-05    1.1056885439E+00    4.3797007117E-01    5.3459567990E+00    5.5828428816E-02
    2.5999500000E-05    1.0891785180E+00    4.4711740024E-01    5.2931294473E+00    5.5798609751E-02
    2.6999500000E-05    1.0719284569E+00    4.5499563717E-01    5.2393651503E+00    5.5794052359E-02
    2.7999500000E-05    1.0539987735E+00    4.6154387183E-01    5.1846599940E+00    5.5814777827E-02
    2.8999500000E-05    1.0354622151E+00    4.6670680210E-01    5.1290106513E+00    5.5859893095E-02
    2.9999500000E-05    1.0164022228E+00    4.7043692400E-01    5.0724132485E+00    5.5927467637E-02
    3.0999500000E-05    9.9691048844E-01    4.7269621061E-01    5.0148624680E+00    5.6014630219E-02
    3.1999500000E-05    9.7708347812E-01    4.7345752042E-01    4.9563514191E+00    5.6117832991E-02
    3.2999500000E-05    9.5701930094E-01    4.7270475818E-01    4.8968719634E+00    5.6233197343E-02
    3.3999500000E-05    9.3681666436E-01    4.7043137240E-01    4.8364149382E+00    5.6356862027E-02
    3.4999500000E-05    9.1657304999E-01    4.6663985454E-01    4.7749714012E+00    5.6485267398E-02
    3.5999500000E-05    8.9638290404E-01    4.6134137721E-01    4.7125342424E+00    5.6615339257E-02
    3.6999500000E-05    8.7633929701E-01    4.5455398018E-01    4.6490984435E+00    5.6744549409E-02
    3.7999500000E-05    8.5653321292E-01    4.4630255855E-01    4.5846621125E+00    5.6870837895E-02
    3.8999500000E-05    8.3704901488E-01    4.3661999525E-01    4.5192286432E+00    5.6992444861E-02
    3.9999500000E-05    8.1797171789E-01    4.2554376518E-01    4.4528038256E+00    5.7107709120E-02
    4.0999500000E-05    7.9939283664E-01    4.1311493114E-01    4.3853938371E+00    5.7214879417E-02
    4.1999500000E-05    7.8140123673E-01    3.9938151920E-01    4.3170098668E+00    5.7312037109E-02
    4.2999500000E-05    7.6407924110E-01    3.8439876718E-01    4.2476710733E+00    5.7397182589E-02
    4.3999500000E-05    7.4751226777E-01    3.6822691423E-01    4.1774026276E+00    5.7468360625E-02
    4.4999500000E-05    7.3179467474E-01    3.5093146085E-01    4.1062356242E+00    5.7523701473E-02
    4.5999500000E-05    7.1702431665E-01    3.3258504060E-01    4.0342109696E+00    5.7561385816E-02
    4.6999500000E-05    7.0329808561E-01    3.1326796152E-01    3.9613815039E+00    5.7579625748E-02
    4.7999500000E-05    6.9070820694E-01    2.9306794356E-01    3.8878124452E+00    5.7576764496E-02
    4.8999500000E-05    6.7933797810E-01    2.7207936883E-01    3.8135811656E+00    5.7551533151E-02
    4.9999500000E-05    6.6925756805E-01    2.5040197173E-01    3.7387766408E+00    5.7503357864E-02
    5.0999500000E-05    6.6052117440E-01    2.2813893384E-01    3.6634983986E+00    5.7432498515E-02
    5.1999500000E-05    6.5316532061E-01    2.0539443132E-01    3.5878549552E+00    5.7339838156E-02
    5.2999500000E-05    6.4720629072E-01    1.8227056114E-01    3.5119620747E+00    5.7226325654E-02
    5.3999500000E-05    6.4264317992E-01    1.5886491691E-01    3.4359386414E+00    5.7092281644E-02
    5.4999500000E-05    6.3946817954E-01    1.3527063200E-01    3.3599008503E+00    5.6936941140E-02
    5.5999500000E-05    6.3766480559E-01    1.1157627158E-01    3.2839611577E+00    5.6758550551E-02
    5.6999500000E-05    6.3720190596E-01    8.7865342686E-02    3.2082285662E+00    5.6554955018E-02
    5.7999500000E-05    6.3803942096E-01    6.4218502503E-02    3.1328062693E+00    5.6324454280E-02
    5.8999500000E-05    6.4012578035E-01    4.0713977576E-02    3.0577915235E+00    5.6066651848E-02
    5.9999500000E-05    6.4339837118E-01    1.7427510478E-02    2.9832742527E+00    5.5782807319E-02
    6.0999500000E-05    6.4777872565E-01   -5.5705983594E-03    2.9093355497E+00    5.5475709433E-02
    6.1999500000E-05    6.5319145834E-01   -2.8212089837E-02    2.8360434047E+00    5.5148914975E-02
    6.2999500000E-05    6.5955503882E-01   -5.0435818671E-02    2.7634531304E+00    5.4805764862E-02
    6.3999500000E-05    6.6679611597E-01   -7.2184546588E-02    2.6916064644E+00    5.4448663722E-02
    6.4999500000E-05    6.7484775923E-01   -9.3405863860E-02    2.6205339119E+00    5.4078698848E-02
    6.5999500000E-05    6.8365239508E-01   -1.1405029152E-01    2.5502577460E+00    5.3695852296E-02
    6.6999500000E-05    6.9316360476E-01   -1.3406862602E-01    2.4807958256E+00    5.3299654560E-02
    6.7999500000E-05    7.0333874077E-01   -1.5341336355E-01    2.4121647423E+00    5.2889833180E-02
    6.8999500000E-05    7.1414069319E-01   -1.7203635177E-01    2.3443820042E+00    5.2466849466E-02
    6.9999500000E-05    7.2553803402E-01   -1.8988740985E-01    2.2774670078E+00    5.2031967118E-02
    7.0999500000E-05    7.3749668162E-01   -2.0691850879E-01    2.2114394397E+00    5.1586941700E-02
    7.1999500000E-05    7.4998014218E-01   -2.2308408800E-01    2.1463171003E+00    5.1133744557E-02
    7.2999500000E-05    7.6294254827E-01   -2.3834673700E-01    2.0821122736E+00    5.0673989207E-02
    7.3999500000E-05    7.7634508844E-01   -2.5266652317E-01    2.0188327707E+00    5.0208956384E-02
    7.4999500000E-05    7.9013450341E-01   -2.6601606749E-01    1.9564778287E+00    4.9739683009E-02
    7.5999500000E-05    8.0424501673E-01   -2.7838142156E-01    1.8950384470E+00    4.9267352664E-02
    7.6999500000E-05    8.1862144380E-01   -2.8974393721E-01    1.8345044111E+00    4.8793408636E-02
    7.7999500000E-05    8.3319360365E-01   -3.0010196004E-01    1.7748605387E+00    4.8319518870E-02
    7.8999500000E-05    8.4789954779E-01   -3.0945197840E-01    1.7160938262E+00    4.7847305753E-02
    7.9999500000E-05    8.6266040561E-01   -3.1781484954E-01    1.6581867617E+00    4.7378024418E-02
    8.0999500000E-05    8.7742214837E-01   -3.2519494503E-01    1.6011294730E+00    4.6912263796E-02
    8.1999500000E-05    8.9212541589E-01   -3.3161088282E-01    1.5449101195E+00    4.6449886128E-02
    8.2999500000E-05    9.0670391494E-01   -3.3710162860E-01    1.4895118370E+00    4.5990241818E-02
    8.3999500000E-05    9.2111240015E-01   -3.4169228747E-01    1.4349221071E+00    4.5532469523E-02
    8.4999500000E-05    9.3530305309E-01   -3.4542216201E-01    1.3811239974E+00    4.5076013971E-02
    8.5999500000E-05    9.4923387800E-01   -3.4833426031E-01    1.3280991611E+00    4.4620843970E-02
    8.6999500000E-05    9.6285972750E-01   -3.5048948530E-01    1.2758239366E+00    4.4167767687E-02
    8.7999500000E-05    9.7615684288E-01   -3.5192539574E-01    1.2242822717E+00    4.3718307824E-02
    8.8999500000E-05    9.8909469857E-01   -3.5270120250E-01    1.1734526940E+00    4.3274449582E-02
    8.9999500000E-05    1.0016483584E+00   -3.5287848903E-01    1.1233140156E+00    4.2838256109E-02
    9.0999500000E-05    1.0138051255E+00   -3.5250498578E-01    1.0738498464E+00    4.2411480242E-02
    9.1999500000E-05    1.0255539884E+00   -3.5163367314E-01    1.0250421995E+00    4.1995330252E-02
    9.2999500000E-05    1.0368942365E+00   -3.5030050718E-01    9.7687718013E-01    4.1590246733E-02
    9.3999500000E-05    1.0478183702E+00   -3.4856587615E-01    9.2933213023E-01    4.1195971125E-02
    9.4999500000E-05    1.0583307809E+00   -3.4646532426E-01    8.8238885990E-01    4.0811457622E-02
    9.5999500000E-05    1.0684388091E+00   -3.4402633924E-01    8.3602919210E-01    4.0435262992E-02
    9.6999500000E-05    1.0781494691E+00   -3.4127659979E-01    7.9023274156E-01    4.0065715205E-02
    9.7999500000E-05    1.0874694528E+00   -3.3824405926E-01    7.4497743985E-01    3.9701188185E-02
    9.8999500000E-05    1.0964080096E+00   -3.3494364045E-01    7.0024437556E-01    3.9340315146E-02
    9.9999500000E-05    1.1049739858E+00   -3.3138656033E-01    6.5601610569E-01    3.8982109981E-02
    1.0099950000E-04    1.1131754156E+00   -3.2758389412E-01    6.1227619677E-01    3.8625949315E-02
    1.0199950000E-04    1.1210213956E+00   -3.2353811036E-01    5.6901180534E-01    3.8271415036E-02
    1.0299950000E-04    1.1285213088E+00   -3.1924817970E-01    5.2621191690E-01    3.7918010761E-02
    1.0399950000E-04    1.1356851018E+00   -3.1470930976E-01    4.8386667691E-01    3.7564958556E-02
    1.0499950000E-04    1.1425232078E+00   -3.0991302336E-01    4.4196644521E-01    3.7211156742E-02
    1.0599950000E-04    1.1490458282E+00   -3.0485035370E-01    4.0050034704E-01    3.6855460481E-02
    1.0699950000E-04    1.1552622826E+00   -2.9951474642E-01    3.5945526658E-01    3.6497107242E-02
    1.0799950000E-04    1.1611805423E+00   -2.9389906445E-01    3.1881716541E-01    3.6136123430E-02
    1.0899950000E-04    1.1668062817E+00   -2.8800022784E-01    2.7857094715E-01    3.5773830509E-02
    1.0999950000E-04    1.1721430521E+00   -2.8182045644E-01    2.3870096572E-01    3.5412541809E-02
    1.1099950000E-04    1.1771925558E+00   -2.7536426629E-01    1.9919240144E-01    3.5055222047E-02
    1.1199950000E-04    1.1819555249E+00   -2.6864220815E-01    1.6003022216E-01    3.4704923436E-02
    1.1299950000E-04    1.1864319605E+00   -2.6166285087E-01    1.2120113867E-01    3.4364237980E-02
    1.1399950000E-04    1.1906220506E+00   -2.5443738599E-01    8.2691301326E-02    3.4035004775E-02
    1.1499950000E-04    1.1945263543E+00   -2.4697674710E-01    4.4486323826E-02    3.3718269198E-02
    1.1599950000E-04    1.1981451303E+00   -2.3928716237E-01    6.5719840707E-03    3.3414379886E-02
    1.1699950000E-04    1.2014797561E+00   -2.3137887089E-01   -3.1068982864E-02    3.3123219129E-02
    1.1799950000E-04    1.2045314925E+00   -2.2325923322E-01   -6.8454904652E-02    3.2844434023E-02
    1.1899950000E-04    1.2073022616E+00   -2.1493695704E-01   -1.0560656453E-01    3.2577564240E-02
    1.1999950000E-04    1.2097936312E+00   -2.0641829191E-01   -1.4254594947E-01    3.2322122132E-02
    1.2099950000E-04    1.2120076327E+00   -1.9771075680E-01   -1.7929734433E-01    3.2077657600E-02
    1.2199950000E-04    1.2139464403E+00   -1.8882185586E-01   -2.1588687790E-01    3.1843738460E-02
    1.2299950000E-04    1.2156126504E+00   -1.7976003797E-01   -2.5234275583E-01    3.1619959272E-02
    1.2399950000E-04    1.2170082501E+00   -1.7053220504E-01   -2.8869435614E-01    3.1405935365E-02
    1.2499950000E-04    1.2181353666E+00   -1.6114619837E-01   -3.2497292553E-01    3.1201296349E-02
    1.2599950000E-04    1.2189968509E+00   -1.5161178667E-01   -3.6121188648E-01    3.1005638324E-02
    1.2699950000E-04    1.2195943855E+00   -1.4193661275E-01   -3.9744545186E-01    3.0818455445E-02
    1.2799950000E-04    1.2199294752E+00   -1.3212881242E-01   -4.3370939599E-01    3.0639133963E-02
    1.2899950000E-04    1.2200032871E+00   -1.2219665084E-01   -4.7004089174E-01    3.0466898479E-02
    1.2999950000E-04    1.2198159938E+00   -1.1214760984E-01   -5.0647815493E-01    3.0300768103E-02
    1.3099950000E-04    1.2193670159E+00   -1.0198914979E-01   -5.4306058967E-01    3.0139565348E-02
    1.3199950000E-04    1.2186549131E+00   -9.1728852922E-02   -5.7982863867E-01    2.9981942761E-02
    1.3299950000E-04    1.2176769098E+00   -8.1374362419E-02   -6.1682343655E-01    2.9826433104E-02
    1.3399950000E-04    1.2164288475E+00   -7.0934026373E-02   -6.5408659645E-01    2.9671521433E-02
    1.3499950000E-04    1.2149054725E+00   -6.0417675595E-02   -6.9165997129E-01    2.9515716294E-02
    1.3599950000E-04    1.2131002844E+00   -4.9836925649E-02   -7.2958516091E-01    2.9357613748E-02
    1.3699950000E-04    1.2110054519E+00   -3.9205573476E-02   -7.6790301813E-01    2.9195952096E-02
    1.3799950000E-04    1.2086120194E+00   -2.8539976478E-02   -8.0665320912E-01    2.9029642389E-02
    1.3899950000E-04    1.2059099414E+00   -1.7859189841E-02   -8.4587376983E-01    2.8857774801E-02
    1.3999950000E-04    1.2028881252E+00   -7.1850908716E-03   -8.8560076303E-01    2.8679616082E-02
    1.4099950000E-04    1.1995345194E+00    3.4575278442E-03   -9.2586807323E-01    2.8494588991E-02
    1.4199950000E-04    1.1958363663E+00    1.4040951702E-02   -9.6670734127E-01    2.8302238159E-02
    1.4299950000E-04    1.1917806158E+00    2.4534605772E-02   -1.0081480121E+00    2.8102214796E-02
    1.4399950000E-04    1.1873539287E+00    3.4904773680E-02   -1.0502175395E+00    2.7894257786E-02
    1.4499950000E-04    1.1825429393E+00    4.5114211045E-02   -1.0929417130E+00    2.7678167090E-02
    1.4599950000E-04    1.1773350934E+00    5.5122258334E-02   -1.1363449469E+00    2.7453798324E-02
    1.4699950000E-04    1.1717188404E+00    6.4884210302E-02   -1.1804506738E+00    2.7221052099E-02
    1.4799950000E-04    1.1656845904E+00    7.4351614979E-02   -1.2252815381E+00    2.6979888665E-02
    1.4899950000E-04    1.1592249806E+00    8.3471532542E-02   -1.2708596558E+00    2.6730343064E-02
    1.4999950000E-04    1.1523358803E+00    9.2187400350E-02   -1.3172065131E+00    2.6472541071E-02
    1.5099950000E-04    1.1450168831E+00    1.0043924887E-01   -1.3643428339E+00    2.6206731739E-02
    1.5199950000E-04    1.1372717656E+00    1.0816413456E-01   -1.4122882749E+00    2.5933313540E-02
    1.5299950000E-04    1.1291094008E+00    1.1529927944E-01   -1.4610607232E+00    2.5652818619E-02
    1.5399950000E-04    1.1205431139E+00    1.2178023130E-01   -1.5106761396E+00    2.5365920228E-02
    1.5499950000E-04    1.1115915746E+00    1.2754479974E-01   -1.5611476811E+00    2.5073440045E-02
    1.5599950000E-04    1.1022784247E+00    1.3253334275E-01   -1.6124853158E+00    2.4776317252E-02
    1.5699950000E-04    1.0926322123E+00    1.3669022681E-01   -1.6646953616E+00    2.4475594347E-02
    1.5799950000E-04    1.0826861878E+00    1.3996480341E-01   -1.7177802234E+00    2.4172418373E-02
    1.5899950000E-04    1.0724781283E+00    1.4231315816E-01   -1.7717382489E+00    2.3868010200E-02
    1.5999950000E-04    1.0620498264E+00    1.4369789263E-01   -1.8265638019E+00    2.3563654908E-02
    1.6099950000E-04    1.0514468069E+00    1.4408939588E-01   -1.8822474550E+00    2.3260669479E-02
    1.6199950000E-04    1.0407176096E+00    1.4346433624E-01   -1.9387761913E+00    2.2960430979E-02
    1.6299950000E-04    1.0299138076E+00    1.4180859737E-01   -1.9961339892E+00    2.2664317193E-02
    1.6399950000E-04    1.0190889879E+00    1.3911477067E-01   -2.0543019782E+00    2.2373701513E-02
    1.6499950000E-04    1.0082981982E+00    1.3538230163E-01   -2.1132586797E+00    2.2089944543E-02
    1.6599950000E-04    9.9759807755E-01    1.3061917143E-01   -2.1729807250E+00    2.1814370239E-02
    1.6699950000E-04    9.8704521062E-01    1.2483869351E-01   -2.2334422082E+00    2.1548244895E-02
    1.6799950000E-04    9.7669639175E-01    1.1806124027E-01   -2.2946153534E+00    2.1292799984E-02
    1.6899950000E-04    9.6660790878E-01    1.1031361076E-01   -2.3564704863E+00    2.1049187609E-02
    1.6999950000E-04    9.5683497267E-01    1.0162871258E-01   -2.4189762549E+00    2.0818449812E-02
    1.7099950000E-04    9.4743288086E-01    9.2047207524E-02   -2.4821009072E+00    2.0601441123E-02
    1.7199950000E-04    9.3845494439E-01    8.1614961120E-02   -2.5458114702E+00    2.0398732263E-02
    1.7299950000E-04    9.2995434285E-01    7.0384934234E-02   -2.6100753920E+00    2.0210530581E-02
    1.7399950000E-04    9.2198268166E-01    5.8415283346E-02   -2.6748599690E+00    2.0036638191E-02
    1.7499950000E-04    9.1459163425E-01    4.5770036806E-02   -2.7401331201E+00    1.9876507334E-02
    1.7599950000E-04    9.0783369980E-01    3.2518479926E-02   -2.8058631801E+00    1.9729405055E-02
    1.7699950000E-04    9.0175917886E-01    1.8732457588E-02   -2.8720169424E+00    1.9594611865E-02
    1.7799950000E-04    8.9641663636E-01    4.4865110669E-03   -2.9385595461E+00    1.9471598349E-02
    1.7899950000E-04    8.9185368600E-01   -1.0141766949E-02   -3.0054543272E+00    1.9360122928E-02
    1.7999950000E-04    8.8811374590E-01   -2.5073286619E-02   -3.0726612502E+00    1.9260198245E-02
    1.8099950000E-04    8.8523366466E-01   -4.0228201245E-02   -3.1401361990E+00    1.9171964501E-02
    1.8199950000E-04    8.8324332580E-01   -5.5525754194E-02   -3.2078311944E+00    1.9095558600E-02
    1.8299950000E-04    8.8216569741E-01   -7.0884216385E-02   -3.2756947978E+00    1.9031036117E-02
    1.8399950000E-04    8.8201645963E-01   -8.6221339726E-02   -3.3436724610E+00    1.8978365946E-02
    1.8499950000E-04    8.8280390342E-01   -1.0145488725E-01   -3.4117070548E+00    1.8937484942E-02
    1.8599950000E-04    8.8452960684E-01   -1.1650283293E-01   -3.4797395790E+00    1.8908379970E-02
    1.8699950000E-04    8.8718924661E-01   -1.3128342132E-01   -3.5477097501E+00    1.8891159598E-02
    1.8799950000E-04    8.9077319599E-01   -1.4571519072E-01   -3.6155563628E+00    1.8886089351E-02
    1.8899950000E-04    8.9526675601E-01   -1.5971705557E-01   -3.6832174628E+00    1.8893583102E-02
    1.8999950000E-04    9.0065008009E-01   -1.7320849327E-01   -3.7506304713E+00    1.8914159800E-02
    1.9099950000E-04    9.0689796166E-01   -1.8610983501E-01   -3.8177324166E+00    1.8948384515E-02
    1.9199950000E-04    9.1397961406E-01   -1.9834266298E-01   -3.8844603746E+00    1.8996814395E-02
    1.9299950000E-04    9.2185845814E-01   -2.0983036048E-01   -3.9507521343E+00    1.9059964804E-02
    1.9399950000E-04    9.3049188507E-01   -2.2049887271E-01   -4.0165470299E+00    1.9138301390E-02
    1.9499950000E-04    9.3983107659E-01   -2.3027762394E-01   -4.0817868358E+00    1.9232253688E-02
    1.9599950000E-04    9.4982161495E-01   -2.3909985948E-01   -4.1464165728E+00    1.9342238865E-02
    1.9699950000E-04    9.6040456128E-01   -2.4690244048E-01   -4.2103849978E+00    1.9468683827E-02
    1.9799950000E-04    9.7151587748E-01   -2.5362723194E-01   -4.2736447708E+00    1.9612033975E-02
    1.9899950000E-04    9.8308497345E-01   -2.5922397788E-01   -4.3361525665E+00    1.9772738122E-02
    1.9999950000E-04    9.9503778752E-01   -2.6364847329E-01   -4.3978687944E+00    1.9951208504E-02
    2.0099950000E-04    1.0072983964E+00   -2.6686181467E-01   -4.4587570612E+00    2.0147763767E-02
    2.0199950000E-04    1.0197869275E+00   -2.6883474037E-01   -4.5187841807E+00    2.0362560596E-02
    2.0299950000E-04    1.0324223027E+00   -2.6954629685E-01   -4.5779198965E+00    2.0595518905E-02
    2.0399950000E-04    1.0451216085E+00   -2.6898743231E-01   -4.6361374261E+00    2.0846258587E-02
    2.0499950000E-04    1.0578035421E+00   -2.6715851628E-01   -4.6934133615E+00    2.1114057225E-02
    2.0599950000E-04    1.0703903548E+00   -2.6406805401E-01   -4.7497276977E+00    2.1397829050E-02
    2.0699950000E-04    1.0828059250E+00   -2.5973882248E-01   -4.8050654540E+00    2.1696153969E-02
    2.0799950000E-04    1.0949802577E+00   -2.5420151762E-01   -4.8594160576E+00    2.2007346404E-02
    2.0899950000E-04    1.1068502762E+00   -2.4749362216E-01   -4.9127734812E+00    2.2329550223E-02
    2.0999950000E-04    1.1183574480E+00   -2.3966608225E-01   -4.9651377129E+00    2.2660848369E-02
    2.1099950000E-04    1.1294529786E+00   -2.3077022710E-01   -5.0165122023E+00    2.2999368394E-02
    2.1199950000E-04    1.1400943352E+00   -2.2086551371E-01   -5.0669053055E+00    2.3343348477E-02
    2.1299950000E-04    1.1502470425E+00   -2.1001282669E-01   -5.1163285521E+00    2.3691170242E-02
    2.1399950000E-04    1.1598822103E+00   -1.9828113962E-01   -5.1647977977E+00    2.4041339714E-02
    2.1499950000E-04    1.1689786116E+00   -1.8573830214E-01   -5.2123308356E+00    2.4392445495E-02
    2.1599950000E-04    1.1775208020E+00   -1.7245600471E-01   -5.2589483731E+00    2.4743114838E-02
    2.1699950000E-04    1.1854992443E+00   -1.5850761906E-01   -5.3046733679E+00    2.5091959499E-02
    2.1799950000E-04    1.1929105997E+00   -1.4396323163E-01   -5.3495295756E+00    2.5437552774E-02
    2.1899950000E-04    1.1997558515E+00   -1.2889800152E-01   -5.3935441953E+00    2.5778392329E-02
    2.1999950000E-04    1.2060411796E+00   -1.1338322759E-01   -5.4367456518E+00    2.6112874421E-02
    2.2099950000E-04    1.2117768372E+00   -9.7488396751E-02   -5.4791644626E+00    2.6439264823E-02
    2.2199950000E-04    1.2169764689E+00   -8.1280364926E-02   -5.5208336079E+00    2.6755689625E-02
    2.2299950000E-04    1.2216563809E+00   -6.4821351039E-02   -5.5617887067E+00    2.7060129033E-02
    2.2399950000E-04    1.2258345673E+00   -4.8169572985E-02   -5.6020689262E+00    2.7350473484E-02
    2.2499950000E-04    1.2295298842E+00   -3.1378489576E-02   -5.6417175285E+00    2.7624628427E-02
    2.2599950000E-04    1.2327611869E+00   -1.4495294417E-02   -5.6807819977E+00    2.7880617709E-02
    2.2699950000E-04    1.2355465458E+00    2.4353715826E-03   -5.7193157213E+00    2.8116764961E-02
    2.2799950000E-04    1.2379025906E+00    1.9375749426E-02   -5.7573765323E+00    2.8331841237E-02
    2.2899950000E-04    1.2398439359E+00    3.6290604189E-02   -5.7950278572E+00    2.8525171623E-02
    2.2999950000E-04    1.2413827534E+00    5.3147955183E-02   -5.8323377071E+00    2.8696703910E-02
    2.3099950000E-04    1.2425282784E+00    6.9920783524E-02   -5.8693769627E+00    2.8847034715E-02
    2.3199950000E-04    1.2432867837E+00    8.6582777889E-02   -5.9062195065E+00    2.8977401615E-02
    2.3299950000E-04    1.2436614673E+00    1.0310926346E-01   -5.9429403305E+00    2.9089642720E-02
    2.3399950000E-04    1.2436523980E+00    1.1947782485E-01   -5.9796137209E+00    2.9186154470E-02
    2.3499950000E-04    1.2432566922E+00    1.3566752991E-01   -6.0163119797E+00    2.9269843824E-02
    2.3599950000E-04    1.2424687317E+00    1.5165882392E-01   -6.0531040004E+00    2.9344057981E-02
    2.3699950000E-04    1.2412803466E+00    1.6743387444E-01   -6.0900538575E+00    2.9412483691E-02
    2.3799950000E-04    1.2396810613E+00    1.8297640348E-01   -6.1272198400E+00    2.9479012483E-02
    2.3899950000E-04    1.2376583952E+00    1.9827120651E-01   -6.1646539100E+00    2.9547575327E-02
    2.3999950000E-04    1.2351981955E+00    2.1330357506E-01   -6.2024015373E+00    2.9621965175E-02
    2.4099950000E-04    1.2322849413E+00    2.2805887938E-01   -6.2405018077E+00    2.9705676339E-02
    2.4199950000E-04    1.2289020835E+00    2.4252207922E-01   -6.2789878395E+00    2.9801790591E-02
    2.4299950000E-04    1.2250325453E+00    2.5667701831E-01   -6.3178874789E+00    2.9912925183E-02
    2.4399950000E-04    1.2206595938E+00    2.7050541349E-01   -6.3572242320E+00    3.0041230736E-02
    2.4499950000E-04    1.2157673104E+00    2.8398718347E-01   -6.3970177405E+00    3.0188404210E-02
    2.4599950000E-04    1.2103406114E+00    2.9710117290E-01   -6.4372840974E+00    3.0355695733E-02
    2.4699950000E-04    1.2043658231E+00    3.0982469335E-01   -6.4780366611E+00    3.0543911849E-02
    2.4799950000E-04    1.1978316247E+00    3.2213307819E-01   -6.5192869907E+00    3.0753412375E-02
    2.4899950000E-04    1.1907291172E+00    3.3400049689E-01   -6.5610453658E+00    3.0984140316E-02
    2.4999950000E-04    1.1830515141E+00    3.4540071526E-01   -6.6033213218E+00    3.1235736472E-02
    2.5099950000E-04    1.1747956425E+00    3.5630717458E-01   -6.6461246406E+00    3.1507726672E-02
    2.5199950000E-04    1.1659613977E+00    3.6669452189E-01   -6.6894654591E+00    3.1799744171E-02
    2.5299950000E-04    1.1565498588E+00    3.7653867467E-01   -6.7333542064E+00    3.2111627196E-02
    2.5399950000E-04    1.1465650265E+00    3.8581633435E-01   -6.7778022523E+00    3.2443405562E-02
    2.5499950000E-04    1.1360134336E+00    3.9450502846E-01   -6.8228219261E+00    3.2795153685E-02
    2.5599950000E-04    1.1249021323E+00    4.0258159651E-01   -6.8684264153E+00    3.3166815651E-02
    2.5699950000E-04    1.1132412591E+00    4.1002424823E-01   -6.9146300581E+00    3.3558149375E-02
    2.5799950000E-04    1.1010414924E+00    4.1681211134E-01   -6.9614478313E+00    3.3968826470E-02
    2.5899950000E-04    1.0883135422E+00    4.2292529219E-01   -7.0088950111E+00    3.4398600421E-02
    2.5999950000E-04    1.0750683657E+00    4.2834530508E-01   -7.0569868090E+00    3.4847382087E-02
    2.6099950000E-04    1.0613167201E+00    4.3305267124E-01   -7.1057382829E+00    3.5315079519E-02
    2.6199950000E-04    1.0470708258E+00    4.3702798625E-01   -7.1551645365E+00    3.5801323083E-02
    2.6299950000E-04    1.0323437142E+00    4.4024647938E-01   -7.2052812641E+00    3.6305221498E-02
    2.6399950000E-04    1.0171508559E+00    4.4267869339E-01   -7.2561051557E+00    3.6825374373E-02
    2.6499950000E-04    1.0015112190E+00    4.4429266783E-01   -7.3076537718E+00    3.7360016786E-02
    2.6599950000E-04    9.8544696537E-01    4.4505000469E-01   -7.3599453473E+00    3.7907438674E-02
    2.6699950000E-04    9.6898468683E-01    4.4491364356E-01   -7.4129978089E+00    3.8466278364E-02
    2.6799950000E-04    9.5215543519E-01    4.4384265544E-01   -7.4668282472E+00    3.9035660240E-02
    2.6899950000E-04    9.3499578740E-01    4.4179713975E-01   -7.5214525360E+00    3.9615011397E-02
    2.6999950000E-04    9.1754817854E-01    4.3873877579E-01   -7.5768856683E+00    4.0203868242E-02
    2.7099950000E-04    8.9986177560E-01    4.3462904264E-01   -7.6331427463E+00    4.0801501892E-02
    2.7199950000E-04    8.8199243031E-01    4.2943161776E-01   -7.6902401973E+00    4.1406808474E-02
    2.7299950000E-04    8.6400223060E-01    4.2311418942E-01   -7.7481969456E+00    4.2018200318E-02
    2.7399950000E-04    8.4596000128E-01    4.1564475707E-01   -7.8070346700E+00    4.2633820019E-02
    2.7499950000E-04    8.2793718056E-01    4.0700414531E-01   -7.8667777792E+00    4.3251703904E-02
    2.7599950000E-04    8.1001480209E-01    3.9716344505E-01   -7.9274504944E+00    4.3869948075E-02
    2.7699950000E-04    7.9226992570E-01    3.8612126571E-01   -7.9890766751E+00    4.4486829912E-02
    2.7799950000E-04    7.7478904181E-01    3.7386662376E-01   -8.0516744161E+00    4.5100779394E-02
    2.7899950000E-04    7.5765303768E-01    3.6041362894E-01   -8.1152568765E+00    4.5710184743E-02
    2.7999950000E-04    7.4094381713E-01    3.4578224642E-01   -8.1798297621E+00    4.6313261769E-02
    2.8099950000E-04    7.2474357203E-01    3.2999886222E-01   -8.2453915167E+00    4.6907837403E-02
    2.8199950000E-04    7.0912417366E-01    3.1310996160E-01   -8.3119378267E+00    4.7491455147E-02
    2.8299950000E-04    6.9415693260E-01    2.9516207437E-01   -8.3794605864E+00    4.8061634644E-02
    2.8399950000E-04    6.7990981681E-01    2.7620525611E-01   -8.4479493698E+00    4.8616251129E-02
    2.8499950000E-04    6.6643515222E-01    2.5630680328E-01   -8.5173957458E+00    4.9153918619E-02
    2.8599950000E-04    6.5378319346E-01    2.3553182943E-01   -8.5877873264E+00    4.9674074135E-02
    2.8699950000E-04    6.4200690708E-01    2.1394054542E-01   -8.6591029733E+00    5.0176670745E-02
    2.8799950000E-04    6.3113834940E-01    1.9161469264E-01   -8.7313216114E+00    5.0661458316E-02
    2.8899950000E-04    6.2121088433E-01    1.6863285321E-01   -8.8044134843E+00    5.1127118077E-02
    2.8999950000E-04    6.1227322928E-01    1.4505964717E-01   -8.8783333740E+00    5.1570813961E-02
    2.9099950000E-04    6.0435771746E-01    1.2097566330E-01   -8.9530368245E+00    5.1988268406E-02
    2.9199950000E-04    5.9750765631E-01    9.6450630626E-02   -9.0284665650E+00    5.2374609258E-02
    2.9299950000E-04    5.9175610625E-01    7.1560690108E-02   -9.1045625355E+00    5.2725399879E-02
    2.9399950000E-04    5.8715122497E-01    4.6366786971E-02   -9.1812443091E+00    5.3037686364E-02
    2.9499950000E-04    5.8373738044E-01    2.0929601673E-02   -9.2584196443E+00    5.3310550286E-02
    2.9599950000E-04    5.8154160682E-01   -4.6813413922E-03   -9.3359949697E+00    5.3544875270E-02
    2.9699950000E-04    5.8059680637E-01   -3.0404618452E-02   -9.4138628093E+00    5.3742662259E-02
    2.9799950000E-04    5.8092913713E-01   -5.6176489674E-02   -9.4919136935E+00    5.3906184912E-02
    2.9899950000E-04    5.8255871296E-01   -8.1929985819E-02   -9.5700393345E+00    5.4037108789E-02
    2.9999950000E-04    5.8550619561E-01   -1.0759774103E-01   -9.6481283019E+00    5.4136100099E-02
    3.0099950000E-04    5.8978691321E-01   -1.3310693547E-01   -9.7260694944E+00    5.4202865205E-02
    3.0199950000E-04    5.9541128399E-01   -1.5837928833E-01   -9.8037495507E+00    5.4236538432E-02
    3.0299950000E-04    6.0238281126E-01   -1.8333040613E-01   -9.8810527952E+00    5.4236231601E-02
    3.0399950000E-04    6.1069420362E-01   -2.0786905277E-01   -9.9578650567E+00    5.4201525142E-02
    3.0499950000E-04    6.2032508776E-01   -2.3189824387E-01   -1.0034078506E+01    5.4132793504E-02
    3.0599950000E-04    6.3124006084E-01   -2.5531709837E-01   -1.0109597366E+01    5.4031354866E-02
    3.0699950000E-04    6.4338915743E-01   -2.7802401531E-01   -1.0184340851E+01    5.3899470175E-02
    3.0799950000E-04    6.5670971648E-01   -2.9991992005E-01   -1.0258243106E+01    5.3740180512E-02
    3.0899950000E-04    6.7112471147E-01   -3.2090936899E-01   -1.0331254507E+01    5.3556943179E-02
    3.0999950000E-04    6.8654807392E-01   -3.4090367268E-01   -1.0403336542E+01    5.3353126132E-02
    3.1099950000E-04    7.0289285902E-01   -3.5982318364E-01   -1.0474455462E+01    5.3131464030E-02
    3.1199950000E-04    7.2006603637E-01   -3.7759513666E-01   -1.0544587689E+01    5.2893733358E-02
    3.1299950000E-04    7.3797722404E-01   -3.9415580745E-01   -1.0613714394E+01    5.2640894486E-02
    3.1399950000E-04    7.5653854882E-01   -4.0944983697E-01   -1.0681822390E+01    5.2373487220E-02
    3.1499950000E-04    7.7566399599E-01   -4.2342988408E-01   -1.0748904127E+01    5.2092151738E-02
    3.1599950000E-04    7.9526880375E-01   -4.3605639983E-01   -1.0814956762E+01    5.1798007878E-02
    3.1699950000E-04    8.1526821509E-01   -4.4729740313E-01   -1.0879981295E+01    5.1492828362E-02
    3.1799950000E-04    8.3557539566E-01   -4.5712822605E-01   -1.0943982825E+01    5.1178833890E-02
    3.1899950000E-04    8.5610313468E-01   -4.6553147600E-01   -1.1006969092E+01    5.0858493065E-02
    3.1999950000E-04    8.7676326611E-01   -4.7249689314E-01   -1.1068951070E+01    5.0534346366E-02
    3.2099950000E-04    8.9747063895E-01   -4.7802045202E-01   -1.1129941143E+01    5.0208932618E-02
    3.2199950000E-04    9.1813908066E-01   -4.8210452231E-01   -1.1189955543E+01    4.9884843608E-02
    3.2299950000E-04    9.3868437199E-01   -4.8475707227E-01   -1.1249012231E+01    4.9564817289E-02
    3.2399950000E-04    9.5902464278E-01   -4.8599096063E-01   -1.1307129741E+01    4.9251779671E-02
    3.2499950000E-04    9.7908174312E-01   -4.8582280785E-01   -1.1364325240E+01    4.8948836671E-02
    3.2599950000E-04    9.9877617501E-01   -4.8427521001E-01   -1.1420616003E+01    4.8659206540E-02
    3.2699950000E-04    1.0180315376E+00   -4.8137574417E-01   -1.1476016621E+01    4.8386114771E-02
    3.2799950000E-04    1.0367742286E+00   -4.7715797316E-01   -1.1530539295E+01    4.8132646137E-02
    3.2899950000E-04    1.0549330153E+00   -4.7166328310E-01   -1.1584194988E+01    4.7901540086E-02
    3.2999950000E-04    1.0724437374E+00   -4.6493879438E-01   -1.1636992481E+01    4.7695010093E-02
    3.3099950000E-04    1.0892499263E+00   -4.5703687369E-01   -1.1688939667E+01    4.7514492875E-02
    3.3199950000E-04    1.1053037777E+00   -4.4801403860E-01   -1.1740044609E+01    4.7360573358E-02
    3.3299950000E-04    1.1205682559E+00   -4.3792773947E-01   -1.1790315463E+01    4.7233159917E-02
    3.3399950000E-04    1.1350159437E+00   -4.2683592526E-01   -1.1839761458E+01    4.7131784919E-02
    3.3499950000E-04    1.1486283388E+00   -4.1479614411E-01   -1.1888393015E+01    4.7055912624E-02
    3.3599950000E-04    1.1613954269E+00   -4.0186376795E-01   -1.1936221039E+01    4.7005121600E-02
    3.3699950000E-04    1.1733139917E+00   -3.8809214059E-01   -1.1983256764E+01    4.6979100463E-02
    3.3799950000E-04    1.1843860720E+00   -3.7353347429E-01   -1.2029511806E+01    4.6977512332E-02
    3.3899950000E-04    1.1946184807E+00   -3.5823853329E-01   -1.2074997943E+01    4.6999835054E-02
    3.3999950000E-04    1.2040227377E+00   -3.4225557583E-01   -1.2119726890E+01    4.7045259360E-02
    3.4099950000E-04    1.2126149505E+00   -3.2562926209E-01   -1.2163710259E+01    4.7112669306E-02
    3.4199950000E-04    1.2204151840E+00   -3.0840115519E-01   -1.2206960107E+01    4.7200674732E-02
    3.4299950000E-04    1.2274465443E+00   -2.9061209416E-01   -1.2249490105E+01    4.7307635699E-02
    3.4399950000E-04    1.2337345722E+00   -2.7230452470E-01   -1.2291316718E+01    4.7431626637E-02
    3.4499950000E-04    1.2393074511E+00   -2.5352064904E-01   -1.2332459096E+01    4.7570322221E-02
    3.4599950000E-04    1.2441956783E+00   -2.3430078436E-01   -1.2372939328E+01    4.7720828729E-02
    3.4699950000E-04    1.2484306961E+00   -2.1468752486E-01   -1.2412785125E+01    4.7879508156E-02
    3.4799950000E-04    1.2520441044E+00   -1.9472792735E-01   -1.2452032167E+01    4.8041840323E-02
    3.4899950000E-04    1.2550679888E+00   -1.7446335635E-01   -1.2490722105E+01    4.8202371864E-02
    3.4999950000E-04    1.2575333846E+00   -1.5393101598E-01   -1.2528904642E+01    4.8354802973E-02
    3.5099950000E-04    1.2594685069E+00   -1.3317358383E-01   -1.2566642286E+01    4.8492190633E-02
    3.5199950000E-04    1.2608985711E+00   -1.1223134639E-01   -1.2604007962E+01    4.8607250523E-02
    3.5299950000E-04    1.2618449040E+00   -9.1139332244E-02   -1.2641083618E+01    4.8692762691E-02
    3.5399950000E-04    1.2623238582E+00   -6.9931456515E-02   -1.2677960638E+01    4.8742030341E-02
    3.5499950000E-04    1.2623462331E+00   -4.8640638952E-02   -1.2714737846E+01    4.8749343627E-02
    3.5599950000E-04    1.2619168930E+00   -2.7298795390E-02   -1.2751518719E+01    4.8710413475E-02
    3.5699950000E-04    1.2610345996E+00   -5.9380131219E-03   -1.2788408529E+01    4.8622730415E-02
    3.5799950000E-04    1.2596921290E+00    1.5408220351E-02   -1.2825511279E+01    4.8485799336E-02
    3.5899950000E-04    1.2578766823E+00    3.6703057354E-02   -1.2862927033E+01    4.8301203095E-02
    3.5999950000E-04    1.2555705170E+00    5.7906798465E-02   -1.2900748758E+01    4.8072467959E-02
    3.6099950000E-04    1.2527519170E+00    7.8972958829E-02   -1.2939061659E+01    4.7804716441E-02
    3.6199950000E-04    1.2493962297E+00    9.9849983399E-02   -1.2977941319E+01    4.7504146410E-02
    3.6299950000E-04    1.2454766364E+00    1.2048633990E-01   -1.3017451679E+01    4.7177427196E-02
    3.6399950000E-04    1.2409650037E+00    1.4083065367E-01   -1.3057645862E+01    4.6831129852E-02
    3.6499950000E-04    1.2358342783E+00    1.6081741396E-01   -1.3098572732E+01    4.6471293684E-02
    3.6599950000E-04    1.2300586850E+00    1.8038184480E-01   -1.3140273183E+01    4.6103200851E-02
    3.6699950000E-04    1.2236136039E+00    1.9946660410E-01   -1.3182779650E+01    4.5731347646E-02
    3.6799950000E-04    1.2164765640E+00    2.1801619033E-01   -1.3226119722E+01    4.5359568441E-02
    3.6899950000E-04    1.2086320815E+00    2.3595408705E-01   -1.3270324722E+01    4.4991178427E-02
    3.6999950000E-04    1.2000652664E+00    2.5322567434E-01   -1.3315416393E+01    4.4629098092E-02
    3.7099950000E-04    1.1907668738E+00    2.6976851012E-01   -1.3361417063E+01    4.4275950842E-02
    3.7199950000E-04    1.1807327881E+00    2.8551875311E-01   -1.3408347798E+01    4.3934081657E-02
    3.7299950000E-04    1.1699633880E+00    3.0041441096E-01   -1.3456227586E+01    4.3605500177E-02
    3.7399950000E-04    1.1584663606E+00    3.1438724507E-01   -1.3505075713E+01    4.3291952234E-02
    3.7499950000E-04    1.1462576457E+00    3.2736444322E-01   -1.3554910894E+01    4.2994990334E-02
    3.7599950000E-04    1.1333586394E+00    3.3927908566E-01   -1.3605747947E+01    4.2716048299E-02
    3.7699950000E-04    1.1197962009E+00    3.5007006572E-01   -1.3657597475E+01    4.2456540107E-02
    3.7799950000E-04    1.1056133933E+00    3.5966219013E-01   -1.3710470972E+01    4.2217859754E-02
    3.7899950000E-04    1.0908605507E+00    3.6799097698E-01   -1.3764373718E+01    4.2001271790E-02
    3.7999950000E-04    1.0755987261E+00    3.7499699647E-01   -1.3819306761E+01    4.1807747844E-02
    3.8099950000E-04    1.0598957324E+00    3.8063343956E-01   -1.3875265659E+01    4.1637803419E-02
    3.8199950000E-04    1.0438339049E+00    3.8485507137E-01   -1.3932244659E+01    4.1491348292E-02
    3.8299950000E-04    1.0275037988E+00    3.8762886691E-01   -1.3990235072E+01    4.1367683897E-02
    3.8399950000E-04    1.0109956816E+00    3.8894185012E-01   -1.4049223974E+01    4.1265624018E-02
    3.8499950000E-04    9.9440362014E-01    3.8879227283E-01   -1.4109197039E+01    4.1183625203E-02
    3.8599950000E-04    9.7782490513E-01    3.8718812712E-01   -1.4170138926E+01    4.1119935110E-02
    3.8699950000E-04    9.6135691439E-01    3.8414793085E-01   -1.4232032594E+01    4.1072743572E-02
    3.8799950000E-04    9.4509581199E-01    3.7969942729E-01   -1.4294858943E+01    4.1040304930E-02
    3.8899950000E-04    9.2913657562E-01    3.7387770754E-01   -1.4358596484E+01    4.1021019466E-02
    3.8999950000E-04    9.1357291598E-01    3.6672414191E-01   -1.4423220680E+01    4.1013467970E-02
    3.9099950000E-04    8.9849699183E-01    3.5828592635E-01   -1.4488703005E+01    4.1016390789E-02
    3.9199950000E-04    8.8399904245E-01    3.4861592401E-01   -1.4555009882E+01    4.1028613073E-02
    3.9299950000E-04    8.7016701522E-01    3.3777259496E-01   -1.4622101619E+01    4.1048938094E-02
    3.9399950000E-04    8.5708615786E-01    3.2581992327E-01   -1.4689931524E+01    4.1076048228E-02
    3.9499950000E-04    8.4483849029E-01    3.1282730500E-01   -1.4758445357E+01    4.1108455748E-02
    3.9599950000E-04    8.3350205243E-01    2.9886938224E-01   -1.4827581254E+01    4.1144528439E-02
    3.9699950000E-04    8.2314979880E-01    2.8402581991E-01   -1.4897270170E+01    4.1182584853E-02
    3.9799950000E-04    8.1384792132E-01    2.6838103192E-01   -1.4967436787E+01    4.1221025797E-02
    3.9899950000E-04    8.0565362451E-01    2.5202377657E-01   -1.5038000767E+01    4.1258456658E-02
    3.9999950000E-04    7.9861442410E-01    2.3504625675E-01   -1.5108878326E+01    4.1293766167E-02
    4.0099950000E-04    7.9276911088E-01    2.1754311667E-01   -1.5179983719E+01    4.1326153963E-02
    4.0199950000E-04    7.8814893184E-01    1.9961080726E-01   -1.5251230190E+01    4.1355122823E-02
    4.0299950000E-04    7.8477780547E-01    1.8134735201E-01   -1.5322530322E+01    4.1380461332E-02
    4.0399950000E-04    7.8267136375E-01    1.6285222267E-01   -1.5393796116E+01    4.1402236154E-02
    4.0499950000E-04    7.8183550358E-01    1.4422600483E-01   -1.5464939280E+01    4.1420794434E-02
    4.0599950000E-04    7.8226527963E-01    1.2556972321E-01   -1.5535872084E+01    4.1436756554E-02
    4.0699950000E-04    7.8394452073E-01    1.0698389195E-01   -1.5606508876E+01    4.1450970744E-02
    4.0799950000E-04    7.8684610232E-01    8.8567442848E-02   -1.5676768057E+01    4.1464412484E-02
    4.0899950000E-04    7.9093271950E-01    7.0416699570E-02   -1.5746574168E+01    4.1478040150E-02
    4.0999950000E-04    7.9615809755E-01    5.2624564910E-02   -1.5815859587E+01    4.1492647798E-02
    4.1099950000E-04    8.0246849976E-01    3.5280044237E-02   -1.5884565474E+01    4.1508766300E-02
    4.1199950000E-04    8.0980409918E-01    1.8468088219E-02   -1.5952641795E+01    4.1526646313E-02
    4.1299950000E-04    8.1809955245E-01    2.2695239129E-03   -1.6020046594E+01    4.1546319959E-02
    4.1399950000E-04    8.2728416413E-01   -1.3239093202E-02   -1.6086744848E+01    4.1567705375E-02
    4.1499950000E-04    8.3728221307E-01   -2.7985740002E-02   -1.6152707191E+01    4.1590708134E-02
    4.1599950000E-04    8.4801352096E-01   -4.1903319201E-02   -1.6217908778E+01    4.1615286906E-02
    4.1699950000E-04    8.5939400038E-01   -5.4930255238E-02   -1.6282328485E+01    4.1641475996E-02
    4.1799950000E-04    8.7133579688E-01   -6.7011440369E-02   -1.6345948551E+01    4.1669377509E-02
    4.1899950000E-04    8.8374693243E-01   -7.8099655548E-02   -1.6408754617E+01    4.1699139438E-02
    4.1999950000E-04    8.9653085009E-01   -8.8157414899E-02   -1.6470735966E+01    4.1730925220E-02
    4.2099950000E-04    9.0958659675E-01   -9.7158919017E-02   -1.6531885642E+01    4.1764868327E-02
    4.2199950000E-04    9.2281030687E-01   -1.0509159804E-01   -1.6592200171E+01    4.1801006177E-02
    4.2299950000E-04    9.3609816391E-01   -1.1195672235E-01   -1.6651678762E+01    4.1839203332E-02
    4.2399950000E-04    9.4935055509E-01   -1.1776867765E-01   -1.6710322082E+01    4.1879092628E-02
    4.2499950000E-04    9.6247628303E-01   -1.2255308366E-01   -1.6768130973E+01    4.1920067648E-02
    4.2599950000E-04    9.7539480612E-01   -1.2634500684E-01   -1.6825105806E+01    4.1961339228E-02
    4.2699950000E-04    9.8803693071E-01   -1.2918745676E-01   -1.6881246534E+01    4.2002034579E-02
    4.2799950000E-04    1.0003446770E+00   -1.3113003925E-01   -1.6936553268E+01    4.2041299157E-02
    4.2899950000E-04    1.0122708138E+00   -1.3222760131E-01   -1.6991027096E+01    4.2078365308E-02
    4.2999950000E-04    1.0237783016E+00   -1.3253875615E-01   -1.7044670904E+01    4.2112571925E-02
    4.3099950000E-04    1.0348396858E+00   -1.3212428248E-01   -1.7097490013E+01    4.2143342276E-02
    4.3199950000E-04    1.0454364214E+00   -1.3104545322E-01   -1.7149492518E+01    4.2170141705E-02
    4.3299950000E-04    1.0555581204E+00   -1.2936236242E-01   -1.7200689313E+01    4.2192439434E-02
    4.3399950000E-04    1.0652015040E+00   -1.2713261849E-01   -1.7251093889E+01    4.2209691019E-02
    4.3499950000E-04    1.0743692676E+00   -1.2441033588E-01   -1.7300721928E+01    4.2221346025E-02
    4.3599950000E-04    1.0830689561E+00   -1.2124541227E-01   -1.7349590749E+01    4.2226874753E-02
    4.3699950000E-04    1.0913118649E+00   -1.1768313967E-01   -1.7397718674E+01    4.2225800400E-02
    4.3799950000E-04    1.0991120198E+00   -1.1376412507E-01   -1.7445124426E+01    4.2217722313E-02
    4.3899950000E-04    1.1064852783E+00   -1.0952446243E-01   -1.7491826607E+01    4.2202321721E-02
    4.3999950000E-04    1.1134485809E+00   -1.0499607265E-01   -1.7537843310E+01    4.2179350827E-02
    4.4099950000E-04    1.1200193643E+00   -1.0020711870E-01   -1.7583191892E+01    4.2148614962E-02
    4.4199950000E-04    1.1262151458E+00   -9.5182375741E-02   -1.7627888902E+01    4.2109961742E-02
    4.4299950000E-04    1.1320532212E+00   -8.9943561421E-02   -1.7671950141E+01    4.2063289333E-02
    4.4399950000E-04    1.1375501773E+00   -8.4510229723E-02   -1.7715391039E+01    4.2008577105E-02
    4.4499950000E-04    1.1427215351E+00   -7.8900650149E-02   -1.7758227107E+01    4.1945930740E-02
    4.4599950000E-04    1.1475816428E+00   -7.3132307794E-02   -1.7800474279E+01    4.1875627744E-02
    4.4699950000E-04    1.1521438349E+00   -6.7221802025E-02   -1.7842149041E+01    4.1798149454E-02
    4.4799950000E-04    1.1564209658E+00   -6.1183577922E-02   -1.7883268100E+01    4.1714194336E-02
    4.4899950000E-04    1.1604254769E+00   -5.5029589220E-02   -1.7923848327E+01    4.1624681562E-02
    4.4999950000E-04    1.1641684663E+00   -4.8772082884E-02   -1.7963907726E+01    4.1530742189E-02
    4.5099950000E-04    1.1676593874E+00   -4.2425275603E-02   -1.8003466010E+01    4.1433687588E-02
    4.5199950000E-04    1.1709066965E+00   -3.6004152827E-02   -1.8042544166E+01    4.1334956651E-02
    4.5299950000E-04    1.1739186687E+00   -2.9522021759E-02   -1.8081163551E+01    4.1236066658E-02
    4.5399950000E-04    1.1767032767E+00   -2.2990819319E-02   -1.8119345943E+01    4.1138590756E-02
    4.5499950000E-04    1.1792677712E+00   -1.6422834704E-02   -1.8157114090E+01    4.1044143616E-02
    4.5599950000E-04    1.1816187158E+00   -9.8310356823E-03   -1.8194491790E+01    4.0954352115E-02
    4.5699950000E-04    1.1837623612E+00   -3.2277809527E-03   -1.8231503408E+01    4.0870810863E-02
    4.5799950000E-04    1.1857046930E+00    3.3753786554E-03   -1.8268173791E+01    4.0795029536E-02
    4.5899950000E-04    1.1874513126E+00    9.9670832993E-03   -1.8304528490E+01    4.0728374359E-02
    4.5999950000E-04    1.1890075173E+00    1.6536578526E-02   -1.8340593642E+01    4.0672010404E-02
    4.6099950000E-04    1.1903783264E+00    2.3074143655E-02   -1.8376395859E+01    4.0626861255E-02
    4.6199950000E-04    1.1915683544E+00    2.9570815145E-02   -1.8411962370E+01    4.0593601677E-02
    4.6299950000E-04    1.1925816541E+00    3.6017865654E-02   -1.8447321226E+01    4.0572692194E-02
    4.6399950000E-04    1.1934215884E+00    4.2406385629E-02   -1.8482501400E+01    4.0564456039E-02
    4.6499950000E-04    1.1940907569E+00    4.8727239115E-02   -1.8517532676E+01    4.0569189281E-02
    4.6599950000E-04    1.1945909574E+00    5.4971435790E-02   -1.8552445296E+01    4.0587285194E-02
    4.6699950000E-04    1.1949231508E+00    6.1130719034E-02   -1.8587269440E+01    4.0619345856E-02
    4.6799950000E-04    1.1950874134E+00    6.7198062140E-02   -1.8622034695E+01    4.0666250569E-02
    4.6899950000E-04    1.1950828952E+00    7.3167858604E-02   -1.8656769636E+01    4.0729155522E-02
    4.6999950000E-04    1.1949078176E+00    7.9035832795E-02   -1.8691501567E+01    4.0809413772E-02
    4.7099950000E-04    1.1945595373E+00    8.4798879245E-02   -1.8726256427E+01    4.0908426021E-02
    4.7199950000E-04    1.1940346652E+00    9.0454711539E-02   -1.8761058917E+01    4.1027452167E-02
    4.7299950000E-04    1.1933292329E+00    9.6002593075E-02   -1.8795932414E+01    4.1167421205E-02
    4.7399950000E-04    1.1924388192E+00    1.0144426726E-01   -1.8830898962E+01    4.1328770988E-02
    4.7499950000E-04    1.1913587256E+00    1.0678052333E-01   -1.8865980845E+01    4.1511334160E-02
    4.7599950000E-04    1.1900842787E+00    1.1200946071E-01   -1.8901201495E+01    4.1714304434E-02
    4.7699950000E-04    1.1886104751E+00    1.1714126239E-01   -1.8936580625E+01    4.1936337818E-02
    4.7799950001E-04    1.1869322877E+00    1.2218403944E-01   -1.8972139274E+01    4.2175667508E-02
    4.7899950001E-04    1.1850452762E+00    1.2713772397E-01   -1.9007901679E+01    4.2430238765E-02
    4.7999950001E-04    1.1829449479E+00    1.3200992931E-01   -1.9043889516E+01    4.2697898112E-02
    4.8099950001E-04    1.1806271346E+00    1.3680780102E-01   -1.9080124286E+01    4.2976572541E-02
    4.8199950001E-04    1.1780878983E+00    1.4153980635E-01   -1.9116626319E+01    4.3264450524E-02
    4.8299950001E-04    1.1753241365E+00    1.4620975355E-01   -1.9153416372E+01    4.3559951055E-02
    4.8399950001E-04    1.1723325052E+00    1.5082818545E-01   -1.9190511481E+01    4.3861882556E-02
    4.8499950001E-04    1.1691101458E+00    1.5540290545E-01   -1.9227928118E+01    4.4169369447E-02
    4.8599950001E-04    1.1656545914E+00    1.5993982790E-01   -1.9265682026E+01    4.4481655493E-02
    4.8699950001E-04    1.1619647232E+00    1.6443531929E-01   -1.9303791096E+01    4.4798020269E-02
    4.8799950001E-04    1.1580381922E+00    1.6889442750E-01   -1.9342269499E+01    4.5117646637E-02
    4.8899950001E-04    1.1538735070E+00    1.7331325692E-01   -1.9381134076E+01    4.5439509128E-02
    4.8999950001E-04    1.1494699382E+00    1.7768030465E-01   -1.9420404045E+01    4.5762457788E-02
    4.9099950000E-04    1.1448201519E+00    1.8201345321E-01   -1.9460088407E+01    4.6085464354E-02
    4.9199950000E-04    1.1399222912E+00    1.8629193424E-01   -1.9500208749E+01    4.6407712277E-02
    4.9299950000E-04    1.1347705564E+00    1.9050814661E-01   -1.9540781101E+01    4.6728723030E-02
    4.9399950000E-04    1.1293558251E+00    1.9465980313E-01   -1.9581818198E+01    4.7048423846E-02
    4.9499950000E-04    1.1236724141E+00    1.9872328499E-01   -1.9623337704E+01    4.7366767604E-02
    4.9599950000E-04    1.1177074292E+00    2.0269640441E-01   -1.9665348246E+01    4.7683634609E-02
    4.9699950000E-04    1.1114490767E+00    2.0656511457E-01   -1.9707860849E+01    4.7998579968E-02
    4.9799950000E-04    1.1048824519E+00    2.1031938391E-01   -1.9750884302E+01    4.8310650868E-02
    4.9899950000E-04    1.0979985923E+00    2.1392643256E-01   -1.9794434732E+01    4.8618519191E-02
    4.9999950000E-04    1.0907820272E+00    2.1736934232E-01   -1.9838523469E+01    4.8920750691E-02
    5.0099950000E-04    1.0832178717E+00    2.2062471356E-01   -1.9883164954E+01    4.9216086027E-02
    5.0199950000E-04    1.0752922144E+00    2.2366308111E-01   -1.9928376661E+01    4.9503808737E-02
    5.0299950000E-04    1.0669923978E+00    2.2644984344E-01   -1.9974178336E+01    4.9783960528E-02
    5.0399950000E-04    1.0583062702E+00    2.2894830856E-01   -2.0020590493E+01    5.0057317034E-02
    5.0499950000E-04    1.0492230817E+00    2.3111891189E-01   -2.0067634020E+01    5.0325253864E-02
    5.0599950000E-04    1.0397354151E+00    2.3291714717E-01   -2.0115330290E+01    5.0589441678E-02
    5.0699950000E-04    1.0298391202E+00    2.3429574068E-01   -2.0163700034E+01    5.0851532069E-02
    5.0799950000E-04    1.0195329023E+00    2.3520687174E-01   -2.0212762430E+01    5.1112850168E-02
    5.0899950000E-04    1.0088204226E+00    2.3560007000E-01   -2.0262535859E+01    5.1374220925E-02
    5.0999950000E-04    9.9771297677E-01    2.3542016477E-01   -2.0313038763E+01    5.1635917215E-02
    5.1099950000E-04    9.8622720558E-01    2.3461257154E-01   -2.0364288166E+01    5.1897728474E-02
    5.1199950000E-04    9.7438859312E-01    2.3312008248E-01   -2.0416301078E+01    5.2159092473E-02
    5.1299950000E-04    9.6221629886E-01    2.3090214271E-01   -2.0469087886E+01    5.2419372456E-02
    5.1399950000E-04    9.4974556439E-01    2.2790744802E-01   -2.0522662347E+01    5.2678009154E-02
    5.1499950000E-04    9.3701643813E-01    2.2408973608E-01   -2.0577036249E+01    5.2934631836E-02
    5.1599950000E-04    9.2406760518E-01    2.1941379713E-01   -2.0632217535E+01    5.3189153044E-02
    5.1699950000E-04    9.1094310979E-01    2.1384800475E-01   -2.0688213376E+01    5.3441759157E-02
    5.1799950000E-04    8.9769451100E-01    2.0736312821E-01   -2.0745031175E+01    5.3692785987E-02
    5.1899950000E-04    8.8437177784E-01    1.9994037772E-01   -2.0802676158E+01    5.3942596620E-02
    5.1999950000E-04    8.7102764954E-01    1.9156683676E-01   -2.0861153591E+01    5.4191478545E-02
    5.2099950000E-04    8.5771950520E-01    1.8223404541E-01   -2.0920469734E+01    5.4439503171E-02
    5.2199950000E-04    8.4450712927E-01    1.7193968951E-01   -2.0980631341E+01    5.4686449632E-02
    5.2299950000E-04    8.3145327561E-01    1.6068704967E-01   -2.1041645678E+01    5.4931792896E-02
    5.2399950000E-04    8.1862197292E-01    1.4848591734E-01   -2.1103519520E+01    5.5174779310E-02
    5.2499950000E-04    8.0608056637E-01    1.3535126180E-01   -2.1166258759E+01    5.5414516338E-02
    5.2599950000E-04    7.9389709312E-01    1.2130460184E-01   -2.1229866871E+01    5.5650142569E-02
    5.2699950000E-04    7.8213600806E-01    1.0637553756E-01   -2.1294343418E+01    5.5881025762E-02
    5.2799950000E-04    7.7086400972E-01    9.0598211326E-02   -2.1359684729E+01    5.6106925840E-02
    5.2899950000E-04    7.6015249401E-01    7.4010236980E-02   -2.1425883833E+01    5.6328054947E-02
    5.2999950000E-04    7.5006403812E-01    5.6657711708E-02   -2.1492928731E+01    5.6545011898E-02
    5.3099950000E-04    7.4066569860E-01    3.8589149146E-02   -2.1560804502E+01    5.6758562563E-02
    5.3199950000E-04    7.3202797830E-01    1.9856272191E-02   -2.1629492593E+01    5.6969294863E-02
    5.3299950000E-04    7.2422015676E-01    5.1576129189E-04   -2.1698969559E+01    5.7177231168E-02
    5.3399950000E-04    7.1733105358E-01   -1.9375777155E-02   -2.1769206262E+01    5.7381492578E-02
    5.3499950000E-04    7.1144163201E-01   -3.9753106939E-02   -2.1840163779E+01    5.7580296443E-02
    5.3599950000E-04    7.0663300518E-01   -6.0544967344E-02   -2.1911792140E+01    5.7771188050E-02
    5.3699950000E-04    7.0299205189E-01   -8.1675112228E-02   -2.1984028415E+01    5.7951439702E-02
    5.3799950000E-04    7.0058943471E-01   -1.0305886967E-01   -2.2056796696E+01    5.8118663495E-02
    5.3899950000E-04    6.9948687243E-01   -1.2460638969E-01   -2.2130009421E+01    5.8271262724E-02
    5.3999950000E-04    6.9973236930E-01   -1.4622334632E-01   -2.2203569690E+01    5.8408568904E-02
    5.4099950000E-04    7.0135877918E-01   -1.6781216220E-01   -2.2277374211E+01    5.8530646800E-02
    5.4199950000E-04    7.0438808552E-01   -1.8927325333E-01   -2.2351315497E+01    5.8637878261E-02
    5.4299950000E-04    7.0882771465E-01   -2.1050523449E-01   -2.2425284506E+01    5.8730571360E-02
    5.4399950000E-04    7.1466846649E-01   -2.3140562625E-01   -2.2499172948E+01    5.8808763583E-02
    5.4499950000E-04    7.2188715601E-01   -2.5187178492E-01   -2.2572874349E+01    5.8872251553E-02
    5.4599950000E-04    7.3044790187E-01   -2.7180161740E-01   -2.2646284825E+01    5.8920775215E-02
    5.4699950000E-04    7.4030134628E-01   -2.9109445423E-01   -2.2719304347E+01    5.8954238167E-02
    5.4799950000E-04    7.5138468130E-01   -3.0965222643E-01   -2.2791838398E+01    5.8972873898E-02
    5.4899950000E-04    7.6362339938E-01   -3.2738074542E-01   -2.2863799783E+01    5.8977337078E-02
    5.4999950000E-04    7.7693432745E-01   -3.4419082866E-01   -2.2935110296E+01    5.8968741994E-02
    5.5099950000E-04    7.9122888277E-01   -3.5999911370E-01   -2.3005701904E+01    5.8948661371E-02
    5.5199950000E-04    8.0641583206E-01   -3.7472848392E-01   -2.3075517129E+01    5.8919070045E-02
    5.5299950000E-04    8.2240338273E-01   -3.8830805717E-01   -2.3144508486E+01    5.8882215670E-02
    5.5399950000E-04    8.3910052621E-01   -4.0067279146E-01   -2.3212637186E+01    5.8840433908E-02
    5.5499950000E-04    8.5641741131E-01   -4.1176295803E-01   -2.3279871644E+01    5.8795968181E-02
    5.5599950000E-04    8.7426471024E-01   -4.2152382024E-01   -2.3346186265E+01    5.8750866843E-02
    5.5699950000E-04    8.9255243694E-01   -4.2990568168E-01   -2.3411560686E+01    5.8707001224E-02
    5.5799950000E-04    9.1118893324E-01   -4.3686417617E-01   -2.3475979273E+01    5.8666194498E-02
    5.5899950000E-04    9.3008042903E-01   -4.4236057602E-01   -2.3539430569E+01    5.8630404493E-02
    5.5999950000E-04    9.4913108861E-01   -4.4636205749E-01   -2.3601906545E+01    5.8601885884E-02
    5.6099950000E-04    9.6824258462E-01   -4.4884259787E-01   -2.3663401864E+01    5.8583270632E-02
    5.6199950000E-04    9.8731351227E-01   -4.4978472559E-01   -2.3723913166E+01    5.8577536599E-02
    5.6299950000E-04    1.0062396799E+00   -4.4918161393E-01   -2.3783438260E+01    5.8587862598E-02
    5.6399950000E-04    1.0249157205E+00   -4.4703892053E-01   -2.3841975278E+01    5.8617386344E-02
    5.6499950000E-04    1.0432379741E+00   -4.4337576286E-01   -2.3899522016E+01    5.8668898943E-02
    5.6599950000E-04    1.0611083249E+00   -4.3822417190E-01   -2.3956075632E+01    5.8744536305E-02
    5.6699950000E-04    1.0784379383E+00   -4.3162717919E-01   -2.4011632917E+01    5.8845555808E-02
    5.6799950000E-04    1.0951488901E+00   -4.2363786650E-01   -2.4066191730E+01    5.8972283520E-02
    5.6899950000E-04    1.1111749261E+00   -4.1431845538E-01   -2.4119752712E+01    5.9124260915E-02
    5.6999950000E-04    1.1264633912E+00   -4.0373573588E-01   -2.4172319629E+01    5.9300540060E-02
    5.7099950000E-04    1.1409747738E+00   -3.9195805540E-01   -2.4223899556E+01    5.9500014137E-02
    5.7199950000E-04    1.1546800738E+00   -3.7905599606E-01   -2.4274503345E+01    5.9721644694E-02
    5.7299950000E-04    1.1675611980E+00   -3.6509647949E-01   -2.4324143454E+01    5.9964521693E-02
    5.7399950000E-04    1.1796071934E+00   -3.5014673427E-01   -2.4372834412E+01    6.0227762799E-02
    5.7499950000E-04    1.1908144597E+00   -3.3427013254E-01   -2.4420591056E+01    6.0510327930E-02
    5.7599950000E-04    1.2011853907E+00   -3.1752674397E-01   -2.4467428372E+01    6.0810887751E-02
    5.7699950000E-04    1.2107280873E+00   -2.9997170506E-01   -2.4513360965E+01    6.1127762025E-02
    5.7799950000E-04    1.2194538740E+00   -2.8166467250E-01   -2.4558406046E+01    6.1458947994E-02
    5.7899950000E-04    1.2273790964E+00   -2.6266354256E-01   -2.4602581643E+01    6.1802161615E-02
    5.7999950000E-04    1.2345250921E+00   -2.4302268266E-01   -2.4645906250E+01    6.2154847145E-02
    5.8099950000E-04    1.2409167206E+00   -2.2279927782E-01   -2.4688401326E+01    6.2514013035E-02
    5.8199950000E-04    1.2465820365E+00   -2.0205464978E-01   -2.4730092524E+01    6.2875950453E-02
    5.8299950000E-04    1.2515524558E+00   -1.8084882133E-01   -2.4771009437E+01    6.3235924080E-02
    5.8399950000E-04    1.2558615486E+00   -1.5924212074E-01   -2.4811188168E+01    6.3587845862E-02
    5.8499950000E-04    1.2595439587E+00   -1.3729582624E-01   -2.4850674035E+01    6.3924229328E-02
    5.8599950000E-04    1.2626345856E+00   -1.1506627904E-01   -2.4889521742E+01    6.4236460433E-02
    5.8699950000E-04    1.2651668394E+00   -9.2609979246E-02   -2.4927799285E+01    6.4515331770E-02
    5.8799950000E-04    1.2671715584E+00   -6.9977751701E-02   -2.4965586679E+01    6.4751785599E-02
    5.8899950000E-04    1.2686754377E+00   -4.7218042911E-02   -2.5002976960E+01    6.4937723020E-02
    5.8999950000E-04    1.2696998583E+00   -2.4372951119E-02   -2.5040073032E+01    6.5066710394E-02
    5.9099950000E-04    1.2702596885E+00   -1.4806925093E-03   -2.5076985903E+01    6.5134494568E-02
    5.9199950000E-04    1.2703624862E+00    2.1421668164E-02   -2.5113832187E+01    6.5139301504E-02
    5.9299950000E-04    1.2700081141E+00    4.4297868062E-02   -2.5150730125E+01    6.5081933677E-02
    5.9399950000E-04    1.2691887217E+00    6.7111496707E-02   -2.5187795720E+01    6.4965692840E-02
    5.9499950000E-04    1.2678891039E+00    8.9825103656E-02   -2.5225139057E+01    6.4796141012E-02
    5.9599950000E-04    1.2660874198E+00    1.1239894448E-01   -2.5262861335E+01    6.4580698793E-02
    5.9699950000E-04    1.2637563292E+00    1.3478780217E-01   -2.5301053516E+01    6.4328087308E-02
    5.9799949999E-04    1.2608641529E+00    1.5694382466E-01   -2.5339793720E+01    6.4047635055E-02
    5.9899949999E-04    1.2573764126E+00    1.7881355355E-01   -2.5379148108E+01    6.3748535904E-02
    5.9999949999E-04    1.2532569150E+00    2.0034333345E-01   -2.5419169793E+01    6.3439176546E-02
    6.0099949999E-04    1.2484688839E+00    2.2148016135E-01   -2.5459900451E+01    6.3126700063E-02
    6.0199949999E-04    1.2429769324E+00    2.4216460315E-01   -2.5501375314E+01    6.2816804914E-02
    6.0299949999E-04    1.2367474031E+00    2.6233968833E-01   -2.5543622289E+01    6.2513840368E-02
    6.0399949999E-04    1.2297494237E+00    2.8194888016E-01   -2.5586664795E+01    6.2221076068E-02
    6.0499949999E-04    1.2219544621E+00    3.0094208111E-01   -2.5630521135E+01    6.1941113821E-02
    6.0599949999E-04    1.2133386387E+00    3.1926403552E-01   -2.5675209373E+01    6.1676139212E-02
    6.0699949999E-04    1.2038818611E+00    3.3686137285E-01   -2.5720745239E+01    6.1428070473E-02
    6.0799949999E-04    1.1935674093E+00    3.5368316642E-01   -2.5767142221E+01    6.1198589051E-02
    6.0899949999E-04    1.1823832460E+00    3.6967518580E-01   -2.5814413591E+01    6.0989094932E-02
    6.0999949999E-04    1.1703239717E+00    3.8477562826E-01   -2.5862573942E+01    6.0800652103E-02
    6.1099949999E-04    1.1573877447E+00    3.9892603015E-01   -2.5911635887E+01    6.0634030070E-02
    6.1199949999E-04    1.1435785008E+00    4.1206567299E-01   -2.5961611686E+01    6.0489857141E-02
    6.1299949999E-04    1.1289081985E+00    4.2412974171E-01   -2.6012513407E+01    6.0368796967E-02
    6.1399949999E-04    1.1133976589E+00    4.3505206864E-01   -2.6064351498E+01    6.0271666595E-02
    6.1499949999E-04    1.0970786491E+00    4.4476558906E-01   -2.6117134254E+01    6.0199400812E-02
    6.1599949999E-04    1.0799956380E+00    4.5320376020E-01   -2.6170867544E+01    6.0152824254E-02
    6.1699949999E-04    1.0622063152E+00    4.6030326958E-01   -2.6225554893E+01    6.0132291145E-02
    6.1799949999E-04    1.0437815676E+00    4.6600616667E-01   -2.6281198451E+01    6.0137323793E-02
    6.1899949999E-04    1.0248043322E+00    4.7026203049E-01   -2.6337800287E+01    6.0166393932E-02
    6.1999949999E-04    1.0053671442E+00    4.7303008937E-01   -2.6395363446E+01    6.0216930706E-02
    6.2099949999E-04    9.8556908016E-01    4.7428052938E-01   -2.6453892588E+01    6.0285542314E-02
    6.2199949999E-04    9.6551280783E-01    4.7399476844E-01   -2.6513394094E+01    6.0368365869E-02
    6.2299949999E-04    9.4530131826E-01    4.7216550416E-01   -2.6573875284E+01    6.0461444035E-02
    6.2399949999E-04    9.2503546760E-01    4.6879598553E-01   -2.6635343248E+01    6.0561053700E-02
    6.2499949999E-04    9.0481337277E-01    4.6389842600E-01   -2.6697803890E+01    6.0663938333E-02
    6.2599949999E-04    8.8473033061E-01    4.5749279908E-01   -2.6761260924E+01    6.0767408731E-02
    6.2699949999E-04    8.6487766323E-01    4.4960655865E-01   -2.6825714576E+01    6.0869297054E-02
    6.2799949999E-04    8.4534322596E-01    4.4027364662E-01   -2.6891161233E+01    6.0967786180E-02
    6.2899949999E-04    8.2621454089E-01    4.2953293969E-01   -2.6957594335E+01    6.1061170080E-02
    6.2999949999E-04    8.0758082696E-01    4.1742789352E-01   -2.7025004759E+01    6.1147628123E-02
    6.3099949999E-04    7.8953040405E-01    4.0400776981E-01   -2.7093379077E+01    6.1225110523E-02
    6.3199949999E-04    7.7215082614E-01    3.8932770205E-01   -2.7162698262E+01    6.1291379854E-02
    6.3299949999E-04    7.5553174949E-01    3.7344841835E-01   -2.7232936787E+01    6.1344160424E-02
    6.3399949999E-04    7.3976726700E-01    3.5643661091E-01   -2.7304061238E+01    6.1381295696E-02
    6.3499949999E-04    7.2495459481E-01    3.3836590105E-01   -2.7376028034E+01    6.1400841387E-02
    6.3599949999E-04    7.1119124330E-01    3.1931736428E-01   -2.7448781810E+01    6.1401102889E-02
    6.3699949999E-04    6.9857107147E-01    2.9937942730E-01   -2.7522254852E+01    6.1380694387E-02
    6.3799949999E-04    6.8717955702E-01    2.7864713086E-01   -2.7596367384E+01    6.1338687169E-02
    6.3899949999E-04    6.7708934621E-01    2.5722078472E-01   -2.7671028452E+01    6.1274806576E-02
    6.3999949999E-04    6.6835721623E-01    2.3520412134E-01   -2.7746137226E+01    6.1189514495E-02
    6.4099949999E-04    6.6102198968E-01    2.1270204613E-01   -2.7821584481E+01    6.1083802735E-02
    6.4199949999E-04    6.5510357101E-01    1.8981811549E-01   -2.7897254588E+01    6.0958661656E-02
    6.4299949999E-04    6.5060580409E-01    1.6665249750E-01   -2.7973028891E+01    6.0814412325E-02
    6.4399949999E-04    6.4752068163E-01    1.4330105816E-01   -2.8048789321E+01    6.0650261988E-02
    6.4499949999E-04    6.4582831467E-01    1.1985504819E-01   -2.8124420544E+01    6.0464372085E-02
    6.4599949999E-04    6.4549800706E-01    9.6401767437E-02   -2.8199811973E+01    6.0254464667E-02
    6.4699949999E-04    6.4648607194E-01    7.3025026148E-02   -2.8274858785E+01    6.0018776237E-02
    6.4799949999E-04    6.4873434993E-01    4.9805161302E-02   -2.8349463281E+01    5.9756909252E-02
    6.4899949999E-04    6.5217408927E-01    2.6819474812E-02   -2.8423537142E+01    5.9470295915E-02
    6.4999949999E-04    6.5672600706E-01    4.1408871636E-03   -2.8497003020E+01    5.9162039532E-02
    6.5099949999E-04    6.6230515055E-01   -1.8163053714E-02   -2.8569796318E+01    5.8836010804E-02
    6.5199949999E-04    6.6882768005E-01   -4.0030214003E-02   -2.8641865989E+01    5.8495837650E-02
    6.5299949999E-04    6.7621330469E-01   -6.1404416315E-02   -2.8713173693E+01    5.8144043068E-02
    6.5399949999E-04    6.8439037549E-01   -8.2234037003E-02   -2.8783691900E+01    5.7781614145E-02
    6.5499949999E-04    6.9329694808E-01   -1.0247071478E-01   -2.8853400900E+01    5.7408188587E-02
    6.5599949999E-04    7.0287347241E-01   -1.2207107887E-01   -2.8922286202E+01    5.7022698939E-02
    6.5699949999E-04    7.1308742943E-01   -1.4098386769E-01   -2.8990333729E+01    5.6624169071E-02
    6.5799949999E-04    7.2389084138E-01   -1.5916714961E-01   -2.9057530689E+01    5.6212509965E-02
    6.5899949999E-04    7.3524549591E-01   -1.7657645339E-01   -2.9123862969E+01    5.5788853160E-02
    6.5999949999E-04    7.4711549567E-01   -1.9316751868E-01   -2.9189315621E+01    5.5355433186E-02
    6.6099949999E-04    7.5946169224E-01   -2.0889961011E-01   -2.9253874813E+01    5.4915082436E-02
    6.6199949999E-04    7.7224006609E-01   -2.2373757096E-01   -2.9317530188E+01    5.4470578536E-02
    6.6299949999E-04    7.8541202758E-01   -2.3764568483E-01   -2.9380274518E+01    5.4024138479E-02
    6.6399949999E-04    7.9892646793E-01   -2.5059989659E-01   -2.9442108197E+01    5.3577180258E-02
    6.6499949999E-04    8.1272688368E-01   -2.6258431617E-01   -2.9503038209E+01    5.3130546399E-02
    6.6599949999E-04    8.2676143323E-01   -2.7358340516E-01   -2.9563074334E+01    5.2684753627E-02
    6.6699949999E-04    8.4096581706E-01   -2.8359582991E-01   -2.9622231630E+01    5.2240309399E-02
    6.6799949999E-04    8.5527843595E-01   -2.9262324805E-01   -2.9680524887E+01    5.1797818097E-02
    6.6899949999E-04    8.6963147196E-01   -3.0067942856E-01   -2.9737970022E+01    5.1357955223E-02
    6.6999949999E-04    8.8396528585E-01   -3.0777788098E-01   -2.9794579343E+01    5.0921302762E-02
    6.7099949999E-04    8.9822591699E-01   -3.1393421185E-01   -2.9850362428E+01    5.0487968346E-02
    6.7199949999E-04    9.1234406986E-01   -3.1919231400E-01   -2.9905335723E+01    5.0057624857E-02
    6.7299949999E-04    9.2627602403E-01   -3.2357866786E-01   -2.9959508851E+01    4.9629538741E-02
    6.7399949999E-04    9.3997501893E-01   -3.2713478410E-01   -3.0012896445E+01    4.9202844562E-02
    6.7499949999E-04    9.5340247932E-01   -3.2990347350E-01   -3.0065514462E+01    4.8776911157E-02
    6.7599949999E-04    9.6652208522E-01   -3.3193634561E-01   -3.0117382848E+01    4.8351642790E-02
    6.7699949999E-04    9.7929771767E-01   -3.3329783633E-01   -3.0168526540E+01    4.7927734549E-02
    6.7799949999E-04    9.9171808100E-01   -3.3402170698E-01   -3.0218960853E+01    4.7506562455E-02
    6.7899949999E-04    1.0037574492E+00   -3.3417515759E-01   -3.0268711408E+01    4.7089974809E-02
    6.7999949999E-04    1.0154035079E+00   -3.3381099812E-01   -3.0317798568E+01    4.6679892522E-02
    6.8099949999E-04    1.0266460340E+00   -3.3298597465E-01   -3.0366243067E+01    4.6277973869E-02
    6.8199949999E-04    1.0374833092E+00   -3.3174551980E-01   -3.0414062212E+01    4.5885379765E-02
    6.8299949999E-04    1.0479184139E+00   -3.3012769420E-01   -3.0461271291E+01    4.5502473872E-02
    6.8399949999E-04    1.0579516172E+00   -3.2818118855E-01   -3.0507890185E+01    4.5128909849E-02
    6.8499949999E-04    1.0675895736E+00   -3.2594062308E-01   -3.0553936502E+01    4.4763729997E-02
    6.8599949999E-04    1.0768415264E+00   -3.2343188955E-01   -3.0599427308E+01    4.4405605888E-02
    6.8699949999E-04    1.0857161054E+00   -3.2067970759E-01   -3.0644381330E+01    4.4053040255E-02
    6.8799949999E-04    1.0942214345E+00   -3.1770694597E-01   -3.0688818221E+01    4.3704585407E-02
    6.8899949999E-04    1.1023661904E+00   -3.1452997990E-01   -3.0732756570E+01    4.3359046351E-02
    6.8999949999E-04    1.1101592098E+00   -3.1115875160E-01   -3.0776212806E+01    4.3015569051E-02
    6.9099949999E-04    1.1176085403E+00   -3.0760145453E-01   -3.0819202077E+01    4.2673650947E-02
    6.9199949999E-04    1.1247224589E+00   -3.0386125114E-01   -3.0861736914E+01    4.2333132960E-02
    6.9299949999E-04    1.1315097721E+00   -2.9993666341E-01   -3.0903827543E+01    4.1993861967E-02
    6.9399949999E-04    1.1379801571E+00   -2.9582114703E-01   -3.0945482304E+01    4.1655433178E-02
    6.9499949999E-04    1.1441438477E+00   -2.9150681615E-01   -3.0986709725E+01    4.1317014290E-02
    6.9599949999E-04    1.1500122388E+00   -2.8698013512E-01   -3.1027518177E+01    4.0977118265E-02
    6.9699949999E-04    1.1555963490E+00   -2.8223215737E-01   -3.1067919556E+01    4.0634105271E-02
    6.9799949999E-04    1.1609069684E+00   -2.7725305249E-01   -3.1107927652E+01    4.0286596017E-02
    6.9899949999E-04    1.1659537388E+00   -2.7203085209E-01   -3.1147557091E+01    3.9934056270E-02
    6.9999949999E-04    1.1707439769E+00   -2.6656139744E-01   -3.1186825215E+01    3.9577252187E-02
    7.0099949999E-04    1.1752828518E+00   -2.6084372628E-01   -3.1225749708E+01    3.9218163385E-02
    7.0199949999E-04    1.1795734558E+00   -2.5488076190E-01   -3.1264348033E+01    3.8859692123E-02
    7.0299949999E-04    1.1836172525E+00   -2.4867897206E-01   -3.1302637095E+01    3.8505156998E-02
    7.0399949999E-04    1.1874146490E+00   -2.4224675639E-01   -3.1340633089E+01    3.8157716327E-02
    7.0499949999E-04    1.1909657081E+00   -2.3559552536E-01   -3.1378352574E+01    3.7819980239E-02
    7.0599949998E-04    1.1942702394E+00   -2.2873509439E-01   -3.1415811780E+01    3.7493858980E-02
    7.0699949998E-04    1.1973279496E+00   -2.2167375944E-01   -3.1453027344E+01    3.7180516354E-02
    7.0799949998E-04    1.2001390272E+00   -2.1442201066E-01   -3.1490018018E+01    3.6880550636E-02
    7.0899949998E-04    1.2027037241E+00   -2.0698851613E-01   -3.1526803590E+01    3.6594144697E-02
    7.0999949998E-04    1.2050228496E+00   -1.9938310464E-01   -3.1563405985E+01    3.6321181869E-02
    7.1099949998E-04    1.2070963753E+00   -1.9161003628E-01   -3.1599846945E+01    3.6061366660E-02
    7.1199949998E-04    1.2089253292E+00   -1.8367804856E-01   -3.1636151343E+01    3.5814313068E-02
    7.1299949998E-04    1.2105103670E+00   -1.7559312607E-01   -3.1672344687E+01    3.5579510817E-02
    7.1399949998E-04    1.2118522947E+00   -1.6736164988E-01   -3.1708454046E+01    3.5356417432E-02
    7.1499949998E-04    1.2129514031E+00   -1.5898827743E-01   -3.1744507262E+01    3.5144458380E-02
    7.1599949998E-04    1.2138091604E+00   -1.5048198366E-01   -3.1780534889E+01    3.4943059235E-02
    7.1699949998E-04    1.2144268192E+00   -1.4185109658E-01   -3.1816568435E+01    3.4751650329E-02
    7.1799949998E-04    1.2148043974E+00   -1.3310101637E-01   -3.1852639452E+01    3.4569634448E-02
    7.1899949998E-04    1.2149422999E+00   -1.2423940032E-01   -3.1888781217E+01    3.4396364694E-02
    7.1999949998E-04    1.2148406823E+00   -1.1527424993E-01   -3.1925028035E+01    3.4231102575E-02
    7.2099949998E-04    1.2144988993E+00   -1.0621283302E-01   -3.1961414789E+01    3.4072989321E-02
    7.2199949998E-04    1.2139159980E+00   -9.7063173294E-02   -3.1997977351E+01    3.3921036324E-02
    7.2299949998E-04    1.2130903244E+00   -8.7833363717E-02   -3.2034752207E+01    3.3774120398E-02
    7.2399949998E-04    1.2120188917E+00   -7.8530793124E-02   -3.2071775971E+01    3.3631000524E-02
    7.2499949998E-04    1.2106978099E+00   -6.9163571206E-02   -3.2109085594E+01    3.3490360230E-02
    7.2599949998E-04    1.2091224607E+00   -5.9741161437E-02   -3.2146718236E+01    3.3350854873E-02
    7.2699949998E-04    1.2072869667E+00   -5.0273865031E-02   -3.2184710637E+01    3.3211155901E-02
    7.2799949998E-04    1.2051841502E+00   -4.0773248825E-02   -3.2223098800E+01    3.3069994167E-02
    7.2899949998E-04    1.2028059227E+00   -3.1252963916E-02   -3.2261917834E+01    3.2926188968E-02
    7.2999949998E-04    1.2001430756E+00   -2.1728598625E-02   -3.2301201509E+01    3.2778658023E-02
    7.3099949998E-04    1.1971850801E+00   -1.2217664655E-02   -3.2340981906E+01    3.2626425659E-02
    7.3199949998E-04    1.1939206650E+00   -2.7402824806E-03   -3.2381289463E+01    3.2468631986E-02
    7.3299949998E-04    1.1903380838E+00    6.6807619665E-03   -3.2422152936E+01    3.2304525268E-02
    7.3399949998E-04    1.1864246853E+00    1.6020387684E-02   -3.2463599217E+01    3.2133456907E-02
    7.3499949998E-04    1.1821673394E+00    2.5250781991E-02   -3.2505653574E+01    3.1954897286E-02
    7.3599949998E-04    1.1775526321E+00    3.4341192808E-02   -3.2548339868E+01    3.1768434684E-02
    7.3699949998E-04    1.1725672421E+00    4.3257606214E-02   -3.2591680829E+01    3.1573772991E-02
    7.3799949998E-04    1.1671987874E+00    5.1962467186E-02   -3.2635698415E+01    3.1370718599E-02
    7.3899949998E-04    1.1614353980E+00    6.0414636059E-02   -3.2680413884E+01    3.1159148787E-02
    7.3999949998E-04    1.1552675521E+00    6.8568996103E-02   -3.2725848179E+01    3.0939061882E-02
    7.4099949998E-04    1.1486874933E+00    7.6376515118E-02   -3.2772021731E+01    3.0710559266E-02
    7.4199949998E-04    1.1416898162E+00    8.3784403889E-02   -3.2818954429E+01    3.0473803520E-02
    7.4299949998E-04    1.1342734293E+00    9.0736958431E-02   -3.2866665576E+01    3.0229067879E-02
    7.4399949998E-04    1.1264396863E+00    9.7175407872E-02   -3.2915173153E+01    2.9976733799E-02
    7.4499949998E-04    1.1181959887E+00    1.0304039879E-01   -3.2964493787E+01    2.9717322288E-02
    7.4599949998E-04    1.1095536318E+00    1.0827215236E-01   -3.3014641846E+01    2.9451474608E-02
    7.4699949998E-04    1.1005279686E+00    1.1281148236E-01   -3.3065628932E+01    2.9179965008E-02
    7.4799949998E-04    1.0911394970E+00    1.1660175798E-01   -3.3117463563E+01    2.8903695704E-02
    7.4899949998E-04    1.0814143934E+00    1.1959051698E-01   -3.3170150997E+01    2.8623697817E-02
    7.4999949998E-04    1.0713814139E+00    1.2172832890E-01   -3.3223692346E+01    2.8341125248E-02
    7.5099949998E-04    1.0610750167E+00    1.2297211968E-01   -3.3278085386E+01    2.8057238692E-02
    7.5199949998E-04    1.0505341689E+00    1.2328500169E-01   -3.3333324426E+01    2.7773411673E-02
    7.5299949998E-04    1.0398014626E+00    1.2263637433E-01   -3.3389400439E+01    2.7491105057E-02
    7.5399949998E-04    1.0289230589E+00    1.2100254977E-01   -3.3446301409E+01    2.7211817395E-02
    7.5499949998E-04    1.0179474078E+00    1.1836650053E-01   -3.3504012397E+01    2.6937060554E-02
    7.5599949998E-04    1.0069264045E+00    1.1471886539E-01   -3.3562516248E+01    2.6668296135E-02
    7.5699949998E-04    9.9591430357E-01    1.1005766818E-01   -3.3621793663E+01    2.6406841090E-02
    7.5799949998E-04    9.8496616430E-01    1.0438789312E-01   -3.3681822857E+01    2.6153805354E-02
    7.5899949998E-04    9.7413944979E-01    9.7722264759E-02   -3.3742580537E+01    2.5909997715E-02
    7.5999949998E-04    9.6349549643E-01    9.0081391853E-02   -3.3804042500E+01    2.5675899517E-02
    7.6099949998E-04    9.5309498953E-01    8.1492426518E-02   -3.3866182139E+01    2.5451629964E-02
    7.6199949998E-04    9.4300264924E-01    7.1990207388E-02   -3.3928972624E+01    2.5237001799E-02
    7.6299949998E-04    9.3328585802E-01    6.1616549701E-02   -3.3992386622E+01    2.5031649083E-02
    7.6399949998E-04    9.2401541939E-01    5.0420041167E-02   -3.4056396830E+01    2.4835241243E-02
    7.6499949998E-04    9.1526307293E-01    3.8455201991E-02   -3.4120975478E+01    2.4647688655E-02
    7.6599949998E-04    9.0709931385E-01    2.5781828905E-02   -3.4186094085E+01    2.4469254437E-02
    7.6699949998E-04    8.9959590411E-01    1.2465217506E-02   -3.4251724342E+01    2.4300598768E-02
    7.6799949998E-04    8.9282131863E-01   -1.4248601429E-03   -3.4317836460E+01    2.4142655427E-02
    7.6899949998E-04    8.8683771942E-01   -1.5814800474E-02   -3.4384397926E+01    2.3996388737E-02
    7.6999949998E-04    8.8170123326E-01   -3.0627181331E-02   -3.4451372884E+01    2.3862553275E-02
    7.7099949998E-04    8.7745987177E-01   -4.5781391043E-02   -3.4518720802E+01    2.3741525772E-02
    7.7199949998E-04    8.7415269988E-01   -6.1194232846E-02   -3.4586395762E+01    2.3633263762E-02
    7.7299949998E-04    8.7181091157E-01   -7.6780262239E-02   -3.4654346588E+01    2.3537393969E-02
    7.7399949998E-04    8.7045775556E-01   -9.2452524306E-02   -3.4722517197E+01    2.3453378084E-02
    7.7499949998E-04    8.7010752797E-01   -1.0812369259E-01   -3.4790847339E+01    2.3380687603E-02
    7.7599949998E-04    8.7076629961E-01   -1.2370673129E-01   -3.4859273910E+01    2.3318938829E-02
    7.7699949998E-04    8.7243348972E-01   -1.3911507013E-01   -3.4927732243E+01    2.3267965597E-02
    7.7799949998E-04    8.7510308612E-01   -1.5426256680E-01   -3.4996156920E+01    2.3227830914E-02
    7.7899949998E-04    8.7876392679E-01   -1.6906355412E-01   -3.5064482041E+01    2.3198792734E-02
    7.7999949998E-04    8.8339976171E-01   -1.8343284529E-01   -3.5132641201E+01    2.3181245705E-02
    7.8099949998E-04    8.8898914451E-01   -1.9728578356E-01   -3.5200567401E+01    2.3175659739E-02
    7.8199949998E-04    8.9550514381E-01   -2.1053845205E-01   -3.5268193112E+01    2.3182530243E-02
    7.8299949998E-04    9.0291492691E-01   -2.2310811749E-01   -3.5335450700E+01    2.3202348290E-02
    7.8399949998E-04    9.1117936335E-01   -2.3491388744E-01   -3.5402273237E+01    2.3235593432E-02
    7.8499949998E-04    9.2025281769E-01   -2.4587747399E-01   -3.5468595609E+01    2.3282747309E-02
    7.8599949998E-04    9.3008319693E-01   -2.5592394937E-01   -3.5534355690E+01    2.3344321903E-02
    7.8699949998E-04    9.4061209426E-01   -2.6498251911E-01   -3.5599495342E+01    2.3420892330E-02
    7.8799949998E-04    9.5177464410E-01   -2.7298761581E-01   -3.5663961079E+01    2.3513121849E-02
    7.8899949998E-04    9.6349988214E-01   -2.7987975268E-01   -3.5727704313E+01    2.3621768864E-02
    7.8999949998E-04    9.7571189458E-01   -2.8560573122E-01   -3.5790681127E+01    2.3747669507E-02
    7.9099949998E-04    9.8833123682E-01   -2.9011846623E-01   -3.5852851678E+01    2.3891692488E-02
    7.9199949998E-04    1.0012748567E+00   -2.9337840803E-01   -3.5914179702E+01    2.4054668908E-02
    7.9299949998E-04    1.0144567010E+00   -2.9535478907E-01   -3.5974632125E+01    2.4237310655E-02
    7.9399949998E-04    1.0277900069E+00   -2.9602502837E-01   -3.6034178611E+01    2.4440124588E-02
    7.9499949998E-04    1.0411870098E+00   -2.9537745158E-01   -3.6092791895E+01    2.4663325481E-02
    7.9599949998E-04    1.0545612653E+00   -2.9341086050E-01   -3.6150447934E+01    2.4906765082E-02
    7.9699949998E-04    1.0678306085E+00   -2.9013206550E-01   -3.6207125760E+01    2.5169861184E-02
    7.9799949998E-04    1.0809150839E+00   -2.8556133510E-01   -3.6262809061E+01    2.5451573433E-02
    7.9899949998E-04    1.0937406075E+00   -2.7972835303E-01   -3.6317486030E+01    2.5750446664E-02
    7.9999949998E-04    1.1062400607E+00   -2.7267092555E-01   -3.6371149641E+01    2.6064686811E-02
    8.0099949998E-04    1.1183529628E+00   -2.6443607195E-01   -3.6423798179E+01    2.6392275393E-02
    8.0199949998E-04    1.1300256447E+00   -2.5508016990E-01   -3.6475435400E+01    2.6731122009E-02
    8.0299949998E-04    1.1412141365E+00   -2.4466049882E-01   -3.6526068663E+01    2.7079168370E-02
    8.0399949998E-04    1.1518816162E+00   -2.3323967322E-01   -3.6575709606E+01    2.7434460684E-02
    8.0499949998E-04    1.1619979556E+00   -2.2088591145E-01   -3.6624373858E+01    2.7795170143E-02
    8.0599949998E-04    1.1715405863E+00   -2.0766826898E-01   -3.6672079518E+01    2.8159560184E-02
    8.0699949998E-04    1.1804935632E+00   -1.9365739476E-01   -3.6718847076E+01    2.8525934363E-02
    8.0799949998E-04    1.1888462786E+00   -1.7892972082E-01   -3.6764700473E+01    2.8892577024E-02
    8.0899949998E-04    1.1965960668E+00   -1.6355142537E-01   -3.6809662312E+01    2.9257707086E-02
    8.0999949998E-04    1.2037435585E+00   -1.4759987967E-01   -3.6853760402E+01    2.9619442793E-02
    8.1099949998E-04    1.2102951533E+00   -1.3114822389E-01   -3.6897023543E+01    2.9975757732E-02
    8.1199949998E-04    1.2162618159E+00   -1.1426695715E-01   -3.6939482412E+01    3.0324433336E-02
    8.1299949998E-04    1.2216581588E+00   -9.7024661404E-02   -3.6981170456E+01    3.0663044916E-02
    8.1399949997E-04    1.2265015717E+00   -7.9488386296E-02   -3.7022124880E+01    3.0988918466E-02
    8.1499949997E-04    1.2308118099E+00   -6.1715824177E-02   -3.7062385037E+01    3.1299187926E-02
    8.1599949997E-04    1.2346091990E+00   -4.3768745120E-02   -3.7101997878E+01    3.1590921486E-02
    8.1699949997E-04    1.2379145398E+00   -2.5700325106E-02   -3.7141014561E+01    3.1861245394E-02
    8.1799949997E-04    1.2407479970E+00   -7.5560435648E-03   -3.7179491370E+01    3.2107641081E-02
    8.1899949997E-04    1.2431281298E+00    1.0623067916E-02   -3.7217490924E+01    3.2328159591E-02
    8.1999949997E-04    1.2450712865E+00    2.8797022779E-02   -3.7255083058E+01    3.2521615240E-02
    8.2099949997E-04    1.2465909294E+00    4.6934476255E-02   -3.7292341144E+01    3.2687695948E-02
    8.2199949997E-04    1.2476970655E+00    6.5007571201E-02   -3.7329342550E+01    3.2826999764E-02
    8.2299949997E-04    1.2483961572E+00    8.2986880897E-02   -3.7366168725E+01    3.2941000183E-02
    8.2399949997E-04    1.2486908172E+00    1.0084564416E-01   -3.7402901668E+01    3.3031939077E-02
    8.2499949997E-04    1.2485797287E+00    1.1855903312E-01   -3.7439622224E+01    3.3102706966E-02
    8.2599949997E-04    1.2480578904E+00    1.3610212075E-01   -3.7476408965E+01    3.3156726188E-02
    8.2699949997E-04    1.2471169221E+00    1.5344987363E-01   -3.7513336529E+01    3.3197836740E-02
    8.2799949997E-04    1.2457453697E+00    1.7057798336E-01   -3.7550473921E+01    3.3230182515E-02
    8.2899949997E-04    1.2439290960E+00    1.8746315807E-01   -3.7587883375E+01    3.3258088127E-02
    8.2999949997E-04    1.2416517082E+00    2.0408321844E-01   -3.7625619684E+01    3.3285917374E-02
    8.3099949997E-04    1.2388950031E+00    2.2041700822E-01   -3.7663729991E+01    3.3317917137E-02
    8.3199949997E-04    1.2356394263E+00    2.3644411254E-01   -3.7702254049E+01    3.3358066185E-02
    8.3299949997E-04    1.2318645566E+00    2.5214443415E-01   -3.7741224832E+01    3.3409957189E-02
    8.3399949997E-04    1.2275495907E+00    2.6749780836E-01   -3.7780669354E+01    3.3476734698E-02
    8.3499949997E-04    1.2226738027E+00    2.8248371346E-01   -3.7820609535E+01    3.3561092525E-02
    8.3599949997E-04    1.2172171515E+00    2.9708061175E-01   -3.7861063190E+01    3.3665309431E-02
    8.3699949997E-04    1.2111610611E+00    3.1126515751E-01   -3.7902045022E+01    3.3791283998E-02
    8.3799949997E-04    1.2044890393E+00    3.2501201718E-01   -3.7943567350E+01    3.3940531462E-02
    8.3899949997E-04    1.1971864831E+00    3.3829481449E-01   -3.7985640388E+01    3.4114142406E-02
    8.3999949997E-04    1.1892413922E+00    3.5108525016E-01   -3.8028273311E+01    3.4312754110E-02
    8.4099949997E-04    1.1806456168E+00    3.6335242487E-01   -3.8071475414E+01    3.4536570238E-02
    8.4199949997E-04    1.1713938235E+00    3.7506496810E-01   -3.8115255992E+01    3.4785464984E-02
    8.4299949997E-04    1.1614843206E+00    3.8619083211E-01   -3.8159625140E+01    3.5059172384E-02
    8.4399949997E-04    1.1509189941E+00    3.9669803327E-01   -3.8204593881E+01    3.5357461464E-02
    8.4499949997E-04    1.1397017034E+00    4.0655518966E-01   -3.8250173664E+01    3.5680203049E-02
    8.4599949997E-04    1.1278414732E+00    4.1573018435E-01   -3.8296377477E+01    3.6027275586E-02
    8.4699949997E-04    1.1153511880E+00    4.2419125702E-01   -3.8343219222E+01    3.6398395052E-02
    8.4799949997E-04    1.1022459995E+00    4.3190708783E-01   -3.8390713211E+01    3.6792969857E-02
    8.4899949997E-04    1.0885412321E+00    4.3884610988E-01   -3.8438873644E+01    3.7210216451E-02
    8.4999949997E-04    1.0742584382E+00    4.4497960156E-01   -3.8487715940E+01    3.7649305553E-02
    8.5099949997E-04    1.0594184108E+00    4.5027999328E-01   -3.8537254663E+01    3.8109505912E-02
    8.5199949997E-04    1.0440445482E+00    4.5472221576E-01   -3.8587504410E+01    3.8590174569E-02
    8.5299949997E-04    1.0281595985E+00    4.5827919296E-01   -3.8638479108E+01    3.9090567335E-02
    8.5399949997E-04    1.0117895325E+00    4.6092341158E-01   -3.8690193406E+01    3.9609618323E-02
    8.5499949997E-04    9.9496256369E-01    4.6262429363E-01   -3.8742662658E+01    4.0145858619E-02
    8.5599949997E-04    9.7770991817E-01    4.6334778456E-01   -3.8795903062E+01    4.0697570975E-02
    8.5699949997E-04    9.6006715172E-01    4.6305888369E-01   -3.8849931776E+01    4.1263104378E-02
    8.5799949997E-04    9.4207396663E-01    4.6172141728E-01   -3.8904766131E+01    4.1841107855E-02
    8.5899949997E-04    9.2377480473E-01    4.5929866064E-01   -3.8960423234E+01    4.2430579604E-02
    8.5999949997E-04    9.0521981212E-01    4.5575707246E-01   -3.9016920299E+01    4.3030796763E-02
    8.6099949997E-04    8.8646489517E-01    4.5106312960E-01   -3.9074274392E+01    4.3640859985E-02
    8.6199949997E-04    8.6757239413E-01    4.4518729834E-01   -3.9132503877E+01    4.4259446844E-02
    8.6299949997E-04    8.4861098812E-01    4.3810133703E-01   -3.9191628528E+01    4.4884551810E-02
    8.6399949997E-04    8.2965549353E-01    4.2978110123E-01   -3.9251670280E+01    4.5513507833E-02
    8.6499949997E-04    8.1078601491E-01    4.2020758135E-01   -3.9312652595E+01    4.6143237749E-02
    8.6599949997E-04    7.9208743984E-01    4.0936609788E-01   -3.9374598436E+01    4.6770459412E-02
    8.6699949997E-04    7.7364702333E-01    3.9725392779E-01   -3.9437529239E+01    4.7392167451E-02
    8.6799949997E-04    7.5555499723E-01    3.8387256200E-01   -3.9501460108E+01    4.8005551788E-02
    8.6899949997E-04    7.3790024703E-01    3.6924005499E-01   -3.9566400587E+01    4.8608298610E-02
    8.6999949997E-04    7.2076877589E-01    3.5338824257E-01   -3.9632353457E+01    4.9198324284E-02
    8.7099949997E-04    7.0424530770E-01    3.3635229739E-01   -3.9699311641E+01    4.9773792102E-02
    8.7199949997E-04    6.8840177086E-01    3.1819544958E-01   -3.9767270354E+01    5.0333029775E-02
    8.7299949997E-04    6.7331171414E-01    2.9896805090E-01   -3.9836214142E+01    5.0874580874E-02
    8.7399949997E-04    6.5903374206E-01    2.7874446726E-01   -3.9906134574E+01    5.1397269263E-02
    8.7499949997E-04    6.4562459909E-01    2.5759304810E-01   -3.9977017792E+01    5.1900394248E-02
    8.7599949997E-04    6.3313207199E-01    2.3559226179E-01   -4.0048850663E+01    5.2383465733E-02
    8.7699949997E-04    6.2160682034E-01    2.1281228151E-01   -4.0121607470E+01    5.2846005039E-02
    8.7799949997E-04    6.1108631350E-01    1.8934207626E-01   -4.0195263642E+01    5.3286877603E-02
    8.7899949997E-04    6.0161143749E-01    1.6526349533E-01   -4.0269779269E+01    5.3703835472E-02
    8.7999949997E-04    5.9322577408E-01    1.4065396232E-01   -4.0345099742E+01    5.4093207685E-02
    8.8099949997E-04    5.8596572252E-01    1.1559706297E-01   -4.0421165178E+01    5.4450389940E-02
    8.8199949997E-04    5.7987638276E-01    9.0159977504E-02   -4.0497893571E+01    5.4770812203E-02
    8.8299949997E-04    5.7497740639E-01    6.4431434721E-02   -4.0575215263E+01    5.5050984032E-02
    8.8399949997E-04    5.7130429275E-01    3.8471671940E-02   -4.0653028801E+01    5.5289367035E-02
    8.8499949997E-04    5.6888355442E-01    1.2342027374E-02   -4.0731226836E+01    5.5486613846E-02
    8.8599949997E-04    5.6773460868E-01   -1.3895867545E-02   -4.0809697931E+01    5.5644953126E-02
    8.8699949997E-04    5.6787086195E-01   -4.0178449170E-02   -4.0888330755E+01    5.5767112060E-02
    8.8799949997E-04    5.6930611910E-01   -6.6443687262E-02   -4.0967010894E+01    5.5855275366E-02
    8.8899949997E-04    5.7205904196E-01   -9.2632838730E-02   -4.1045616666E+01    5.5910495171E-02
    8.8999949997E-04    5.7614463746E-01   -1.1868052008E-01   -4.1124028996E+01    5.5932613753E-02
    8.9099949997E-04    5.8157108486E-01   -1.4451219868E-01   -4.1202132949E+01    5.5920662931E-02
    8.9199949997E-04    5.8833804031E-01   -1.7004463306E-01   -4.1279816705E+01    5.5873542325E-02
    8.9299949997E-04    5.9643427746E-01   -1.9518653435E-01   -4.1356972973E+01    5.5790660025E-02
    8.9399949997E-04    6.0583777748E-01   -2.1984155870E-01   -4.1433500077E+01    5.5672318607E-02
    8.9499949997E-04    6.1651830989E-01   -2.4391272487E-01   -4.1509302315E+01    5.5519822512E-02
    8.9599949997E-04    6.2843230581E-01   -2.6730009798E-01   -4.1584300460E+01    5.5335375498E-02
    8.9699949997E-04    6.4152295846E-01   -2.8990314331E-01   -4.1658433556E+01    5.5121853063E-02
    8.9799949997E-04    6.5572374361E-01   -3.1162507107E-01   -4.1731654182E+01    5.4882518651E-02
    8.9899949997E-04    6.7095462294E-01   -3.3237181114E-01   -4.1803930748E+01    5.4620646608E-02
    8.9999949997E-04    6.8713533605E-01   -3.5206045025E-01   -4.1875231856E+01    5.4339092634E-02
    9.0099949997E-04    7.0417697235E-01   -3.7061370051E-01   -4.1945536093E+01    5.4039922171E-02
    9.0199949997E-04    7.2198877923E-01   -3.8796354417E-01   -4.2014826752E+01    5.3724353928E-02
    9.0299949997E-04    7.4048211703E-01   -4.0405225528E-01   -4.2083090336E+01    5.3393018187E-02
    9.0399949997E-04    7.5956880726E-01   -4.1883116159E-01   -4.2150319263E+01    5.3046461844E-02
    9.0499949997E-04    7.7915867832E-01   -4.3226014894E-01   -4.2216513420E+01    5.2685752729E-02
    9.0599949997E-04    7.9916672696E-01   -4.4430921182E-01   -4.2281673358E+01    5.2312696192E-02
    9.0699949997E-04    8.1950537765E-01   -4.5495569171E-01   -4.2345805211E+01    5.1929802336E-02
    9.0799949997E-04    8.4008544874E-01   -4.6418439627E-01   -4.2408919092E+01    5.1540010023E-02
    9.0899949997E-04    8.6081896055E-01   -4.7198739621E-01   -4.2471027017E+01    5.1146311919E-02
    9.0999949997E-04    8.8161824125E-01   -4.7836338614E-01   -4.2532143989E+01    5.0751570629E-02
    9.1099949997E-04    9.0239919983E-01   -4.8331710651E-01   -4.2592286374E+01    5.0358457778E-02
    9.1199949997E-04    9.2308094015E-01   -4.8685837305E-01   -4.2651472167E+01    4.9969537421E-02
    9.1299949997E-04    9.4358324847E-01   -4.8900177989E-01   -4.2709721815E+01    4.9587386677E-02
    9.1399949997E-04    9.6382966718E-01   -4.8976583532E-01   -4.2767055294E+01    4.9214676533E-02
    9.1499949997E-04    9.8374750518E-01   -4.8917212380E-01   -4.2823490900E+01    4.8854171803E-02
    9.1599949997E-04    1.0032641269E+00   -4.8724642707E-01   -4.2879046172E+01    4.8508698965E-02
    9.1699949997E-04    1.0223106233E+00   -4.8401815233E-01   -4.2933735565E+01    4.8181101651E-02
    9.1799949997E-04    1.0408188856E+00   -4.7952256752E-01   -4.2987572209E+01    4.7874147977E-02
    9.1899949997E-04    1.0587236273E+00   -4.7380159567E-01   -4.3040567875E+01    4.7590422844E-02
    9.1999949997E-04    1.0759672825E+00   -4.6690138269E-01   -4.3092731806E+01    4.7332095034E-02
    9.2099949997E-04    1.0924980586E+00   -4.5887351954E-01   -4.3144073219E+01    4.7100664737E-02
    9.2199949996E-04    1.1082737787E+00   -4.4977152384E-01   -4.3194600587E+01    4.6896870239E-02
    9.2299949996E-04    1.1232595382E+00   -4.3965225432E-01   -4.3244323849E+01    4.6720784307E-02
    9.2399949996E-04    1.1374324525E+00   -4.2856921706E-01   -4.3293251976E+01    4.6572095879E-02
    9.2499949996E-04    1.1507766350E+00   -4.1657624416E-01   -4.3341395323E+01    4.6450375089E-02
    9.2599949996E-04    1.1632826873E+00   -4.0372727378E-01   -4.3388765384E+01    4.6355240180E-02
    9.2699949996E-04    1.1749483268E+00   -3.9007362372E-01   -4.3435373407E+01    4.6286374257E-02
    9.2799949996E-04    1.1857770242E+00   -3.7566401504E-01   -4.3481230273E+01    4.6243403842E-02
    9.2899949996E-04    1.1957769362E+00   -3.6054496818E-01   -4.3526346659E+01    4.6225747476E-02
    9.2999949996E-04    1.2049604254E+00   -3.4476081517E-01   -4.3570733250E+01    4.6232525414E-02
    9.3099949996E-04    1.2133437606E+00   -3.2835375248E-01   -4.3614401102E+01    4.6262552333E-02
    9.3199949996E-04    1.2209468390E+00   -3.1136404504E-01   -4.3657362104E+01    4.6314377071E-02
    9.3299949996E-04    1.2277928413E+00   -2.9383040096E-01   -4.3699629477E+01    4.6386309146E-02
    9.3399949996E-04    1.2339077031E+00   -2.7579090915E-01   -4.3741218512E+01    4.6476384324E-02
    9.3499949996E-04    1.2393194045E+00   -2.5728492681E-01   -4.3782147786E+01    4.6582256322E-02
    9.3599949996E-04    1.2440575462E+00   -2.3835360810E-01   -4.3822440211E+01    4.6701038408E-02
    9.3699949996E-04    1.2481531636E+00   -2.1903748490E-01   -4.3862123364E+01    4.6829140048E-02
    9.3799949996E-04    1.2516382129E+00   -1.9937301818E-01   -4.3901229711E+01    4.6962151317E-02
    9.3899949996E-04    1.2545437901E+00   -1.7939861586E-01   -4.3939800347E+01    4.7094814423E-02
    9.3999949996E-04    1.2568992512E+00   -1.5915678698E-01   -4.3977887271E+01    4.7221096351E-02
    9.4099949996E-04    1.2587319787E+00   -1.3868781719E-01   -4.4015552112E+01    4.7334364088E-02
    9.4199949996E-04    1.2600664098E+00   -1.1802780980E-01   -4.4052865824E+01    4.7427659421E-02
    9.4299949996E-04    1.2609228530E+00   -9.7211945510E-02   -4.4089909583E+01    4.7494049951E-02
    9.4399949996E-04    1.2613167977E+00   -7.6273910652E-02   -4.4126773406E+01    4.7527028697E-02
    9.4499949996E-04    1.2612583509E+00   -5.5245450147E-02   -4.4163554002E+01    4.7520936810E-02
    9.4599949996E-04    1.2607518280E+00   -3.4157488185E-02   -4.4200352539E+01    4.7471374353E-02
    9.4699949996E-04    1.2597956174E+00   -1.3041280220E-02   -4.4237271925E+01    4.7375556748E-02
    9.4799949996E-04    1.2583823072E+00    8.0708805640E-03   -4.4274413674E+01    4.7232567679E-02
    9.4899949996E-04    1.2564991315E+00    2.9141181118E-02   -4.4311876346E+01    4.7043457205E-02
    9.4999949996E-04    1.2541287370E+00    5.0126035050E-02   -4.4349752753E+01    4.6811163981E-02
    9.5099949996E-04    1.2512496245E+00    7.0986458334E-02   -4.4388123920E+01    4.6540218905E-02
    9.5199949996E-04    1.2478375386E+00    9.1671451798E-02   -4.4427064224E+01    4.6236233091E-02
    9.5299949996E-04    1.2438664470E+00    1.1212571977E-01   -4.4466638323E+01    4.5905382641E-02
    9.5399949996E-04    1.2393089423E+00    1.3229775415E-01   -4.4506899033E+01    4.5553856342E-02
    9.5499949996E-04    1.2341388763E+00    1.5212032620E-01   -4.4547895656E+01    4.5187432553E-02
    9.5599949996E-04    1.2283317524E+00    1.7152475263E-01   -4.4589670480E+01    4.4811232307E-02
    9.5699949996E-04    1.2218639827E+00    1.9045333650E-01   -4.4632256158E+01    4.4429678188E-02
    9.5799949996E-04    1.2147147928E+00    2.0884627101E-01   -4.4675681849E+01    4.4046597165E-02
    9.5899949996E-04    1.2068695114E+00    2.2662887381E-01   -4.4719978368E+01    4.3665331343E-02
    9.5999949996E-04    1.1983152947E+00    2.4374188417E-01   -4.4765169118E+01    4.3288855361E-02
    9.6099949996E-04    1.1890455514E+00    2.6011757852E-01   -4.4811278172E+01    4.2919871236E-02
    9.6199949996E-04    1.1790575228E+00    2.7569375450E-01   -4.4858326162E+01    4.2560818312E-02
    9.6299949996E-04    1.1683543679E+00    2.9040515642E-01   -4.4906333121E+01    4.2213836737E-02
    9.6399949996E-04    1.1569468292E+00    3.0418114512E-01   -4.4955318934E+01    4.1880851009E-02
    9.6499949996E-04    1.1448552707E+00    3.1694438874E-01   -4.5005303358E+01    4.1563608322E-02
    9.6599949996E-04    1.1320994748E+00    3.2864004603E-01   -4.5056297347E+01    4.1263760367E-02
    9.6699949996E-04    1.1187143317E+00    3.3919528488E-01   -4.5108314377E+01    4.0982987466E-02
    9.6799949996E-04    1.1047447806E+00    3.4853956249E-01   -4.5161363960E+01    4.0722889266E-02
    9.6899949996E-04    1.0902439293E+00    3.5661083341E-01   -4.5215449939E+01    4.0484901145E-02
    9.6999949996E-04    1.0752729510E+00    3.6335618648E-01   -4.5270570790E+01    4.0270134889E-02
    9.7099949996E-04    1.0599075308E+00    3.6872292550E-01   -4.5326722673E+01    4.0079209364E-02
    9.7199949996E-04    1.0442302988E+00    3.7267236570E-01   -4.5383896923E+01    3.9912124451E-02
    9.7299949996E-04    1.0283255620E+00    3.7518442620E-01   -4.5442079979E+01    3.9768309702E-02
    9.7399949996E-04    1.0122853440E+00    3.7624711910E-01   -4.5501256934E+01    3.9646720367E-02
    9.7499949996E-04    9.9620496377E-01    3.7586054053E-01   -4.5561410889E+01    3.9545971986E-02
    9.7599949996E-04    9.8017996390E-01    3.7403736049E-01   -4.5622522811E+01    3.9464497019E-02
    9.7699949996E-04    9.6430715814E-01    3.7079912615E-01   -4.5684572151E+01    3.9400672868E-02
    9.7799949996E-04    9.4868368641E-01    3.6617531750E-01   -4.5747536469E+01    3.9352919806E-02
    9.7899949996E-04    9.3340503334E-01    3.6020334996E-01   -4.5811390577E+01    3.9319772270E-02
    9.7999949996E-04    9.1856427032E-01    3.5292771284E-01   -4.5876105771E+01    3.9299911117E-02
    9.8099949996E-04    9.0425230362E-01    3.4439888066E-01   -4.5941649025E+01    3.9292146876E-02
    9.8199949996E-04    8.9055813357E-01    3.3467272261E-01   -4.6007982030E+01    3.9295356336E-02
    9.8299949996E-04    8.7756833694E-01    3.2381055611E-01   -4.6075060148E+01    3.9308392060E-02
    9.8399949996E-04    8.6536577153E-01    3.1187943969E-01   -4.6142831542E+01    3.9329999383E-02
    9.8499949996E-04    8.5402812295E-01    2.9895220608E-01   -4.6211236843E+01    3.9358778206E-02
    9.8599949996E-04    8.4362688034E-01    2.8510704966E-01   -4.6280209518E+01    3.9393212366E-02
    9.8699949996E-04    8.3422679813E-01    2.7042683633E-01   -4.6349676874E+01    3.9431762426E-02
    9.8799949996E-04    8.2588547898E-01    2.5499839612E-01   -4.6419561446E+01    3.9472992016E-02
    9.8899949996E-04    8.1865281053E-01    2.3891190669E-01   -4.6489782477E+01    3.9515686881E-02
    9.8999949996E-04    8.1257041671E-01    2.2226031882E-01   -4.6560257237E+01    3.9558933847E-02
    9.9099949996E-04    8.0767156053E-01    2.0513876982E-01   -4.6630902005E+01    3.9602147273E-02
    9.9199949996E-04    8.0398184254E-01    1.8764402712E-01   -4.6701632633E+01    3.9645050689E-02
    9.9299949996E-04    8.0151976830E-01    1.6987414639E-01   -4.6772364719E+01    3.9687630897E-02
    9.9399949996E-04    8.0029640693E-01    1.5192827353E-01   -4.6843013673E+01    3.9730079259E-02
    9.9499949996E-04    8.0031428863E-01    1.3390633953E-01   -4.6913495103E+01    3.9772725683E-02
    9.9599949996E-04    8.0156594372E-01    1.1590847578E-01   -4.6983725818E+01    3.9815963923E-02
    9.9699949996E-04    8.0403269815E-01    9.8034121377E-02   -4.7053625473E+01    3.9860169923E-02
    9.9799949996E-04    8.0768433835E-01    8.0380964435E-02   -4.7123118590E+01    3.9905626980E-02
    9.9899949996E-04    8.1248018554E-01    6.3043997253E-02   -4.7192136450E+01    3.9952482539E-02
    9.9999949996E-04    8.1837076927E-01    4.6114896775E-02   -4.7260618381E+01    4.0000759168E-02
    1.0009995000E-03    8.2529931956E-01    2.9681720845E-02   -4.7328512226E+01    4.0050423276E-02
    1.0019995000E-03    8.3320323592E-01    1.3828861835E-02   -4.7395773942E+01    4.0101491027E-02
    1.0029995000E-03    8.4201515809E-01   -1.3629060313E-03   -4.7462366538E+01    4.0154133850E-02
    1.0039995000E-03    8.5166347925E-01   -1.5816491424E-02   -4.7528258724E+01    4.0208747087E-02
    1.0049995000E-03    8.6207254326E-01   -2.9458786152E-02   -4.7593423590E+01    4.0265963293E-02
    1.0059995000E-03    8.7316240089E-01   -4.2221356570E-02   -4.7657837646E+01    4.0326613664E-02
    1.0069995000E-03    8.8484644953E-01   -5.4042231209E-02   -4.7721480706E+01    4.0391654028E-02
    1.0079995000E-03    8.9702938884E-01   -6.4868433070E-02   -4.7784336313E+01    4.0462065485E-02
    1.0089995000E-03    9.0960705218E-01   -7.4658623020E-02   -4.7846392156E+01    4.0538724641E-02
    1.0099995000E-03    9.2246980676E-01   -8.3384647388E-02   -4.7907639759E+01    4.0622238997E-02
    1.0109995000E-03    9.3550942910E-01   -9.1030965579E-02   -4.7968073006E+01    4.0712772595E-02
    1.0119995000E-03    9.4862194663E-01   -9.7594734297E-02   -4.8027687162E+01    4.0809920649E-02
    1.0129995000E-03    9.6170857653E-01   -1.0308624229E-01   -4.8086478356E+01    4.0912692685E-02
    1.0139995000E-03    9.7467653787E-01   -1.0752905192E-01   -4.8144443372E+01    4.1019622716E-02
    1.0149995000E-03    9.8744260735E-01   -1.1095786780E-01   -4.8201579043E+01    4.1128972298E-02
    1.0159995000E-03    9.9993528089E-01   -1.1341612664E-01   -4.8257882153E+01    4.1238971382E-02
    1.0169995000E-03    1.0120944307E+00   -1.1495459142E-01   -4.8313350202E+01    4.1348027542E-02
    1.0179995000E-03    1.0238706456E+00   -1.1563001396E-01   -4.8367982329E+01    4.1454843049E-02
    1.0189995000E-03    1.0352252092E+00   -1.1550312887E-01   -4.8421779886E+01    4.1558417133E-02
    1.0199995000E-03    1.0461292284E+00   -1.1463714067E-01   -4.8474747000E+01    4.1657982806E-02
    1.0209995000E-03    1.0565626792E+00   -1.1309624466E-01   -4.8526890869E+01    4.1752940871E-02
    1.0219995000E-03    1.0665140784E+00   -1.1094347886E-01   -4.8578221521E+01    4.1842797366E-02
    1.0229995000E-03    1.0759797537E+00   -1.0823890716E-01   -4.8628751407E+01    4.1927096109E-02
    1.0239995000E-03    1.0849619690E+00   -1.0503933569E-01   -4.8678495279E+01    4.2005356630E-02
    1.0249995000E-03    1.0934674249E+00   -1.0139814221E-01   -4.8727469927E+01    4.2077056231E-02
    1.0259995000E-03    1.1015064967E+00   -9.7364574639E-02   -4.8775693608E+01    4.2141662434E-02
    1.0269995000E-03    1.1090927885E+00   -9.2982815874E-02   -4.8823185301E+01    4.2198692776E-02
    1.0279995000E-03    1.1162425936E+00   -8.8291332370E-02   -4.8869964004E+01    4.2247777976E-02
    1.0289995000E-03    1.1229737556E+00   -8.3323455465E-02   -4.8916048429E+01    4.2288707458E-02
    1.0299995000E-03    1.1293047626E+00   -7.8108109197E-02   -4.8961456799E+01    4.2321447542E-02
    1.0309995000E-03    1.1352541376E+00   -7.2670460191E-02   -4.9006206704E+01    4.2346130487E-02
    1.0319995000E-03    1.1408400109E+00   -6.7032542852E-02   -4.9050315096E+01    4.2363021296E-02
    1.0329995000E-03    1.1460798202E+00   -6.1213850418E-02   -4.9093798401E+01    4.2372477259E-02
    1.0339995000E-03    1.1509901021E+00   -5.5231878172E-02   -4.9136672774E+01    4.2374917359E-02
    1.0349995000E-03    1.1555863559E+00   -4.9102587044E-02   -4.9178954407E+01    4.2370813738E-02
    1.0359995000E-03    1.1598829728E+00   -4.2840758218E-02   -4.9220659878E+01    4.2360707826E-02
    1.0369995000E-03    1.1638932158E+00   -3.6460239004E-02   -4.9261806436E+01    4.2345243879E-02
    1.0379995000E-03    1.1676292308E+00   -2.9974117941E-02   -4.9302412236E+01    4.2325206518E-02
    1.0389995000E-03    1.1711020718E+00   -2.3394886090E-02   -4.9342496486E+01    4.2301548416E-02
    1.0399995000E-03    1.1743217298E+00   -1.6734625573E-02   -4.9382079529E+01    4.2275398575E-02
    1.0409995000E-03    1.1772971747E+00   -1.0005221918E-02   -4.9421182866E+01    4.2248048518E-02
    1.0419995000E-03    1.1800364231E+00   -3.2185505328E-03   -4.9459829128E+01    4.2220920153E-02
    1.0429995000E-03    1.1825466434E+00    3.6134289306E-03   -4.9498041984E+01    4.2195523287E-02
    1.0439995000E-03    1.1848342927E+00    1.0478708371E-02   -4.9535846009E+01    4.2173411680E-02
    1.0449995000E-03    1.1869052646E+00    1.7365376119E-02   -4.9573266514E+01    4.2156144417E-02
    1.0459995000E-03    1.1887650188E+00    2.4261795455E-02   -4.9610329375E+01    4.2145255218E-02
    1.0469995000E-03    1.1904186723E+00    3.1156727969E-02   -4.9647060896E+01    4.2142227630E-02
    1.0479995000E-03    1.1918710483E+00    3.8039341085E-02   -4.9683487725E+01    4.2148470548E-02
    1.0489995000E-03    1.1931267031E+00    4.4899139504E-02   -4.9719636814E+01    4.2165287788E-02
    1.0499995000E-03    1.1941899483E+00    5.1725878519E-02   -4.9755535395E+01    4.2193837956E-02
    1.0509995000E-03    1.1950648819E+00    5.8509553474E-02   -4.9791210952E+01    4.2235085905E-02
    1.0519995000E-03    1.1957554191E+00    6.5240487323E-02   -4.9826691188E+01    4.2289752917E-02
    1.0529995000E-03    1.1962652960E+00    7.1909428700E-02   -4.9862004001E+01    4.2358277042E-02
    1.0539995000E-03    1.1965980197E+00    7.8507510911E-02   -4.9897177515E+01    4.2440796316E-02
    1.0549995000E-03    1.1967567658E+00    8.5025983350E-02   -4.9932240195E+01    4.2537165777E-02
    1.0559995000E-03    1.1967443050E+00    9.1456342605E-02   -4.9967220769E+01    4.2647016842E-02
    1.0569995000E-03    1.1965629538E+00    9.7791216018E-02   -5.0002147847E+01    4.2769860482E-02
    1.0579995000E-03    1.1962143346E+00    1.0402365889E-01   -5.0037050022E+01    4.2905209360E-02
    1.0589995000E-03    1.1956989914E+00    1.1014267567E-01   -5.0071957207E+01    4.3052687226E-02
    1.0599995000E-03    1.1950167102E+00    1.1613637969E-01   -5.0106899239E+01    4.3212121669E-02
    1.0609995000E-03    1.1941667243E+00    1.2199881744E-01   -5.0141903247E+01    4.3383604055E-02
    1.0619995000E-03    1.1931472857E+00    1.2772719263E-01   -5.0176994471E+01    4.3567461600E-02
    1.0629995000E-03    1.1919555153E+00    1.3331758548E-01   -5.0212197686E+01    4.3764167390E-02
    1.0639995000E-03    1.1905875706E+00    1.3876766449E-01   -5.0247536337E+01    4.3974234919E-02
    1.0649995000E-03    1.1890387091E+00    1.4407674013E-01   -5.0283032740E+01    4.4198108693E-02
    1.0659995000E-03    1.1873033812E+00    1.4924613374E-01   -5.0318708203E+01    4.4436073488E-02
    1.0669995000E-03    1.1853752614E+00    1.5428127903E-01   -5.0354582573E+01    4.4688187831E-02
    1.0679995000E-03    1.1832476105E+00    1.5918543211E-01   -5.0390676548E+01    4.4954278501E-02
    1.0689995000E-03    1.1809133204E+00    1.6396530605E-01   -5.0427009688E+01    4.5233930150E-02
    1.0699995000E-03    1.1783655165E+00    1.6862462107E-01   -5.0463602417E+01    4.5526458027E-02
    1.0709995000E-03    1.1755971327E+00    1.7317414187E-01   -5.0500472301E+01    4.5830919641E-02
    1.0719995000E-03    1.1726012631E+00    1.7762699939E-01   -5.0537635367E+01    4.6146048754E-02
    1.0729995000E-03    1.1693723390E+00    1.8198817774E-01   -5.0575109311E+01    4.6470321173E-02
    1.0739995000E-03    1.1659044344E+00    1.8627306642E-01   -5.0612907022E+01    4.6802067923E-02
    1.0749995000E-03    1.1621927554E+00    1.9049112879E-01   -5.0651042192E+01    4.7139602308E-02
    1.0759995000E-03    1.1582357070E+00    1.9463292259E-01   -5.0689533790E+01    4.7481209139E-02
    1.0769995000E-03    1.1540284246E+00    1.9871720968E-01   -5.0728390379E+01    4.7825356015E-02
    1.0779995000E-03    1.1495683683E+00    2.0274520192E-01   -5.0767625956E+01    4.8170643619E-02
    1.0789995000E-03    1.1448527493E+00    2.0671851160E-01   -5.0807254168E+01    4.8515731701E-02
    1.0799995000E-03    1.1398779986E+00    2.1063878508E-01   -5.0847288709E+01    4.8859497030E-02
    1.0809995000E-03    1.1346409059E+00    2.1450008168E-01   -5.0887745817E+01    4.9200926559E-02
    1.0819995000E-03    1.1291393821E+00    2.1828572818E-01   -5.0928645213E+01    4.9539292615E-02
    1.0829995000E-03    1.1233638830E+00    2.2200451136E-01   -5.0969997286E+01    4.9874337120E-02
    1.0839994999E-03    1.1173077628E+00    2.2564225547E-01   -5.1011818930E+01    5.0206236956E-02
    1.0849994999E-03    1.1109623545E+00    2.2918518417E-01   -5.1054125086E+01    5.0535620574E-02
    1.0859994999E-03    1.1043140510E+00    2.3262880386E-01   -5.1096925565E+01    5.0863310543E-02
    1.0869994999E-03    1.0973548854E+00    2.3594318826E-01   -5.1140236503E+01    5.1189951307E-02
    1.0879994999E-03    1.0900701344E+00    2.3911541342E-01   -5.1184066913E+01    5.1515749373E-02
    1.0889994999E-03    1.0824458809E+00    2.4212442487E-01   -5.1228427923E+01    5.1840356404E-02
    1.0899994999E-03    1.0744684952E+00    2.4494426272E-01   -5.1273332833E+01    5.2162889250E-02
    1.0909994999E-03    1.0661246728E+00    2.4754504780E-01   -5.1318796806E+01    5.2482351991E-02
    1.0919994999E-03    1.0574027568E+00    2.4989073230E-01   -5.1364838456E+01    5.2798005651E-02
    1.0929994999E-03    1.0482916236E+00    2.5194312936E-01   -5.1411478144E+01    5.3109583121E-02
    1.0939994999E-03    1.0387833539E+00    2.5365760725E-01   -5.1458738823E+01    5.3417542892E-02
    1.0949994999E-03    1.0288704374E+00    2.5499045721E-01   -5.1506642665E+01    5.3723015184E-02
    1.0959994999E-03    1.0185499206E+00    2.5589261140E-01   -5.1555212399E+01    5.4027514508E-02
    1.0969994999E-03    1.0078240541E+00    2.5631120626E-01   -5.1604470099E+01    5.4332638550E-02
    1.0979994999E-03    9.9670024351E-01    2.5619204107E-01   -5.1654436028E+01    5.4639670389E-02
    1.0989994999E-03    9.8519119414E-01    2.5548110679E-01   -5.1705128208E+01    5.4949309868E-02
    1.0999994999E-03    9.7331572646E-01    2.5412481108E-01   -5.1756562727E+01    5.5261577392E-02
    1.1009994999E-03    9.6110086588E-01    2.5206862230E-01   -5.1808754800E+01    5.5575899374E-02
    1.1019994999E-03    9.4858028533E-01    2.4926041007E-01   -5.1861718318E+01    5.5891333206E-02
    1.1029994999E-03    9.3579162203E-01    2.4565393780E-01   -5.1915465298E+01    5.6206885608E-02
    1.1039994999E-03    9.2277720179E-01    2.4120772745E-01   -5.1970006855E+01    5.6521825706E-02
    1.1049994999E-03    9.0958396617E-01    2.3588510204E-01   -5.2025353524E+01    5.6835866116E-02
    1.1059994999E-03    8.9626224592E-01    2.2965525746E-01   -5.2081515179E+01    5.7149220941E-02
    1.1069994999E-03    8.8286169344E-01    2.2249642513E-01   -5.2138499962E+01    5.7462500519E-02
    1.1079994999E-03    8.6943458739E-01    2.1439224676E-01   -5.2196315761E+01    5.7776374362E-02
    1.1089994999E-03    8.5603256157E-01    2.0533407735E-01   -5.2254969505E+01    5.8091315977E-02
    1.1099994999E-03    8.4270964469E-01    1.9531819731E-01   -5.2314468265E+01    5.8407345808E-02
    1.1109994999E-03    8.2951987907E-01    1.8434744004E-01   -5.2374818648E+01    5.8723842082E-02
    1.1119994999E-03    8.1651849170E-01    1.7243004448E-01   -5.2436027141E+01    5.9039550394E-02
    1.1129994999E-03    8.0376237659E-01    1.5957928038E-01   -5.2498099778E+01    5.9352753753E-02
    1.1139994999E-03    7.9131055061E-01    1.4581315392E-01   -5.2561041667E+01    5.9661553069E-02
    1.1149994999E-03    7.7922234407E-01    1.3115531226E-01   -5.2624855850E+01    5.9964224220E-02
    1.1159994999E-03    7.6755583041E-01    1.1563539742E-01   -5.2689542489E+01    6.0259552800E-02
    1.1169994999E-03    7.5637145347E-01    9.9286929824E-02   -5.2755098963E+01    6.0547043051E-02
    1.1179994999E-03    7.4572993208E-01    8.2148095285E-02   -5.2821519242E+01    6.0826973491E-02
    1.1189994999E-03    7.3569018680E-01    6.4262165125E-02   -5.2888793690E+01    6.1100238916E-02
    1.1199994999E-03    7.2631896103E-01    4.5673693313E-02   -5.2956910166E+01    6.1367989888E-02
    1.1209994999E-03    7.1768668281E-01    2.6430800108E-02   -5.3025852794E+01    6.1631140873E-02
    1.1219994999E-03    7.0986555131E-01    6.5862043127E-03   -5.3095600887E+01    6.1889884746E-02
    1.1229994999E-03    7.0293785216E-01   -1.3804574219E-02   -5.3166127611E+01    6.2143341289E-02
    1.1239994999E-03    6.9698944289E-01   -3.4680322007E-02   -5.3237397118E+01    6.2389470412E-02
    1.1249994999E-03    6.9211415000E-01   -5.5974718292E-02   -5.3309362001E+01    6.2625333899E-02
    1.1259994999E-03    6.8838466410E-01   -7.7610625906E-02   -5.3381962106E+01    6.2847867666E-02
    1.1269994999E-03    6.8589045041E-01   -9.9509171045E-02   -5.3455123072E+01    6.3054455993E-02
    1.1279994999E-03    6.8470295828E-01   -1.2158350412E-01   -5.3528757341E+01    6.3243450709E-02
    1.1289994999E-03    6.8487498256E-01   -1.4374115800E-01   -5.3602766962E+01    6.3414387906E-02
    1.1299994999E-03    6.8644700924E-01   -1.6588642640E-01   -5.3677045872E+01    6.3567711842E-02
    1.1309994999E-03    6.8944346262E-01   -1.8792070277E-01   -5.3751483129E+01    6.3704241355E-02
    1.1319994999E-03    6.9387743660E-01   -2.0974336468E-01   -5.3825964906E+01    6.3824624692E-02
    1.1329994999E-03    6.9974662248E-01   -2.3125182578E-01   -5.3900377270E+01    6.3929049362E-02
    1.1339994999E-03    7.0703091900E-01   -2.5234232814E-01   -5.3974608603E+01    6.4017277277E-02
    1.1349994999E-03    7.1569510992E-01   -2.7291106640E-01   -5.4048550633E+01    6.4088888631E-02
    1.1359994999E-03    7.2568978490E-01   -2.9285520639E-01   -5.4122099507E+01    6.4143569619E-02
    1.1369994999E-03    7.3695119841E-01   -3.1207413909E-01   -5.4195157426E+01    6.4181322461E-02
    1.1379994999E-03    7.4940280752E-01   -3.3047093572E-01   -5.4267634492E+01    6.4202570632E-02
    1.1389994999E-03    7.6295864079E-01   -3.4795368504E-01   -5.4339450397E+01    6.4208203776E-02
    1.1399994999E-03    7.7752720635E-01   -3.6443646630E-01   -5.4410535636E+01    6.4199600977E-02
    1.1409994999E-03    7.9301467095E-01   -3.7983988504E-01   -5.4480831976E+01    6.4178618121E-02
    1.1419994999E-03    8.0932694584E-01   -3.9409117315E-01   -5.4550291959E+01    6.4147496838E-02
    1.1429994999E-03    8.2637093562E-01   -4.0712387265E-01   -5.4618877541E+01    6.4108684247E-02
    1.1439994999E-03    8.4405517850E-01   -4.1887720499E-01   -5.4686558291E+01    6.4064615199E-02
    1.1449994999E-03    8.6228967135E-01   -4.2929543911E-01   -5.4753309796E+01    6.4017546366E-02
    1.1459994999E-03    8.8098484308E-01   -4.3832760440E-01   -5.4819112662E+01    6.3969514960E-02
    1.1469994999E-03    9.0005009930E-01   -4.4592767913E-01   -5.4883952082E+01    6.3922436965E-02
    1.1479994999E-03    9.1939257710E-01   -4.5205510553E-01   -5.4947817584E+01    6.3878297661E-02
    1.1489994999E-03    9.3891647310E-01   -4.5667541891E-01   -5.5010702580E+01    6.3839353333E-02
    1.1499994999E-03    9.5852285687E-01   -4.5976097999E-01   -5.5072603591E+01    6.3808267127E-02
    1.1509994999E-03    9.7810946157E-01   -4.6129224109E-01   -5.5133519335E+01    6.3788131075E-02
    1.1519994999E-03    9.9757071069E-01   -4.6125967495E-01   -5.5193449806E+01    6.3782359697E-02
    1.1529994999E-03    1.0167989567E+00   -4.5966568773E-01   -5.5252395292E+01    6.3794465160E-02
    1.1539994999E-03    1.0356871337E+00   -4.5652586339E-01   -5.5310355504E+01    6.3827742259E-02
    1.1549994999E-03    1.0541324604E+00   -4.5186902139E-01   -5.5367329079E+01    6.3884917167E-02
    1.1559994999E-03    1.0720404979E+00   -4.4573579828E-01   -5.5423313657E+01    6.3967847221E-02
    1.1569994999E-03    1.0893280607E+00   -4.3817683628E-01   -5.5478306856E+01    6.4077373825E-02
    1.1579994999E-03    1.1059243609E+00   -4.2925164668E-01   -5.5532308017E+01    6.4213392773E-02
    1.1589994999E-03    1.1217719666E+00   -4.1902617673E-01   -5.5585319486E+01    6.4375120153E-02
    1.1599994999E-03    1.1368276956E+00   -4.0756815028E-01   -5.5637346642E+01    6.4561451445E-02
    1.1609994999E-03    1.1510602518E+00   -3.9494665462E-01   -5.5688398371E+01    6.4771269399E-02
    1.1619994999E-03    1.1644488502E+00   -3.8122992438E-01   -5.5738486196E+01    6.5003584450E-02
    1.1629994999E-03    1.1769816365E+00   -3.6648358423E-01   -5.5787623047E+01    6.5257499967E-02
    1.1639994999E-03    1.1886528506E+00   -3.5077389834E-01   -5.5835823552E+01    6.5532042616E-02
    1.1649994999E-03    1.1994643986E+00   -3.3415967851E-01   -5.5883101225E+01    6.5825994301E-02
    1.1659994999E-03    1.2094226458E+00   -3.1669954142E-01   -5.5929470514E+01    6.6137804676E-02
    1.1669994999E-03    1.2185394436E+00   -2.9844742067E-01   -5.5974945539E+01    6.6465601783E-02
    1.1679994999E-03    1.2268294134E+00   -2.7946499038E-01   -5.6019543993E+01    6.6807249311E-02
    1.1689994999E-03    1.2343134446E+00   -2.5980618945E-01   -5.6063282518E+01    6.7160382730E-02
    1.1699994999E-03    1.2410160181E+00   -2.3952903252E-01   -5.6106180710E+01    6.7522308242E-02
    1.1709994999E-03    1.2469655171E+00   -2.1869341372E-01   -5.6148261115E+01    6.7889706202E-02
    1.1719994999E-03    1.2521937804E+00   -1.9736084937E-01   -5.6189550285E+01    6.8258290496E-02
    1.1729994999E-03    1.2567354552E+00   -1.7559296578E-01   -5.6230080413E+01    6.8622399653E-02
    1.1739994999E-03    1.2606268178E+00   -1.5345308022E-01   -5.6269892410E+01    6.8974805899E-02
    1.1749994999E-03    1.2639050034E+00   -1.3099993346E-01   -5.6309036223E+01    6.9306849901E-02
    1.1759994999E-03    1.2666062611E+00   -1.0829151032E-01   -5.6347574661E+01    6.9608927733E-02
    1.1769994999E-03    1.2687646585E+00   -8.5381801005E-02   -5.6385583652E+01    6.9871212736E-02
    1.1779994999E-03    1.2704105370E+00   -6.2320787417E-02   -5.6423152475E+01    7.0084517332E-02
    1.1789994999E-03    1.2715690848E+00   -3.9153092704E-02   -5.6460382029E+01    7.0241086014E-02
    1.1799994999E-03    1.2722590207E+00   -1.5918466736E-02   -5.6497382584E+01    7.0335209904E-02
    1.1809994999E-03    1.2724915751E+00    7.3449428555E-03   -5.6534271667E+01    7.0363618034E-02
    1.1819994999E-03    1.2722699185E+00    3.0600460910E-02   -5.6571170024E+01    7.0325663212E-02
    1.1829994999E-03    1.2715889793E+00    5.3811480581E-02   -5.6608197818E+01    7.0223341507E-02
    1.1839994999E-03    1.2704356990E+00    7.6940044711E-02   -5.6645470889E+01    7.0061165361E-02
    1.1849994999E-03    1.2687896668E+00    9.9946590874E-02   -5.6683096939E+01    6.9845877042E-02
    1.1859994999E-03    1.2666241916E+00    1.2278673330E-01   -5.6721173640E+01    6.9585976151E-02
    1.1869994999E-03    1.2639076082E+00    1.4541149462E-01   -5.6759786412E+01    6.9291056772E-02
    1.1879994999E-03    1.2606047511E+00    1.6776744837E-01   -5.6799007481E+01    6.8971011344E-02
    1.1889994999E-03    1.2566784349E+00    1.8979782368E-01   -5.6838895974E+01    6.8635218234E-02
    1.1899994999E-03    1.2520905925E+00    2.1144663691E-01   -5.6879498060E+01    6.8291907567E-02
    1.1909994999E-03    1.2468042485E+00    2.3265176542E-01   -5.6920852006E+01    6.7947783899E-02
    1.1919994999E-03    1.2407841918E+00    2.5335258601E-01   -5.6962987968E+01    6.7607991711E-02
    1.1929994999E-03    1.2339977435E+00    2.7349093647E-01   -5.7005930159E+01    6.7276355724E-02
    1.1939994999E-03    1.2264155813E+00    2.9301009074E-01   -5.7049699088E+01    6.6955833181E-02
    1.1949994999E-03    1.2180125868E+00    3.1185278621E-01   -5.7094313377E+01    6.6648835632E-02
    1.1959994999E-03    1.2087672104E+00    3.2996576897E-01   -5.7139788695E+01    6.6357485306E-02
    1.1969994999E-03    1.1986624250E+00    3.4729452039E-01   -5.7186139749E+01    6.6083702186E-02
    1.1979994999E-03    1.1876869583E+00    3.6377944594E-01   -5.7233381597E+01    6.5829148898E-02
    1.1989994999E-03    1.1758323497E+00    3.7936623826E-01   -5.7281526618E+01    6.5595166609E-02
    1.1999994999E-03    1.1630961860E+00    3.9399472576E-01   -5.7330588044E+01    6.5382783684E-02
    1.2009994999E-03    1.1494816223E+00    4.0760295520E-01   -5.7380578642E+01    6.5192818083E-02
    1.2019994999E-03    1.1349995796E+00    4.2012486317E-01   -5.7431511057E+01    6.5026051537E-02
    1.2029994999E-03    1.1196696469E+00    4.3149287638E-01   -5.7483396384E+01    6.4883378204E-02
    1.2039994999E-03    1.1035205876E+00    4.4164098717E-01   -5.7536242621E+01    6.4765828121E-02
    1.2049994999E-03    1.0865942335E+00    4.5050203448E-01   -5.7590055407E+01    6.4674386815E-02
    1.2059994999E-03    1.0689467205E+00    4.5801049486E-01   -5.7644837892E+01    6.4609655427E-02
    1.2069994999E-03    1.0506479198E+00    4.6410639106E-01   -5.7700591043E+01    6.4571476809E-02
    1.2079994999E-03    1.0317805694E+00    4.6873755288E-01   -5.7757314984E+01    6.4558669171E-02
    1.2089994999E-03    1.0124383181E+00    4.7186155974E-01   -5.7815010386E+01    6.4568972633E-02
    1.2099994999E-03    9.9272267366E-01    4.7344733463E-01   -5.7873679343E+01    6.4599223821E-02
    1.2109994999E-03    9.7273955800E-01    4.7347587933E-01   -5.7933325594E+01    6.4645688028E-02
    1.2119994999E-03    9.5259610141E-01    4.7194010724E-01   -5.7993954077E+01    6.4704443853E-02
    1.2129994999E-03    9.3239775549E-01    4.6884423447E-01   -5.8055569838E+01    6.4771730522E-02
    1.2139994999E-03    9.1224582542E-01    4.6420295240E-01   -5.8118176524E+01    6.4844201073E-02
    1.2149994999E-03    8.9223636853E-01    4.5804002276E-01   -5.8181775089E+01    6.4919048835E-02
    1.2159994999E-03    8.7246239222E-01    4.5038577546E-01   -5.8246363675E+01    6.4993989023E-02
    1.2169994999E-03    8.5301638038E-01    4.4127559798E-01   -5.8311937712E+01    6.5067099801E-02
    1.2179994999E-03    8.3399008339E-01    4.3075022538E-01   -5.8378489257E+01    6.5136574521E-02
    1.2189994999E-03    8.1547309272E-01    4.1885629886E-01   -5.8446005986E+01    6.5200480952E-02
    1.2199994999E-03    7.9755286339E-01    4.0564618946E-01   -5.8514470516E+01    6.5256628232E-02
    1.2209994999E-03    7.8031806923E-01    3.9117719042E-01   -5.8583860322E+01    6.5302594663E-02
    1.2219994999E-03    7.6386090898E-01    3.7551176382E-01   -5.8654146606E+01    6.5335893154E-02
    1.2229994999E-03    7.4827703019E-01    3.5871853941E-01   -5.8725292088E+01    6.5354190578E-02
    1.2239994999E-03    7.3366410849E-01    3.4087316962E-01   -5.8797248800E+01    6.5355484281E-02
    1.2249994999E-03    7.2011935497E-01    3.2205866679E-01   -5.8869956700E+01    6.5338191830E-02
    1.2259994999E-03    7.0773590892E-01    3.0236511712E-01   -5.8943343409E+01    6.5301189317E-02
    1.2269994999E-03    6.9659856529E-01    2.8188877646E-01   -5.9017324951E+01    6.5243863457E-02
    1.2279994999E-03    6.8678008127E-01    2.6073066515E-01   -5.9091807205E+01    6.5166181816E-02
    1.2289994999E-03    6.7833888702E-01    2.3899490699E-01   -5.9166687616E+01    6.5068684451E-02
    1.2299994999E-03    6.7131581283E-01    2.1678687067E-01   -5.9241856269E+01    6.4952267115E-02
    1.2309994999E-03    6.6573072241E-01    1.9421090878E-01   -5.9317197046E+01    6.4817715911E-02
    1.2319994999E-03    6.6158708520E-01    1.7136864961E-01   -5.9392591025E+01    6.4665147591E-02
    1.2329994999E-03    6.5887821875E-01    1.4835861308E-01   -5.9467919973E+01    6.4493681870E-02
    1.2339994999E-03    6.5758303060E-01    1.2527559682E-01   -5.9543067623E+01    6.4301592172E-02
    1.2349994999E-03    6.5766705406E-01    1.0221084224E-01   -5.9617922302E+01    6.4086933205E-02
    1.2359994999E-03    6.5908054486E-01    7.9251888490E-02   -5.9692379001E+01    6.3848445450E-02
    1.2369994999E-03    6.6175752291E-01    5.6481944453E-02   -5.9766341684E+01    6.3586310394E-02
    1.2379994999E-03    6.6562522555E-01    3.3980944940E-02   -5.9839726100E+01    6.3302466701E-02
    1.2389994999E-03    6.7059791893E-01    1.1822686941E-02   -5.9912460471E+01    6.3000284092E-02
    1.2399994999E-03    6.7658295501E-01   -9.9260616413E-03   -5.9984486819E+01    6.2683658457E-02
    1.2409994999E-03    6.8350700303E-01   -3.1199202740E-02   -6.0055760392E+01    6.2356036676E-02
    1.2419994999E-03    6.9126822301E-01   -5.1946636936E-02   -6.0126248049E+01    6.2019654193E-02
    1.2429994999E-03    6.9979225602E-01   -7.2117708600E-02   -6.0195926540E+01    6.1675119948E-02
    1.2439994999E-03    7.0901860619E-01   -9.1663154380E-02   -6.0264778631E+01    6.1321688735E-02
    1.2449994999E-03    7.1889026697E-01   -1.1053751741E-01   -6.0332791306E+01    6.0957893785E-02
    1.2459994999E-03    7.2935307114E-01   -1.2869862989E-01   -6.0399954345E+01    6.0582353385E-02
    1.2469994999E-03    7.4036031465E-01   -1.4610462233E-01   -6.0466258486E+01    6.0194513462E-02
    1.2479994999E-03    7.5186632825E-01   -1.6271601032E-01   -6.0531695305E+01    5.9795146906E-02
    1.2489994999E-03    7.6382831622E-01   -1.7849458946E-01   -6.0596256743E+01    5.9386382376E-02
    1.2499994999E-03    7.7620264948E-01   -1.9340542503E-01   -6.0659935850E+01    5.8971313785E-02
    1.2509994999E-03    7.8894342975E-01   -2.0741830630E-01   -6.0722727897E+01    5.8553348748E-02
    1.2519994999E-03    8.0200514074E-01   -2.2050673196E-01   -6.0784630737E+01    5.8135506054E-02
    1.2529994999E-03    8.1534170712E-01   -2.3264866749E-01   -6.0845645511E+01    5.7719866081E-02
    1.2539994999E-03    8.2890234593E-01   -2.4382969938E-01   -6.0905777915E+01    5.7307425430E-02
    1.2549994999E-03    8.4263387330E-01   -2.5404185460E-01   -6.0965037339E+01    5.6898311196E-02
    1.2559994999E-03    8.5648031556E-01   -2.6328426061E-01   -6.1023436039E+01    5.6492059073E-02
    1.2569994999E-03    8.7038427669E-01   -2.7156239650E-01   -6.1080987517E+01    5.6088157134E-02
    1.2579994999E-03    8.8428787244E-01   -2.7888789646E-01   -6.1137705072E+01    5.5686325506E-02
    1.2589994999E-03    8.9812865570E-01   -2.8528388600E-01   -6.1193602762E+01    5.5286646283E-02
    1.2599994999E-03    9.1185073112E-01   -2.9077556377E-01   -6.1248691696E+01    5.4889452617E-02
    1.2609994999E-03    9.2540265264E-01   -2.9539278464E-01   -6.1302981558E+01    5.4495018868E-02
    1.2619994999E-03    9.3873042914E-01   -2.9917974500E-01   -6.1356485083E+01    5.4103384029E-02
    1.2629994999E-03    9.5179262836E-01   -3.0217810638E-01   -6.1409213513E+01    5.3714254004E-02
    1.2639994999E-03    9.6455113550E-01   -3.0443777419E-01   -6.1461181796E+01    5.3326977711E-02
    1.2649994999E-03    9.7697647297E-01   -3.0600927410E-01   -6.1512406901E+01    5.2940842403E-02
    1.2659994999E-03    9.8904593694E-01   -3.0694446481E-01   -6.1562908388E+01    5.2555317400E-02
    1.2669994999E-03    1.0007395595E+00   -3.0730142303E-01   -6.1612709847E+01    5.2170369559E-02
    1.2679994999E-03    1.0120398084E+00   -3.0714464934E-01   -6.1661838195E+01    5.1786588844E-02
    1.2689994999E-03    1.0229492181E+00   -3.0650953476E-01   -6.1710310785E+01    5.1405069210E-02
    1.2699994999E-03    1.0334582367E+00   -3.0545917326E-01   -6.1758154040E+01    5.1027242649E-02
    1.2709994999E-03    1.0435696740E+00   -3.0403726140E-01   -6.1805386852E+01    5.0654471861E-02
    1.2719994999E-03    1.0532848319E+00   -3.0229405132E-01   -6.1852029482E+01    5.0287680433E-02
    1.2729994999E-03    1.0626115919E+00   -3.0026688167E-01   -6.1898097801E+01    4.9927162767E-02
    1.2739994999E-03    1.0715594922E+00   -2.9798852342E-01   -6.1943606722E+01    4.9572493480E-02
    1.2749994999E-03    1.0801407698E+00   -2.9548169830E-01   -6.1988569196E+01    4.9222728753E-02
    1.2759994999E-03    1.0883609609E+00   -2.9278601756E-01   -6.2033005506E+01    4.8876604948E-02
    1.2769994999E-03    1.0962328532E+00   -2.8991505653E-01   -6.2076929742E+01    4.8532838306E-02
    1.2779994999E-03    1.1037652898E+00   -2.8688829786E-01   -6.2120359523E+01    4.8190368789E-02
    1.2789994999E-03    1.1109665543E+00   -2.8372085612E-01   -6.2163312209E+01    4.7848453836E-02
    1.2799994999E-03    1.1178454881E+00   -2.8041788849E-01   -6.2205802391E+01    4.7506788743E-02
    1.2809994999E-03    1.1244078537E+00   -2.7699081973E-01   -6.2247846510E+01    4.7165497009E-02
    1.2819994999E-03    1.1306600692E+00   -2.7344347266E-01   -6.2289457779E+01    4.6825058540E-02
    1.2829994999E-03    1.1366089678E+00   -2.6977373938E-01   -6.2330646640E+01    4.6486204709E-02
    1.2839994999E-03    1.1422610731E+00   -2.6597973099E-01   -6.2371422895E+01    4.6149854583E-02
    1.2849994999E-03    1.1476244815E+00   -2.6205195032E-01   -6.2411793761E+01    4.5816587552E-02
    1.2859994999E-03    1.1527075714E+00   -2.5798379731E-01   -6.2451768108E+01    4.5486448120E-02
    1.2869994999E-03    1.1575207387E+00   -2.5376002214E-01   -6.2491353613E+01    4.5158749861E-02
    1.2879994999E-03    1.1620748336E+00   -2.4936704306E-01   -6.2530560686E+01    4.4832115422E-02
    1.2889994999E-03    1.1663808162E+00   -2.4479382207E-01   -6.2569402976E+01    4.4504899869E-02
    1.2899994999E-03    1.1704492565E+00   -2.4003323989E-01   -6.2607897494E+01    4.4175644731E-02
    1.2909994999E-03    1.1742903024E+00   -2.3506977657E-01   -6.2646059794E+01    4.3843592468E-02
    1.2919994999E-03    1.1779118638E+00   -2.2989900913E-01   -6.2683909263E+01    4.3509028987E-02
    1.2929994999E-03    1.1813200689E+00   -2.2451946429E-01   -6.2721465733E+01    4.3173231005E-02
    1.2939994999E-03    1.1845192540E+00   -2.1893378803E-01   -6.2758749364E+01    4.2838254458E-02
    1.2949994999E-03    1.1875120903E+00   -2.1314322962E-01   -6.2795778729E+01    4.2506574849E-02
    1.2959994999E-03    1.1902999363E+00   -2.0715465903E-01   -6.2832573435E+01    4.2180733687E-02
    1.2969994999E-03    1.1928834081E+00   -2.0097851090E-01   -6.2869153999E+01    4.1863039172E-02
    1.2979994999E-03    1.1952623506E+00   -1.9462270811E-01   -6.2905540325E+01    4.1555476254E-02
    1.2989994999E-03    1.1974363039E+00   -1.8809732149E-01   -6.2941753604E+01    4.1259645725E-02
    1.2999994999E-03    1.1994046793E+00   -1.8141277497E-01   -6.2977816151E+01    4.0976741671E-02
    1.3009994999E-03    1.2011667419E+00   -1.7457884979E-01   -6.3013751067E+01    4.0707663291E-02
    1.3019994999E-03    1.2027214978E+00   -1.6760332275E-01   -6.3049581803E+01    4.0452987915E-02
    1.3029994999E-03    1.2040681679E+00   -1.6049517908E-01   -6.3085333247E+01    4.0213006509E-02
    1.3039994999E-03    1.2052059122E+00   -1.5326214076E-01   -6.3121030864E+01    3.9987717227E-02
    1.3049994999E-03    1.2061339094E+00   -1.4591147591E-01   -6.3156700922E+01    3.9776881494E-02
    1.3059994999E-03    1.2068512081E+00   -1.3844947110E-01   -6.3192370251E+01    3.9580052920E-02
    1.3069994999E-03    1.2073570252E+00   -1.3088322220E-01   -6.3228066812E+01    3.9396633054E-02
    1.3079994999E-03    1.2076503190E+00   -1.2321889794E-01   -6.3263819034E+01    3.9225907736E-02
    1.3089994999E-03    1.2077298661E+00   -1.1546257912E-01   -6.3299656045E+01    3.9067070143E-02
    1.3099994999E-03    1.2075949112E+00   -1.0762299223E-01   -6.3335608516E+01    3.8919261010E-02
    1.3109994999E-03    1.2072445434E+00   -9.9709024859E-02   -6.3371707720E+01    3.8781575154E-02
    1.3119994999E-03    1.2066771262E+00   -9.1728127192E-02   -6.3407984878E+01    3.8653041524E-02
    1.3129994999E-03    1.2058907064E+00   -8.3688221599E-02   -6.3444471730E+01    3.8532614481E-02
    1.3139994999E-03    1.2048830509E+00   -7.5598033858E-02   -6.3481200525E+01    3.8419174656E-02
    1.3149994999E-03    1.2036512541E+00   -6.7466172861E-02   -6.3518203548E+01    3.8311534742E-02
    1.3159994999E-03    1.2021915976E+00   -5.9301184036E-02   -6.3555512945E+01    3.8208458685E-02
    1.3169994999E-03    1.2004997744E+00   -5.1112545116E-02   -6.3593160827E+01    3.8108691676E-02
    1.3179994999E-03    1.1985709179E+00   -4.2910951247E-02   -6.3631179093E+01    3.8010989730E-02
    1.3189994999E-03    1.1963991835E+00   -3.4707519927E-02   -6.3669598847E+01    3.7914141051E-02
    1.3199994999E-03    1.1939773183E+00   -2.6513206381E-02   -6.3708449897E+01    3.7816978716E-02
    1.3209994999E-03    1.1912966250E+00   -1.8339212779E-02   -6.3747760618E+01    3.7718388860E-02
    1.3219994999E-03    1.1883476696E+00   -1.0198698738E-02   -6.3787558344E+01    3.7617312787E-02
    1.3229994999E-03    1.1851205103E+00   -2.1071060569E-03   -6.3827869345E+01    3.7512740363E-02
    1.3239994999E-03    1.1816041406E+00    5.9189597482E-03   -6.3868718380E+01    3.7403700595E-02
    1.3249994999E-03    1.1777862595E+00    1.3861963889E-02   -6.3910128638E+01    3.7289265637E-02
    1.3259994999E-03    1.1736537270E+00    2.1702515503E-02   -6.3952122155E+01    3.7168575342E-02
    1.3269994999E-03    1.1691929099E+00    2.9418819904E-02   -6.3994720141E+01    3.7040868189E-02
    1.3279994999E-03    1.1643892333E+00    3.6987236325E-02   -6.4037942880E+01    3.6905512985E-02
    1.3289994999E-03    1.1592281379E+00    4.4380888039E-02   -6.4081810321E+01    3.6762044752E-02
    1.3299994999E-03    1.1536963179E+00    5.1568466593E-02   -6.4126342623E+01    3.6610170664E-02
    1.3309994999E-03    1.1477799645E+00    5.8516536686E-02   -6.4171559291E+01    3.6449729954E-02
    1.3319994999E-03    1.1414644020E+00    6.5189511262E-02   -6.4217479050E+01    3.6280700646E-02
    1.3329994999E-03    1.1347383388E+00    7.1545635413E-02   -6.4264121300E+01    3.6103234217E-02
    1.3339994999E-03    1.1275928008E+00    7.7539063015E-02   -6.4311505211E+01    3.5917580099E-02
    1.3349994999E-03    1.1200202357E+00    8.3121227687E-02   -6.4359649004E+01    3.5724040114E-02
    1.3359994999E-03    1.1120177769E+00    8.8239105966E-02   -6.4408570574E+01    3.5523014951E-02
    1.3369994999E-03    1.1035847876E+00    9.2838068237E-02   -6.4458285969E+01    3.5314998893E-02
    1.3379994999E-03    1.0947245234E+00    9.6861678365E-02   -6.4508809402E+01    3.5100616861E-02
    1.3389994999E-03    1.0854479178E+00    1.0025111797E-01   -6.4560153810E+01    3.4880607820E-02
    1.3399994999E-03    1.0757680916E+00    1.0294979257E-01   -6.4612328567E+01    3.4655725810E-02
    1.3409994999E-03    1.0657032492E+00    1.0490266875E-01   -6.4665340098E+01    3.4426813645E-02
    1.3419994999E-03    1.0552769636E+00    1.0605745769E-01   -6.4719191705E+01    3.4194749149E-02
    1.3429994999E-03    1.0445193220E+00    1.0636536080E-01   -6.4773883820E+01    3.3960392493E-02
    1.3439994999E-03    1.0334649413E+00    1.0578281489E-01   -6.4829413341E+01    3.3724559138E-02
    1.3449994999E-03    1.0221495684E+00    1.0427327534E-01   -6.4885772866E+01    3.3487953384E-02
    1.3459994999E-03    1.0106198879E+00    1.0180433868E-01   -6.4942953693E+01    3.3251246615E-02
    1.3469994999E-03    9.9892699346E-01    9.8350638913E-02   -6.5000943875E+01    3.3015096597E-02
    1.3479994999E-03    9.8712803321E-01    9.3893647791E-02   -6.5059728939E+01    3.2780249614E-02
    1.3489994999E-03    9.7528786830E-01    8.8421779059E-02   -6.5119292558E+01    3.2547611081E-02
    1.3499994999E-03    9.6347972262E-01    8.1930816979E-02   -6.5179617098E+01    3.2318380348E-02
    1.3509994999E-03    9.5178611089E-01    7.4424511962E-02   -6.5240684224E+01    3.2094105445E-02
    1.3519994999E-03    9.4029349284E-01    6.5916441824E-02   -6.5302474180E+01    3.1876561507E-02
    1.3529994999E-03    9.2909618554E-01    5.6429655435E-02   -6.5364967613E+01    3.1667634828E-02
    1.3539994999E-03    9.1828964970E-01    4.5997911475E-02   -6.5428144492E+01    3.1469138884E-02
    1.3549994999E-03    9.0796968428E-01    3.4665210224E-02   -6.5491984594E+01    3.1282622367E-02
    1.3559994999E-03    8.9822673823E-01    2.2485380217E-02   -6.5556466574E+01    3.1109213523E-02
    1.3569994999E-03    8.8914340477E-01    9.5207525121E-03   -6.5621567599E+01    3.0949478617E-02
    1.3579994999E-03    8.8079937307E-01   -4.1595887785E-03   -6.5687263881E+01    3.0803363195E-02
    1.3589994999E-03    8.7326634924E-01   -1.8480644548E-02   -6.5753528500E+01    3.0670254411E-02
    1.3599994999E-03    8.6660679727E-01   -3.3362682612E-02   -6.5820329897E+01    3.0549113667E-02
    1.3609994999E-03    8.6087721859E-01   -4.8722173286E-02   -6.5887631062E+01    3.0438673233E-02
    1.3619994999E-03    8.5612763190E-01   -6.4472375506E-02   -6.5955388233E+01    3.0337671179E-02
    1.3629994999E-03    8.5239992742E-01   -8.0524014222E-02   -6.6023550209E+01    3.0245057078E-02
    1.3639994999E-03    8.4972829822E-01   -9.6785891535E-02   -6.6092058819E+01    3.0160112741E-02
    1.3649994999E-03    8.4813915536E-01   -1.1316544123E-01   -6.6160850012E+01    3.0082467655E-02
    1.3659994999E-03    8.4764966433E-01   -1.2956946800E-01   -6.6229855292E+01    3.0012024221E-02
    1.3669994999E-03    8.4826687394E-01   -1.4590495927E-01   -6.6299003406E+01    2.9948836122E-02
    1.3679994999E-03    8.4998918068E-01   -1.6207949030E-01   -6.6368221925E+01    2.9892997558E-02
    1.3689994999E-03    8.5280832508E-01   -1.7800124038E-01   -6.6437438159E+01    2.9844587768E-02
    1.3699994999E-03    8.5671070408E-01   -1.9357885638E-01   -6.6506579366E+01    2.9803681861E-02
    1.3709994999E-03    8.6167750225E-01   -2.0872146479E-01   -6.6575572519E+01    2.9770408643E-02
    1.3719994999E-03    8.6768412820E-01   -2.2333893274E-01   -6.6644344061E+01    2.9745020279E-02
    1.3729994999E-03    8.7469981859E-01   -2.3734222276E-01   -6.6712819980E+01    2.9727940601E-02
    1.3739994999E-03    8.8268726336E-01   -2.5064389364E-01   -6.6780926374E+01    2.9719773743E-02
    1.3749994999E-03    8.9160224044E-01   -2.6315877277E-01   -6.6848590534E+01    2.9721274887E-02
    1.3759994999E-03    9.0139336842E-01   -2.7480475956E-01   -6.6915742358E+01    2.9733301937E-02
    1.3769994999E-03    9.1200207236E-01   -2.8550368071E-01   -6.6982315832E+01    2.9756773081E-02
    1.3779994999E-03    9.2336277512E-01   -2.9518212672E-01   -6.7048250232E+01    2.9792648097E-02
    1.3789994999E-03    9.3540324414E-01   -3.0377225105E-01   -6.7113490835E+01    2.9841935397E-02
    1.3799994999E-03    9.4804497602E-01   -3.1121260057E-01   -6.7177989059E+01    2.9905711391E-02
    1.3809994999E-03    9.6120428940E-01   -3.1744848730E-01   -6.7241702007E+01    2.9985132963E-02
    1.3819994999E-03    9.7479448490E-01   -3.2243135108E-01   -6.7304591483E+01    3.0081430730E-02
    1.3829994999E-03    9.8872734304E-01   -3.2611832459E-01   -6.7366622893E+01    3.0195879490E-02
    1.3839994999E-03    1.0029124359E+00   -3.2847398532E-01   -6.7427764670E+01    3.0329744291E-02
    1.3849994999E-03    1.0172564186E+00   -3.2947316694E-01   -6.7487988186E+01    3.0484198832E-02
    1.3859994999E-03    1.0316663120E+00   -3.2909997817E-01   -6.7547267223E+01    3.0660236432E-02
    1.3869994999E-03    1.0460514275E+00   -3.2734760652E-01   -6.7605577839E+01    3.0858579486E-02
    1.3879994999E-03    1.0603237100E+00   -3.2421989572E-01   -6.7662898913E+01    3.1079571619E-02
    1.3889994999E-03    1.0744004046E+00   -3.1972937991E-01   -6.7719212199E+01    3.1323096545E-02
    1.3899994999E-03    1.0881994156E+00   -3.1390691410E-01   -6.7774505042E+01    3.1588495252E-02
    1.3909994999E-03    1.1016470773E+00   -3.0679141999E-01   -6.7828768968E+01    3.1874552727E-02
    1.3919994999E-03    1.1146793148E+00   -2.9842694661E-01   -6.7881999593E+01    3.2179622253E-02
    1.3929994999E-03    1.1272388655E+00   -2.8886744172E-01   -6.7934198142E+01    3.2501746834E-02
    1.3939994999E-03    1.1392768191E+00   -2.7817311786E-01   -6.7985370791E+01    3.2838794642E-02
    1.3949994999E-03    1.1507524167E+00   -2.6640967085E-01   -6.8035528329E+01    3.3188642014E-02
    1.3959994999E-03    1.1616338606E+00   -2.5364369694E-01   -6.8084684763E+01    3.3549202289E-02
    1.3969994999E-03    1.1718955840E+00   -2.3994875950E-01   -6.8132858544E+01    3.3918422681E-02
    1.3979994999E-03    1.1815217978E+00   -2.2539055568E-01   -6.8180068015E+01    3.4294252910E-02
    1.3989994999E-03    1.1905019649E+00   -2.1003938436E-01   -6.8226334616E+01    3.4674586134E-02
    1.3999994999E-03    1.1988309248E+00   -1.9396970983E-01   -6.8271682783E+01    3.5057201379E-02
    1.4009994999E-03    1.2065093937E+00   -1.7725691638E-01   -6.8316139154E+01    3.5439733038E-02
    1.4019994999E-03    1.2135454746E+00   -1.5996310765E-01   -6.8359728166E+01    3.5819631891E-02
    1.4029994999E-03    1.2199494525E+00   -1.4216452554E-01   -6.8402481181E+01    3.6194118830E-02
    1.4039994999E-03    1.2257373072E+00   -1.2392489501E-01   -6.8444428779E+01    3.6560112729E-02
    1.4049994999E-03    1.2309266378E+00   -1.0532183997E-01   -6.8485610173E+01    3.6914173431E-02
    1.4059994999E-03    1.2355390527E+00   -8.6417848575E-02   -6.8526064745E+01    3.7252504527E-02
    1.4069994999E-03    1.2395974334E+00   -6.7273532480E-02   -6.8565837764E+01    3.7570986569E-02
    1.4079994999E-03    1.2431252502E+00   -4.7943509650E-02   -6.8604980155E+01    3.7865420152E-02
    1.4089994999E-03    1.2461452459E+00   -2.8484301998E-02   -6.8643552358E+01    3.8131797918E-02
    1.4099994999E-03    1.2486790420E+00   -8.9421606050E-03   -6.8681620491E+01    3.8366632578E-02
    1.4109994999E-03    1.2507459515E+00    1.0640619396E-02   -6.8719258501E+01    3.8567386179E-02
    1.4119994999E-03    1.2523621872E+00    3.0228228182E-02   -6.8756546340E+01    3.8732709649E-02
    1.4129994999E-03    1.2535401636E+00    4.9786666407E-02   -6.8793570116E+01    3.8862589256E-02
    1.4139994999E-03    1.2542879310E+00    6.9287125558E-02   -6.8830418655E+01    3.8958344566E-02
    1.4149994999E-03    1.2546087958E+00    8.8702688747E-02   -6.8867182251E+01    3.9022511457E-02
    1.4159994999E-03    1.2545013275E+00    1.0800458159E-01   -6.8903951486E+01    3.9058647142E-02
    1.4169994999E-03    1.2539594523E+00    1.2716302824E-01   -6.8940814413E+01    3.9071082133E-02
    1.4179994999E-03    1.2529726890E+00    1.4614770369E-01   -6.8977854215E+01    3.9064666707E-02
    1.4189994999E-03    1.2515265608E+00    1.6492782944E-01   -6.9015147461E+01    3.9044541444E-02
    1.4199994999E-03    1.2496031150E+00    1.8347259066E-01   -6.9052762770E+01    3.9015938241E-02
    1.4209994999E-03    1.2471814988E+00    2.0175172707E-01   -6.9090759965E+01    3.8984005620E-02
    1.4219994999E-03    1.2442385968E+00    2.1973574793E-01   -6.9129189921E+01    3.8953650943E-02
    1.4229994999E-03    1.2407497375E+00    2.3739572179E-01   -6.9168095049E+01    3.8929402191E-02
    1.4239994999E-03    1.2366893986E+00    2.5470310271E-01   -6.9207510151E+01    3.8915305383E-02
    1.4249994999E-03    1.2320318335E+00    2.7162980648E-01   -6.9247463415E+01    3.8914878262E-02
    1.4259994999E-03    1.2267516447E+00    2.8814818729E-01   -6.9287977516E+01    3.8931129809E-02
    1.4269994999E-03    1.2208243939E+00    3.0423060109E-01   -6.9329070776E+01    3.8966632525E-02
    1.4279994999E-03    1.2142272194E+00    3.1984884662E-01   -6.9370758208E+01    3.9023611211E-02
    1.4289994999E-03    1.2069392724E+00    3.3497397122E-01   -6.9413052252E+01    3.9104002519E-02
    1.4299994999E-03    1.1989419087E+00    3.4957625039E-01   -6.9455963326E+01    3.9209456118E-02
    1.4309994999E-03    1.1902190897E+00    3.6362435271E-01   -6.9499500658E+01    3.9341287416E-02
    1.4319994999E-03    1.1807588033E+00    3.7708317055E-01   -6.9543673712E+01    3.9500422155E-02
    1.4329994999E-03    1.1705531667E+00    3.8991496920E-01   -6.9588492381E+01    3.9687385355E-02
    1.4339994999E-03    1.1595977609E+00    4.0208114273E-01   -6.9633966772E+01    3.9902388696E-02
    1.4349994999E-03    1.1478924624E+00    4.1354161576E-01   -6.9680107773E+01    4.0145489176E-02
    1.4359994999E-03    1.1354417596E+00    4.2425527719E-01   -6.9726926965E+01    4.0416734663E-02
    1.4369994999E-03    1.1222552620E+00    4.3418004867E-01   -6.9774436489E+01    4.0716156709E-02
    1.4379994999E-03    1.1083481075E+00    4.4327297674E-01   -6.9822648850E+01    4.1043594592E-02
    1.4389994999E-03    1.0937413628E+00    4.5149068081E-01   -6.9871576867E+01    4.1398543237E-02
    1.4399994999E-03    1.0784610061E+00    4.5879044686E-01   -6.9921233122E+01    4.1780015528E-02
    1.4409994999E-03    1.0625393255E+00    4.6513090662E-01   -6.9971630923E+01    4.2186643623E-02
    1.4419994999E-03    1.0460114797E+00    4.7047384255E-01   -7.0022782945E+01    4.2616887451E-02
    1.4429994999E-03    1.0289147091E+00    4.7478392993E-01   -7.0074701339E+01    4.3069240893E-02
    1.4439994999E-03    1.0112917797E+00    4.7802883362E-01   -7.0127399940E+01    4.3542291369E-02
    1.4449994999E-03    9.9318499782E-01    4.8017756476E-01   -7.0180892172E+01    4.4034585258E-02
    1.4459994999E-03    9.7463915373E-01    4.8119938548E-01   -7.0235192786E+01    4.4544594372E-02
    1.4469994999E-03    9.5570239900E-01    4.8106342538E-01   -7.0290318391E+01    4.5070666088E-02
    1.4479994999E-03    9.3642651995E-01    4.7973898278E-01   -7.0346287211E+01    4.5611150084E-02
    1.4489994999E-03    9.1686639010E-01    4.7719525948E-01   -7.0403117935E+01    4.6164510777E-02
    1.4499994999E-03    8.9708216917E-01    4.7340343594E-01   -7.0460830255E+01    4.6729330450E-02
    1.4509994999E-03    8.7713972504E-01    4.6833769134E-01   -7.0519444344E+01    4.7304076424E-02
    1.4519994999E-03    8.5710890321E-01    4.6197346582E-01   -7.0578979426E+01    4.7886853223E-02
    1.4529994999E-03    8.3706736848E-01    4.5429277069E-01   -7.0639456785E+01    4.8475067682E-02
    1.4539994999E-03    8.1709565923E-01    4.4527790713E-01   -7.0700895315E+01    4.9065338907E-02
    1.4549994999E-03    7.9728088912E-01    4.3491959774E-01   -7.0763315780E+01    4.9653681460E-02
    1.4559994999E-03    7.7771282559E-01    4.2321330504E-01   -7.0826736426E+01    5.0235911976E-02
    1.4569994999E-03    7.5848375266E-01    4.1016229352E-01   -7.0891172239E+01    5.0808074361E-02
    1.4579994999E-03    7.3968762484E-01    3.9578254743E-01   -7.0956635139E+01    5.1366918300E-02
    1.4589994999E-03    7.2141748191E-01    3.8009982282E-01   -7.1023129472E+01    5.1909880072E-02
    1.4599994999E-03    7.0376384737E-01    3.6315008368E-01   -7.1090651069E+01    5.2435125487E-02
    1.4609994999E-03    6.8681423616E-01    3.4498991922E-01   -7.1159195856E+01    5.2941239979E-02
    1.4619994999E-03    6.7064899851E-01    3.2567857453E-01   -7.1228749337E+01    5.3427054220E-02
    1.4629994999E-03    6.5534175162E-01    3.0529095330E-01   -7.1299299880E+01    5.3891451151E-02
    1.4639994999E-03    6.4095800785E-01    2.8390585669E-01   -7.1370832411E+01    5.4333465850E-02
    1.4649994999E-03    6.2755619753E-01    2.6161141510E-01   -7.1443334019E+01    5.4752007074E-02
    1.4659994999E-03    6.1519042255E-01    2.3848772176E-01   -7.1516776800E+01    5.5145823948E-02
    1.4669994999E-03    6.0390995247E-01    2.1462697706E-01   -7.1591132603E+01    5.5513341475E-02
    1.4679994999E-03    5.9376061081E-01    1.9012188117E-01   -7.1666360303E+01    5.5852416996E-02
    1.4689994999E-03    5.8478483210E-01    1.6506228586E-01   -7.1742401455E+01    5.6160440453E-02
    1.4699994999E-03    5.7701954397E-01    1.3954056909E-01   -7.1819187509E+01    5.6434345177E-02
    1.4709994999E-03    5.7049651206E-01    1.1364057206E-01   -7.1896631786E+01    5.6671196405E-02
    1.4719994999E-03    5.6523965994E-01    8.7443222020E-02   -7.1974639277E+01    5.6868796202E-02
    1.4729994999E-03    5.6126667617E-01    6.1019006802E-02   -7.2053101409E+01    5.7026111440E-02
    1.4739994999E-03    5.5858751877E-01    3.4437436057E-02   -7.2131908660E+01    5.7143378374E-02
    1.4749994999E-03    5.5720729984E-01    7.7645685228E-03   -7.2210948707E+01    5.7221747599E-02
    1.4759994999E-03    5.5713112317E-01   -1.8944251914E-02   -7.2290097011E+01    5.7262696209E-02
    1.4769994999E-03    5.5836425593E-01   -4.5636188083E-02   -7.2369225677E+01    5.7267360613E-02
    1.4779994999E-03    5.6091186593E-01   -7.2255488277E-02   -7.2448209048E+01    5.7236134931E-02
    1.4789994999E-03    5.6477793553E-01   -9.8740844641E-02   -7.2526925500E+01    5.7168720067E-02
    1.4799994999E-03    5.6996218437E-01   -1.2502098449E-01   -7.2605261636E+01    5.7064531763E-02
    1.4809994999E-03    5.7645698017E-01   -1.5101315716E-01   -7.2683113848E+01    5.6923205798E-02
    1.4819994999E-03    5.8424835906E-01   -1.7663429781E-01   -7.2760375721E+01    5.6745002553E-02
    1.4829994999E-03    5.9331387608E-01   -2.0179852519E-01   -7.2836945446E+01    5.6531034323E-02
    1.4839994999E-03    6.0361974203E-01   -2.2641005949E-01   -7.2912740548E+01    5.6283155668E-02
    1.4849994999E-03    6.1512335320E-01   -2.5037029238E-01   -7.2987694349E+01    5.6003672907E-02
    1.4859994999E-03    6.2777478735E-01   -2.7358065349E-01   -7.3061755714E+01    5.5695041983E-02
    1.4869994999E-03    6.4152128336E-01   -2.9595178852E-01   -7.3134878130E+01    5.5359709204E-02
    1.4879994999E-03    6.5629827427E-01   -3.1738637345E-01   -7.3207039131E+01    5.5000020362E-02
    1.4889994999E-03    6.7203582781E-01   -3.3779586457E-01   -7.3278217802E+01    5.4618084766E-02
    1.4899994999E-03    6.8865759930E-01   -3.5709926139E-01   -7.3348395592E+01    5.4215661708E-02
    1.4909994999E-03    7.0608028590E-01   -3.7522302252E-01   -7.3417557881E+01    5.3794148866E-02
    1.4919994999E-03    7.2421736432E-01   -3.9210532489E-01   -7.3485691372E+01    5.3354565360E-02
    1.4929994999E-03    7.4297855648E-01   -4.0769421866E-01   -7.3552788785E+01    5.2897877487E-02
    1.4939994999E-03    7.6227127125E-01   -4.2194859115E-01   -7.3618849472E+01    5.2425433345E-02
    1.4949994999E-03    7.8200592800E-01   -4.3484177174E-01   -7.3683874252E+01    5.1939351823E-02
    1.4959994999E-03    8.0209001893E-01   -4.4635430318E-01   -7.3747872551E+01    5.1442626372E-02
    1.4969994999E-03    8.2243259350E-01   -4.5647645635E-01   -7.3810856518E+01    5.0938904641E-02
    1.4979994999E-03    8.4294368135E-01   -4.6520577047E-01   -7.3872841427E+01    5.0432047108E-02
    1.4989994999E-03    8.6353699749E-01   -4.7254692424E-01   -7.3933843401E+01    4.9925694581E-02
    1.4999994999E-03    8.8412743503E-01   -4.7850906566E-01   -7.3993881743E+01    4.9422976756E-02
    1.5009994999E-03    9.0463608049E-01   -4.8310714816E-01   -7.4052975378E+01    4.8926471367E-02
    1.5019994999E-03    9.2498822850E-01   -4.8636000035E-01   -7.4111144359E+01    4.8438380065E-02
    1.5029994999E-03    9.4511155260E-01   -4.8828945883E-01   -7.4168410406E+01    4.7960736508E-02
    1.5039994999E-03    9.6494125261E-01   -4.8892056951E-01   -7.4224792787E+01    4.7495568958E-02
    1.5049994999E-03    9.8441336612E-01   -4.8827977938E-01   -7.4280311117E+01    4.7044931315E-02
    1.5059994999E-03    1.0034687780E+00   -4.8639515143E-01   -7.4334982125E+01    4.6610920807E-02
    1.5069994999E-03    1.0220464270E+00   -4.8329718387E-01   -7.4388822827E+01    4.6195593542E-02
    1.5079994999E-03    1.0400920080E+00   -4.7901861448E-01   -7.4441845886E+01    4.5800988734E-02
    1.5089994999E-03    1.0575535321E+00   -4.7359549152E-01   -7.4494062884E+01    4.5429190421E-02
    1.5099994999E-03    1.0743782573E+00   -4.6707004104E-01   -7.4545486625E+01    4.5082228060E-02
    1.5109994999E-03    1.0905222251E+00   -4.5948727400E-01   -7.4596127556E+01    4.4761893695E-02
    1.5119994999E-03    1.1059466793E+00   -4.5089556274E-01   -7.4645996460E+01    4.4469468341E-02
    1.5129994999E-03    1.1206203400E+00   -4.4134455695E-01   -7.4695104041E+01    4.4205617908E-02
    1.5139994999E-03    1.1345189092E+00   -4.3088464028E-01   -7.4743461525E+01    4.3970491450E-02
    1.5149994999E-03    1.1476254781E+00   -4.1956564395E-01   -7.4791080412E+01    4.3763907332E-02
    1.5159994999E-03    1.1599308535E+00   -4.0743512041E-01   -7.4837971752E+01    4.3585615914E-02
    1.5169994999E-03    1.1714311207E+00   -3.9453997116E-01   -7.4884146838E+01    4.3435396339E-02
    1.5179994999E-03    1.1821278438E+00   -3.8092506955E-01   -7.4929616409E+01    4.3312978545E-02
    1.5189994999E-03    1.1920271648E+00   -3.6663337122E-01   -7.4974390746E+01    4.3217898984E-02
    1.5199994999E-03    1.2011391198E+00   -3.5170634789E-01   -7.5018480067E+01    4.3149377366E-02
    1.5209994999E-03    1.2094778709E+00   -3.3618282000E-01   -7.5061894471E+01    4.3106282929E-02
    1.5219994999E-03    1.2170614362E+00   -3.2009858062E-01   -7.5104644278E+01    4.3087175497E-02
    1.5229994999E-03    1.2239109348E+00   -3.0348754608E-01   -7.5146740901E+01    4.3090362061E-02
    1.5239994999E-03    1.2300500020E+00   -2.8638295138E-01   -7.5188197716E+01    4.3113910600E-02
    1.5249994999E-03    1.2355044258E+00   -2.6881777244E-01   -7.5229030723E+01    4.3155592993E-02
    1.5259994999E-03    1.2403016952E+00   -2.5082494242E-01   -7.5269259330E+01    4.3212769524E-02
    1.5269994999E-03    1.2444703642E+00   -2.3243794518E-01   -7.5308907548E+01    4.3282258694E-02
    1.5279994999E-03    1.2480393398E+00   -2.1369165208E-01   -7.5348005508E+01    4.3360239282E-02
    1.5289994999E-03    1.2510372646E+00   -1.9462228237E-01   -7.5386590801E+01    4.3442213375E-02
    1.5299994999E-03    1.2534919354E+00   -1.7526593996E-01   -7.5424709238E+01    4.3523041300E-02
    1.5309994999E-03    1.2554294765E+00   -1.5565783267E-01   -7.5462415580E+01    4.3597049785E-02
    1.5319994999E-03    1.2568733768E+00   -1.3583289475E-01   -7.5499774304E+01    4.3658205006E-02
    1.5329994999E-03    1.2578437225E+00   -1.1582518372E-01   -7.5536859323E+01    4.3700338860E-02
    1.5339994999E-03    1.2583565089E+00   -9.5666896289E-02   -7.5573752852E+01    4.3717423132E-02
    1.5349994999E-03    1.2584230093E+00   -7.5388269292E-02   -7.5610543916E+01    4.3703884478E-02
    1.5359994999E-03    1.2580492966E+00   -5.5018642220E-02   -7.5647326655E+01    4.3654943882E-02
    1.5369994999E-03    1.2572360201E+00   -3.4587684870E-02   -7.5684198170E+01    4.3566953569E-02
    1.5379994999E-03    1.2559784405E+00   -1.4125856753E-02   -7.5721255725E+01    4.3437692307E-02
    1.5389994999E-03    1.2542666637E+00    6.3347491109E-03   -7.5758594029E+01    4.3266566366E-02
    1.5399994999E-03    1.2520861297E+00    2.6757332389E-02   -7.5796303583E+01    4.3054672186E-02
    1.5409994999E-03    1.2494182937E+00    4.7101660224E-02   -7.5834467882E+01    4.2804704462E-02
    1.5419994999E-03    1.2462416375E+00    6.7318360968E-02   -7.5873163997E+01    4.2520633894E-02
    1.5429994999E-03    1.2425323649E+00    8.7357298353E-02   -7.5912458789E+01    4.2207284997E-02
    1.5439994999E-03    1.2382655139E+00    1.0716316001E-01   -7.5952410779E+01    4.1869897717E-02
    1.5449994999E-03    1.2334150879E+00    1.2668586636E-01   -7.5993067378E+01    4.1513683345E-02
    1.5459994999E-03    1.2279583527E+00    1.4584485307E-01   -7.6034478758E+01    4.1143486936E-02
    1.5469994999E-03    1.2218723459E+00    1.6458250570E-01   -7.6076680680E+01    4.0763648947E-02
    1.5479994999E-03    1.2151373395E+00    1.8283279060E-01   -7.6119706836E+01    4.0377996432E-02
    1.5489994999E-03    1.2077374551E+00    2.0052662041E-01   -7.6163588143E+01    3.9989927007E-02
    1.5499994999E-03    1.1996607512E+00    2.1759626476E-01   -7.6208352244E+01    3.9602465844E-02
    1.5509994999E-03    1.1909002477E+00    2.3397268693E-01   -7.6254024928E+01    3.9218381821E-02
    1.5519994999E-03    1.1814556887E+00    2.4958113082E-01   -7.6300631753E+01    3.8840229025E-02
    1.5529994999E-03    1.1713276719E+00    2.6436608788E-01   -7.6348190783E+01    3.8470342752E-02
    1.5539994999E-03    1.1605281968E+00    2.7825022491E-01   -7.6396724945E+01    3.8110882430E-02
    1.5549994999E-03    1.1490760163E+00    2.9115913564E-01   -7.6446254191E+01    3.7763887941E-02
    1.5559994999E-03    1.1369942426E+00    3.0302849408E-01   -7.6496793390E+01    3.7431322822E-02
    1.5569994999E-03    1.1243147288E+00    3.1379219967E-01   -7.6548355318E+01    3.7115175779E-02
    1.5579994999E-03    1.1110804067E+00    3.2338104996E-01   -7.6600950485E+01    3.6817406581E-02
    1.5589994999E-03    1.0973419413E+00    3.3173383013E-01   -7.6654583919E+01    3.6539860139E-02
    1.5599994999E-03    1.0831584283E+00    3.3879659279E-01   -7.6709255444E+01    3.6284124429E-02
    1.5609994999E-03    1.0686026178E+00    3.4451537204E-01   -7.6764961897E+01    3.6051375826E-02
    1.5619994999E-03    1.0537494332E+00    3.4885637666E-01   -7.6821693024E+01    3.5842226047E-02
    1.5629994999E-03    1.0386814480E+00    3.5179467564E-01   -7.6879435095E+01    3.5656718370E-02
    1.5639994999E-03    1.0234873767E+00    3.5331576001E-01   -7.6938171331E+01    3.5494364357E-02
    1.5649994999E-03    1.0082584330E+00    3.5341840553E-01   -7.6997881864E+01    3.5354268042E-02
    1.5659994999E-03    9.9309085350E-01    3.5210960796E-01   -7.7058545210E+01    3.5235245721E-02
    1.5669994999E-03    9.7808028368E-01    3.4940868066E-01   -7.7120137278E+01    3.5135943922E-02
    1.5679994999E-03    9.6331922343E-01    3.4534654275E-01   -7.7182631228E+01    3.5054955673E-02
    1.5689994999E-03    9.4889955686E-01    3.3996097205E-01   -7.7245997992E+01    3.4990896839E-02
    1.5699994999E-03    9.3491398866E-01    3.3329452106E-01   -7.7310205910E+01    3.4942450056E-02
    1.5709994999E-03    9.2145403697E-01    3.2539563112E-01   -7.7375219412E+01    3.4908385911E-02
    1.5719994999E-03    9.0860756556E-01    3.1631961774E-01   -7.7440997657E+01    3.4887556616E-02
    1.5729994999E-03    8.9645779049E-01    3.0612839054E-01   -7.7507493590E+01    3.4878856932E-02
    1.5739994999E-03    8.8508258832E-01    2.9488998149E-01   -7.7574653362E+01    3.4881167958E-02
    1.5749994999E-03    8.7455387031E-01    2.8267801286E-01   -7.7642416285E+01    3.4893314091E-02
    1.5759994999E-03    8.6493700758E-01    2.6957109512E-01   -7.7710715404E+01    3.4914062376E-02
    1.5769994999E-03    8.5629033408E-01    2.5565216236E-01   -7.7779478627E+01    3.4942176836E-02
    1.5779994999E-03    8.4866472014E-01    2.4100778836E-01   -7.7848630195E+01    3.4976515660E-02
    1.5789994999E-03    8.4210324791E-01    2.2572751125E-01   -7.7918092197E+01    3.5016138532E-02
    1.5799994999E-03    8.3664110493E-01    2.0990317116E-01   -7.7987785840E+01    3.5060384667E-02
    1.5809994999E-03    8.3230612089E-01    1.9362821947E-01   -7.8057632276E+01    3.5108891867E-02
    1.5819994999E-03    8.2912029193E-01    1.7699706259E-01   -7.8127552900E+01    3.5161547030E-02
    1.5829994999E-03    8.2710056416E-01    1.6010482890E-01   -7.8197469214E+01    3.5218381923E-02
    1.5839994999E-03    8.2625811237E-01    1.4304741970E-01   -7.8267302640E+01    3.5279447035E-02
    1.5849994999E-03    8.2659621460E-01    1.2592150622E-01   -7.8336974782E+01    3.5344704251E-02
    1.5859994999E-03    8.2810760719E-01    1.0882417270E-01   -7.8406408423E+01    3.5413975322E-02
    1.5869994999E-03    8.3077350800E-01    9.1852113003E-02   -7.8475529155E+01    3.5486967843E-02
    1.5879994999E-03    8.3456510488E-01    7.5100746748E-02   -7.8544267145E+01    3.5563376430E-02
    1.5889994999E-03    8.3944476930E-01    5.8663607714E-02   -7.8612558742E+01    3.5643033303E-02
    1.5899994999E-03    8.4536669046E-01    4.2631894673E-02   -7.8680347681E+01    3.5726065630E-02
    1.5909994999E-03    8.5227712657E-01    2.7094049754E-02   -7.8747585659E+01    3.5813009653E-02
    1.5919994999E-03    8.6011604520E-01    1.2135456215E-02   -7.8814231976E+01    3.5904838887E-02
    1.5929994999E-03    8.6881877122E-01   -2.1617308513E-03   -7.8880252380E+01    3.6002894162E-02
    1.5939994999E-03    8.7831591505E-01   -1.5718969613E-02   -7.8945617710E+01    3.6108739660E-02
    1.5949994999E-03    8.8853069386E-01   -2.8462511200E-02   -7.9010303033E+01    3.6223984850E-02
    1.5959994999E-03    8.9937717636E-01   -4.0325185882E-02   -7.9074287073E+01    3.6350074809E-02
    1.5969994999E-03    9.1076317865E-01   -5.1247706807E-02   -7.9137551135E+01    3.6488051171E-02
    1.5979994999E-03    9.2259253513E-01   -6.1180001145E-02   -7.9200078312E+01    3.6638356793E-02
    1.5989994999E-03    9.3476192988E-01   -7.0084166229E-02   -7.9261854201E+01    3.6800737302E-02
    1.5999994999E-03    9.4716577029E-01   -7.7935364108E-02   -7.9322866095E+01    3.6974166635E-02
    1.6009994999E-03    9.5970119558E-01   -8.4721715957E-02   -7.9383101964E+01    3.7156866474E-02
    1.6019994999E-03    9.7226845035E-01   -9.0444954376E-02   -7.9442550671E+01    3.7346518781E-02
    1.6029994999E-03    9.8477660190E-01   -9.5118196868E-02   -7.9501200987E+01    3.7540585633E-02
    1.6039994999E-03    9.9714152570E-01   -9.8766193352E-02   -7.9559042778E+01    3.7736650298E-02
    1.6049994999E-03    1.0092931486E+00   -1.0142075468E-01   -7.9616065842E+01    3.7932643413E-02
    1.6059994999E-03    1.0211754626E+00   -1.0311857677E-01   -7.9672260265E+01    3.8126933791E-02
    1.6069994999E-03    1.0327349893E+00   -1.0390641724E-01   -7.9727620414E+01    3.8318323741E-02
    1.6079994999E-03    1.0439291305E+00   -1.0383538199E-01   -7.9782143105E+01    3.8505954600E-02
    1.6089994999E-03    1.0547252805E+00   -1.0295962791E-01   -7.9835827833E+01    3.8689177032E-02
    1.6099994999E-03    1.0650982079E+00   -1.0133643183E-01   -7.9888677487E+01    3.8867450123E-02
    1.6109994999E-03    1.0750316274E+00   -9.9023148470E-02   -7.9940697474E+01    3.9040289628E-02
    1.6119994999E-03    1.0845115344E+00   -9.6081033294E-02   -7.9991897632E+01    3.9207219337E-02
    1.6129994999E-03    1.0935283371E+00   -9.2572543510E-02   -8.0042291228E+01    3.9367758564E-02
    1.6139994999E-03    1.1020824257E+00   -8.8554115114E-02   -8.0091892107E+01    3.9521450701E-02
    1.6149994999E-03    1.1101786451E+00   -8.4079091877E-02   -8.0140715806E+01    3.9667860785E-02
    1.6159994999E-03    1.1178238684E+00   -7.9199028759E-02   -8.0188779880E+01    3.9806573292E-02
    1.6169994999E-03    1.1250287512E+00   -7.3960663480E-02   -8.0236102521E+01    3.9937214984E-02
    1.6179994999E-03    1.1318063778E+00   -6.8406287491E-02   -8.0282702399E+01    4.0059476470E-02
    1.6189994999E-03    1.1381707331E+00   -6.2574943514E-02   -8.0328598814E+01    4.0173143495E-02
    1.6199994999E-03    1.1441375118E+00   -5.6500755762E-02   -8.0373810806E+01    4.0278147963E-02
    1.6209994999E-03    1.1497242905E+00   -5.0211836073E-02   -8.0418356525E+01    4.0374607052E-02
    1.6219994999E-03    1.1549483599E+00   -4.3733030715E-02   -8.0462253998E+01    4.0462832612E-02
    1.6229994999E-03    1.1598257498E+00   -3.7087652920E-02   -8.0505521609E+01    4.0543322016E-02
    1.6239994999E-03    1.1643717063E+00   -3.0296995145E-02   -8.0548177896E+01    4.0616733340E-02
    1.6249994999E-03    1.1686012842E+00   -2.3379313342E-02   -8.0590241243E+01    4.0683845136E-02
    1.6259994999E-03    1.1725289463E+00   -1.6350504875E-02   -8.0631730228E+01    4.0745507595E-02
    1.6269994999E-03    1.1761681051E+00   -9.2251022020E-03   -8.0672664126E+01    4.0802604113E-02
    1.6279994999E-03    1.1795308973E+00   -2.0169602629E-03   -8.0713063324E+01    4.0856036939E-02
    1.6289994999E-03    1.1826281647E+00    5.2604413940E-03   -8.0752949566E+01    4.0906737139E-02
    1.6299994999E-03    1.1854696205E+00    1.2594167151E-02   -8.0792345969E+01    4.0955689883E-02
    1.6309994999E-03    1.1880640258E+00    1.9972110082E-02   -8.0831276912E+01    4.1003961263E-02
    1.6319994999E-03    1.1904192224E+00    2.7382939864E-02   -8.0869767953E+01    4.1052714169E-02
    1.6329994999E-03    1.1925421371E+00    3.4815906604E-02   -8.0907845721E+01    4.1103206812E-02
    1.6339994999E-03    1.1944387945E+00    4.2260578442E-02   -8.0945537798E+01    4.1156773759E-02
    1.6349994999E-03    1.1961143538E+00    4.9706562134E-02   -8.0982872581E+01    4.1214794516E-02
    1.6359994999E-03    1.1975731785E+00    5.7143271447E-02   -8.1019879146E+01    4.1278657919E-02
    1.6369994999E-03    1.1988191095E+00    6.4560424289E-02   -8.1056586877E+01    4.1349731090E-02
    1.6379994999E-03    1.1998556733E+00    7.1948505380E-02   -8.1093025140E+01    4.1429336028E-02
    1.6389994999E-03    1.2006861316E+00    7.9298762607E-02   -8.1129223141E+01    4.1518731537E-02
    1.6399994999E-03    1.2013133179E+00    8.6602275178E-02   -8.1165210138E+01    4.1619095829E-02
    1.6409994999E-03    1.2017395200E+00    9.3848910430E-02   -8.1201015703E+01    4.1731510696E-02
    1.6419994999E-03    1.2019670281E+00    1.0102930602E-01   -8.1236668953E+01    4.1856954949E-02
    1.6429994999E-03    1.2019984395E+00    1.0813645855E-01   -8.1272197927E+01    4.1996291038E-02
    1.6439994999E-03    1.2018362025E+00    1.1516354121E-01   -8.1307630289E+01    4.2150208931E-02
    1.6449994999E-03    1.2014822939E+00    1.2210149663E-01   -8.1342994124E+01    4.2319153567E-02
    1.6459994999E-03    1.2009388613E+00    1.2894236067E-01   -8.1378316777E+01    4.2503292004E-02
    1.6469994999E-03    1.2002081357E+00    1.3567928562E-01   -8.1413624858E+01    4.2702495575E-02
    1.6479994999E-03    1.1992921178E+00    1.4230486116E-01   -8.1448944834E+01    4.2916335866E-02
    1.6489994999E-03    1.1981923643E+00    1.4880932177E-01   -8.1484303609E+01    4.3144110665E-02
    1.6499994999E-03    1.1969100156E+00    1.5517983259E-01   -8.1519728666E+01    4.3384852471E-02
    1.6509994999E-03    1.1954464423E+00    1.6140908028E-01   -8.1555245085E+01    4.3637436005E-02
    1.6519994999E-03    1.1938023200E+00    1.6748824643E-01   -8.1590877890E+01    4.3900658401E-02
    1.6529994999E-03    1.1919776801E+00    1.7340867232E-01   -8.1626651423E+01    4.4173261624E-02
    1.6539994999E-03    1.1899717814E+00    1.7916209773E-01   -8.1662589312E+01    4.4453963830E-02
    1.6549994999E-03    1.1877829931E+00    1.8474278478E-01   -8.1698713881E+01    4.4741500107E-02
    1.6559994999E-03    1.1854085577E+00    1.9014668879E-01   -8.1735046732E+01    4.5034655835E-02
    1.6569994999E-03    1.1828444553E+00    1.9537152773E-01   -8.1771609022E+01    4.5332356986E-02
    1.6579994999E-03    1.1800853999E+00    2.0041504385E-01   -8.1808422286E+01    4.5633819068E-02
    1.6589994999E-03    1.1771244148E+00    2.0528600843E-01   -8.1845504803E+01    4.5938686668E-02
    1.6599994999E-03    1.1739533006E+00    2.0999000653E-01   -8.1882876207E+01    4.6247134536E-02
    1.6609994999E-03    1.1705628023E+00    2.1453582043E-01   -8.1920554794E+01    4.6559797184E-02
    1.6619994999E-03    1.1669438760E+00    2.1892558251E-01   -8.1958560068E+01    4.6877560722E-02
    1.6629994999E-03    1.1630860716E+00    2.2317899690E-01   -8.1996904251E+01    4.7201316046E-02
    1.6639994999E-03    1.1589799473E+00    2.2730855358E-01   -8.2035600119E+01    4.7531423056E-02
    1.6649994999E-03    1.1546173946E+00    2.3132263549E-01   -8.2074659822E+01    4.7867679198E-02
    1.6659994999E-03    1.1499907932E+00    2.3523368442E-01   -8.2114092534E+01    4.8209268997E-02
    1.6669994999E-03    1.1450940898E+00    2.3904874629E-01   -8.2153908112E+01    4.8554889909E-02
    1.6679994999E-03    1.1399219238E+00    2.4277440169E-01   -8.2194116060E+01    4.8902959165E-02
    1.6689994999E-03    1.1344692609E+00    2.4641573396E-01   -8.2234726479E+01    4.9251954670E-02
    1.6699994999E-03    1.1287326939E+00    2.4996770588E-01   -8.2275753292E+01    4.9600513299E-02
    1.6709994999E-03    1.1227051971E+00    2.5343902605E-01   -8.2317206408E+01    4.9947597433E-02
    1.6719994999E-03    1.1163827416E+00    2.5681735801E-01   -8.2359103138E+01    5.0292590837E-02
    1.6729994999E-03    1.1097589575E+00    2.6009456370E-01   -8.2401459404E+01    5.0635270050E-02
    1.6739994999E-03    1.1028269027E+00    2.6325716376E-01   -8.2444292316E+01    5.0975946104E-02
    1.6749994999E-03    1.0955760226E+00    2.6629687848E-01   -8.2487615828E+01    5.1315400991E-02
    1.6759994999E-03    1.0879967424E+00    2.6919400707E-01   -8.2531445904E+01    5.1654783791E-02
    1.6769994999E-03    1.0800746158E+00    2.7193714342E-01   -8.2575793784E+01    5.1995381401E-02
    1.6779994999E-03    1.0717974746E+00    2.7450156204E-01   -8.2620673260E+01    5.2338244692E-02
    1.6789994999E-03    1.0631599096E+00    2.7684238752E-01   -8.2666103129E+01    5.2683934622E-02
    1.6799994999E-03    1.0541454051E+00    2.7894174217E-01   -8.2712093109E+01    5.3032388263E-02
    1.6809994999E-03    1.0447437227E+00    2.8076321954E-01   -8.2758659523E+01    5.3382947723E-02
    1.6819994999E-03    1.0349483008E+00    2.8226236043E-01   -8.2805822405E+01    5.3734639574E-02
    1.6829994999E-03    1.0247535512E+00    2.8339420468E-01   -8.2853603099E+01    5.4086576683E-02
    1.6839994999E-03    1.0141571750E+00    2.8410980396E-01   -8.2902024990E+01    5.4438255981E-02
    1.6849994999E-03    1.0031640817E+00    2.8435165389E-01   -8.2951114219E+01    5.4789792856E-02
    1.6859994999E-03    9.9177530142E-01    2.8407473754E-01   -8.3000891544E+01    5.5141844098E-02
    1.6869994999E-03    9.8000504252E-01    2.8321956459E-01   -8.3051380659E+01    5.5495365599E-02
    1.6879994999E-03    9.6787203281E-01    2.8172987348E-01   -8.3102601652E+01    5.5851339243E-02
    1.6889994999E-03    9.5540101709E-01    2.7955173277E-01   -8.3154571350E+01    5.6210405578E-02
    1.6899994999E-03    9.4262286784E-01    2.7663445344E-01   -8.3207303686E+01    5.6572695376E-02
    1.6909994999E-03    9.2957712433E-01    2.7292833836E-01   -8.3260811428E+01    5.6937829147E-02
    1.6919994999E-03    9.1631077237E-01    2.6838701931E-01   -8.3315106710E+01    5.7305055990E-02
    1.6929994999E-03    9.0286951559E-01    2.6297643729E-01   -8.3370198865E+01    5.7673579809E-02
    1.6939994999E-03    8.8930703102E-01    2.5666347767E-01   -8.3426099367E+01    5.8043027761E-02
    1.6949994999E-03    8.7567901136E-01    2.4942200993E-01   -8.3482820019E+01    5.8413447262E-02
    1.6959994999E-03    8.6204129250E-01    2.4123349120E-01   -8.3540372566E+01    5.8785413066E-02
    1.6969994999E-03    8.4844909202E-01    2.3208661301E-01   -8.3598768405E+01    5.9159782746E-02
    1.6979994999E-03    8.3495559360E-01    2.2197773355E-01   -8.3658017580E+01    5.9537276198E-02
    1.6989994999E-03    8.2161171766E-01    2.1091037806E-01   -8.3718128278E+01    5.9918033526E-02
    1.6999994999E-03    8.0846979273E-01    1.9889236087E-01   -8.3779107489E+01    6.0301257389E-02
    1.7009994999E-03    7.9557896998E-01    1.8593888954E-01   -8.3840959506E+01    6.0685089981E-02
    1.7019994999E-03    7.8298929643E-01    1.7206950397E-01   -8.3903686957E+01    6.1066853324E-02
    1.7029994999E-03    7.7075015708E-01    1.5730885957E-01   -8.3967290481E+01    6.1443509962E-02
    1.7039994999E-03    7.5891060676E-01    1.4168611888E-01   -8.4031768938E+01    6.1812248933E-02
    1.7049994999E-03    7.4752052815E-01    1.2523402329E-01   -8.4097119491E+01    6.2171065629E-02
    1.7059994999E-03    7.3664042639E-01    1.0798446122E-01   -8.4163338691E+01    6.2519116557E-02
    1.7069994999E-03    7.2630752865E-01    8.9983487508E-02   -8.4230417618E+01    6.2856766967E-02
    1.7079994999E-03    7.1658248640E-01    7.1270273296E-02   -8.4298348278E+01    6.3185201934E-02
    1.7089994999E-03    7.0752741728E-01    5.1888106526E-02   -8.4367119447E+01    6.3505939447E-02
    1.7099994999E-03    6.9920616312E-01    3.1884588199E-02   -8.4436716044E+01    6.3820095741E-02
    1.7109994999E-03    6.9169597517E-01    1.1308559853E-02   -8.4507118321E+01    6.4127747960E-02
    1.7119994999E-03    6.8507636680E-01   -9.7851077158E-03   -8.4578298936E+01    6.4427590659E-02
    1.7129994999E-03    6.7943576149E-01   -3.1337038896E-02   -8.4650220833E+01    6.4716957991E-02
    1.7139994999E-03    6.7486735713E-01   -5.3281888556E-02   -8.4722834571E+01    6.4992331171E-02
    1.7149994999E-03    6.7145925487E-01   -7.5546694118E-02   -8.4796076954E+01    6.5250142785E-02
    1.7159994999E-03    6.6928816883E-01   -9.8051464593E-02   -8.4869871359E+01    6.5487738755E-02
    1.7169994999E-03    6.6843115411E-01   -1.2071284478E-01   -8.4944127366E+01    6.5703872437E-02
    1.7179994999E-03    6.6894402424E-01   -1.4344139507E-01   -8.5018744120E+01    6.5898764138E-02
    1.7189994999E-03    6.7086814033E-01   -1.6614406837E-01   -8.5093612553E+01    6.6073639086E-02
    1.7199994999E-03    6.7422942024E-01   -1.8872451594E-01   -8.5168618256E+01    6.6229968912E-02
    1.7209994999E-03    6.7904103593E-01   -2.1108353606E-01   -8.5243643740E+01    6.6368784178E-02
    1.7219994999E-03    6.8530306036E-01   -2.3311917672E-01   -8.5318570807E+01    6.6490341621E-02
    1.7229994999E-03    6.9299702639E-01   -2.5472722885E-01   -8.5393283886E+01    6.6594238954E-02
    1.7239994999E-03    7.0208698446E-01   -2.7580270005E-01   -8.5467671809E+01    6.6679798389E-02
    1.7249994999E-03    7.1252165898E-01   -2.9624128406E-01   -8.5541628889E+01    6.6746472574E-02
    1.7259994999E-03    7.2423445191E-01   -3.1594090099E-01   -8.5615056667E+01    6.6794111073E-02
    1.7269994999E-03    7.3714505233E-01   -3.3480341009E-01   -8.5687865790E+01    6.6823060066E-02
    1.7279994999E-03    7.5116347152E-01   -3.5273611950E-01   -8.5759977522E+01    6.6834173020E-02
    1.7289994999E-03    7.6619471197E-01   -3.6965279963E-01   -8.5831324721E+01    6.6828809938E-02
    1.7299994999E-03    7.8214231749E-01   -3.8547417445E-01   -8.5901852112E+01    6.6808825573E-02
    1.7309994999E-03    7.9891061070E-01   -4.0012790457E-01   -8.5971515570E+01    6.6776490769E-02
    1.7319994999E-03    8.1640560725E-01   -4.1354820968E-01   -8.6040280595E+01    6.6734314443E-02
    1.7329994999E-03    8.3453533136E-01   -4.2567521322E-01   -8.6108120322E+01    6.6684808184E-02
    1.7339994999E-03    8.5320983105E-01   -4.3645414667E-01   -8.6175013621E+01    6.6630291377E-02
    1.7349994999E-03    8.7234024312E-01   -4.4583488762E-01   -8.6240943949E+01    6.6572827078E-02
    1.7359994999E-03    8.9183709946E-01   -4.5377210412E-01   -8.6305898981E+01    6.6514317158E-02
    1.7369994999E-03    9.1160860702E-01   -4.6022590980E-01   -8.6369870594E+01    6.6456712136E-02
    1.7379994999E-03    9.3155963021E-01   -4.6516267046E-01   -8.6432854628E+01    6.6402246815E-02
    1.7389994999E-03    9.5159168503E-01   -4.6855561242E-01   -8.6494850110E+01    6.6353612263E-02
    1.7399994999E-03    9.7160284071E-01   -4.7038584808E-01   -8.6555858300E+01    6.6314005224E-02
    1.7409994999E-03    9.9148749473E-01   -4.7064421814E-01   -8.6615881802E+01    6.6287035744E-02
    1.7419994999E-03    1.0111374254E+00   -4.6933314004E-01   -8.6674923523E+01    6.6276504132E-02
    1.7429994999E-03    1.0304444048E+00   -4.6646780119E-01   -8.6732985657E+01    6.6286076570E-02
    1.7439994999E-03    1.0493038227E+00   -4.6207640245E-01   -8.6790069046E+01    6.6318910442E-02
    1.7449994999E-03    1.0676186356E+00   -4.5619927258E-01   -8.6846173181E+01    6.6377312418E-02
    1.7459994999E-03    1.0853030572E+00   -4.4888666828E-01   -8.6901296826E+01    6.6462534585E-02
    1.7469994999E-03    1.1022849632E+00   -4.4019601046E-01   -8.6955439208E+01    6.6574791500E-02
    1.7479994999E-03    1.1185056419E+00   -4.3019106601E-01   -8.7008601954E+01    6.6713499407E-02
    1.7489994999E-03    1.1339194514E+00   -4.1894023117E-01   -8.7060790189E+01    6.6877638721E-02
    1.7499994999E-03    1.1484940169E+00   -4.0651210584E-01   -8.7112011953E+01    6.7066096844E-02
    1.7509994999E-03    1.1622080771E+00   -3.9297415520E-01   -8.7162277759E+01    6.7277872604E-02
    1.7519994999E-03    1.1750496678E+00   -3.7839105748E-01   -8.7211599590E+01    6.7512081083E-02
    1.7529994999E-03    1.1870142488E+00   -3.6282412148E-01   -8.7259989937E+01    6.7767820929E-02
    1.7539994999E-03    1.1981000996E+00   -3.4634274013E-01   -8.7307464728E+01    6.8043995147E-02
    1.7549994999E-03    1.2083151842E+00   -3.2900077915E-01   -8.7354036160E+01    6.8339178045E-02
    1.7559994999E-03    1.2176708284E+00   -3.1085425178E-01   -8.7399718093E+01    6.8651630449E-02
    1.7569994999E-03    1.2261831961E+00   -2.9195670827E-01   -8.7444524801E+01    6.8979357198E-02
    1.7579994999E-03    1.2338717907E+00   -2.7236750044E-01   -8.7488473633E+01    6.9320158076E-02
    1.7589994999E-03    1.2407613358E+00   -2.5214301986E-01   -8.7531582480E+01    6.9671563693E-02
    1.7599994999E-03    1.2468804981E+00   -2.3134164083E-01   -8.7573871884E+01    7.0030589781E-02
    1.7609994999E-03    1.2522614379E+00   -2.1002428448E-01   -8.7615366403E+01    7.0393336420E-02
    1.7619994999E-03    1.2569393066E+00   -1.8825289712E-01   -8.7656095729E+01    7.0754582115E-02
    1.7629994999E-03    1.2609513427E+00   -1.6608953506E-01   -8.7696097088E+01    7.1107503106E-02
    1.7639994999E-03    1.2643356941E+00   -1.4359577121E-01   -8.7735417769E+01    7.1443690711E-02
    1.7649994999E-03    1.2671301808E+00   -1.2083004722E-01   -8.7774116698E+01    7.1753537008E-02
    1.7659994999E-03    1.2693708532E+00   -9.7844190773E-02   -8.7812264853E+01    7.2026935860E-02
    1.7669994999E-03    1.2710901100E+00   -7.4690264357E-02   -8.7849948533E+01    7.2254120738E-02
    1.7679994999E-03    1.2723155082E+00   -5.1413331184E-02   -8.7887265730E+01    7.2426499019E-02
    1.7689994999E-03    1.2730682588E+00   -2.8055059408E-02   -8.7924325393E+01    7.2537329979E-02
    1.7699994999E-03    1.2733621602E+00   -4.6536343818E-03   -8.7961244154E+01    7.2582189514E-02
    1.7709994999E-03    1.2732028566E+00    1.8754467333E-02   -8.7998143076E+01    7.2559232463E-02
    1.7719994999E-03    1.2725875393E+00    4.2132925941E-02   -8.8035143913E+01    7.2469291449E-02
    1.7729994999E-03    1.2715050974E+00    6.5444288123E-02   -8.8072365215E+01    7.2315837150E-02
    1.7739994999E-03    1.2699367229E+00    8.8647909395E-02   -8.8109919005E+01    7.2104785092E-02
    1.7749994999E-03    1.2678568768E+00    1.1169985542E-01   -8.8147907290E+01    7.1844108316E-02
    1.7759994999E-03    1.2652346597E+00    1.3455020085E-01   -8.8186420568E+01    7.1543230886E-02
    1.7769994999E-03    1.2620351936E+00    1.5714600428E-01   -8.8225535377E+01    7.1212229055E-02
    1.7779994999E-03    1.2582210897E+00    1.7943198854E-01   -8.8265314186E+01    7.0860974072E-02
    1.7789994999E-03    1.2537543578E+00    2.0134591602E-01   -8.8305808607E+01    7.0498356212E-02
    1.7799994999E-03    1.2485974388E+00    2.2282596576E-01   -8.8347058920E+01    7.0131778267E-02
    1.7809994999E-03    1.2427145583E+00    2.4380966211E-01   -8.8389097231E+01    6.9767006434E-02
    1.7819994999E-03    1.2360727088E+00    2.6423518439E-01   -8.8431949831E+01    6.9408374289E-02
    1.7829994999E-03    1.2286422782E+00    2.8404283967E-01   -8.8475638645E+01    6.9059154018E-02
    1.7839994999E-03    1.2203972337E+00    3.0317654908E-01   -8.8520182114E+01    6.8721981798E-02
    1.7849994999E-03    1.2113169956E+00    3.2157562339E-01   -8.8565598535E+01    6.8399162394E-02
    1.7859994999E-03    1.2013842070E+00    3.3918640213E-01   -8.8611902707E+01    6.8092787587E-02
    1.7869994999E-03    1.1905865582E+00    3.5595225498E-01   -8.8659109136E+01    6.7804713990E-02
    1.7879994999E-03    1.1789144852E+00    3.7182113929E-01   -8.8707229882E+01    6.7536500385E-02
    1.7889994999E-03    1.1663680981E+00    3.8672425256E-01   -8.8756281080E+01    6.7289363597E-02
    1.7899994999E-03    1.1529506760E+00    4.0059974335E-01   -8.8806275828E+01    6.7064267387E-02
    1.7909994999E-03    1.1386717923E+00    4.1338424180E-01   -8.8857226325E+01    6.6862102810E-02
    1.7919994999E-03    1.1235500876E+00    4.2501045474E-01   -8.8909143825E+01    6.6683843370E-02
    1.7929994999E-03    1.1076148418E+00    4.3540939288E-01   -8.8962037374E+01    6.6530595351E-02
    1.7939994999E-03    1.0909081164E+00    4.4451176527E-01   -8.9015913140E+01    6.6403455142E-02
    1.7949994999E-03    1.0734842592E+00    4.5225307405E-01   -8.9070773317E+01    6.6303205850E-02
    1.7959994999E-03    1.0554112288E+00    4.5857411379E-01   -8.9126617365E+01    6.6229947873E-02
    1.7969994999E-03    1.0367713053E+00    4.6342184880E-01   -8.9183443844E+01    6.6182806231E-02
    1.7979994999E-03    1.0176587423E+00    4.6675280453E-01   -8.9241251526E+01    6.6159840920E-02
    1.7989994999E-03    9.9817623650E-01    4.6853555920E-01   -8.9300040189E+01    6.6158187829E-02
    1.7999994999E-03    9.7843128033E-01    4.6875164846E-01   -8.9359810973E+01    6.6174365753E-02
    1.8009994999E-03    9.5853265415E-01    4.6739542932E-01   -8.9420566024E+01    6.6204645563E-02
    1.8019994999E-03    9.3858731938E-01    4.6447329891E-01   -8.9482307513E+01    6.6245389464E-02
    1.8029994999E-03    9.1869842416E-01    4.6000225346E-01   -8.9545036422E+01    6.6293301726E-02
    1.8039994999E-03    8.9896493754E-01    4.5400797084E-01   -8.9608751529E+01    6.6345558839E-02
    1.8049994999E-03    8.7948252252E-01    4.4652302033E-01   -8.9673448721E+01    6.6399803892E-02
    1.8059994999E-03    8.6034459251E-01    4.3758576253E-01   -8.9739120463E+01    6.6454012438E-02
    1.8069994999E-03    8.4164272909E-01    4.2724000472E-01   -8.9805755247E+01    6.6506273906E-02
    1.8079994999E-03    8.2346664308E-01    4.1553498018E-01   -8.9873336985E+01    6.6554570504E-02
    1.8089994999E-03    8.0590569351E-01    4.0252491540E-01   -8.9941844712E+01    6.6596646750E-02
    1.8099994999E-03    7.8905067410E-01    3.8826897164E-01   -9.0011251914E+01    6.6630029607E-02
    1.8109994999E-03    7.7299470865E-01    3.7283177792E-01   -9.0081525058E+01    6.6652192481E-02
    1.8119994999E-03    7.5783310095E-01    3.5628419287E-01   -9.0152621652E+01    6.6660788262E-02
    1.8129994999E-03    7.4366214285E-01    3.3870389857E-01   -9.0224488451E+01    6.6653850831E-02
    1.8139994999E-03    7.3057683894E-01    3.2017554736E-01   -9.0297060448E+01    6.6629901643E-02
    1.8149994999E-03    7.1866752107E-01    3.0079034259E-01   -9.0370260913E+01    6.6587970542E-02
    1.8159994999E-03    7.0801589511E-01    2.8064505272E-01   -9.0444002431E+01    6.6527583952E-02
    1.8169994999E-03    6.9869173173E-01    2.5984060801E-01   -9.0518188590E+01    6.6448744980E-02
    1.8179994999E-03    6.9075113414E-01    2.3848058182E-01   -9.0592715857E+01    6.6351858729E-02
    1.8189994999E-03    6.8423432409E-01    2.1666975764E-01   -9.0667474833E+01    6.6237526682E-02
    1.8199994999E-03    6.7916258127E-01    1.9451255405E-01   -9.0742351210E+01    6.6106195228E-02
    1.8209994999E-03    6.7554041866E-01    1.7211167983E-01   -9.0817228062E+01    6.5957779221E-02
    1.8219994999E-03    6.7336023395E-01    1.4956769217E-01   -9.0891988629E+01    6.5791497662E-02
    1.8229994999E-03    6.7259946260E-01    1.2697847182E-01   -9.0966518075E+01    6.5606099596E-02
    1.8239994999E-03    6.7322099301E-01    1.0443893860E-01   -9.1040706287E+01    6.5400443271E-02
    1.8249994999E-03    6.7517013482E-01    8.2040050718E-02   -9.1114450469E+01    6.5174215363E-02
    1.8259994999E-03    6.7837343543E-01    5.9867230220E-02   -9.1187658160E+01    6.4928426119E-02
    1.8269994999E-03    6.8275982965E-01    3.8003208501E-02   -9.1260250377E+01    6.4665470735E-02
    1.8279994999E-03    6.8823989426E-01    1.6522498355E-02   -9.1332161209E+01    6.4388712076E-02
    1.8289994999E-03    6.9472054137E-01   -4.5076086410E-03   -9.1403338859E+01    6.4101601944E-02
    1.8299994999E-03    7.0211267075E-01   -2.5025905489E-02   -9.1473744183E+01    6.3806904182E-02
    1.8309994999E-03    7.1033458580E-01   -4.4976158649E-02   -9.1543348125E+01    6.3506135399E-02
    1.8319994999E-03    7.1930767088E-01   -6.4307896801E-02   -9.1612129456E+01    6.3199479868E-02
    1.8329994999E-03    7.2896510119E-01   -8.2972593563E-02   -9.1680071956E+01    6.2886041228E-02
    1.8339994999E-03    7.3924298022E-01   -1.0092569809E-01   -9.1747163395E+01    6.2564399200E-02
    1.8349994999E-03    7.5007720775E-01   -1.1812760565E-01   -9.1813395232E+01    6.2233298178E-02
    1.8359994999E-03    7.6142631122E-01   -1.3453278323E-01   -9.1878758630E+01    6.1892129779E-02
    1.8369994999E-03    7.7322952837E-01   -1.5010805947E-01   -9.1943250012E+01    6.1541326645E-02
    1.8379994999E-03    7.8543394839E-01   -1.6482104728E-01   -9.2006867281E+01    6.1182426875E-02
    1.8389994999E-03    7.9798691560E-01   -1.7864364468E-01   -9.2069610499E+01    6.0817820423E-02
    1.8399994999E-03    8.1083789161E-01   -1.9155118895E-01   -9.2131481176E+01    6.0450270812E-02
    1.8409994999E-03    8.2393446440E-01   -2.0352502881E-01   -9.2192482836E+01    6.0082388964E-02
    1.8419994999E-03    8.3722692920E-01   -2.1454993473E-01   -9.2252619886E+01    5.9716148459E-02
    1.8429994999E-03    8.5066214242E-01   -2.2461838536E-01   -9.2311899053E+01    5.9352609986E-02
    1.8439994999E-03    8.6418883271E-01   -2.3372715197E-01   -9.2370327804E+01    5.8991876312E-02
    1.8449994999E-03    8.7775507336E-01   -2.4187914281E-01   -9.2427914848E+01    5.8633370927E-02
    1.8459994999E-03    8.9130709724E-01   -2.4908483455E-01   -9.2484670240E+01    5.8276231695E-02
    1.8469994999E-03    9.0479032948E-01   -2.5536219428E-01   -9.2540604871E+01    5.7919728930E-02
    1.8479994999E-03    9.1815170024E-01   -2.6073526555E-01   -9.2595729447E+01    5.7563596810E-02
    1.8489994999E-03    9.3133544023E-01   -2.6523967963E-01   -9.2650056431E+01    5.7208135837E-02
    1.8499994999E-03    9.4429659620E-01   -2.6890935896E-01   -9.2703595338E+01    5.6854028369E-02
    1.8509994999E-03    9.5699100725E-01   -2.7178725481E-01   -9.2756357266E+01    5.6502263405E-02
    1.8519994999E-03    9.6937820066E-01   -2.7392356362E-01   -9.2808355120E+01    5.6153587304E-02
    1.8529994999E-03    9.8142482469E-01   -2.7537169943E-01   -9.2859603228E+01    5.5808262734E-02
    1.8539994999E-03    9.9310743515E-01   -2.7618327777E-01   -9.2910116743E+01    5.5465959768E-02
    1.8549994999E-03    1.0044072089E+00   -2.7641399353E-01   -9.2959914373E+01    5.5125798886E-02
    1.8559994999E-03    1.0153116079E+00   -2.7611993800E-01   -9.3009017516E+01    5.4786593452E-02
    1.8569994999E-03    1.0258125244E+00   -2.7535871839E-01   -9.3057450447E+01    5.4447237846E-02
    1.8579994999E-03    1.0359128766E+00   -2.7417469344E-01   -9.3105234609E+01    5.4106985013E-02
    1.8589994999E-03    1.0456126013E+00   -2.7262187147E-01   -9.3152395486E+01    5.3765675478E-02
    1.8599994999E-03    1.0549179710E+00   -2.7074503253E-01   -9.3198955231E+01    5.3423777710E-02
    1.8609994999E-03    1.0638377304E+00   -2.6858473878E-01   -9.3244933630E+01    5.3082121227E-02
    1.8619994999E-03    1.0723794600E+00   -2.6618475026E-01   -9.3290350307E+01    5.2741586973E-02
    1.8629994999E-03    1.0805561866E+00   -2.6357500664E-01   -9.3335219340E+01    5.2402707628E-02
    1.8639994999E-03    1.0883835193E+00   -2.6077487581E-01   -9.3379551002E+01    5.2065417654E-02
    1.8649994999E-03    1.0958722483E+00   -2.5781276446E-01   -9.3423358993E+01    5.1729052756E-02
    1.8659994999E-03    1.1030304929E+00   -2.5472273150E-01   -9.3466660561E+01    5.1392532314E-02
    1.8669994999E-03    1.1098740429E+00   -2.5150845478E-01   -9.3509465058E+01    5.1054631354E-02
    1.8679994999E-03    1.1164114969E+00   -2.4818931981E-01   -9.3551788949E+01    5.0714357985E-02
    1.8689994999E-03    1.1226524894E+00   -2.4477282378E-01   -9.3593646478E+01    5.0371176611E-02
    1.8699994999E-03    1.1286045341E+00   -2.4126543601E-01   -9.3635052769E+01    5.0025040284E-02
    1.8709994999E-03    1.1342724009E+00   -2.3767734223E-01   -9.3676024712E+01    4.9676434109E-02
    1.8719994999E-03    1.1396596047E+00   -2.3401900733E-01   -9.3716579223E+01    4.9326206880E-02
    1.8729994999E-03    1.1447720493E+00   -2.3028289926E-01   -9.3756726873E+01    4.8975541910E-02
    1.8739994999E-03    1.1496130300E+00   -2.2647100884E-01   -9.3796480998E+01    4.8625942080E-02
    1.8749994999E-03    1.1541868166E+00   -2.2257902537E-01   -9.3835852600E+01    4.8279036341E-02
    1.8759994999E-03    1.1584985970E+00   -2.1859742589E-01   -9.3874851054E+01    4.7936545099E-02
    1.8769994999E-03    1.1625534056E+00   -2.1452227876E-01   -9.3913488246E+01    4.7599998874E-02
    1.8779994999E-03    1.1663584469E+00   -2.1033947471E-01   -9.3951773814E+01    4.7270520044E-02
    1.8789994999E-03    1.1699211568E+00   -2.0604042736E-01   -9.3989720779E+01    4.6948726132E-02
    1.8799994999E-03    1.1732498441E+00   -2.0161728551E-01   -9.4027344150E+01    4.6634750089E-02
    1.8809994999E-03    1.1763545890E+00   -1.9704687277E-01   -9.4064655462E+01    4.6328194188E-02
    1.8819994999E-03    1.1792437368E+00   -1.9232893802E-01   -9.4101675051E+01    4.6028531322E-02
    1.8829994999E-03    1.1819261803E+00   -1.8745382581E-01   -9.4138420969E+01    4.5735319201E-02
    1.8839994999E-03    1.1844098401E+00   -1.8241849060E-01   -9.4174913740E+01    4.5448354732E-02
    1.8849994999E-03    1.1867018457E+00   -1.7721366143E-01   -9.4211171627E+01    4.5167739553E-02
    1.8859994999E-03    1.1888078225E+00   -1.7183918722E-01   -9.4247215689E+01    4.4893840823E-02
    1.8869994999E-03    1.1907322087E+00   -1.6629722340E-01   -9.4283067615E+01    4.4627215344E-02
    1.8879994999E-03    1.1924782647E+00   -1.6059127802E-01   -9.4318749614E+01    4.4368549728E-02
    1.8889994999E-03    1.1940480786E+00   -1.5472519022E-01   -9.4354284342E+01    4.4118609658E-02
    1.8899994999E-03    1.1954428722E+00   -1.4870800866E-01   -9.4389696780E+01    4.3878258540E-02
    1.8909994999E-03    1.1966629550E+00   -1.4254765099E-01   -9.4425012173E+01    4.3648450633E-02
    1.8919994999E-03    1.1977078537E+00   -1.3625233384E-01   -9.4460256454E+01    4.3430203273E-02
    1.8929994999E-03    1.1985765214E+00   -1.2983122498E-01   -9.4495456386E+01    4.3224535391E-02
    1.8939994999E-03    1.1992671681E+00   -1.2329136635E-01   -9.4530638360E+01    4.3032401570E-02
    1.8949994999E-03    1.1997780401E+00   -1.1664368909E-01   -9.4565830358E+01    4.2854604122E-02
    1.8959994999E-03    1.2001072283E+00   -1.0989883777E-01   -9.4601060475E+01    4.2691667982E-02
    1.8969994999E-03    1.2002522724E+00   -1.0306430331E-01   -9.4636355874E+01    4.2543806685E-02
    1.8979994999E-03    1.2002105989E+00   -9.6147932169E-02   -9.4671743984E+01    4.2410930775E-02
    1.8989994999E-03    1.1999795302E+00   -8.9157693613E-02   -9.4707252434E+01    4.2292656609E-02
    1.8999994999E-03    1.1995563228E+00   -8.2101881775E-02   -9.4742909127E+01    4.2188345714E-02
    1.9009994999E-03    1.1989382598E+00   -7.4989612189E-02   -9.4778742398E+01    4.2097152231E-02
    1.9019994999E-03    1.1981224257E+00   -6.7829823171E-02   -9.4814780632E+01    4.2018063677E-02
    1.9029994999E-03    1.1971055629E+00   -6.0631012277E-02   -9.4851052110E+01    4.1949938094E-02
    1.9039994999E-03    1.1958842043E+00   -5.3402182040E-02   -9.4887585267E+01    4.1891536114E-02
    1.9049994999E-03    1.1944547612E+00   -4.6153350070E-02   -9.4924408776E+01    4.1841541582E-02
    1.9059994999E-03    1.1928135024E+00   -3.8895531981E-02   -9.4961551431E+01    4.1798575241E-02
    1.9069994999E-03    1.1909563793E+00   -3.1640228020E-02   -9.4999041840E+01    4.1761209960E-02
    1.9079994999E-03    1.1888787247E+00   -2.4398680043E-02   -9.5036908017E+01    4.1727994765E-02
    1.9089994999E-03    1.1865750481E+00   -1.7181661685E-02   -9.5075177132E+01    4.1697489657E-02
    1.9099994999E-03    1.1840389092E+00   -9.9995923060E-03   -9.5113875357E+01    4.1668305684E-02
    1.9109994999E-03    1.1812628459E+00   -2.8627994371E-03   -9.5153027759E+01    4.1639141983E-02
    1.9119994999E-03    1.1782383596E+00    4.2181243780E-03   -9.5192658236E+01    4.1608811151E-02
    1.9129994999E-03    1.1749559554E+00    1.1231929760E-02   -9.5232789510E+01    4.1576246506E-02
    1.9139994999E-03    1.1714052138E+00    1.8166362664E-02   -9.5273443170E+01    4.1540489644E-02
    1.9149994999E-03    1.1675748517E+00    2.5007957249E-02   -9.5314639750E+01    4.1500662860E-02
    1.9159994999E-03    1.1634526742E+00    3.1742118323E-02   -9.5356398798E+01    4.1455936740E-02
    1.9169994999E-03    1.1590252757E+00    3.8353655904E-02   -9.5398738861E+01    4.1405506998E-02
    1.9179994999E-03    1.1542779090E+00    4.4826770675E-02   -9.5441677694E+01    4.1348594292E-02
    1.9189994999E-03    1.1491946372E+00    5.1144413611E-02   -9.5485232669E+01    4.1284472054E-02
    1.9199994999E-03    1.1437587353E+00    5.7287279175E-02   -9.5529421241E+01    4.1212516175E-02
    1.9209994999E-03    1.1379532380E+00    6.3232765966E-02   -9.5574261336E+01    4.1132259874E-02
    1.9219994999E-03    1.1317610062E+00    6.8954946285E-02   -9.5619771278E+01    4.1043431463E-02
    1.9229994999E-03    1.1251645202E+00    7.4424947994E-02   -9.5665969495E+01    4.0945961832E-02
    1.9239994999E-03    1.1181465802E+00    7.9610010240E-02   -9.5712874585E+01    4.0839968174E-02
    1.9249994999E-03    1.1106916625E+00    8.4472064464E-02   -9.5760505491E+01    4.0725719793E-02
    1.9259994999E-03    1.1027868321E+00    8.8967475312E-02   -9.5808881253E+01    4.0603587409E-02
    1.9269994999E-03    1.0944205913E+00    9.3049456090E-02   -9.5858019818E+01    4.0473985310E-02
    1.9279994999E-03    1.0855839482E+00    9.6667614903E-02   -9.5907937900E+01    4.0337334850E-02
    1.9289994999E-03    1.0762746183E+00    9.9764856493E-02   -9.5958651833E+01    4.0194063197E-02
    1.9299994999E-03    1.0664968558E+00    1.0227990472E-01   -9.6010176438E+01    4.0044602151E-02
    1.9309994999E-03    1.0562570408E+00    1.0415324618E-01   -9.6062522687E+01    3.9889378819E-02
    1.9319994999E-03    1.0455673615E+00    1.0532487249E-01   -9.6115698606E+01    3.9728834556E-02
    1.9329994999E-03    1.0344494159E+00    1.0573327533E-01   -9.6169709877E+01    3.9563477314E-02
    1.9339994999E-03    1.0229320292E+00    1.0531940647E-01   -9.6224558637E+01    3.9393955162E-02
    1.9349994999E-03    1.0110539074E+00    1.0402654475E-01   -9.6280244170E+01    3.9221158570E-02
    1.9359994999E-03    9.9886468491E-01    1.0180165803E-01   -9.6336763187E+01    3.9046340823E-02
    1.9369994999E-03    9.8641907935E-01    9.8600562412E-02   -9.6394108624E+01    3.8871194244E-02
    1.9379994999E-03    9.7378427569E-01    9.4384645223E-02   -9.6452272543E+01    3.8697820284E-02
    1.9389994999E-03    9.6104228340E-01    8.9121745924E-02   -9.6511247245E+01    3.8528611450E-02
    1.9399994999E-03    9.4828257071E-01    8.2791435478E-02   -9.6571024018E+01    3.8366021306E-02
    1.9409994999E-03    9.3560414745E-01    7.5384671942E-02   -9.6631594320E+01    3.8212216707E-02
    1.9419994999E-03    9.2311126134E-01    6.6905905284E-02   -9.6692949006E+01    3.8068765670E-02
    1.9429994999E-03    9.1090825117E-01    5.7374159488E-02   -9.6755077348E+01    3.7936467247E-02
    1.9439994999E-03    8.9910228211E-01    4.6820674541E-02   -9.6817967641E+01    3.7815323124E-02
    1.9449994999E-03    8.8779794398E-01    3.5289054453E-02   -9.6881605901E+01    3.7704652303E-02
    1.9459994999E-03    8.7708878851E-01    2.2835094705E-02   -9.6945974386E+01    3.7603292496E-02
    1.9469994999E-03    8.6705938874E-01    9.5234205675E-03   -9.7011052307E+01    3.7509804982E-02
    1.9479994999E-03    8.5779098588E-01   -4.5755712988E-03   -9.7076816533E+01    3.7422662266E-02
    1.9489994999E-03    8.4935964859E-01   -1.9386389192E-02   -9.7143240346E+01    3.7340426118E-02
    1.9499994999E-03    8.4183486566E-01   -3.4829139219E-02   -9.7210292097E+01    3.7261901587E-02
    1.9509994999E-03    8.3527983361E-01   -5.0820274068E-02   -9.7277934013E+01    3.7186243620E-02
    1.9519994999E-03    8.2975239026E-01   -6.7273084388E-02   -9.7346121204E+01    3.7112997064E-02
    1.9529994999E-03    8.2530438218E-01   -8.4097843445E-02   -9.7414800899E+01    3.7042061576E-02
    1.9539994999E-03    8.2198007393E-01   -1.0120196826E-01   -9.7483912363E+01    3.6973588158E-02
    1.9549994999E-03    8.1981465711E-01   -1.1849040058E-01   -9.7553387665E+01    3.6907838947E-02
    1.9559994999E-03    8.1883297325E-01   -1.3586623142E-01   -9.7623153153E+01    3.6845056288E-02
    1.9569994999E-03    8.1904779691E-01   -1.5323162474E-01   -9.7693131295E+01    3.6785379881E-02
    1.9579994999E-03    8.2046112153E-01   -1.7048871371E-01   -9.7763242582E+01    3.6728824254E-02
    1.9589994999E-03    8.2306740471E-01   -1.8753998695E-01   -9.7833406821E+01    3.6675312407E-02
    1.9599994999E-03    8.2685593019E-01   -2.0428823441E-01   -9.7903543608E+01    3.6624756690E-02
    1.9609994999E-03    8.3181048236E-01   -2.2063660372E-01   -9.7973572297E+01    3.6577171578E-02
    1.9619994999E-03    8.3790606133E-01   -2.3648945438E-01   -9.8043412080E+01    3.6532792955E-02
    1.9629994999E-03    8.4510713529E-01   -2.5175348069E-01   -9.8112982441E+01    3.6492165288E-02
    1.9639994999E-03    8.5336916488E-01   -2.6633824323E-01   -9.8182203833E+01    3.6456161549E-02
    1.9649994999E-03    8.6264093181E-01   -2.8015620156E-01   -9.8250998557E+01    3.6425927280E-02
    1.9659994999E-03    8.7286586089E-01   -2.9312273690E-01   -9.8319291910E+01    3.6402769732E-02
    1.9669994999E-03    8.8398190906E-01   -3.0515660031E-01   -9.8387013582E+01    3.6388033312E-02
    1.9679994999E-03    8.9592088007E-01   -3.1618077239E-01   -9.8454099021E+01    3.6383004933E-02
    1.9689994999E-03    9.0860817059E-01   -3.2612337938E-01   -9.8520490417E+01    3.6388877236E-02
    1.9699994999E-03    9.2196321394E-01   -3.3491838371E-01   -9.8586137040E+01    3.6406772078E-02
    1.9709994999E-03    9.3590033716E-01   -3.4250601224E-01   -9.8650994941E+01    3.6437802239E-02
    1.9719994999E-03    9.5032986910E-01   -3.4883292042E-01   -9.8715026116E+01    3.6483136492E-02
    1.9729994999E-03    9.6515955180E-01   -3.5385200844E-01   -9.8778197358E+01    3.6544037991E-02
    1.9739994999E-03    9.8029592973E-01   -3.5752210954E-01   -9.8840479044E+01    3.6621865744E-02
    1.9749994999E-03    9.9564463605E-01   -3.5980867563E-01   -9.8901844294E+01    3.6718048677E-02
    1.9759994999E-03    1.0111092633E+00   -3.6068651081E-01   -9.8962268840E+01    3.6834039641E-02
    1.9769994999E-03    1.0265933508E+00   -3.6014031557E-01   -9.9021730566E+01    3.6971234552E-02
    1.9779994999E-03    1.0420034427E+00   -3.5816357871E-01   -9.9080208921E+01    3.7130856196E-02
    1.9789994999E-03    1.0572477410E+00   -3.5476239677E-01   -9.9137685850E+01    3.7313822422E-02
    1.9799994999E-03    1.0722384291E+00   -3.4995526265E-01   -9.9194146122E+01    3.7520603833E-02
    1.9809994999E-03    1.0868962571E+00   -3.4376781968E-01   -9.9249576707E+01    3.7751129386E-02
    1.9819994999E-03    1.1011430624E+00   -3.3624637662E-01   -9.9303971024E+01    3.8004736311E-02
    1.9829994999E-03    1.1149113535E+00   -3.2744416511E-01   -9.9357326580E+01    3.8280213011E-02
    1.9839994999E-03    1.1281452885E+00   -3.1741713263E-01   -9.9409644601E+01    3.8575976235E-02
    1.9849994999E-03    1.1407967782E+00   -3.0622971924E-01   -9.9460931843E+01    3.8890224301E-02
    1.9859994999E-03    1.1528252117E+00   -2.9395515906E-01   -9.9511200795E+01    3.9221064063E-02
    1.9869994999E-03    1.1642050035E+00   -2.8065134364E-01   -9.9560462679E+01    3.9566604506E-02
    1.9879994999E-03    1.1749125018E+00   -2.6639299633E-01   -9.9608735879E+01    3.9924927086E-02
    1.9889994999E-03    1.1849325224E+00   -2.5125299017E-01   -9.9656040499E+01    4.0294003790E-02
    1.9899994999E-03    1.1942574781E+00   -2.3530130407E-01   -9.9702397708E+01    4.0671653232E-02
    1.9909994999E-03    1.2028880049E+00   -2.1859671632E-01   -9.9747826891E+01    4.1055462255E-02
    1.9919994999E-03    1.2108267453E+00   -2.0121259632E-01   -9.9792353584E+01    4.1442787784E-02
    1.9929994999E-03    1.2180829167E+00   -1.8321594617E-01   -9.9836003549E+01    4.1830744360E-02
    1.9939994999E-03    1.2246699831E+00   -1.6467555830E-01   -9.9878805229E+01    4.2216138286E-02
    1.9949994999E-03    1.2306057450E+00   -1.4565795990E-01   -9.9920789501E+01    4.2595388579E-02
    1.9959994999E-03    1.2359117751E+00   -1.2622352908E-01   -9.9961989165E+01    4.2964412171E-02
    1.9969994999E-03    1.2406109824E+00   -1.0644172610E-01   -1.0000244556E+02    4.3318557481E-02
    1.9979994999E-03    1.2447281573E+00   -8.6380034655E-02   -1.0004220628E+02    4.3652605886E-02
    1.9989994999E-03    1.2482894906E+00   -6.6092145175E-02   -1.0008132252E+02    4.3961006949E-02
    1.9999994999E-03    1.2513203650E+00   -4.5629937645E-02   -1.0011985459E+02    4.4238241248E-02
    2.0009994999E-03    1.2538443922E+00   -2.5047178017E-02   -1.0015787415E+02    4.4479300858E-02
    2.0019994999E-03    1.2558828638E+00   -4.3903321502E-03   -1.0019546085E+02    4.4680154384E-02
    2.0029994999E-03    1.2574536725E+00    1.6300965824E-02   -1.0023270159E+02    4.4838211081E-02
    2.0039994999E-03    1.2585703904E+00    3.6991258979E-02   -1.0026968968E+02    4.4952589246E-02
    2.0049994999E-03    1.2592416157E+00    5.7648180666E-02   -1.0030652269E+02    4.5024191639E-02
    2.0059994999E-03    1.2594705604E+00    7.8240629801E-02   -1.0034330015E+02    4.5055614832E-02
    2.0069994999E-03    1.2592548442E+00    9.8738691342E-02   -1.0038012036E+02    4.5050914350E-02
    2.0079994999E-03    1.2585865141E+00    1.1911271620E-01   -1.0041707776E+02    4.5015281239E-02
    2.0089994999E-03    1.2574523607E+00    1.3933160249E-01   -1.0045426098E+02    4.4954678963E-02
    2.0099994999E-03    1.2558344844E+00    1.5936178850E-01   -1.0049175122E+02    4.4875477704E-02
    2.0109994999E-03    1.2537109751E+00    1.7916781890E-01   -1.0052962076E+02    4.4784115333E-02
    2.0119994999E-03    1.2510566242E+00    1.9871361068E-01   -1.0056793188E+02    4.4686804813E-02
    2.0129994999E-03    1.2478438144E+00    2.1796229770E-01   -1.0060673715E+02    4.4589298185E-02
    2.0139994999E-03    1.2440435876E+00    2.3687545227E-01   -1.0064608042E+02    4.4496717662E-02
    2.0149994999E-03    1.2396263628E+00    2.5541507628E-01   -1.0068599737E+02    4.4413467609E-02
    2.0159994999E-03    1.2345624424E+00    2.7354523765E-01   -1.0072651626E+02    4.4343227681E-02
    2.0169994999E-03    1.2288226645E+00    2.9123155008E-01   -1.0076765955E+02    4.4289019226E-02
    2.0179994999E-03    1.2223793119E+00    3.0843941350E-01   -1.0080944576E+02    4.4253330335E-02
    2.0189994999E-03    1.2152066677E+00    3.2513398748E-01   -1.0085189033E+02    4.4238261653E-02
    2.0199994999E-03    1.2072814231E+00    3.4128009846E-01   -1.0089500636E+02    4.4245639047E-02
    2.0209994999E-03    1.1985830564E+00    3.5684170651E-01   -1.0093880520E+02    4.4277056120E-02
    2.0219994999E-03    1.1890942034E+00    3.7178118968E-01   -1.0098329714E+02    4.4333848321E-02
    2.0229994999E-03    1.1788012092E+00    3.8605837769E-01   -1.0102849216E+02    4.4417040468E-02
    2.0239994999E-03    1.1676949964E+00    3.9962960706E-01   -1.0107440075E+02    4.4527326607E-02
    2.0249994999E-03    1.1557711986E+00    4.1244881760E-01   -1.0112103386E+02    4.4665124099E-02
    2.0259994999E-03    1.1430296617E+00    4.2446933725E-01   -1.0116840225E+02    4.4830706796E-02
    2.0269994999E-03    1.1294758819E+00    4.3564261674E-01   -1.0121651696E+02    4.5024349699E-02
    2.0279994999E-03    1.1151224093E+00    4.4591797592E-01   -1.0126538929E+02    4.5246356947E-02
    2.0289994999E-03    1.0999885971E+00    4.5524430031E-01   -1.0131502986E+02    4.5496931560E-02
    2.0299994999E-03    1.0841022251E+00    4.6356948069E-01   -1.0136544918E+02    4.5775901459E-02
    2.0309994999E-03    1.0674995249E+00    4.7084185046E-01   -1.0141665764E+02    4.6082495552E-02
    2.0319994999E-03    1.0502239006E+00    4.7701225556E-01   -1.0146866546E+02    4.6415300244E-02
    2.0329994999E-03    1.0323236041E+00    4.8203577189E-01   -1.0152148237E+02    4.6772370576E-02
    2.0339994999E-03    1.0138526214E+00    4.8587135323E-01   -1.0157511932E+02    4.7151531195E-02
    2.0349994999E-03    9.9487513001E-01    4.8848090334E-01   -1.0162959188E+02    4.7550464627E-02
    2.0359994999E-03    9.7544789594E-01    4.8983390470E-01   -1.0168491230E+02    4.7966856413E-02
    2.0369994999E-03    9.5563402724E-01    4.8990143814E-01   -1.0174109702E+02    4.8398429792E-02
    2.0379994999E-03    9.3549841917E-01    4.8865703648E-01   -1.0179816429E+02    4.8842902388E-02
    2.0389994999E-03    9.1510910130E-01    4.8607640251E-01   -1.0185613408E+02    4.9298019382E-02
    2.0399994999E-03    8.9453822197E-01    4.8213798394E-01   -1.0191502758E+02    4.9761571531E-02
    2.0409994999E-03    8.7385855377E-01    4.7682296238E-01   -1.0197486383E+02    5.0231308484E-02
    2.0419994999E-03    8.5315124930E-01    4.7011722644E-01   -1.0203566368E+02    5.0704775911E-02
    2.0429994999E-03    8.3249903758E-01    4.6201113104E-01   -1.0209744511E+02    5.1179124517E-02
    2.0439994999E-03    8.1198778457E-01    4.5250041606E-01   -1.0216022436E+02    5.1651062731E-02
    2.0449994999E-03    7.9170642277E-01    4.4158732357E-01   -1.0222401624E+02    5.2116996017E-02
    2.0459994999E-03    7.7174550818E-01    4.2928143127E-01   -1.0228883352E+02    5.2573369032E-02
    2.0469994999E-03    7.5219574126E-01    4.1560034362E-01   -1.0235468546E+02    5.3017121986E-02
    2.0479994999E-03    7.3314478818E-01    4.0056857685E-01   -1.0242157370E+02    5.3446010799E-02
    2.0489994999E-03    7.1468669627E-01    3.8422520994E-01   -1.0248950141E+02    5.3858627135E-02
    2.0499994999E-03    6.9691010885E-01    3.6661665368E-01   -1.0255846077E+02    5.4254108705E-02
    2.0509994999E-03    6.7990364648E-01    3.4780071742E-01   -1.0262843991E+02    5.4631619161E-02
    2.0519994999E-03    6.6375480127E-01    3.2784694710E-01   -1.0269942470E+02    5.4989919327E-02
    2.0529994999E-03    6.4854555360E-01    3.0683328697E-01   -1.0277139646E+02    5.5327209344E-02
    2.0539994999E-03    6.3435217052E-01    2.8484596630E-01   -1.0284433364E+02    5.5641171299E-02
    2.0549994999E-03    6.2124598304E-01    2.6198065208E-01   -1.0291821338E+02    5.5929163887E-02
    2.0559994999E-03    6.0928540812E-01    2.3833008820E-01   -1.0299299354E+02    5.6188448078E-02
    2.0569994999E-03    5.9852241848E-01    2.1399063118E-01   -1.0306862039E+02    5.6416406792E-02
    2.0579994999E-03    5.8900353923E-01    1.8906356963E-01   -1.0314503021E+02    5.6610679110E-02
    2.0589994999E-03    5.8076458126E-01    1.6364659614E-01   -1.0322214095E+02    5.6769461957E-02
    2.0599994999E-03    5.7383101490E-01    1.3783347635E-01   -1.0329985735E+02    5.6891753726E-02
    2.0609994999E-03    5.6821606627E-01    1.1170874354E-01   -1.0337807041E+02    5.6977465779E-02
    2.0619994999E-03    5.6392506450E-01    8.5352402478E-02   -1.0345666877E+02    5.7027210554E-02
    2.0629994999E-03    5.6095730675E-01    5.8838852825E-02   -1.0353553982E+02    5.7041783805E-02
    2.0639994999E-03    5.5930700285E-01    3.2233609921E-02   -1.0361456531E+02    5.7021551860E-02
    2.0649994999E-03    5.5896577292E-01    5.5947163540E-03   -1.0369362171E+02    5.6965999499E-02
    2.0659994999E-03    5.5992601717E-01   -2.1020861832E-02   -1.0377258655E+02    5.6873665416E-02
    2.0669994999E-03    5.6218163017E-01   -4.7552761527E-02   -1.0385134225E+02    5.6742548693E-02
    2.0679994999E-03    5.6572410072E-01   -7.3939793911E-02   -1.0392977212E+02    5.6570871239E-02
    2.0689994999E-03    5.7054032777E-01   -1.0011799520E-01   -1.0400776295E+02    5.6357931860E-02
    2.0699994999E-03    5.7661084692E-01   -1.2601924577E-01   -1.0408520754E+02    5.6104619042E-02
    2.0709994999E-03    5.8390816629E-01   -1.5157291278E-01   -1.0416200467E+02    5.5813400228E-02
    2.0719994999E-03    5.9240519244E-01   -1.7668646460E-01   -1.0423808027E+02    5.5487707672E-02
    2.0729994999E-03    6.0206354627E-01   -2.0127766502E-01   -1.0431335764E+02    5.5131039311E-02
    2.0739994999E-03    6.1284254387E-01   -2.2525740757E-01   -1.0438777828E+02    5.4746479757E-02
    2.0749994999E-03    6.2469937227E-01   -2.4853264948E-01   -1.0446130057E+02    5.4336356731E-02
    2.0759994999E-03    6.3758438337E-01   -2.7102603533E-01   -1.0453388358E+02    5.3902219063E-02
    2.0769994999E-03    6.5144980260E-01   -2.9264550602E-01   -1.0460551015E+02    5.3445146762E-02
    2.0779994999E-03    6.6624150440E-01   -3.1330873989E-01   -1.0467616309E+02    5.2965911865E-02
    2.0789994999E-03    6.8189931876E-01   -3.3293681776E-01   -1.0474582807E+02    5.2465388050E-02
    2.0799994999E-03    6.9835570531E-01   -3.5145871421E-01   -1.0481449011E+02    5.1944523647E-02
    2.0809994999E-03    7.1553604798E-01   -3.6880300866E-01   -1.0488214059E+02    5.1404428177E-02
    2.0819994999E-03    7.3335755629E-01   -3.8491638756E-01   -1.0494876859E+02    5.0846501711E-02
    2.0829994999E-03    7.5173217256E-01   -3.9975716888E-01   -1.0501436875E+02    5.0272511667E-02
    2.0839994999E-03    7.7056815074E-01   -4.1329137706E-01   -1.0507894537E+02    4.9684691651E-02
    2.0849994999E-03    7.8977241911E-01   -4.2550373454E-01   -1.0514250613E+02    4.9086024749E-02
    2.0859994999E-03    8.0925221228E-01   -4.3638718299E-01   -1.0520506627E+02    4.8480106593E-02
    2.0869994999E-03    8.2891656186E-01   -4.4594383018E-01   -1.0526664496E+02    4.7870967170E-02
    2.0879994999E-03    8.4867870723E-01   -4.5418599931E-01   -1.0532726188E+02    4.7262654199E-02
    2.0889994999E-03    8.6845521667E-01   -4.6112738884E-01   -1.0538693913E+02    4.6658769701E-02
    2.0899994999E-03    8.8816932391E-01   -4.6678981232E-01   -1.0544569651E+02    4.6062197483E-02
    2.0909994999E-03    9.0774867915E-01   -4.7119541755E-01   -1.0550355460E+02    4.5475025264E-02
    2.0919994999E-03    9.2712822783E-01   -4.7437213357E-01   -1.0556053224E+02    4.4898739427E-02
    2.0929994999E-03    9.4624773758E-01   -4.7634900643E-01   -1.0561664867E+02    4.4334587251E-02
    2.0939994999E-03    9.6505210692E-01   -4.7715699062E-01   -1.0567192296E+02    4.3783830732E-02
    2.0949994999E-03    9.8349148156E-01   -4.7682883968E-01   -1.0572637316E+02    4.3247953985E-02
    2.0959994999E-03    1.0015195547E+00   -4.7539670696E-01   -1.0578001663E+02    4.2728580244E-02
    2.0969994999E-03    1.0190932522E+00   -4.7289195054E-01   -1.0583286948E+02    4.2227307721E-02
    2.0979994999E-03    1.0361733830E+00   -4.6934546261E-01   -1.0588494600E+02    4.1745552217E-02
    2.0989994999E-03    1.0527232335E+00   -4.6478758826E-01   -1.0593625946E+02    4.1284613872E-02
    2.0999994999E-03    1.0687038861E+00   -4.5924859739E-01   -1.0598682446E+02    4.0845656413E-02
    2.1009994999E-03    1.0840840529E+00   -4.5276239558E-01   -1.0603665321E+02    4.0429974272E-02
    2.1019994999E-03    1.0988325129E+00   -4.4536496539E-01   -1.0608575924E+02    4.0038938625E-02
    2.1029994999E-03    1.1129212599E+00   -4.3709494518E-01   -1.0613415629E+02    3.9673806684E-02
    2.1039994999E-03    1.1263273024E+00   -4.2799231335E-01   -1.0618185776E+02    3.9335494025E-02
    2.1049994999E-03    1.1390318974E+00   -4.1809766665E-01   -1.0622887705E+02    3.9024495981E-02
    2.1059994999E-03    1.1510220967E+00   -4.0745090705E-01   -1.0627522682E+02    3.8740997266E-02
    2.1069994999E-03    1.1622896154E+00   -3.9609127887E-01   -1.0632091930E+02    3.8485026608E-02
    2.1079994999E-03    1.1728304822E+00   -3.8405765275E-01   -1.0636596615E+02    3.8256625639E-02
    2.1089994999E-03    1.1826453420E+00   -3.7138778641E-01   -1.0641037803E+02    3.8055822148E-02
    2.1099994999E-03    1.1917382624E+00   -3.5811911736E-01   -1.0645416520E+02    3.7882482367E-02
    2.1109994999E-03    1.2001174755E+00   -3.4428719764E-01   -1.0649733715E+02    3.7736145668E-02
    2.1119994999E-03    1.2077957129E+00   -3.2992370797E-01   -1.0653990254E+02    3.7615943931E-02
    2.1129994999E-03    1.2147883297E+00   -3.1505876493E-01   -1.0658187076E+02    3.7520597871E-02
    2.1139994999E-03    1.2211129537E+00   -2.9972177287E-01   -1.0662325283E+02    3.7448464765E-02
    2.1149994999E-03    1.2267898030E+00   -2.8394034585E-01   -1.0666406158E+02    3.7397590948E-02
    2.1159994999E-03    1.2318411558E+00   -2.6774053905E-01   -1.0670431233E+02    3.7365715455E-02
    2.1169994999E-03    1.2362906289E+00   -2.5114763448E-01   -1.0674402385E+02    3.7350217499E-02
    2.1179994999E-03    1.2401625292E+00   -2.3418685894E-01   -1.0678321947E+02    3.7348041605E-02
    2.1189994999E-03    1.2434812663E+00   -2.1688394564E-01   -1.0682192823E+02    3.7355645635E-02
    2.1199994999E-03    1.2462707901E+00   -1.9926553339E-01   -1.0686018600E+02    3.7369003909E-02
    2.1209994999E-03    1.2485540425E+00   -1.8135929769E-01   -1.0689803646E+02    3.7383672777E-02
    2.1219994999E-03    1.2503524016E+00   -1.6319373764E-01   -1.0693553162E+02    3.7394904716E-02
    2.1229994999E-03    1.2516850946E+00   -1.4479773617E-01   -1.0697273189E+02    3.7397789186E-02
    2.1239994999E-03    1.2525685876E+00   -1.2620008493E-01   -1.0700970573E+02    3.7387404322E-02
    2.1249994999E-03    1.2530159993E+00   -1.0742904133E-01   -1.0704652869E+02    3.7358975800E-02
    2.1259994999E-03    1.2530365857E+00   -8.8512005349E-02   -1.0708328210E+02    3.7308048757E-02
    2.1269994999E-03    1.2526353212E+00   -6.9475812499E-02   -1.0712005147E+02    3.7230678842E-02
    2.1279994999E-03    1.2518126286E+00   -5.0348205694E-02   -1.0715692498E+02    3.7123640623E-02
    2.1289994999E-03    1.2505644001E+00   -3.1157485968E-02   -1.0719399100E+02    3.6984640216E-02
    2.1299994999E-03    1.2488821302E+00   -1.1932177634E-02   -1.0723133553E+02    3.6812494860E-02
    2.1309994999E-03    1.2467532058E+00    7.2917819244E-03   -1.0726904257E+02    3.6607228981E-02
    2.1319994999E-03    1.2441615891E+00    2.6475449315E-02   -1.0730719048E+02    3.6370087013E-02
    2.1329994999E-03    1.2410881426E+00    4.5584409141E-02   -1.0734584775E+02    3.6103403290E-02
    2.1339994999E-03    1.2375117309E+00    6.4568573369E-02   -1.0738507972E+02    3.5810311798E-02
    2.1349994999E-03    1.2334100335E+00    8.3374687048E-02   -1.0742494387E+02    3.5494475569E-02
    2.1359994999E-03    1.2287602381E+00    1.0194778943E-01   -1.0746548992E+02    3.5159747402E-02
    2.1369994999E-03    1.2235405563E+00    1.2022345156E-01   -1.0750676343E+02    3.4809897769E-02
    2.1379994999E-03    1.2177307681E+00    1.3813569583E-01   -1.0754880426E+02    3.4448408921E-02
    2.1389994999E-03    1.2113130279E+00    1.5561763139E-01   -1.0759164756E+02    3.4078446486E-02
    2.1399994999E-03    1.2042734907E+00    1.7259611911E-01   -1.0763532653E+02    3.3702859157E-02
    2.1409994999E-03    1.1966011398E+00    1.8900556426E-01   -1.0767986888E+02    3.3324230139E-02
    2.1419994999E-03    1.1882911069E+00    2.0477048119E-01   -1.0772530312E+02    3.2944940019E-02
    2.1429994999E-03    1.1793442665E+00    2.1981473403E-01   -1.0777165579E+02    3.2567206716E-02
    2.1439994999E-03    1.1697654955E+00    2.3407074651E-01   -1.0781894907E+02    3.2193127295E-02
    2.1449994999E-03    1.1595661626E+00    2.4746875191E-01   -1.0786720417E+02    3.1824716472E-02
    2.1459994999E-03    1.1487656647E+00    2.5993497911E-01   -1.0791644157E+02    3.1463964850E-02
    2.1469994999E-03    1.1373888758E+00    2.7140288837E-01   -1.0796667757E+02    3.1112879723E-02
    2.1479994999E-03    1.1254705189E+00    2.8180181171E-01   -1.0801792690E+02    3.0773537834E-02
    2.1489994999E-03    1.1130511833E+00    2.9107074225E-01   -1.0807019910E+02    3.0448101017E-02
    2.1499994999E-03    1.1001806755E+00    2.9915071451E-01   -1.0812349984E+02    3.0138708258E-02
    2.1509994999E-03    1.0869153465E+00    3.0599233827E-01   -1.0817782912E+02    2.9847364679E-02
    2.1519994999E-03    1.0733242258E+00    3.1154479723E-01   -1.0823318384E+02    2.9575798003E-02
    2.1529994999E-03    1.0594792575E+00    3.1577519660E-01   -1.0828955392E+02    2.9325301835E-02
    2.1539994999E-03    1.0454592705E+00    3.1865921818E-01   -1.0834692500E+02    2.9096664594E-02
    2.1549994999E-03    1.0313483656E+00    3.2018285955E-01   -1.0840527871E+02    2.8890153527E-02
    2.1559994999E-03    1.0172350733E+00    3.2034220528E-01   -1.0846459333E+02    2.8705569564E-02
    2.1569994999E-03    1.0032093913E+00    3.1914527890E-01   -1.0852484392E+02    2.8542322305E-02
    2.1579994999E-03    9.8936120392E-01    3.1661122594E-01   -1.0858600275E+02    2.8399531220E-02
    2.1589994999E-03    9.7578186601E-01    3.1276640811E-01   -1.0864803997E+02    2.8276128111E-02
    2.1599994999E-03    9.6256167278E-01    3.0764547711E-01   -1.0871092301E+02    2.8170936359E-02
    2.1609994999E-03    9.4978793350E-01    3.0129139464E-01   -1.0877461595E+02    2.8082746204E-02
    2.1619994999E-03    9.3754473358E-01    2.9375408119E-01   -1.0883907891E+02    2.8010379848E-02
    2.1629994999E-03    9.2591217649E-01    2.8508989789E-01   -1.0890426724E+02    2.7952733749E-02
    2.1639994999E-03    9.1496515439E-01    2.7536155447E-01   -1.0897013082E+02    2.7908796420E-02
    2.1649994999E-03    9.0477233559E-01    2.6463777056E-01   -1.0903661369E+02    2.7877646007E-02
    2.1659994999E-03    8.9539556655E-01    2.5299260944E-01   -1.0910365439E+02    2.7858438241E-02
    2.1669994999E-03    8.8688967253E-01    2.4050459369E-01   -1.0917118674E+02    2.7850398648E-02
    2.1679994999E-03    8.7930242229E-01    2.2725580979E-01   -1.0923914116E+02    2.7852828599E-02
    2.1689994999E-03    8.7267464508E-01    2.1333105101E-01   -1.0930744607E+02    2.7865124325E-02
    2.1699994999E-03    8.6704057161E-01    1.9881702020E-01   -1.0937602919E+02    2.7886797527E-02
    2.1709994999E-03    8.6242828648E-01    1.8380168648E-01   -1.0944481846E+02    2.7917482958E-02
    2.1719994999E-03    8.5886021883E-01    1.6837382883E-01   -1.0951374238E+02    2.7956925055E-02
    2.1729994999E-03    8.5635358765E-01    1.5262276961E-01   -1.0958272996E+02    2.8004948952E-02
    2.1739994999E-03    8.5492037617E-01    1.3663834893E-01   -1.0965171046E+02    2.8061434126E-02
    2.1749994999E-03    8.5456662811E-01    1.2051104365E-01   -1.0972061326E+02    2.8126313593E-02
    2.1759994999E-03    8.5529120355E-01    1.0433204157E-01   -1.0978936834E+02    2.8199613342E-02
    2.1769994999E-03    8.5708456185E-01    8.8193066945E-02   -1.0985790724E+02    2.8281526538E-02
    2.1779994999E-03    8.5992868505E-01    7.2185818936E-02   -1.0992616463E+02    2.8372492560E-02
    2.1789994999E-03    8.6379772752E-01    5.6401264294E-02   -1.0999407970E+02    2.8473236223E-02
    2.1799994999E-03    8.6865773520E-01    4.0929032250E-02   -1.1006159768E+02    2.8584729146E-02
    2.1809994999E-03    8.7446539194E-01    2.5856774271E-02   -1.1012867084E+02    2.8708059073E-02
    2.1819994999E-03    8.8116927248E-01    1.1269250221E-02   -1.1019525849E+02    2.8844227105E-02
    2.1829994999E-03    8.8871242681E-01   -2.7524466587E-03   -1.1026132564E+02    2.8993924669E-02
    2.1839994999E-03    8.9703007277E-01   -1.6131424520E-02   -1.1032684212E+02    2.9157358418E-02
    2.1849994999E-03    9.0604856404E-01   -2.8795902724E-02   -1.1039178145E+02    2.9334174438E-02
    2.1859994999E-03    9.1568898325E-01   -4.0680189374E-02   -1.1045611886E+02    2.9523503664E-02
    2.1869994999E-03    9.2586593556E-01   -5.1725718817E-02   -1.1051983092E+02    2.9724093631E-02
    2.1879994999E-03    9.3649014556E-01   -6.1882069856E-02   -1.1058289482E+02    2.9934477205E-02
    2.1889994999E-03    9.4747191125E-01   -7.1107605359E-02   -1.1064528781E+02    3.0153148737E-02
    2.1899995000E-03    9.5872022662E-01   -7.9370114306E-02   -1.1070698823E+02    3.0378699372E-02
    2.1909995000E-03    9.7015185139E-01   -8.6646067011E-02   -1.1076797380E+02    3.0609931072E-02
    2.1919995000E-03    9.8168822759E-01   -9.2920536700E-02   -1.1082822311E+02    3.0845878937E-02
    2.1929995000E-03    9.9325717219E-01   -9.8186594882E-02   -1.1088771582E+02    3.1085790003E-02
    2.1939995000E-03    1.0047940500E+00   -1.0244476720E-01   -1.1094643264E+02    3.1329001091E-02
    2.1949995000E-03    1.0162387250E+00   -1.0570307438E-01   -1.1100435671E+02    3.1574870914E-02
    2.1959995000E-03    1.0275389257E+00   -1.0797607425E-01   -1.1106147258E+02    3.1822784477E-02
    2.1969995000E-03    1.0386452411E+00   -1.0928568806E-01   -1.1111776782E+02    3.2071970834E-02
    2.1979995000E-03    1.0495145557E+00   -1.0966033369E-01   -1.1117323214E+02    3.2321534260E-02
    2.1989995000E-03    1.0601051004E+00   -1.0913545991E-01   -1.1122785919E+02    3.2570496962E-02
    2.1999995000E-03    1.0703836414E+00   -1.0775164458E-01   -1.1128164453E+02    3.2817856632E-02
    2.2009995000E-03    1.0803214441E+00   -1.0555483093E-01   -1.1133458691E+02    3.3062535709E-02
    2.2019995000E-03    1.0898911859E+00   -1.0259618802E-01   -1.1138668950E+02    3.3303486927E-02
    2.2029995000E-03    1.0990723025E+00   -9.8929862277E-02   -1.1143795821E+02    3.3539754872E-02
    2.2039995000E-03    1.1078492248E+00   -9.4612288218E-02   -1.1148840203E+02    3.3770467360E-02
    2.2049995000E-03    1.1162116496E+00   -8.9700718897E-02   -1.1153803259E+02    3.3994885654E-02
    2.2059995000E-03    1.1241515284E+00   -8.4253331740E-02   -1.1158686464E+02    3.4212347017E-02
    2.2069995000E-03    1.1316672174E+00   -7.8326274754E-02   -1.1163491420E+02    3.4422324929E-02
    2.2079995000E-03    1.1387610299E+00   -7.1973285409E-02   -1.1168219868E+02    3.4624413703E-02
    2.2089995000E-03    1.1454378102E+00   -6.5245502420E-02   -1.1172873670E+02    3.4818307660E-02
    2.2099995000E-03    1.1517056445E+00   -5.8190291547E-02   -1.1177454736E+02    3.5003798621E-02
    2.2109995000E-03    1.1575742470E+00   -5.0851745655E-02   -1.1181965030E+02    3.5180746082E-02
    2.2119995000E-03    1.1630561299E+00   -4.3269172389E-02   -1.1186406505E+02    3.5349135427E-02
    2.2129995000E-03    1.1681649156E+00   -3.5477863029E-02   -1.1190781128E+02    3.5509099590E-02
    2.2139995000E-03    1.1729136669E+00   -2.7510731013E-02   -1.1195090945E+02    3.5660896565E-02
    2.2149995000E-03    1.1773162425E+00   -1.9397018715E-02   -1.1199338031E+02    3.5804936582E-02
    2.2159995000E-03    1.1813869209E+00   -1.1162375557E-02   -1.1203524499E+02    3.5941791071E-02
    2.2169995000E-03    1.1851390337E+00   -2.8304822142E-03   -1.1207652575E+02    3.6072161816E-02
    2.2179995000E-03    1.1885852009E+00    5.5770506050E-03   -1.1211724607E+02    3.6196858352E-02
    2.2189995000E-03    1.1917378341E+00    1.4041479709E-02   -1.1215743042E+02    3.6316783824E-02
    2.2199995000E-03    1.1946084805E+00    2.2546073720E-02   -1.1219710466E+02    3.6432905704E-02
    2.2209995000E-03    1.1972070903E+00    3.1074733224E-02   -1.1223629653E+02    3.6546234637E-02
    2.2219995000E-03    1.1995426566E+00    3.9612874863E-02   -1.1227503523E+02    3.6657834296E-02
    2.2229995000E-03    1.2016235680E+00    4.8148144039E-02   -1.1231335100E+02    3.6768837459E-02
    2.2239995000E-03    1.2034571921E+00    5.6669579177E-02   -1.1235127515E+02    3.6880436424E-02
    2.2249995000E-03    1.2050494498E+00    6.5166356646E-02   -1.1238884018E+02    3.6993859186E-02
    2.2259995000E-03    1.2064051962E+00    7.3628154590E-02   -1.1242607934E+02    3.7110350733E-02
    2.2269995000E-03    1.2075287398E+00    8.2046105761E-02   -1.1246302593E+02    3.7231156188E-02
    2.2279995000E-03    1.2084236161E+00    9.0412006300E-02   -1.1249971328E+02    3.7357490398E-02
    2.2289995000E-03    1.2090923955E+00    9.8717351531E-02   -1.1253617487E+02    3.7490504489E-02
    2.2299995000E-03    1.2095371242E+00    1.0695410847E-01   -1.1257244382E+02    3.7631268368E-02
    2.2309995000E-03    1.2097594858E+00    1.1511493631E-01   -1.1260855264E+02    3.7780765532E-02
    2.2319995000E-03    1.2097602135E+00    1.2319090361E-01   -1.1264453395E+02    3.7939896033E-02
    2.2329995000E-03    1.2095396326E+00    1.3117263552E-01   -1.1268041993E+02    3.8109499225E-02
    2.2339995000E-03    1.2090987190E+00    1.3905401938E-01   -1.1271624102E+02    3.8290374617E-02
    2.2349995000E-03    1.2084382564E+00    1.4682929640E-01   -1.1275202677E+02    3.8483273241E-02
    2.2359995000E-03    1.2075584323E+00    1.5449089267E-01   -1.1278780653E+02    3.8688892832E-02
    2.2369995000E-03    1.2064597641E+00    1.6203286118E-01   -1.1282360818E+02    3.8907863729E-02
    2.2379995000E-03    1.2051426891E+00    1.6944890853E-01   -1.1285945872E+02    3.9140694566E-02
    2.2389995000E-03    1.2036075099E+00    1.7673168756E-01   -1.1289538445E+02    3.9387750154E-02
    2.2399995000E-03    1.2018546778E+00    1.8387388518E-01   -1.1293141053E+02    3.9649197048E-02
    2.2409995000E-03    1.1998847008E+00    1.9086763555E-01   -1.1296756109E+02    3.9924954928E-02
    2.2419995000E-03    1.1976982033E+00    1.9770510655E-01   -1.1300385905E+02    4.0214666558E-02
    2.2429995000E-03    1.1952955956E+00    2.0437609691E-01   -1.1304032687E+02    4.0517672073E-02
    2.2439995000E-03    1.1926774890E+00    2.1087159005E-01   -1.1307698536E+02    4.0832914445E-02
    2.2449995000E-03    1.1898443080E+00    2.1718155877E-01   -1.1311385464E+02    4.1158880710E-02
    2.2459995000E-03    1.1867961884E+00    2.2329458420E-01   -1.1315095451E+02    4.1493569363E-02
    2.2469995000E-03    1.1835330635E+00    2.2920545606E-01   -1.1318830252E+02    4.1834520624E-02
    2.2479995000E-03    1.1800537823E+00    2.3490061861E-01   -1.1322591929E+02    4.2178914043E-02
    2.2489995000E-03    1.1763563179E+00    2.4037937815E-01   -1.1326382221E+02    4.2523899045E-02
    2.2499995000E-03    1.1724369054E+00    2.4563786921E-01   -1.1330203099E+02    4.2867006606E-02
    2.2509995000E-03    1.1682899540E+00    2.5067653950E-01   -1.1334056514E+02    4.3206557592E-02
    2.2519995000E-03    1.1639074610E+00    2.5550587364E-01   -1.1337944173E+02    4.3542031837E-02
    2.2529995000E-03    1.1592799324E+00    2.6013159988E-01   -1.1341867911E+02    4.3874051112E-02
    2.2539995000E-03    1.1543966799E+00    2.6456346149E-01   -1.1345829304E+02    4.4204047684E-02
    2.2549995000E-03    1.1492463681E+00    2.6881450658E-01   -1.1349829612E+02    4.4533781417E-02
    2.2559995000E-03    1.1438173334E+00    2.7290187340E-01   -1.1353869721E+02    4.4864776543E-02
    2.2569995000E-03    1.1380995967E+00    2.7683384756E-01   -1.1357950581E+02    4.5197936548E-02
    2.2579995000E-03    1.1320839057E+00    2.8061991762E-01   -1.1362072953E+02    4.5533473332E-02
    2.2589995000E-03    1.1257619957E+00    2.8426683283E-01   -1.1366237630E+02    4.5871061328E-02
    2.2599995000E-03    1.1191265876E+00    2.8777662031E-01   -1.1370445583E+02    4.6210146396E-02
    2.2609995000E-03    1.1121703491E+00    2.9114956539E-01   -1.1374697923E+02    4.6550280514E-02
    2.2619995000E-03    1.1048887262E+00    2.9437006408E-01   -1.1378996372E+02    4.6891293317E-02
    2.2629995000E-03    1.0972711275E+00    2.9744326646E-01   -1.1383342051E+02    4.7233389974E-02
    2.2639995000E-03    1.0893088041E+00    3.0035752316E-01   -1.1387736625E+02    4.7577309054E-02
    2.2649995000E-03    1.0809946518E+00    3.0308952742E-01   -1.1392182070E+02    4.7924037404E-02
    2.2659995000E-03    1.0723173273E+00    3.0562464120E-01   -1.1396679958E+02    4.8274809551E-02
    2.2669995000E-03    1.0632704300E+00    3.0792821986E-01   -1.1401232297E+02    4.8630941747E-02
    2.2679995000E-03    1.0538429779E+00    3.0997649137E-01   -1.1405840544E+02    4.8993558154E-02
    2.2689995000E-03    1.0440255550E+00    3.1173840216E-01   -1.1410506214E+02    4.9363390195E-02
    2.2699995000E-03    1.0338102618E+00    3.1317820099E-01   -1.1415230859E+02    4.9740515781E-02
    2.2709995000E-03    1.0231973420E+00    3.1424344026E-01   -1.1420016520E+02    5.0124313048E-02
    2.2719995000E-03    1.0121836727E+00    3.1489278979E-01   -1.1424864916E+02    5.0513533408E-02
    2.2729995000E-03    1.0007766529E+00    3.1506803584E-01   -1.1429778396E+02    5.0906584280E-02
    2.2739995000E-03    9.8897775836E-01    3.1472768433E-01   -1.1434758834E+02    5.1301914799E-02
    2.2749995000E-03    9.7680299732E-01    3.1381053666E-01   -1.1439808780E+02    5.1698339014E-02
    2.2759995000E-03    9.6427535876E-01    3.1225400112E-01   -1.1444930795E+02    5.2095318596E-02
    2.2769995000E-03    9.5141322902E-01    3.1001268523E-01   -1.1450126710E+02    5.2492999682E-02
    2.2779995000E-03    9.3824789378E-01    3.0703260571E-01   -1.1455398462E+02    5.2891863430E-02
    2.2789995000E-03    9.2481602943E-01    3.0326464666E-01   -1.1460747647E+02    5.3292671273E-02
    2.2799995000E-03    9.1115978932E-01    2.9866513869E-01   -1.1466175554E+02    5.3696030079E-02
    2.2809995000E-03    8.9733076623E-01    2.9319155343E-01   -1.1471683433E+02    5.4102287308E-02
    2.2819995000E-03    8.8338009260E-01    2.8681358925E-01   -1.1477272259E+02    5.4511422966E-02
    2.2829995000E-03    8.6936355174E-01    2.7950578343E-01   -1.1482943115E+02    5.4923129950E-02
    2.2839995000E-03    8.5534637043E-01    2.7124235636E-01   -1.1488697458E+02    5.5337186442E-02
    2.2849995000E-03    8.4138617420E-01    2.6201250206E-01   -1.1494536585E+02    5.5753551921E-02
    2.2859995000E-03    8.2754326510E-01    2.5180889820E-01   -1.1500461955E+02    5.6172430259E-02
    2.2869995000E-03    8.1387475830E-01    2.4063214680E-01   -1.1506474904E+02    5.6594118168E-02
    2.2879995000E-03    8.0043550328E-01    2.2848939636E-01   -1.1512576518E+02    5.7018616963E-02
    2.2889995000E-03    7.8727256328E-01    2.1539772026E-01   -1.1518767378E+02    5.7445273084E-02
    2.2899995000E-03    7.7444315829E-01    2.0137188589E-01   -1.1525047903E+02    5.7872385810E-02
    2.2909995000E-03    7.6198802042E-01    1.8644198319E-01   -1.1531417732E+02    5.8297257544E-02
    2.2919995000E-03    7.4995273064E-01    1.7063858621E-01   -1.1537876289E+02    5.8716607711E-02
    2.2929995000E-03    7.3837613854E-01    1.5399927618E-01   -1.1544422668E+02    5.9127176462E-02
    2.2939995000E-03    7.2730203934E-01    1.3656154237E-01   -1.1551055944E+02    5.9526448287E-02
    2.2949995000E-03    7.1677419408E-01    1.1836548995E-01   -1.1557775130E+02    5.9913176795E-02
    2.2959995000E-03    7.0683516443E-01    9.9454191912E-02   -1.1564579196E+02    6.0287504872E-02
    2.2969995000E-03    6.9753463279E-01    7.9870499498E-02   -1.1571467084E+02    6.0650575590E-02
    2.2979995000E-03    6.8892723853E-01    5.9659223334E-02   -1.1578437541E+02    6.1003857535E-02
    2.2989995000E-03    6.8107444479E-01    3.8867655727E-02   -1.1585488935E+02    6.1348280240E-02
    2.2999995000E-03    6.7405158544E-01    1.7544643784E-02   -1.1592619016E+02    6.1683498209E-02
    2.3009995000E-03    6.6793735420E-01   -4.2547199759E-03   -1.1599824615E+02    6.2007590179E-02
    2.3019995000E-03    6.6281722047E-01   -2.6470153708E-02   -1.1607101430E+02    6.2317263822E-02
    2.3029995000E-03    6.5878120954E-01   -4.9035941301E-02   -1.1614443842E+02    6.2608523340E-02
    2.3039995000E-03    6.5591519105E-01   -7.1880057350E-02   -1.1621844867E+02    6.2877824777E-02
    2.3049995000E-03    6.5429615848E-01   -9.4924995553E-02   -1.1629296238E+02    6.3122967574E-02
    2.3059995000E-03    6.5398955181E-01   -1.1808886112E-01   -1.1636788563E+02    6.3343476583E-02
    2.3069995000E-03    6.5504572772E-01   -1.4128586138E-01   -1.1644311557E+02    6.3540497487E-02
    2.3079995000E-03    6.5750275523E-01   -1.6442701139E-01   -1.1651854204E+02    6.3716051691E-02
    2.3089995000E-03    6.6138560900E-01   -1.8741959973E-01   -1.1659404967E+02    6.3872092556E-02
    2.3099995000E-03    6.6670761549E-01   -2.1016697362E-01   -1.1666951972E+02    6.4009746355E-02
    2.3109995000E-03    6.7346590486E-01   -2.3256834662E-01   -1.1674483354E+02    6.4129074694E-02
    2.3119995000E-03    6.8164213071E-01   -2.5452001965E-01   -1.1681987481E+02    6.4229345604E-02
    2.3129995000E-03    6.9120209891E-01   -2.7591692512E-01   -1.1689453173E+02    6.4309584056E-02
    2.3139995000E-03    7.0209374968E-01   -2.9665448991E-01   -1.1696869957E+02    6.4369107548E-02
    2.3149995000E-03    7.1424786602E-01   -3.1663076528E-01   -1.1704228250E+02    6.4407824111E-02
    2.3159995000E-03    7.2758151677E-01   -3.3574835728E-01   -1.1711519496E+02    6.4426268195E-02
    2.3169995000E-03    7.4200254833E-01   -3.5391591424E-01   -1.1718736284E+02    6.4425505645E-02
    2.3179995000E-03    7.5741414215E-01   -3.7104908068E-01   -1.1725872418E+02    6.4407044911E-02
    2.3189995000E-03    7.7371873481E-01   -3.8707083870E-01   -1.1732922919E+02    6.4372789670E-02
    2.3199995000E-03    7.9082063106E-01   -4.0191126705E-01   -1.1739883904E+02    6.4324975464E-02
    2.3209995000E-03    8.0862692546E-01   -4.1550695599E-01   -1.1746752413E+02    6.4266030139E-02
    2.3219995000E-03    8.2704706197E-01   -4.2780039198E-01   -1.1753526205E+02    6.4198369981E-02
    2.3229995000E-03    8.4599204430E-01   -4.3873942342E-01   -1.1760203583E+02    6.4124216099E-02
    2.3239995000E-03    8.6537429821E-01   -4.4827660898E-01   -1.1766783243E+02    6.4045528132E-02
    2.3249995000E-03    8.8510624072E-01   -4.5636920397E-01   -1.1773264238E+02    6.3964097002E-02
    2.3259995000E-03    9.0509803390E-01   -4.6297998383E-01   -1.1779646013E+02    6.3881760528E-02
    2.3269995000E-03    9.2525621231E-01   -4.6807827290E-01   -1.1785928410E+02    6.3800655882E-02
    2.3279995000E-03    9.4548403922E-01   -4.7164041258E-01   -1.1792111601E+02    6.3723414723E-02
    2.3289995000E-03    9.6568218868E-01   -4.7365012086E-01   -1.1798195961E+02    6.3653232408E-02
    2.3299995000E-03    9.8574803669E-01   -4.7410020714E-01   -1.1804182002E+02    6.3593784113E-02
    2.3309995000E-03    1.0055760491E+00   -4.7299453346E-01   -1.1810070283E+02    6.3549001978E-02
    2.3319995000E-03    1.0250602440E+00   -4.7034908042E-01   -1.1815861297E+02    6.3522748402E-02
    2.3329995000E-03    1.0440978538E+00   -4.6619194308E-01   -1.1821555382E+02    6.3518434985E-02
    2.3339995000E-03    1.0625928980E+00   -4.6056273440E-01   -1.1827152715E+02    6.3538662905E-02
    2.3349995000E-03    1.0804592743E+00   -4.5351139620E-01   -1.1832653380E+02    6.3584986697E-02
    2.3359995000E-03    1.0976234067E+00   -4.4509592865E-01   -1.1838057482E+02    6.3657890667E-02
    2.3369995000E-03    1.1140259948E+00   -4.3537915276E-01   -1.1843365248E+02    6.3756997672E-02
    2.3379995000E-03    1.1296218237E+00   -4.2442624757E-01   -1.1848577132E+02    6.3881431747E-02
    2.3389995000E-03    1.1443776449E+00   -4.1230457931E-01   -1.1853693908E+02    6.4030185759E-02
    2.3399995000E-03    1.1582705793E+00   -3.9908269282E-01   -1.1858716648E+02    6.4202350695E-02
    2.3409995000E-03    1.1712877870E+00   -3.8482608431E-01   -1.1863646547E+02    6.4397156732E-02
    2.3419995000E-03    1.1834238528E+00   -3.6959822703E-01   -1.1868484892E+02    6.4613860677E-02
    2.3429995000E-03    1.1946800747E+00   -3.5345844574E-01   -1.1873232953E+02    6.4851565958E-02
    2.3439995000E-03    1.2050633549E+00   -3.3646186944E-01   -1.1877891961E+02    6.5109093144E-02
    2.3449995000E-03    1.2145830426E+00   -3.1867044308E-01   -1.1882463462E+02    6.5384925468E-02
    2.3459995000E-03    1.2232553673E+00   -3.0013671725E-01   -1.1886948829E+02    6.5677257550E-02
    2.3469995000E-03    1.2311005026E+00   -2.8091380036E-01   -1.1891349586E+02    6.5984074022E-02
    2.3479995000E-03    1.2381425423E+00   -2.6105623253E-01   -1.1895667460E+02    6.6303113067E-02
    2.3489995000E-03    1.2444093166E+00   -2.4062085412E-01   -1.1899904447E+02    6.6631687151E-02
    2.3499995000E-03    1.2499322819E+00   -2.1966527814E-01   -1.1904062843E+02    6.6966366800E-02
    2.3509995000E-03    1.2547457592E+00   -1.9824849168E-01   -1.1908145433E+02    6.7302574602E-02
    2.3519995000E-03    1.2588860635E+00   -1.7643102705E-01   -1.1912155715E+02    6.7634270408E-02
    2.3529995000E-03    1.2623907842E+00   -1.5427007459E-01   -1.1916097981E+02    6.7953869411E-02
    2.3539995000E-03    1.2652972272E+00   -1.3182168341E-01   -1.1919977649E+02    6.8252490611E-02
    2.3549995000E-03    1.2676410902E+00   -1.0913976129E-01   -1.1923801430E+02    6.8520471892E-02
    2.3559995000E-03    1.2694550747E+00   -8.6274853744E-02   -1.1927577373E+02    6.8748126398E-02
    2.3569995000E-03    1.2707674584E+00   -6.3273539458E-02   -1.1931314808E+02    6.8926541959E-02
    2.3579995000E-03    1.2716007961E+00   -4.0175330727E-02   -1.1935024057E+02    6.9048291734E-02
    2.3589995000E-03    1.2719706648E+00   -1.7017843673E-02   -1.1938716358E+02    6.9107975598E-02
    2.3599995000E-03    1.2718849275E+00    6.1618374070E-03   -1.1942403557E+02    6.9102587181E-02
    2.3609995000E-03    1.2713433728E+00    2.9326855859E-02   -1.1946097704E+02    6.9031711405E-02
    2.3619995000E-03    1.2703377414E+00    5.2439561867E-02   -1.1949810658E+02    6.8897567978E-02
    2.3629995000E-03    1.2688521314E+00    7.5461628018E-02   -1.1953553661E+02    6.8704891754E-02
    2.3639995000E-03    1.2668638184E+00    9.8351539619E-02   -1.1957337076E+02    6.8460619442E-02
    2.3649995000E-03    1.2643445985E+00    1.2105968482E-01   -1.1961170295E+02    6.8173361071E-02
    2.3659995000E-03    1.2612620430E+00    1.4353366406E-01   -1.1965061372E+02    6.7852664820E-02
    2.3669995000E-03    1.2575810283E+00    1.6571698748E-01   -1.1969017046E+02    6.7508177792E-02
    2.3679995000E-03    1.2532650976E+00    1.8755137565E-01   -1.1973042756E+02    6.7148849659E-02
    2.3689995000E-03    1.2482780391E+00    2.0897514227E-01   -1.1977142917E+02    6.6782374266E-02
    2.3699995000E-03    1.2425849523E+00    2.2992658035E-01   -1.1981321044E+02    6.6414926948E-02
    2.3709995000E-03    1.2361532785E+00    2.5034459893E-01   -1.1985579994E+02    6.6051247614E-02
    2.3719995000E-03    1.2289540237E+00    2.7016691656E-01   -1.1989922240E+02    6.5694968556E-02
    2.3729995000E-03    1.2209614639E+00    2.8933628142E-01   -1.1994349824E+02    6.5348992601E-02
    2.3739995000E-03    1.2121536818E+00    3.0779769439E-01   -1.1998864524E+02    6.5015806059E-02
    2.3749995000E-03    1.2025137713E+00    3.2549333109E-01   -1.2003468061E+02    6.4697649732E-02
    2.3759995000E-03    1.1920299219E+00    3.4236364151E-01   -1.2008162083E+02    6.4396502005E-02
    2.3769995000E-03    1.1806934858E+00    3.5835389084E-01   -1.2012947975E+02    6.4114034844E-02
    2.3779995000E-03    1.1685015620E+00    3.7340417768E-01   -1.2017827175E+02    6.3851576613E-02
    2.3789995000E-03    1.1554569523E+00    3.8745192909E-01   -1.2022801093E+02    6.3610172000E-02
    2.3799995000E-03    1.1415700537E+00    4.0042988607E-01   -1.2027871143E+02    6.3390718565E-02
    2.3809995000E-03    1.1268584139E+00    4.1227115821E-01   -1.2033038531E+02    6.3194150958E-02
    2.3819995000E-03    1.1113501339E+00    4.2290604026E-01   -1.2038304281E+02    6.3021540787E-02
    2.3829995000E-03    1.0950844993E+00    4.3226598598E-01   -1.2043669067E+02    6.2874019936E-02
    2.3839995000E-03    1.0781142264E+00    4.4028407608E-01   -1.2049133236E+02    6.2752529258E-02
    2.3849995000E-03    1.0605051759E+00    4.4689901840E-01   -1.2054696793E+02    6.2657474988E-02
    2.3859995000E-03    1.0423362789E+00    4.5205701757E-01   -1.2060359533E+02    6.2588413402E-02
    2.3869995000E-03    1.0236994906E+00    4.5571254145E-01   -1.2066121239E+02    6.2543892647E-02
    2.3879995000E-03    1.0046960839E+00    4.5783197086E-01   -1.2071981742E+02    6.2521526386E-02
    2.3889995000E-03    9.8543110628E-01    4.5839661970E-01   -1.2077940904E+02    6.2518256406E-02
    2.3899995000E-03    9.6600960000E-01    4.5740224412E-01   -1.2083998599E+02    6.2530695202E-02
    2.3909995000E-03    9.4653493886E-01    4.5485660501E-01   -1.2090154697E+02    6.2555452647E-02
    2.3919995000E-03    9.2710910557E-01    4.5077648776E-01   -1.2096409029E+02    6.2589386130E-02
    2.3929995000E-03    9.0783339386E-01    4.4518571850E-01   -1.2102761321E+02    6.2629741196E-02
    2.3939995000E-03    8.8880692694E-01    4.3811526490E-01   -1.2109211037E+02    6.2674170209E-02
    2.3949995000E-03    8.7012462333E-01    4.2960351170E-01   -1.2115757225E+02    6.2720636345E-02
    2.3959995000E-03    8.5187701180E-01    4.1969546691E-01   -1.2122398449E+02    6.2767236364E-02
    2.3969995000E-03    8.3415233757E-01    4.0844134934E-01   -1.2129132797E+02    6.2812006546E-02
    2.3979995000E-03    8.1703956481E-01    3.9589562997E-01   -1.2135957897E+02    6.2852791005E-02
    2.3989995000E-03    8.0063012391E-01    3.8211721470E-01   -1.2142870850E+02    6.2887233066E-02
    2.3999995000E-03    7.8501746197E-01    3.6717045821E-01   -1.2149868058E+02    6.2912898703E-02
    2.4009995000E-03    7.7029541191E-01    3.5112610584E-01   -1.2156945016E+02    6.2927479597E-02
    2.4019995000E-03    7.5655725417E-01    3.3406152982E-01   -1.2164096173E+02    6.2928989376E-02
    2.4029995000E-03    7.4389441582E-01    3.1606058594E-01   -1.2171314867E+02    6.2915885723E-02
    2.4039995000E-03    7.3239375742E-01    2.9721320079E-01   -1.2178593360E+02    6.2887107814E-02
    2.4049995000E-03    7.2213355269E-01    2.7761457890E-01   -1.2185922927E+02    6.2842062756E-02
    2.4059995000E-03    7.1317946858E-01    2.5736396304E-01   -1.2193294013E+02    6.2780586162E-02
    2.4069995000E-03    7.0558403351E-01    2.3656311516E-01   -1.2200696456E+02    6.2702857463E-02
    2.4079995000E-03    6.9938862129E-01    2.1531519789E-01   -1.2208119687E+02    6.2609233158E-02
    2.4089995000E-03    6.9462263868E-01    1.9372414011E-01   -1.2215552816E+02    6.2500006726E-02
    2.4099995000E-03    6.9129150450E-01    1.7189319607E-01   -1.2222984554E+02    6.2375171525E-02
    2.4109995000E-03    6.8937810833E-01    1.4992312291E-01   -1.2230403493E+02    6.2234295764E-02
    2.4119995000E-03    6.8886308864E-01    1.2791312904E-01   -1.2237798604E+02    6.2076671698E-02
    2.4129995000E-03    6.8971857254E-01    1.0596097496E-01   -1.2245159292E+02    6.1901812581E-02
    2.4139995000E-03    6.9189086086E-01    8.4159923607E-02   -1.2252475534E+02    6.1710012905E-02
    2.4149995000E-03    6.9531757145E-01    6.2599452433E-02   -1.2259738340E+02    6.1502640277E-02
    2.4159995000E-03    6.9992165720E-01    4.1362879584E-02   -1.2266939917E+02    6.1282083608E-02
    2.4169995000E-03    7.0561392800E-01    2.0525724423E-02   -1.2274073841E+02    6.1051288858E-02
    2.4179995000E-03    7.1231409192E-01    1.5940274814E-04   -1.2281135029E+02    6.0813117139E-02
    2.4189995000E-03    7.1993553800E-01   -1.9672564091E-02   -1.2288119563E+02    6.0569768007E-02
    2.4199995000E-03    7.2839380894E-01   -3.8912836448E-02   -1.2295024502E+02    6.0322372267E-02
    2.4209995000E-03    7.3761203767E-01   -5.7507991353E-02   -1.2301847603E+02    6.0071005739E-02
    2.4219995000E-03    7.4752357538E-01   -7.5406351152E-02   -1.2308587064E+02    5.9814976679E-02
    2.4229995000E-03    7.5805851686E-01   -9.2562081877E-02   -1.2315241524E+02    5.9553268247E-02
    2.4239995000E-03    7.6915154478E-01   -1.0893236036E-01   -1.2321809954E+02    5.9284976135E-02
    2.4249995000E-03    7.8074313045E-01   -1.2447638408E-01   -1.2328291592E+02    5.9009679620E-02
    2.4259995000E-03    7.9277096457E-01   -1.3915925365E-01   -1.2334686072E+02    5.8727618626E-02
    2.4269995000E-03    8.0517359836E-01   -1.5295087110E-01   -1.2340993360E+02    5.8439679265E-02
    2.4279995000E-03    8.1788884396E-01   -1.6582718073E-01   -1.2347213746E+02    5.8147224350E-02
    2.4289995000E-03    8.3085678761E-01   -1.7776882069E-01   -1.2353347708E+02    5.7851834612E-02
    2.4299995000E-03    8.4401574326E-01   -1.8876380918E-01   -1.2359395926E+02    5.7555012513E-02
    2.4309995000E-03    8.5731368267E-01   -1.9880020496E-01   -1.2365358932E+02    5.7257915755E-02
    2.4319995000E-03    8.7069196260E-01   -2.0787675834E-01   -1.2371237452E+02    5.6961233349E-02
    2.4329995000E-03    8.8408733025E-01   -2.1600339260E-01   -1.2377032406E+02    5.6665081951E-02
    2.4339995000E-03    8.9745394952E-01   -2.2318400277E-01   -1.2382744253E+02    5.6369127507E-02
    2.4349995000E-03    9.1074035760E-01   -2.2943377919E-01   -1.2388373675E+02    5.6072799132E-02
    2.4359995000E-03    9.2389631084E-01   -2.3477474290E-01   -1.2393921426E+02    5.5775545229E-02
    2.4369995000E-03    9.3687257825E-01   -2.3923656124E-01   -1.2399388396E+02    5.5477051396E-02
    2.4379995000E-03    9.4962336703E-01   -2.4285465663E-01   -1.2404775559E+02    5.5177401324E-02
    2.4389995000E-03    9.6210735265E-01   -2.4566920515E-01   -1.2410083971E+02    5.4877130982E-02
    2.4399995000E-03    9.7428426803E-01   -2.4772943051E-01   -1.2415314956E+02    5.4577091879E-02
    2.4409995000E-03    9.8612398198E-01   -2.4908277324E-01   -1.2420469756E+02    5.4278209203E-02
    2.4419995000E-03    9.9760013772E-01   -2.4978173108E-01   -1.2425549827E+02    5.3981225897E-02
    2.4429995000E-03    1.0086914615E+00   -2.4988208178E-01   -1.2430556829E+02    5.3686398521E-02
    2.4439995000E-03    1.0193832700E+00   -2.4943986923E-01   -1.2435492580E+02    5.3393337060E-02
    2.4449995000E-03    1.0296687036E+00   -2.4850756823E-01   -1.2440358968E+02    5.3101018272E-02
    2.4459995000E-03    1.0395467915E+00   -2.4713472657E-01   -1.2445157989E+02    5.2807923409E-02
    2.4469995000E-03    1.0490190934E+00   -2.4537194799E-01   -1.2449891882E+02    5.2512358079E-02
    2.4479995000E-03    1.0580917546E+00   -2.4326540941E-01   -1.2454562894E+02    5.2212812234E-02
    2.4489995000E-03    1.0667717688E+00   -2.4086225636E-01   -1.2459173401E+02    5.1908348918E-02
    2.4499995000E-03    1.0750737354E+00   -2.3819371328E-01   -1.2463725231E+02    5.1598686830E-02
    2.4509995000E-03    1.0830081045E+00   -2.3529907177E-01   -1.2468220457E+02    5.1284262339E-02
    2.4519995000E-03    1.0905880117E+00   -2.3220968111E-01   -1.2472660766E+02    5.0966049136E-02
    2.4529995000E-03    1.0978298660E+00   -2.2894458486E-01   -1.2477047311E+02    5.0645156379E-02
    2.4539995000E-03    1.1047425669E+00   -2.2554037501E-01   -1.2481381754E+02    5.0322468382E-02
    2.4549995000E-03    1.1113409158E+00   -2.2201331728E-01   -1.2485665088E+02    4.9998429111E-02
    2.4559995000E-03    1.1176383703E+00   -2.1837781171E-01   -1.2489898327E+02    4.9672900624E-02
    2.4569995000E-03    1.1236475416E+00   -2.1464395995E-01   -1.2494082503E+02    4.9345394676E-02
    2.4579995000E-03    1.1293772956E+00   -2.1082816649E-01   -1.2498219052E+02    4.9015355597E-02
    2.4589995000E-03    1.1348368282E+00   -2.0693784033E-01   -1.2502309335E+02    4.8682379777E-02
    2.4599995000E-03    1.1400328366E+00   -2.0298163710E-01   -1.2506354918E+02    4.8346540459E-02
    2.4609995000E-03    1.1449681068E+00   -1.9897912812E-01   -1.2510357848E+02    4.8008356514E-02
    2.4619995000E-03    1.1496509669E+00   -1.9491315050E-01   -1.2514318984E+02    4.7668682601E-02
    2.4629995000E-03    1.1540823450E+00   -1.9079697673E-01   -1.2518240228E+02    4.7328631179E-02
    2.4639995000E-03    1.1582648173E+00   -1.8663108565E-01   -1.2522123056E+02    4.6989364484E-02
    2.4649995000E-03    1.1622013138E+00   -1.8241019864E-01   -1.2525968762E+02    4.6651981192E-02
    2.4659995000E-03    1.1658927214E+00   -1.7814305693E-01   -1.2529779172E+02    4.6317767626E-02
    2.4669995000E-03    1.1693432966E+00   -1.7381476959E-01   -1.2533555366E+02    4.5988127221E-02
    2.4679995000E-03    1.1725563875E+00   -1.6941929728E-01   -1.2537298841E+02    4.5664577517E-02
    2.4689995000E-03    1.1755363038E+00   -1.6494599818E-01   -1.2541011054E+02    4.5348866097E-02
    2.4699995000E-03    1.1782874981E+00   -1.6038907406E-01   -1.2544693756E+02    4.5042741279E-02
    2.4709995000E-03    1.1808154993E+00   -1.5573771064E-01   -1.2548348638E+02    4.4747915736E-02
    2.4719995000E-03    1.1831260891E+00   -1.5098421599E-01   -1.2551977587E+02    4.4466007236E-02
    2.4729995000E-03    1.1852253049E+00   -1.4612461514E-01   -1.2555582674E+02    4.4198403788E-02
    2.4739995000E-03    1.1871199026E+00   -1.4114668355E-01   -1.2559165707E+02    4.3946199678E-02
    2.4749995000E-03    1.1888162425E+00   -1.3604540119E-01   -1.2562728733E+02    4.3710162142E-02
    2.4759995000E-03    1.1903205099E+00   -1.3081836680E-01   -1.2566273870E+02    4.3490687602E-02
    2.4769995000E-03    1.1916386339E+00   -1.2546177831E-01   -1.2569803179E+02    4.3287792802E-02
    2.4779995000E-03    1.1927759828E+00   -1.1997418995E-01   -1.2573318808E+02    4.3101143895E-02
    2.4789995000E-03    1.1937372413E+00   -1.1435513111E-01   -1.2576822972E+02    4.2930120326E-02
    2.4799995000E-03    1.1945262998E+00   -1.0860666574E-01   -1.2580318041E+02    4.2773917657E-02
    2.4809995000E-03    1.1951462279E+00   -1.0273377080E-01   -1.2583806576E+02    4.2631706971E-02
    2.4819995000E-03    1.1955991313E+00   -9.6741277558E-02   -1.2587291223E+02    4.2502785736E-02
    2.4829995001E-03    1.1958860732E+00   -9.0634298902E-02   -1.2590774724E+02    4.2386681706E-02
    2.4839995001E-03    1.1960072067E+00   -8.4420149918E-02   -1.2594259961E+02    4.2283201124E-02
    2.4849995001E-03    1.1959618199E+00   -7.8107144378E-02   -1.2597749885E+02    4.2192405115E-02
    2.4859995001E-03    1.1957483382E+00   -7.1703430909E-02   -1.2601247448E+02    4.2114528915E-02
    2.4869995001E-03    1.1953644416E+00   -6.5217286939E-02   -1.2604755584E+02    4.2049866573E-02
    2.4879995001E-03    1.1948072739E+00   -5.8657816638E-02   -1.2608277219E+02    4.1998644441E-02
    2.4889995001E-03    1.1940735592E+00   -5.2034665648E-02   -1.2611815246E+02    4.1960905972E-02
    2.4899995001E-03    1.1931596318E+00   -4.5357464527E-02   -1.2615372501E+02    4.1936433591E-02
    2.4909995001E-03    1.1920614613E+00   -3.8635669025E-02   -1.2618951765E+02    4.1924717535E-02
    2.4919995001E-03    1.1907747043E+00   -3.1878780069E-02   -1.2622555765E+02    4.1924966073E-02
    2.4929995001E-03    1.1892947719E+00   -2.5096689105E-02   -1.2626187195E+02    4.1936143439E-02
    2.4939995001E-03    1.1876168712E+00   -1.8299878537E-02   -1.2629848723E+02    4.1957020569E-02
    2.4949995001E-03    1.1857359901E+00   -1.1499375212E-02   -1.2633542984E+02    4.1986226600E-02
    2.4959995001E-03    1.1836468316E+00   -4.7065569019E-03   -1.2637272572E+02    4.2022293661E-02
    2.4969995001E-03    1.1813437337E+00    2.0669977679E-03   -1.2641040029E+02    4.2063692175E-02
    2.4979995001E-03    1.1788206157E+00    8.8094927469E-03   -1.2644847839E+02    4.2108858300E-02
    2.4989995001E-03    1.1760709551E+00    1.5508768707E-02   -1.2648698421E+02    4.2156218651E-02
    2.4999995001E-03    1.1730877383E+00    2.2152250447E-02   -1.2652594130E+02    4.2204218887E-02
