 sig=    1.000000000000000      inputfile=
 /home/rjrj524/Finished/vmec_gc_tracer/revised_251128/nc/wout_pwO_nfp2_A6.nc                                                                                                                             
 dt=   5.0000000000000003E-010
 steps=      5000000
 x0=   5.4800000000000001E-002    0.000000000000000      
    6.410000000000000     
 u=    72300.00000000000     
 v_perp=    81300.00000000000     
 
time(s)         x0(1)       x0(2)        x0(3)      r
    9.9950000000E-07    1.1845965462E+00   -6.7004053512E-02    6.4648733395E+00    5.4569924859E-02
    1.9995000000E-06    1.1824964487E+00   -7.1656955631E-02    6.5199836409E+00    5.4324892488E-02
    2.9995000000E-06    1.1800131102E+00   -7.6403831074E-02    6.5753413131E+00    5.4057544589E-02
    3.9995000000E-06    1.1771625980E+00   -8.1258723360E-02    6.6309888167E+00    5.3760307684E-02
    4.9995000000E-06    1.1739612661E+00   -8.6229610100E-02    6.6869676365E+00    5.3429737684E-02
    5.9995000000E-06    1.1704226011E+00   -9.1313383270E-02    6.7433223867E+00    5.3068125730E-02
    6.9995000000E-06    1.1665578080E+00   -9.6477508975E-02    6.8001079727E+00    5.2681819974E-02
    7.9995000000E-06    1.1623686417E+00   -1.0171037302E-01    6.8573705666E+00    5.2277947227E-02
    8.9995000000E-06    1.1578531411E+00   -1.0697487137E-01    6.9151612022E+00    5.1862775244E-02
    9.9995000000E-06    1.1530004103E+00   -1.1224337096E-01    6.9735212557E+00    5.1442227464E-02
    1.0999500000E-05    1.1477965782E+00   -1.1746788704E-01    7.0324916183E+00    5.1023515038E-02
    1.1999500000E-05    1.1422220423E+00   -1.2260285142E-01    7.0921061892E+00    5.0615356347E-02
    1.2999500000E-05    1.1362558011E+00   -1.2759447116E-01    7.1523977131E+00    5.0226618535E-02
    1.3999500000E-05    1.1298733833E+00   -1.3239591257E-01    7.2133943753E+00    4.9864305696E-02
    1.4999500000E-05    1.1230513286E+00   -1.3695547259E-01    7.2751251840E+00    4.9532228195E-02
    1.5999500000E-05    1.1157678590E+00   -1.4121804233E-01    7.3376192163E+00    4.9231286067E-02
    1.6999500000E-05    1.1079982548E+00   -1.4513727812E-01    7.4009008543E+00    4.8960484265E-02
    1.7999500000E-05    1.0997254869E+00   -1.4864838332E-01    7.4649984529E+00    4.8718126470E-02
    1.8999500000E-05    1.0909317337E+00   -1.5169112657E-01    7.5299368042E+00    4.8502387159E-02
    1.9999500000E-05    1.0815993040E+00   -1.5420614696E-01    7.5957390813E+00    4.8311335639E-02
    2.0999500000E-05    1.0717084858E+00   -1.5613771113E-01    7.6624265688E+00    4.8142824441E-02
    2.1999500000E-05    1.0612460118E+00   -1.5741832215E-01    7.7300237601E+00    4.7994644920E-02
    2.2999500000E-05    1.0501995323E+00   -1.5798024967E-01    7.7985536326E+00    4.7864835591E-02
    2.3999500000E-05    1.0385545186E+00   -1.5775974048E-01    7.8680348461E+00    4.7751933785E-02
    2.4999500000E-05    1.0263022236E+00   -1.5668650117E-01    7.9384835586E+00    4.7655011840E-02
    2.5999500000E-05    1.0134431663E+00   -1.5468370130E-01    8.0099119225E+00    4.7573466358E-02
    2.6999500000E-05    9.9998924670E-01   -1.5167088569E-01    8.0823263882E+00    4.7506741586E-02
    2.7999500000E-05    9.8596852180E-01   -1.4756453840E-01    8.1557280491E+00    4.7454139619E-02
    2.8999500000E-05    9.7143045232E-01   -1.4227943021E-01    8.2301142272E+00    4.7414720428E-02
    2.9999500000E-05    9.5645020740E-01   -1.3573172106E-01    8.3054808000E+00    4.7387237747E-02
    3.0999500000E-05    9.4113085317E-01   -1.2784387124E-01    8.3818245645E+00    4.7370106642E-02
    3.1999500000E-05    9.2560249651E-01   -1.1855081422E-01    8.4591447927E+00    4.7361455592E-02
    3.2999500000E-05    9.1001825769E-01   -1.0780623067E-01    8.5374433668E+00    4.7359296618E-02
    3.3999500000E-05    8.9454783766E-01   -9.5587627324E-02    8.6167233706E+00    4.7361771019E-02
    3.4999500000E-05    8.7937005096E-01   -8.1899278908E-02    8.6969865890E+00    4.7367374025E-02
    3.5999500000E-05    8.6466578222E-01   -6.6772721627E-02    8.7782307862E+00    4.7375068292E-02
    3.6999500000E-05    8.5061239830E-01   -5.0265122848E-02    8.8604476494E+00    4.7384240843E-02
    3.7999500000E-05    8.3737997226E-01   -3.2456264580E-02    8.9436218223E+00    4.7394510327E-02
    3.8999500000E-05    8.2512911210E-01   -1.3444962717E-02    9.0277307428E+00    4.7405451957E-02
    3.9999500000E-05    8.1400996648E-01    6.6544429945E-03    9.1127444371E+00    4.7416374999E-02
    4.0999500000E-05    8.0416201370E-01    2.7715160364E-02    9.1986243513E+00    4.7426315146E-02
    4.1999500000E-05    7.9571420035E-01    4.9600381084E-02    9.2853208004E+00    4.7434326921E-02
    4.2999500000E-05    7.8878475678E-01    7.2164975242E-02    9.3727694808E+00    4.7439981196E-02
    4.3999500000E-05    7.8347994509E-01    9.5256490436E-02    9.4608883141E+00    4.7443798393E-02
    4.4999500000E-05    7.7989145332E-01    1.1871574159E-01    9.5495761354E+00    4.7447327884E-02
    4.5999500000E-05    7.7809288446E-01    1.4237744872E-01    9.6387141083E+00    4.7452774038E-02
    4.6999500000E-05    7.7813622401E-01    1.6607134665E-01    9.7281695208E+00    4.7462349093E-02
    4.7999500000E-05    7.8004917310E-01    1.8962395393E-01    9.8178005758E+00    4.7477685896E-02
    4.8999500000E-05    7.8383409979E-01    2.1286082427E-01    9.9074605843E+00    4.7499555305E-02
    4.9999500000E-05    7.8946898663E-01    2.3560877335E-01    9.9970006583E+00    4.7527900630E-02
    5.0999500000E-05    7.9690982102E-01    2.5769757070E-01    1.0086271136E+01    4.7562023595E-02
    5.1999500000E-05    8.0609302994E-01    2.7896104503E-01    1.0175122902E+01    4.7600743998E-02
    5.2999500000E-05    8.1693695663E-01    2.9923807640E-01    1.0263409854E+01    4.7642468330E-02
    5.3999500000E-05    8.2934280264E-01    3.1837396424E-01    1.0350992835E+01    4.7685227039E-02
    5.4999500000E-05    8.4319628011E-01    3.3622215077E-01    1.0437744159E+01    4.7726782983E-02
    5.5999500000E-05    8.5836991961E-01    3.5264604881E-01    1.0523551405E+01    4.7764851930E-02
    5.6999500000E-05    8.7472585516E-01    3.6752048214E-01    1.0608319496E+01    4.7797363970E-02
    5.7999500000E-05    8.9211910270E-01    3.8073207451E-01    1.0691970701E+01    4.7822629884E-02
    5.8999500000E-05    9.1040012061E-01    3.9217869176E-01    1.0774443221E+01    4.7839310108E-02
    5.9999500000E-05    9.2941588411E-01    4.0176861614E-01    1.0855689292E+01    4.7846187501E-02
    6.0999500000E-05    9.4900987683E-01    4.0942008628E-01    1.0935673361E+01    4.7841845067E-02
    6.1999500000E-05    9.6902185296E-01    4.1506158416E-01    1.1014370390E+01    4.7824388769E-02
    6.2999500000E-05    9.8928773230E-01    4.1863331917E-01    1.1091764198E+01    4.7791330215E-02
    6.3999500000E-05    1.0096396124E+00    4.2009050876E-01    1.1167845909E+01    4.7739690901E-02
    6.4999500000E-05    1.0299065542E+00    4.1940830919E-01    1.1242612634E+01    4.7666338792E-02
    6.5999500000E-05    1.0499181186E+00    4.1658590822E-01    1.1316066109E+01    4.7568509231E-02
    6.6999500000E-05    1.0695115297E+00    4.1164611151E-01    1.1388211005E+01    4.7444366524E-02
    6.7999500000E-05    1.0885358276E+00    4.0463570399E-01    1.1459055326E+01    4.7293370805E-02
    6.8999500000E-05    1.1068544643E+00    3.9562528165E-01    1.1528612274E+01    4.7116253327E-02
    6.9999500000E-05    1.1243518546E+00    3.8469817246E-01    1.1596899561E+01    4.6914586663E-02
    7.0999500000E-05    1.1409286422E+00    3.7195426505E-01    1.1663943047E+01    4.6690123871E-02
    7.1999500000E-05    1.1565028602E+00    3.5750438634E-01    1.1729776173E+01    4.6444330187E-02
    7.2999500000E-05    1.1710180263E+00    3.4144240039E-01    1.1794430909E+01    4.6178314645E-02
    7.3999500000E-05    1.1844307459E+00    3.2386448740E-01    1.1857942758E+01    4.5893080749E-02
    7.4999500000E-05    1.1967110265E+00    3.0486647778E-01    1.1920348910E+01    4.5589952039E-02
    7.5999500000E-05    1.2078444484E+00    2.8453242937E-01    1.1981684044E+01    4.5270848779E-02
    7.6999500000E-05    1.2178297032E+00    2.6293638587E-01    1.2041980685E+01    4.4938355026E-02
    7.7999500000E-05    1.2266728487E+00    2.4016894270E-01    1.2101278177E+01    4.4595829699E-02
    7.8999500000E-05    1.2343927582E+00    2.1631461681E-01    1.2159616059E+01    4.4247603450E-02
    7.9999500000E-05    1.2410187260E+00    1.9145877477E-01    1.2217037507E+01    4.3899478138E-02
    8.0999500000E-05    1.2465883609E+00    1.6569643346E-01    1.2273594729E+01    4.3559463793E-02
    8.1999500000E-05    1.2511462894E+00    1.3912957465E-01    1.2329351939E+01    4.3238245366E-02
    8.2999500000E-05    1.2547411678E+00    1.1186544116E-01    1.2384389480E+01    4.2949177158E-02
    8.3999500000E-05    1.2574204821E+00    8.4037939183E-02    1.2438816657E+01    4.2707480516E-02
    8.4999500000E-05    1.2592275563E+00    5.5791099432E-02    1.2492768743E+01    4.2528575561E-02
    8.5999500000E-05    1.2601968503E+00    2.7267352744E-02    1.2546402102E+01    4.2425750890E-02
    8.6999500000E-05    1.2603493088E+00   -1.3835780965E-03    1.2599893053E+01    4.2407861218E-02
    8.7999500000E-05    1.2596899280E+00   -3.0009561515E-02    1.2653427679E+01    4.2477611223E-02
    8.8999500000E-05    1.2582071761E+00   -5.8458362482E-02    1.2707190409E+01    4.2631008512E-02
    8.9999500000E-05    1.2558744575E+00   -8.6582109021E-02    1.2761352162E+01    4.2858187202E-02
    9.0999500000E-05    1.2526536658E+00   -1.1423417193E-01    1.2816064229E+01    4.3145322378E-02
    9.1999500000E-05    1.2485004114E+00   -1.4126714535E-01    1.2871455681E+01    4.3477073728E-02
    9.2999500000E-05    1.2433672489E+00   -1.6756075022E-01    1.2927623853E+01    4.3838827014E-02
    9.3999500000E-05    1.2372092136E+00   -1.9299967749E-01    1.2984646588E+01    4.4218119474E-02
    9.4999500000E-05    1.2299868900E+00   -2.1748031841E-01    1.3042584703E+01    4.4605174782E-02
    9.5999500000E-05    1.2216683611E+00   -2.4091107221E-01    1.3101486637E+01    4.4992736431E-02
    9.6999500000E-05    1.2122325668E+00   -2.6319801689E-01    1.3161396644E+01    4.5375353359E-02
    9.7999500000E-05    1.2016710223E+00   -2.8424420854E-01    1.3222356719E+01    4.5748770886E-02
    9.8999500000E-05    1.1899808512E+00   -3.0397938899E-01    1.3284398196E+01    4.6109558039E-02
    9.9999500000E-05    1.1771769754E+00   -3.2230577067E-01    1.3347559657E+01    4.6454958078E-02
    1.0099950000E-04    1.1632864498E+00   -3.3912888608E-01    1.3411876934E+01    4.6782877145E-02
    1.0199950000E-04    1.1483491410E+00   -3.5435487736E-01    1.3477383860E+01    4.7091691593E-02
    1.0299950000E-04    1.1324246741E+00   -3.6787650508E-01    1.3544115831E+01    4.7379872880E-02
    1.0399950000E-04    1.1155865079E+00   -3.7959513498E-01    1.3612101773E+01    4.7645661503E-02
    1.0499950000E-04    1.0979294264E+00   -3.8940977005E-01    1.3681366858E+01    4.7886967065E-02
    1.0599950000E-04    1.0795651999E+00   -3.9723319904E-01    1.3751928022E+01    4.8101668578E-02
    1.0699950000E-04    1.0606293776E+00   -4.0298621751E-01    1.3823797400E+01    4.8288223962E-02
    1.0799950000E-04    1.0412671317E+00   -4.0662146356E-01    1.3896977912E+01    4.8446202365E-02
    1.0899950000E-04    1.0216371510E+00   -4.0811367626E-01    1.3971468352E+01    4.8576451733E-02
    1.0999950000E-04    1.0019105998E+00   -4.0745803705E-01    1.4047264890E+01    4.8680891247E-02
    1.1099950000E-04    9.8225980713E-01   -4.0467673489E-01    1.4124358426E+01    4.8762009514E-02
    1.1199950000E-04    9.6285595635E-01   -3.9981320910E-01    1.4202734259E+01    4.8822347741E-02
    1.1299950000E-04    9.4386831889E-01   -3.9292682853E-01    1.4282371032E+01    4.8864153153E-02
    1.1399950000E-04    9.2546210177E-01   -3.8409054467E-01    1.4363238737E+01    4.8889245147E-02
    1.1499950000E-04    9.0779760573E-01   -3.7338891861E-01    1.4445296923E+01    4.8899070836E-02
    1.1599950000E-04    8.9103030575E-01   -3.6091694714E-01    1.4528493008E+01    4.8894891407E-02
    1.1699950000E-04    8.7531050231E-01   -3.4678008508E-01    1.4612760489E+01    4.8878018198E-02
    1.1799950000E-04    8.6078173488E-01   -3.3109498465E-01    1.4698017256E+01    4.8850004906E-02
    1.1899950000E-04    8.4757829762E-01   -3.1398995055E-01    1.4784164714E+01    4.8812717187E-02
    1.1999950000E-04    8.3582263493E-01   -2.9560446336E-01    1.4871088461E+01    4.8768255085E-02
    1.2099950000E-04    8.2562296186E-01   -2.7608783647E-01    1.4958660788E+01    4.8718773552E-02
    1.2199950000E-04    8.1707112307E-01   -2.5559743303E-01    1.5046744589E+01    4.8666281269E-02
    1.2299950000E-04    8.1024094655E-01   -2.3429681347E-01    1.5135197684E+01    4.8612471111E-02
    1.2399950000E-04    8.0518764226E-01   -2.1235403923E-01    1.5223876453E+01    4.8558579164E-02
    1.2499950000E-04    8.0194827097E-01   -1.8994032428E-01    1.5312638044E+01    4.8505249004E-02
    1.2599950000E-04    8.0054099271E-01   -1.6722918051E-01    1.5401341369E+01    4.8452426221E-02
    1.2699950000E-04    8.0096296784E-01   -1.4439551820E-01    1.5489848177E+01    4.8399377517E-02
    1.2799950000E-04    8.0318877875E-01   -1.2161429737E-01    1.5578025415E+01    4.8344934742E-02
    1.2899950000E-04    8.0717068597E-01   -9.9058888502E-02    1.5665749058E+01    4.8287956208E-02
    1.2999950000E-04    8.1284137125E-01   -7.6899583146E-02    1.5752908329E+01    4.8227826358E-02
    1.3099950000E-04    8.2011766646E-01   -5.5302574472E-02    1.5839408737E+01    4.8164724912E-02
    1.3199950000E-04    8.2890120720E-01   -3.4428908541E-02    1.5925173081E+01    4.8099495768E-02
    1.3299950000E-04    8.3907747535E-01   -1.4432884585E-02    1.6010140357E+01    4.8033170716E-02
    1.3399950000E-04    8.5051516665E-01    4.5401135509E-03    1.6094263122E+01    4.7966400899E-02
    1.3499950000E-04    8.6306774436E-01    2.2355892268E-02    1.6177504179E+01    4.7899089794E-02
    1.3599950000E-04    8.7657641230E-01    3.8893685197E-02    1.6259833583E+01    4.7830389688E-02
    1.3699950000E-04    8.9087025886E-01    5.4049752556E-02    1.6341227292E+01    4.7759028683E-02
    1.3799950000E-04    9.0576566520E-01    6.7742533862E-02    1.6421667220E+01    4.7683830008E-02
    1.3899950000E-04    9.2106852054E-01    7.9918013571E-02    1.6501141402E+01    4.7604277697E-02
    1.3999950000E-04    9.3658216315E-01    9.0552632763E-02    1.6579642763E+01    4.7520978832E-02
    1.4099950000E-04    9.5211677934E-01    9.9653700036E-02    1.6657166991E+01    4.7435846746E-02
    1.4199950000E-04    9.6749687125E-01    1.0725830456E-01    1.6733710714E+01    4.7351876906E-02
    1.4299950000E-04    9.8256766902E-01    1.1343017180E-01    1.6809270389E+01    4.7272568695E-02
    1.4399950000E-04    9.9720020540E-01    1.1825436670E-01    1.6883842132E+01    4.7201242355E-02
    1.4499950000E-04    1.0112955730E+00    1.2182920787E-01    1.6957422011E+01    4.7140543124E-02
    1.4599950000E-04    1.0247847638E+00    1.2425875182E-01    1.7030007371E+01    4.7092308896E-02
    1.4699950000E-04    1.0376250271E+00    1.2564716793E-01    1.7101598830E+01    4.7057791713E-02
    1.4799950000E-04    1.0497948881E+00    1.2609492676E-01    1.7172202146E+01    4.7038034475E-02
    1.4899950000E-04    1.0612894114E+00    1.2569621599E-01    1.7241829245E+01    4.7034144885E-02
    1.4999950000E-04    1.0721166758E+00    1.2453656769E-01    1.7310497811E+01    4.7047330295E-02
    1.5099950000E-04    1.0822949336E+00    1.2269084026E-01    1.7378229638E+01    4.7078775536E-02
    1.5199950000E-04    1.0918490608E+00    1.2022337605E-01    1.7445048835E+01    4.7129577885E-02
    1.5299950000E-04    1.1008063301E+00    1.1719107474E-01    1.7510980817E+01    4.7200867971E-02
    1.5399950000E-04    1.1091936577E+00    1.1364638621E-01    1.7576051602E+01    4.7294015788E-02
    1.5499950000E-04    1.1170377206E+00    1.0963659656E-01    1.7640286405E+01    4.7410673705E-02
    1.5599950000E-04    1.1243652155E+00    1.0520302722E-01    1.7703708669E+01    4.7552495567E-02
    1.5699950000E-04    1.1312007881E+00    1.0038604854E-01    1.7766341523E+01    4.7720672596E-02
    1.5799950000E-04    1.1375665754E+00    9.5228126595E-02    1.7828209102E+01    4.7915644974E-02
    1.5899950000E-04    1.1434819238E+00    8.9777194791E-02    1.7889338333E+01    4.8137117718E-02
    1.5999950000E-04    1.1489697453E+00    8.4069380280E-02    1.7949753705E+01    4.8384198523E-02
    1.6099950000E-04    1.1540508789E+00    7.8144374417E-02    1.8009482677E+01    4.8655215140E-02
    1.6199950000E-04    1.1587435253E+00    7.2050869553E-02    1.8068557484E+01    4.8947295191E-02
    1.6299950000E-04    1.1630681080E+00    6.5830509328E-02    1.8127009474E+01    4.9255850593E-02
    1.6399950000E-04    1.1670455357E+00    5.9520291935E-02    1.8184870023E+01    4.9574450830E-02
    1.6499950000E-04    1.1706915392E+00    5.3176324844E-02    1.8242180164E+01    4.9895608351E-02
    1.6599950000E-04    1.1740231782E+00    4.6837189145E-02    1.8298979237E+01    5.0212036921E-02
    1.6699950000E-04    1.1770531118E+00    4.0542356526E-02    1.8355312740E+01    5.0517126744E-02
    1.6799950000E-04    1.1797889991E+00    3.4330483148E-02    1.8411231955E+01    5.0804324459E-02
    1.6899950000E-04    1.1822337884E+00    2.8231737660E-02    1.8466790035E+01    5.1065577025E-02
    1.6999950000E-04    1.1843842119E+00    2.2277839726E-02    1.8522043064E+01    5.1290523308E-02
    1.7099950000E-04    1.1862317665E+00    1.6490082870E-02    1.8577043645E+01    5.1468496650E-02
    1.7199950000E-04    1.1877623278E+00    1.0884862934E-02    1.8631842085E+01    5.1592424385E-02
    1.7299950000E-04    1.1889578818E+00    5.4631258212E-03    1.8686483839E+01    5.1662439666E-02
    1.7399950000E-04    1.1897986833E+00    2.0846473110E-04    1.8741011344E+01    5.1686439514E-02
    1.7499950000E-04    1.1902663214E+00   -4.9139230703E-03    1.8795465991E+01    5.1676937046E-02
    1.7599950000E-04    1.1903467215E+00   -9.9527804814E-03    1.8849890368E+01    5.1645962002E-02
    1.7699950000E-04    1.1900324352E+00   -1.4964876128E-02    1.8904328624E+01    5.1600514916E-02
    1.7799950000E-04    1.1893237691E+00   -2.0008413924E-02    1.8958825258E+01    5.1540200774E-02
    1.7899950000E-04    1.1882286925E+00   -2.5134884509E-02    1.9013424101E+01    5.1457617316E-02
    1.7999950000E-04    1.1867614161E+00   -3.0384604871E-02    1.9068167283E+01    5.1341435338E-02
    1.8099950000E-04    1.1849397628E+00   -3.5783309455E-02    1.9123096104E+01    5.1181282712E-02
    1.8199950000E-04    1.1827822061E+00   -4.1336991586E-02    1.9178254608E+01    5.0972331914E-02
    1.8299950000E-04    1.1803041916E+00   -4.7043843826E-02    1.9233687945E+01    5.0717086227E-02
    1.8399950000E-04    1.1775175398E+00   -5.2879649517E-02    1.9289449267E+01    5.0423646296E-02
    1.8499950000E-04    1.1744285104E+00   -5.8816722383E-02    1.9345592977E+01    5.0101821044E-02
    1.8599950000E-04    1.1710364046E+00   -6.4831052515E-02    1.9402170296E+01    4.9760322256E-02
    1.8699950000E-04    1.1673355033E+00   -7.0887167287E-02    1.9459232112E+01    4.9406372420E-02
    1.8799950000E-04    1.1633146357E+00   -7.6946536341E-02    1.9516824284E+01    4.9046870617E-02
    1.8899950000E-04    1.1589585864E+00   -8.2965195479E-02    1.9574987991E+01    4.8689555488E-02
    1.8999950000E-04    1.1542486049E+00   -8.8899061837E-02    1.9633759218E+01    4.8342644501E-02
    1.9099950000E-04    1.1491626859E+00   -9.4708203764E-02    1.9693169153E+01    4.8013536629E-02
    1.9199950000E-04    1.1436814513E+00   -1.0033976929E-01    1.9753251577E+01    4.7707686626E-02
    1.9299950000E-04    1.1377826010E+00   -1.0575199951E-01    1.9814034971E+01    4.7428218499E-02
    1.9399950000E-04    1.1314446301E+00   -1.1089997174E-01    1.9875547443E+01    4.7176501203E-02
    1.9499950000E-04    1.1246481104E+00   -1.1573301616E-01    1.9937817212E+01    4.6952873979E-02
    1.9599950000E-04    1.1173717431E+00   -1.2020532495E-01    2.0000869119E+01    4.6757029880E-02
    1.9699950000E-04    1.1095950641E+00   -1.2426773458E-01    2.0064727882E+01    4.6588174960E-02
    1.9799950000E-04    1.1012963556E+00   -1.2787227863E-01    2.0129417115E+01    4.6444911460E-02
    1.9899950000E-04    1.0924513476E+00   -1.3097300650E-01    2.0194959595E+01    4.6325326461E-02
    1.9999950000E-04    1.0830367143E+00   -1.3351787542E-01    2.0261379823E+01    4.6227437391E-02
    2.0099950000E-04    1.0730292496E+00   -1.3545066802E-01    2.0328702601E+01    4.6149560446E-02
    2.0199950000E-04    1.0624066391E+00   -1.3671037684E-01    2.0396951983E+01    4.6090410710E-02
    2.0299950000E-04    1.0511498573E+00   -1.3722939270E-01    2.0466150203E+01    4.6048948386E-02
    2.0399950000E-04    1.0392459629E+00   -1.3693279130E-01    2.0536316071E+01    4.6024163131E-02
    2.0499950000E-04    1.0266914951E+00   -1.3573822628E-01    2.0607463431E+01    4.6014984698E-02
    2.0599950000E-04    1.0134967842E+00   -1.3355617902E-01    2.0679600413E+01    4.6020311559E-02
    2.0699950000E-04    9.9969086502E-01   -1.3029121732E-01    2.0752729766E+01    4.6039000187E-02
    2.0799950000E-04    9.8532611938E-01   -1.2584505754E-01    2.0826850138E+01    4.6069708332E-02
    2.0899950000E-04    9.7048195410E-01   -1.2012136796E-01    2.0901957987E+01    4.6110661439E-02
    2.0999950000E-04    9.5526662762E-01   -1.1303194678E-01    2.0978049524E+01    4.6159532513E-02
    2.1099950000E-04    9.3981642019E-01   -1.0450356517E-01    2.1055122017E+01    4.6213588581E-02
    2.1199950000E-04    9.2429180386E-01   -9.4484494961E-02    2.1133173961E+01    4.6270095470E-02
    2.1299950000E-04    9.0887101493E-01   -8.2949666257E-02    2.1212203962E+01    4.6326807111E-02
    2.1399950000E-04    8.9374202088E-01   -6.9903665810E-02    2.1292208672E+01    4.6382314752E-02
    2.1499950000E-04    8.7909411255E-01   -5.5381244069E-02    2.1373180518E+01    4.6436122427E-02
    2.1599950000E-04    8.6511146105E-01   -3.9445089146E-02    2.1455106210E+01    4.6488460540E-02
    2.1699950000E-04    8.5197015414E-01   -2.2181613553E-02    2.1537966401E+01    4.6539936345E-02
    2.1799950000E-04    8.3983595822E-01   -3.6968305755E-03    2.1621735537E+01    4.6591122121E-02
    2.1899950000E-04    8.2886099508E-01    1.5886982930E-02    2.1706381048E+01    4.6642190248E-02
    2.1999950000E-04    8.1918059165E-01    3.6434359459E-02    2.1791861676E+01    4.6692736299E-02
    2.2099950000E-04    8.1091398153E-01    5.7799986351E-02    2.1878125204E+01    4.6741910346E-02
    2.2199950000E-04    8.0417138587E-01    7.9831754401E-02    2.1965105902E+01    4.6788847656E-02
    2.2299950000E-04    7.9905760374E-01    1.0237156718E-01    2.2052721500E+01    4.6833195166E-02
    2.2399950000E-04    7.9566392416E-01    1.2525475396E-01    2.2140871262E+01    4.6875417519E-02
    2.2499950000E-04    7.9405662384E-01    1.4831086796E-01    2.2229437520E+01    4.6916687459E-02
    2.2599950000E-04    7.9427155856E-01    1.7136631162E-01    2.2318290382E+01    4.6958435771E-02
    2.2699950000E-04    7.9631832510E-01    1.9424717226E-01    2.2407293087E+01    4.7001832778E-02
    2.2799950000E-04    8.0018953784E-01    2.1678053132E-01    2.2496305351E+01    4.7047450901E-02
    2.2899950000E-04    8.0586513149E-01    2.3879447863E-01    2.2585184367E+01    4.7095173950E-02
    2.2999950000E-04    8.1330673086E-01    2.6011902156E-01    2.2673785548E+01    4.7144252922E-02
    2.3099950000E-04    8.2245329556E-01    2.8058805020E-01    2.2761964417E+01    4.7193393254E-02
    2.3199950000E-04    8.3322263650E-01    3.0004111143E-01    2.2849579557E+01    4.7240842200E-02
    2.3299950000E-04    8.4551606286E-01    3.1832449721E-01    2.2936496253E+01    4.7284514039E-02
    2.3399950000E-04    8.5922152762E-01    3.3529242281E-01    2.3022590459E+01    4.7322188106E-02
    2.3499950000E-04    8.7421427888E-01    3.5080892624E-01    2.3107752433E+01    4.7351750706E-02
    2.3599950000E-04    8.9035777423E-01    3.6474966864E-01    2.3191888963E+01    4.7371391585E-02
    2.3699950000E-04    9.0750664801E-01    3.7700229041E-01    2.3274923507E+01    4.7379661743E-02
    2.3799950000E-04    9.2550954217E-01    3.8746570051E-01    2.3356794871E+01    4.7375356664E-02
    2.3899950000E-04    9.4421048710E-01    3.9604933241E-01    2.3437455359E+01    4.7357272248E-02
    2.3999950000E-04    9.6344926752E-01    4.0267306194E-01    2.3516868928E+01    4.7323937594E-02
    2.4099950000E-04    9.8306173812E-01    4.0726802637E-01    2.3595009393E+01    4.7273433185E-02
    2.4199950000E-04    1.0028807254E+00    4.0977834773E-01    2.3671858589E+01    4.7203370876E-02
    2.4299950000E-04    1.0227364632E+00    4.1016501609E-01    2.3747404927E+01    4.7111074013E-02
    2.4399950000E-04    1.0424573581E+00    4.0841180384E-01    2.3821642591E+01    4.6993965780E-02
    2.4499950000E-04    1.0618757657E+00    4.0452706723E-01    2.3894570102E+01    4.6850111581E-02
    2.4599950000E-04    1.0808373465E+00    3.9853819148E-01    2.3966188107E+01    4.6678706546E-02
    2.4699950000E-04    1.0991968000E+00    3.9050122030E-01    2.4036503465E+01    4.6480198699E-02
    2.4799950000E-04    1.1168233677E+00    3.8049678391E-01    2.4105530228E+01    4.6256043316E-02
    2.4899950000E-04    1.1336084919E+00    3.6861505331E-01    2.4173287691E+01    4.6008197090E-02
    2.4999950000E-04    1.1494613739E+00    3.5495744480E-01    2.4239802602E+01    4.5738543340E-02
    2.5099950000E-04    1.1643111025E+00    3.3962525964E-01    2.4305105926E+01    4.5448635470E-02
    2.5199950000E-04    1.1781025987E+00    3.2272207821E-01    2.4369232887E+01    4.5139816312E-02
    2.5299950000E-04    1.1907986492E+00    3.0434152176E-01    2.4432218081E+01    4.4813534405E-02
    2.5399950000E-04    1.2023751383E+00    2.8457580532E-01    2.4494097310E+01    4.4471746089E-02
    2.5499950000E-04    1.2128193184E+00    2.6352201472E-01    2.4554909477E+01    4.4117071813E-02
    2.5599950000E-04    1.2221359808E+00    2.4125011915E-01    2.4614686296E+01    4.3752824024E-02
    2.5699950000E-04    1.2303357710E+00    2.1785408080E-01    2.4673469288E+01    4.3383165167E-02
    2.5799950000E-04    1.2374414410E+00    1.9342469879E-01    2.4731302153E+01    4.3013489402E-02
    2.5899950000E-04    1.2434856725E+00    1.6805457576E-01    2.4788234301E+01    4.2651000783E-02
    2.5999950000E-04    1.2485085429E+00    1.4184705994E-01    2.4844327273E+01    4.2305402487E-02
    2.6099950000E-04    1.2525555058E+00    1.1491357260E-01    2.4899658408E+01    4.1989036493E-02
    2.6199950000E-04    1.2556735510E+00    8.7377158766E-02    2.4954326979E+01    4.1716338309E-02
    2.6299950000E-04    1.2579068198E+00    5.9375708344E-02    2.5008459139E+01    4.1502424344E-02
    2.6399950000E-04    1.2592922640E+00    3.1057601080E-02    2.5062207218E+01    4.1360929140E-02
    2.6499950000E-04    1.2598554434E+00    2.5693208632E-03    2.5115741714E+01    4.1301624553E-02
    2.6599950000E-04    1.2596069385E+00   -2.5939352270E-02    2.5169245851E+01    4.1328519587E-02
    2.6699950000E-04    1.2585410163E+00   -5.4318068161E-02    2.5222904492E+01    4.1439024204E-02
    2.6799950000E-04    1.2566363331E+00   -8.2419243683E-02    2.5276892464E+01    4.1624485703E-02
    2.6899950000E-04    1.2538586898E+00   -1.1009778728E-01    2.5331366428E+01    4.1871890769E-02
    2.6999950000E-04    1.2501654880E+00   -1.3721047073E-01    2.5386460635E+01    4.2166174076E-02
    2.7099950000E-04    1.2455094982E+00   -1.6363366750E-01    2.5442280141E+01    4.2492482269E-02
    2.7199950000E-04    1.2398437929E+00   -1.8925291792E-01    2.5498907825E+01    4.2837789581E-02
    2.7299950000E-04    1.2331251913E+00   -2.1396641009E-01    2.5556407822E+01    4.3191646773E-02
    2.7399950000E-04    1.2253176463E+00   -2.3767875690E-01    2.5614832548E+01    4.3546235263E-02
    2.7499950000E-04    1.2163937210E+00   -2.6030226363E-01    2.5674225985E+01    4.3895802751E-02
    2.7599950000E-04    1.2063373371E+00   -2.8174654697E-01    2.5734629497E+01    4.4235994321E-02
    2.7699950000E-04    1.1951418905E+00   -3.0193033353E-01    2.5796079225E+01    4.4563420733E-02
    2.7799950000E-04    1.1828104604E+00   -3.2077610315E-01    2.5858608648E+01    4.4875425317E-02
    2.7899950000E-04    1.1693622688E+00   -3.3818865675E-01    2.5922255586E+01    4.5170029498E-02
    2.7999950000E-04    1.1548286246E+00   -3.5407477812E-01    2.5987055787E+01    4.5445833633E-02
    2.8099950000E-04    1.1392542322E+00   -3.6834005328E-01    2.6053043457E+01    4.5701723835E-02
    2.8199950000E-04    1.1227038994E+00   -3.8087811355E-01    2.6120253470E+01    4.5936441933E-02
    2.8299950000E-04    1.1052589762E+00   -3.9158750471E-01    2.6188715171E+01    4.6148391027E-02
    2.8399950000E-04    1.0870193348E+00   -4.0037331589E-01    2.6258451808E+01    4.6335744699E-02
    2.8499950000E-04    1.0681050245E+00   -4.0715071198E-01    2.6329480626E+01    4.6496928286E-02
    2.8599950000E-04    1.0486545991E+00   -4.1185227453E-01    2.6401813010E+01    4.6631233938E-02
    2.8699950000E-04    1.0288226236E+00   -4.1443243842E-01    2.6475455784E+01    4.6739192370E-02
    2.8799950000E-04    1.0087704208E+00   -4.1487520646E-01    2.6550410424E+01    4.6822528793E-02
    2.8899950000E-04    9.8866526122E-01   -4.1318809430E-01    2.6626674986E+01    4.6883819331E-02
    2.8999950000E-04    9.6867905734E-01   -4.0939760895E-01    2.6704244097E+01    4.6925983443E-02
    2.9099950000E-04    9.4898243305E-01   -4.0354910957E-01    2.6783106425E+01    4.6951785621E-02
    2.9199950000E-04    9.2974050322E-01   -3.9570474650E-01    2.6863242402E+01    4.6963509504E-02
    2.9299950000E-04    9.1111192803E-01   -3.8594001504E-01    2.6944622713E+01    4.6962871263E-02
    2.9399950000E-04    8.9324963079E-01   -3.7434114091E-01    2.7027207043E+01    4.6951156427E-02
    2.9499950000E-04    8.7630209474E-01   -3.6100385785E-01    2.7110942760E+01    4.6929505906E-02
    2.9599950000E-04    8.6041543835E-01   -3.4603296510E-01    2.7195763567E+01    4.6899229903E-02
    2.9699950000E-04    8.4573506830E-01   -3.2954266744E-01    2.7281588080E+01    4.6862011495E-02
    2.9799950000E-04    8.3240310135E-01   -3.1165815525E-01    2.7368318323E+01    4.6819909102E-02
    2.9899950000E-04    8.2054957935E-01   -2.9251742655E-01    2.7455839040E+01    4.6775173730E-02
    2.9999950000E-04    8.1028260587E-01   -2.7227086243E-01    2.7544019544E+01    4.6729994163E-02
    3.0099950000E-04    8.0168608977E-01   -2.5107762714E-01    2.7632718682E+01    4.6686292148E-02
    3.0199950000E-04    7.9482696143E-01   -2.2910132085E-01    2.7721790846E+01    4.6645606778E-02
    3.0299950000E-04    7.8976165174E-01   -2.0650823020E-01    2.7811089770E+01    4.6609015830E-02
    3.0399950000E-04    7.8653123343E-01   -1.8346802960E-01    2.7900469434E+01    4.6577030329E-02
    3.0499950000E-04    7.8515455194E-01   -1.6015348589E-01    2.7989784601E+01    4.6549460810E-02
    3.0599950000E-04    7.8562451949E-01   -1.3673867205E-01    2.8078892457E+01    4.6525344960E-02
    3.0699950000E-04    7.8790841693E-01   -1.1339656245E-01    2.8167655832E+01    4.6503079728E-02
    3.0799950000E-04    7.9195080830E-01   -9.0296936675E-02    2.8255947567E+01    4.6480827600E-02
    3.0899950000E-04    7.9767719217E-01   -6.7604983117E-02    2.8343654912E+01    4.6457080848E-02
    3.0999950000E-04    8.0499693345E-01   -4.5480418002E-02    2.8430682559E+01    4.6431112936E-02
    3.1099950000E-04    8.1380478769E-01   -2.4076624658E-02    2.8516953402E+01    4.6403075860E-02
    3.1199950000E-04    8.2398157405E-01   -3.5394409832E-03    2.8602406976E+01    4.6373714083E-02
    3.1299950000E-04    8.3539525889E-01    1.5994365165E-02    2.8686996353E+01    4.6343895037E-02
    3.1399950000E-04    8.4790281316E-01    3.4398755719E-02    2.8770684705E+01    4.6314232977E-02
    3.1499950000E-04    8.6135088844E-01    5.1560755540E-02    2.8853442885E+01    4.6284978958E-02
    3.1599950000E-04    8.7557548559E-01    6.7383852257E-02    2.8935248548E+01    4.6256173302E-02
    3.1699950000E-04    8.9040248199E-01    8.1792076437E-02    2.9016086172E+01    4.6227935083E-02
    3.1799950000E-04    9.0565006590E-01    9.4734034428E-02    2.9095946941E+01    4.6200748203E-02
    3.1899950000E-04    9.2113357541E-01    1.0618589858E-01    2.9174827653E+01    4.6175646326E-02
    3.1999950000E-04    9.3667240995E-01    1.1615244859E-01    2.9252728561E+01    4.6154239106E-02
    3.2099950000E-04    9.5209794466E-01    1.2466566030E-01    2.9329650753E+01    4.6138560540E-02
    3.2199950000E-04    9.6726096946E-01    1.3178091101E-01    2.9405594042E+01    4.6130785851E-02
    3.2299950000E-04    9.8203724784E-01    1.3757141833E-01    2.9480556112E+01    4.6132936493E-02
    3.2399950000E-04    9.9633032505E-01    1.4212186790E-01    2.9554533153E+01    4.6146704998E-02
    3.2499950000E-04    1.0100714502E+00    1.4552224490E-01    2.9627521644E+01    4.6173448205E-02
    3.2599950000E-04    1.0232170780E+00    1.4786271536E-01    2.9699520566E+01    4.6214280108E-02
    3.2699950000E-04    1.0357447504E+00    1.4923006219E-01    2.9770533278E+01    4.6270153994E-02
    3.2799950000E-04    1.0476482244E+00    1.4970576703E-01    2.9840568506E+01    4.6341902193E-02
    3.2899950000E-04    1.0589325167E+00    1.4936561386E-01    2.9909640329E+01    4.6430312321E-02
    3.2999950000E-04    1.0696092409E+00    1.4828078926E-01    2.9977767527E+01    4.6536321292E-02
    3.3099950000E-04    1.0796938969E+00    1.4651815234E-01    3.0044972073E+01    4.6661277350E-02
    3.3199950000E-04    1.0892058307E+00    1.4413742246E-01    3.0111276483E+01    4.6807052656E-02
    3.3299950000E-04    1.0981652339E+00    1.4119451128E-01    3.0176703485E+01    4.6975800570E-02
    3.3399950000E-04    1.1065901462E+00    1.3774782282E-01    3.0241277277E+01    4.7169568090E-02
    3.3499950000E-04    1.1145007062E+00    1.3385063586E-01    3.0305020805E+01    4.7390135243E-02
    3.3599950000E-04    1.1219159720E+00    1.2955821314E-01    3.0367958579E+01    4.7638933366E-02
    3.3699950000E-04    1.1288555123E+00    1.2492524075E-01    3.0430116544E+01    4.7917064048E-02
    3.3799950000E-04    1.1353384607E+00    1.2000925695E-01    3.0491523612E+01    4.8225072990E-02
    3.3899950000E-04    1.1413891480E+00    1.1485376087E-01    3.0552205809E+01    4.8562135374E-02
    3.3999950000E-04    1.1470297284E+00    1.0950902668E-01    3.0612192738E+01    4.8925019956E-02
    3.4099950000E-04    1.1522831663E+00    1.0402225677E-01    3.0671514069E+01    4.9307717698E-02
    3.4199950000E-04    1.1571719371E+00    9.8437444681E-02    3.0730200104E+01    4.9701991271E-02
    3.4299950000E-04    1.1617140030E+00    9.2806669325E-02    3.0788287801E+01    5.0099130507E-02
    3.4399950000E-04    1.1659254647E+00    8.7170402533E-02    3.0845815675E+01    5.0491360810E-02
    3.4499950000E-04    1.1698170734E+00    8.1565008805E-02    3.0902827663E+01    5.0871992240E-02
    3.4599950000E-04    1.1733928981E+00    7.6027493616E-02    3.0959374539E+01    5.1234231510E-02
    3.4699950000E-04    1.1766519329E+00    7.0583023566E-02    3.1015507297E+01    5.1570052358E-02
    3.4799950000E-04    1.1795869547E+00    6.5250812751E-02    3.1071276623E+01    5.1871398822E-02
    3.4899950000E-04    1.1821853102E+00    6.0041834156E-02    3.1126730435E+01    5.2133147362E-02
    3.4999950000E-04    1.1844301100E+00    5.4963333632E-02    3.1181915478E+01    5.2356086663E-02
    3.5099950000E-04    1.1863045382E+00    4.9993383171E-02    3.1236870585E+01    5.2547168882E-02
    3.5199950000E-04    1.1877934345E+00    4.5107611179E-02    3.1291638560E+01    5.2715986072E-02
    3.5299950000E-04    1.1888876502E+00    4.0261220557E-02    3.1346261171E+01    5.2870002190E-02
    3.5399950000E-04    1.1895855788E+00    3.5399510954E-02    3.1400781908E+01    5.3010781171E-02
    3.5499950000E-04    1.1898937752E+00    3.0459692014E-02    3.1455243527E+01    5.3132630608E-02
    3.5599950000E-04    1.1898260552E+00    2.5386256899E-02    3.1509689397E+01    5.3223870689E-02
    3.5699950000E-04    1.1894016748E+00    2.0132709389E-02    3.1564160875E+01    5.3270472922E-02
    3.5799950000E-04    1.1886421699E+00    1.4662141954E-02    3.1618696372E+01    5.3261080388E-02
    3.5899950000E-04    1.1875680818E+00    8.9604696403E-03    3.1673337300E+01    5.3191479508E-02
    3.5999950000E-04    1.1861966518E+00    3.0391117499E-03    3.1728131774E+01    5.3066094621E-02
    3.6099950000E-04    1.1845402081E+00   -3.0772904201E-03    3.1783132810E+01    5.2895449014E-02
    3.6199950000E-04    1.1826052563E+00   -9.3606066015E-03    3.1838395702E+01    5.2691455342E-02
    3.6299950000E-04    1.1803925340E+00   -1.5779878081E-02    3.1893976621E+01    5.2463781251E-02
    3.6399950000E-04    1.1778977463E+00   -2.2298812851E-02    3.1949931140E+01    5.2219069547E-02
    3.6499950000E-04    1.1751118557E+00   -2.8878822240E-02    3.2006310886E+01    5.1962409840E-02
    3.6599950000E-04    1.1720217666E+00   -3.5479636778E-02    3.2063162352E+01    5.1699189547E-02
    3.6699950000E-04    1.1686124956E+00   -4.2054893628E-02    3.2120528844E+01    5.1435730074E-02
    3.6799950000E-04    1.1648664956E+00   -4.8563582184E-02    3.2178447845E+01    5.1178494087E-02
    3.6899950000E-04    1.1607657500E+00   -5.4964048843E-02    3.2236954657E+01    5.0933103727E-02
    3.6999950000E-04    1.1562929972E+00   -6.1212325237E-02    3.2296083663E+01    5.0703875287E-02
    3.7099950000E-04    1.1514304216E+00   -6.7267653400E-02    3.2355866587E+01    5.0493964542E-02
    3.7199950000E-04    1.1461577990E+00   -7.3096124703E-02    3.2416331063E+01    5.0305737939E-02
    3.7299950000E-04    1.1404566035E+00   -7.8656420197E-02    3.2477505469E+01    5.0141045131E-02
    3.7399950000E-04    1.1343056500E+00   -8.3912518623E-02    3.2539414985E+01    5.0001062168E-02
    3.7499950000E-04    1.1276810851E+00   -8.8831235753E-02    3.2602083085E+01    4.9886057193E-02
    3.7599950000E-04    1.1205560604E+00   -9.3380812187E-02    3.2665532590E+01    4.9795419714E-02
    3.7699950000E-04    1.1129008239E+00   -9.7528550890E-02    3.2729786746E+01    4.9728044018E-02
    3.7799950000E-04    1.1046841625E+00   -1.0123652036E-01    3.2794870554E+01    4.9682802262E-02
    3.7899950000E-04    1.0958741816E+00   -1.0446007057E-01    3.2860810795E+01    4.9658753675E-02
    3.7999950000E-04    1.0864390608E+00   -1.0714726194E-01    3.2927635252E+01    4.9655010539E-02
    3.8099950000E-04    1.0763486278E+00   -1.0923762597E-01    3.2995371549E+01    4.9670495124E-02
    3.8199950000E-04    1.0655767454E+00   -1.1066057127E-01    3.3064045588E+01    4.9703883336E-02
    3.8299950000E-04    1.0541043103E+00   -1.1133413598E-01    3.3133679835E+01    4.9753805256E-02
    3.8399950000E-04    1.0419229417E+00   -1.1116452487E-01    3.3204291969E+01    4.9819098134E-02
    3.8499950000E-04    1.0290391676E+00   -1.1004715770E-01    3.3275894138E+01    4.9898840142E-02
    3.8599950000E-04    1.0154785593E+00   -1.0786984326E-01    3.3348492802E+01    4.9992060066E-02
    3.8699950000E-04    1.0012902960E+00   -1.0451713887E-01    3.3422089369E+01    5.0097248156E-02
    3.8799950000E-04    9.8655147561E-01   -9.9875969603E-02    3.3496681417E+01    5.0211921077E-02
    3.8899950000E-04    9.7136888679E-01   -9.3843174906E-02    3.3572263940E+01    5.0332490589E-02
    3.8999950000E-04    9.5587955311E-01   -8.6332480322E-02    3.3648830984E+01    5.0454605151E-02
    3.9099950000E-04    9.4025136390E-01   -7.7279625476E-02    3.3726377461E+01    5.0573939820E-02
    3.9199950000E-04    9.2467461019E-01   -6.6650135012E-02    3.3804898339E+01    5.0687140473E-02
    3.9299950000E-04    9.0934618602E-01   -5.4445804814E-02    3.3884386022E+01    5.0792512226E-02
    3.9399950000E-04    8.9446726664E-01   -4.0701019200E-02    3.3964830527E+01    5.0890176960E-02
    3.9499950000E-04    8.8023979677E-01   -2.5479299423E-02    3.4046218695E+01    5.0981661856E-02
    3.9599950000E-04    8.6685569876E-01   -8.8715268657E-03    3.4128532060E+01    5.1069125704E-02
    3.9699950000E-04    8.5448936774E-01    9.0082947514E-03    3.4211745788E+01    5.1154535361E-02
    3.9799950000E-04    8.4329841526E-01    2.8029097182E-02    3.4295828521E+01    5.1239029121E-02
    3.9899950000E-04    8.3342536678E-01    4.8047245238E-02    3.4380740925E+01    5.1322629115E-02
    3.9999950000E-04    8.2499733625E-01    6.8909309484E-02    3.4466432654E+01    5.1404403816E-02
    4.0099950000E-04    8.1812576052E-01    9.0454192054E-02    3.4552838964E+01    5.1483038920E-02
    4.0199950000E-04    8.1290517555E-01    1.1251479047E-01    3.4639878154E+01    5.1557553992E-02
    4.0299950000E-04    8.0941119738E-01    1.3491952967E-01    3.4727451121E+01    5.1627796946E-02
    4.0399950000E-04    8.0770087251E-01    1.5749386873E-01    3.4815443476E+01    5.1694474400E-02
    4.0499950000E-04    8.0781381111E-01    1.8006134158E-01    3.4903729143E+01    5.1758744494E-02
    4.0599950000E-04    8.0976824840E-01    2.0244464835E-01    3.4992174154E+01    5.1821621401E-02
    4.0699950000E-04    8.1355710350E-01    2.2446749184E-01    3.5080640054E+01    5.1883502294E-02
    4.0799950000E-04    8.1915039139E-01    2.4595617660E-01    3.5168986089E+01    5.1943996486E-02
    4.0899950000E-04    8.2650480788E-01    2.6673921375E-01    3.5257069680E+01    5.2002030157E-02
    4.0999950000E-04    8.3556548039E-01    2.8664690543E-01    3.5344746936E+01    5.2056059885E-02
    4.1099950000E-04    8.4625820649E-01    3.0551371361E-01    3.5431875677E+01    5.2104245369E-02
    4.1199950000E-04    8.5848442483E-01    3.2318222830E-01    3.5518320510E+01    5.2144564391E-02
    4.1299950000E-04    8.7212464070E-01    3.3950587044E-01    3.5603957679E+01    5.2174929556E-02
    4.1399950000E-04    8.8704612127E-01    3.5434929672E-01    3.5688678064E+01    5.2193333065E-02
    4.1499950000E-04    9.0310816569E-01    3.6758790474E-01    3.5772388382E+01    5.2197971904E-02
    4.1599950000E-04    9.2016366362E-01    3.7910761591E-01    3.5855011147E+01    5.2187282596E-02
    4.1699950000E-04    9.3805969567E-01    3.8880458118E-01    3.5936483651E+01    5.2159855587E-02
    4.1799950000E-04    9.5663812162E-01    3.9658483132E-01    3.6016756339E+01    5.2114254656E-02
    4.1899950000E-04    9.7573486426E-01    4.0236543329E-01    3.6095791275E+01    5.2048806251E-02
    4.1999950000E-04    9.9517882679E-01    4.0607773539E-01    3.6173560835E+01    5.1961454394E-02
    4.2099950000E-04    1.0147942749E+00    4.0766991467E-01    3.6250045677E+01    5.1849790049E-02
    4.2199950000E-04    1.0344066133E+00    4.0710707556E-01    3.6325231837E+01    5.1711313184E-02
    4.2299950000E-04    1.0538429335E+00    4.0437696397E-01    3.6399109927E+01    5.1543871788E-02
    4.2399950000E-04    1.0729344110E+00    3.9949541495E-01    3.6471675385E+01    5.1346192080E-02
    4.2499950000E-04    1.0915257975E+00    3.9250085037E-01    3.6542927260E+01    5.1118300087E-02
    4.2599950000E-04    1.1094769722E+00    3.8345458242E-01    3.6612870267E+01    5.0861531896E-02
    4.2699950000E-04    1.1266662022E+00    3.7243500649E-01    3.6681515799E+01    5.0578085885E-02
    4.2799950000E-04    1.1429836611E+00    3.5954874435E-01    3.6748887364E+01    5.0270406980E-02
    4.2899950000E-04    1.1583477493E+00    3.4489149992E-01    3.6815010229E+01    4.9940680565E-02
    4.2999950000E-04    1.1726919911E+00    3.2856572463E-01    3.6879915983E+01    4.9590736524E-02
    4.3099950000E-04    1.1859666025E+00    3.1067206285E-01    3.6943638882E+01    4.9222389575E-02
    4.3199950000E-04    1.1981385874E+00    2.9130202260E-01    3.7006212639E+01    4.8837776807E-02
    4.3299950000E-04    1.2091872224E+00    2.7054882956E-01    3.7067673001E+01    4.8439638115E-02
    4.3399950000E-04    1.2191036810E+00    2.4851076902E-01    3.7128059145E+01    4.8031414747E-02
    4.3499950000E-04    1.2278958916E+00    2.2526292691E-01    3.7187404622E+01    4.7617265234E-02
    4.3599950000E-04    1.2355792591E+00    2.0090175072E-01    3.7245752450E+01    4.7202368595E-02
    4.3699950000E-04    1.2421807249E+00    1.7552642465E-01    3.7303150851E+01    4.6793542201E-02
    4.3799950000E-04    1.2477375689E+00    1.4923594031E-01    3.7359654860E+01    4.6399975195E-02
    4.3899950000E-04    1.2522936440E+00    1.2214435770E-01    3.7415336188E+01    4.6033782518E-02
    4.3999950000E-04    1.2558967382E+00    9.4378351427E-02    3.7470287598E+01    4.5709619534E-02
    4.4099950000E-04    1.2585945323E+00    6.6070659275E-02    3.7524625059E+01    4.5443424398E-02
    4.4199950000E-04    1.2604288222E+00    3.7378503415E-02    3.7578497029E+01    4.5250281394E-02
    4.4299950000E-04    1.2614316787E+00    8.4566203437E-03    3.7632072333E+01    4.5141827800E-02
    4.4399950000E-04    1.2616207568E+00   -2.0541263950E-02    3.7685534291E+01    4.5124045937E-02
    4.4499950000E-04    1.2609967670E+00   -4.9459544288E-02    3.7739072128E+01    4.5196070881E-02
    4.4599950000E-04    1.2595433191E+00   -7.8144314152E-02    3.7792868671E+01    4.5350357838E-02
    4.4699950000E-04    1.2572288593E+00   -1.0644679984E-01    3.7847089560E+01    4.5574132303E-02
    4.4799950000E-04    1.2540109874E+00   -1.3421614670E-01    3.7901880012E+01    4.5851625955E-02
    4.4899950000E-04    1.2498410018E+00   -1.6131457176E-01    3.7957357307E+01    4.6166561201E-02
    4.4999950000E-04    1.2446676639E+00   -1.8762891484E-01    3.8013608814E+01    4.6504171159E-02
    4.5099950000E-04    1.2384423176E+00   -2.1305508949E-01    3.8070702654E+01    4.6852374155E-02
    4.5199950000E-04    1.2311229477E+00   -2.3749418990E-01    3.8128694072E+01    4.7202027301E-02
    4.5299950000E-04    1.2226759437E+00   -2.6085739969E-01    3.8187628194E+01    4.7546636594E-02
    4.5399950000E-04    1.2130769042E+00   -2.8306449588E-01    3.8247543557E+01    4.7881481255E-02
    4.5499950000E-04    1.2023145463E+00   -3.0402643338E-01    3.8308479433E+01    4.8202972860E-02
    4.5599950000E-04    1.1903850431E+00   -3.2367139071E-01    3.8370468047E+01    4.8508325303E-02
    4.5699950000E-04    1.1772976100E+00   -3.4191732304E-01    3.8433543948E+01    4.8795431283E-02
    4.5799950000E-04    1.1630757296E+00   -3.5867310137E-01    3.8497743610E+01    4.9062843806E-02
    4.5899950000E-04    1.1477558900E+00   -3.7384602953E-01    3.8563102709E+01    4.9309582675E-02
    4.5999950000E-04    1.1313882626E+00   -3.8734218989E-01    3.8629655150E+01    4.9534731918E-02
    4.6099950000E-04    1.1140434663E+00   -3.9905740241E-01    3.8697434591E+01    4.9737031674E-02
    4.6199950000E-04    1.0958119463E+00   -4.0888898982E-01    3.8766469987E+01    4.9914834423E-02
    4.6299950000E-04    1.0768012306E+00   -4.1674734461E-01    3.8836782580E+01    5.0066450168E-02
    4.6399950000E-04    1.0571408653E+00   -4.2255305737E-01    3.8908388881E+01    5.0190809434E-02
    4.6499950000E-04    1.0369776489E+00   -4.2624766652E-01    3.8981300291E+01    5.0288073219E-02
    4.6599950000E-04    1.0164723027E+00   -4.2779655897E-01    3.9055524786E+01    5.0359839577E-02
    4.6699950000E-04    9.9579520411E-01   -4.2718950650E-01    3.9131067827E+01    5.0408881323E-02
    4.6799950000E-04    9.7511922966E-01   -4.2444137043E-01    3.9207931191E+01    5.0438581172E-02
    4.6899950000E-04    9.5461526899E-01   -4.1958861251E-01    3.9286111610E+01    5.0452328167E-02
    4.6999950000E-04    9.3445037858E-01   -4.1268448644E-01    3.9365599219E+01    5.0453072954E-02
    4.7099950000E-04    9.1478718057E-01   -4.0379530973E-01    3.9446375798E+01    5.0443128402E-02
    4.7199950000E-04    8.9578395267E-01   -3.9299826944E-01    3.9528413049E+01    5.0424223147E-02
    4.7299950000E-04    8.7759533254E-01   -3.8038046718E-01    3.9611671038E+01    5.0397755868E-02
    4.7399950000E-04    8.6037307570E-01   -3.6603898349E-01    3.9696096548E+01    5.0365138004E-02
    4.7499950000E-04    8.4426578917E-01   -3.5008167895E-01    3.9781621151E+01    5.0328072944E-02
    4.7599950000E-04    8.2941701891E-01   -3.3262805042E-01    3.9868159250E+01    5.0288643362E-02
    4.7699950000E-04    8.1596231523E-01   -3.1380928715E-01    3.9955607036E+01    5.0249177355E-02
    4.7799950001E-04    8.0402655444E-01   -2.9376719839E-01    4.0043843343E+01    5.0211987718E-02
    4.7899950001E-04    7.9372175055E-01   -2.7265256035E-01    4.0132732570E+01    5.0179140033E-02
    4.7999950001E-04    7.8514441705E-01   -2.5062362448E-01    4.0222128911E+01    5.0152353911E-02
    4.8099950001E-04    7.7837302326E-01   -2.2784485063E-01    4.0311880769E+01    5.0133014211E-02
    4.8199950001E-04    7.7346562629E-01   -2.0448580951E-01    4.0401834202E+01    5.0122166455E-02
    4.8299950001E-04    7.7045742257E-01   -1.8071997599E-01    4.0491835037E+01    5.0120372690E-02
    4.8399950001E-04    7.6935838582E-01   -1.5672302801E-01    4.0581730386E+01    5.0127419817E-02
    4.8499950001E-04    7.7015176193E-01   -1.3267052310E-01    4.0671370868E+01    5.0142040294E-02
    4.8599950001E-04    7.7279427925E-01   -1.0873529249E-01    4.0760614370E+01    5.0161906552E-02
    4.8699950001E-04    7.7721838260E-01   -8.5085171180E-02    4.0849331030E+01    5.0184076086E-02
    4.8799950001E-04    7.8333603263E-01   -6.1881533197E-02    4.0937408009E+01    5.0205792890E-02
    4.8899950001E-04    7.9104303523E-01   -3.9278644799E-02    4.1024752321E+01    5.0225276928E-02
    4.8999950001E-04    8.0022273101E-01   -1.7423404885E-02    4.1111290741E+01    5.0242094148E-02
    4.9099950000E-04    8.1074829991E-01    3.5451242193E-03    4.1196967164E+01    5.0256948851E-02
    4.9199950000E-04    8.2248364927E-01    2.3496843717E-02    4.1281738835E+01    5.0271085931E-02
    4.9299950000E-04    8.3528338462E-01    4.2312566549E-02    4.1365573074E+01    5.0285680228E-02
    4.9399950000E-04    8.4899255488E-01    5.9886713068E-02    4.1448445436E+01    5.0301523880E-02
    4.9499950000E-04    8.6344680867E-01    7.6130550239E-02    4.1530339220E+01    5.0319093721E-02
    4.9599950000E-04    8.7847356164E-01    9.0975644893E-02    4.1611245459E+01    5.0338863494E-02
    4.9699950000E-04    8.9389472511E-01    1.0437701790E-01    4.1691162302E+01    5.0361638837E-02
    4.9799950000E-04    9.0953134084E-01    1.1631529884E-01    4.1770093183E+01    5.0388739931E-02
    4.9899950000E-04    9.2520996442E-01    1.2679716298E-01    4.1848043927E+01    5.0421966077E-02
    4.9999950000E-04    9.4076992961E-01    1.3585363400E-01    4.1925019668E+01    5.0463378682E-02
    5.0099950000E-04    9.5607005846E-01    1.4353642195E-01    4.2001022659E+01    5.0515002305E-02
    5.0199950000E-04    9.7099336972E-01    1.4991305477E-01    4.2076051766E+01    5.0578557223E-02
    5.0299950000E-04    9.8544917499E-01    1.5506160386E-01    4.2150103666E+01    5.0655302228E-02
    5.0399950000E-04    9.9937390499E-01    1.5906432215E-01    4.2223174673E+01    5.0746011053E-02
    5.0499950000E-04    1.0127296310E+00    1.6200159164E-01    4.2295262570E+01    5.0851069089E-02
    5.0599950000E-04    1.0254978488E+00    1.6395040164E-01    4.2366369017E+01    5.0970679251E-02
    5.0699950000E-04    1.0376704536E+00    1.6498821815E-01    4.2436502285E+01    5.1105171865E-02
    5.0799950000E-04    1.0492475382E+00    1.6519100516E-01    4.2505676545E+01    5.1255356424E-02
    5.0899950000E-04    1.0602374598E+00    1.6462838347E-01    4.2573909067E+01    5.1422725776E-02
    5.0999950000E-04    1.0706512460E+00    1.6336832887E-01    4.2641220096E+01    5.1609338339E-02
    5.1099950000E-04    1.0805023312E+00    1.6147630458E-01    4.2707630892E+01    5.1817479781E-02
    5.1199950000E-04    1.0898053443E+00    1.5901689336E-01    4.2773163189E+01    5.2049326634E-02
    5.1299950000E-04    1.0985743265E+00    1.5605801954E-01    4.2837840750E+01    5.2306928504E-02
    5.1399950000E-04    1.1068281047E+00    1.5265954976E-01    4.2901686179E+01    5.2592594768E-02
    5.1499950000E-04    1.1145827828E+00    1.4889014582E-01    4.2964727276E+01    5.2908748346E-02
    5.1599950000E-04    1.1218597579E+00    1.4480898708E-01    4.3026991232E+01    5.3257232208E-02
    5.1699950000E-04    1.1286826258E+00    1.4047158062E-01    4.3088505966E+01    5.3637920277E-02
    5.1799950000E-04    1.1350763131E+00    1.3593119439E-01    4.3149299768E+01    5.4047251546E-02
    5.1899950000E-04    1.1410655948E+00    1.3124090197E-01    4.3209401414E+01    5.4478043863E-02
    5.1999950000E-04    1.1466739773E+00    1.2645228443E-01    4.3268840525E+01    5.4920892233E-02
    5.2099950000E-04    1.1519212123E+00    1.2161733026E-01    4.3327650816E+01    5.5366805023E-02
    5.2199950000E-04    1.1568228887E+00    1.1678167012E-01    4.3385869933E+01    5.5808870989E-02
    5.2299950000E-04    1.1613892165E+00    1.1198207978E-01    4.3443540118E+01    5.6241973034E-02
    5.2399950000E-04    1.1656230104E+00    1.0725480370E-01    4.3500710773E+01    5.6660898250E-02
    5.2499950000E-04    1.1695221382E+00    1.0261878602E-01    4.3557429869E+01    5.7059546451E-02
    5.2599950000E-04    1.1730783441E+00    9.8081032658E-02    4.3613742969E+01    5.7432592938E-02
    5.2699950000E-04    1.1762757347E+00    9.3663724633E-02    4.3669700947E+01    5.7778527978E-02
    5.2799950000E-04    1.1790991814E+00    8.9349801595E-02    4.3725341767E+01    5.8101164219E-02
    5.2899950000E-04    1.1815340374E+00    8.5117373809E-02    4.3780704799E+01    5.8407203584E-02
    5.2999950000E-04    1.1835713081E+00    8.0927337804E-02    4.3835828973E+01    5.8701889901E-02
    5.3099950000E-04    1.1852104813E+00    7.6720885193E-02    4.3890752563E+01    5.8985245042E-02
    5.3199950000E-04    1.1864598246E+00    7.2433933536E-02    4.3945516317E+01    5.9251041885E-02
    5.3299950000E-04    1.1873361306E+00    6.7996362734E-02    4.4000159387E+01    5.9487894555E-02
    5.3399950000E-04    1.1878625773E+00    6.3342124289E-02    4.4054718629E+01    5.9681670657E-02
    5.3499950000E-04    1.1880654544E+00    5.8422321001E-02    4.4109230389E+01    5.9819477555E-02
    5.3599950000E-04    1.1879702428E+00    5.3207268384E-02    4.4163731055E+01    5.9894580414E-02
    5.3699950000E-04    1.1875980927E+00    4.7696787805E-02    4.4218263089E+01    5.9909580563E-02
    5.3799950000E-04    1.1869640121E+00    4.1913308714E-02    4.4272876110E+01    5.9875234373E-02
    5.3899950000E-04    1.1860764193E+00    3.5889326851E-02    4.4327624957E+01    5.9805224202E-02
    5.3999950000E-04    1.1849373802E+00    2.9658073035E-02    4.4382566545E+01    5.9710540102E-02
    5.4099950000E-04    1.1835430573E+00    2.3250787199E-02    4.4437756912E+01    5.9597095649E-02
    5.4199950000E-04    1.1818850958E+00    1.6703848979E-02    4.4493250975E+01    5.9467167173E-02
    5.4299950000E-04    1.1799520087E+00    1.0060005931E-02    4.4549100972E+01    5.9322405122E-02
    5.4399950000E-04    1.1777297924E+00    3.3626295051E-03    4.4605354055E+01    5.9165847619E-02
    5.4499950000E-04    1.1752035403E+00   -3.3430751396E-03    4.4662053738E+01    5.9002068150E-02
    5.4599950000E-04    1.1723581999E+00   -1.0013204657E-02    4.4719240312E+01    5.8836153921E-02
    5.4699950000E-04    1.1691788809E+00   -1.6606733025E-02    4.4776951468E+01    5.8672728625E-02
    5.4799950000E-04    1.1656519729E+00   -2.3081223732E-02    4.4835224203E+01    5.8515705600E-02
    5.4899950000E-04    1.1617630435E+00   -2.9399769457E-02    4.4894092263E+01    5.8368569447E-02
    5.4999950000E-04    1.1574958374E+00   -3.5530914129E-02    4.4953585923E+01    5.8234686841E-02
    5.5099950000E-04    1.1528329209E+00   -4.1443995821E-02    4.5013733622E+01    5.8117243656E-02
    5.5199950000E-04    1.1477538046E+00   -4.7113259796E-02    4.5074561006E+01    5.8018817374E-02
    5.5299950000E-04    1.1422339374E+00   -5.2518064779E-02    4.5136091495E+01    5.7941020733E-02
    5.5399950000E-04    1.1362443724E+00   -5.7640816741E-02    4.5198347489E+01    5.7884563867E-02
    5.5499950000E-04    1.1297517457E+00   -6.2464243874E-02    4.5261351560E+01    5.7849687421E-02
    5.5599950000E-04    1.1227192529E+00   -6.6967213949E-02    4.5325127880E+01    5.7836578890E-02
    5.5699950000E-04    1.1151077244E+00   -7.1121771651E-02    4.5389702971E+01    5.7845397364E-02
    5.5799950000E-04    1.1068765925E+00   -7.4891419228E-02    4.5455105594E+01    5.7875923527E-02
    5.5899950000E-04    1.0979853427E+00   -7.8229054227E-02    4.5521366063E+01    5.7927222625E-02
    5.5999950000E-04    1.0883957337E+00   -8.1074225075E-02    4.5588515182E+01    5.7997688971E-02
    5.6099950000E-04    1.0780743050E+00   -8.3351016056E-02    4.5656582804E+01    5.8085481158E-02
    5.6199950000E-04    1.0669948500E+00   -8.4967502805E-02    4.5725596267E+01    5.8189024636E-02
    5.6299950000E-04    1.0551416742E+00   -8.5816158349E-02    4.5795579196E+01    5.8307230863E-02
    5.6399950000E-04    1.0425127773E+00   -8.5776567595E-02    4.5866550168E+01    5.8439322093E-02
    5.6499950000E-04    1.0291232658E+00   -8.4719689348E-02    4.5938521402E+01    5.8584375417E-02
    5.6599950000E-04    1.0150118258E+00   -8.2510987849E-02    4.6011498589E+01    5.8740746254E-02
    5.6699950000E-04    1.0002459765E+00   -7.9016732210E-02    4.6085480835E+01    5.8905527498E-02
    5.6799950000E-04    9.8492635836E-01   -7.4111681515E-02    4.6160461778E+01    5.9074338065E-02
    5.6899950000E-04    9.6919216425E-01   -6.7685719546E-02    4.6236432661E+01    5.9241713502E-02
    5.6999950000E-04    9.5321739995E-01   -5.9654790605E-02    4.6313384189E+01    5.9402117142E-02
    5.7099950000E-04    9.3720626027E-01   -4.9967975778E-02    4.6391308633E+01    5.9551307092E-02
    5.7199950000E-04    9.2138245225E-01   -3.8613137427E-02    4.6470199639E+01    5.9687445403E-02
    5.7299950000E-04    9.0597242171E-01   -2.5619883634E-02    4.6550049680E+01    5.9811383250E-02
    5.7399950000E-04    8.9119795172E-01   -1.1054651966E-02    4.6630848774E+01    5.9926026807E-02
    5.7499950000E-04    8.7726834560E-01    4.9848880866E-03    4.6712582548E+01    6.0035069612E-02
    5.7599950000E-04    8.6437240777E-01    2.2375621175E-02    4.6795230331E+01    6.0141619066E-02
    5.7699950000E-04    8.5267911781E-01    4.0976241564E-02    4.6878764493E+01    6.0247228981E-02
    5.7799950000E-04    8.4233932731E-01    6.0632601746E-02    4.6963148807E+01    6.0351616544E-02
    5.7899950000E-04    8.3348449965E-01    8.1181032699E-02    4.7048335401E+01    6.0453122744E-02
    5.7999950000E-04    8.2622727771E-01    1.0245118555E-01    4.7134261726E+01    6.0549717766E-02
    5.8099950000E-04    8.2066317662E-01    1.2426815384E-01    4.7220848358E+01    6.0640079951E-02
    5.8199950000E-04    8.1687018403E-01    1.4645372647E-01    4.7307998351E+01    6.0724203629E-02
    5.8299950000E-04    8.1490749462E-01    1.6882730501E-01    4.7395598852E+01    6.0803255816E-02
    5.8399950000E-04    8.1481454545E-01    1.9120670996E-01    4.7483524436E+01    6.0878829579E-02
    5.8499950000E-04    8.1660963062E-01    2.1340905140E-01    4.7571640843E+01    6.0952057424E-02
    5.8599950000E-04    8.2028893382E-01    2.3525183983E-01    4.7659808019E+01    6.1023057906E-02
    5.8699950000E-04    8.2582690598E-01    2.5655420855E-01    4.7747882071E+01    6.1090910200E-02
    5.8799950000E-04    8.3317674798E-01    2.7713826965E-01    4.7835716700E+01    6.1154006820E-02
    5.8899950000E-04    8.4227069734E-01    2.9683074135E-01    4.7923165248E+01    6.1210465793E-02
    5.8999950000E-04    8.5302120044E-01    3.1546467852E-01    4.8010083925E+01    6.1258371247E-02
    5.9099950000E-04    8.6532333217E-01    3.3288098842E-01    4.8096335874E+01    6.1295814909E-02
    5.9199950000E-04    8.7905755228E-01    3.4892964685E-01    4.8181795188E+01    6.1320851230E-02
    5.9299950000E-04    8.9409208297E-01    3.6347061506E-01    4.8266349985E+01    6.1331481543E-02
    5.9399950000E-04    9.1028498682E-01    3.7637428757E-01    4.8349904039E+01    6.1325700375E-02
    5.9499950000E-04    9.2748586300E-01    3.8752147203E-01    4.8432377014E+01    6.1301561473E-02
    5.9599950000E-04    9.4553679458E-01    3.9680333988E-01    4.8513703765E+01    6.1257197136E-02
    5.9699950000E-04    9.6427194137E-01    4.0412243511E-01    4.8593833285E+01    6.1190749249E-02
    5.9799949999E-04    9.8351674359E-01    4.0939521769E-01    4.8672727450E+01    6.1100225119E-02
    5.9899949999E-04    1.0030906270E+00    4.1255352955E-01    4.8750358700E+01    6.0983358465E-02
    5.9999949999E-04    1.0228125256E+00    4.1354410122E-01    4.8826706612E+01    6.0837602079E-02
    6.0099949999E-04    1.0425009374E+00    4.1233395666E-01    4.8901756105E+01    6.0660368453E-02
    6.0199949999E-04    1.0619744066E+00    4.0891856288E-01    4.8975497113E+01    6.0449565514E-02
    6.0299949999E-04    1.0810632386E+00    4.0331637327E-01    4.9047922142E+01    6.0204256655E-02
    6.0399949999E-04    1.0996113929E+00    3.9557115459E-01    4.9119028089E+01    5.9925068647E-02
    6.0499949999E-04    1.1174809808E+00    3.8574729230E-01    4.9188817739E+01    5.9614079628E-02
    6.0599949999E-04    1.1345489580E+00    3.7393503407E-01    4.9257304276E+01    5.9274197971E-02
    6.0699949999E-04    1.1507174801E+00    3.6022552367E-01    4.9324506423E+01    5.8908396916E-02
    6.0799949999E-04    1.1659059245E+00    3.4471720304E-01    4.9390450424E+01    5.8519242607E-02
    6.0899949999E-04    1.1800503138E+00    3.2751118752E-01    4.9455167718E+01    5.8108971618E-02
    6.0999949999E-04    1.1931036737E+00    3.0870392104E-01    4.9518691312E+01    5.7679866958E-02
    6.1099949999E-04    1.2050332318E+00    2.8839128319E-01    4.9581055919E+01    5.7234712609E-02
    6.1199949999E-04    1.2158213753E+00    2.6666208225E-01    4.9642295663E+01    5.6776993805E-02
    6.1299949999E-04    1.2254636313E+00    2.4360264107E-01    4.9702445151E+01    5.6310763460E-02
    6.1399949999E-04    1.2339662689E+00    2.1931252227E-01    4.9761545043E+01    5.5840872394E-02
    6.1499949999E-04    1.2413505188E+00    1.9388048847E-01    4.9819635112E+01    5.5373440394E-02
    6.1599949999E-04    1.2476479315E+00    1.6740976701E-01    4.9876764460E+01    5.4916814372E-02
    6.1699949999E-04    1.2529003590E+00    1.4001310795E-01    4.9932993944E+01    5.4482459681E-02
    6.1799949999E-04    1.2571572556E+00    1.1181366112E-01    4.9988401966E+01    5.4085254094E-02
    6.1899949999E-04    1.2604711722E+00    8.2950768771E-02    5.0043092428E+01    5.3742629484E-02
    6.1999949999E-04    1.2628926792E+00    5.3576262532E-02    5.0097197911E+01    5.3472411349E-02
    6.2099949999E-04    1.2644645365E+00    2.3848490127E-02    5.0150878103E+01    5.3290024408E-02
    6.2199949999E-04    1.2652160558E+00   -6.0609600502E-03    5.0204318421E+01    5.3205746644E-02
    6.2299949999E-04    1.2651594159E+00   -3.5983307611E-02    5.0257715151E+01    5.3222805503E-02
    6.2399949999E-04    1.2642876107E+00   -6.5753129992E-02    5.0311263912E+01    5.3336812109E-02
    6.2499949999E-04    1.2625752249E+00   -9.5204897996E-02    5.0365149697E+01    5.3536560124E-02
    6.2599949999E-04    1.2599816667E+00   -1.2417703913E-01    5.0419536410E+01    5.3805948422E-02
    6.2699949999E-04    1.2564555529E+00   -1.5252459311E-01    5.0474557440E+01    5.4126617401E-02
    6.2799949999E-04    1.2519405366E+00   -1.8011368354E-01    5.0530318010E+01    5.4480589630E-02
    6.2899949999E-04    1.2463800797E+00   -2.0683077395E-01    5.0586895629E+01    5.4852311925E-02
    6.2999949999E-04    1.2397241312E+00   -2.3256152525E-01    5.0644353725E+01    5.5229777941E-02
    6.3099949999E-04    1.2319291899E+00   -2.5721956276E-01    5.0702736965E+01    5.5604492792E-02
    6.3199949999E-04    1.2229629273E+00   -2.8071775401E-01    5.0762085819E+01    5.5970636666E-02
    6.3299949999E-04    1.2128037410E+00   -3.0297666038E-01    5.0822436028E+01    5.6324058317E-02
    6.3399949999E-04    1.2014416952E+00   -3.2391764039E-01    5.0883821889E+01    5.6661533104E-02
    6.3499949999E-04    1.1888788983E+00   -3.4346037054E-01    5.0946277341E+01    5.6980454809E-02
    6.3599949999E-04    1.1751324151E+00   -3.6151413288E-01    5.1009838838E+01    5.7278871584E-02
    6.3699949999E-04    1.1602253489E+00   -3.7800526447E-01    5.1074537024E+01    5.7555446954E-02
    6.3799949999E-04    1.1441984467E+00   -3.9284130627E-01    5.1140407335E+01    5.7809188435E-02
    6.3899949999E-04    1.1271090174E+00   -4.0592378935E-01    5.1207484647E+01    5.8039008385E-02
    6.3999949999E-04    1.1090321177E+00   -4.1715318753E-01    5.1275800384E+01    5.8243373499E-02
    6.4099949999E-04    1.0900608616E+00   -4.2643583481E-01    5.1345379700E+01    5.8420388216E-02
    6.4199949999E-04    1.0703127616E+00   -4.3368145501E-01    5.1416243338E+01    5.8568388004E-02
    6.4299949999E-04    1.0499284297E+00   -4.3881363023E-01    5.1488407225E+01    5.8686755402E-02
    6.4399949999E-04    1.0290637731E+00   -4.4178215472E-01    5.1561881977E+01    5.8776457024E-02
    6.4499949999E-04    1.0078884343E+00   -4.4256104762E-01    5.1636676056E+01    5.8840043619E-02
    6.4599949999E-04    9.8658059511E-01   -4.4114863920E-01    5.1712796363E+01    5.8881148228E-02
    6.4699949999E-04    9.6531986069E-01   -4.3756717145E-01    5.1790246715E+01    5.8903757259E-02
    6.4799949999E-04    9.4428241991E-01   -4.3185945013E-01    5.1869025749E+01    5.8911573638E-02
    6.4899949999E-04    9.2363885356E-01   -4.2408458524E-01    5.1949124657E+01    5.8907659085E-02
    6.4999949999E-04    9.0355395581E-01   -4.1431445495E-01    5.2030525088E+01    5.8894395382E-02
    6.5099949999E-04    8.8418769450E-01   -4.0263160108E-01    5.2113197396E+01    5.8873705650E-02
    6.5199949999E-04    8.6569633047E-01   -3.8912861072E-01    5.2197099064E+01    5.8847408273E-02
    6.5299949999E-04    8.4823288380E-01   -3.7390853035E-01    5.2282172996E+01    5.8817531201E-02
    6.5399949999E-04    8.3194674184E-01   -3.5708550664E-01    5.2368345609E+01    5.8786427845E-02
    6.5499949999E-04    8.1698278544E-01   -3.3878493271E-01    5.2455525120E+01    5.8756639163E-02
    6.5599949999E-04    8.0348019753E-01   -3.1914293561E-01    5.2543600831E+01    5.8730603953E-02
    6.5699949999E-04    7.9157031540E-01   -2.9830554422E-01    5.2632444090E+01    5.8710422453E-02
    6.5799949999E-04    7.8137285267E-01   -2.7642782131E-01    5.2721911181E+01    5.8697830295E-02
    6.5899949999E-04    7.7299102420E-01   -2.5367289314E-01    5.2811847627E+01    5.8694359934E-02
    6.5999949999E-04    7.6650705514E-01   -2.3021073553E-01    5.2902092766E+01    5.8701493361E-02
    6.6099949999E-04    7.6197890116E-01   -2.0621673756E-01    5.2992483407E+01    5.8720579376E-02
    6.6199949999E-04    7.5943760396E-01   -1.8187002158E-01    5.3082856243E+01    5.8752423461E-02
    6.6299949999E-04    7.5888456753E-01   -1.5735124907E-01    5.3173049978E+01    5.8796681871E-02
    6.6399949999E-04    7.6028972779E-01   -1.3283972892E-01    5.3262908654E+01    5.8851395312E-02
    6.6499949999E-04    7.6359289501E-01   -1.0851031116E-01    5.3352286789E+01    5.8913053416E-02
    6.6599949999E-04    7.6870891959E-01   -8.4531079507E-02    5.3441055196E+01    5.8977375143E-02
    6.6699949999E-04    7.7553418948E-01   -6.1062391663E-02    5.3529105468E+01    5.9040566002E-02
    6.6799949999E-04    7.8395140902E-01   -3.8256786262E-02    5.3616351576E+01    5.9100452009E-02
    6.6899949999E-04    7.9383261795E-01   -1.6258996524E-02    5.3702728238E+01    5.9156901469E-02
    6.6999949999E-04    8.0504129344E-01    4.7944083460E-03    5.3788187047E+01    5.9211352675E-02
    6.7099949999E-04    8.1743288737E-01    2.4776269179E-02    5.3872692232E+01    5.9265774150E-02
    6.7199949999E-04    8.3085434186E-01    4.3571084302E-02    5.3956217722E+01    5.9321655931E-02
    6.7299949999E-04    8.4514356073E-01    6.1077993114E-02    5.4038746016E+01    5.9379531843E-02
    6.7399949999E-04    8.6012999828E-01    7.7213925689E-02    5.4120268108E+01    5.9439178700E-02
    6.7499949999E-04    8.7563666694E-01    9.1916509884E-02    5.4200783174E+01    5.9500269011E-02
    6.7599949999E-04    8.9148242717E-01    1.0514709775E-01    5.4280297326E+01    5.9563070805E-02
    6.7699949999E-04    9.0748575519E-01    1.1689326669E-01    5.4358821082E+01    5.9628837992E-02
    6.7799949999E-04    9.2347092854E-01    1.2716959979E-01    5.4436365941E+01    5.9699737103E-02
    6.7899949999E-04    9.3927598231E-01    1.3601587446E-01    5.4512941069E+01    5.9778384402E-02
    6.7999949999E-04    9.5476157246E-01    1.4349178885E-01    5.4588550885E+01    5.9867219539E-02
    6.8099949999E-04    9.6981653412E-01    1.4967051554E-01    5.4663194738E+01    5.9967978133E-02
    6.8199949999E-04    9.8435881944E-01    1.5463302779E-01    5.4736868759E+01    6.0081455208E-02
    6.8299949999E-04    9.9833218455E-01    1.5846466769E-01    5.4809569268E+01    6.0207625082E-02
    6.8399949999E-04    1.0117026856E+00    1.6125145806E-01    5.4881295657E+01    6.0346081043E-02
    6.8499949999E-04    1.0244551521E+00    1.6307619325E-01    5.4952051957E+01    6.0496684225E-02
    6.8599949999E-04    1.0365879763E+00    1.6401705761E-01    5.5021847611E+01    6.0660183669E-02
    6.8699949999E-04    1.0481074800E+00    1.6414887164E-01    5.5090697518E+01    6.0838498258E-02
    6.8799949999E-04    1.0590263812E+00    1.6354084545E-01    5.5158619637E+01    6.1034480580E-02
    6.8899949999E-04    1.0693585381E+00    1.6226206276E-01    5.5225634673E+01    6.1251259453E-02
    6.8999949999E-04    1.0791170872E+00    1.6038485807E-01    5.5291765469E+01    6.1491638015E-02
    6.9099949999E-04    1.0883193084E+00    1.5797603327E-01    5.5357033310E+01    6.1757991569E-02
    6.9199949999E-04    1.0969830907E+00    1.5510263723E-01    5.5421460323E+01    6.2052691035E-02
    6.9299949999E-04    1.1051249504E+00    1.5183747737E-01    5.5485072353E+01    6.2378629347E-02
    6.9399949999E-04    1.1127680800E+00    1.4824048378E-01    5.5547893834E+01    6.2739045637E-02
    6.9499949999E-04    1.1199382644E+00    1.4436605700E-01    5.5609950439E+01    6.3136018587E-02
    6.9599949999E-04    1.1266597117E+00    1.4027545221E-01    5.5671271806E+01    6.3568330174E-02
    6.9699949999E-04    1.1329597648E+00    1.3602287512E-01    5.5731885730E+01    6.4030038045E-02
    6.9799949999E-04    1.1388634949E+00    1.3166887042E-01    5.5791822610E+01    6.4511121713E-02
    6.9899949999E-04    1.1443947120E+00    1.2727052012E-01    5.5851113230E+01    6.5000321708E-02
    6.9999949999E-04    1.1495731500E+00    1.2288231435E-01    5.5909791994E+01    6.5488353951E-02
    7.0099949999E-04    1.1544134589E+00    1.1855121265E-01    5.5967898377E+01    6.5969174481E-02
    7.0199949999E-04    1.1589245606E+00    1.1431237275E-01    5.6025476246E+01    6.6438113651E-02
    7.0299949999E-04    1.1631075656E+00    1.1019818688E-01    5.6082575945E+01    6.6889439416E-02
    7.0399949999E-04    1.1669575722E+00    1.0622609112E-01    5.6139246612E+01    6.7316496073E-02
    7.0499949999E-04    1.1704633044E+00    1.0240017953E-01    5.6195533459E+01    6.7715270367E-02
    7.0599949998E-04    1.1736076575E+00    9.8723251213E-02    5.6251481242E+01    6.8087643645E-02
    7.0699949998E-04    1.1763739603E+00    9.5172451992E-02    5.6307127370E+01    6.8440672320E-02
    7.0799949998E-04    1.1787494678E+00    9.1709135419E-02    5.6362508297E+01    6.8781272864E-02
    7.0899949998E-04    1.1807294278E+00    8.8278806183E-02    5.6417661395E+01    6.9111591986E-02
    7.0999949998E-04    1.1823191170E+00    8.4813949576E-02    5.6472625438E+01    6.9427721555E-02
    7.1099949998E-04    1.1835341466E+00    8.1234101974E-02    5.6527437482E+01    6.9721006154E-02
    7.1199949998E-04    1.1843989182E+00    7.7457213462E-02    5.6582132373E+01    6.9979046355E-02
    7.1299949998E-04    1.1849438567E+00    7.3409227144E-02    5.6636741814E+01    7.0187063462E-02
    7.1399949998E-04    1.1852007274E+00    6.9038851400E-02    5.6691297333E+01    7.0332394589E-02
    7.1499949998E-04    1.1851973560E+00    6.4326468035E-02    5.6745834559E+01    7.0411120118E-02
    7.1599949998E-04    1.1849538641E+00    5.9284689411E-02    5.6800397345E+01    7.0431296079E-02
    7.1699949998E-04    1.1844814259E+00    5.3942726180E-02    5.6855036433E+01    7.0408911572E-02
    7.1799949998E-04    1.1837829840E+00    4.8335154952E-02    5.6909807312E+01    7.0359471512E-02
    7.1899949998E-04    1.1828547543E+00    4.2496969237E-02    5.6964767113E+01    7.0291882697E-02
    7.1999949998E-04    1.1816875747E+00    3.6463240561E-02    5.7019971265E+01    7.0208263970E-02
    7.2099949998E-04    1.1802683298E+00    3.0272608483E-02    5.7075471800E+01    7.0107928425E-02
    7.2199949998E-04    1.1785818127E+00    2.3970470941E-02    5.7131317369E+01    6.9991414226E-02
    7.2299949998E-04    1.1766122532E+00    1.7606183120E-02    5.7187553095E+01    6.9861909343E-02
    7.2399949998E-04    1.1743440032E+00    1.1227108633E-02    5.7244220343E+01    6.9724226394E-02
    7.2499949998E-04    1.1717624560E+00    4.8783970012E-03    5.7301358358E+01    6.9583105481E-02
    7.2599949998E-04    1.1688541571E+00   -1.3976967738E-03    5.7359004841E+01    6.9442320883E-02
    7.2699949998E-04    1.1656059459E+00   -7.5632924446E-03    5.7417195296E+01    6.9304903535E-02
    7.2799949998E-04    1.1620045114E+00   -1.3583058646E-02    5.7475963120E+01    6.9173881007E-02
    7.2899949998E-04    1.1580351874E+00   -1.9425483100E-02    5.7535338861E+01    6.9052698664E-02
    7.2999949998E-04    1.1536800378E+00   -2.5066224605E-02    5.7595349355E+01    6.8944953241E-02
    7.3099949998E-04    1.1489170415E+00   -3.0487535359E-02    5.7656018668E+01    6.8853728149E-02
    7.3199949998E-04    1.1437194636E+00   -3.5677170057E-02    5.7717369277E+01    6.8781102284E-02
    7.3299949998E-04    1.1380547919E+00   -4.0627943610E-02    5.7779422772E+01    6.8728209835E-02
    7.3399949998E-04    1.1318846065E+00   -4.5334491385E-02    5.7842201085E+01    6.8695726882E-02
    7.3499949998E-04    1.1251655547E+00   -4.9788234568E-02    5.7905727921E+01    6.8684266257E-02
    7.3599949998E-04    1.1178505954E+00   -5.3973222555E-02    5.7970029553E+01    6.8694277545E-02
    7.3699949998E-04    1.1098904170E+00   -5.7862789156E-02    5.8035134896E+01    6.8725567794E-02
    7.3799949998E-04    1.1012352566E+00   -6.1416225332E-02    5.8101075038E+01    6.8776945998E-02
    7.3899949998E-04    1.0918373360E+00   -6.4575235949E-02    5.8167882469E+01    6.8846374496E-02
    7.3999949998E-04    1.0816535238E+00   -6.7261424429E-02    5.8235590001E+01    6.8931553789E-02
    7.4099949998E-04    1.0706474603E+00   -6.9376331469E-02    5.8304229200E+01    6.9030535431E-02
    7.4199949998E-04    1.0587918767E+00   -7.0803037920E-02    5.8373828633E+01    6.9141989140E-02
    7.4299949998E-04    1.0460725115E+00   -7.1407990110E-02    5.8444412142E+01    6.9265007868E-02
    7.4399949998E-04    1.0324937046E+00   -7.1043736499E-02    5.8515996991E+01    6.9398574444E-02
    7.4499949998E-04    1.0180857345E+00   -6.9552990189E-02    5.8588592373E+01    6.9540917600E-02
    7.4599949998E-04    1.0029138961E+00   -6.6774268275E-02    5.8662199325E+01    6.9688982538E-02
    7.4699949998E-04    9.8708611493E-01   -6.2551205738E-02    5.8736812274E+01    6.9838279912E-02
    7.4799949998E-04    9.7075797953E-01   -5.6744015382E-02    5.8812422642E+01    6.9983396054E-02
    7.4899949998E-04    9.5412910171E-01   -4.9243848679E-02    5.8889022381E+01    7.0119184212E-02
    7.4999949998E-04    9.3742971337E-01   -3.9985982911E-02    5.8966605866E+01    7.0242226332E-02
    7.5099949998E-04    9.2090837477E-01   -2.8954086193E-02    5.9045170881E+01    7.0351909949E-02
    7.5199949998E-04    9.0481632872E-01   -1.6180007747E-02    5.9124716406E+01    7.0450529070E-02
    7.5299949998E-04    8.8939092489E-01   -1.7394544505E-03    5.9205238542E+01    7.0542296512E-02
    7.5399949998E-04    8.7484860501E-01    1.4257510880E-02    5.9286727890E+01    7.0631689259E-02
    7.5499949998E-04    8.6138435480E-01    3.1676285615E-02    5.9369168090E+01    7.0721771052E-02
    7.5599949998E-04    8.4917147640E-01    5.0364979980E-02    5.9452534393E+01    7.0813134981E-02
    7.5699949998E-04    8.3836237247E-01    7.0159876024E-02    5.9536792061E+01    7.0903912173E-02
    7.5799949998E-04    8.2909192365E-01    9.0889666061E-02    5.9621894354E+01    7.0990871148E-02
    7.5899949998E-04    8.2147959341E-01    1.1237792872E-01    5.9707779676E+01    7.1071101692E-02
    7.5999949998E-04    8.1562913397E-01    1.3444433290E-01    5.9794368873E+01    7.1143455448E-02
    7.6099949998E-04    8.1162720201E-01    1.5690525155E-01    5.9881564139E+01    7.1209025798E-02
    7.6199949998E-04    8.0954114303E-01    1.7957413989E-01    5.9969250178E+01    7.1270466332E-02
    7.6299949998E-04    8.0941558669E-01    2.0226210355E-01    6.0057297274E+01    7.1330587361E-02
    7.6399949998E-04    8.1126928678E-01    2.2477907673E-01    6.0145565245E+01    7.1391034457E-02
    7.6499949998E-04    8.1509408869E-01    2.4693554119E-01    6.0233907036E+01    7.1451705678E-02
    7.6599949998E-04    8.2085612111E-01    2.6854438232E-01    6.0322171381E+01    7.1511039239E-02
    7.6699949998E-04    8.2849748916E-01    2.8942273095E-01    6.0410205000E+01    7.1566787605E-02
    7.6799949998E-04    8.3793823835E-01    3.0939374814E-01    6.0497855299E+01    7.1616722086E-02
    7.6899949998E-04    8.4907921814E-01    3.2828812541E-01    6.0584973948E+01    7.1658918472E-02
    7.6999949998E-04    8.6180577359E-01    3.4594504898E-01    6.0671420885E+01    7.1691633219E-02
    7.7099949998E-04    8.7599111373E-01    3.6221270618E-01    6.0757067906E+01    7.1713021254E-02
    7.7199949998E-04    8.9149843796E-01    3.7694864268E-01    6.0841801259E+01    7.1720951848E-02
    7.7299949998E-04    9.0818209819E-01    3.9002005783E-01    6.0925523042E+01    7.1713024276E-02
    7.7399949998E-04    9.2588814163E-01    4.0130409652E-01    6.1008151588E+01    7.1686721547E-02
    7.7499949998E-04    9.4445433661E-01    4.1068838773E-01    6.1089621178E+01    7.1639565880E-02
    7.7599949998E-04    9.6370951059E-01    4.1807248210E-01    6.1169881293E+01    7.1569161571E-02
    7.7699949998E-04    9.8347287983E-01    4.2337057602E-01    6.1248895360E+01    7.1473093384E-02
    7.7799949998E-04    1.0035566636E+00    4.2651335410E-01    6.1326638194E+01    7.1348756754E-02
    7.7899949998E-04    1.0237712949E+00    4.2744837295E-01    6.1403092256E+01    7.1193283942E-02
    7.7999949998E-04    1.0439263549E+00    4.2614555999E-01    6.1478245314E+01    7.1003745404E-02
    7.8099949998E-04    1.0638342096E+00    4.2260247859E-01    6.1552088931E+01    7.0777715671E-02
    7.8199949998E-04    1.0833211067E+00    4.1683943210E-01    6.1624616188E+01    7.0514020374E-02
    7.8299949998E-04    1.1022292194E+00    4.0890140109E-01    6.1695823761E+01    7.0213242956E-02
    7.8399949998E-04    1.1204204503E+00    3.9885391525E-01    6.1765714101E+01    6.9877640821E-02
    7.8499949998E-04    1.1377758251E+00    3.8678148226E-01    6.1834298515E+01    6.9510456517E-02
    7.8599949998E-04    1.1541994171E+00    3.7277258905E-01    6.1901595224E+01    6.9115037161E-02
    7.8699949998E-04    1.1696128768E+00    3.5692082639E-01    6.1967629688E+01    6.8694283880E-02
    7.8799949998E-04    1.1839530939E+00    3.3932386389E-01    6.2032432980E+01    6.8250686440E-02
    7.8899949998E-04    1.1971737387E+00    3.2007310561E-01    6.2096036987E+01    6.7786755799E-02
    7.8999949998E-04    1.2092408932E+00    2.9926444803E-01    6.2158476409E+01    6.7305514593E-02
    7.9099949998E-04    1.2201380915E+00    2.7697632677E-01    6.2219781655E+01    6.6810573405E-02
    7.9199949998E-04    1.2298580519E+00    2.5330511064E-01    6.2279989166E+01    6.6306104062E-02
    7.9299949998E-04    1.2384090510E+00    2.2834133235E-01    6.2339134870E+01    6.5796979736E-02
    7.9399949998E-04    1.2458128904E+00    2.0217968733E-01    6.2397257598E+01    6.5289441985E-02
    7.9499949998E-04    1.2521041183E+00    1.7492592365E-01    6.2454403657E+01    6.4792337041E-02
    7.9599949998E-04    1.2573295524E+00    1.4669168379E-01    6.2510629416E+01    6.4318344526E-02
    7.9699949998E-04    1.2615442860E+00    1.1760705530E-01    6.2566011855E+01    6.3884330175E-02
    7.9799949998E-04    1.2648075676E+00    8.7816020527E-02    6.2620654188E+01    6.3510173959E-02
    7.9899949998E-04    1.2671762918E+00    5.7483648429E-02    6.2674693678E+01    6.3216208784E-02
    7.9999949998E-04    1.2686988037E+00    2.6780091109E-02    6.2728296364E+01    6.3019921505E-02
    8.0099949998E-04    1.2694083147E+00   -4.1180453398E-03    6.2781653149E+01    6.2932965596E-02
    8.0199949998E-04    1.2693184213E+00   -3.5033189939E-02    6.2834968362E+01    6.2959241367E-02
    8.0299949998E-04    1.2684210867E+00   -6.5788682804E-02    6.2888446952E+01    6.3094324577E-02
    8.0399949998E-04    1.2666875185E+00   -9.6210685001E-02    6.2942281563E+01    6.3326217831E-02
    8.0499949998E-04    1.2640716733E+00   -1.2613235748E-01    6.2996641216E+01    6.3637253482E-02
    8.0599949998E-04    1.2605159066E+00   -1.5539517487E-01    6.3051665550E+01    6.4006837275E-02
    8.0699949998E-04    1.2559577581E+00   -1.8385167140E-01    6.3107463701E+01    6.4414528953E-02
    8.0799949998E-04    1.2503354745E+00   -2.1137910098E-01    6.3164113518E+01    6.4842663754E-02
    8.0899949998E-04    1.2435935944E+00   -2.3786925358E-01    6.3221672206E+01    6.5277779764E-02
    8.0999949998E-04    1.2356869606E+00   -2.6322330731E-01    6.3280185049E+01    6.5710660696E-02
    8.1099949998E-04    1.2265819928E+00   -2.8735416650E-01    6.3339689278E+01    6.6135264853E-02
    8.1199949998E-04    1.2162585525E+00   -3.1017560831E-01    6.3400220313E+01    6.6547347785E-02
    8.1299949998E-04    1.2047077816E+00   -3.3161094836E-01    6.3461809962E+01    6.6943499926E-02
    8.1399949997E-04    1.1919347532E+00   -3.5157660497E-01    6.3524491748E+01    6.7320799573E-02
    8.1499949997E-04    1.1779588723E+00   -3.6998304908E-01    6.3588300490E+01    6.7676892595E-02
    8.1599949997E-04    1.1628069980E+00   -3.8675465842E-01    6.3653266687E+01    6.8010011754E-02
    8.1699949997E-04    1.1465231158E+00   -4.0179928938E-01    6.3719424995E+01    6.8318702597E-02
    8.1799949997E-04    1.1291667548E+00   -4.1502145457E-01    6.3786808733E+01    6.8601368093E-02
    8.1899949997E-04    1.1108129845E+00   -4.2632863043E-01    6.3855446371E+01    6.8855932254E-02
    8.1999949997E-04    1.0915584373E+00   -4.3562787350E-01    6.3925361638E+01    6.9080007173E-02
    8.2099949997E-04    1.0715240874E+00   -4.4283225931E-01    6.3996572607E+01    6.9271617755E-02
    8.2199949997E-04    1.0508501009E+00   -4.4787553231E-01    6.4069090222E+01    6.9430048994E-02
    8.2299949997E-04    1.0296983633E+00   -4.5070983267E-01    6.4142922663E+01    6.9556367932E-02
    8.2399949997E-04    1.0082460572E+00   -4.5131185537E-01    6.4218076314E+01    6.9653319403E-02
    8.2499949997E-04    9.8667911461E-01   -4.4968370131E-01    6.4294556168E+01    6.9724694409E-02
    8.2599949997E-04    9.6518572702E-01   -4.4585122444E-01    6.4372364622E+01    6.9774546308E-02
    8.2699949997E-04    9.4395075074E-01   -4.3986121730E-01    6.4451498922E+01    6.9806603560E-02
    8.2799949997E-04    9.2315296059E-01   -4.3177751428E-01    6.4531948372E+01    6.9824034549E-02
    8.2899949997E-04    9.0296438262E-01   -4.2167771721E-01    6.4613691714E+01    6.9829526769E-02
    8.2999949997E-04    8.8355075646E-01   -4.0965117584E-01    6.4696694956E+01    6.9825545288E-02
    8.3099949997E-04    8.6507246292E-01   -3.9579807589E-01    6.4780909680E+01    6.9814606172E-02
    8.3199949997E-04    8.4768520910E-01   -3.8022929761E-01    6.4866271553E+01    6.9799409453E-02
    8.3299949997E-04    8.3154014894E-01   -3.6306651005E-01    6.4952698868E+01    6.9782743315E-02
    8.3399949997E-04    8.1678361032E-01   -3.4444201121E-01    6.5040091381E+01    6.9767209880E-02
    8.3499949997E-04    8.0355642044E-01   -3.2449822780E-01    6.5128330102E+01    6.9754971041E-02
    8.3599949997E-04    7.9199221790E-01   -3.0338710811E-01    6.5217278696E+01    6.9747741978E-02
    8.3699949997E-04    7.8221413761E-01   -2.8126954651E-01    6.5306786651E+01    6.9747091363E-02
    8.3799949997E-04    7.7432994779E-01   -2.5831473240E-01    6.5396693555E+01    6.9754830534E-02
    8.3899949997E-04    7.6842626467E-01   -2.3469922506E-01    6.5486833302E+01    6.9773113329E-02
    8.3999949997E-04    7.6456253885E-01   -2.1060555163E-01    6.5577037407E+01    6.9803984315E-02
    8.4099949997E-04    7.6276574079E-01   -1.8622009767E-01    6.5667137697E+01    6.9848453462E-02
    8.4199949997E-04    7.6302756326E-01   -1.6173022183E-01    6.5756969598E+01    6.9905534588E-02
    8.4299949997E-04    7.6530602999E-01   -1.3732108289E-01    6.5846376874E+01    6.9971852144E-02
    8.4399949997E-04    7.6953055409E-01   -1.1317304834E-01    6.5935217409E+01    7.0042253727E-02
    8.4499949997E-04    7.7560614196E-01   -8.9459926873E-02    6.6023368720E+01    7.0111364354E-02
    8.4599949997E-04    7.8341547080E-01   -6.6347535058E-02    6.6110731694E+01    7.0175428439E-02
    8.4699949997E-04    7.9282631496E-01   -4.3993419716E-02    6.6197230760E+01    7.0233506194E-02
    8.4799949997E-04    8.0369989428E-01   -2.2547728337E-02    6.6282810271E+01    7.0287387989E-02
    8.4899949997E-04    8.1589346824E-01   -2.1534818887E-03    6.6367429411E+01    7.0340306064E-02
    8.4999949997E-04    8.2925754867E-01    1.7055052625E-02    6.6451058272E+01    7.0395159629E-02
    8.5099949997E-04    8.4363104350E-01    3.4956036220E-02    6.6533676331E+01    7.0453159562E-02
    8.5199949997E-04    8.5884014551E-01    5.1443965022E-02    6.6615272254E+01    7.0513495384E-02
    8.5299949997E-04    8.7470000223E-01    6.6433284414E-02    6.6695843667E+01    7.0574059214E-02
    8.5399949997E-04    8.9101639989E-01    7.9862564709E-02    6.6775396130E+01    7.0632760631E-02
    8.5499949997E-04    9.0758797433E-01    9.1699347200E-02    6.6853940909E+01    7.0688756439E-02
    8.5599949997E-04    9.2421100970E-01    1.0194442668E-01    6.6931491710E+01    7.0743052861E-02
    8.5699949997E-04    9.4068832306E-01    1.1063327417E-01    6.7008061080E+01    7.0798288071E-02
    8.5799949997E-04    9.5684065733E-01    1.1783315425E-01    6.7083657646E+01    7.0857877857E-02
    8.5899949997E-04    9.7251661514E-01    1.2363670411E-01    6.7158285325E+01    7.0924949557E-02
    8.5999949997E-04    9.8759909715E-01    1.2815307159E-01    6.7231944461E+01    7.1001516760E-02
    8.6099949997E-04    1.0020071463E+00    1.3149849692E-01    6.7304634178E+01    7.1088183213E-02
    8.6199949997E-04    1.0156934168E+00    1.3378825681E-01    6.7376355086E+01    7.1184420840E-02
    8.6299949997E-04    1.0286386141E+00    1.3513110596E-01    6.7447111582E+01    7.1289281152E-02
    8.6399949997E-04    1.0408449109E+00    1.3562597986E-01    6.7516913176E+01    7.1402320549E-02
    8.6499949997E-04    1.0523298675E+00    1.3536008143E-01    6.7585774524E+01    7.1524479712E-02
    8.6599949997E-04    1.0631202496E+00    1.3440969784E-01    6.7653714907E+01    7.1658604402E-02
    8.6699949997E-04    1.0732468137E+00    1.3284286321E-01    6.7720757227E+01    7.1809320002E-02
    8.6799949997E-04    1.0827423773E+00    1.3071957828E-01    6.7786925569E+01    7.1982196249E-02
    8.6899949997E-04    1.0916397351E+00    1.2809402885E-01    6.7852243403E+01    7.2182500359E-02
    8.6999949997E-04    1.0999687476E+00    1.2502062283E-01    6.7916733844E+01    7.2414177043E-02
    8.7099949997E-04    1.1077586299E+00    1.2155056405E-01    6.7980417902E+01    7.2679664543E-02
    8.7199949997E-04    1.1150352516E+00    1.1773903827E-01    6.8043317676E+01    7.2980537738E-02
    8.7299949997E-04    1.1218267353E+00    1.1363250756E-01    6.8105453959E+01    7.3318548396E-02
    8.7399949997E-04    1.1281579352E+00    1.0928344535E-01    6.8166851956E+01    7.3695673374E-02
    8.7499949997E-04    1.1340556854E+00    1.0473826480E-01    6.8227537554E+01    7.4112793909E-02
    8.7599949997E-04    1.1395463797E+00    1.0004566258E-01    6.8287539197E+01    7.4567498446E-02
    8.7699949997E-04    1.1446561252E+00    9.5257831359E-02    6.8346887104E+01    7.5052417141E-02
    8.7799949997E-04    1.1494104627E+00    9.0429646780E-02    6.8405612412E+01    7.5555756350E-02
    8.7899949997E-04    1.1538317250E+00    8.5624420242E-02    6.8463750819E+01    7.6064287543E-02
    8.7999949997E-04    1.1579401908E+00    8.0899133928E-02    6.8521340186E+01    7.6567009979E-02
    8.8099949997E-04    1.1617514406E+00    7.6305163626E-02    6.8578423717E+01    7.7056315228E-02
    8.8199949997E-04    1.1652757843E+00    7.1882295072E-02    6.8635049608E+01    7.7525324591E-02
    8.8299949997E-04    1.1685171284E+00    6.7657869309E-02    6.8691268794E+01    7.7964053786E-02
    8.8399949997E-04    1.1714713206E+00    6.3652592886E-02    6.8747133426E+01    7.8359422229E-02
    8.8499949997E-04    1.1741256667E+00    5.9881237285E-02    6.8802693690E+01    7.8701142874E-02
    8.8599949997E-04    1.1764608085E+00    5.6338779022E-02    6.8857991678E+01    7.8988999817E-02
    8.8699949997E-04    1.1784532815E+00    5.3007775555E-02    6.8913066511E+01    7.9233711223E-02
    8.8799949997E-04    1.1800820689E+00    4.9839435539E-02    6.8967951604E+01    7.9449812500E-02
    8.8899949997E-04    1.1813327242E+00    4.6769513459E-02    6.9022682505E+01    7.9647130184E-02
    8.8999949997E-04    1.1822002670E+00    4.3729279618E-02    6.9077300040E+01    7.9828089453E-02
    8.9099949997E-04    1.1826905534E+00    4.0639252711E-02    6.9131845015E+01    7.9989681793E-02
    8.9199949997E-04    1.1828199576E+00    3.7416655583E-02    6.9186356261E+01    8.0124015667E-02
    8.9299949997E-04    1.1826141626E+00    3.3977102914E-02    6.9240866537E+01    8.0216633528E-02
    8.9399949997E-04    1.1821045127E+00    3.0252416129E-02    6.9295405617E+01    8.0248592253E-02
    8.9499949997E-04    1.1813222584E+00    2.6204368808E-02    6.9350005344E+01    8.0205611859E-02
    8.9599949997E-04    1.1802927306E+00    2.1828307331E-02    6.9404704718E+01    8.0087663999E-02
    8.9699949997E-04    1.1790319300E+00    1.7143246181E-02    6.9459551286E+01    7.9909457925E-02
    8.9799949997E-04    1.1775461545E+00    1.2178709740E-02    6.9514599056E+01    7.9691160459E-02
    8.9899949997E-04    1.1758333111E+00    6.9663784255E-03    6.9569904223E+01    7.9448061091E-02
    8.9999949997E-04    1.1738850060E+00    1.5435582768E-03    6.9625522578E+01    7.9187183650E-02
    9.0099949997E-04    1.1716876412E+00   -4.0489162889E-03    6.9681505347E+01    7.8910923738E-02
    9.0199949997E-04    1.1692247657E+00   -9.7593444645E-03    6.9737900396E+01    7.8622456040E-02
    9.0299949997E-04    1.1664783664E+00   -1.5531151006E-02    6.9794751468E+01    7.8328158134E-02
    9.0399949997E-04    1.1634293990E+00   -2.1311226979E-02    6.9852097764E+01    7.8036328561E-02
    9.0499949997E-04    1.1600597255E+00   -2.7047424907E-02    6.9909977090E+01    7.7754466544E-02
    9.0599949997E-04    1.1563517065E+00   -3.2693677726E-02    6.9968424973E+01    7.7487536477E-02
    9.0699949997E-04    1.1522870694E+00   -3.8212129395E-02    7.0027473318E+01    7.7238143441E-02
    9.0799949997E-04    1.1478469560E+00   -4.3568298019E-02    7.0087151614E+01    7.7007922535E-02
    9.0899949997E-04    1.1430114675E+00   -4.8729234365E-02    7.0147486853E+01    7.6798766366E-02
    9.0999949997E-04    1.1377578817E+00   -5.3666434240E-02    7.0208502855E+01    7.6613030773E-02
    9.1099949997E-04    1.1320585959E+00   -5.8358772138E-02    7.0270220458E+01    7.6452744493E-02
    9.1199949997E-04    1.1258819884E+00   -6.2787276325E-02    7.0332660595E+01    7.6318604519E-02
    9.1299949997E-04    1.1191904415E+00   -6.6937475159E-02    7.0395844366E+01    7.6209520386E-02
    9.1399949997E-04    1.1119399356E+00   -7.0796613512E-02    7.0459793963E+01    7.6123018683E-02
    9.1499949997E-04    1.1040812157E+00   -7.4347870043E-02    7.0524533720E+01    7.6056136226E-02
    9.1599949997E-04    1.0955612385E+00   -7.7565564585E-02    7.0590090270E+01    7.6006157971E-02
    9.1699949997E-04    1.0863252588E+00   -8.0410795389E-02    7.0656492216E+01    7.5970861642E-02
    9.1799949997E-04    1.0763194068E+00   -8.2827880313E-02    7.0723769341E+01    7.5948420582E-02
    9.1899949997E-04    1.0654937664E+00   -8.4741644040E-02    7.0791951386E+01    7.5937322324E-02
    9.1999949997E-04    1.0538062181E+00   -8.6055545208E-02    7.0861066577E+01    7.5936462320E-02
    9.2099949997E-04    1.0412273542E+00   -8.6651016044E-02    7.0931139954E+01    7.5945257910E-02
    9.2199949996E-04    1.0277467588E+00   -8.6388544181E-02    7.1002191684E+01    7.5963520287E-02
    9.2299949996E-04    1.0133807341E+00   -8.5111049496E-02    7.1074235656E+01    7.5990975628E-02
    9.2399949996E-04    9.9818086465E-01   -8.2650212852E-02    7.1147278945E+01    7.6026582389E-02
    9.2499949996E-04    9.8224165549E-01   -7.8836342802E-02    7.1221322711E+01    7.6067982990E-02
    9.2599949996E-04    9.6570450539E-01   -7.3511572169E-02    7.1296364692E+01    7.6111460586E-02
    9.2699949996E-04    9.4875541530E-01   -6.6544626982E-02    7.1372402638E+01    7.6152601351E-02
    9.2799949996E-04    9.3161551888E-01   -5.7844005358E-02    7.1449437249E+01    7.6187522432E-02
    9.2899949996E-04    9.1452617866E-01   -4.7366271235E-02    7.1527473089E+01    7.6214179662E-02
    9.2999949996E-04    8.9773264606E-01   -3.5117642173E-02    7.1606516927E+01    7.6233135988E-02
    9.3099949996E-04    8.8147067579E-01   -2.1149408825E-02    7.1686574280E+01    7.6247349180E-02
    9.3199949996E-04    8.6595864149E-01   -5.5496455351E-03    7.1767645749E+01    7.6260945177E-02
    9.3299949996E-04    8.5139498355E-01    1.1565870107E-02    7.1849724438E+01    7.6277410717E-02
    9.3399949996E-04    8.3795928976E-01    3.0061579891E-02    7.1932794754E+01    7.6297972924E-02
    9.3499949996E-04    8.2581505455E-01    4.9788184133E-02    7.2016831873E+01    7.6320950299E-02
    9.3599949996E-04    8.1511259248E-01    7.0586834257E-02    7.2101800655E+01    7.6342475128E-02
    9.3699949996E-04    8.0599108170E-01    9.2291749657E-02    7.2187653236E+01    7.6358331387E-02
    9.3799949996E-04    7.9857897747E-01    1.1473153281E-01    7.2274325473E+01    7.6366053702E-02
    9.3899949996E-04    7.9299222204E-01    1.3772953589E-01    7.2361733514E+01    7.6366241518E-02
    9.3999949996E-04    7.8933016804E-01    1.6110383557E-01    7.2449772182E+01    7.6362415335E-02
    9.4099949996E-04    7.8766993055E-01    1.8466749511E-01    7.2538316210E+01    7.6359515011E-02
    9.4199949996E-04    7.8806064901E-01    2.0822964890E-01    7.2627224103E+01    7.6361869233E-02
    9.4299949996E-04    7.9051944498E-01    2.3159752938E-01    7.2716343184E+01    7.6371685508E-02
    9.4399949996E-04    7.9503032790E-01    2.5457908127E-01    7.2805514239E+01    7.6388696002E-02
    9.4499949996E-04    8.0154616109E-01    2.7698558183E-01    7.2894575048E+01    7.6410871273E-02
    9.4599949996E-04    8.0999279781E-01    2.9863381618E-01    7.2983363198E+01    7.6435571836E-02
    9.4699949996E-04    8.2027412523E-01    3.1934766224E-01    7.3071719143E+01    7.6460431299E-02
    9.4799949996E-04    8.3227701060E-01    3.3895915727E-01    7.3159489970E+01    7.6483602431E-02
    9.4899949996E-04    8.4587561895E-01    3.5730915477E-01    7.3246533463E+01    7.6503464766E-02
    9.4999949996E-04    8.6093480594E-01    3.7424765675E-01    7.3332721522E+01    7.6518176656E-02
    9.5099949996E-04    8.7731226706E-01    3.8963396668E-01    7.3417942284E+01    7.6525420924E-02
    9.5199949996E-04    8.9485920871E-01    4.0333692910E-01    7.3502100991E+01    7.6522452489E-02
    9.5299949996E-04    9.1341980939E-01    4.1523549687E-01    7.3585120075E+01    7.6506330123E-02
    9.5399949996E-04    9.3283037318E-01    4.2521959519E-01    7.3666938748E+01    7.6474138331E-02
    9.5499949996E-04    9.5291915705E-01    4.3319099985E-01    7.3747511999E+01    7.6423063595E-02
    9.5599949996E-04    9.7350686208E-01    4.3906438238E-01    7.3826808802E+01    7.6350297415E-02
    9.5699949996E-04    9.9440706697E-01    4.4276949767E-01    7.3904809706E+01    7.6252841845E-02
    9.5799949996E-04    1.0154269119E+00    4.4425525142E-01    7.3981504111E+01    7.6127379724E-02
    9.5899949996E-04    1.0363713120E+00    4.4349304136E-01    7.4056886995E+01    7.5970410738E-02
    9.5999949996E-04    1.0570507666E+00    4.4047716196E-01    7.4130955583E+01    7.5778761672E-02
    9.6099949996E-04    1.0772860489E+00    4.3522764895E-01    7.4203708711E+01    7.5550344612E-02
    9.6199949996E-04    1.0969154270E+00    4.2778760815E-01    7.4275147118E+01    7.5284809378E-02
    9.6299949996E-04    1.1157975438E+00    4.1822120010E-01    7.4345276022E+01    7.4983644965E-02
    9.6399949996E-04    1.1338135496E+00    4.0660735846E-01    7.4414107195E+01    7.4649622333E-02
    9.6499949996E-04    1.1508663839E+00    3.9303309937E-01    7.4481659747E+01    7.4285897559E-02
    9.6599949996E-04    1.1668777572E+00    3.7758949947E-01    7.4547959568E+01    7.3895291009E-02
    9.6699949996E-04    1.1817851500E+00    3.6036986817E-01    7.4613037608E+01    7.3480129908E-02
    9.6799949996E-04    1.1955414877E+00    3.4146371779E-01    7.4676926181E+01    7.3042592263E-02
    9.6899949996E-04    1.2081118725E+00    3.2096365995E-01    7.4739659554E+01    7.2585217802E-02
    9.6999949996E-04    1.2194780223E+00    2.9894695290E-01    7.4801267935E+01    7.2111112976E-02
    9.7099949996E-04    1.2296312729E+00    2.7550399513E-01    7.4861785416E+01    7.1623875561E-02
    9.7199949996E-04    1.2385774786E+00    2.5072405560E-01    7.4921246431E+01    7.1127606644E-02
    9.7299949996E-04    1.2463372136E+00    2.2469449194E-01    7.4979685357E+01    7.0627416919E-02
    9.7399949996E-04    1.2529440893E+00    1.9751433840E-01    7.5037142221E+01    7.0130665868E-02
    9.7499949996E-04    1.2584451190E+00    1.6928940231E-01    7.5093664784E+01    6.9648484150E-02
    9.7599949996E-04    1.2628976840E+00    1.4014063820E-01    7.5149317092E+01    6.9196708777E-02
    9.7699949996E-04    1.2663654735E+00    1.1020417866E-01    7.5204187259E+01    6.8795330969E-02
    9.7799949996E-04    1.2689121166E+00    7.9639523528E-02    7.5258397355E+01    6.8466314291E-02
    9.7899949996E-04    1.2705947320E+00    4.8615580040E-02    7.5312101244E+01    6.8230330605E-02
    9.7999949996E-04    1.2714566976E+00    1.7308766777E-02    7.5365481827E+01    6.8103434610E-02
    9.8099949996E-04    1.2715220520E+00   -1.4100395605E-02    7.5418742231E+01    6.8094559369E-02
    9.8199949996E-04    1.2707923348E+00   -4.5430620891E-02    7.5472093126E+01    6.8204199696E-02
    9.8299949996E-04    1.2692463682E+00   -7.6501382019E-02    7.5525739256E+01    6.8424346987E-02
    9.8399949996E-04    1.2668430375E+00   -1.0713544532E-01    7.5579866750E+01    6.8739666020E-02
    9.8499949996E-04    1.2635265115E+00   -1.3716418480E-01    7.5634632965E+01    6.9129862440E-02
    9.8599949996E-04    1.2592335087E+00   -1.6642515054E-01    7.5690164675E+01    6.9572923929E-02
    9.8699949996E-04    1.2538996461E+00   -1.9478074276E-01    7.5746553485E+01    7.0048442904E-02
    9.8799949996E-04    1.2474660886E+00   -2.2210815664E-01    7.5803866064E+01    7.0539976507E-02
    9.8899949996E-04    1.2398838276E+00   -2.4830043194E-01    7.5862151637E+01    7.1035821650E-02
    9.8999949996E-04    1.2311168157E+00   -2.7325880379E-01    7.5921450621E+01    7.1528243365E-02
    9.9099949996E-04    1.2211423672E+00   -2.9689404953E-01    7.5981798123E+01    7.2011968106E-02
    9.9199949996E-04    1.2099518562E+00   -3.1911896104E-01    7.6043228039E+01    7.2482865350E-02
    9.9299949996E-04    1.1975516384E+00   -3.3984264152E-01    7.6105774776E+01    7.2937326794E-02
    9.9399949996E-04    1.1839578085E+00   -3.5898774858E-01    7.6169468596E+01    7.3372230530E-02
    9.9499949996E-04    1.1692023821E+00   -3.7646345832E-01    7.6234343478E+01    7.3785007887E-02
    9.9599949996E-04    1.1533299819E+00   -3.9218012543E-01    7.6300432176E+01    7.4173513669E-02
    9.9699949996E-04    1.1363999055E+00   -4.0604541917E-01    7.6367766105E+01    7.4535537528E-02
    9.9799949996E-04    1.1184874919E+00   -4.1796723820E-01    7.6436372554E+01    7.4868402522E-02
    9.9899949996E-04    1.0996865797E+00   -4.2785688435E-01    7.6506272377E+01    7.5169032157E-02
    9.9999949996E-04    1.0801113979E+00   -4.3563469335E-01    7.6577478671E+01    7.5434597320E-02
    1.0009995000E-03    1.0599002594E+00   -4.4123220150E-01    7.6649998530E+01    7.5663423265E-02
    1.0019995000E-03    1.0392109167E+00   -4.4460326115E-01    7.6723833655E+01    7.5855620300E-02
    1.0029995000E-03    1.0182207500E+00   -4.4572258893E-01    7.6798984157E+01    7.6013101359E-02
    1.0039995000E-03    9.9711799937E-01   -4.4459127990E-01    7.6875448408E+01    7.6138990289E-02
    1.0049995000E-03    9.7609656809E-01   -4.4123431265E-01    7.6953222663E+01    7.6236845776E-02
    1.0059995000E-03    9.5535015191E-01   -4.3569837608E-01    7.7032298543E+01    7.6310092422E-02
    1.0069995000E-03    9.3506649286E-01   -4.2804993570E-01    7.7112659386E+01    7.6361818063E-02
    1.0079995000E-03    9.1542554520E-01   -4.1837155995E-01    7.7194277274E+01    7.6394868312E-02
    1.0089995000E-03    8.9659946969E-01   -4.0675901864E-01    7.7277110682E+01    7.6412048865E-02
    1.0099995000E-03    8.7875281207E-01   -3.9331977363E-01    7.7361102699E+01    7.6416259405E-02
    1.0109995000E-03    8.6204289137E-01   -3.7817212517E-01    7.7446179877E+01    7.6410460136E-02
    1.0119995000E-03    8.4662038915E-01   -3.6144459454E-01    7.7532251588E+01    7.6397472166E-02
    1.0129995000E-03    8.3262963626E-01   -3.4327549318E-01    7.7619209830E+01    7.6379726372E-02
    1.0139995000E-03    8.2020801672E-01   -3.2381264342E-01    7.7706929809E+01    7.6359155754E-02
    1.0149995000E-03    8.0948419525E-01   -3.0321312408E-01    7.7795271789E+01    7.6337384967E-02
    1.0159995000E-03    8.0057511487E-01   -2.8164290646E-01    7.7884084313E+01    7.6316165985E-02
    1.0169995000E-03    7.9358183728E-01   -2.5927626820E-01    7.7973208248E+01    7.6297747305E-02
    1.0179995000E-03    7.8858448908E-01   -2.3629485423E-01    7.8062480677E+01    7.6284768179E-02
    1.0189995000E-03    7.8563693880E-01   -2.1288622393E-01    7.8151738101E+01    7.6279490870E-02
    1.0199995000E-03    7.8476223589E-01   -1.8924177662E-01    7.8240819242E+01    7.6282637928E-02
    1.0209995000E-03    7.8595002447E-01   -1.6555414978E-01    7.8329568423E+01    7.6292498013E-02
    1.0219995000E-03    7.8915692094E-01   -1.4201448097E-01    7.8417840107E+01    7.6304996977E-02
    1.0229995000E-03    7.9431006923E-01   -1.1881012576E-01    7.8505504135E+01    7.6314982963E-02
    1.0239995000E-03    8.0131288058E-01   -9.6123301245E-02    7.8592450095E+01    7.6318249334E-02
    1.0249995000E-03    8.1005111752E-01   -7.4130668836E-02    7.8678589234E+01    7.6313285593E-02
    1.0259995000E-03    8.2039762343E-01   -5.3003384479E-02    7.8763853339E+01    7.6301807644E-02
    1.0269995000E-03    8.3221479505E-01   -3.2906925439E-02    7.8848191445E+01    7.6287764224E-02
    1.0279995000E-03    8.4535474006E-01   -1.4000085159E-02    7.8931566056E+01    7.6275331028E-02
    1.0289995000E-03    8.5965762266E-01    3.5672521527E-03    7.9013950358E+01    7.6266903872E-02
    1.0299995000E-03    8.7494893929E-01    1.9657807380E-02    7.9095326909E+01    7.6262044092E-02
    1.0309995000E-03    8.9103666499E-01    3.4152308854E-02    7.9175687145E+01    7.6257799283E-02
    1.0319995000E-03    9.0770960638E-01    4.6956712766E-02    7.9255030521E+01    7.6250142388E-02
    1.0329995000E-03    9.2473875393E-01    5.8010787056E-02    7.9333362339E+01    7.6235798514E-02
    1.0339995000E-03    9.4188341023E-01    6.7296532078E-02    7.9410690282E+01    7.6213651131E-02
    1.0349995000E-03    9.5890274911E-01    7.4843850377E-02    7.9487020752E+01    7.6185197070E-02
    1.0359995000E-03    9.7557123726E-01    8.0730767578E-02    7.9562356553E+01    7.6153976673E-02
    1.0369995000E-03    9.9169407623E-01    8.5077002325E-02    7.9636696976E+01    7.6124341750E-02
    1.0379995000E-03    1.0071183197E+00    8.8032105971E-02    7.9710040131E+01    7.6100162516E-02
    1.0389995000E-03    1.0217372320E+00    8.9761093915E-02    7.9782386265E+01    7.6084012277E-02
    1.0399995000E-03    1.0354880722E+00    9.0430806482E-02    7.9853740567E+01    7.6077058039E-02
    1.0409995000E-03    1.0483454704E+00    9.0199171079E-02    7.9924114574E+01    7.6079523943E-02
    1.0419995000E-03    1.0603131057E+00    8.9208024897E-02    7.9993526108E+01    7.6091375901E-02
    1.0429995000E-03    1.0714157120E+00    8.7579131151E-02    8.0061998206E+01    7.6112873890E-02
    1.0439995000E-03    1.0816923488E+00    8.5412698510E-02    8.0129557564E+01    7.6144817303E-02
    1.0449995000E-03    1.0911910542E+00    8.2787751539E-02    8.0196232892E+01    7.6188557916E-02
    1.0459995000E-03    1.0999646341E+00    7.9763815655E-02    8.0262053389E+01    7.6245999161E-02
    1.0469995000E-03    1.1080673130E+00    7.6383505692E-02    8.0327047459E+01    7.6319694819E-02
    1.0479995000E-03    1.1155520520E+00    7.2675839966E-02    8.0391241748E+01    7.6412874965E-02
    1.0489995000E-03    1.1224682922E+00    6.8660625566E-02    8.0454660700E+01    7.6529074161E-02
    1.0499995000E-03    1.1288599381E+00    6.4354442038E-02    8.0517326975E+01    7.6671275790E-02
    1.0509995000E-03    1.1347647349E+00    5.9775245612E-02    8.0579262037E+01    7.6840977139E-02
    1.0519995000E-03    1.1402157408E+00    5.4941924006E-02    8.0640485976E+01    7.7037812702E-02
    1.0529995000E-03    1.1452405555E+00    4.9879250546E-02    8.0701020022E+01    7.7260045073E-02
    1.0539995000E-03    1.1498626955E+00    4.4617196937E-02    8.0760887730E+01    7.7505623343E-02
    1.0549995000E-03    1.1541035004E+00    3.9187723677E-02    8.0820115031E+01    7.7772948167E-02
    1.0559995000E-03    1.1579822667E+00    3.3627586525E-02    8.0878731391E+01    7.8060584625E-02
    1.0569995000E-03    1.1615185064E+00    2.7973974369E-02    8.0936768154E+01    7.8365903285E-02
    1.0579995000E-03    1.1647307264E+00    2.2273225994E-02    8.0994260267E+01    7.8683621287E-02
    1.0589995000E-03    1.1676380486E+00    1.6576279103E-02    8.1051244420E+01    7.9005713537E-02
    1.0599995000E-03    1.1702594972E+00    1.0939370380E-02    8.1107760255E+01    7.9323249718E-02
    1.0609995000E-03    1.1726133999E+00    5.4193587953E-03    8.1163851149E+01    7.9629254794E-02
    1.0619995000E-03    1.1747163151E+00    6.7365920148E-05    8.1219564476E+01    7.9919978966E-02
    1.0629995000E-03    1.1765813563E+00   -5.0733441007E-03    8.1274952094E+01    8.0192332304E-02
    1.0639995000E-03    1.1782167483E+00   -9.9682285959E-03    8.1330068782E+01    8.0438482487E-02
    1.0649995000E-03    1.1796238932E+00   -1.4585833731E-02    8.1384970700E+01    8.0642486762E-02
    1.0659995000E-03    1.1807956520E+00   -1.8896378427E-02    8.1439712138E+01    8.0784251377E-02
    1.0669995000E-03    1.1817153248E+00   -2.2883299558E-02    8.1494340050E+01    8.0850150685E-02
    1.0679995000E-03    1.1823571788E+00   -2.6554319724E-02    8.1548892791E+01    8.0841803368E-02
    1.0689995000E-03    1.1826901999E+00   -2.9949816430E-02    8.1603402052E+01    8.0774599935E-02
    1.0699995000E-03    1.1826840370E+00   -3.3140182590E-02    8.1657897466E+01    8.0667531201E-02
    1.0709995000E-03    1.1823145281E+00   -3.6210985307E-02    8.1712411920E+01    8.0534301102E-02
    1.0719995000E-03    1.1815671068E+00   -3.9242546387E-02    8.1766985482E+01    8.0381860932E-02
    1.0729995000E-03    1.1804379380E+00   -4.2309449702E-02    8.1821660914E+01    8.0212306733E-02
    1.0739995000E-03    1.1789336692E+00   -4.5485753186E-02    8.1876477316E+01    8.0022079780E-02
    1.0749995000E-03    1.1770704870E+00   -4.8834590490E-02    8.1931470551E+01    7.9800072971E-02
    1.0759995000E-03    1.1748708744E+00   -5.2403209667E-02    8.1986674382E+01    7.9530858275E-02
    1.0769995000E-03    1.1723588416E+00   -5.6212124028E-02    8.2042126635E+01    7.9203691301E-02
    1.0779995000E-03    1.1695542218E+00   -6.0262752191E-02    8.2097870573E+01    7.8819685172E-02
    1.0789995000E-03    1.1664693820E+00   -6.4541491807E-02    8.2153955768E+01    7.8390372515E-02
    1.0799995000E-03    1.1631081357E+00   -6.9026936290E-02    8.2210434789E+01    7.7929774532E-02
    1.0809995000E-03    1.1594662157E+00   -7.3691329395E-02    8.2267359292E+01    7.7448290328E-02
    1.0819995000E-03    1.1555331089E+00   -7.8494309244E-02    8.2324777774E+01    7.6952839742E-02
    1.0829995000E-03    1.1512932451E+00   -8.3383571185E-02    8.2382734333E+01    7.6451000170E-02
    1.0839994999E-03    1.1467266686E+00   -8.8301118002E-02    8.2441267810E+01    7.5953696655E-02
    1.0849994999E-03    1.1418106859E+00   -9.3186530085E-02    8.2500413360E+01    7.5474058262E-02
    1.0859994999E-03    1.1365202677E+00   -9.7984595949E-02    8.2560203024E+01    7.5023823927E-02
    1.0869994999E-03    1.1308306984E+00   -1.0264080742E-01    8.2620668412E+01    7.4610363098E-02
    1.0879994999E-03    1.1247153056E+00   -1.0711026673E-01    8.2681837259E+01    7.4236218187E-02
    1.0889994999E-03    1.1181485886E+00   -1.1134526739E-01    8.2743736563E+01    7.3900776607E-02
    1.0899994999E-03    1.1111027049E+00   -1.1530326830E-01    8.2806388883E+01    7.3602416469E-02
    1.0909994999E-03    1.1035516727E+00   -1.1893362379E-01    8.2869817080E+01    7.3339732449E-02
    1.0919994999E-03    1.0954680696E+00   -1.2218603214E-01    8.2934042605E+01    7.3111368811E-02
    1.0929994999E-03    1.0868207105E+00   -1.2501396148E-01    8.2999085892E+01    7.2915049430E-02
    1.0939994999E-03    1.0775772825E+00   -1.2736738575E-01    8.3064969700E+01    7.2746888448E-02
    1.0949994999E-03    1.0677055090E+00   -1.2919046529E-01    8.3131719346E+01    7.2601561407E-02
    1.0959994999E-03    1.0571686202E+00   -1.3042877803E-01    8.3199358569E+01    7.2473296864E-02
    1.0969994999E-03    1.0459313656E+00   -1.3101863435E-01    8.3267910669E+01    7.2357218184E-02
    1.0979994999E-03    1.0339636593E+00   -1.3088442616E-01    8.3337396810E+01    7.2250241865E-02
    1.0989994999E-03    1.0212432608E+00   -1.2993963138E-01    8.3407833635E+01    7.2151219544E-02
    1.0999994999E-03    1.0077618073E+00   -1.2808544984E-01    8.3479232625E+01    7.2060464903E-02
    1.1009994999E-03    9.9353180385E-01   -1.2521124212E-01    8.3551600194E+01    7.1978929419E-02
    1.1019994999E-03    9.7859337613E-01   -1.2119776504E-01    8.3624938538E+01    7.1907285920E-02
    1.1029994999E-03    9.6302009325E-01   -1.1592289640E-01    8.3699247467E+01    7.1845159862E-02
    1.1039994999E-03    9.4692240507E-01   -1.0926968272E-01    8.3774526984E+01    7.1790744643E-02
    1.1049994999E-03    9.3044674430E-01   -1.0113617468E-01    8.3850779811E+01    7.1740982810E-02
    1.1059994999E-03    9.1376973746E-01   -9.1445106195E-02    8.3928012997E+01    7.1692323327E-02
    1.1069994999E-03    8.9708867622E-01   -8.0151142728E-02    8.4006237855E+01    7.1641811966E-02
    1.1079994999E-03    8.8061081394E-01   -6.7244142825E-02    8.4085467991E+01    7.1588068241E-02
    1.1089994999E-03    8.6454379545E-01   -5.2748526200E-02    8.4165715865E+01    7.1531682211E-02
    1.1099994999E-03    8.4908783942E-01   -3.6720210192E-02    8.4246988871E+01    7.1474768451E-02
    1.1109994999E-03    8.3443111489E-01   -1.9241900106E-02    8.4329286466E+01    7.1419781616E-02
    1.1119994999E-03    8.2074866366E-01   -4.1773028923E-04    8.4412599103E+01    7.1368086400E-02
    1.1129994999E-03    8.0820410155E-01    1.9631822438E-02    8.4496908429E+01    7.1318987720E-02
    1.1139994999E-03    7.9695226544E-01    4.0774001591E-02    8.4582187260E+01    7.1269797125E-02
    1.1149994999E-03    7.8714070475E-01    6.2866435010E-02    8.4668397866E+01    7.1217032820E-02
    1.1159994999E-03    7.7890928337E-01    8.5758594544E-02    8.4755488260E+01    7.1158241422E-02
    1.1169994999E-03    7.7238872442E-01    1.0929248169E-01    8.4843387601E+01    7.1093537212E-02
    1.1179994999E-03    7.6769788768E-01    1.3330272052E-01    8.4932002515E+01    7.1026037117E-02
    1.1189994999E-03    7.6493910512E-01    1.5761645953E-01    8.5021216140E+01    7.0960932098E-02
    1.1199994999E-03    7.6419081387E-01    1.8205378583E-01    8.5110890671E+01    7.0903675791E-02
    1.1209994999E-03    7.6550075872E-01    2.0642943181E-01    8.5200872716E+01    7.0858222965E-02
    1.1219994999E-03    7.6888274702E-01    2.3055555211E-01    8.5290999374E+01    7.0826122931E-02
    1.1229994999E-03    7.7431623043E-01    2.5424479906E-01    8.5381103200E+01    7.0806700448E-02
    1.1239994999E-03    7.8174840429E-01    2.7731312442E-01    8.5471015635E+01    7.0797971096E-02
    1.1249994999E-03    7.9109847031E-01    2.9958198054E-01    8.5560569724E+01    7.0797666354E-02
    1.1259994999E-03    8.0226316436E-01    3.2087987629E-01    8.5649603285E+01    7.0803843194E-02
    1.1269994999E-03    8.1512238400E-01    3.4104345743E-01    8.5737963033E+01    7.0814900329E-02
    1.1279994999E-03    8.2954405877E-01    3.5991831752E-01    8.5825509013E+01    7.0829205566E-02
    1.1289994999E-03    8.4538786552E-01    3.7735965100E-01    8.5912118099E+01    7.0844725878E-02
    1.1299994999E-03    8.6250770251E-01    3.9323275033E-01    8.5997685710E+01    7.0858943510E-02
    1.1309994999E-03    8.8075298708E-01    4.0741330644E-01    8.6082125798E+01    7.0869063425E-02
    1.1319994999E-03    8.9996894482E-01    4.1978751686E-01    8.6165369841E+01    7.0872305466E-02
    1.1329994999E-03    9.1999614666E-01    4.3025212584E-01    8.6247365541E+01    7.0866059392E-02
    1.1339994999E-03    9.4066957295E-01    4.3871470212E-01    8.6328075473E+01    7.0847812002E-02
    1.1349994999E-03    9.6181755714E-01    4.4509459646E-01    8.6407475512E+01    7.0814903858E-02
    1.1359994999E-03    9.8326125677E-01    4.4932489114E-01    8.6485552762E+01    7.0764259287E-02
    1.1369994999E-03    1.0048155640E+00    4.5135522361E-01    8.6562302839E+01    7.0692257724E-02
    1.1379994999E-03    1.0262920206E+00    4.5115505957E-01    8.6637726840E+01    7.0594895048E-02
    1.1389994999E-03    1.0475030467E+00    4.4871754725E-01    8.6711828942E+01    7.0468300930E-02
    1.1399994999E-03    1.0682682548E+00    4.4406185228E-01    8.6784615022E+01    7.0309510221E-02
    1.1409994999E-03    1.0884232506E+00    4.3723000397E-01    8.6856091916E+01    7.0117167079E-02
    1.1419994999E-03    1.1078222481E+00    4.2828695485E-01    8.6926270024E+01    6.9891738739E-02
    1.1429994999E-03    1.1263413351E+00    4.1731521858E-01    8.6995165377E+01    6.9635093277E-02
    1.1439994999E-03    1.1438812707E+00    4.0440321619E-01    8.7062799313E+01    6.9349668778E-02
    1.1449994999E-03    1.1603618429E+00    3.8964576766E-01    8.7129199973E+01    6.9037699061E-02
    1.1459994999E-03    1.1757207031E+00    3.7313757500E-01    8.7194399723E+01    6.8700932650E-02
    1.1469994999E-03    1.1899123835E+00    3.5496625982E-01    8.7258431426E+01    6.8340873196E-02
    1.1479994999E-03    1.2029036405E+00    3.3521976641E-01    8.7321329014E+01    6.7959261516E-02
    1.1489994999E-03    1.2146735459E+00    3.1398651106E-01    8.7383126954E+01    6.7558420736E-02
    1.1499994999E-03    1.2252165343E+00    2.9134184768E-01    8.7443856048E+01    6.7141252211E-02
    1.1509994999E-03    1.2345377177E+00    2.6736772555E-01    8.7503549368E+01    6.6711096999E-02
    1.1519994999E-03    1.2426549310E+00    2.4214977246E-01    8.7562241776E+01    6.6272039234E-02
    1.1529994999E-03    1.2495994078E+00    2.1577587610E-01    8.7619970181E+01    6.5829767782E-02
    1.1539994999E-03    1.2554147200E+00    1.8834173331E-01    8.7676777400E+01    6.5392971909E-02
    1.1549994999E-03    1.2601551057E+00    1.5995328867E-01    8.7732717656E+01    6.4974505728E-02
    1.1559994999E-03    1.2638816784E+00    1.3073601188E-01    8.7787866619E+01    6.4591595656E-02
    1.1569994999E-03    1.2666578868E+00    1.0083190114E-01    8.7842327260E+01    6.4264609631E-02
    1.1579994999E-03    1.2685431934E+00    7.0397102558E-02    8.7896234014E+01    6.4014508983E-02
    1.1589994999E-03    1.2695863680E+00    3.9598102988E-02    8.7949752038E+01    6.3859763933E-02
    1.1599994999E-03    1.2698195922E+00    8.6087875578E-03    8.8003071601E+01    6.3813489571E-02
    1.1609994999E-03    1.2692545171E+00   -2.2391946934E-02    8.8056398017E+01    6.3881377535E-02
    1.1619994999E-03    1.2678809589E+00   -5.3223713256E-02    8.8109938206E+01    6.4060763005E-02
    1.1629994999E-03    1.2656683622E+00   -8.3709895048E-02    8.8163886262E+01    6.4340989765E-02
    1.1639994999E-03    1.2625700004E+00   -1.1367793553E-01    8.8218413416E+01    6.4705136048E-02
    1.1649994999E-03    1.2585290596E+00   -1.4296490078E-01    8.8273660471E+01    6.5132874449E-02
    1.1659994999E-03    1.2534856675E+00   -1.7141961613E-01    8.8329737119E+01    6.5603803312E-02
    1.1669994999E-03    1.2473828702E+00   -1.9891100999E-01    8.8386723416E+01    6.6100268295E-02
    1.1679994999E-03    1.2401720262E+00   -2.2532132823E-01    8.8444679149E+01    6.6608776665E-02
    1.1689994999E-03    1.2318153239E+00   -2.5054928815E-01    8.8503649739E+01    6.7119891592E-02
    1.1699994999E-03    1.2222891834E+00   -2.7449377395E-01    8.8563676275E+01    6.7627054154E-02
    1.1709994999E-03    1.2115827011E+00   -2.9706565801E-01    8.8624794095E+01    6.8125277424E-02
    1.1719994999E-03    1.1996987388E+00   -3.1817638204E-01    8.8687037620E+01    6.8610289728E-02
    1.1729994999E-03    1.1866547039E+00   -3.3773406578E-01    8.8750441272E+01    6.9078383989E-02
    1.1739994999E-03    1.1724801057E+00   -3.5565148937E-01    8.8815037337E+01    6.9526471769E-02
    1.1749994999E-03    1.1572194620E+00   -3.7183535692E-01    8.8880858676E+01    6.9951969571E-02
    1.1759994999E-03    1.1409304121E+00   -3.8619470058E-01    8.8947935171E+01    7.0352418890E-02
    1.1769994999E-03    1.1236909095E+00   -3.9862855341E-01    8.9016295442E+01    7.0724999451E-02
    1.1779994999E-03    1.1055932083E+00   -4.0904850241E-01    8.9085958920E+01    7.1066417498E-02
    1.1789994999E-03    1.0867504130E+00   -4.1737175324E-01    8.9156937547E+01    7.1373348292E-02
    1.1799994999E-03    1.0672974534E+00   -4.2352829056E-01    8.9229235592E+01    7.1643309980E-02
    1.1809994999E-03    1.0473879113E+00   -4.2747017554E-01    8.9302850490E+01    7.1875426438E-02
    1.1819994999E-03    1.0271940224E+00   -4.2917111880E-01    8.9377776484E+01    7.2070621729E-02
    1.1829994999E-03    1.0069016012E+00   -4.2862933739E-01    8.9454005801E+01    7.2231201752E-02
    1.1839994999E-03    9.8670169118E-01   -4.2586963759E-01    8.9531527602E+01    7.2360105057E-02
    1.1849994999E-03    9.6678669390E-01   -4.2093903035E-01    8.9610326515E+01    7.2460281375E-02
    1.1859994999E-03    9.4734521315E-01   -4.1390440416E-01    8.9690379403E+01    7.2534424933E-02
    1.1869994999E-03    9.2855874777E-01   -4.0484964892E-01    8.9771652201E+01    7.2585023789E-02
    1.1879994999E-03    9.1059971174E-01   -3.9387317675E-01    8.9854097355E+01    7.2614529837E-02
    1.1889994999E-03    8.9363144949E-01   -3.8108551140E-01    8.9937652286E+01    7.2625473541E-02
    1.1899994999E-03    8.7780974191E-01   -3.6660736384E-01    9.0022238668E+01    7.2620438130E-02
    1.1909994999E-03    8.6328357351E-01   -3.5056898030E-01    9.0107762048E+01    7.2601907191E-02
    1.1919994999E-03    8.5019371178E-01   -3.3311048788E-01    9.0194111806E+01    7.2572089254E-02
    1.1929994999E-03    8.3867002109E-01   -3.1438209465E-01    9.0281162125E+01    7.2532867127E-02
    1.1939994999E-03    8.2882935015E-01   -2.9454346279E-01    9.0368774450E+01    7.2485963426E-02
    1.1949994999E-03    8.2077426191E-01   -2.7376260055E-01    9.0456801183E+01    7.2433247576E-02
    1.1959994999E-03    8.1459094658E-01   -2.5221489144E-01    9.0545089691E+01    7.2376929667E-02
    1.1969994999E-03    8.1034508055E-01   -2.3008221647E-01    9.0633485784E+01    7.2319357457E-02
    1.1979994999E-03    8.0807706626E-01   -2.0755156326E-01    9.0721836515E+01    7.2262347702E-02
    1.1989994999E-03    8.0779982049E-01   -1.8481290418E-01    9.0809992666E+01    7.2206346005E-02
    1.1999994999E-03    8.0949919821E-01   -1.6205699362E-01    9.0897811445E+01    7.2149967411E-02
    1.2009994999E-03    8.1313508443E-01   -1.3947360085E-01    9.0985159929E+01    7.2090387670E-02
    1.2019994999E-03    8.1864357764E-01   -1.1725024065E-01    9.1071919054E+01    7.2024590101E-02
    1.2029994999E-03    8.2594015501E-01   -9.5571438415E-02    9.1157987033E+01    7.1950891562E-02
    1.2039994999E-03    8.3492302274E-01   -7.4618390056E-02    9.1243280896E+01    7.1869897111E-02
    1.2049994999E-03    8.4547482405E-01   -5.4568511785E-02    9.1327735722E+01    7.1784295635E-02
    1.2059994999E-03    8.5746240353E-01   -3.5594281425E-02    9.1411302243E+01    7.1697549871E-02
    1.2069994999E-03    8.7073616058E-01   -1.7861218408E-02    9.1493943823E+01    7.1612134863E-02
    1.2079994999E-03    8.8512872926E-01   -1.5247106977E-03    9.1575633867E+01    7.1528189118E-02
    1.2089994999E-03    9.0045123420E-01    1.3275461793E-02    9.1656354496E+01    7.1443203434E-02
    1.2099994999E-03    9.1649080419E-01    2.6422890250E-02    9.1736095692E+01    7.1352874031E-02
    1.2109994999E-03    9.3301340353E-01    3.7833241441E-02    9.1814853430E+01    7.1252736720E-02
    1.2119994999E-03    9.4977078136E-01    4.7463223012E-02    9.1892626719E+01    7.1139905985E-02
    1.2129994999E-03    9.6651058549E-01    5.5318513194E-02    9.1969414580E+01    7.1014236058E-02
    1.2139994999E-03    9.8299254126E-01    6.1456026216E-02    9.2045213451E+01    7.0878472759E-02
    1.2149994999E-03    9.9900763424E-01    6.5977475252E-02    9.2120016034E+01    7.0737386411E-02
    1.2159994999E-03    1.0143892237E+00    6.9018926731E-02    9.2193813645E+01    7.0596341074E-02
    1.2169994999E-03    1.0290171800E+00    7.0737667695E-02    9.2266600213E+01    7.0460004664E-02
    1.2179994999E-03    1.0428167637E+00    7.1298062918E-02    9.2338375519E+01    7.0331684542E-02
    1.2189994999E-03    1.0557512475E+00    7.0861215718E-02    9.2409147232E+01    7.0213335066E-02
    1.2199994999E-03    1.0678123544E+00    6.9578657294E-02    9.2478931244E+01    7.0106041888E-02
    1.2209994999E-03    1.0790117180E+00    6.7588615557E-02    9.2547750601E+01    7.0010696247E-02
    1.2219994999E-03    1.0893749152E+00    6.5013069152E-02    9.2615633626E+01    6.9928563192E-02
    1.2229994999E-03    1.0989381619E+00    6.1954344902E-02    9.2682611615E+01    6.9861518587E-02
    1.2239994999E-03    1.1077452744E+00    5.8493695793E-02    9.2748717091E+01    6.9811845443E-02
    1.2249994999E-03    1.1158447166E+00    5.4692136810E-02    9.2813982538E+01    6.9781665214E-02
    1.2259994999E-03    1.1232869546E+00    5.0592861534E-02    9.2878439323E+01    6.9772336786E-02
    1.2269994999E-03    1.1301222457E+00    4.6224325685E-02    9.2942116767E+01    6.9784243119E-02
    1.2279994999E-03    1.1363987504E+00    4.1603620505E-02    9.3005041606E+01    6.9817095828E-02
    1.2289994999E-03    1.1421610002E+00    3.6739994953E-02    9.3067238011E+01    6.9870418575E-02
    1.2299994999E-03    1.1474488463E+00    3.1638414147E-02    9.3128728065E+01    6.9943691619E-02
    1.2309994999E-03    1.1522967489E+00    2.6303522309E-02    9.3189532726E+01    7.0035977320E-02
    1.2319994999E-03    1.1567330222E+00    2.0744933851E-02    9.3249673615E+01    7.0145384147E-02
    1.2329994999E-03    1.1607796356E+00    1.4982049243E-02    9.3309175169E+01    7.0268938537E-02
    1.2339994999E-03    1.1644547213E+00    9.0403177721E-03    9.3368064285E+01    7.0403080870E-02
    1.2349994999E-03    1.1677743186E+00    2.9478411001E-03    9.3426369961E+01    7.0544385240E-02
    1.2359994999E-03    1.1707522269E+00   -3.2613605030E-03    9.3484124742E+01    7.0689878808E-02
    1.2369994999E-03    1.1734014544E+00   -9.5486334865E-03    9.3541364071E+01    7.0836674505E-02
    1.2379994999E-03    1.1757356896E+00   -1.5872896020E-02    9.3598124972E+01    7.0981182581E-02
    1.2389994999E-03    1.1777694914E+00   -2.2188883497E-02    9.3654446386E+01    7.1118710709E-02
    1.2399994999E-03    1.1795186027E+00   -2.8449074149E-02    9.3710369109E+01    7.1244209771E-02
    1.2409994999E-03    1.1809991460E+00   -3.4604287113E-02    9.3765937218E+01    7.1353998234E-02
    1.2419994999E-03    1.1822266071E+00   -4.0606711032E-02    9.3821198998E+01    7.1447083979E-02
    1.2429994999E-03    1.1832147760E+00   -4.6415751332E-02    9.3876206040E+01    7.1524182613E-02
    1.2439994999E-03    1.1839738885E+00   -5.1996747507E-02    9.3931012929E+01    7.1583851514E-02
    1.2449994999E-03    1.1845088883E+00   -5.7315639208E-02    9.3985676393E+01    7.1618071490E-02
    1.2459994999E-03    1.1848180211E+00   -6.2337298492E-02    9.4040252476E+01    7.1611595312E-02
    1.2469994999E-03    1.1848913599E+00   -6.7030408591E-02    9.4094792980E+01    7.1547542713E-02
    1.2479994999E-03    1.1847098612E+00   -7.1379007615E-02    9.4149342741E+01    7.1416244157E-02
    1.2489994999E-03    1.1842462345E+00   -7.5399515672E-02    9.4203937683E+01    7.1220350799E-02
    1.2499994999E-03    1.1834684797E+00   -7.9140551498E-02    9.4258609134E+01    7.0972240807E-02
    1.2509994999E-03    1.1823453552E+00   -8.2673697153E-02    9.4313388714E+01    7.0687062259E-02
    1.2519994999E-03    1.1808512166E+00   -8.6082678088E-02    9.4368310334E+01    7.0377615991E-02
    1.2529994999E-03    1.1789691571E+00   -8.9449135413E-02    9.4423411015E+01    7.0052924832E-02
    1.2539994999E-03    1.1766926022E+00   -9.2843063698E-02    9.4478729666E+01    6.9717486260E-02
    1.2549994999E-03    1.1740252033E+00   -9.6322164726E-02    9.4534303801E+01    6.9369826758E-02
    1.2559994999E-03    1.1709790463E+00   -9.9929125021E-02    9.4590169577E+01    6.9003115475E-02
    1.2569994999E-03    1.1675712555E+00   -1.0368663352E-01    9.4646365089E+01    6.8609550505E-02
    1.2579994999E-03    1.1638188530E+00   -1.0760162029E-01    9.4702931888E+01    6.8186043085E-02
    1.2589994999E-03    1.1597348877E+00   -1.1166582979E-01    9.4759916739E+01    6.7735983816E-02
    1.2599994999E-03    1.1553255917E+00   -1.1586259933E-01    9.4817369005E+01    6.7266317860E-02
    1.2609994999E-03    1.1505896501E+00   -1.2016818414E-01    9.4875337147E+01    6.6783273338E-02
    1.2619994999E-03    1.1455198016E+00   -1.2454399916E-01    9.4933867587E+01    6.6291712604E-02
    1.2629994999E-03    1.1401020769E+00   -1.2894465544E-01    9.4993000648E+01    6.5797449794E-02
    1.2639994999E-03    1.1343174091E+00   -1.3331594787E-01    9.5052771664E+01    6.5309451825E-02
    1.2649994999E-03    1.1281417892E+00   -1.3760273702E-01    9.5113211278E+01    6.4839121795E-02
    1.2659994999E-03    1.1215514345E+00   -1.4173997369E-01    9.5174351633E+01    6.4397175203E-02
    1.2669994999E-03    1.1145184355E+00   -1.4567513131E-01    9.5236220001E+01    6.3990480045E-02
    1.2679994999E-03    1.1070171492E+00   -1.4935001933E-01    9.5298845282E+01    6.3621016273E-02
    1.2689994999E-03    1.0990215234E+00   -1.5270984046E-01    9.5362253578E+01    6.3287104974E-02
    1.2699994999E-03    1.0905096107E+00   -1.5569115002E-01    9.5426471113E+01    6.2985556361E-02
    1.2709994999E-03    1.0814613622E+00   -1.5822815702E-01    9.5491521948E+01    6.2713355435E-02
    1.2719994999E-03    1.0718589289E+00   -1.6025229522E-01    9.5557428978E+01    6.2468032826E-02
    1.2729994999E-03    1.0616838715E+00   -1.6169758654E-01    9.5624213463E+01    6.2247199528E-02
    1.2739994999E-03    1.0509232930E+00   -1.6248982461E-01    9.5691899199E+01    6.2048079728E-02
    1.2749994999E-03    1.0395600755E+00   -1.6256361795E-01    9.5760506195E+01    6.1867356776E-02
    1.2759994999E-03    1.0275798104E+00   -1.6184998291E-01    9.5830053325E+01    6.1701840532E-02
    1.2769994999E-03    1.0149738388E+00   -1.6027436292E-01    9.5900556751E+01    6.1549219208E-02
    1.2779994999E-03    1.0017409865E+00   -1.5775830397E-01    9.5972027490E+01    6.1408427879E-02
    1.2789994999E-03    9.8789306624E-01   -1.5421812458E-01    9.6044471163E+01    6.1279471677E-02
    1.2799994999E-03    9.7345853021E-01   -1.4956766121E-01    9.6117887943E+01    6.1162819157E-02
    1.2809994999E-03    9.5848662293E-01   -1.4372105995E-01    9.6192274186E+01    6.1058695536E-02
    1.2819994999E-03    9.4305412171E-01   -1.3659377498E-01    9.6267626120E+01    6.0966541637E-02
    1.2829994999E-03    9.2726824709E-01   -1.2810737103E-01    9.6343942872E+01    6.0884795410E-02
    1.2839994999E-03    9.1126445023E-01   -1.1819681729E-01    9.6421228085E+01    6.0811066694E-02
    1.2849994999E-03    8.9520082362E-01   -1.0681719083E-01    9.6499490047E+01    6.0742653319E-02
    1.2859994999E-03    8.7925105542E-01   -9.3948113956E-02    9.6578740179E+01    6.0677211702E-02
    1.2869994999E-03    8.6359689846E-01   -7.9595843640E-02    9.6658990037E+01    6.0613308100E-02
    1.2879994999E-03    8.4842185374E-01   -6.3792959821E-02    9.6740247779E+01    6.0550591677E-02
    1.2889994999E-03    8.3390606229E-01   -4.6596639069E-02    9.6822515071E+01    6.0489469119E-02
    1.2899994999E-03    8.2022237447E-01   -2.8086116153E-02    9.6905785264E+01    6.0430391658E-02
    1.2909994999E-03    8.0753487266E-01   -8.3592744729E-03    9.6990043089E+01    6.0373100432E-02
    1.2919994999E-03    7.9599898442E-01    1.2470854773E-02    9.7075264827E+01    6.0316274206E-02
    1.2929994999E-03    7.8576216989E-01    3.4279152208E-02    9.7161417526E+01    6.0257877149E-02
    1.2939994999E-03    7.7696389127E-01    5.6930624226E-02    9.7248456377E+01    6.0196140036E-02
    1.2949994999E-03    7.6973441661E-01    8.0281742465E-02    9.7336320580E+01    6.0130709224E-02
    1.2959994999E-03    7.6419419846E-01    1.0418124550E-01    9.7424929278E+01    6.0063324985E-02
    1.2969994999E-03    7.6045251129E-01    1.2847021148E-01    9.7514179179E+01    5.9997600087E-02
    1.2979994999E-03    7.5860228220E-01    1.5298173295E-01    9.7603945135E+01    5.9937966139E-02
    1.2989994999E-03    7.5871021887E-01    1.7754144420E-01    9.7694084114E+01    5.9888328990E-02
    1.2999994999E-03    7.6081064552E-01    2.0196999752E-01    9.7784441340E+01    5.9851096101E-02
    1.3009994999E-03    7.6490647600E-01    2.2608638010E-01    9.7874855871E+01    5.9826939682E-02
    1.3019994999E-03    7.7097207040E-01    2.4971072017E-01    9.7965164161E+01    5.9815195401E-02
    1.3029994999E-03    7.7895582370E-01    2.7266632486E-01    9.8055202143E+01    5.9814511886E-02
    1.3039994999E-03    7.8878232371E-01    2.9478121094E-01    9.8144807343E+01    5.9823364154E-02
    1.3049994999E-03    8.0035437933E-01    3.1588956503E-01    9.8233822351E+01    5.9840228712E-02
    1.3059994999E-03    8.1355554460E-01    3.3583341549E-01    9.8322099677E+01    5.9863458225E-02
    1.3069994999E-03    8.2825406104E-01    3.5446429658E-01    9.8409506688E+01    5.9891073238E-02
    1.3079994999E-03    8.4430828115E-01    3.7164430247E-01    9.8495928866E+01    5.9920708140E-02
    1.3089994999E-03    8.6157185423E-01    3.8724624174E-01    9.8581270629E+01    5.9949795465E-02
    1.3099994999E-03    8.7989639506E-01    4.0115335060E-01    9.8665454408E+01    5.9975867317E-02
    1.3109994999E-03    8.9913119164E-01    4.1325920313E-01    9.8748419149E+01    5.9996757208E-02
    1.3119994999E-03    9.1912169667E-01    4.2346784867E-01    9.8830118858E+01    6.0010557541E-02
    1.3129994999E-03    9.3970858391E-01    4.3169383278E-01    9.8910521110E+01    6.0015347520E-02
    1.3139994999E-03    9.6072712823E-01    4.3786261440E-01    9.8989605427E+01    6.0008833105E-02
    1.3149994999E-03    9.8200661048E-01    4.4191223517E-01    9.9067361464E+01    5.9988077377E-02
    1.3159994999E-03    1.0033704424E+00    4.4379649970E-01    9.9143786870E+01    5.9949467011E-02
    1.3169994999E-03    1.0246383411E+00    4.4348878926E-01    9.9218884834E+01    5.9888997381E-02
    1.3179994999E-03    1.0456313678E+00    4.4098474115E-01    9.9292661552E+01    5.9802863922E-02
    1.3189994999E-03    1.0661776087E+00    4.3630413432E-01    9.9365124847E+01    5.9688200754E-02
    1.3199994999E-03    1.0861160562E+00    4.2949364861E-01    9.9436285199E+01    5.9543665508E-02
    1.3209994999E-03    1.1053023261E+00    4.2062446478E-01    9.9506157146E+01    5.9369566929E-02
    1.3219994999E-03    1.1236155966E+00    4.0978113250E-01    9.9574759198E+01    5.9167422444E-02
    1.3229994999E-03    1.1409563041E+00    3.9705890714E-01    9.9642116119E+01    5.8939164898E-02
    1.3239994999E-03    1.1572455564E+00    3.8255655435E-01    9.9708258159E+01    5.8686465326E-02
    1.3249994999E-03    1.1724224976E+00    3.6637278156E-01    9.9773219582E+01    5.8410527025E-02
    1.3259994999E-03    1.1864449631E+00    3.4859496206E-01    9.9837033837E+01    5.8112349736E-02
    1.3269994999E-03    1.1992827058E+00    3.2931074179E-01    9.9899735677E+01    5.7793180732E-02
    1.3279994999E-03    1.2109186473E+00    3.0860310948E-01    9.9961358994E+01    5.7454877395E-02
    1.3289994999E-03    1.2213469831E+00    2.8655736244E-01    1.0002193906E+02    5.7099950473E-02
    1.3299994999E-03    1.2305765841E+00    2.6324519032E-01    1.0008150758E+02    5.6731493708E-02
    1.3309994999E-03    1.2386257054E+00    2.3875003408E-01    1.0014010103E+02    5.6353413018E-02
    1.3319994999E-03    1.2455248997E+00    2.1315525905E-01    1.0019775771E+02    5.5971097685E-02
    1.3329994999E-03    1.2513153148E+00    1.8655142053E-01    1.0025452220E+02    5.5592437464E-02
    1.3339994999E-03    1.2560465890E+00    1.5904529510E-01    1.0031045246E+02    5.5228814042E-02
    1.3349994999E-03    1.2597750617E+00    1.3074892781E-01    1.0036562154E+02    5.4895276916E-02
    1.3359994999E-03    1.2625582750E+00    1.0179018135E-01    1.0042012746E+02    5.4609686245E-02
    1.3369994999E-03    1.2644494670E+00    7.2320687786E-02    1.0047410096E+02    5.4390795297E-02
    1.3379994999E-03    1.2654926732E+00    4.2500606062E-02    1.0052770075E+02    5.4255606220E-02
    1.3389994999E-03    1.2657174252E+00    1.2492483726E-02    1.0058110751E+02    5.4216685495E-02
    1.3399994999E-03    1.2651349760E+00   -1.7537156438E-02    1.0063451638E+02    5.4280048030E-02
    1.3409994999E-03    1.2637370317E+00   -4.7421042987E-02    1.0068812462E+02    5.4444069455E-02
    1.3419994999E-03    1.2614970404E+00   -7.6992748986E-02    1.0074211941E+02    5.4699757306E-02
    1.3429994999E-03    1.2583742858E+00   -1.0608144247E-01    1.0079667043E+02    5.5032381576E-02
    1.3439994999E-03    1.2543187808E+00   -1.3453235406E-01    1.0085191674E+02    5.5424136103E-02
    1.3449994999E-03    1.2492772922E+00   -1.6220306206E-01    1.0090796803E+02    5.5857053581E-02
    1.3459994999E-03    1.2431988901E+00   -1.8896541940E-01    1.0096490779E+02    5.6315343018E-02
    1.3469994999E-03    1.2360390711E+00   -2.1470756371E-01    1.0102279863E+02    5.6786666506E-02
    1.3479994999E-03    1.2277639911E+00   -2.3932145337E-01    1.0108169236E+02    5.7262009685E-02
    1.3489994999E-03    1.2183503941E+00   -2.6271419988E-01    1.0114163049E+02    5.7734826086E-02
    1.3499994999E-03    1.2077877342E+00   -2.8479417389E-01    1.0120265144E+02    5.8200037371E-02
    1.3509994999E-03    1.1960797209E+00   -3.0546579179E-01    1.0126479295E+02    5.8653383459E-02
    1.3519994999E-03    1.1832408332E+00   -3.2464390965E-01    1.0132808812E+02    5.9091257092E-02
    1.3529994999E-03    1.1693009806E+00   -3.4223378448E-01    1.0139257160E+02    5.9510683104E-02
    1.3539994999E-03    1.1543034682E+00   -3.5814161227E-01    1.0145827604E+02    5.9909258269E-02
    1.3549994999E-03    1.1383095614E+00   -3.7226494469E-01    1.0152523397E+02    6.0284740130E-02
    1.3559994999E-03    1.1213963425E+00   -3.8450514158E-01    1.0159347268E+02    6.0634605752E-02
    1.3569994999E-03    1.1036592818E+00   -3.9476741912E-01    1.0166301298E+02    6.0955896042E-02
    1.3579994999E-03    1.0852132031E+00   -4.0296651558E-01    1.0173386748E+02    6.1245573072E-02
    1.3589994999E-03    1.0661946490E+00   -4.0902965340E-01    1.0180604151E+02    6.1501286964E-02
    1.3599994999E-03    1.0467561727E+00   -4.1290893567E-01    1.0187953266E+02    6.1722065454E-02
    1.3609994999E-03    1.0270667812E+00   -4.1457915439E-01    1.0195433442E+02    6.1908556157E-02
    1.3619994999E-03    1.0073048590E+00   -4.1404229901E-01    1.0203043656E+02    6.2062689918E-02
    1.3629994999E-03    9.8765455807E-01   -4.1132434319E-01    1.0210782555E+02    6.2187026168E-02
    1.3639994999E-03    9.6830076189E-01   -4.0647301935E-01    1.0218648278E+02    6.2284171073E-02
    1.3649994999E-03    9.4942618936E-01   -3.9955405839E-01    1.0226638232E+02    6.2356491684E-02
    1.3659994999E-03    9.3120477113E-01   -3.9065107992E-01    1.0234748746E+02    6.2406070681E-02
    1.3669994999E-03    9.1380006612E-01   -3.7986214490E-01    1.0242974882E+02    6.2434817728E-02
    1.3679994999E-03    8.9736837371E-01   -3.6729544827E-01    1.0251310357E+02    6.2444630601E-02
    1.3689994999E-03    8.8206153949E-01   -3.5306755404E-01    1.0259747453E+02    6.2437489366E-02
    1.3699994999E-03    8.6802771064E-01   -3.3730374613E-01    1.0268276932E+02    6.2415441466E-02
    1.3709994999E-03    8.5540893868E-01   -3.2013951051E-01    1.0276887975E+02    6.2380516681E-02
    1.3719994999E-03    8.4433422532E-01   -3.0172230584E-01    1.0285568234E+02    6.2334658105E-02
    1.3729994999E-03    8.3491062356E-01   -2.8221179525E-01    1.0294304077E+02    6.2279742502E-02
    1.3739994999E-03    8.2722043946E-01   -2.6177692192E-01    1.0303081068E+02    6.2217671725E-02
    1.3749994999E-03    8.2133029013E-01   -2.4059112390E-01    1.0311884511E+02    6.2150391864E-02
    1.3759994999E-03    8.1729561911E-01   -2.1883084186E-01    1.0320699757E+02    6.2079674478E-02
    1.3769994999E-03    8.1515155329E-01   -1.9667644076E-01    1.0329512321E+02    6.2006676219E-02
    1.3779994999E-03    8.1490595047E-01   -1.7431119748E-01    1.0338308048E+02    6.1931516512E-02
    1.3789994999E-03    8.1654172157E-01   -1.5191897858E-01    1.0347073346E+02    6.1853201236E-02
    1.3799994999E-03    8.2002320617E-01   -1.2968276338E-01    1.0355795468E+02    6.1770081818E-02
    1.3809994999E-03    8.2529534898E-01   -1.0778414884E-01    1.0364462857E+02    6.1680734254E-02
    1.3819994999E-03    8.3228309944E-01   -8.6402555579E-02    1.0373065508E+02    6.1584829393E-02
    1.3829994999E-03    8.4089343418E-01   -6.5714324677E-02    1.0381595164E+02    6.1483464288E-02
    1.3839994999E-03    8.5101620884E-01   -4.5891596407E-02    1.0390045292E+02    6.1378693998E-02
    1.3849994999E-03    8.6252300820E-01   -2.7100443491E-02    1.0398410875E+02    6.1272471033E-02
    1.3859994999E-03    8.7526748391E-01   -9.4985121173E-03    1.0406688100E+02    6.1165520312E-02
    1.3869994999E-03    8.8908371219E-01    6.7686556631E-03    1.0414874078E+02    6.1056674985E-02
    1.3879994999E-03    9.0378340394E-01    2.1573351294E-02    1.0422966699E+02    6.0942991293E-02
    1.3889994999E-03    9.1915931390E-01    3.4811597148E-02    1.0430964475E+02    6.0820651924E-02
    1.3899994999E-03    9.3499056914E-01    4.6409476692E-02    1.0438866369E+02    6.0686346285E-02
    1.3909994999E-03    9.5104655603E-01    5.6330870780E-02    1.0446671681E+02    6.0538632920E-02
    1.3919994999E-03    9.6709982817E-01    6.4580805218E-02    1.0454379788E+02    6.0378769270E-02
    1.3929994999E-03    9.8294063361E-01    7.1204163391E-02    1.0461989909E+02    6.0210610913E-02
    1.3939994999E-03    9.9838515329E-01    7.6282877238E-02    1.0469501159E+02    6.0039605077E-02
    1.3949994999E-03    1.0132866223E+00    7.9925839398E-02    1.0476912609E+02    5.9871403043E-02
    1.3959994999E-03    1.0275376368E+00    8.2258946822E-02    1.0484223542E+02    5.9710689655E-02
    1.3969994999E-03    1.0410653348E+00    8.3417890385E-02    1.0491433778E+02    5.9560660698E-02
    1.3979994999E-03    1.0538279326E+00    8.3539181685E-02    1.0498543775E+02    5.9423183823E-02
    1.3989994999E-03    1.0658073688E+00    8.2755377395E-02    1.0505554707E+02    5.9299288334E-02
    1.3999994999E-03    1.0770038856E+00    8.1190537836E-02    1.0512468395E+02    5.9189739908E-02
    1.4009994999E-03    1.0874321806E+00    7.8955869112E-02    1.0519287173E+02    5.9095554203E-02
    1.4019994999E-03    1.0971175716E+00    7.6147430607E-02    1.0526013771E+02    5.9018251082E-02
    1.4029994999E-03    1.1060932205E+00    7.2844732272E-02    1.0532651179E+02    5.8959710465E-02
    1.4039994999E-03    1.1143976021E+00    6.9110959008E-02    1.0539202493E+02    5.8921692313E-02
    1.4049994999E-03    1.1220717850E+00    6.4995216029E-02    1.0545670788E+02    5.8905325106E-02
    1.4059994999E-03    1.1291572649E+00    6.0535120877E-02    1.0552058995E+02    5.8910931601E-02
    1.4069994999E-03    1.1356943845E+00    5.5759034164E-02    1.0558369824E+02    5.8938299761E-02
    1.4079994999E-03    1.1417211437E+00    5.0688128956E-02    1.0564605746E+02    5.8987100228E-02
    1.4089994999E-03    1.1472722698E+00    4.5338818111E-02    1.0570769043E+02    5.9057006000E-02
    1.4099994999E-03    1.1523783149E+00    3.9726375356E-02    1.0576861925E+02    5.9147361342E-02
    1.4109994999E-03    1.1570650772E+00    3.3869026881E-02    1.0582886684E+02    5.9256697710E-02
    1.4119994999E-03    1.1613540650E+00    2.7789798245E-02    1.0588845808E+02    5.9382551204E-02
    1.4129994999E-03    1.1652633969E+00    2.1516710702E-02    1.0594742043E+02    5.9521740819E-02
    1.4139994999E-03    1.1688084463E+00    1.5083542474E-02    1.0600578478E+02    5.9670836812E-02
    1.4149994999E-03    1.1720036718E+00    8.5261817093E-03    1.0606358434E+02    5.9826396052E-02
    1.4159994999E-03    1.1748635039E+00    1.8814511328E-03    1.0612085408E+02    5.9984725583E-02
    1.4169994999E-03    1.1774015708E+00   -4.8066012054E-03    1.0617763256E+02    6.0141469035E-02
    1.4179994999E-03    1.1796325705E+00   -1.1493543819E-02    1.0623395982E+02    6.0291677902E-02
    1.4189994999E-03    1.1815718867E+00   -1.8136238270E-02    1.0628987766E+02    6.0430629978E-02
    1.4199994999E-03    1.1832339120E+00   -2.4689947814E-02    1.0634543228E+02    6.0554976850E-02
    1.4209994999E-03    1.1846313597E+00   -3.1113057020E-02    1.0640067387E+02    6.0663094551E-02
    1.4219994999E-03    1.1857738617E+00   -3.7367606240E-02    1.0645565651E+02    6.0753557347E-02
    1.4229994999E-03    1.1866667223E+00   -4.3417599502E-02    1.0651043729E+02    6.0822107290E-02
    1.4239994999E-03    1.1873100816E+00   -4.9229423951E-02    1.0656507341E+02    6.0859334079E-02
    1.4249994999E-03    1.1876978952E+00   -5.4771391240E-02    1.0661961989E+02    6.0851744554E-02
    1.4259994999E-03    1.1878172582E+00   -6.0018799030E-02    1.0667412726E+02    6.0786768230E-02
    1.4269994999E-03    1.1876485039E+00   -6.4964459414E-02    1.0672863969E+02    6.0658758060E-02
    1.4279994999E-03    1.1871667237E+00   -6.9625351632E-02    1.0678319615E+02    6.0471733345E-02
    1.4289994999E-03    1.1863449332E+00   -7.4045844405E-02    1.0683783230E+02    6.0237217165E-02
    1.4299994999E-03    1.1851579706E+00   -7.8291300595E-02    1.0689258340E+02    5.9969404622E-02
    1.4309994999E-03    1.1835860011E+00   -8.2437243488E-02    1.0694748601E+02    5.9680829156E-02
    1.4319994999E-03    1.1816177430E+00   -8.6545485699E-02    1.0700258226E+02    5.9379646934E-02
    1.4329994999E-03    1.1792507215E+00   -9.0677880913E-02    1.0705791093E+02    5.9068014250E-02
    1.4339994999E-03    1.1764911851E+00   -9.4882068468E-02    1.0711350979E+02    5.8742339860E-02
    1.4349994999E-03    1.1733527416E+00   -9.9181377202E-02    1.0716941910E+02    5.8396033512E-02
    1.4359994999E-03    1.1698507263E+00   -1.0359662382E-01    1.0722567612E+02    5.8024034863E-02
    1.4369994999E-03    1.1660004992E+00   -1.0812230234E-01    1.0728232595E+02    5.7626209106E-02
    1.4379994999E-03    1.1618122507E+00   -1.1274960273E-01    1.0733941485E+02    5.7206927602E-02
    1.4389994999E-03    1.1572911250E+00   -1.1745374735E-01    1.0739699359E+02    5.6772331588E-02
    1.4399994999E-03    1.1524351876E+00   -1.2220689419E-01    1.0745511004E+02    5.6327626467E-02
    1.4409994999E-03    1.1472361632E+00   -1.2697242033E-01    1.0751380837E+02    5.5877659105E-02
    1.4419994999E-03    1.1416797556E+00   -1.3170661397E-01    1.0757312742E+02    5.5428622447E-02
    1.4429994999E-03    1.1357468654E+00   -1.3635926574E-01    1.0763310127E+02    5.4989095488E-02
    1.4439994999E-03    1.1294144529E+00   -1.4087848452E-01    1.0769376020E+02    5.4568710166E-02
    1.4449994999E-03    1.1226585500E+00   -1.4520807474E-01    1.0775513415E+02    5.4175604348E-02
    1.4459994999E-03    1.1154537235E+00   -1.4929535870E-01    1.0781725105E+02    5.3814427841E-02
    1.4469994999E-03    1.1077759783E+00   -1.5308461448E-01    1.0788013912E+02    5.3486085446E-02
    1.4479994999E-03    1.0996052583E+00   -1.5651259503E-01    1.0794382737E+02    5.3189004512E-02
    1.4489994999E-03    1.0909187263E+00   -1.5952492669E-01    1.0800833927E+02    5.2920680477E-02
    1.4499994999E-03    1.0817013381E+00   -1.6205141795E-01    1.0807370108E+02    5.2678697215E-02
    1.4509994999E-03    1.0719383982E+00   -1.6402467261E-01    1.0813993636E+02    5.2460892540E-02
    1.4519994999E-03    1.0616157841E+00   -1.6537859502E-01    1.0820706725E+02    5.2265112686E-02
    1.4529994999E-03    1.0507180998E+00   -1.6605046612E-01    1.0827511402E+02    5.2089082588E-02
    1.4539994999E-03    1.0392348470E+00   -1.6597072452E-01    1.0834409777E+02    5.1930638857E-02
    1.4549994999E-03    1.0271587262E+00   -1.6506780553E-01    1.0841403719E+02    5.1788046799E-02
    1.4559994999E-03    1.0144862346E+00   -1.6326925032E-01    1.0848494640E+02    5.1660269558E-02
    1.4569994999E-03    1.0012225212E+00   -1.6049887053E-01    1.0855683454E+02    5.1546912083E-02
    1.4579994999E-03    9.8738535510E-01   -1.5667745058E-01    1.0862970530E+02    5.1447851651E-02
    1.4589994999E-03    9.7300989089E-01   -1.5172387876E-01    1.0870355759E+02    5.1362852422E-02
    1.4599994999E-03    9.5815374699E-01   -1.4555693070E-01    1.0877838760E+02    5.1291301435E-02
    1.4609994999E-03    9.4290058524E-01   -1.3809882997E-01    1.0885419135E+02    5.1232074684E-02
    1.4619994999E-03    9.2736119882E-01   -1.2928030305E-01    1.0893096704E+02    5.1183536207E-02
    1.4629994999E-03    9.1167153608E-01   -1.1904638840E-01    1.0900871642E+02    5.1143678772E-02
    1.4639994999E-03    8.9598835783E-01   -1.0736162043E-01    1.0908744457E+02    5.1110390265E-02
    1.4649994999E-03    8.8048285215E-01   -9.4214036437E-02    1.0916715800E+02    5.1081772824E-02
    1.4659994999E-03    8.6533330577E-01   -7.9617380194E-02    1.0924786164E+02    5.1056397560E-02
    1.4669994999E-03    8.5071839285E-01   -6.3611150810E-02    1.0932955567E+02    5.1033381704E-02
    1.4679994999E-03    8.3681210780E-01   -4.6258803787E-02    1.0941223340E+02    5.1012233605E-02
    1.4689994999E-03    8.2378066440E-01   -2.7644775127E-02    1.0949588035E+02    5.0992515584E-02
    1.4699994999E-03    8.1178112960E-01   -7.8710418822E-03    1.0958047420E+02    5.0973493812E-02
    1.4709994999E-03    8.0096125917E-01    1.2946211648E-02    1.0966598456E+02    5.0954009385E-02
    1.4719994999E-03    7.9145986623E-01    3.4679425676E-02    1.0975237144E+02    5.0932737898E-02
    1.4729994999E-03    7.8340698507E-01    5.7191739909E-02    1.0983958225E+02    5.0908794236E-02
    1.4739994999E-03    7.7692304805E-01    8.0338206149E-02    1.0992754788E+02    5.0882390520E-02
    1.4749994999E-03    7.7211630624E-01    1.0396626689E-01    1.1001617963E+02    5.0855147070E-02
    1.4759994999E-03    7.6907873183E-01    1.2791601184E-01    1.1010536845E+02    5.0829810153E-02
    1.4769994999E-03    7.6788189784E-01    1.5202084571E-01    1.1019498735E+02    5.0809479149E-02
    1.4779994999E-03    7.6857405768E-01    1.7610887567E-01    1.1028489593E+02    5.0796740702E-02
    1.4789994999E-03    7.7117862766E-01    2.0000493491E-01    1.1037494537E+02    5.0793123215E-02
    1.4799994999E-03    7.7569365614E-01    2.2353291819E-01    1.1046498239E+02    5.0799030137E-02
    1.4809994999E-03    7.8209189928E-01    2.4651806022E-01    1.1055485168E+02    5.0814009742E-02
    1.4819994999E-03    7.9032132262E-01    2.6878894556E-01    1.1064439773E+02    5.0837086704E-02
    1.4829994999E-03    8.0030632599E-01    2.9017925576E-01    1.1073346710E+02    5.0866953086E-02
    1.4839994999E-03    8.1195049948E-01    3.1052926495E-01    1.1082191191E+02    5.0901987551E-02
    1.4849994999E-03    8.2514124876E-01    3.2968694214E-01    1.1090959395E+02    5.0940214948E-02
    1.4859994999E-03    8.3975467257E-01    3.4750874217E-01    1.1099638863E+02    5.0979354824E-02
    1.4869994999E-03    8.5565775997E-01    3.6386085021E-01    1.1108218803E+02    5.1017023079E-02
    1.4879994999E-03    8.7270943657E-01    3.7862062228E-01    1.1116690238E+02    5.1051010808E-02
    1.4889994999E-03    8.9076222374E-01    3.9167729677E-01    1.1125045959E+02    5.1079478170E-02
    1.4899994999E-03    9.0966441834E-01    4.0293150352E-01    1.1133280351E+02    5.1100933482E-02
    1.4909994999E-03    9.2926153829E-01    4.1229410941E-01    1.1141389180E+02    5.1113989733E-02
    1.4919994999E-03    9.4939625386E-01    4.1968553503E-01    1.1149369399E+02    5.1117011220E-02
    1.4929994999E-03    9.6990725732E-01    4.2503645800E-01    1.1157219002E+02    5.1107811468E-02
    1.4939994999E-03    9.9062822974E-01    4.2829020472E-01    1.1164936873E+02    5.1083536099E-02
    1.4949994999E-03    1.0113880204E+00    4.2940654088E-01    1.1172522618E+02    5.1040802286E-02
    1.4959994999E-03    1.0320129015E+00    4.2836589677E-01    1.1179976379E+02    5.0976101250E-02
    1.4969994999E-03    1.0523314659E+00    4.2517214988E-01    1.1187298650E+02    5.0886392017E-02
    1.4979994999E-03    1.0721814941E+00    4.1985210769E-01    1.1194490122E+02    5.0769705881E-02
    1.4989994999E-03    1.0914128959E+00    4.1245716536E-01    1.1201551809E+02    5.0625500771E-02
    1.4999994999E-03    1.1098880058E+00    4.0306739146E-01    1.1208485403E+02    5.0454580243E-02
    1.5009994999E-03    1.1274920850E+00    3.9177524784E-01    1.1215293060E+02    5.0258571043E-02
    1.5019994999E-03    1.1441341981E+00    3.7867554484E-01    1.1221977344E+02    5.0039194150E-02
    1.5029994999E-03    1.1597402899E+00    3.6387008651E-01    1.1228541462E+02    4.9797795113E-02
    1.5039994999E-03    1.1742540483E+00    3.4745937526E-01    1.1234988949E+02    4.9535339327E-02
    1.5049994999E-03    1.1876355098E+00    3.2953891859E-01    1.1241323432E+02    4.9252770109E-02
    1.5059994999E-03    1.1998626314E+00    3.1018545605E-01    1.1247548083E+02    4.8951371121E-02
    1.5069994999E-03    1.2109205719E+00    2.8948881784E-01    1.1253666572E+02    4.8633060429E-02
    1.5079994999E-03    1.2208085332E+00    2.6753029544E-01    1.1259682400E+02    4.8300465951E-02
    1.5089994999E-03    1.2295365430E+00    2.4439420352E-01    1.1265599302E+02    4.7956938251E-02
    1.5099994999E-03    1.2371273175E+00    2.2015651362E-01    1.1271420916E+02    4.7606861221E-02
    1.5109994999E-03    1.2436121345E+00    1.9490664509E-01    1.1277151646E+02    4.7256277121E-02
    1.5119994999E-03    1.2490320768E+00    1.6873528565E-01    1.1282796503E+02    4.6913646137E-02
    1.5129994999E-03    1.2534347213E+00    1.4174436938E-01    1.1288361866E+02    4.6590377520E-02
    1.5139994999E-03    1.2568705708E+00    1.1405935842E-01    1.1293856464E+02    4.6300843419E-02
    1.5149994999E-03    1.2593906033E+00    8.5805661544E-02    1.1299291017E+02    4.6061291879E-02
    1.5159994999E-03    1.2610398964E+00    5.7126040980E-02    1.1304679165E+02    4.5887996746E-02
    1.5169994999E-03    1.2618532948E+00    2.8169761190E-02    1.1310037011E+02    4.5794865261E-02
    1.5179994999E-03    1.2618511952E+00   -9.0703246001E-04    1.1315382650E+02    4.5791049142E-02
    1.5189994999E-03    1.2610371536E+00   -2.9944435810E-02    1.1320735162E+02    4.5879210144E-02
    1.5199994999E-03    1.2593975461E+00   -5.8784025395E-02    1.1326113318E+02    4.6055000485E-02
    1.5209994999E-03    1.2569033424E+00   -8.7272321465E-02    1.1331534411E+02    4.6307947700E-02
    1.5219994999E-03    1.2535140818E+00   -1.1525757019E-01    1.1337013646E+02    4.6623476350E-02
    1.5229994999E-03    1.2491826183E+00   -1.4259904159E-01    1.1342563501E+02    4.6985465237E-02
    1.5239994999E-03    1.2438606846E+00   -1.6916338619E-01    1.1348193960E+02    4.7378602742E-02
    1.5249994999E-03    1.2375027162E+00   -1.9483540222E-01    1.1353912568E+02    4.7789994071E-02
    1.5259994999E-03    1.2300705120E+00   -2.1950478947E-01    1.1359725434E+02    4.8209642527E-02
    1.5269994999E-03    1.2215333149E+00   -2.4308174187E-01    1.1365637168E+02    4.8630146496E-02
    1.5279994999E-03    1.2118718277E+00   -2.6547335671E-01    1.1371652038E+02    4.9045966112E-02
    1.5289994999E-03    1.2010798565E+00   -2.8658271018E-01    1.1377774142E+02    4.9452687481E-02
    1.5299994999E-03    1.1891610228E+00   -3.0632525775E-01    1.1384006977E+02    4.9846689344E-02
    1.5309994999E-03    1.1761317648E+00   -3.2461244107E-01    1.1390354013E+02    5.0224983135E-02
    1.5319994999E-03    1.1620240541E+00   -3.4134627203E-01    1.1396818847E+02    5.0585236539E-02
    1.5329994999E-03    1.1468825177E+00   -3.5643206130E-01    1.1403404771E+02    5.0925576418E-02
    1.5339994999E-03    1.1307727358E+00   -3.6976072515E-01    1.1410115212E+02    5.1244154902E-02
    1.5349994999E-03    1.1137741036E+00   -3.8123416677E-01    1.1416952852E+02    5.1538830056E-02
    1.5359994999E-03    1.0959865858E+00   -3.9075533735E-01    1.1423919856E+02    5.1807134486E-02
    1.5369994999E-03    1.0775287425E+00   -3.9823983444E-01    1.1431017574E+02    5.2046690265E-02
    1.5379994999E-03    1.0585402585E+00   -4.0361691895E-01    1.1438246733E+02    5.2255860078E-02
    1.5389994999E-03    1.0391712301E+00   -4.0684648357E-01    1.1445607207E+02    5.2434246844E-02
    1.5399994999E-03    1.0195889374E+00   -4.0790669492E-01    1.1453098601E+02    5.2582849724E-02
    1.5409994999E-03    9.9996690811E-01   -4.0680340758E-01    1.1460720059E+02    5.2703693965E-02
    1.5419994999E-03    9.8048101718E-01   -4.0356659468E-01    1.1468470276E+02    5.2799258202E-02
    1.5429994999E-03    9.6130768286E-01   -3.9824518302E-01    1.1476347413E+02    5.2871983742E-02
    1.5439994999E-03    9.4261902545E-01   -3.9090558002E-01    1.1484348842E+02    5.2923994691E-02
    1.5449994999E-03    9.2458097800E-01   -3.8162852855E-01    1.1492470961E+02    5.2957052533E-02
    1.5459994999E-03    9.0735436723E-01   -3.7050575129E-01    1.1500709047E+02    5.2972674200E-02
    1.5469994999E-03    8.9109479801E-01   -3.5763916593E-01    1.1509057085E+02    5.2972314943E-02
    1.5479994999E-03    8.7595154402E-01   -3.4314129785E-01    1.1517507589E+02    5.2957535624E-02
    1.5489994999E-03    8.6206596790E-01   -3.2713577127E-01    1.1526051481E+02    5.2930096655E-02
    1.5499994999E-03    8.4956929472E-01   -3.0975745187E-01    1.1534678077E+02    5.2891952269E-02
    1.5509994999E-03    8.3857972707E-01   -2.9115195958E-01    1.1543375217E+02    5.2845162495E-02
    1.5519994999E-03    8.2919964563E-01   -2.7147436842E-01    1.1552129585E+02    5.2791770543E-02
    1.5529994999E-03    8.2151359006E-01   -2.5088733472E-01    1.1560927130E+02    5.2733682044E-02
    1.5539994999E-03    8.1558746562E-01   -2.2955909633E-01    1.1569753494E+02    5.2672537592E-02
    1.5549994999E-03    8.1146866630E-01   -2.0766179309E-01    1.1578594326E+02    5.2609540724E-02
    1.5559994999E-03    8.0918577718E-01   -1.8537033126E-01    1.1587435450E+02    5.2545248836E-02
    1.5569994999E-03    8.0874693138E-01   -1.6286152411E-01    1.1596262958E+02    5.2479436469E-02
    1.5579994999E-03    8.1013775756E-01   -1.4031301117E-01    1.1605063375E+02    5.2411198515E-02
    1.5589994999E-03    8.1332384076E-01   -1.1790189788E-01    1.1613823943E+02    5.2339371689E-02
    1.5599994999E-03    8.1825390366E-01   -9.5803878119E-02    1.1622532979E+02    5.2263132743E-02
    1.5609994999E-03    8.2485733949E-01   -7.4192248431E-02    1.1631180251E+02    5.2182472141E-02
    1.5619994999E-03    8.3303856943E-01   -5.3235643124E-02    1.1639757308E+02    5.2098267755E-02
    1.5629994999E-03    8.4268199170E-01   -3.3095965076E-02    1.1648257505E+02    5.2011882891E-02
    1.5639994999E-03    8.5366545980E-01   -1.3928771214E-02    1.1656675613E+02    5.1924443312E-02
    1.5649994999E-03    8.6585778547E-01    4.1176751168E-03    1.1665007427E+02    5.1836143297E-02
    1.5659994999E-03    8.7910529412E-01    2.0907703729E-02    1.1673249645E+02    5.1745946161E-02
    1.5669994999E-03    8.9323099693E-01    3.6323688300E-02    1.1681399753E+02    5.1651830057E-02
    1.5679994999E-03    9.0804436541E-01    5.0269218733E-02    1.1689455813E+02    5.1551439689E-02
    1.5689994999E-03    9.2334526279E-01    6.2673823337E-02    1.1697416376E+02    5.1442930388E-02
    1.5699994999E-03    9.3892755814E-01    7.3498209097E-02    1.1705280436E+02    5.1325794461E-02
    1.5709994999E-03    9.5458748508E-01    8.2736964386E-02    1.1713047269E+02    5.1201396281E-02
    1.5719994999E-03    9.7013185914E-01    9.0419306021E-02    1.1720716303E+02    5.1072934325E-02
    1.5729994999E-03    9.8538800817E-01    9.6605797913E-02    1.1728286981E+02    5.0944797944E-02
    1.5739994999E-03    1.0002143338E+00    1.0137995516E-01    1.1735758638E+02    5.0821581460E-02
    1.5749994999E-03    1.0144995098E+00    1.0484346939E-01    1.1743130694E+02    5.0707181038E-02
    1.5759994999E-03    1.0281606443E+00    1.0711074173E-01    1.1750402882E+02    5.0604346994E-02
    1.5769994999E-03    1.0411437524E+00    1.0829978259E-01    1.1757575316E+02    5.0514763007E-02
    1.5779994999E-03    1.0534200994E+00    1.0852554702E-01    1.1764648589E+02    5.0439461146E-02
    1.5789994999E-03    1.0649806443E+00    1.0789605574E-01    1.1771623867E+02    5.0379325780E-02
    1.5799994999E-03    1.0758319020E+00    1.0650884204E-01    1.1778502873E+02    5.0335453523E-02
    1.5809994999E-03    1.0859920677E+00    1.0444902135E-01    1.1785287815E+02    5.0309203508E-02
    1.5819994999E-03    1.0954870962E+00    1.0178958553E-01    1.1791981265E+02    5.0301968517E-02
    1.5829994999E-03    1.1043473846E+00    9.8592883769E-02    1.1798586004E+02    5.0314906039E-02
    1.5839994999E-03    1.1126053768E+00    9.4912144178E-02    1.1805104855E+02    5.0348893737E-02
    1.5849994999E-03    1.1202939996E+00    9.0792518920E-02    1.1811540546E+02    5.0404743995E-02
    1.5859994999E-03    1.1274455808E+00    8.6272007790E-02    1.1817895627E+02    5.0483421824E-02
    1.5869994999E-03    1.1340906971E+00    8.1383576905E-02    1.1824172485E+02    5.0585960898E-02
    1.5879994999E-03    1.1402568011E+00    7.6159320209E-02    1.1830373465E+02    5.0713044156E-02
    1.5889994999E-03    1.1459687990E+00    7.0631083919E-02    1.1836500910E+02    5.0864556590E-02
    1.5899994999E-03    1.1512508777E+00    6.4826723738E-02    1.1842557079E+02    5.1039443635E-02
    1.5909994999E-03    1.1561230557E+00    5.8781145061E-02    1.1848544583E+02    5.1235865705E-02
    1.5919994999E-03    1.1606021662E+00    5.2537400322E-02    1.1854466476E+02    5.1451429418E-02
    1.5929994999E-03    1.1647064494E+00    4.6133478898E-02    1.1860325827E+02    5.1683178223E-02
    1.5939994999E-03    1.1684533685E+00    3.9610256026E-02    1.1866125956E+02    5.1927222154E-02
    1.5949994999E-03    1.1718609763E+00    3.3006556926E-02    1.1871870273E+02    5.2178465019E-02
    1.5959994999E-03    1.1749447911E+00    2.6373260613E-02    1.1877562828E+02    5.2430732277E-02
    1.5969994999E-03    1.1777216208E+00    1.9750656679E-02    1.1883207622E+02    5.2677781801E-02
    1.5979994999E-03    1.1802056164E+00    1.3179425048E-02    1.1888809152E+02    5.2914184038E-02
    1.5989994999E-03    1.1824071667E+00    6.7003783525E-03    1.1894372489E+02    5.3135205477E-02
    1.5999994999E-03    1.1843322803E+00    3.5274473459E-04    1.1899903164E+02    5.3335326136E-02
    1.6009994999E-03    1.1859827106E+00   -5.8351968065E-03    1.1905406657E+02    5.3506262888E-02
    1.6019994999E-03    1.1873539788E+00   -1.1831393354E-02    1.1910888655E+02    5.3636542710E-02
    1.6029994999E-03    1.1884359887E+00   -1.7609667804E-02    1.1916354543E+02    5.3714295928E-02
    1.6039994999E-03    1.1892132119E+00   -2.3156121526E-02    1.1921809189E+02    5.3732031471E-02
    1.6049994999E-03    1.1896656936E+00   -2.8472551445E-02    1.1927257033E+02    5.3690401666E-02
    1.6059994999E-03    1.1897714483E+00   -3.3581279996E-02    1.1932702203E+02    5.3598357329E-02
    1.6069994999E-03    1.1895095471E+00   -3.8527856599E-02    1.1938148626E+02    5.3469564209E-02
    1.6079994999E-03    1.1888630700E+00   -4.3374905250E-02    1.1943600218E+02    5.3317300007E-02
    1.6089994999E-03    1.1878219350E+00   -4.8176653301E-02    1.1949061522E+02    5.3150263409E-02
    1.6099994999E-03    1.1863841550E+00   -5.2988818820E-02    1.1954536962E+02    5.2970261589E-02
    1.6109994999E-03    1.1845554911E+00   -5.7865831994E-02    1.1960030575E+02    5.2772302697E-02
    1.6119994999E-03    1.1823486524E+00   -6.2840964544E-02    1.1965546531E+02    5.2547487407E-02
    1.6129994999E-03    1.1797801685E+00   -6.7934325919E-02    1.1971088912E+02    5.2287628107E-02
    1.6139994999E-03    1.1768663686E+00   -7.3157260031E-02    1.1976661790E+02    5.1989388474E-02
    1.6149994999E-03    1.1736222610E+00   -7.8492450310E-02    1.1982270150E+02    5.1655738281E-02
    1.6159994999E-03    1.1700577051E+00   -8.3919863286E-02    1.1987919091E+02    5.1293802859E-02
    1.6169994999E-03    1.1661755808E+00   -8.9420842539E-02    1.1993613556E+02    5.0911541029E-02
    1.6179994999E-03    1.1619730843E+00   -9.4965399688E-02    1.1999358520E+02    5.0515976745E-02
    1.6189994999E-03    1.1574417708E+00   -1.0051588391E-01    1.2005158635E+02    5.0113521341E-02
    1.6199994999E-03    1.1525677603E+00   -1.0602998747E-01    1.2011017988E+02    4.9711472686E-02
    1.6209994999E-03    1.1473317404E+00   -1.1146596533E-01    1.2016940028E+02    4.9318381584E-02
    1.6219994999E-03    1.1417141222E+00   -1.1676916653E-01    1.2022928229E+02    4.8942906182E-02
    1.6229994999E-03    1.1356910975E+00   -1.2189544628E-01    1.2028985447E+02    4.8592038538E-02
    1.6239994999E-03    1.1292394992E+00   -1.2679620645E-01    1.2035114586E+02    4.8269891755E-02
    1.6249994999E-03    1.1223384609E+00   -1.3141699053E-01    1.2041318631E+02    4.7977916765E-02
    1.6259994999E-03    1.1149628416E+00   -1.3571581853E-01    1.2047599984E+02    4.7715755575E-02
    1.6269994999E-03    1.1070945851E+00   -1.3963216120E-01    1.2053961468E+02    4.7482241430E-02
    1.6279994999E-03    1.0987155520E+00   -1.4310782022E-01    1.2060405639E+02    4.7275919102E-02
    1.6289994999E-03    1.0898073032E+00   -1.4608610379E-01    1.2066934878E+02    4.7095062072E-02
    1.6299994999E-03    1.0803500203E+00   -1.4851252866E-01    1.2073551434E+02    4.6937630423E-02
    1.6309994999E-03    1.0703256362E+00   -1.5032793796E-01    1.2080257656E+02    4.6801483127E-02
    1.6319994999E-03    1.0597157997E+00   -1.5147224170E-01    1.2087055809E+02    4.6684645564E-02
    1.6329994999E-03    1.0485033506E+00   -1.5188212002E-01    1.2093948011E+02    4.6585567587E-02
    1.6339994999E-03    1.0366768887E+00   -1.5148643523E-01    1.2100936222E+02    4.6503199723E-02
    1.6349994999E-03    1.0242315524E+00   -1.5020922150E-01    1.2108021975E+02    4.6436783591E-02
    1.6359994999E-03    1.0111714433E+00   -1.4797096665E-01    1.2115206222E+02    4.6385583163E-02
    1.6369994999E-03    9.9751488305E-01   -1.4468776128E-01    1.2122489349E+02    4.6348740186E-02
    1.6379994999E-03    9.8330038472E-01   -1.4027157369E-01    1.2129871294E+02    4.6325223886E-02
    1.6389994999E-03    9.6859127358E-01   -1.3463327263E-01    1.2137351729E+02    4.6313774145E-02
    1.6399994999E-03    9.5347844767E-01   -1.2768763899E-01    1.2144930273E+02    4.6312822324E-02
    1.6409994999E-03    9.3808081208E-01   -1.1935950255E-01    1.2152606682E+02    4.6320475012E-02
    1.6419994999E-03    9.2254283647E-01   -1.0959023139E-01    1.2160380932E+02    4.6334641627E-02
    1.6429994999E-03    9.0702931879E-01   -9.8343543382E-02    1.2168253162E+02    4.6353290069E-02
    1.6439994999E-03    8.9171811553E-01   -8.5609671353E-02    1.2176223477E+02    4.6374723092E-02
    1.6449994999E-03    8.7679215243E-01   -7.1407216578E-02    1.2184291684E+02    4.6397756657E-02
    1.6459994999E-03    8.6243255406E-01   -5.5782393145E-02    1.2192457064E+02    4.6421738089E-02
    1.6469994999E-03    8.4881423275E-01   -3.8806123471E-02    1.2200718248E+02    4.6446405285E-02
    1.6479994999E-03    8.3610357260E-01   -2.0570206535E-02    1.2209073191E+02    4.6471629496E-02
    1.6489994999E-03    8.2445706804E-01   -1.1836129321E-03    1.2217519162E+02    4.6497128233E-02
    1.6499994999E-03    8.1402001663E-01    1.9230632571E-02    1.2226052659E+02    4.6522286025E-02
    1.6509994999E-03    8.0492544239E-01    4.0538074094E-02    1.2234669207E+02    4.6546222260E-02
    1.6519994999E-03    7.9729402146E-01    6.2595090800E-02    1.2243363058E+02    4.6568139812E-02
    1.6529994999E-03    7.9123474221E-01    8.5250604720E-02    1.2252126866E+02    4.6587806244E-02
    1.6539994999E-03    7.8684443879E-01    1.0834700053E-01    1.2260951470E+02    4.6605888178E-02
    1.6549994999E-03    7.8420469126E-01    1.3172057610E-01    1.2269825888E+02    4.6623905579E-02
    1.6559994999E-03    7.8337680472E-01    1.5520229569E-01    1.2278737580E+02    4.6643796507E-02
    1.6569994999E-03    7.8439700599E-01    1.7861941608E-01    1.2287672905E+02    4.6667323027E-02
    1.6579994999E-03    7.8727385426E-01    2.0179795141E-01    1.2296617608E+02    4.6695614286E-02
    1.6589994999E-03    7.9198955698E-01    2.2456528984E-01    1.2305557185E+02    4.6728999474E-02
    1.6599994999E-03    7.9850707186E-01    2.4675162142E-01    1.2314477033E+02    4.6767079658E-02
    1.6609994999E-03    8.0677774788E-01    2.6818959622E-01    1.2323362442E+02    4.6808883478E-02
    1.6619994999E-03    8.1674062366E-01    2.8871415704E-01    1.2332198703E+02    4.6852981662E-02
    1.6629994999E-03    8.2831461930E-01    3.0816477760E-01    1.2340971505E+02    4.6897546570E-02
    1.6639994999E-03    8.4139294728E-01    3.2638966826E-01    1.2349667530E+02    4.6940435055E-02
    1.6649994999E-03    8.5584717027E-01    3.4324892140E-01    1.2358274939E+02    4.6979370734E-02
    1.6659994999E-03    8.7153783965E-01    3.5861460770E-01    1.2366783571E+02    4.7012206695E-02
    1.6669994999E-03    8.8832241685E-01    3.7236925197E-01    1.2375184911E+02    4.7037147347E-02
    1.6679994999E-03    9.0605596304E-01    3.8440534015E-01    1.2383472008E+02    4.7052796870E-02
    1.6689994999E-03    9.2458912314E-01    3.9462575006E-01    1.2391639371E+02    4.7057994322E-02
    1.6699994999E-03    9.4376793088E-01    4.0294355486E-01    1.2399682804E+02    4.7051510347E-02
    1.6709994999E-03    9.6343414804E-01    4.0928193013E-01    1.2407599226E+02    4.7031739871E-02
    1.6719994999E-03    9.8342506797E-01    4.1357542154E-01    1.2415386514E+02    4.6996517375E-02
    1.6729994999E-03    1.0035728626E+00    4.1577347142E-01    1.2423043375E+02    4.6943137528E-02
    1.6739994999E-03    1.0237056527E+00    4.1584493389E-01    1.2430569201E+02    4.6868618595E-02
    1.6749994999E-03    1.0436531613E+00    4.1377948912E-01    1.2437963842E+02    4.6770181691E-02
    1.6759994999E-03    1.0632528788E+00    4.0958721948E-01    1.2445227398E+02    4.6645805141E-02
    1.6769994999E-03    1.0823500261E+00    4.0330436667E-01    1.2452360380E+02    4.6494626203E-02
    1.6779994999E-03    1.1008002654E+00    3.9499578210E-01    1.2459363905E+02    4.6317039536E-02
    1.6789994999E-03    1.1184794065E+00    3.8474220953E-01    1.2466239556E+02    4.6114434984E-02
    1.6799994999E-03    1.1352818018E+00    3.7263902104E-01    1.2472989602E+02    4.5888615094E-02
    1.6809994999E-03    1.1511226642E+00    3.5878556096E-01    1.2479616831E+02    4.5641235319E-02
    1.6819994999E-03    1.1659338812E+00    3.4328657341E-01    1.2486124604E+02    4.5373598846E-02
    1.6829994999E-03    1.1796664559E+00    3.2623905463E-01    1.2492516375E+02    4.5086795220E-02
    1.6839994999E-03    1.1922860069E+00    3.0773662486E-01    1.2498795704E+02    4.4782069460E-02
    1.6849994999E-03    1.2037718238E+00    2.8786865679E-01    1.2504966159E+02    4.4461203416E-02
    1.6859994999E-03    1.2141141484E+00    2.6672926342E-01    1.2511031597E+02    4.4126653361E-02
    1.6869994999E-03    1.2233201165E+00    2.4438713551E-01    1.2516995187E+02    4.3781585540E-02
    1.6879994999E-03    1.2314028702E+00    2.2093325301E-01    1.2522861020E+02    4.3430051855E-02
    1.6889994999E-03    1.2383873683E+00    1.9645540196E-01    1.2528633385E+02    4.3077385692E-02
    1.6899994999E-03    1.2443082471E+00    1.7104262915E-01    1.2534317118E+02    4.2730793345E-02
    1.6909994999E-03    1.2492065602E+00    1.4480190958E-01    1.2539918523E+02    4.2400022377E-02
    1.6919994999E-03    1.2531293578E+00    1.1783930370E-01    1.2545445163E+02    4.2097514077E-02
    1.6929994999E-03    1.2561242322E+00    9.0278793810E-02    1.2550907024E+02    4.1837818401E-02
    1.6939994999E-03    1.2582357611E+00    6.2254472948E-02    1.2556316600E+02    4.1636198348E-02
    1.6949994999E-03    1.2595007107E+00    3.3913941613E-02    1.2561689109E+02    4.1506510208E-02
    1.6959994999E-03    1.2599441309E+00    5.4046731138E-03    1.2567041646E+02    4.1458822603E-02
    1.6969994999E-03    1.2595759453E+00   -2.3123869110E-02    1.2572392530E+02    4.1497491052E-02
    1.6979994999E-03    1.2583896702E+00   -5.1522059520E-02    1.2577760224E+02    4.1620272379E-02
    1.6989994999E-03    1.2563633084E+00   -7.9640990167E-02    1.2583162264E+02    4.1818793978E-02
    1.6999994999E-03    1.2534624949E+00   -1.0732991566E-01    1.2588614518E+02    4.2080212325E-02
    1.7009994999E-03    1.2496443105E+00   -1.3445096290E-01    1.2594130192E+02    4.2389554077E-02
    1.7019994999E-03    1.2448621130E+00   -1.6087554350E-01    1.2599719948E+02    4.2732004662E-02
    1.7029994999E-03    1.2390695714E+00   -1.8649013985E-01    1.2605392009E+02    4.3094540924E-02
    1.7039994999E-03    1.2322252962E+00   -2.1118662814E-01    1.2611152983E+02    4.3466750945E-02
    1.7049994999E-03    1.2242945976E+00   -2.3487061737E-01    1.2617008046E+02    4.3840820681E-02
    1.7059994999E-03    1.2152528666E+00   -2.5744760107E-01    1.2622961792E+02    4.4210915004E-02
    1.7069994999E-03    1.2050854729E+00   -2.7883012255E-01    1.2629018221E+02    4.4572574318E-02
    1.7079994999E-03    1.1937864153E+00   -2.9894136086E-01    1.2635180767E+02    4.4922251199E-02
    1.7089994999E-03    1.1813653297E+00   -3.1768605307E-01    1.2641453290E+02    4.5257114465E-02
    1.7099994999E-03    1.1678438450E+00   -3.3497138313E-01    1.2647839412E+02    4.5575019486E-02
    1.7109994999E-03    1.1532554618E+00   -3.5070641342E-01    1.2654342542E+02    4.5874381054E-02
    1.7119994999E-03    1.1376510295E+00   -3.6478955875E-01    1.2660966196E+02    4.6153802076E-02
    1.7129994999E-03    1.1210981111E+00   -3.7711796254E-01    1.2667713595E+02    4.6411767804E-02
    1.7139994999E-03    1.1036825940E+00   -3.8759040972E-01    1.2674587491E+02    4.6646427749E-02
    1.7149994999E-03    1.0855078753E+00   -3.9611535608E-01    1.2681589917E+02    4.6855765531E-02
    1.7159994999E-03    1.0667025692E+00   -4.0260480197E-01    1.2688722513E+02    4.7038109262E-02
    1.7169994999E-03    1.0474056871E+00   -4.0700157243E-01    1.2695985934E+02    4.7192674156E-02
    1.7179994999E-03    1.0277726823E+00   -4.0926799676E-01    1.2703380444E+02    4.7319950748E-02
    1.7189994999E-03    1.0079698919E+00   -4.0939064600E-01    1.2710905919E+02    4.7421619792E-02
    1.7199994999E-03    9.8816656987E-01   -4.0738299573E-01    1.2718561755E+02    4.7500107888E-02
    1.7209994999E-03    9.6853366011E-01   -4.0327922683E-01    1.2726346890E+02    4.7558068844E-02
    1.7219994999E-03    9.4924073509E-01   -3.9713105137E-01    1.2734259653E+02    4.7597958105E-02
    1.7229994999E-03    9.3045317114E-01   -3.8900519063E-01    1.2742297562E+02    4.7621797655E-02
    1.7239994999E-03    9.1233139899E-01   -3.7898060838E-01    1.2750457166E+02    4.7631151458E-02
    1.7249994999E-03    8.9503149467E-01   -3.6714658572E-01    1.2758733895E+02    4.7627274766E-02
    1.7259994999E-03    8.7870548211E-01   -3.5360235006E-01    1.2767121886E+02    4.7611364220E-02
    1.7269994999E-03    8.6350031265E-01   -3.3845785757E-01    1.2775613795E+02    4.7584808218E-02
    1.7279994999E-03    8.4955552584E-01   -3.2183468818E-01    1.2784200646E+02    4.7549333178E-02
    1.7289994999E-03    8.3700012730E-01   -3.0386619221E-01    1.2792871800E+02    4.7506983969E-02
    1.7299994999E-03    8.2594939613E-01   -2.8469656101E-01    1.2801615108E+02    4.7459957316E-02
    1.7309994999E-03    8.1650257305E-01   -2.6447897136E-01    1.2810417248E+02    4.7410374109E-02
    1.7319994999E-03    8.0874214225E-01   -2.4337336195E-01    1.2819264174E+02    4.7360078485E-02
    1.7329994999E-03    8.0273414446E-01   -2.2154459558E-01    1.2828141528E+02    4.7310492787E-02
    1.7339994999E-03    7.9852758280E-01   -1.9916141303E-01    1.2837034907E+02    4.7262500863E-02
    1.7349994999E-03    7.9615063530E-01   -1.7639583175E-01    1.2845929994E+02    4.7216340710E-02
    1.7359994999E-03    7.9560864758E-01   -1.5342183693E-01    1.2854812672E+02    4.7171552791E-02
    1.7369994999E-03    7.9688583392E-01   -1.3041372066E-01    1.2863669219E+02    4.7127079234E-02
    1.7379994999E-03    7.9994704144E-01   -1.0754474790E-01    1.2872486598E+02    4.7081582350E-02
    1.7389994999E-03    8.0473707214E-01   -8.4985909543E-02    1.2881252856E+02    4.7033923467E-02
    1.7399994999E-03    8.1117810781E-01   -6.2904152737E-02    1.2889957565E+02    4.6983596750E-02
    1.7409994999E-03    8.1916890523E-01   -4.1460054154E-02    1.2898592126E+02    4.6930882474E-02
    1.7419994999E-03    8.2859311931E-01   -2.0806650633E-02    1.2907149747E+02    4.6876618990E-02
    1.7429994999E-03    8.3932931389E-01   -1.0900475002E-03    1.2915625072E+02    4.6821707533E-02
    1.7439994999E-03    8.5125054792E-01    1.7550911169E-02    1.2924013761E+02    4.6766628472E-02
    1.7449994999E-03    8.6421589957E-01    3.4988072845E-02    1.2932312267E+02    4.6711221323E-02
    1.7459994999E-03    8.7806370901E-01    5.1109718149E-02    1.2940517812E+02    4.6654809840E-02
    1.7469994999E-03    8.9261416835E-01    6.5825526864E-02    1.2948628372E+02    4.6596584263E-02
    1.7479994999E-03    9.0767884605E-01    7.9069089812E-02    1.2956642555E+02    4.6536071138E-02
    1.7489994999E-03    9.2306691355E-01    9.0800575763E-02    1.2964559494E+02    4.6473539154E-02
    1.7499994999E-03    9.3858941713E-01    1.0100952769E-01    1.2972378730E+02    4.6410232563E-02
    1.7509994999E-03    9.5406521377E-01    1.0971586894E-01    1.2980100048E+02    4.6348341531E-02
    1.7519994999E-03    9.6932920275E-01    1.1696751179E-01    1.2987723270E+02    4.6290680334E-02
    1.7529994999E-03    9.8423989791E-01    1.2283510882E-01    1.2995248116E+02    4.6240173711E-02
    1.7539994999E-03    9.9868335871E-01    1.2740593695E-01    1.3002674207E+02    4.6199377295E-02
    1.7549994999E-03    1.0125745274E+00    1.3077704137E-01    1.3010001184E+02    4.6170248494E-02
    1.7559994999E-03    1.0258560039E+00    1.3304864808E-01    1.3017228881E+02    4.6154223111E-02
    1.7569994999E-03    1.0384947869E+00    1.3431875702E-01    1.3024357515E+02    4.6152467484E-02
    1.7579994999E-03    1.0504777824E+00    1.3467949846E-01    1.3031387821E+02    4.6166095174E-02
    1.7589994999E-03    1.0618068901E+00    1.3421537424E-01    1.3038321102E+02    4.6196220751E-02
    1.7599994999E-03    1.0724944222E+00    1.3300291717E-01    1.3045159173E+02    4.6243907892E-02
    1.7609994999E-03    1.0825593117E+00    1.3111107051E-01    1.3051904232E+02    4.6310185246E-02
    1.7619994999E-03    1.0920240731E+00    1.2860209196E-01    1.3058558702E+02    4.6396219109E-02
    1.7629994999E-03    1.1009122685E+00    1.2553336837E-01    1.3065125110E+02    4.6503521068E-02
    1.7639994999E-03    1.1092481207E+00    1.2195696173E-01    1.3071605945E+02    4.6633966223E-02
    1.7649994999E-03    1.1170571093E+00    1.1791763149E-01    1.3078003493E+02    4.6789488188E-02
    1.7659994999E-03    1.1243620296E+00    1.1346145317E-01    1.3084320094E+02    4.6971592594E-02
    1.7669994999E-03    1.1311835387E+00    1.0863700926E-01    1.3090558220E+02    4.7181149941E-02
    1.7679994999E-03    1.1375433417E+00    1.0348859606E-01    1.3096720294E+02    4.7418473828E-02
    1.7689994999E-03    1.1434610598E+00    9.8065193874E-02    1.3102809059E+02    4.7683266437E-02
    1.7699994999E-03    1.1489576374E+00    9.2411958483E-02    1.3108827312E+02    4.7974417380E-02
    1.7709994999E-03    1.1540548112E+00    8.6571045142E-02    1.3114777909E+02    4.8289408362E-02
    1.7719994999E-03    1.1587722237E+00    8.0592660188E-02    1.3120664132E+02    4.8623603856E-02
    1.7729994999E-03    1.1631314253E+00    7.4518526721E-02    1.3126489132E+02    4.8970279984E-02
    1.7739994999E-03    1.1671519033E+00    6.8392056328E-02    1.3132256401E+02    4.9321482737E-02
    1.7749994999E-03    1.1708500957E+00    6.2257135987E-02    1.3137969897E+02    4.9669312968E-02
    1.7759994999E-03    1.1742386298E+00    5.6154239304E-02    1.3143634087E+02    5.0006747240E-02
    1.7769994999E-03    1.1773251011E+00    5.0120896211E-02    1.3149253964E+02    5.0326868360E-02
    1.7779994999E-03    1.1801120812E+00    4.4186071363E-02    1.3154834725E+02    5.0621491980E-02
    1.7789994999E-03    1.1825962108E+00    3.8372899525E-02    1.3160381629E+02    5.0880808186E-02
    1.7799994999E-03    1.1847672026E+00    3.2713454297E-02    1.3165900292E+02    5.1095269853E-02
    1.7809994999E-03    1.1866111636E+00    2.7214669325E-02    1.3171395406E+02    5.1259548845E-02
    1.7819994999E-03    1.1881101720E+00    2.1875770498E-02    1.3176871475E+02    5.1375480158E-02
    1.7829994999E-03    1.1892454828E+00    1.6678861617E-02    1.3182332725E+02    5.1451781371E-02
    1.7839994999E-03    1.1900006804E+00    1.1588014949E-02    1.3187783298E+02    5.1500354726E-02
    1.7849994999E-03    1.1903645053E+00    6.5548853880E-03    1.3193227504E+02    5.1531175026E-02
    1.7859994999E-03    1.1903328518E+00    1.5234270324E-03    1.3198669801E+02    5.1548239025E-02
    1.7869994999E-03    1.1899094691E+00   -3.5642405468E-03    1.3204114645E+02    5.1547957271E-02
    1.7879994999E-03    1.1891053800E+00   -8.7603955292E-03    1.3209566364E+02    5.1520343939E-02
    1.7889994999E-03    1.1879371036E+00   -1.4104965666E-02    1.3215029151E+02    5.1452747921E-02
    1.7899994999E-03    1.1864238602E+00   -1.9621732262E-02    1.3220507173E+02    5.1334978129E-02
    1.7909994999E-03    1.1845844944E+00   -2.5315590662E-02    1.3226004857E+02    5.1163554129E-02
    1.7919994999E-03    1.1824347431E+00   -3.1176316345E-02    1.3231527018E+02    5.0942750689E-02
    1.7929994999E-03    1.1799850352E+00   -3.7187471620E-02    1.3237078720E+02    5.0682067535E-02
    1.7939994999E-03    1.1772411595E+00   -4.3315919327E-02    1.3242665639E+02    5.0392146473E-02
    1.7949994999E-03    1.1742024307E+00   -4.9532838771E-02    1.3248293135E+02    5.0081840875E-02
    1.7959994999E-03    1.1708627109E+00   -5.5803820670E-02    1.3253966351E+02    4.9758214002E-02
    1.7969994999E-03    1.1672107103E+00   -6.2091080585E-02    1.3259689961E+02    4.9427874552E-02
    1.7979994999E-03    1.1632316130E+00   -6.8350691254E-02    1.3265468240E+02    4.9098040670E-02
    1.7989994999E-03    1.1589084574E+00   -7.4534593243E-02    1.3271305088E+02    4.8776485062E-02
    1.7999994999E-03    1.1542208047E+00   -8.0602911686E-02    1.3277203779E+02    4.8470237987E-02
    1.8009994999E-03    1.1491481398E+00   -8.6512688728E-02    1.3283167498E+02    4.8184594468E-02
    1.8019994999E-03    1.1436711791E+00   -9.2216809663E-02    1.3289199424E+02    4.7922946823E-02
    1.8029994999E-03    1.1377673879E+00   -9.7678599558E-02    1.3295302223E+02    4.7687122417E-02
    1.8039994999E-03    1.1314177728E+00   -1.0284956955E-01    1.3301478779E+02    4.7478052436E-02
    1.8049994999E-03    1.1246022409E+00   -1.0768411295E-01    1.3307731706E+02    4.7296074193E-02
    1.8059994999E-03    1.1172991280E+00   -1.1213899578E-01    1.3314063420E+02    4.7140854329E-02
    1.8069994999E-03    1.1094845373E+00   -1.1617304378E-01    1.3320476214E+02    4.7011309714E-02
    1.8079994999E-03    1.1011350434E+00   -1.1974002422E-01    1.3326972541E+02    4.6905836084E-02
    1.8089994999E-03    1.0922247770E+00   -1.2279386392E-01    1.3333554835E+02    4.6822682137E-02
    1.8099994999E-03    1.0827245743E+00   -1.2528833353E-01    1.3340225466E+02    4.6760278887E-02
    1.8109994999E-03    1.0726063896E+00   -1.2716907768E-01    1.3346986902E+02    4.6717367790E-02
    1.8119994999E-03    1.0618466078E+00   -1.2837087569E-01    1.3353841634E+02    4.6692865585E-02
    1.8129994999E-03    1.0504273442E+00   -1.2881942622E-01    1.3360791924E+02    4.6685668622E-02
    1.8139994999E-03    1.0383385193E+00   -1.2843244599E-01    1.3367839577E+02    4.6694607354E-02
    1.8149994999E-03    1.0255823116E+00   -1.2711891508E-01    1.3374985853E+02    4.6718534755E-02
    1.8159994999E-03    1.0121785621E+00   -1.2477937344E-01    1.3382231458E+02    4.6756359165E-02
    1.8169994999E-03    9.9816900240E-01   -1.2130940080E-01    1.3389576596E+02    4.6806877726E-02
    1.8179994999E-03    9.8361966973E-01   -1.1660558912E-01    1.3397021053E+02    4.6868453065E-02
    1.8189994999E-03    9.6862217770E-01   -1.1057206901E-01    1.3404564360E+02    4.6938736041E-02
    1.8199994999E-03    9.5329482454E-01   -1.0312609175E-01    1.3412205991E+02    4.7014669563E-02
    1.8209994999E-03    9.3778427700E-01   -9.4202111732E-02    1.3419945563E+02    4.7092887117E-02
    1.8219994999E-03    9.2226436238E-01   -8.3756485457E-02    1.3427782873E+02    4.7170377439E-02
    1.8229994999E-03    9.0692524523E-01   -7.1774806270E-02    1.3435717650E+02    4.7245078501E-02
    1.8239994999E-03    8.9196180912E-01   -5.8275249403E-02    1.3443749282E+02    4.7316135680E-02
    1.8249994999E-03    8.7756582373E-01   -4.3307111280E-02    1.3451876649E+02    4.7383783442E-02
    1.8259994999E-03    8.6392199164E-01   -2.6946619207E-02    1.3460098069E+02    4.7448960122E-02
    1.8269994999E-03    8.5120409553E-01   -9.2926692398E-03    1.3468411267E+02    4.7512795450E-02
    1.8279994999E-03    8.3957198605E-01    9.5374037866E-03    1.3476813341E+02    4.7576107756E-02
    1.8289994999E-03    8.2917080743E-01    2.9411919744E-02    1.3485300667E+02    4.7639057364E-02
    1.8299994999E-03    8.2013205425E-01    5.0188251937E-02    1.3493868696E+02    4.7701092260E-02
    1.8309994999E-03    8.1257490044E-01    7.1715176089E-02    1.3502511638E+02    4.7761240873E-02
    1.8319994999E-03    8.0660500511E-01    9.3834202888E-02    1.3511222120E+02    4.7818640470E-02
    1.8329994999E-03    8.0231146120E-01    1.1638070258E-01    1.3519990996E+02    4.7873036140E-02
    1.8339994999E-03    7.9976403956E-01    1.3918529963E-01    1.3528807419E+02    4.7924974345E-02
    1.8349994999E-03    7.9901162638E-01    1.6207545428E-01    1.3537659157E+02    4.7975587272E-02
    1.8359994999E-03    8.0008225215E-01    1.8487699646E-01    1.3546533023E+02    4.8026109216E-02
    1.8369994999E-03    8.0298462950E-01    2.0741533462E-01    1.3555415255E+02    4.8077395554E-02
    1.8379994999E-03    8.0770814188E-01    2.2951647710E-01    1.3564291745E+02    4.8129647825E-02
    1.8389994999E-03    8.1422121715E-01    2.5100832535E-01    1.3573148173E+02    4.8182371616E-02
    1.8399994999E-03    8.2247051365E-01    2.7172224090E-01    1.3581970147E+02    4.8234466862E-02
    1.8409994999E-03    8.3238250399E-01    2.9149447881E-01    1.3590743409E+02    4.8284346796E-02
    1.8419994999E-03    8.4386695901E-01    3.1016720615E-01    1.3599454146E+02    4.8330059374E-02
    1.8429994999E-03    8.5681950904E-01    3.2758963751E-01    1.3608089379E+02    4.8369445368E-02
    1.8439994999E-03    8.7112164759E-01    3.4362011861E-01    1.3616637383E+02    4.8400349178E-02
    1.8449994999E-03    8.8664161682E-01    3.5812815668E-01    1.3625087988E+02    4.8420828485E-02
    1.8459994999E-03    9.0323729314E-01    3.7099520683E-01    1.3633432693E+02    4.8429270596E-02
    1.8469994999E-03    9.2075947872E-01    3.8211415931E-01    1.3641664585E+02    4.8424353167E-02
    1.8479994999E-03    9.3905410224E-01    3.9138830962E-01    1.3649778176E+02    4.8404860793E-02
    1.8489994999E-03    9.5796273140E-01    3.9873097556E-01    1.3657769211E+02    4.8369434254E-02
    1.8499994999E-03    9.7732168801E-01    4.0406685439E-01    1.3665634522E+02    4.8316353628E-02
    1.8509994999E-03    9.9696100367E-01    4.0733547620E-01    1.3673371901E+02    4.8243447423E-02
    1.8519994999E-03    1.0167072115E+00    4.0849356774E-01    1.3680979908E+02    4.8148196740E-02
    1.8529994999E-03    1.0363911201E+00    4.0751271751E-01    1.3688457516E+02    4.8028051059E-02
    1.8539994999E-03    1.0558494089E+00    4.0438207303E-01    1.3695803987E+02    4.7880894055E-02
    1.8549994999E-03    1.0749179695E+00    3.9912369426E-01    1.3703019227E+02    4.7705544202E-02
    1.8559994999E-03    1.0934422878E+00    3.9178867963E-01    1.3710103715E+02    4.7502097220E-02
    1.8569994999E-03    1.1112873973E+00    3.8244556657E-01    1.3717058364E+02    4.7271838315E-02
    1.8579994999E-03    1.1283366297E+00    3.7117951779E-01    1.3723884762E+02    4.7016755719E-02
    1.8589994999E-03    1.1444943506E+00    3.5808171085E-01    1.3730585047E+02    4.6738935943E-02
    1.8599994999E-03    1.1596744990E+00    3.4327006632E-01    1.3737162616E+02    4.6440173977E-02
    1.8609994999E-03    1.1738191691E+00    3.2684036522E-01    1.3743620587E+02    4.6121987433E-02
    1.8619994999E-03    1.1868841613E+00    3.0889030194E-01    1.3749962425E+02    4.5785894631E-02
    1.8629994999E-03    1.1988383215E+00    2.8952013963E-01    1.3756191877E+02    4.5433827395E-02
    1.8639994999E-03    1.2096689006E+00    2.6880752605E-01    1.3762312131E+02    4.5068315382E-02
    1.8649994999E-03    1.2193709184E+00    2.4684436243E-01    1.3768326978E+02    4.4692558592E-02
    1.8659994999E-03    1.2279516616E+00    2.2372237030E-01    1.3774240405E+02    4.4310553150E-02
    1.8669994999E-03    1.2354304266E+00    1.9953069316E-01    1.3780056602E+02    4.3927350810E-02
    1.8679994999E-03    1.2418371087E+00    1.7435717967E-01    1.3785780138E+02    4.3549675235E-02
    1.8689994999E-03    1.2472087990E+00    1.4830700703E-01    1.3791416914E+02    4.3186563762E-02
    1.8699994999E-03    1.2515898386E+00    1.2148552754E-01    1.3796973989E+02    4.2849713571E-02
    1.8709994999E-03    1.2550265354E+00    9.4023339057E-02    1.3802460998E+02    4.2553218386E-02
    1.8719994999E-03    1.2575648929E+00    6.6053879942E-02    1.3807889758E+02    4.2312370132E-02
    1.8729994999E-03    1.2592450073E+00    3.7719399913E-02    1.3813274661E+02    4.2141545607E-02
    1.8739994999E-03    1.2600964528E+00    9.1696904220E-03    1.3818632424E+02    4.2051820037E-02
    1.8749994999E-03    1.2601346633E+00   -1.9443898744E-02    1.3823981227E+02    4.2048850632E-02
    1.8759994999E-03    1.2593588229E+00   -4.7969493816E-02    1.3829339714E+02    4.2131715187E-02
    1.8769994999E-03    1.2577519452E+00   -7.6256059847E-02    1.3834725874E+02    4.2293096749E-02
    1.8779994999E-03    1.2552830395E+00   -1.0415599114E-01    1.3840156032E+02    4.2520736162E-02
    1.8789994999E-03    1.2519107455E+00   -1.3152992818E-01    1.3845644105E+02    4.2799659849E-02
    1.8799994999E-03    1.2475874565E+00   -1.5825317289E-01    1.3851201240E+02    4.3114491936E-02
    1.8809994999E-03    1.2422660684E+00   -1.8419351175E-01    1.3856836855E+02    4.3451359115E-02
    1.8819994999E-03    1.2359006124E+00   -2.0925334728E-01    1.3862557535E+02    4.3798959611E-02
    1.8829994999E-03    1.2284517486E+00   -2.3333671334E-01    1.3868368748E+02    4.4148686553E-02
    1.8839994999E-03    1.2198889656E+00   -2.5635204283E-01    1.3874275142E+02    4.4494222442E-02
    1.8849994999E-03    1.2101895445E+00   -2.7822259629E-01    1.3880280483E+02    4.4830912803E-02
    1.8859994999E-03    1.1993438183E+00   -2.9885970682E-01    1.3886388702E+02    4.5155177032E-02
    1.8869994999E-03    1.1873532731E+00   -3.1817725931E-01    1.3892603472E+02    4.5464209161E-02
    1.8879994999E-03    1.1742312747E+00   -3.3608835713E-01    1.3898928363E+02    4.5755939825E-02
    1.8889994999E-03    1.1600002195E+00   -3.5251277886E-01    1.3905366627E+02    4.6028900410E-02
    1.8899994999E-03    1.1447014571E+00   -3.6735005272E-01    1.3911921988E+02    4.6281994511E-02
    1.8909994999E-03    1.1283919692E+00   -3.8049795764E-01    1.3918597974E+02    4.6514154850E-02
    1.8919994999E-03    1.1111434057E+00   -3.9185891098E-01    1.3925397594E+02    4.6723985504E-02
    1.8929994999E-03    1.0930481283E+00   -4.0133383252E-01    1.3932323486E+02    4.6909759917E-02
    1.8939994999E-03    1.0742237583E+00   -4.0882457633E-01    1.3939377924E+02    4.7069809288E-02
    1.8949994999E-03    1.0548007471E+00   -4.1425966347E-01    1.3946562226E+02    4.7203109336E-02
    1.8959994999E-03    1.0349270382E+00   -4.1758658274E-01    1.3953877270E+02    4.7309837302E-02
    1.8969994999E-03    1.0147641017E+00   -4.1877595033E-01    1.3961323594E+02    4.7391505671E-02
    1.8979994999E-03    9.9447916682E-01   -4.1782540628E-01    1.3968901325E+02    4.7450653535E-02
    1.8989994999E-03    9.7424203781E-01   -4.1475561670E-01    1.3976610203E+02    4.7490319470E-02
    1.8999994999E-03    9.5422190955E-01   -4.0960656894E-01    1.3984449458E+02    4.7513507528E-02
    1.9009994999E-03    9.3458459536E-01   -4.0243436166E-01    1.3992417623E+02    4.7522800479E-02
    1.9019994999E-03    9.1549147398E-01   -3.9330807006E-01    1.4000512363E+02    4.7520195543E-02
    1.9029994999E-03    8.9709982488E-01   -3.8230747304E-01    1.4008730322E+02    4.7507170316E-02
    1.9039994999E-03    8.7956352179E-01   -3.6952218443E-01    1.4017066969E+02    4.7484930656E-02
    1.9049994999E-03    8.6303309350E-01   -3.5505203881E-01    1.4025516415E+02    4.7454736023E-02
    1.9059994999E-03    8.4765451714E-01   -3.3900806192E-01    1.4034071214E+02    4.7418162026E-02
    1.9069994999E-03    8.3356657696E-01   -3.2151319640E-01    1.4042722208E+02    4.7377183152E-02
    1.9079994999E-03    8.2089740788E-01   -3.0270207749E-01    1.4051458491E+02    4.7334048630E-02
    1.9089994999E-03    8.0976184085E-01   -2.8271956104E-01    1.4060267596E+02    4.7291032580E-02
    1.9099994999E-03    8.0026139379E-01   -2.6171842102E-01    1.4069135872E+02    4.7250190092E-02
    1.9109994999E-03    7.9248354561E-01   -2.3985780914E-01    1.4078048920E+02    4.7213208602E-02
    1.9119994999E-03    7.8649770459E-01   -2.1730261046E-01    1.4086991950E+02    4.7181349312E-02
    1.9129994999E-03    7.8235142960E-01   -1.9422246228E-01    1.4095950041E+02    4.7155395001E-02
    1.9139994999E-03    7.8006928947E-01   -1.7079017885E-01    1.4104908332E+02    4.7135526513E-02
    1.9149994999E-03    7.7965315498E-01   -1.4717996268E-01    1.4113852168E+02    4.7121154149E-02
    1.9159994999E-03    7.8108179842E-01   -1.2356554643E-01    1.4122767319E+02    4.7110855270E-02
    1.9169994999E-03    7.8431011777E-01   -1.0011818339E-01    1.4131640351E+02    4.7102592015E-02
    1.9179994999E-03    7.8926990680E-01   -7.7004697420E-02    1.4140459093E+02    4.7094237040E-02
    1.9189994999E-03    7.9587272327E-01   -5.4385988208E-02    1.4149213072E+02    4.7084204980E-02
    1.9199994999E-03    8.0401373196E-01   -3.2416087249E-02    1.4157893719E+02    4.7071867274E-02
    1.9209994999E-03    8.1357550674E-01   -1.1241561576E-02    1.4166494299E+02    4.7057540549E-02
    1.9219994999E-03    8.2443123797E-01    8.9989935594E-03    1.4175009594E+02    4.7042102815E-02
    1.9229994999E-03    8.3644635553E-01    2.8175810402E-02    1.4183435516E+02    4.7026500562E-02
    1.9239994999E-03    8.4947758817E-01    4.6169891851E-02    1.4191768806E+02    4.7011423201E-02
    1.9249994999E-03    8.6337015561E-01    6.2876583121E-02    1.4200006928E+02    4.6997268115E-02
    1.9259994999E-03    8.7795562033E-01    7.8210444517E-02    1.4208148104E+02    4.6984338833E-02
    1.9269994999E-03    8.9305336908E-01    9.2110009005E-02    1.4216191355E+02    4.6973126414E-02
    1.9279994999E-03    9.0847665906E-01    1.0454077970E-01    1.4224136398E+02    4.6964534034E-02
    1.9289994999E-03    9.2404131427E-01    1.1549578326E-01    1.4231983405E+02    4.6959961429E-02
    1.9299994999E-03    9.3957454483E-01    1.2499387419E-01    1.4239732668E+02    4.6961222712E-02
    1.9309994999E-03    9.5492200296E-01    1.3307648721E-01    1.4247384327E+02    4.6970328206E-02
    1.9319994999E-03    9.6995229275E-01    1.3980356158E-01    1.4254938237E+02    4.6989219978E-02
    1.9329994999E-03    9.8455898551E-01    1.4524916083E-01    1.4262394019E+02    4.7019574318E-02
    1.9339994999E-03    9.9866073356E-01    1.4949697179E-01    1.4269751253E+02    4.7062736635E-02
    1.9349994999E-03    1.0122007936E+00    1.5263496610E-01    1.4277009692E+02    4.7119761629E-02
    1.9359994999E-03    1.0251456227E+00    1.5474972664E-01    1.4284169431E+02    4.7191479151E-02
    1.9369994999E-03    1.0374808416E+00    1.5592307675E-01    1.4291231021E+02    4.7278555982E-02
    1.9379994999E-03    1.0492052869E+00    1.5623192506E-01    1.4298195549E+02    4.7381616250E-02
    1.9389994999E-03    1.0603259327E+00    1.5574904930E-01    1.4305064616E+02    4.7501482060E-02
    1.9399994999E-03    1.0708549055E+00    1.5454298583E-01    1.4311840193E+02    4.7639436481E-02
    1.9409994999E-03    1.0808073400E+00    1.5267835399E-01    1.4318524465E+02    4.7797300387E-02
    1.9419994999E-03    1.0902016689E+00    1.5021333870E-01    1.4325119587E+02    4.7977236692E-02
    1.9429994999E-03    1.0990548312E+00    1.4720783617E-01    1.4331627849E+02    4.8181397601E-02
    1.9439994999E-03    1.1073823872E+00    1.4372525361E-01    1.4338051724E+02    4.8411733276E-02
    1.9449994999E-03    1.1152045090E+00    1.3981993650E-01    1.4344393486E+02    4.8670032241E-02
    1.9459994999E-03    1.1225388173E+00    1.3555321010E-01    1.4350655821E+02    4.8957909732E-02
    1.9469994999E-03    1.1294062191E+00    1.3098016047E-01    1.4356841422E+02    4.9276494827E-02
    1.9479994999E-03    1.1358287990E+00    1.2615416478E-01    1.4362953113E+02    4.9625530705E-02
    1.9489994999E-03    1.1418302027E+00    1.2112528678E-01    1.4368993744E+02    5.0002144983E-02
    1.9499994999E-03    1.1474344263E+00    1.1594183934E-01    1.4374966195E+02    5.0400341689E-02
    1.9509994999E-03    1.1526642561E+00    1.1065186044E-01    1.4380873484E+02    5.0811719000E-02
    1.9519994999E-03    1.1575393712E+00    1.0530463519E-01    1.4386719020E+02    5.1227300578E-02
    1.9529994999E-03    1.1620759140E+00    9.9944338192E-02    1.4392506602E+02    5.1639352020E-02
    1.9539994999E-03    1.1662846283E+00    9.4611382532E-02    1.4398240604E+02    5.2041506098E-02
    1.9549994999E-03    1.1701709734E+00    8.9335787803E-02    1.4403925729E+02    5.2427655615E-02
    1.9559994999E-03    1.1737334590E+00    8.4146132030E-02    1.4409567111E+02    5.2790570129E-02
    1.9569994999E-03    1.1769650033E+00    7.9059990848E-02    1.4415169710E+02    5.3123103954E-02
    1.9579994999E-03    1.1798528736E+00    7.4088581820E-02    1.4420738283E+02    5.3421034824E-02
    1.9589994999E-03    1.1823807799E+00    6.9232919781E-02    1.4426277256E+02    5.3685739072E-02
    1.9599994999E-03    1.1845323574E+00    6.4474106774E-02    1.4431790584E+02    5.3923957759E-02
    1.9609994999E-03    1.1862938821E+00    5.9786022398E-02    1.4437282450E+02    5.4144058009E-02
    1.9619994999E-03    1.1876583560E+00    5.5121310619E-02    1.4442756910E+02    5.4351440344E-02
    1.9629994999E-03    1.1886268304E+00    5.0419449271E-02    1.4448218084E+02    5.4545321663E-02
    1.9639994999E-03    1.1892084837E+00    4.5619753577E-02    1.4453670291E+02    5.4718008080E-02
    1.9649994999E-03    1.1894197708E+00    4.0666435148E-02    1.4459117817E+02    5.4856697203E-02
    1.9659994999E-03    1.1892821389E+00    3.5502462291E-02    1.4464564371E+02    5.4947208398E-02
    1.9669994999E-03    1.1888185929E+00    3.0095063331E-02    1.4470013863E+02    5.4978872014E-02
    1.9679994999E-03    1.1880505912E+00    2.4436326874E-02    1.4475470572E+02    5.4948810811E-02
    1.9689994999E-03    1.1869954198E+00    1.8537095531E-02    1.4480939220E+02    5.4862945155E-02
    1.9699994999E-03    1.1856648320E+00    1.2421736075E-02    1.4486425053E+02    5.4732894906E-02
    1.9709994999E-03    1.1840649387E+00    6.1232677627E-03    1.4491933762E+02    5.4570908976E-02
    1.9719994999E-03    1.1821956999E+00   -3.2872574227E-04    1.4497470938E+02    5.4386128636E-02
    1.9729994999E-03    1.1800517520E+00   -6.9015596418E-03    1.4503042059E+02    5.4184126612E-02
    1.9739994999E-03    1.1776241265E+00   -1.3552758490E-02    1.4508652496E+02    5.3968878815E-02
    1.9749994999E-03    1.1749000932E+00   -2.0240285604E-02    1.4514307047E+02    5.3744773686E-02
    1.9759994999E-03    1.1718643169E+00   -2.6922038597E-02    1.4520010007E+02    5.3517289768E-02
    1.9769994999E-03    1.1684994825E+00   -3.3558800488E-02    1.4525765195E+02    5.3292339885E-02
    1.9779994999E-03    1.1647908219E+00   -4.0099547001E-02    1.4531576608E+02    5.3075323529E-02
    1.9789994999E-03    1.1607216300E+00   -4.6504621922E-02    1.4537447686E+02    5.2870563707E-02
    1.9799994999E-03    1.1562747510E+00   -5.2736658933E-02    1.4543381632E+02    5.2681457334E-02
    1.9809994999E-03    1.1514328572E+00   -5.8758143600E-02    1.4549381487E+02    5.2510866821E-02
    1.9819994999E-03    1.1461777011E+00   -6.4532744117E-02    1.4555450076E+02    5.2361242356E-02
    1.9829994999E-03    1.1404877255E+00   -7.0030394474E-02    1.4561589872E+02    5.2234371466E-02
    1.9839994999E-03    1.1343389270E+00   -7.5222412089E-02    1.4567803229E+02    5.2131113493E-02
    1.9849994999E-03    1.1277061717E+00   -8.0077062736E-02    1.4574092577E+02    5.2051429144E-02
    1.9859994999E-03    1.1205596532E+00   -8.4566169853E-02    1.4580460237E+02    5.1994707088E-02
    1.9869994999E-03    1.1128647811E+00   -8.8662174833E-02    1.4586908526E+02    5.1960217591E-02
    1.9879994999E-03    1.1045849626E+00   -9.2330936398E-02    1.4593439974E+02    5.1947342449E-02
    1.9889994999E-03    1.0956837300E+00   -9.5528388797E-02    1.4600057348E+02    5.1955426353E-02
    1.9899994999E-03    1.0861262145E+00   -9.8199649641E-02    1.4606763548E+02    5.1983486948E-02
    1.9909994999E-03    1.0758815205E+00   -1.0027738999E-01    1.4613561452E+02    5.2030138654E-02
    1.9919994999E-03    1.0649258702E+00   -1.0168022977E-01    1.4620453749E+02    5.2093844390E-02
    1.9929994999E-03    1.0532450685E+00   -1.0231351122E-01    1.4627442733E+02    5.2173286704E-02
    1.9939994999E-03    1.0408362964E+00   -1.0207213505E-01    1.4634530124E+02    5.2267532942E-02
    1.9949994999E-03    1.0277112610E+00   -1.0084318062E-01    1.4641716994E+02    5.2375806672E-02
    1.9959994999E-03    1.0139027051E+00   -9.8507225804E-02    1.4649003862E+02    5.2496956992E-02
    1.9969994999E-03    9.9946983383E-01   -9.4943063556E-02    1.4656390754E+02    5.2628914873E-02
    1.9979994999E-03    9.8450156017E-01   -9.0035028392E-02    1.4663877284E+02    5.2768376723E-02
    1.9989994999E-03    9.6911781692E-01   -8.3680985198E-02    1.4671462789E+02    5.2910888418E-02
    1.9999994999E-03    9.5347062676E-01   -7.5798788693E-02    1.4679146543E+02    5.3051471337E-02
    2.0009994999E-03    9.3774353373E-01   -6.6331818731E-02    1.4686927940E+02    5.3185677505E-02
    2.0019994999E-03    9.2213833496E-01   -5.5257880263E-02    1.4694806329E+02    5.3310622780E-02
    2.0029994999E-03    9.0686067023E-01   -4.2592830865E-02    1.4702780817E+02    5.3425540807E-02
    2.0039994999E-03    8.9211992247E-01   -2.8385017950E-02    1.4710850322E+02    5.3531647059E-02
    2.0049994999E-03    8.7812119949E-01   -1.2712667150E-02    1.4719013395E+02    5.3631392184E-02
    2.0059994999E-03    8.6505321001E-01    4.3189429051E-03    1.4727267990E+02    5.3727449230E-02
    2.0069994999E-03    8.5308610338E-01    2.2583862637E-02    1.4735611433E+02    5.3821806397E-02
    2.0079994999E-03    8.4237382818E-01    4.1941331135E-02    1.4744040351E+02    5.3915209179E-02
    2.0089994999E-03    8.3305395139E-01    6.2239339764E-02    1.4752550420E+02    5.4007101836E-02
    2.0099994999E-03    8.2524648179E-01    8.3317188117E-02    1.4761136025E+02    5.4096096950E-02
    2.0109994999E-03    8.1905428587E-01    1.0500774313E-01    1.4769789970E+02    5.4180774708E-02
    2.0119994999E-03    8.1456316890E-01    1.2713914190E-01    1.4778503319E+02    5.4260420287E-02
    2.0129994999E-03    8.1184059752E-01    1.4953610744E-01    1.4787265466E+02    5.4335330560E-02
    2.0139994999E-03    8.1093447170E-01    1.7202115961E-01    1.4796064418E+02    5.4406561968E-02
    2.0149994999E-03    8.1187224305E-01    1.9441575245E-01    1.4804887192E+02    5.4475307753E-02
    2.0159994999E-03    8.1466055895E-01    2.1654136444E-01    1.4813720175E+02    5.4542273780E-02
    2.0169994999E-03    8.1928602346E-01    2.3822045513E-01    1.4822549358E+02    5.4607352392E-02
    2.0179994999E-03    8.2571555079E-01    2.5927742317E-01    1.4831360459E+02    5.4669652212E-02
    2.0189994999E-03    8.3389605587E-01    2.7953984764E-01    1.4840139045E+02    5.4727726091E-02
    2.0199994999E-03    8.4375443350E-01    2.9884008688E-01    1.4848870764E+02    5.4779802664E-02
    2.0209994999E-03    8.5519888552E-01    3.1701697949E-01    1.4857541701E+02    5.4823933627E-02
    2.0219994999E-03    8.6812109752E-01    3.3391749219E-01    1.4866138804E+02    5.4858084846E-02
    2.0229994999E-03    8.8239838822E-01    3.4939828265E-01    1.4874650278E+02    5.4880227290E-02
    2.0239994999E-03    8.9789602105E-01    3.6332680503E-01    1.4883065843E+02    5.4888435703E-02
    2.0249994999E-03    9.1446971585E-01    3.7558159579E-01    1.4891376832E+02    5.4880955639E-02
    2.0259994999E-03    9.3196780438E-01    3.8605187177E-01    1.4899576136E+02    5.4856193167E-02
    2.0269994999E-03    9.5023238781E-01    3.9463713871E-01    1.4907658069E+02    5.4812612416E-02
    2.0279994999E-03    9.6909907735E-01    4.0124796662E-01    1.4915618223E+02    5.4748567452E-02
    2.0289994999E-03    9.8839543722E-01    4.0580921866E-01    1.4923453343E+02    5.4662133103E-02
    2.0299994999E-03    1.0079437430E+00    4.0826190338E-01    1.4931161116E+02    5.4551033645E-02
    2.0309994999E-03    1.0275682671E+00    4.0856114940E-01    1.4938739795E+02    5.4412765107E-02
    2.0319994999E-03    1.0470956774E+00    4.0668056164E-01    1.4946188055E+02    5.4244949452E-02
    2.0329994999E-03    1.0663510055E+00    4.0262510785E-01    1.4953505161E+02    5.4045886134E-02
    2.0339994999E-03    1.0851705701E+00    3.9642442175E-01    1.4960690747E+02    5.3815105313E-02
    2.0349994999E-03    1.1034065815E+00    3.8813022840E-01    1.4967744892E+02    5.3553571335E-02
    2.0359994999E-03    1.1209296166E+00    3.7781238969E-01    1.4974668280E+02    5.3263391960E-02
    2.0369994999E-03    1.1376228427E+00    3.6556850156E-01    1.4981462733E+02    5.2947183207E-02
    2.0379994999E-03    1.1533937599E+00    3.5149717379E-01    1.4988130605E+02    5.2607461290E-02
    2.0389994999E-03    1.1681690677E+00    3.3569817704E-01    1.4994674771E+02    5.2246335832E-02
    2.0399994999E-03    1.1818913668E+00    3.1827367919E-01    1.5001098553E+02    5.1865732101E-02
    2.0409994999E-03    1.1945210699E+00    2.9931631182E-01    1.5007405259E+02    5.1467786316E-02
    2.0419994999E-03    1.2060310627E+00    2.7892119201E-01    1.5013598419E+02    5.1055150367E-02
    2.0429994999E-03    1.2164070961E+00    2.5718582323E-01    1.5019681822E+02    5.0631180448E-02
    2.0439994999E-03    1.2256514810E+00    2.3418820806E-01    1.5025658806E+02    5.0199907223E-02
    2.0449994999E-03    1.2337750756E+00    2.1002366017E-01    1.5031533476E+02    4.9766222064E-02
    2.0459994999E-03    1.2408005227E+00    1.8479285792E-01    1.5037310469E+02    4.9336433618E-02
    2.0469994999E-03    1.2467625336E+00    1.5859027174E-01    1.5042994778E+02    4.8919063057E-02
    2.0479994999E-03    1.2517031479E+00    1.3152870895E-01    1.5048592995E+02    4.8525585475E-02
    2.0489994999E-03    1.2556702316E+00    1.0373085589E-01    1.5054113553E+02    4.8170374444E-02
    2.0499994999E-03    1.2587130428E+00    7.5333434151E-02    1.5059567409E+02    4.7869702449E-02
    2.0509994999E-03    1.2608772362E+00    4.6490649218E-02    1.5064968511E+02    4.7639762219E-02
    2.0519994999E-03    1.2622001074E+00    1.7355304033E-02    1.5070333047E+02    4.7493984973E-02
    2.0529994999E-03    1.2627052976E+00   -1.1912908328E-02    1.5075679253E+02    4.7440589536E-02
    2.0539994999E-03    1.2623997278E+00   -4.1153969109E-02    1.5081026273E+02    4.7480988115E-02
    2.0549994999E-03    1.2612725134E+00   -7.0208949102E-02    1.5086392993E+02    4.7609507198E-02
    2.0559994999E-03    1.2592962613E+00   -9.8921949712E-02    1.5091796925E+02    4.7814468200E-02
    2.0569994999E-03    1.2564302086E+00   -1.2714641475E-01    1.5097253217E+02    4.8080282501E-02
    2.0579994999E-03    1.2526251294E+00   -1.5474176179E-01    1.5102774467E+02    4.8389939154E-02
    2.0589994999E-03    1.2478293490E+00   -1.8157060191E-01    1.5108370923E+02    4.8727362347E-02
    2.0599994999E-03    1.2419909967E+00   -2.0752988836E-01    1.5114049746E+02    4.9079010365E-02
    2.0609994999E-03    1.2350636735E+00   -2.3252177057E-01    1.5119816654E+02    4.9434488150E-02
    2.0619994999E-03    1.2270094004E+00   -2.5645437736E-01    1.5125676373E+02    4.9786320380E-02
    2.0629994999E-03    1.2177996545E+00   -2.7924459980E-01    1.5131632907E+02    5.0129255033E-02
    2.0639994999E-03    1.2074167551E+00   -3.0081159945E-01    1.5137689948E+02    5.0459404971E-02
    2.0649994999E-03    1.1958560634E+00   -3.2106873192E-01    1.5143851222E+02    5.0773731589E-02
    2.0659994999E-03    1.1831211284E+00   -3.3994236902E-01    1.5150119934E+02    5.1069902588E-02
    2.0669994999E-03    1.1692281392E+00   -3.5735101717E-01    1.5156499463E+02    5.1346235541E-02
    2.0679994999E-03    1.1542089801E+00   -3.7320085738E-01    1.5162993485E+02    5.1601619563E-02
    2.0689994999E-03    1.1381090077E+00   -3.8739722258E-01    1.5169605534E+02    5.1835180632E-02
    2.0699994999E-03    1.1209875542E+00   -3.9984613924E-01    1.5176338826E+02    5.2045822518E-02
    2.0709994999E-03    1.1029271126E+00   -4.1044272632E-01    1.5183196521E+02    5.2232015550E-02
    2.0719994999E-03    1.0840312311E+00   -4.1908705856E-01    1.5190181210E+02    5.2391992517E-02
    2.0729994999E-03    1.0644204640E+00   -4.2569692355E-01    1.5197294676E+02    5.2524354654E-02
    2.0739994999E-03    1.0442369382E+00   -4.3020425068E-01    1.5204538298E+02    5.2628812250E-02
    2.0749994999E-03    1.0236383880E+00   -4.3256451627E-01    1.5211913063E+02    5.2706574690E-02
    2.0759994999E-03    1.0027930177E+00   -4.3275897593E-01    1.5219419673E+02    5.2760230764E-02
    2.0769994999E-03    9.8187474053E-01   -4.3079331746E-01    1.5227058578E+02    5.2793230905E-02
    2.0779994999E-03    9.6105786796E-01   -4.2669551191E-01    1.5234829840E+02    5.2809229301E-02
    2.0789994999E-03    9.4051311090E-01   -4.2051243188E-01    1.5242732927E+02    5.2811536871E-02
    2.0799994999E-03    9.2040593131E-01   -4.1230590499E-01    1.5250766512E+02    5.2802824109E-02
    2.0809994999E-03    9.0089678177E-01   -4.0214950733E-01    1.5258928300E+02    5.2785105686E-02
    2.0819994999E-03    8.8214210825E-01   -3.9012689655E-01    1.5267214873E+02    5.2759962335E-02
    2.0829994999E-03    8.6429523579E-01   -3.7633158841E-01    1.5275621540E+02    5.2728889990E-02
    2.0839994999E-03    8.4750662699E-01   -3.6086756141E-01    1.5284142149E+02    5.2693617366E-02
    2.0849994999E-03    8.3192305817E-01   -3.4385002451E-01    1.5292768895E+02    5.2656242459E-02
    2.0859994999E-03    8.1768541758E-01   -3.2540578221E-01    1.5301492156E+02    5.2619131553E-02
    2.0869994999E-03    8.0492561491E-01   -3.0567275837E-01    1.5310300464E+02    5.2584661519E-02
    2.0879994999E-03    7.9376382870E-01   -2.8479863159E-01    1.5319180699E+02    5.2554973010E-02
    2.0889994999E-03    7.8430668048E-01   -2.6293914039E-01    1.5328118479E+02    5.2531866866E-02
    2.0899994999E-03    7.7664529223E-01   -2.4025678468E-01    1.5337098624E+02    5.2516842458E-02
    2.0909994999E-03    7.7085174075E-01   -2.1692003052E-01    1.5346105544E+02    5.2511148631E-02
    2.0919994999E-03    7.6697411990E-01   -1.9310236252E-01    1.5355123491E+02    5.2515690002E-02
    2.0929994999E-03    7.6503265856E-01   -1.6898048889E-01    1.5364136750E+02    5.2530725513E-02
    2.0939994999E-03    7.6501861337E-01   -1.4473174068E-01    1.5373129872E+02    5.2555469785E-02
    2.0949994999E-03    7.6689603662E-01   -1.2053127431E-01    1.5382088013E+02    5.2587866912E-02
    2.0959994999E-03    7.7060436701E-01   -9.6549685980E-02    1.5390997404E+02    5.2624818730E-02
    2.0969994999E-03    7.7606110231E-01   -7.2951276516E-02    1.5399845861E+02    5.2662932324E-02
    2.0979994999E-03    7.8316527136E-01   -4.9893057651E-02    1.5408623175E+02    5.2699503352E-02
    2.0989994999E-03    7.9180175078E-01   -2.7524428245E-02    1.5417321230E+02    5.2733241553E-02
    2.0999994999E-03    8.0184499715E-01   -5.9870566201E-03    1.5425933811E+02    5.2764370858E-02
    2.1009994999E-03    8.1316091944E-01    1.4585718951E-02    1.5434456227E+02    5.2794114954E-02
    2.1019994999E-03    8.2560696630E-01    3.4070425073E-02    1.5442884933E+02    5.2823923181E-02
    2.1029994999E-03    8.3903140724E-01    5.2355948070E-02    1.5451217279E+02    5.2854876744E-02
    2.1039994999E-03    8.5327291170E-01    6.9346694929E-02    1.5459451431E+02    5.2887534367E-02
    2.1049994999E-03    8.6816144145E-01    8.4965895277E-02    1.5467586361E+02    5.2922191142E-02
    2.1059994999E-03    8.8352066028E-01    9.9158633536E-02    1.5475621814E+02    5.2959319406E-02
    2.1069994999E-03    8.9917170156E-01    1.1189429914E-01    1.5483558154E+02    5.2999924825E-02
    2.1079994999E-03    9.1493849586E-01    1.2316784776E-01    1.5491396100E+02    5.3045650588E-02
    2.1089994999E-03    9.3065435403E-01    1.3299929118E-01    1.5499136397E+02    5.3098608242E-02
    2.1099994999E-03    9.4616879954E-01    1.4143120716E-01    1.5506779546E+02    5.3161030065E-02
    2.1109994999E-03    9.6135325131E-01    1.4852463348E-01    1.5514325678E+02    5.3234890229E-02
    2.1119994999E-03    9.7610508073E-01    1.5435350368E-01    1.5521774592E+02    5.3321628766E-02
    2.1129994999E-03    9.9035037271E-01    1.5899728779E-01    1.5529125875E+02    5.3422054426E-02
    2.1139994999E-03    1.0040423364E+00    1.6253521305E-01    1.5536379130E+02    5.3536438015E-02
    2.1149994999E-03    1.0171539548E+00    1.6504603608E-01    1.5543534320E+02    5.3664776496E-02
    2.1159994999E-03    1.0296707750E+00    1.6660967287E-01    1.5550592046E+02    5.3807192274E-02
    2.1169994999E-03    1.0415901729E+00    1.6730238132E-01    1.5557553438E+02    5.3964360453E-02
    2.1179994999E-03    1.0529177006E+00    1.6719594092E-01    1.5564420056E+02    5.4137740872E-02
    2.1189994999E-03    1.0636625581E+00    1.6636040217E-01    1.5571193815E+02    5.4329455962E-02
    2.1199994999E-03    1.0738384393E+00    1.6486052864E-01    1.5577876683E+02    5.4541887663E-02
    2.1209994999E-03    1.0834572543E+00    1.6276587331E-01    1.5584470886E+02    5.4777282552E-02
    2.1219994999E-03    1.0925325365E+00    1.6014587195E-01    1.5590978720E+02    5.5037793194E-02
    2.1229994999E-03    1.1010806094E+00    1.5706715057E-01    1.5597402516E+02    5.5325786634E-02
    2.1239994999E-03    1.1091194993E+00    1.5359530626E-01    1.5603744799E+02    5.5643978486E-02
    2.1249994999E-03    1.1166688441E+00    1.4979536964E-01    1.5610008350E+02    5.5994900954E-02
    2.1259994999E-03    1.1237531956E+00    1.4572236601E-01    1.5616195852E+02    5.6379433932E-02
    2.1269994999E-03    1.1303973398E+00    1.4143258840E-01    1.5622310164E+02    5.6795052708E-02
    2.1279994999E-03    1.1366278459E+00    1.3697678305E-01    1.5628353993E+02    5.7235175802E-02
    2.1289994999E-03    1.1424675856E+00    1.3241467890E-01    1.5634330438E+02    5.7690236410E-02
    2.1299994999E-03    1.1479377854E+00    1.2780152120E-01    1.5640242767E+02    5.8150621378E-02
    2.1309994999E-03    1.1530561361E+00    1.2318492039E-01    1.5646094518E+02    5.8608830124E-02
    2.1319994999E-03    1.1578345765E+00    1.1860605139E-01    1.5651889790E+02    5.9059753759E-02
    2.1329994999E-03    1.1622786105E+00    1.1409885493E-01    1.5657633223E+02    5.9498732368E-02
    2.1339994999E-03    1.1663882653E+00    1.0968038214E-01    1.5663329434E+02    5.9920157023E-02
    2.1349994999E-03    1.1701543771E+00    1.0537836168E-01    1.5668983681E+02    6.0318499198E-02
    2.1359994999E-03    1.1735644869E+00    1.0119563906E-01    1.5674600391E+02    6.0691492432E-02
    2.1369994999E-03    1.1766024352E+00    9.7128156377E-02    1.5680183776E+02    6.1042045895E-02
    2.1379994999E-03    1.1792531254E+00    9.3156271708E-02    1.5685737755E+02    6.1376470055E-02
    2.1389994999E-03    1.1815075638E+00    8.9229751962E-02    1.5691265696E+02    6.1699996300E-02
    2.1399994999E-03    1.1833636093E+00    8.5300838028E-02    1.5696771681E+02    6.2012922914E-02
    2.1409994999E-03    1.1848293244E+00    8.1299500435E-02    1.5702259519E+02    6.2309589129E-02
    2.1419994999E-03    1.1859216661E+00    7.7149739327E-02    1.5707732950E+02    6.2579325069E-02
    2.1429994999E-03    1.1866643849E+00    7.2791976416E-02    1.5713195993E+02    6.2808423341E-02
    2.1439994999E-03    1.1870857969E+00    6.8158432752E-02    1.5718651743E+02    6.2983428738E-02
    2.1449994999E-03    1.1872135152E+00    6.3215056495E-02    1.5724103752E+02    6.3095931093E-02
    2.1459994999E-03    1.1870708414E+00    5.7957781376E-02    1.5729556104E+02    6.3146871569E-02
    2.1469994999E-03    1.1866743032E+00    5.2404908449E-02    1.5735013515E+02    6.3146490322E-02
    2.1479994999E-03    1.1860329913E+00    4.6586477239E-02    1.5740481272E+02    6.3109204477E-02
    2.1489994999E-03    1.1851491290E+00    4.0536004877E-02    1.5745965013E+02    6.3047098449E-02
    2.1499994999E-03    1.1840190617E+00    3.4287601136E-02    1.5751470449E+02    6.2966541240E-02
    2.1509994999E-03    1.1826344004E+00    2.7877764527E-02    1.5757003136E+02    6.2869269375E-02
    2.1519994999E-03    1.1809833292E+00    2.1347483620E-02    1.5762568318E+02    6.2755769449E-02
    2.1529994999E-03    1.1790516009E+00    1.4739635493E-02    1.5768170770E+02    6.2627940121E-02
    2.1539994999E-03    1.1768241403E+00    8.0995054081E-03    1.5773814899E+02    6.2489653616E-02
    2.1549994999E-03    1.1742869470E+00    1.4761780189E-03    1.5779504966E+02    6.2345766342E-02
    2.1559994999E-03    1.1714253822E+00   -5.0902629401E-03    1.5785244766E+02    6.2200848840E-02
    2.1569994999E-03    1.1682246414E+00   -1.1564451545E-02    1.5791037839E+02    6.2058719999E-02
    2.1579994999E-03    1.1646721897E+00   -1.7904675345E-02    1.5796887828E+02    6.1922830493E-02
    2.1589994999E-03    1.1607542176E+00   -2.4075230196E-02    1.5802798018E+02    6.1796668367E-02
    2.1599994999E-03    1.1564542488E+00   -3.0047406242E-02    1.5808771308E+02    6.1683756136E-02
    2.1609994999E-03    1.1517533518E+00   -3.5795936261E-02    1.5814810359E+02    6.1587246902E-02
    2.1619994999E-03    1.1466284528E+00   -4.1301670101E-02    1.5820917572E+02    6.1509433458E-02
    2.1629994999E-03    1.1410512625E+00   -4.6551233079E-02    1.5827095156E+02    6.1451631518E-02
    2.1639994999E-03    1.1349887785E+00   -5.1532467724E-02    1.5833345318E+02    6.1414543239E-02
    2.1649994999E-03    1.1284038656E+00   -5.6230718187E-02    1.5839670393E+02    6.1398734666E-02
    2.1659994999E-03    1.1212559506E+00   -6.0625960612E-02    1.5846072924E+02    6.1404763327E-02
    2.1669994999E-03    1.1135021643E+00   -6.4690056718E-02    1.5852555698E+02    6.1432842569E-02
    2.1679994999E-03    1.1050988922E+00   -6.8384057324E-02    1.5859121729E+02    6.1482389081E-02
    2.1689994999E-03    1.0960035677E+00   -7.1655666022E-02    1.5865774157E+02    6.1551918414E-02
    2.1699994999E-03    1.0861768931E+00   -7.4436746662E-02    1.5872516126E+02    6.1639429021E-02
    2.1709994999E-03    1.0755856604E+00   -7.6641360784E-02    1.5879350664E+02    6.1742998946E-02
    2.1719994999E-03    1.0642051108E+00   -7.8166398630E-02    1.5886280534E+02    6.1861197172E-02
    2.1729994999E-03    1.0520213138E+00   -7.8894030197E-02    1.5893308069E+02    6.1993088148E-02
    2.1739994999E-03    1.0390358817E+00   -7.8693564447E-02    1.5900435065E+02    6.2137859238E-02
    2.1749994999E-03    1.0252719277E+00   -7.7424694398E-02    1.5907662669E+02    6.2294266630E-02
    2.1759994999E-03    1.0107782333E+00   -7.4944509990E-02    1.5914991232E+02    6.2460084895E-02
    2.1769994999E-03    9.9563313673E-01   -7.1115481693E-02    1.5922420313E+02    6.2631621819E-02
    2.1779994999E-03    9.7995460526E-01   -6.5809502273E-02    1.5929949047E+02    6.2803689071E-02
    2.1789994999E-03    9.6390602561E-01   -5.8916032585E-02    1.5937576528E+02    6.2970450414E-02
    2.1799994999E-03    9.4768547720E-01   -5.0357393954E-02    1.5945301897E+02    6.3126786118E-02
    2.1809994999E-03    9.3151544850E-01   -4.0096537464E-02    1.5953124468E+02    6.3269659315E-02
    2.1819994999E-03    9.1563246457E-01   -2.8139159020E-02    1.5961043722E+02    6.3398902517E-02
    2.1829994999E-03    9.0027104156E-01   -1.4533641051E-02    1.5969059013E+02    6.3516968335E-02
    2.1839994999E-03    8.8565279606E-01    6.3451296709E-04    1.5977169318E+02    6.3627791374E-02
    2.1849994999E-03    8.7198275474E-01    1.7251004634E-02    1.5985373102E+02    6.3735261170E-02
    2.1859994999E-03    8.5944477210E-01    3.5179444040E-02    1.5993668138E+02    6.3841861652E-02
    2.1869994999E-03    8.4819987631E-01    5.4267480292E-02    1.6002051351E+02    6.3947973750E-02
    2.1879994999E-03    8.3838997649E-01    7.4352262745E-02    1.6010518654E+02    6.4052091895E-02
    2.1889994999E-03    8.3013963103E-01    9.5263720417E-02    1.6019064661E+02    6.4151819572E-02
    2.1899995000E-03    8.2355532030E-01    1.1682656132E-01    1.6027682380E+02    6.4245166189E-02
    2.1909995000E-03    8.1872576515E-01    1.3886184671E-01    1.6036363048E+02    6.4331524012E-02
    2.1919995000E-03    8.1572192382E-01    1.6118796274E-01    1.6045096174E+02    6.4411846509E-02
    2.1929995000E-03    8.1459545957E-01    1.8362123546E-01    1.6053869780E+02    6.4487991222E-02
    2.1939995000E-03    8.1537711988E-01    2.0597661817E-01    1.6062670758E+02    6.4561661568E-02
    2.1949995000E-03    8.1807542420E-01    2.2806864255E-01    1.6071485222E+02    6.4633554040E-02
    2.1959995000E-03    8.2267488305E-01    2.4971287096E-01    1.6080298767E+02    6.4703094798E-02
    2.1969995000E-03    8.2913582507E-01    2.7072767983E-01    1.6089096671E+02    6.4768739388E-02
    2.1979995000E-03    8.3739696428E-01    2.9093575373E-01    1.6097864079E+02    6.4828511279E-02
    2.1989995000E-03    8.4737831573E-01    3.1016526210E-01    1.6106586261E+02    6.4880419819E-02
    2.1999995000E-03    8.5898234950E-01    3.2825133487E-01    1.6115248978E+02    6.4922588660E-02
    2.2009995000E-03    8.7209432483E-01    3.4503801849E-01    1.6123838920E+02    6.4953163715E-02
    2.2019995000E-03    8.8658522999E-01    3.6037942736E-01    1.6132344077E+02    6.4970187695E-02
    2.2029995000E-03    9.0231557833E-01    3.7413985060E-01    1.6140753946E+02    6.4971573946E-02
    2.2039995000E-03    9.1913773909E-01    3.8619351263E-01    1.6149059606E+02    6.4955182463E-02
    2.2049995000E-03    9.3689639330E-01    3.9642470337E-01    1.6157253704E+02    6.4918914691E-02
    2.2059995000E-03    9.5542789759E-01    4.0472872326E-01    1.6165330387E+02    6.4860737783E-02
    2.2069995000E-03    9.7456007685E-01    4.1101346345E-01    1.6173285196E+02    6.4778601235E-02
    2.2079995000E-03    9.9411421788E-01    4.1520050962E-01    1.6181114847E+02    6.4670284506E-02
    2.2089995000E-03    1.0139068262E+00    4.1722755042E-01    1.6188816984E+02    6.4533282296E-02
    2.2099995000E-03    1.0337507384E+00    4.1705338710E-01    1.6196389959E+02    6.4364883941E-02
    2.2109995000E-03    1.0534613934E+00    4.1465939676E-01    1.6203832545E+02    6.4162577736E-02
    2.2119995000E-03    1.0728614997E+00    4.1005215373E-01    1.6211143817E+02    6.3924713371E-02
    2.2129995000E-03    1.0917853323E+00    4.0326531867E-01    1.6218323226E+02    6.3651129467E-02
    2.2139995000E-03    1.1100855687E+00    3.9435378206E-01    1.6225370674E+02    6.3343330128E-02
    2.2149995000E-03    1.1276323516E+00    3.8339477294E-01    1.6232286872E+02    6.3004070782E-02
    2.2159995000E-03    1.1443170775E+00    3.7047703394E-01    1.6239073324E+02    6.2636554340E-02
    2.2169995000E-03    1.1600525670E+00    3.5569088339E-01    1.6245732157E+02    6.2243722595E-02
    2.2179995000E-03    1.1747630663E+00    3.3914553039E-01    1.6252266564E+02    6.1828064943E-02
    2.2189995000E-03    1.1883957388E+00    3.2093325105E-01    1.6258679591E+02    6.1391906551E-02
    2.2199995000E-03    1.2009105856E+00    3.0114986110E-01    1.6264974621E+02    6.0937882469E-02
    2.2209995000E-03    1.2122833962E+00    2.7988231316E-01    1.6271154919E+02    6.0469238033E-02
    2.2219995000E-03    1.2225016814E+00    2.5722307725E-01    1.6277224032E+02    5.9989851913E-02
    2.2229995000E-03    1.2315661564E+00    2.3326750940E-01    1.6283185754E+02    5.9504264384E-02
    2.2239995000E-03    1.2394925751E+00    2.0810125999E-01    1.6289043747E+02    5.9017977063E-02
    2.2249995000E-03    1.2463071182E+00    1.8182884397E-01    1.6294802602E+02    5.8538318289E-02
    2.2259995000E-03    1.2520485994E+00    1.5455635647E-01    1.6300467602E+02    5.8075528675E-02
    2.2269995000E-03    1.2567650783E+00    1.2640178149E-01    1.6306045551E+02    5.7643548989E-02
    2.2279995000E-03    1.2605100995E+00    9.7500090901E-02    1.6311545603E+02    5.7259614700E-02
    2.2289995000E-03    1.2633379264E+00    6.8001431823E-02    1.6316979770E+02    5.6942560471E-02
    2.2299995000E-03    1.2652975182E+00    3.8071112968E-02    1.6322363211E+02    5.6710040751E-02
    2.2309995000E-03    1.2664267345E+00    7.8759368138E-03    1.6327713518E+02    5.6575529751E-02
    2.2319995000E-03    1.2667469645E+00   -2.2412458402E-02    1.6333050153E+02    5.6545912870E-02
    2.2329995000E-03    1.2662601474E+00   -5.2623396571E-02    1.6338393160E+02    5.6620276273E-02
    2.2339995000E-03    1.2649482696E+00   -8.2588172530E-02    1.6343761935E+02    5.6790104591E-02
    2.2349995000E-03    1.2627755453E+00   -1.1214184162E-01    1.6349174100E+02    5.7040751245E-02
    2.2359995000E-03    1.2596926552E+00   -1.4112885498E-01    1.6354644600E+02    5.7353833578E-02
    2.2369995000E-03    1.2556427708E+00   -1.6940063565E-01    1.6360185568E+02    5.7710032004E-02
    2.2379995000E-03    1.2505668505E+00   -1.9683014431E-01    1.6365806027E+02    5.8091683809E-02
    2.2389995000E-03    1.2444090095E+00   -2.2330666286E-01    1.6371512647E+02    5.8484486552E-02
    2.2399995000E-03    1.2371208287E+00   -2.4873118341E-01    1.6377310543E+02    5.8878024042E-02
    2.2409995000E-03    1.2286641822E+00   -2.7301295508E-01    1.6383203943E+02    5.9265260292E-02
    2.2419995000E-03    1.2190119078E+00   -2.9607032251E-01    1.6389196486E+02    5.9641386513E-02
    2.2429995000E-03    1.2081499638E+00   -3.1781891263E-01    1.6395291761E+02    6.0002799014E-02
    2.2439995000E-03    1.1960734470E+00   -3.3818753637E-01    1.6401492862E+02    6.0346558421E-02
    2.2449995000E-03    1.1827923279E+00   -3.5709094557E-01    1.6407803264E+02    6.0670290165E-02
    2.2459995000E-03    1.1683281664E+00   -3.7444502632E-01    1.6414226359E+02    6.0972265968E-02
    2.2469995000E-03    1.1527160480E+00   -3.9016068672E-01    1.6420765625E+02    6.1251285385E-02
    2.2479995000E-03    1.1360039898E+00   -4.0414801878E-01    1.6427424411E+02    6.1506246780E-02
    2.2489995000E-03    1.1182585235E+00   -4.1630891290E-01    1.6434206003E+02    6.1735710312E-02
    2.2499995000E-03    1.0995647944E+00   -4.2654657040E-01    1.6441113209E+02    6.1937774799E-02
    2.2509995000E-03    1.0800294429E+00   -4.3476913522E-01    1.6448148261E+02    6.2110476883E-02
    2.2519995000E-03    1.0597821009E+00   -4.4089566670E-01    1.6455312841E+02    6.2252594258E-02
    2.2529995000E-03    1.0389730958E+00   -4.4486419738E-01    1.6462608170E+02    6.2364362491E-02
    2.2539995000E-03    1.0177663303E+00   -4.4663959395E-01    1.6470035085E+02    6.2447698814E-02
    2.2549995000E-03    9.9633915871E-01   -4.4620870431E-01    1.6477594360E+02    6.2505911251E-02
    2.2559995000E-03    9.7487687227E-01   -4.4358054210E-01    1.6485286662E+02    6.2543025808E-02
    2.2569995000E-03    9.5356381646E-01   -4.3878737885E-01    1.6493112250E+02    6.2563043149E-02
    2.2579995000E-03    9.3257784156E-01   -4.3188190516E-01    1.6501070675E+02    6.2569428581E-02
    2.2589995000E-03    9.1208881012E-01   -4.2293272364E-01    1.6509160553E+02    6.2564952637E-02
    2.2599995000E-03    8.9225843114E-01   -4.1202123078E-01    1.6517379350E+02    6.2551839824E-02
    2.2609995000E-03    8.7324063809E-01   -3.9923994274E-01    1.6525723221E+02    6.2532097813E-02
    2.2619995000E-03    8.5518437943E-01   -3.8469089496E-01    1.6534186921E+02    6.2507855491E-02
    2.2629995000E-03    8.3823917434E-01   -3.6848419193E-01    1.6542763756E+02    6.2481536033E-02
    2.2639995000E-03    8.2255912883E-01   -3.5073827730E-01    1.6551445452E+02    6.2455768444E-02
    2.2649995000E-03    8.0829989147E-01   -3.3158227999E-01    1.6560221897E+02    6.2433098330E-02
    2.2659995000E-03    7.9560866548E-01   -3.1115823169E-01    1.6569080954E+02    6.2415706614E-02
    2.2669995000E-03    7.8461372387E-01   -2.8962072894E-01    1.6578008571E+02    6.2405351803E-02
    2.2679995000E-03    7.7541939970E-01   -2.6713407362E-01    1.6586989270E+02    6.2403574047E-02
    2.2689995000E-03    7.6810700336E-01   -2.4386887996E-01    1.6596006795E+02    6.2411962707E-02
    2.2699995000E-03    7.6273826784E-01   -2.1999982102E-01    1.6605044650E+02    6.2432188860E-02
    2.2709995000E-03    7.5935773507E-01   -1.9570477282E-01    1.6614086382E+02    6.2465623261E-02
    2.2719995000E-03    7.5799086962E-01   -1.7116452245E-01    1.6623115673E+02    6.2512621383E-02
    2.2729995000E-03    7.5863480313E-01   -1.4656151797E-01    1.6632116487E+02    6.2571822333E-02
    2.2739995000E-03    7.6124429562E-01   -1.2207610088E-01    1.6641073514E+02    6.2639942424E-02
    2.2749995000E-03    7.6573196130E-01   -9.7881523525E-02    1.6649972930E+02    6.2712399081E-02
    2.2759995000E-03    7.7199123917E-01   -7.4142543390E-02    1.6658803009E+02    6.2784629602E-02
    2.2769995000E-03    7.7990828765E-01   -5.1016590253E-02    1.6667554313E+02    6.2853512830E-02
    2.2779995000E-03    7.8935962236E-01   -2.8653895446E-02    1.6676219589E+02    6.2918194407E-02
    2.2789995000E-03    8.0020889597E-01   -7.1962371745E-03    1.6684793485E+02    6.2979911405E-02
    2.2799995000E-03    8.1231080127E-01    1.3223761611E-02    1.6693272102E+02    6.3040951293E-02
    2.2809995000E-03    8.2551362505E-01    3.2483744105E-02    1.6701652593E+02    6.3103344531E-02
    2.2819995000E-03    8.3965790754E-01    5.0474257879E-02    1.6709932983E+02    6.3167982290E-02
    2.2829995000E-03    8.5457456843E-01    6.7102464968E-02    1.6718112160E+02    6.3234537612E-02
    2.2839995000E-03    8.7008513730E-01    8.2295923856E-02    1.6726189902E+02    6.3302103613E-02
    2.2849995000E-03    8.8600527468E-01    9.6005384040E-02    1.6734166760E+02    6.3370118952E-02
    2.2859995000E-03    9.0214854234E-01    1.0820749978E-01    1.6742043823E+02    6.3439086303E-02
    2.2869995000E-03    9.1833141620E-01    1.1890679909E-01    1.6749822384E+02    6.3510767439E-02
    2.2879995000E-03    9.3438050073E-01    1.2813549106E-01    1.6757503590E+02    6.3587817783E-02
    2.2889995000E-03    9.5014080211E-01    1.3595040918E-01    1.6765088187E+02    6.3673068579E-02
    2.2899995000E-03    9.6548375735E-01    1.4242668442E-01    1.6772576410E+02    6.3768783355E-02
    2.2909995000E-03    9.8031175084E-01    1.4765021494E-01    1.6779968066E+02    6.3876186712E-02
    2.2919995000E-03    9.9455771138E-01    1.5171131936E-01    1.6787262786E+02    6.3995428422E-02
    2.2929995000E-03    1.0081802955E+00    1.5470135477E-01    1.6794460382E+02    6.4125981943E-02
    2.2939995000E-03    1.0211591778E+00    1.5670943771E-01    1.6801561104E+02    6.4267356210E-02
    2.2949995000E-03    1.0334908510E+00    1.5781906915E-01    1.6808565725E+02    6.4419892920E-02
    2.2959995000E-03    1.0451828839E+00    1.5810797142E-01    1.6815475573E+02    6.4585309972E-02
    2.2969995000E-03    1.0562491965E+00    1.5764912034E-01    1.6822292443E+02    6.4766691630E-02
    2.2979995000E-03    1.0667082274E+00    1.5650981697E-01    1.6829018352E+02    6.4967878086E-02
    2.2989995000E-03    1.0765776608E+00    1.5475875236E-01    1.6835655543E+02    6.5192553458E-02
    2.2999995000E-03    1.0858758763E+00    1.5246404156E-01    1.6842206267E+02    6.5443692581E-02
    2.3009995000E-03    1.0946229835E+00    1.4969107925E-01    1.6848672690E+02    6.5723712772E-02
    2.3019995000E-03    1.1028394587E+00    1.4650510534E-01    1.6855057053E+02    6.6035110289E-02
    2.3029995000E-03    1.1105460039E+00    1.4297227119E-01    1.6861361856E+02    6.6380939054E-02
    2.3039995000E-03    1.1177682484E+00    1.3914774541E-01    1.6867589523E+02    6.6764213309E-02
    2.3049995000E-03    1.1245314011E+00    1.3508915514E-01    1.6873742832E+02    6.7186012940E-02
    2.3059995000E-03    1.1308640976E+00    1.3084570263E-01    1.6879824397E+02    6.7643312020E-02
    2.3069995000E-03    1.1367905497E+00    1.2648267776E-01    1.6885837417E+02    6.8127991189E-02
    2.3079995000E-03    1.1423366989E+00    1.2205830153E-01    1.6891784930E+02    6.8628314027E-02
    2.3089995000E-03    1.1475255681E+00    1.1763033228E-01    1.6897670161E+02    6.9132507244E-02
    2.3099995000E-03    1.1523759921E+00    1.1325123941E-01    1.6903496737E+02    6.9631751846E-02
    2.3109995000E-03    1.1569008337E+00    1.0896762414E-01    1.6909268903E+02    7.0120224249E-02
    2.3119995000E-03    1.1611070973E+00    1.0481360217E-01    1.6914991330E+02    7.0592397605E-02
    2.3129995000E-03    1.1649948096E+00    1.0081323060E-01    1.6920669015E+02    7.1040785807E-02
    2.3139995000E-03    1.1685565429E+00    9.6981212414E-02    1.6926306883E+02    7.1457802681E-02
    2.3149995000E-03    1.1717779029E+00    9.3323694589E-02    1.6931909562E+02    7.1840515925E-02
    2.3159995000E-03    1.1746406288E+00    8.9830834674E-02    1.6937481139E+02    7.2193551430E-02
    2.3169995000E-03    1.1771270384E+00    8.6473845677E-02    1.6943025299E+02    7.2526082582E-02
    2.3179995000E-03    1.1792245168E+00    8.3211479317E-02    1.6948545847E+02    7.2845485340E-02
    2.3189995000E-03    1.1809302759E+00    7.9974353267E-02    1.6954046303E+02    7.3153135505E-02
    2.3199995000E-03    1.1822512238E+00    7.6693195221E-02    1.6959530716E+02    7.3444460864E-02
    2.3209995000E-03    1.1832050304E+00    7.3283130452E-02    1.6965002752E+02    7.3710579435E-02
    2.3219995000E-03    1.1838181958E+00    6.9659704658E-02    1.6970465779E+02    7.3938389075E-02
    2.3229995000E-03    1.1841228724E+00    6.5751315941E-02    1.6975922896E+02    7.4111857488E-02
    2.3239995000E-03    1.1841516144E+00    6.1508045230E-02    1.6981377099E+02    7.4217977085E-02
    2.3249995000E-03    1.1839316059E+00    5.6918084175E-02    1.6986832070E+02    7.4254599870E-02
    2.3259995000E-03    1.1834812254E+00    5.1999451641E-02    1.6992292355E+02    7.4232841579E-02
    2.3269995000E-03    1.1828093102E+00    4.6783621640E-02    1.6997763177E+02    7.4170848469E-02
    2.3279995000E-03    1.1819163853E+00    4.1305641895E-02    1.7003250173E+02    7.4084180856E-02
    2.3289995000E-03    1.1807962606E+00    3.5599462029E-02    1.7008758991E+02    7.3980455138E-02
    2.3299995000E-03    1.1794375744E+00    2.9700824087E-02    1.7014295029E+02    7.3860781401E-02
    2.3309995000E-03    1.1778257806E+00    2.3653443465E-02    1.7019863401E+02    7.3724705524E-02
    2.3319995000E-03    1.1759446872E+00    1.7506821393E-02    1.7025468825E+02    7.3573981928E-02
    2.3329995000E-03    1.1737775362E+00    1.1310961890E-02    1.7031115593E+02    7.3413108760E-02
    2.3339995000E-03    1.1713083417E+00    5.1151144752E-03    1.7036807742E+02    7.3247632875E-02
    2.3349995000E-03    1.1685220219E+00   -1.0359504067E-03    1.7042549076E+02    7.3082318326E-02
    2.3359995000E-03    1.1654050339E+00   -7.0989792904E-03    1.7048343306E+02    7.2920557169E-02
    2.3369995000E-03    1.1619437576E+00   -1.3036341022E-02    1.7054193870E+02    7.2764963106E-02
    2.3379995000E-03    1.1581223165E+00   -1.8819189014E-02    1.7060103771E+02    7.2618291035E-02
    2.3389995000E-03    1.1539245573E+00   -2.4416784783E-02    1.7066075913E+02    7.2483870553E-02
    2.3399995000E-03    1.1493313099E+00   -2.9804063417E-02    1.7072112893E+02    7.2365157226E-02
    2.3409995000E-03    1.1443177199E+00   -3.4966449963E-02    1.7078216942E+02    7.2264888805E-02
    2.3419995000E-03    1.1388536147E+00   -3.9894957331E-02    1.7084390192E+02    7.2184601520E-02
    2.3429995000E-03    1.1329030593E+00   -4.4583975668E-02    1.7090634783E+02    7.2124801090E-02
    2.3439995000E-03    1.1264240194E+00   -4.9028682566E-02    1.7096952945E+02    7.2085536767E-02
    2.3449995000E-03    1.1193693267E+00   -5.3220074010E-02    1.7103347112E+02    7.2066814995E-02
    2.3459995000E-03    1.1116882289E+00   -5.7140209705E-02    1.7109819981E+02    7.2068494768E-02
    2.3469995000E-03    1.1033281980E+00   -6.0758281140E-02    1.7116374517E+02    7.2089853182E-02
    2.3479995000E-03    1.0942370301E+00   -6.4027141605E-02    1.7123013885E+02    7.2129331149E-02
    2.3489995000E-03    1.0843652475E+00   -6.6880363943E-02    1.7129741352E+02    7.2184770371E-02
    2.3499995000E-03    1.0736686585E+00   -6.9230528980E-02    1.7136560160E+02    7.2253991139E-02
    2.3509995000E-03    1.0621111523E+00   -7.0969160524E-02    1.7143473363E+02    7.2335294719E-02
    2.3519995000E-03    1.0496683230E+00   -7.1968006876E-02    1.7150483645E+02    7.2427569612E-02
    2.3529995000E-03    1.0363333388E+00   -7.2080663418E-02    1.7157593140E+02    7.2529955261E-02
    2.3539995000E-03    1.0221249022E+00   -7.1145698223E-02    1.7164803267E+02    7.2641236402E-02
    2.3549995000E-03    1.0070952012E+00   -6.8993477053E-02    1.7172114597E+02    7.2759213499E-02
    2.3559995000E-03    9.9133562087E-01   -6.5457120616E-02    1.7179526867E+02    7.2880314082E-02
    2.3569995000E-03    9.7498418196E-01   -6.0382354318E-02    1.7187039338E+02    7.2999761850E-02
    2.3579995000E-03    9.5822947197E-01   -5.3638988753E-02    1.7194651307E+02    7.3112499327E-02
    2.3589995000E-03    9.4130061682E-01   -4.5136609904E-02    1.7202362383E+02    7.3214598921E-02
    2.3599995000E-03    9.2444746394E-01   -3.4836330980E-02    1.7210172482E+02    7.3304515878E-02
    2.3609995000E-03    9.0792363097E-01   -2.2751737298E-02    1.7218081709E+02    7.3383591650E-02
    2.3619995000E-03    8.9197359352E-01   -8.9430003787E-03    1.7226090070E+02    7.3455519253E-02
    2.3629995000E-03    8.7682302335E-01    6.4917162692E-03    1.7234197116E+02    7.3524903760E-02
    2.3639995000E-03    8.6267463338E-01    2.3425866204E-02    1.7242401690E+02    7.3595450459E-02
    2.3649995000E-03    8.4970876453E-01    4.1713198123E-02    1.7250701797E+02    7.3668515861E-02
    2.3659995000E-03    8.3808676466E-01    6.1194460633E-02    1.7259094522E+02    7.3742669422E-02
    2.3669995000E-03    8.2795352022E-01    8.1701693348E-02    1.7267575851E+02    7.3814509081E-02
    2.3679995000E-03    8.1943885297E-01    1.0306087799E-01    1.7276140402E+02    7.3880387517E-02
    2.3689995000E-03    8.1265812646E-01    1.2509348481E-01    1.7284781120E+02    7.3938226989E-02
    2.3699995000E-03    8.0771131999E-01    1.4761713728E-01    1.7293489057E+02    7.3988515153E-02
    2.3709995000E-03    8.0468004487E-01    1.7044583920E-01    1.7302253348E+02    7.4033991469E-02
    2.3719995000E-03    8.0362342517E-01    1.9339039839E-01    1.7311061436E+02    7.4078252151E-02
    2.3729995000E-03    8.0457442461E-01    2.1625946160E-01    1.7319899452E+02    7.4124082653E-02
    2.3739995000E-03    8.0753776375E-01    2.3886119159E-01    1.7328752640E+02    7.4172393900E-02
    2.3749995000E-03    8.1248966160E-01    2.6100535655E-01    1.7337605689E+02    7.4222174468E-02
    2.3759995000E-03    8.1937916222E-01    2.8250553227E-01    1.7346443011E+02    7.4271232735E-02
    2.3769995000E-03    8.2813092434E-01    3.0318110441E-01    1.7355248997E+02    7.4317123672E-02
    2.3779995000E-03    8.3864945584E-01    3.2285872104E-01    1.7364008349E+02    7.4357719221E-02
    2.3789995000E-03    8.5082343219E-01    3.4137318597E-01    1.7372706452E+02    7.4391246645E-02
    2.3799995000E-03    8.6452902437E-01    3.5856803921E-01    1.7381329763E+02    7.4415983323E-02
    2.3809995000E-03    8.7963219246E-01    3.7429596964E-01    1.7389866116E+02    7.4429936673E-02
    2.3819995000E-03    8.9599009742E-01    3.8841913036E-01    1.7398304914E+02    7.4430731321E-02
    2.3829995000E-03    9.1345177694E-01    4.0080943637E-01    1.7406637203E+02    7.4415719558E-02
    2.3839995000E-03    9.3185825539E-01    4.1134898786E-01    1.7414855676E+02    7.4382186338E-02
    2.3849995000E-03    9.5104229142E-01    4.1993086517E-01    1.7422954615E+02    7.4327494810E-02
    2.3859995000E-03    9.7082785635E-01    4.2646078214E-01    1.7430929787E+02    7.4249080376E-02
    2.3869995000E-03    9.9102959999E-01    4.3086022485E-01    1.7438778271E+02    7.4144304083E-02
    2.3879995000E-03    1.0114552085E+00    4.3306930698E-01    1.7446498189E+02    7.4010291025E-02
    2.3889995000E-03    1.0319127653E+00    4.3304603548E-01    1.7454088260E+02    7.3843948121E-02
    2.3899995000E-03    1.0522125876E+00    4.3077120446E-01    1.7461547575E+02    7.3642314354E-02
    2.3909995000E-03    1.0721694608E+00    4.2625535120E-01    1.7468875563E+02    7.3403249102E-02
    2.3919995000E-03    1.0916151157E+00    4.1953143145E-01    1.7476071805E+02    7.3126159610E-02
    2.3929995000E-03    1.1104010676E+00    4.1065326148E-01    1.7483136245E+02    7.2812301791E-02
    2.3939995000E-03    1.1283986816E+00    3.9969439166E-01    1.7490069543E+02    7.2464423560E-02
    2.3949995000E-03    1.1454995483E+00    3.8674285952E-01    1.7496873229E+02    7.2085908023E-02
    2.3959995000E-03    1.1616172763E+00    3.7188816380E-01    1.7503549472E+02    7.1679956679E-02
    2.3969995000E-03    1.1766818260E+00    3.5522353683E-01    1.7510101083E+02    7.1249262651E-02
    2.3979995000E-03    1.1906382717E+00    3.3684261973E-01    1.7516531233E+02    7.0796244476E-02
    2.3989995000E-03    1.2034464928E+00    3.1683560372E-01    1.7522843172E+02    7.0323539985E-02
    2.3999995000E-03    1.2150794672E+00    2.9529328309E-01    1.7529040262E+02    6.9834376479E-02
    2.4009995000E-03    1.2255250052E+00    2.7229952740E-01    1.7535125716E+02    6.9332533791E-02
    2.4019995000E-03    1.2347825974E+00    2.4794830825E-01    1.7541103121E+02    6.8822324342E-02
    2.4029995000E-03    1.2428670502E+00    2.2232908286E-01    1.7546976024E+02    6.8308920312E-02
    2.4039995000E-03    1.2498063935E+00    1.9554004541E-01    1.7552748433E+02    6.7799363986E-02
    2.4049995000E-03    1.2556417541E+00    1.6768923899E-01    1.7558425181E+02    6.7303980523E-02
    2.4059995000E-03    1.2604256219E+00    1.3889463574E-01    1.7564012456E+02    6.6837462149E-02
    2.4069995000E-03    1.2642174927E+00    1.0929362222E-01    1.7569518840E+02    6.6418644526E-02
    2.4079995000E-03    1.2670788279E+00    7.9037498579E-02    1.7574955818E+02    6.6068657298E-02
    2.4089995000E-03    1.2690659553E+00    4.8298070575E-02    1.7580338415E+02    6.5807855239E-02
    2.4099995000E-03    1.2702236677E+00    1.7249302827E-02    1.7585684372E+02    6.5652436632E-02
    2.4109995000E-03    1.2705789874E+00   -1.3929408994E-02    1.7591013621E+02    6.5611770615E-02
    2.4119995000E-03    1.2701375238E+00   -4.5058713653E-02    1.7596346992E+02    6.5686953078E-02
    2.4129995000E-03    1.2688825649E+00   -7.5960533882E-02    1.7601704896E+02    6.5870698721E-02
    2.4139995000E-03    1.2667771309E+00   -1.0646049790E-01    1.7607106054E+02    6.6148483092E-02
    2.4149995000E-03    1.2637685387E+00   -1.3639226927E-01    1.7612566482E+02    6.6500785445E-02
    2.4159995000E-03    1.2597951795E+00   -1.6559436937E-01    1.7618099262E+02    6.6906109491E-02
    2.4169995000E-03    1.2547925417E+00   -1.9393077803E-01    1.7623713930E+02    6.7344156489E-02
    2.4179995000E-03    1.2486998253E+00   -2.2128057315E-01    1.7629417451E+02    6.7798210319E-02
    2.4189995000E-03    1.2414650266E+00   -2.4753497778E-01    1.7635215062E+02    6.8256134399E-02
    2.4199995000E-03    1.2330472060E+00   -2.7260064862E-01    1.7641110794E+02    6.8709907377E-02
    2.4209995000E-03    1.2234188967E+00   -2.9638758482E-01    1.7647108295E+02    6.9154210006E-02
    2.4219995000E-03    1.2125647789E+00   -3.1881578078E-01    1.7653210816E+02    6.9585092248E-02
    2.4229995000E-03    1.2004837598E+00   -3.3980026641E-01    1.7659421721E+02    6.9999198925E-02
    2.4239995000E-03    1.1871883457E+00   -3.5925430587E-01    1.7665744380E+02    7.0393652565E-02
    2.4249995000E-03    1.1727003909E+00   -3.7710071700E-01    1.7672181866E+02    7.0766143007E-02
    2.4259995000E-03    1.1570581010E+00   -3.9324760081E-01    1.7678737651E+02    7.1114857094E-02
    2.4269995000E-03    1.1403124267E+00   -4.0760432420E-01    1.7685415030E+02    7.1438111847E-02
    2.4279995000E-03    1.1225298242E+00   -4.2007845076E-01    1.7692217043E+02    7.1733868032E-02
    2.4289995000E-03    1.1037974382E+00   -4.3057388243E-01    1.7699146366E+02    7.1999617132E-02
    2.4299995000E-03    1.0842201829E+00   -4.3900626138E-01    1.7706204839E+02    7.2232823632E-02
    2.4309995000E-03    1.0639269909E+00   -4.4529974617E-01    1.7713393738E+02    7.2431772451E-02
    2.4319995000E-03    1.0430689491E+00   -4.4939614311E-01    1.7720713854E+02    7.2596354726E-02
    2.4329995000E-03    1.0218159954E+00   -4.5125974019E-01    1.7728165708E+02    7.2728304126E-02
    2.4339995000E-03    1.0003512209E+00   -4.5087978675E-01    1.7735749691E+02    7.2830797314E-02
    2.4349995000E-03    9.7886572469E-01   -4.4826903667E-01    1.7743466075E+02    7.2907715905E-02
    2.4359995000E-03    9.5755107699E-01   -4.4346322425E-01    1.7751314771E+02    7.2962933681E-02
    2.4369995000E-03    9.3659305457E-01   -4.3651890185E-01    1.7759294999E+02    7.2999901165E-02
    2.4379995000E-03    9.1616975946E-01   -4.2750916802E-01    1.7767405009E+02    7.3021591201E-02
    2.4389995000E-03    8.9645203397E-01   -4.1652020376E-01    1.7775641849E+02    7.3030689191E-02
    2.4399995000E-03    8.7760418884E-01   -4.0364956553E-01    1.7784001167E+02    7.3029849532E-02
    2.4409995000E-03    8.5978478596E-01   -3.8900551018E-01    1.7792477059E+02    7.3021857248E-02
    2.4419995000E-03    8.4314746382E-01   -3.7270670973E-01    1.7801061949E+02    7.3009590844E-02
    2.4429995000E-03    8.2784169163E-01   -3.5488201541E-01    1.7809746487E+02    7.2995791513E-02
    2.4439995000E-03    8.1401273764E-01   -3.3567028446E-01    1.7818519497E+02    7.2982787607E-02
    2.4449995000E-03    8.0179982480E-01   -3.1522031017E-01    1.7827368016E+02    7.2972406590E-02
    2.4459995000E-03    7.9133220839E-01   -2.9369062175E-01    1.7836277515E+02    7.2966215639E-02
    2.4469995000E-03    7.8272417223E-01   -2.7124881565E-01    1.7845232281E+02    7.2965969222E-02
    2.4479995000E-03    7.7607034733E-01   -2.4807035415E-01    1.7854215876E+02    7.2973890941E-02
    2.4489995000E-03    7.7144184200E-01   -2.2433706798E-01    1.7863211545E+02    7.2992411631E-02
    2.4499995000E-03    7.6888229316E-01   -2.0023551601E-01    1.7872202508E+02    7.3023289314E-02
    2.4509995000E-03    7.6840304059E-01   -1.7595492161E-01    1.7881172219E+02    7.3066475377E-02
    2.4519995000E-03    7.6997932880E-01   -1.5168430942E-01    1.7890104761E+02    7.3119389074E-02
    2.4529995000E-03    7.7355148595E-01   -1.2760927175E-01    1.7898985402E+02    7.3177199342E-02
    2.4539995000E-03    7.7903175507E-01   -1.0390957102E-01    1.7907801201E+02    7.3234238271E-02
    2.4549995000E-03    7.8631225371E-01   -8.0758161661E-02    1.7916541423E+02    7.3286000402E-02
    2.4559995000E-03    7.9527012383E-01   -5.8321002536E-02    1.7925197651E+02    7.3330747414E-02
    2.4569995000E-03    8.0577094056E-01   -3.6756991183E-02    1.7933763585E+02    7.3369876205E-02
    2.4579995000E-03    8.1767163019E-01   -1.6217744124E-02    1.7942234617E+02    7.3406863698E-02
    2.4589995000E-03    8.3082129393E-01    3.1533993868E-03    1.7950607405E+02    7.3445361312E-02
    2.4599995000E-03    8.4506018982E-01    2.1223493751E-02    1.7958879591E+02    7.3487415948E-02
    2.4609995000E-03    8.6021762049E-01    3.7873343150E-02    1.7967049709E+02    7.3532655057E-02
    2.4619995000E-03    8.7610971968E-01    5.3002115029E-02    1.7975117186E+02    7.3578725760E-02
    2.4629995000E-03    8.9253859180E-01    6.6532983309E-02    1.7983082299E+02    7.3622651065E-02
    2.4639995000E-03    9.0929431873E-01    7.8419146072E-02    1.7990945976E+02    7.3662385999E-02
    2.4649995000E-03    9.2616038059E-01    8.8649296887E-02    1.7998709461E+02    7.3697865720E-02
    2.4659995000E-03    9.4292267831E-01    9.7250958857E-02    1.8006373941E+02    7.3731156615E-02
    2.4669995000E-03    9.5938140438E-01    1.0428976993E-01    1.8013940270E+02    7.3765752469E-02
    2.4679995000E-03    9.7536307479E-01    1.0986397094E-01    1.8021408876E+02    7.3805408988E-02
    2.4689995000E-03    9.9072962073E-01    1.1409494702E-01    1.8028779871E+02    7.3853048457E-02
    2.4699995000E-03    1.0053824818E+00    1.1711596492E-01    1.8036053287E+02    7.3910155040E-02
    2.4709995000E-03    1.0192614499E+00    1.1906157618E-01    1.8043229339E+02    7.3976804720E-02
    2.4719995000E-03    1.0323396395E+00    1.2005939067E-01    1.8050308625E+02    7.4052203190E-02
    2.4729995000E-03    1.0446167666E+00    1.2022451422E-01    1.8057292232E+02    7.4135479785E-02
    2.4739995000E-03    1.0561118871E+00    1.1965693670E-01    1.8064181740E+02    7.4226512679E-02
    2.4749995000E-03    1.0668564797E+00    1.1844158858E-01    1.8070979178E+02    7.4326627038E-02
    2.4759995000E-03    1.0768888938E+00    1.1664972853E-01    1.8077686915E+02    7.4438994173E-02
    2.4769995000E-03    1.0862507567E+00    1.1434012159E-01    1.8084307477E+02    7.4568505090E-02
    2.4779995000E-03    1.0949840756E+00    1.1156140912E-01    1.8090843378E+02    7.4720972579E-02
    2.4789995000E-03    1.1031282801E+00    1.0835713942E-01    1.8097297041E+02    7.4901852757E-02
    2.4799995000E-03    1.1107194242E+00    1.0476871760E-01    1.8103670733E+02    7.5115085043E-02
    2.4809995000E-03    1.1177902565E+00    1.0083715272E-01    1.8109966564E+02    7.5362692295E-02
    2.4819995000E-03    1.1243702248E+00    9.6604964402E-02    1.8116186628E+02    7.5645376243E-02
    2.4829995001E-03    1.1304872975E+00    9.2113018174E-02    1.8122333042E+02    7.5963638201E-02
    2.4839995001E-03    1.1361671774E+00    8.7404271840E-02    1.8128408212E+02    7.6318254509E-02
    2.4849995001E-03    1.1414355152E+00    8.2519564845E-02    1.8134414726E+02    7.6709496355E-02
    2.4859995001E-03    1.1463170042E+00    7.7503108626E-02    1.8140355476E+02    7.7135198901E-02
    2.4869995001E-03    1.1508359172E+00    7.2403629560E-02    1.8146233577E+02    7.7588947282E-02
    2.4879995001E-03    1.1550163521E+00    6.7273234264E-02    1.8152052255E+02    7.8060024393E-02
    2.4889995001E-03    1.1588798039E+00    6.2174638094E-02    1.8157815227E+02    7.8535795426E-02
    2.4899995001E-03    1.1624463828E+00    5.7167144172E-02    1.8163526475E+02    7.9005351561E-02
    2.4909995001E-03    1.1657328794E+00    5.2303343952E-02    1.8169190388E+02    7.9461161420E-02
    2.4919995001E-03    1.1687512597E+00    4.7626622095E-02    1.8174811890E+02    7.9896805762E-02
    2.4929995001E-03    1.1715076507E+00    4.3168732242E-02    1.8180396227E+02    8.0302285674E-02
    2.4939995001E-03    1.1740006440E+00    3.8953857070E-02    1.8185948749E+02    8.0662304173E-02
    2.4949995001E-03    1.1762199727E+00    3.5001296483E-02    1.8191474635E+02    8.0961504269E-02
    2.4959995001E-03    1.1781469216E+00    3.1316113197E-02    1.8196978394E+02    8.1193874779E-02
    2.4969995001E-03    1.1797567004E+00    2.7881753266E-02    1.8202463826E+02    8.1367414433E-02
    2.4979995001E-03    1.1810235268E+00    2.4653240157E-02    1.8207934204E+02    8.1498801121E-02
    2.4989995001E-03    1.1819260225E+00    2.1568918039E-02    1.8213392996E+02    8.1603027834E-02
    2.4999995001E-03    1.1824515118E+00    1.8553410467E-02    1.8218843964E+02    8.1687552497E-02
