 sig=    1.000000000000000      inputfile=
 /home/rjrj524/Finished/vmec_gc_tracer/revised_251128/nc/wout_pwO_nfp2_A6.nc                                                                                                                             
 dt=   2.0000000000000000E-008
 steps=      2000000
 x0=   5.0000000000000003E-002    1.870000000000000      
   -3.140000000000000     
 u=    3450.000000000000     
 v_perp=    36400.00000000000     
 
time(s)         x0(1)       x0(2)        x0(3)      r
    3.9980000000E-05    8.8531170383E-01   -6.6046501331E-02   -3.0393612677E+00    4.9444704888E-02
    7.9980000000E-05    8.8656950971E-01   -6.0703914450E-02   -3.0179759816E+00    4.8859048702E-02
    1.1998000000E-04    8.7999234734E-01   -7.3336253038E-02   -3.0768137955E+00    4.8292368852E-02
    1.5998000000E-04    8.6926740207E-01   -1.0416818812E-01   -3.2124657669E+00    4.7786230895E-02
    1.9998000000E-04    8.6206429027E-01   -1.5152911475E-01   -3.4149658770E+00    4.7367736410E-02
    2.3998000000E-04    8.6720299329E-01   -2.0928542271E-01   -3.6663137759E+00    4.7062849885E-02
    2.7998000000E-04    8.9017783142E-01   -2.6698161034E-01   -3.9424422355E+00    4.6900661557E-02
    3.1998000000E-04    9.2936406241E-01   -3.1239853945E-01   -4.2125953806E+00    4.6922068159E-02
    3.5998000000E-04    9.7501202598E-01   -3.3795245742E-01   -4.4448078659E+00    4.7177186009E-02
    3.9998000000E-04    1.0143771584E+00   -3.4559474072E-01   -4.6142330872E+00    4.7687868471E-02
    4.3998000000E-04    1.0375313331E+00   -3.4416206051E-01   -4.7027358391E+00    4.8409612077E-02
    4.7998000000E-04    1.0397186147E+00   -3.4180587893E-01   -4.6997894673E+00    4.9231879631E-02
    5.1998000000E-04    1.0211334191E+00   -3.3888740680E-01   -4.6048745609E+00    5.0012748794E-02
    5.5998000000E-04    9.8696660558E-01   -3.2764666545E-01   -4.4278493108E+00    5.0619374454E-02
    5.9998000000E-04    9.4759915559E-01   -2.9925855691E-01   -4.1872452556E+00    5.0972425912E-02
    6.3998000000E-04    9.1577966964E-01   -2.5199619273E-01   -3.9095613268E+00    5.1062392605E-02
    6.7998000000E-04    9.0001803839E-01   -1.9359215473E-01   -3.6271966586E+00    5.0901718230E-02
    7.1998000000E-04    9.0039758685E-01   -1.3556136962E-01   -3.3688899593E+00    5.0505607267E-02
    7.5998000000E-04    9.1086623544E-01   -8.7242582215E-02   -3.1562550902E+00    4.9903821846E-02
    7.9998000000E-04    9.2332299912E-01   -5.3421967108E-02   -3.0037044113E+00    4.9134545702E-02
    8.3998000000E-04    9.3141373563E-01   -3.4722021229E-02   -2.9178524964E+00    4.8264752454E-02
    8.7998000000E-04    9.3197735567E-01   -3.0324968396E-02   -2.9009428347E+00    4.7364221772E-02
    9.1998000000E-04    9.2474289286E-01   -4.0054457254E-02   -2.9531657807E+00    4.6490536280E-02
    9.5998000000E-04    9.1214726325E-01   -6.4697350102E-02   -3.0728950284E+00    4.5702346719E-02
    9.9998000000E-04    8.9959515329E-01   -1.0451385753E-01   -3.2552533903E+00    4.5061493120E-02
    1.0399800000E-03    8.9478276287E-01   -1.5640721619E-01   -3.4884784954E+00    4.4606943661E-02
    1.0799800000E-03    9.0439540052E-01   -2.1260739721E-01   -3.7528994135E+00    4.4361769164E-02
    1.1199800000E-03    9.3038889580E-01   -2.6251743660E-01   -4.0234592086E+00    4.4356342053E-02
    1.1599800000E-03    9.6770950928E-01   -2.9637774121E-01   -4.2695685995E+00    4.4612036225E-02
    1.1999800000E-03    1.0052969071E+00   -3.1157262092E-01   -4.4623981692E+00    4.5142365312E-02
    1.2399800000E-03    1.0320507837E+00   -3.1396925070E-01   -4.5806826572E+00    4.5917165818E-02
    1.2799800000E-03    1.0411901061E+00   -3.1201106379E-01   -4.6109316486E+00    4.6838977505E-02
    1.3199800000E-03    1.0310878179E+00   -3.0901418355E-01   -4.5489663166E+00    4.7770306653E-02
    1.3599800000E-03    1.0051508484E+00   -3.0007824213E-01   -4.4009386942E+00    4.8568440027E-02
    1.3999800000E-03    9.7196140538E-01   -2.7672360859E-01   -4.1826515501E+00    4.9123186325E-02
    1.4399800000E-03    9.4317576099E-01   -2.3520380824E-01   -3.9186942774E+00    4.9381453124E-02
    1.4799800000E-03    9.2756904890E-01   -1.8056743003E-01   -3.6391903009E+00    4.9322173264E-02
    1.5199800000E-03    9.2690697850E-01   -1.2256801875E-01   -3.3711560865E+00    4.8956435189E-02
    1.5599800000E-03    9.3714680980E-01   -7.0323673010E-02   -3.1356522849E+00    4.8337546897E-02
    1.5999800000E-03    9.5144986017E-01   -2.9603082660E-02   -2.9476680305E+00    4.7552256499E-02
    1.6399800000E-03    9.6371654309E-01   -2.1729457678E-03   -2.8155650518E+00    4.6661856919E-02
    1.6799800000E-03    9.7039335620E-01    1.2714236862E-02   -2.7428391275E+00    4.5691532569E-02
    1.7199800000E-03    9.7011105559E-01    1.6146814018E-02   -2.7308097928E+00    4.4691570036E-02
    1.7599800000E-03    9.6288947819E-01    8.2345163732E-03   -2.7795667616E+00    4.3727146200E-02
    1.7999800000E-03    9.5009040185E-01   -1.1952505807E-02   -2.8878415560E+00    4.2853855850E-02
    1.8399800000E-03    9.3489954930E-01   -4.5403150549E-02   -3.0525693105E+00    4.2100851608E-02
    1.8799800000E-03    9.2282594847E-01   -9.1220302672E-02   -3.2665771513E+00    4.1499552215E-02
    1.9199800000E-03    9.2053602977E-01   -1.4468203083E-01   -3.5158432719E+00    4.1112218347E-02
    1.9599800000E-03    9.3233131873E-01   -1.9753666034E-01   -3.7801425020E+00    4.0987424922E-02
    1.9999800000E-03    9.5751926332E-01   -2.4049335552E-01   -4.0350536204E+00    4.1160866210E-02
    2.0399800000E-03    9.8953389192E-01   -2.6699549419E-01   -4.2525864954E+00    4.1639327262E-02
    2.0799800000E-03    1.0181663201E+00   -2.7762349273E-01   -4.4076750440E+00    4.2391341345E-02
    2.1199800000E-03    1.0346840076E+00   -2.7883992266E-01   -4.4829555842E+00    4.3339664967E-02
    2.1599800000E-03    1.0348776319E+00   -2.7631493167E-01   -4.4696600707E+00    4.4366897211E-02
    2.1999800000E-03    1.0194591409E+00   -2.6945783045E-01   -4.3685045047E+00    4.5339230998E-02
    2.2399800000E-03    9.9404492038E-01   -2.5199984792E-01   -4.1899397283E+00    4.6128459614E-02
    2.2799800000E-03    9.6806696131E-01   -2.1837307674E-01   -3.9536706495E+00    4.6638189077E-02
    2.3199800000E-03    9.5057990382E-01   -1.6963249545E-01   -3.6860287001E+00    4.6825409863E-02
    2.3599800000E-03    9.4587529612E-01   -1.1263470025E-01   -3.4128720996E+00    4.6705969191E-02
    2.3999800000E-03    9.5252616036E-01   -5.5972273803E-02   -3.1559451244E+00    4.6325235189E-02
    2.4399800000E-03    9.6528267205E-01   -6.7879568040E-03   -2.9321698573E+00    4.5703603907E-02
    2.4799800000E-03    9.7897551077E-01    3.1578688323E-02   -2.7487588757E+00    4.4821253302E-02
    2.5199800000E-03    9.9063201499E-01    5.8574179042E-02   -2.6097205639E+00    4.3769815315E-02
    2.5599800000E-03    9.9787523211E-01    7.4525515329E-02   -2.5231536542E+00    4.2646371560E-02
    2.5999800000E-03    9.9879720106E-01    8.0322218459E-02   -2.4961938575E+00    4.1502665900E-02
    2.6399800000E-03    9.9279631076E-01    7.6339149720E-02   -2.5311145319E+00    4.0383577877E-02
    2.6799800000E-03    9.8096301049E-01    6.1895190771E-02   -2.6246258839E+00    3.9332337352E-02
    2.7199800000E-03    9.6584108867E-01    3.6071285696E-02   -2.7688864554E+00    3.8396325385E-02
    2.7599800000E-03    9.5077859817E-01   -1.2412544628E-03   -2.9551506658E+00    3.7655265732E-02
    2.7999800000E-03    9.3969028125E-01   -4.8616260176E-02   -3.1771160022E+00    3.7184969996E-02
    2.8399800000E-03    9.3712860075E-01   -1.0162429339E-01   -3.4246253623E+00    3.6985389852E-02
    2.8799800000E-03    9.4627347317E-01   -1.5283280246E-01   -3.6795939023E+00    3.7051941824E-02
    2.9199800000E-03    9.6626786583E-01   -1.9457704907E-01   -3.9204421750E+00    3.7390608321E-02
    2.9599800000E-03    9.9169940457E-01   -2.2169268539E-01   -4.1229278834E+00    3.8002272305E-02
    2.9999800000E-03    1.0143862485E+00   -2.3434077518E-01   -4.2643823907E+00    3.8853603717E-02
    3.0399800000E-03    1.0271870502E+00   -2.3709894314E-01   -4.3290983384E+00    3.9868069381E-02
    3.0799800000E-03    1.0266548796E+00   -2.3390309508E-01   -4.3097941423E+00    4.0942381651E-02
    3.1199800000E-03    1.0137635738E+00   -2.2389219086E-01   -4.2079402388E+00    4.1963699578E-02
    3.1599800000E-03    9.9364532740E-01   -2.0243120248E-01   -4.0340510878E+00    4.2825154882E-02
    3.1999800000E-03    9.7404389317E-01   -1.6612866140E-01   -3.8072306002E+00    4.3451266815E-02
    3.2399800000E-03    9.6161253335E-01   -1.1667646252E-01   -3.5510159889E+00    4.3808250611E-02
    3.2799800000E-03    9.5890569167E-01   -5.9610015282E-02   -3.2866696100E+00    4.3868173586E-02
    3.3199800000E-03    9.6426909246E-01   -1.9276212831E-03   -3.0311852043E+00    4.3599059314E-02
    3.3599800000E-03    9.7479822452E-01    4.9887455408E-02   -2.7948028946E+00    4.3045734430E-02
    3.3999800000E-03    9.8830461970E-01    9.0800627450E-02   -2.5885441740E+00    4.2318656135E-02
    3.4399800000E-03    1.0016812062E+00    1.1871610045E-01   -2.4273225071E+00    4.1420918712E-02
    3.4799800000E-03    1.0110337604E+00    1.3475299950E-01   -2.3240645061E+00    4.0382927878E-02
    3.5199800000E-03    1.0131631965E+00    1.4098812938E-01   -2.2877862967E+00    3.9282183248E-02
    3.5599800000E-03    1.0068694795E+00    1.3834540570E-01   -2.3216796180E+00    3.8202088734E-02
    3.5999800000E-03    9.9353171264E-01    1.2564681331E-01   -2.4222342376E+00    3.7221948526E-02
    3.6399800000E-03    9.7674112096E-01    1.0083966587E-01   -2.5800230244E+00    3.6411517127E-02
    3.6799800000E-03    9.6102117805E-01    6.3211828463E-02   -2.7817019735E+00    3.5805631222E-02
    3.7199800000E-03    9.5023272910E-01    1.5074922245E-02   -3.0119931521E+00    3.5401589304E-02
    3.7599800000E-03    9.4696418334E-01   -3.8286877758E-02   -3.2565876030E+00    3.5240863021E-02
    3.7999800000E-03    9.5276214674E-01   -9.0035151592E-02   -3.5021846149E+00    3.5367969391E-02
    3.8399800000E-03    9.6722626952E-01   -1.3368943201E-01   -3.7326574872E+00    3.5786027859E-02
    3.8799800000E-03    9.8696547361E-01   -1.6491311549E-01   -3.9301692353E+00    3.6472142083E-02
    3.9199800000E-03    1.0061655587E+00   -1.8264548404E-01   -4.0757579190E+00    3.7374258570E-02
    3.9599800000E-03    1.0188826535E+00   -1.8916399251E-01   -4.1535574681E+00    3.8425516719E-02
    3.9999800000E-03    1.0215047155E+00   -1.8744645083E-01   -4.1548045478E+00    3.9546727832E-02
    4.0399800000E-03    1.0139161069E+00   -1.7781117994E-01   -4.0790157650E+00    4.0650567181E-02
    4.0799800000E-03    9.9942030647E-01   -1.5764247907E-01   -3.9341660930E+00    4.1647306348E-02
    4.1199800000E-03    9.8344265468E-01   -1.2434909879E-01   -3.7354323893E+00    4.2448312146E-02
    4.1599800000E-03    9.7098803633E-01   -7.8008693130E-02   -3.5005112723E+00    4.2979077319E-02
    4.1999800000E-03    9.6466217566E-01   -2.1901107569E-02   -3.2456257299E+00    4.3230046459E-02
    4.2399800000E-03    9.6493426652E-01    3.7462120534E-02   -2.9850114299E+00    4.3226777154E-02
    4.2799800000E-03    9.7200189109E-01    9.2436752494E-02   -2.7308892797E+00    4.2953544379E-02
    4.3199800000E-03    9.8538784880E-01    1.3698589216E-01   -2.4981378237E+00    4.2384468987E-02
    4.3599800000E-03    1.0019882897E+00    1.6820266679E-01   -2.3038417412E+00    4.1554371769E-02
    4.3999800000E-03    1.0162821492E+00    1.8640626835E-01   -2.1665788165E+00    4.0541799674E-02
    4.4399800000E-03    1.0227565715E+00    1.9459238141E-01   -2.1010820954E+00    3.9433843276E-02
    4.4799800000E-03    1.0184505842E+00    1.9524323274E-01   -2.1141687086E+00    3.8321605746E-02
    4.5199800000E-03    1.0040387571E+00    1.8747427797E-01   -2.2040612057E+00    3.7293902743E-02
    4.5599800000E-03    9.8374446537E-01    1.6794641825E-01   -2.3606509253E+00    3.6429021278E-02
    4.5999800000E-03    9.6392494601E-01    1.3465765997E-01   -2.5667726827E+00    3.5789154534E-02
    4.6399800000E-03    9.5038573714E-01    8.9335321079E-02   -2.8025694062E+00    3.5421028780E-02
    4.6799800000E-03    9.4612430473E-01    3.6917586360E-02   -3.0497538902E+00    3.5348266708E-02
    4.7199800000E-03    9.5097282202E-01   -1.5851195043E-02   -3.2921939855E+00    3.5572460460E-02
    4.7599800000E-03    9.6288635649E-01   -6.2456028800E-02   -3.5171714837E+00    3.6041714751E-02
    4.7999800000E-03    9.7892148111E-01   -9.8109870603E-02   -3.7108856079E+00    3.6700698139E-02
    4.8399800000E-03    9.9511602470E-01   -1.2096916682E-01   -3.8584058780E+00    3.7546328423E-02
    4.8799800000E-03    1.0071738305E+00   -1.3202714229E-01   -3.9471876900E+00    3.8544662207E-02
    4.9199800000E-03    1.0119610593E+00   -1.3322244516E-01   -3.9690110400E+00    3.9628048985E-02
    4.9599800000E-03    1.0085688778E+00   -1.2536457606E-01   -3.9215850902E+00    4.0718314329E-02
    4.9999800000E-03    9.9851324929E-01   -1.0727025384E-01   -3.8090135745E+00    4.1735003526E-02
    5.0399800000E-03    9.8505353863E-01   -7.6964639677E-02   -3.6408035284E+00    4.2614084299E-02
    5.0799800000E-03    9.7188396799E-01   -3.3932375738E-02   -3.4303651422E+00    4.3343724522E-02
    5.1199800000E-03    9.6181871583E-01    1.9035280445E-02   -3.1917312965E+00    4.3878125493E-02
    5.1599800000E-03    9.5737909945E-01    7.6929859015E-02   -2.9336661909E+00    4.4095359626E-02
    5.1999800000E-03    9.6192177035E-01    1.3310238855E-01   -2.6681458150E+00    4.3996938171E-02
    5.2399800000E-03    9.7649885079E-01    1.8045595905E-01   -2.4138530323E+00    4.3612509284E-02
    5.2799800000E-03    9.9747778213E-01    2.1376930350E-01   -2.1934736853E+00    4.2958896834E-02
    5.3199800000E-03    1.0174252483E+00    2.3236853127E-01   -2.0306461997E+00    4.2073182431E-02
    5.3599800000E-03    1.0286341769E+00    2.4053738400E-01   -1.9431251912E+00    4.1041555709E-02
    5.3999800000E-03    1.0266012679E+00    2.4272032863E-01   -1.9397452615E+00    3.9977008492E-02
    5.4399800000E-03    1.0111808335E+00    2.3877273572E-01   -2.0202821516E+00    3.8994636404E-02
    5.4799800000E-03    9.8668864598E-01    2.2401913775E-01   -2.1757699180E+00    3.8196859002E-02
    5.5199800000E-03    9.6094944780E-01    1.9413655909E-01   -2.3888801955E+00    3.7654957883E-02
    5.5599800000E-03    9.4212258513E-01    1.5003310369E-01   -2.6358287853E+00    3.7394013201E-02
    5.5999800000E-03    9.3498080934E-01    9.7737163565E-02   -2.8922085244E+00    3.7405220374E-02
    5.6399800000E-03    9.3952046573E-01    4.5263662893E-02   -3.1364785226E+00    3.7674424440E-02
    5.6799800000E-03    9.5185378497E-01   -1.9925154844E-04   -3.3509933899E+00    3.8199178213E-02
    5.7199800000E-03    9.6715466905E-01   -3.4845422532E-02   -3.5264707629E+00    3.8981171290E-02
    5.7599800000E-03    9.8159368820E-01   -5.7913786517E-02   -3.6574216131E+00    3.9952351202E-02
    5.7999800000E-03    9.9209315634E-01   -6.9880373952E-02   -3.7364387928E+00    4.1033764462E-02
    5.8399800000E-03    9.9652528297E-01   -7.1669861386E-02   -3.7571620412E+00    4.2173966962E-02
    5.8799800000E-03    9.9420823463E-01   -6.3701840140E-02   -3.7176535870E+00    4.3328770945E-02
    5.9199800000E-03    9.8598646510E-01   -4.5487374536E-02   -3.6211450974E+00    4.4450905468E-02
    5.9599800000E-03    9.7373178002E-01   -1.6236827460E-02   -3.4744606957E+00    4.5470711205E-02
    5.9999800000E-03    9.5975346450E-01    2.4486616385E-02   -3.2830992625E+00    4.6281845299E-02
    6.0399800000E-03    9.4781126103E-01    7.5858002251E-02   -3.0503620268E+00    4.6851837784E-02
    6.0799800000E-03    9.4381457474E-01    1.3335935766E-01   -2.7870737499E+00    4.7195115812E-02
    6.1199800000E-03    9.5236766261E-01    1.8907825217E-01   -2.5121604064E+00    4.7259670941E-02
    6.1599800000E-03    9.7341268607E-01    2.3437737793E-01   -2.2487153448E+00    4.7002538866E-02
    6.1999800000E-03    1.0010607716E+00    2.6332652273E-01   -2.0238070243E+00    4.6425273661E-02
    6.2399800000E-03    1.0253470484E+00    2.7693473719E-01   -1.8628871845E+00    4.5587032019E-02
    6.2799800000E-03    1.0373779719E+00    2.8196204392E-01   -1.7834769288E+00    4.4594866839E-02
    6.3199800000E-03    1.0327573639E+00    2.8381237015E-01   -1.7935973816E+00    4.3582469646E-02
    6.3599800000E-03    1.0120416454E+00    2.8117988717E-01   -1.8914064410E+00    4.2683527341E-02
    6.3999800000E-03    9.8078656112E-01    2.6726371855E-01   -2.0657016845E+00    4.2007736156E-02
    6.4399800000E-03    9.4869492915E-01    2.3638496487E-01   -2.2968753355E+00    4.1617349430E-02
    6.4799800000E-03    9.2578989013E-01    1.8991848010E-01   -2.5581160801E+00    4.1531506501E-02
    6.5199800000E-03    9.1724709959E-01    1.3582292570E-01   -2.8214818707E+00    4.1735625338E-02
    6.5599800000E-03    9.2236228763E-01    8.3565950864E-02   -3.0633213707E+00    4.2192268898E-02
    6.5999800000E-03    9.3578650756E-01    4.0779331393E-02   -3.2645812172E+00    4.2850535041E-02
    6.6399800000E-03    9.5071211564E-01    1.1094538830E-02   -3.4130664122E+00    4.3645517707E-02
    6.6799800000E-03    9.6199358251E-01   -5.2625965130E-03   -3.5027206661E+00    4.4540883698E-02
    6.7199800000E-03    9.6691118679E-01   -9.3696507450E-03   -3.5308857417E+00    4.5502196904E-02
    6.7599800000E-03    9.6451318218E-01   -1.8210854751E-03   -3.4967195772E+00    4.6475951886E-02
    6.7999800000E-03    9.5531316231E-01    1.7903922047E-02   -3.4008130535E+00    4.7407464520E-02
    6.8399800000E-03    9.4165142681E-01    5.0889658461E-02   -3.2454375458E+00    4.8261014522E-02
    6.8799800000E-03    9.2840867717E-01    9.7014073319E-02   -3.0361721167E+00    4.8989041126E-02
    6.9199800000E-03    9.2253532221E-01    1.5281280580E-01   -2.7842363650E+00    4.9503354264E-02
    6.9599800000E-03    9.3016346087E-01    2.1072776963E-01   -2.5076576060E+00    4.9737261141E-02
    6.9999800000E-03    9.5309669621E-01    2.6069065268E-01   -2.2304293445E+00    4.9659136394E-02
    7.0399800000E-03    9.8614257693E-01    2.9409138291E-01   -1.9824008222E+00    4.9276708763E-02
    7.0799800000E-03    1.0181692580E+00    3.0980558063E-01   -1.7922326239E+00    4.8616768413E-02
    7.1199800000E-03    1.0382246514E+00    3.1482395366E-01   -1.6806871234E+00    4.7755199910E-02
    7.1599800000E-03    1.0399621922E+00    3.1717722689E-01   -1.6594714340E+00    4.6821783753E-02
    7.1999800000E-03    1.0222269661E+00    3.1827306720E-01   -1.7301524044E+00    4.5962000585E-02
    7.2399800000E-03    9.8890988326E-01    3.1158581180E-01   -1.8841376720E+00    4.5300489645E-02
    7.2799800000E-03    9.4902689581E-01    2.8862957494E-01   -2.1043676351E+00    4.4904737827E-02
    7.3199800000E-03    9.1457424995E-01    2.4674256731E-01   -2.3661939920E+00    4.4775975707E-02
    7.3599800000E-03    8.9476512519E-01    1.9237205472E-01   -2.6385498989E+00    4.4891491477E-02
    7.3999800000E-03    8.9152498810E-01    1.3652245749E-01   -2.8924688668E+00    4.5224242434E-02
    7.4399800000E-03    9.0035843978E-01    8.9057214653E-02   -3.1049039920E+00    4.5745987271E-02
    7.4799800000E-03    9.1344802265E-01    5.5914156762E-02   -3.2589252388E+00    4.6434311755E-02
    7.5199800000E-03    9.2371446462E-01    3.8440397106E-02   -3.3459831094E+00    4.7242979354E-02
    7.5599800000E-03    9.2701575417E-01    3.5884491040E-02   -3.3630015832E+00    4.8109432968E-02
    7.5999800000E-03    9.2227084303E-01    4.7881162528E-02   -3.3093274158E+00    4.8971757533E-02
    7.6399800000E-03    9.1134313936E-01    7.5077205564E-02   -3.1861448579E+00    4.9762519212E-02
    7.6799800000E-03    8.9940860148E-01    1.1774270332E-01   -2.9979790923E+00    5.0413229177E-02
    7.7199800000E-03    8.9441708015E-01    1.7290777891E-01   -2.7562933173E+00    5.0880930092E-02
    7.7599800000E-03    9.0386472620E-01    2.3277601394E-01   -2.4804014065E+00    5.1136041962E-02
    7.7999800000E-03    9.3057993069E-01    2.8607991341E-01   -2.1964107428E+00    5.1155713765E-02
    7.8399800000E-03    9.6919555771E-01    3.2251707631E-01   -1.9367260274E+00    5.0924814142E-02
    7.8799800000E-03    1.0076419007E+00    3.3982533635E-01   -1.7308413878E+00    5.0433021363E-02
    7.9199800000E-03    1.0339354061E+00    3.4482360977E-01   -1.6003388872E+00    4.9727967295E-02
    7.9599800000E-03    1.0407141140E+00    3.4686046679E-01   -1.5588664893E+00    4.8924247317E-02
    7.9999800000E-03    1.0258005184E+00    3.4941398972E-01   -1.6102905940E+00    4.8163962449E-02
    8.0399800000E-03    9.9181283731E-01    3.4692743545E-01   -1.7480195207E+00    4.7573985620E-02
    8.0799800000E-03    9.4658057330E-01    3.2972419186E-01   -1.9567831884E+00    4.7227235231E-02
    8.1199800000E-03    9.0222906552E-01    2.9218202771E-01   -2.2148701423E+00    4.7125440299E-02
    8.1599800000E-03    8.7074819441E-01    2.3795922386E-01   -2.4931117496E+00    4.7222780830E-02
    8.1999800000E-03    8.5761587055E-01    1.7832767391E-01   -2.7587228911E+00    4.7467857209E-02
    8.2399800000E-03    8.6002998460E-01    1.2512676110E-01   -2.9846178610E+00    4.7828045012E-02
    8.2799800000E-03    8.6998737965E-01    8.6616468870E-02   -3.1498710059E+00    4.8276321882E-02
    8.3199800000E-03    8.7871831321E-01    6.6293099094E-02   -3.2407828245E+00    4.8787676076E-02
    8.3599800000E-03    8.8065385446E-01    6.4463371649E-02   -3.2513267706E+00    4.9331344540E-02
    8.3999800000E-03    8.7480785189E-01    8.1010193220E-02   -3.1807593951E+00    4.9865941189E-02
    8.4399800000E-03    8.6493173583E-01    1.1596036585E-01   -3.0330718208E+00    5.0352526955E-02
    8.4799800000E-03    8.5882690148E-01    1.6726213574E-01   -2.8190043189E+00    5.0758872508E-02
    8.5199800000E-03    8.6538813154E-01    2.2839487029E-01   -2.5568507042E+00    5.1054326897E-02
    8.5599800000E-03    8.9008243094E-01    2.8843252602E-01   -2.2715266186E+00    5.1211831371E-02
    8.5999800000E-03    9.3047860854E-01    3.3508589041E-01   -1.9951255452E+00    5.1190969456E-02
    8.6399800000E-03    9.7588218625E-01    3.6183710130E-01   -1.7589433887E+00    5.0953331319E-02
    8.6799800000E-03    1.0133360235E+00    3.7177316303E-01   -1.5866979365E+00    5.0504972462E-02
    8.7199800000E-03    1.0330161842E+00    3.7418407986E-01   -1.4955518779E+00    4.9913596843E-02
    8.7599800000E-03    1.0302265257E+00    3.7669952765E-01   -1.4946732483E+00    4.9293831928E-02
    8.7999800000E-03    1.0048509946E+00    3.7869615015E-01   -1.5833286909E+00    4.8768616462E-02
    8.8399800000E-03    9.6134351985E-01    3.7181568772E-01   -1.7513093436E+00    4.8426319536E-02
    8.8799800000E-03    9.0923686961E-01    3.4685392291E-01   -1.9814803193E+00    4.8292974462E-02
    8.9199800000E-03    8.6131100463E-01    3.0094383959E-01   -2.2513370251E+00    4.8340236328E-02
    8.9599800000E-03    8.2887335282E-01    2.4055286766E-01   -2.5311125951E+00    4.8499677771E-02
    8.9999800000E-03    8.1574330948E-01    1.7820753338E-01   -2.7886988217E+00    4.8703109284E-02
    9.0399800000E-03    8.1744550353E-01    1.2572310361E-01   -2.9976474933E+00    4.8930031460E-02
    9.0799800000E-03    8.2506257648E-01    9.0765388628E-02   -3.1379415942E+00    4.9181687372E-02
    9.1199800000E-03    8.3023049808E-01    7.6319575722E-02   -3.1976263675E+00    4.9450027268E-02
    9.1599800000E-03    8.2880518767E-01    8.2813649512E-02   -3.1723181959E+00    4.9724200427E-02
    9.1999800000E-03    8.2206829907E-01    1.1008858348E-01   -3.0636599238E+00    4.9992058011E-02
    9.2399800000E-03    8.1638870202E-01    1.5666828809E-01   -2.8799004653E+00    5.0237951168E-02
    9.2799800000E-03    8.2089218215E-01    2.1732020455E-01   -2.6373249864E+00    5.0454794337E-02
    9.3199800000E-03    8.4287955888E-01    2.8216723778E-01   -2.3592792912E+00    5.0637874947E-02
    9.3599800000E-03    8.8283584406E-01    3.3856031021E-01   -2.0757422027E+00    5.0745612056E-02
    9.3999800000E-03    9.3251092818E-01    3.7673713440E-01   -1.8185541614E+00    5.0720855885E-02
    9.4399800000E-03    9.7926104218E-01    3.9542485564E-01   -1.6128889707E+00    5.0541170456E-02
    9.4799800000E-03    1.0116500534E+00    4.0129942599E-01   -1.4775741208E+00    5.0226226323E-02
    9.5199800000E-03    1.0226396592E+00    4.0351530018E-01   -1.4253781937E+00    4.9840803401E-02
    9.5599800000E-03    1.0097746809E+00    4.0640960162E-01   -1.4608507578E+00    4.9482211958E-02
    9.5999800000E-03    9.7451705584E-01    4.0585860948E-01   -1.5796451252E+00    4.9239154035E-02
    9.6399800000E-03    9.2281594209E-01    3.9251097605E-01   -1.7697938106E+00    4.9148987504E-02
    9.6799800000E-03    8.6517523475E-01    3.5887538689E-01   -2.0140559707E+00    4.9190810650E-02
    9.7199800000E-03    8.1430752366E-01    3.0469597535E-01   -2.2902149993E+00    4.9302822985E-02
    9.7599800000E-03    7.8052345887E-01    2.3825172549E-01   -2.5694805525E+00    4.9392857241E-02
    9.7999800000E-03    7.6645369844E-01    1.7231872615E-01   -2.8217477471E+00    4.9402934657E-02
    9.8399800000E-03    7.6679961304E-01    1.1855455085E-01   -3.0210254146E+00    4.9339195017E-02
    9.8799800000E-03    7.7235174487E-01    8.4759709050E-02   -3.1465149764E+00    4.9246718707E-02
    9.9199800000E-03    7.7526963033E-01    7.4080079743E-02   -3.1864987239E+00    4.9154324257E-02
    9.9599800000E-03    7.7263266737E-01    8.6984889737E-02   -3.1378844864E+00    4.9065355629E-02
    9.9999800000E-03    7.6728915417E-01    1.2268402637E-01   -3.0047299413E+00    4.8981745785E-02
    1.0039980000E-02    7.6688762984E-01    1.7776403533E-01   -2.7996991339E+00    4.8928082535E-02
    1.0079980000E-02    7.8026814107E-01    2.4445442137E-01   -2.5440249049E+00    4.8942437221E-02
    1.0119980000E-02    8.1221559799E-01    3.1150020448E-01   -2.2637879821E+00    4.9029589015E-02
    1.0159980000E-02    8.5968630405E-01    3.6695873056E-01   -1.9888968309E+00    4.9147011359E-02
    1.0199980000E-02    9.1269961246E-01    4.0358852689E-01   -1.7468786363E+00    4.9233771128E-02
    1.0239980000E-02    9.5934004614E-01    4.2201078176E-01   -1.5583941751E+00    4.9261238469E-02
    1.0279980000E-02    9.8982988282E-01    4.2890921526E-01   -1.4386365645E+00    4.9228190595E-02
    1.0319980000E-02    9.9849751203E-01    4.3197528279E-01   -1.3971458358E+00    4.9168285530E-02
    1.0359980000E-02    9.8353340208E-01    4.3417262375E-01   -1.4367652389E+00    4.9145317419E-02
    1.0399980000E-02    9.4640136954E-01    4.3144017018E-01   -1.5535750825E+00    4.9211498810E-02
    1.0439980000E-02    8.9243735767E-01    4.1544453220E-01   -1.7380007699E+00    4.9366118624E-02
    1.0479980000E-02    8.3111435781E-01    3.7924401593E-01   -1.9759782681E+00    4.9559184911E-02
    1.0519980000E-02    7.7432290325E-01    3.2191006931E-01   -2.2491535416E+00    4.9705785891E-02
    1.0559980000E-02    7.3293920085E-01    2.5007804880E-01   -2.5335757006E+00    4.9699734608E-02
    1.0599980000E-02    7.1196734852E-01    1.7575074469E-01   -2.8009350587E+00    4.9506525966E-02
    1.0639980000E-02    7.0803050830E-01    1.1137022075E-01   -3.0237513902E+00    4.9152601269E-02
    1.0679980000E-02    7.1244112023E-01    6.6678572085E-02   -3.1773074227E+00    4.8674604569E-02
    1.0719980000E-02    7.1644329590E-01    4.6842700939E-02   -3.2451931199E+00    4.8136687238E-02
    1.0759980000E-02    7.1553911378E-01    5.3207571228E-02   -3.2214640578E+00    4.7594895774E-02
    1.0799980000E-02    7.1092436422E-01    8.5084715074E-02   -3.1087710242E+00    4.7096316526E-02
    1.0839980000E-02    7.0894747580E-01    1.3922041698E-01   -2.9190774927E+00    4.6698147744E-02
    1.0879980000E-02    7.1839059062E-01    2.0828648145E-01   -2.6739897566E+00    4.6442727706E-02
    1.0919980000E-02    7.4527094825E-01    2.8163312592E-01   -2.3999358620E+00    4.6354578641E-02
    1.0959980000E-02    7.8864600508E-01    3.4767952245E-01   -2.1250120509E+00    4.6453072247E-02
    1.0999980000E-02    8.4073193649E-01    3.9778398720E-01   -1.8749768484E+00    4.6688768686E-02
    1.1039980000E-02    8.9095416648E-01    4.2947763741E-01   -1.6691101552E+00    4.6997630063E-02
    1.1079980000E-02    9.2962581926E-01    4.4601435780E-01   -1.5215914965E+00    4.7345274055E-02
    1.1119980000E-02    9.4998153727E-01    4.5348952675E-01   -1.4416129852E+00    4.7714726054E-02
    1.1159980000E-02    9.4875729496E-01    4.5648391277E-01   -1.4335408390E+00    4.8112994161E-02
    1.1199980000E-02    9.2546403170E-01    4.5495797096E-01   -1.4975183614E+00    4.8557657526E-02
    1.1239980000E-02    8.8229553504E-01    4.4404740733E-01   -1.6299613322E+00    4.9041565723E-02
    1.1279980000E-02    8.2494866297E-01    4.1678202395E-01   -1.8234811407E+00    4.9517365352E-02
    1.1319980000E-02    7.6268701127E-01    3.6832305701E-01   -2.0666439904E+00    4.9909858424E-02
    1.1359980000E-02    7.0654209852E-01    2.9905918658E-01   -2.3448381028E+00    5.0121838228E-02
    1.1399980000E-02    6.6692320999E-01    2.1602852906E-01   -2.6374306472E+00    5.0053575948E-02
    1.1439980000E-02    6.4833996334E-01    1.3176353193E-01   -2.9158785205E+00    4.9696115592E-02
    1.1479980000E-02    6.4672336530E-01    5.8845036280E-02   -3.1512273550E+00    4.9074124142E-02
    1.1519980000E-02    6.5322232947E-01    6.5786528776E-03   -3.3193122282E+00    4.8221166653E-02
    1.1559980000E-02    6.5913367034E-01   -1.9683115360E-02   -3.4033125645E+00    4.7248554353E-02
    1.1599980000E-02    6.5960343053E-01   -1.8387782216E-02   -3.3965821787E+00    4.6259711020E-02
    1.1639980000E-02    6.5474349949E-01    9.9357894888E-03   -3.3005492970E+00    4.5338750926E-02
    1.1679980000E-02    6.4943539003E-01    6.2645720946E-02   -3.1249840507E+00    4.4580375175E-02
    1.1719980000E-02    6.5167077604E-01    1.3362072850E-01   -2.8893173601E+00    4.4068250153E-02
    1.1759980000E-02    6.6868745747E-01    2.1368656142E-01   -2.6184287040E+00    4.3825133129E-02
    1.1799980000E-02    7.0247406128E-01    2.9138714111E-01   -2.3413931128E+00    4.3886632015E-02
    1.1839980000E-02    7.4774101353E-01    3.5650738674E-01   -2.0854207029E+00    4.4234499380E-02
    1.1879980000E-02    7.9542371996E-01    4.0426189745E-01   -1.8684253852E+00    4.4789070865E-02
    1.1919980000E-02    8.3633614582E-01    4.3491798845E-01   -1.7027365779E+00    4.5503337603E-02
    1.1959980000E-02    8.6309086776E-01    4.5186319328E-01   -1.5973049986E+00    4.6336654945E-02
    1.1999980000E-02    8.7113640399E-01    4.5888403618E-01   -1.5572957908E+00    4.7253735993E-02
    1.2039980000E-02    8.5871865400E-01    4.5742983332E-01   -1.5845335529E+00    4.8229022358E-02
    1.2079980000E-02    8.2660261416E-01    4.4540534139E-01   -1.6781636434E+00    4.9231994104E-02
    1.2119980000E-02    7.7851560505E-01    4.1805613357E-01   -1.8344686917E+00    5.0207261895E-02
    1.2159980000E-02    7.2147533033E-01    3.7056323978E-01   -2.0466727903E+00    5.1076487351E-02
    1.2199980000E-02    6.6513324142E-01    3.0099143606E-01   -2.3055806448E+00    5.1763705983E-02
    1.2239980000E-02    6.2019358266E-01    2.1230286572E-01   -2.5995031200E+00    5.2128689130E-02
    1.2279980000E-02    5.9491608957E-01    1.1408524521E-01   -2.9067164744E+00    5.2029173886E-02
    1.2319980000E-02    5.9024745956E-01    1.9146636281E-02   -3.1974898714E+00    5.1474038939E-02
    1.2359980000E-02    6.0026449791E-01   -6.1580241642E-02   -3.4441971436E+00    5.0487946385E-02
    1.2399980000E-02    6.1581979570E-01   -1.2000163888E-01   -3.6241450366E+00    4.9151234249E-02
    1.2439980000E-02    6.2870711704E-01   -1.5351315949E-01   -3.7280328758E+00    4.7639075925E-02
    1.2479980000E-02    6.3406625496E-01   -1.6250170515E-01   -3.7541850094E+00    4.6091998493E-02
    1.2519980000E-02    6.3056877397E-01   -1.4771629132E-01   -3.7032210405E+00    4.4607273370E-02
    1.2559980000E-02    6.2031211396E-01   -1.0963606432E-01   -3.5775009126E+00    4.3282745203E-02
    1.2599980000E-02    6.0849420284E-01   -4.9636544404E-02   -3.3834028866E+00    4.2249933587E-02
    1.2639980000E-02    6.0254940145E-01    2.7586431516E-02   -3.1367418368E+00    4.1626357270E-02
    1.2679980000E-02    6.0898315316E-01    1.1328603372E-01   -2.8630301322E+00    4.1425049071E-02
    1.2719980000E-02    6.2966639400E-01    1.9727131008E-01   -2.5899583251E+00    4.1659291537E-02
    1.2759980000E-02    6.6049817251E-01    2.6967703198E-01   -2.3451675792E+00    4.2314994972E-02
    1.2799980000E-02    6.9394587682E-01    3.2527946847E-01   -2.1453224310E+00    4.3290923247E-02
    1.2839980000E-02    7.2287229840E-01    3.6373216879E-01   -1.9967440658E+00    4.4502349765E-02
    1.2879980000E-02    7.4126585835E-01    3.8622349606E-01   -1.9048638519E+00    4.5896397302E-02
    1.2919980000E-02    7.4501347544E-01    3.9399721975E-01   -1.8740926248E+00    4.7420402138E-02
    1.2959980000E-02    7.3261732098E-01    3.8718271524E-01   -1.9062992518E+00    4.9013412077E-02
    1.2999980000E-02    7.0542424617E-01    3.6420029159E-01   -2.0007776749E+00    5.0604970578E-02
    1.3039980000E-02    6.6770139998E-01    3.2243509580E-01   -2.1545731371E+00    5.2114236512E-02
    1.3079980000E-02    6.2603756141E-01    2.5943177532E-01   -2.3647845247E+00    5.3445817209E-02
    1.3119980000E-02    5.8870708609E-01    1.7442430351E-01   -2.6293725121E+00    5.4471381950E-02
    1.3159980000E-02    5.6535543447E-01    7.2846252630E-02   -2.9348690093E+00    5.5031414270E-02
    1.3199980000E-02    5.6219285350E-01   -3.4448767388E-02   -3.2545322020E+00    5.5048846876E-02
    1.3239980000E-02    5.7931292053E-01   -1.3704230565E-01   -3.5613127355E+00    5.4512517423E-02
    1.3279980000E-02    6.1116591655E-01   -2.2447266770E-01   -3.8286555198E+00    5.3484113215E-02
    1.3319980000E-02    6.4818753368E-01   -2.9001652193E-01   -4.0394893600E+00    5.2133509654E-02
    1.3359980000E-02    6.8194441629E-01   -3.3372438839E-01   -4.1909660165E+00    5.0593509936E-02
    1.3399980000E-02    7.0634755806E-01   -3.5810572538E-01   -4.2826620066E+00    4.8961886679E-02
    1.3439980000E-02    7.1745960726E-01   -3.6549983794E-01   -4.3129885656E+00    4.7322727466E-02
    1.3479980000E-02    7.1399223533E-01   -3.5727048554E-01   -4.2815703996E+00    4.5750123403E-02
    1.3519980000E-02    6.9739428925E-01   -3.3342245588E-01   -4.1902206838E+00    4.4309688643E-02
    1.3559980000E-02    6.7148207165E-01   -2.9295716289E-01   -4.0423035945E+00    4.3060715812E-02
    1.3599980000E-02    6.4180812727E-01   -2.3472301229E-01   -3.8411534755E+00    4.2066751480E-02
    1.3639980000E-02    6.1551540902E-01   -1.5967901555E-01   -3.5936936224E+00    4.1418353518E-02
    1.3679980000E-02    5.9993880781E-01   -7.4282832986E-02   -3.3199759812E+00    4.1199711384E-02
    1.3719980000E-02    5.9831330966E-01    1.1515187624E-02   -3.0476374346E+00    4.1417785860E-02
    1.3759980000E-02    6.0807100660E-01    8.7939254813E-02   -2.8038226982E+00    4.2088446116E-02
    1.3799980000E-02    6.2263038228E-01    1.4716194055E-01   -2.6119090974E+00    4.3171839864E-02
    1.3839980000E-02    6.3483071815E-01    1.8520310906E-01   -2.4857623711E+00    4.4527162532E-02
    1.3879980000E-02    6.3943487019E-01    2.0099521677E-01   -2.4313300600E+00    4.6037857106E-02
    1.3919980000E-02    6.3415276045E-01    1.9423176510E-01   -2.4508159937E+00    4.7620252802E-02
    1.3959980000E-02    6.1997585652E-01    1.6411330365E-01   -2.5448877957E+00    4.9191575618E-02
    1.3999980000E-02    6.0125684814E-01    1.0984935426E-01   -2.7124325829E+00    5.0638608043E-02
    1.4039980000E-02    5.8554599980E-01    3.2674291152E-02   -2.9474712573E+00    5.1774867225E-02
    1.4079980000E-02    5.8204887850E-01   -6.1407395023E-02   -3.2327365815E+00    5.2450819612E-02
    1.4119980000E-02    5.9783188462E-01   -1.6225221871E-01   -3.5414143790E+00    5.2662601284E-02
    1.4159980000E-02    6.3443290937E-01   -2.5784058161E-01   -3.8445241209E+00    5.2381669333E-02
    1.4199980000E-02    6.8571072401E-01   -3.3671771602E-01   -4.1159742576E+00    5.1690103999E-02
    1.4239980000E-02    7.4158237045E-01   -3.9397672813E-01   -4.3431025516E+00    5.0763565796E-02
    1.4279980000E-02    7.9198939175E-01   -4.2993436815E-01   -4.5170602135E+00    4.9699253000E-02
    1.4319980000E-02    8.2900061432E-01   -4.4834557313E-01   -4.6306639639E+00    4.8573756262E-02
    1.4359980000E-02    8.4780009223E-01   -4.5390940884E-01   -4.6794853824E+00    4.7457789784E-02
    1.4399980000E-02    8.4666436454E-01   -4.4957053627E-01   -4.6618750269E+00    4.6395329547E-02
    1.4439980000E-02    8.2650792544E-01   -4.3511314024E-01   -4.5787684044E+00    4.5418153869E-02
    1.4479980000E-02    7.9092150017E-01   -4.0765933200E-01   -4.4340501803E+00    4.4563647184E-02
    1.4519980000E-02    7.4630924643E-01   -3.6384239383E-01   -4.2351176029E+00    4.3873167824E-02
    1.4559980000E-02    7.0122059971E-01   -3.0245619434E-01   -3.9925680995E+00    4.3385743342E-02
    1.4599980000E-02    6.6473054210E-01   -2.2650749854E-01   -3.7210686575E+00    4.3181019522E-02
    1.4639980000E-02    6.4360547167E-01   -1.4464629614E-01   -3.4447424920E+00    4.3321351845E-02
    1.4679980000E-02    6.3821453256E-01   -6.8373160896E-02   -3.1932991897E+00    4.3776839630E-02
    1.4719980000E-02    6.4271472934E-01   -7.4717372382E-03   -2.9927016735E+00    4.4519584504E-02
    1.4759980000E-02    6.4901516244E-01    3.0700726847E-02   -2.8652421753E+00    4.5475307534E-02
    1.4799980000E-02    6.5088723934E-01    4.2435769937E-02   -2.8240466943E+00    4.6541524906E-02
    1.4839980000E-02    6.4638673919E-01    2.6619179104E-02   -2.8731802035E+00    4.7627609289E-02
    1.4879980000E-02    6.3837525122E-01   -1.6342530057E-02   -3.0098545224E+00    4.8636060210E-02
    1.4919980000E-02    6.3420301154E-01   -8.2966138939E-02   -3.2217773172E+00    4.9443329774E-02
    1.4959980000E-02    6.4321041550E-01   -1.6555306460E-01   -3.4871674189E+00    4.9959905243E-02
    1.4999980000E-02    6.7226776913E-01   -2.5312993999E-01   -3.7794760092E+00    5.0168218821E-02
    1.5039980000E-02    7.2109241779E-01   -3.3238865424E-01   -4.0684974902E+00    5.0049433127E-02
    1.5079980000E-02    7.8131371565E-01   -3.9327460165E-01   -4.3299422721E+00    4.9683735835E-02
    1.5119980000E-02    8.4186445093E-01   -4.3239747366E-01   -4.5478396472E+00    4.9174412365E-02
    1.5159980000E-02    8.9258805437E-01   -4.5218787871E-01   -4.7100446203E+00    4.8606518318E-02
    1.5199980000E-02    9.2605490080E-01   -4.5874153889E-01   -4.8076899731E+00    4.8045541353E-02
    1.5239980000E-02    9.3852561788E-01   -4.5811214234E-01   -4.8358970223E+00    4.7524928084E-02
    1.5279980000E-02    9.2924201750E-01   -4.5282011063E-01   -4.7931676768E+00    4.7045105992E-02
    1.5319980000E-02    8.9994598495E-01   -4.4063393807E-01   -4.6814821232E+00    4.6599709092E-02
    1.5359980000E-02    8.5537494419E-01   -4.1616721529E-01   -4.5070258513E+00    4.6200380459E-02
    1.5399980000E-02    8.0365468692E-01   -3.7455158339E-01   -4.2807929797E+00    4.5875785386E-02
    1.5439980000E-02    7.5493533434E-01   -3.1511161489E-01   -4.0183525161E+00    4.5676436526E-02
    1.5479980000E-02    7.1884243692E-01   -2.4318347397E-01   -3.7410852128E+00    4.5670378134E-02
    1.5519980000E-02    7.0044636459E-01   -1.6917646893E-01   -3.4763449298E+00    4.5866272052E-02
    1.5559980000E-02    6.9729640529E-01   -1.0459798745E-01   -3.2519793390E+00    4.6229993125E-02
    1.5599980000E-02    7.0155533833E-01   -5.8838543850E-02   -3.0930294734E+00    4.6741385706E-02
    1.5639980000E-02    7.0511189335E-01   -3.7405838027E-02   -3.0172829450E+00    4.7343316593E-02
    1.5679980000E-02    7.0367747046E-01   -4.2285478150E-02   -3.0325591770E+00    4.7973160288E-02
    1.5719980000E-02    6.9851161159E-01   -7.3435503894E-02   -3.1380678890E+00    4.8571882821E-02
    1.5759980000E-02    6.9613464318E-01   -1.2817525627E-01   -3.3237481741E+00    4.9066703080E-02
    1.5799980000E-02    7.0588545685E-01   -1.9938760009E-01   -3.5691212399E+00    4.9403653219E-02
    1.5839980000E-02    7.3492194122E-01   -2.7596240146E-01   -3.8477320160E+00    4.9556622803E-02
    1.5879980000E-02    7.8343393380E-01   -3.4510158076E-01   -4.1313291512E+00    4.9501628431E-02
    1.5919980000E-02    8.4355364435E-01   -3.9643472735E-01   -4.3932556773E+00    4.9303294966E-02
    1.5959980000E-02    9.0373016415E-01   -4.2618503054E-01   -4.6128113482E+00    4.9069683198E-02
    1.5999980000E-02    9.5287218578E-01   -4.3763308803E-01   -4.7740114700E+00    4.8875933854E-02
    1.6039980000E-02    9.8307594212E-01   -4.3853887748E-01   -4.8650469627E+00    4.8763923105E-02
    1.6079980000E-02    9.9053024237E-01   -4.3605322299E-01   -4.8786649475E+00    4.8722947160E-02
    1.6119980000E-02    9.7485496767E-01   -4.3198536295E-01   -4.8131763115E+00    4.8700684341E-02
    1.6159980000E-02    9.3886878341E-01   -4.2170362896E-01   -4.6732082908E+00    4.8648423313E-02
    1.6199980000E-02    8.8931250199E-01   -3.9757293732E-01   -4.4694328898E+00    4.8552041744E-02
    1.6239980000E-02    8.3657999525E-01   -3.5452898833E-01   -4.2178356828E+00    4.8424403387E-02
    1.6279980000E-02    7.9227546756E-01   -2.9415228693E-01   -3.9401498140E+00    4.8308707244E-02
    1.6319980000E-02    7.6486668270E-01   -2.2527904992E-01   -3.6645757200E+00    4.8267029093E-02
    1.6359980000E-02    7.5533159238E-01   -1.5990253685E-01   -3.4198861958E+00    4.8322754366E-02
    1.6399980000E-02    7.5752594938E-01   -1.0857853591E-01   -3.2312997774E+00    4.8455977996E-02
    1.6439980000E-02    7.6252805990E-01   -7.8143825184E-02   -3.1187777977E+00    4.8623350287E-02
    1.6479980000E-02    7.6372230750E-01   -7.1310352641E-02   -3.0930571093E+00    4.8799715999E-02
    1.6519980000E-02    7.5974680678E-01   -8.8580889413E-02   -3.1564545363E+00    4.8978874817E-02
    1.6559980000E-02    7.5498863260E-01   -1.2892312530E-01   -3.3036749432E+00    4.9145503598E-02
    1.6599980000E-02    7.5809367658E-01   -1.8785098881E-01   -3.5199216801E+00    4.9255561113E-02
    1.6639980000E-02    7.7767755345E-01   -2.5620776150E-01   -3.7822263658E+00    4.9265502143E-02
    1.6679980000E-02    8.1718387381E-01   -3.2171956347E-01   -4.0635825585E+00    4.9179557121E-02
    1.6719980000E-02    8.7164105145E-01   -3.7225959121E-01   -4.3339302643E+00    4.9066330283E-02
    1.6759980000E-02    9.2968334303E-01   -4.0155301244E-01   -4.5666845941E+00    4.9019085036E-02
    1.6799980000E-02    9.7896550339E-01   -4.1175250596E-01   -4.7415558086E+00    4.9095140507E-02
    1.6839980000E-02    1.0100422543E+00   -4.1117431318E-01   -4.8428504370E+00    4.9310778042E-02
    1.6879980000E-02    1.0181127997E+00   -4.0838876281E-01   -4.8603959795E+00    4.9622456747E-02
    1.6919980000E-02    1.0025196709E+00   -4.0580934782E-01   -4.7917047803E+00    4.9942494403E-02
    1.6959980000E-02    9.6648944376E-01   -3.9782287384E-01   -4.6428417782E+00    5.0184330794E-02
    1.6999980000E-02    9.1785198537E-01   -3.7541042676E-01   -4.4274475194E+00    5.0298870507E-02
    1.7039980000E-02    8.6833552931E-01   -3.3321657583E-01   -4.1648411077E+00    5.0277719415E-02
    1.7079980000E-02    8.3016793401E-01   -2.7406083449E-01   -3.8809390400E+00    5.0152127548E-02
    1.7119980000E-02    8.1040600471E-01   -2.0855420054E-01   -3.6075527566E+00    4.9981776812E-02
    1.7159980000E-02    8.0736309358E-01   -1.4910903991E-01   -3.3735432947E+00    4.9800292971E-02
    1.7199980000E-02    8.1321678542E-01   -1.0501242771E-01   -3.2014843322E+00    4.9603307067E-02
    1.7239980000E-02    8.1904652284E-01   -8.0934007426E-02   -3.1066691893E+00    4.9391372667E-02
    1.7279980000E-02    8.1926208965E-01   -7.8107464829E-02   -3.0962659088E+00    4.9176140505E-02
    1.7319980000E-02    8.1353310015E-01   -9.6643248720E-02   -3.1709312811E+00    4.8967879858E-02
    1.7359980000E-02    8.0690071399E-01   -1.3574903727E-01   -3.3249997336E+00    4.8774691302E-02
    1.7399980000E-02    8.0818263486E-01   -1.9149279573E-01   -3.5447259545E+00    4.8594630109E-02
    1.7439980000E-02    8.2577594810E-01   -2.5515538956E-01   -3.8085352531E+00    4.8418666274E-02
    1.7479980000E-02    8.6270163568E-01   -3.1437665618E-01   -4.0887306071E+00    4.8275230916E-02
    1.7519980000E-02    9.1334747313E-01   -3.5727307457E-01   -4.3531445560E+00    4.8240211974E-02
    1.7559980000E-02    9.6566072629E-01   -3.7906524643E-01   -4.5738003155E+00    4.8378964106E-02
    1.7599980000E-02    1.0072895655E+00   -3.8398386624E-01   -4.7296004421E+00    4.8714795091E-02
    1.7639980000E-02    1.0295748368E+00   -3.8156123940E-01   -4.8046105284E+00    4.9216685192E-02
    1.7679980000E-02    1.0288939074E+00   -3.7922097432E-01   -4.7901125830E+00    4.9793960435E-02
    1.7719980000E-02    1.0059942755E+00   -3.7620849380E-01   -4.6868674141E+00    5.0327575342E-02
    1.7759980000E-02    9.6622776631E-01   -3.6424592356E-01   -4.5051847172E+00    5.0713281185E-02
    1.7799980000E-02    9.1991467393E-01   -3.3460533004E-01   -4.2628327659E+00    5.0895517064E-02
    1.7839980000E-02    8.8004266815E-01   -2.8537049903E-01   -3.9840204545E+00    5.0876225780E-02
    1.7879980000E-02    8.5657662046E-01   -2.2409820920E-01   -3.7004033678E+00    5.0698429457E-02
    1.7919980000E-02    8.5104732957E-01   -1.6324142775E-01   -3.4434986047E+00    5.0403935350E-02
    1.7959980000E-02    8.5739885637E-01   -1.1337585944E-01   -3.2375933051E+00    5.0017411006E-02
    1.7999980000E-02    8.6662911782E-01   -8.0574905382E-02   -3.1003751151E+00    4.9568186690E-02
    1.8039980000E-02    8.7126777321E-01   -6.6653154078E-02   -3.0419582535E+00    4.9086425360E-02
    1.8079980000E-02    8.6817122449E-01   -7.1642932370E-02   -3.0658235577E+00    4.8603759748E-02
    1.8119980000E-02    8.5912406678E-01   -9.5646918565E-02   -3.1703707680E+00    4.8150790529E-02
    1.8159980000E-02    8.5056022715E-01   -1.3780976282E-01   -3.3479874926E+00    4.7751809312E-02
    1.8199980000E-02    8.5152779797E-01   -1.9357875006E-01   -3.5831603933E+00    4.7431683081E-02
    1.8239980000E-02    8.6933376452E-01   -2.5370498835E-01   -3.8536353496E+00    4.7215028861E-02
    1.8279980000E-02    9.0520787079E-01   -3.0586294984E-01   -4.1306537287E+00    4.7139189229E-02
    1.8319980000E-02    9.5184055563E-01   -3.3975367293E-01   -4.3813519131E+00    4.7262438764E-02
    1.8359980000E-02    9.9665883397E-01   -3.5367185995E-01   -4.5784608226E+00    4.7626188638E-02
    1.8399980000E-02    1.0281670219E+00   -3.5452693202E-01   -4.7017157086E+00    4.8218719903E-02
    1.8439980000E-02    1.0395388143E+00   -3.5185902023E-01   -4.7372916531E+00    4.8959351285E-02
    1.8479980000E-02    1.0290294601E+00   -3.4981927086E-01   -4.6803672668E+00    4.9719551048E-02
    1.8519980000E-02    9.9961023500E-01   -3.4351680824E-01   -4.5365270854E+00    5.0362300418E-02
    1.8559980000E-02    9.5944903107E-01   -3.2342082611E-01   -4.3206728971E+00    5.0785389374E-02
    1.8599980000E-02    9.2092894707E-01   -2.8382186251E-01   -4.0552498693E+00    5.0955172416E-02
    1.8639980000E-02    8.9561473458E-01   -2.2845726386E-01   -3.7705000565E+00    5.0889860508E-02
    1.8679980000E-02    8.8779695520E-01   -1.6831525322E-01   -3.4986294685E+00    5.0609639194E-02
    1.8719980000E-02    8.9372212051E-01   -1.1449371842E-01   -3.2650786535E+00    5.0139804942E-02
    1.8759980000E-02    9.0546007549E-01   -7.4265525910E-02   -3.0886435058E+00    4.9508836403E-02
    1.8799980000E-02    9.1512476020E-01   -5.0114412268E-02   -2.9802264099E+00    4.8756129406E-02
    1.8839980000E-02    9.1793765955E-01   -4.1662921086E-02   -2.9439310419E+00    4.7945711528E-02
    1.8879980000E-02    9.1267098046E-01   -4.8505682048E-02   -2.9805594134E+00    4.7146489766E-02
    1.8919980000E-02    9.0135650120E-01   -7.1217229141E-02   -3.0888233856E+00    4.6423888701E-02
    1.8959980000E-02    8.8943558015E-01   -1.1002583425E-01   -3.2638470795E+00    4.5832306201E-02
    1.8999980000E-02    8.8492046202E-01   -1.6186991949E-01   -3.4934392450E+00    4.5400558535E-02
    1.9039980000E-02    8.9498170530E-01   -2.1893979925E-01   -3.7575648936E+00    4.5150976013E-02
    1.9079980000E-02    9.2206127690E-01   -2.7029425329E-01   -4.0306993118E+00    4.5113739712E-02
    1.9119980000E-02    9.6116250442E-01   -3.0560627554E-01   -4.2815068730E+00    4.5317691958E-02
    1.9159980000E-02    1.0010378903E+00   -3.2170119464E-01   -4.4807471731E+00    4.5788160944E-02
    1.9199980000E-02    1.0301839035E+00   -3.2426350588E-01   -4.6067706696E+00    4.6506468682E-02
    1.9239980000E-02    1.0413588671E+00   -3.2219689445E-01   -4.6453369285E+00    4.7383036723E-02
    1.9279980000E-02    1.0325275385E+00   -3.1963689309E-01   -4.5913182004E+00    4.8282380443E-02
    1.9319980000E-02    1.0066277172E+00   -3.1218836753E-01   -4.4499814038E+00    4.9060564819E-02
    1.9359980000E-02    9.7183521350E-01   -2.9102034492E-01   -4.2362820802E+00    4.9605125783E-02
    1.9399980000E-02    9.4003138742E-01   -2.5128588861E-01   -3.9738178500E+00    4.9866392356E-02
    1.9439980000E-02    9.2119110016E-01   -1.9720058645E-01   -3.6930204929E+00    4.9830590440E-02
    1.9479980000E-02    9.1804567931E-01   -1.3880392621E-01   -3.4227439346E+00    4.9499673647E-02
    1.9519980000E-02    9.2688221617E-01   -8.5812635077E-02   -3.1853641265E+00    4.8910970358E-02
    1.9559980000E-02    9.4069730543E-01   -4.4494851154E-02   -2.9968432767E+00    4.8130862463E-02
    1.9599980000E-02    9.5287203613E-01   -1.6913938140E-02   -2.8661310546E+00    4.7245407811E-02
    1.9639980000E-02    9.5929509628E-01   -2.5634144087E-03   -2.7975367687E+00    4.6307729900E-02
    1.9679980000E-02    9.5828692103E-01   -5.4450181142E-04   -2.7927903935E+00    4.5358333353E-02
    1.9719980000E-02    9.5000157398E-01   -1.0868368870E-02   -2.8518228762E+00    4.4442608730E-02
    1.9759980000E-02    9.3643032197E-01   -3.4432818806E-02   -2.9727243325E+00    4.3599393589E-02
    1.9799980000E-02    9.2188689807E-01   -7.1781003600E-02   -3.1509324616E+00    4.2871056912E-02
    1.9839980000E-02    9.1298080272E-01   -1.2089982244E-01   -3.3770152114E+00    4.2323485040E-02
    1.9879980000E-02    9.1624303672E-01   -1.7557565543E-01   -3.6343050968E+00    4.2009153541E-02
    1.9919980000E-02    9.3462031981E-01   -2.2651609727E-01   -3.9005623011E+00    4.1965119162E-02
    1.9959980000E-02    9.6526388329E-01   -2.6434959817E-01   -4.1487895898E+00    4.2215974498E-02
    1.9999980000E-02    9.9932420688E-01   -2.8449904389E-01   -4.3502406186E+00    4.2758177906E-02
    2.0039980000E-02    1.0260874614E+00   -2.9041297153E-01   -4.4820223819E+00    4.3554870832E-02
    2.0079980000E-02    1.0379695673E+00   -2.8962836473E-01   -4.5293353838E+00    4.4516069721E-02
    2.0119980000E-02    1.0323622476E+00   -2.8639114087E-01   -4.4862953892E+00    4.5513901453E-02
    2.0159980000E-02    1.0116149681E+00   -2.7766767476E-01   -4.3568818769E+00    4.6410456383E-02
    2.0199980000E-02    9.8305734354E-01   -2.5605230942E-01   -4.1548029718E+00    4.7084898231E-02
    2.0239980000E-02    9.5710090862E-01   -2.1733266861E-01   -3.9027404828E+00    4.7458826901E-02
    2.0279980000E-02    9.4217340914E-01   -1.6492798027E-01   -3.6286025433E+00    4.7502644052E-02
    2.0319980000E-02    9.4082569410E-01   -1.0715780779E-01   -3.3578620789E+00    4.7239919522E-02
    2.0359980000E-02    9.5015766300E-01   -5.2731062093E-02   -3.1115222476E+00    4.6732237595E-02
    2.0399980000E-02    9.6411150005E-01   -7.9651489043E-03   -2.9052288349E+00    4.6026225939E-02
    2.0439980000E-02    9.7734512320E-01    2.4954043767E-02   -2.7456304245E+00    4.5106465450E-02
    2.0479980000E-02    9.8696564216E-01    4.6521972257E-02   -2.6353551246E+00    4.4029716640E-02
    2.0519980000E-02    9.9118154178E-01    5.7652801657E-02   -2.5789689471E+00    4.2886283337E-02
    2.0559980000E-02    9.8896899816E-01    5.8982126178E-02   -2.5801437970E+00    4.1739103171E-02
    2.0599980000E-02    9.8052277152E-01    5.0378091550E-02   -2.6386607958E+00    4.0638837760E-02
    2.0639980000E-02    9.6738892506E-01    3.1019133337E-02   -2.7504378407E+00    3.9642751101E-02
    2.0679980000E-02    9.5219321416E-01    3.6644926694E-06   -2.9101629448E+00    3.8825668933E-02
    2.0719980000E-02    9.3863424742E-01   -4.2618715560E-02   -3.1134682903E+00    3.8239927012E-02
    2.0759980000E-02    9.3179396166E-01   -9.3897776221E-02   -3.3518418920E+00    3.7883026055E-02
    2.0799980000E-02    9.3641645228E-01   -1.4707253796E-01   -3.6082875432E+00    3.7770353244E-02
    2.0839980000E-02    9.5355571601E-01   -1.9387488457E-01   -3.8613367384E+00    3.7927738644E-02
    2.0879980000E-02    9.7940426145E-01   -2.2724449049E-01   -4.0865377436E+00    3.8373376848E-02
    2.0919980000E-02    1.0059790776E+00   -2.4487470908E-01   -4.2588960695E+00    3.9092302007E-02
    2.0959980000E-02    1.0247173008E+00   -2.5045413776E-01   -4.3591218563E+00    4.0021431434E-02
    2.0999980000E-02    1.0302039975E+00   -2.4939423543E-01   -4.3761405915E+00    4.1061475218E-02
    2.1039980000E-02    1.0215006960E+00   -2.4321651795E-01   -4.3075683721E+00    4.2095785475E-02
    2.1079980000E-02    1.0021978650E+00   -2.2806587671E-01   -4.1600899815E+00    4.3005521023E-02
    2.1119980000E-02    9.7970159497E-01   -1.9875711982E-01   -3.9495037982E+00    4.3691295086E-02
    2.1159980000E-02    9.6226533147E-01   -1.5445992454E-01   -3.6989164063E+00    4.4103295879E-02
    2.1199980000E-02    9.5494350446E-01   -9.9781131438E-02   -3.4325516564E+00    4.4234935126E-02
    2.1239980000E-02    9.5782455731E-01   -4.1894352497E-02   -3.1710495084E+00    4.4075090616E-02
    2.1279980000E-02    9.6735314163E-01    1.2096047640E-02   -2.9296604741E+00    4.3592461852E-02
    2.1319980000E-02    9.8014445867E-01    5.7257882098E-02   -2.7159325869E+00    4.2854894721E-02
    2.1359980000E-02    9.9357995447E-01    9.0446607306E-02   -2.5407265346E+00    4.1978600459E-02
    2.1399980000E-02    1.0043061495E+00    1.1124252004E-01   -2.4177691468E+00    4.0983747724E-02
    2.1439980000E-02    1.0090816924E+00    1.2127158401E-01   -2.3573271175E+00    3.9910620224E-02
    2.1479980000E-02    1.0060942734E+00    1.2190154016E-01   -2.3645061478E+00    3.8829473508E-02
    2.1519980000E-02    9.9571455619E-01    1.1278551790E-01   -2.4384171607E+00    3.7813845600E-02
    2.1559980000E-02    9.8049547817E-01    9.2221546463E-02   -2.5722996903E+00    3.6926067415E-02
    2.1599980000E-02    9.6434387173E-01    5.9086380998E-02   -2.7546413652E+00    3.6197682091E-02
    2.1639980000E-02    9.5124325618E-01    1.4689052812E-02   -2.9712044391E+00    3.5645211381E-02
    2.1679980000E-02    9.4452373475E-01   -3.6934448029E-02   -3.2093429806E+00    3.5344651621E-02
    2.1719980000E-02    9.4687427971E-01   -8.9790673279E-02   -3.4572600080E+00    3.5349335145E-02
    2.1759980000E-02    9.5919023753E-01   -1.3693180417E-01   -3.6986656829E+00    3.5649833194E-02
    2.1799980000E-02    9.7900100866E-01   -1.7267975347E-01   -3.9145936167E+00    3.6222564958E-02
    2.1839980000E-02    1.0005700708E+00   -1.9442743298E-01   -4.0840816113E+00    3.7029736425E-02
    2.1879980000E-02    1.0170741305E+00   -2.0372199048E-01   -4.1884469765E+00    3.8016577084E-02
    2.1919980000E-02    1.0235299996E+00   -2.0427942529E-01   -4.2159997687E+00    3.9106481733E-02
    2.1959980000E-02    1.0185524191E+00   -1.9771852978E-01   -4.1634058843E+00    4.0208457055E-02
    2.1999980000E-02    1.0046142358E+00   -1.8184205159E-01   -4.0359676920E+00    4.1228320969E-02
    2.2039980000E-02    9.8721766383E-01   -1.5320468475E-01   -3.8474816851E+00    4.2079455369E-02
    2.2079980000E-02    9.7253197464E-01   -1.1089093641E-01   -3.6173241037E+00    4.2686630833E-02
    2.2119980000E-02    9.6443452995E-01   -5.7512610857E-02   -3.3641914791E+00    4.2994494726E-02
    2.2159980000E-02    9.6359053585E-01    1.3917951700E-03   -3.1038795169E+00    4.3004038459E-02
    2.2199980000E-02    9.6927485028E-01    5.8461437447E-02   -2.8489076888E+00    4.2757935876E-02
    2.2239980000E-02    9.8077287385E-01    1.0674530740E-01   -2.6125055793E+00    4.2266474513E-02
    2.2279980000E-02    9.9588654318E-01    1.4238234980E-01   -2.4102468481E+00    4.1509136995E-02
    2.2319980000E-02    1.0102601172E+00    1.6492500502E-01   -2.2584071004E+00    4.0540801599E-02
    2.2359980000E-02    1.0188118516E+00    1.7642463508E-01   -2.1719430785E+00    3.9451106255E-02
    2.2399980000E-02    1.0180067438E+00    1.7946305648E-01   -2.1598731013E+00    3.8329320703E-02
    2.2439980000E-02    1.0073794415E+00    1.7428379799E-01   -2.2231764045E+00    3.7260674132E-02
    2.2479980000E-02    9.8979774764E-01    1.5846315747E-01   -2.3547435177E+00    3.6324489003E-02
    2.2519980000E-02    9.7056637378E-01    1.2962267988E-01   -2.5405031600E+00    3.5592317336E-02
    2.2559980000E-02    9.5532339736E-01    8.8084558003E-02   -2.7629775391E+00    3.5120543596E-02
    2.2599980000E-02    9.4780767566E-01    3.7395808359E-02   -3.0050937981E+00    3.4927518885E-02
    2.2639980000E-02    9.4907818182E-01   -1.6301167563E-02   -3.2509104469E+00    3.5003885466E-02
    2.2679980000E-02    9.5833255632E-01   -6.5943934405E-02   -3.4864784391E+00    3.5320425868E-02
    2.2719980000E-02    9.7351740156E-01   -1.0573423879E-01   -3.6969012866E+00    3.5858247352E-02
    2.2759980000E-02    9.9093884246E-01   -1.3281151232E-01   -3.8665449013E+00    3.6623536564E-02
    2.2799980000E-02    1.0058198836E+00   -1.4743066011E-01   -3.9810490396E+00    3.7577297497E-02
    2.2839980000E-02    1.0139786536E+00   -1.5171375466E-01   -4.0293771089E+00    3.8647778821E-02
    2.2879980000E-02    1.0134295062E+00   -1.4727210783E-01   -4.0064500876E+00    3.9755431964E-02
    2.2919980000E-02    1.0049513567E+00   -1.3355794263E-01   -3.9142820781E+00    4.0816290951E-02
    2.2959980000E-02    9.9167710346E-01   -1.0842329339E-01   -3.7614334373E+00    4.1743572709E-02
    2.2999980000E-02    9.7774373689E-01   -7.0280616225E-02   -3.5606467955E+00    4.2476082263E-02
    2.3039980000E-02    9.6667482005E-01   -2.0215889982E-02   -3.3268164813E+00    4.3020775219E-02
    2.3079980000E-02    9.6059731183E-01    3.7018289939E-02   -3.0738034320E+00    4.3334442070E-02
    2.3119980000E-02    9.6159334978E-01    9.4888011803E-02   -2.8116574753E+00    4.3325443667E-02
    2.3159980000E-02    9.7157071748E-01    1.4645148422E-01   -2.5549659179E+00    4.3002486942E-02
    2.3199980000E-02    9.8914784241E-01    1.8605102121E-01   -2.3229327930E+00    4.2403329308E-02
    2.3239980000E-02    1.0087980405E+00    2.1110630604E-01   -2.1380606164E+00    4.1568859911E-02
    2.3279980000E-02    1.0231234444E+00    2.2370072484E-01   -2.0205957248E+00    4.0564191696E-02
    2.3319980000E-02    1.0264089583E+00    2.2833656173E-01   -1.9829646534E+00    3.9486072404E-02
    2.3359980000E-02    1.0167845427E+00    2.2683599181E-01   -2.0286263064E+00    3.8441986226E-02
    2.3399980000E-02    9.9663876108E-01    2.1635439798E-01   -2.1523249970E+00    3.7533380152E-02
    2.3439980000E-02    9.7220527253E-01    1.9233080684E-01   -2.3403615894E+00    3.6840248935E-02
    2.3479980000E-02    9.5137938561E-01    1.5357742512E-01   -2.5716701974E+00    3.6404908088E-02
    2.3519980000E-02    9.4008363596E-01    1.0414343535E-01   -2.8226512657E+00    3.6238511897E-02
    2.3559980000E-02    9.4017100374E-01    5.1003266710E-02   -3.0720294774E+00    3.6346894220E-02
    2.3599980000E-02    9.4944160835E-01    1.6039731635E-03   -3.3016314721E+00    3.6743241274E-02
    2.3639980000E-02    9.6383699937E-01   -3.8857280890E-02   -3.5004011733E+00    3.7421947369E-02
    2.3679980000E-02    9.7950135967E-01   -6.8072893609E-02   -3.6605814710E+00    3.8295996083E-02
    2.3719980000E-02    9.9280057736E-01   -8.5533602901E-02   -3.7716079270E+00    3.9291404390E-02
    2.3759980000E-02    1.0006825834E+00   -9.2122034010E-02   -3.8238985663E+00    4.0369060791E-02
    2.3799980000E-02    1.0015044211E+00   -8.8847838015E-02   -3.8125674532E+00    4.1484475834E-02
    2.3839980000E-02    9.9547656369E-01   -7.5592306797E-02   -3.7384531382E+00    4.2587790645E-02
    2.3879980000E-02    9.8446380554E-01   -5.1271444586E-02   -3.6080346055E+00    4.3635738595E-02
    2.3919980000E-02    9.7112477675E-01   -1.5343300118E-02   -3.4315390982E+00    4.4569838920E-02
    2.3959980000E-02    9.5810975759E-01    3.1431861076E-02   -3.2167492778E+00    4.5268221643E-02
    2.3999980000E-02    9.4931802220E-01    8.6627916026E-02   -2.9683176272E+00    4.5685322004E-02
    2.4039980000E-02    9.5006348860E-01    1.4427468543E-01   -2.6993431834E+00    4.5844411913E-02
    2.4079980000E-02    9.6311882188E-01    1.9619912679E-01   -2.4300029264E+00    4.5718500447E-02
    2.4119980000E-02    9.8611524525E-01    2.3494703503E-01   -2.1842811017E+00    4.5282344308E-02
    2.4159980000E-02    1.0115006386E+00    2.5741736699E-01   -1.9884863586E+00    4.4555411019E-02
    2.4199980000E-02    1.0298028331E+00    2.6726831574E-01   -1.8643803642E+00    4.3618319199E-02
    2.4239980000E-02    1.0342694287E+00    2.7090320263E-01   -1.8249802817E+00    4.2589998309E-02
    2.4279980000E-02    1.0227662064E+00    2.7084148514E-01   -1.8738301710E+00    4.1600703184E-02
    2.4319980000E-02    9.9800507983E-01    2.6313759850E-01   -2.0050510049E+00    4.0771451246E-02
    2.4359980000E-02    9.6730572113E-01    2.4126835167E-01   -2.2040341666E+00    4.0193353868E-02
    2.4399980000E-02    9.4055279745E-01    2.0272619530E-01   -2.4481605807E+00    3.9913447437E-02
    2.4439980000E-02    9.2544090890E-01    1.5216843475E-01   -2.7101830665E+00    3.9935278626E-02
    2.4479980000E-02    9.2429521644E-01    9.8218670057E-02   -2.9650738178E+00    4.0227563187E-02
    2.4519980000E-02    9.3421682715E-01    4.9501182141E-02   -3.1916180972E+00    4.0745527776E-02
    2.4559980000E-02    9.4910206269E-01    1.1874986151E-02   -3.3738355520E+00    4.1434449033E-02
    2.4599980000E-02    9.6321131683E-01   -1.2804045851E-02   -3.5032380958E+00    4.2273107354E-02
    2.4639980000E-02    9.7294051506E-01   -2.5253573393E-02   -3.5763492760E+00    4.3238249399E-02
    2.4679980000E-02    9.7646224517E-01   -2.6655620954E-02   -3.5913046903E+00    4.4272811461E-02
    2.4719980000E-02    9.7321666767E-01   -1.7408680496E-02   -3.5475565889E+00    4.5306823363E-02
    2.4759980000E-02    9.6377394415E-01    3.1666160036E-03   -3.4459807796E+00    4.6269257573E-02
    2.4799980000E-02    9.5010223750E-01    3.6320302507E-02   -3.2882577963E+00    4.7113219092E-02
    2.4839980000E-02    9.3646688650E-01    8.2205071188E-02   -3.0787831640E+00    4.7825875282E-02
    2.4879980000E-02    9.2941464442E-01    1.3755887333E-01   -2.8282359090E+00    4.8346248736E-02
    2.4919980000E-02    9.3494230672E-01    1.9521758245E-01   -2.5539990334E+00    4.8592723481E-02
    2.4959980000E-02    9.5506365138E-01    2.4570870349E-01   -2.2787870302E+00    4.8520097521E-02
    2.4999980000E-02    9.8551372698E-01    2.8059631196E-01   -2.0308107589E+00    4.8129983825E-02
    2.5039980000E-02    1.0160584466E+00    2.9804804964E-01   -1.8385394114E+00    4.7457290312E-02
    2.5079980000E-02    1.0359535603E+00    3.0417579445E-01   -1.7231632179E+00    4.6580038189E-02
    2.5119980000E-02    1.0386236605E+00    3.0672318535E-01   -1.6967624967E+00    4.5624621229E-02
    2.5159980000E-02    1.0226392957E+00    3.0749005028E-01   -1.7614786956E+00    4.4733115974E-02
    2.5199980000E-02    9.9156882114E-01    3.0066678631E-01   -1.9094586912E+00    4.4030372480E-02
    2.5239980000E-02    9.5402113416E-01    2.7818862907E-01   -2.1242553369E+00    4.3590280103E-02
    2.5279980000E-02    9.2149691890E-01    2.3736117608E-01   -2.3816141076E+00    4.3425838773E-02
    2.5319980000E-02    9.0286071700E-01    1.8416149731E-01   -2.6512669714E+00    4.3525515920E-02
    2.5359980000E-02    9.0015923096E-01    1.2898297038E-01   -2.9052591455E+00    4.3864276480E-02
    2.5399980000E-02    9.0936201335E-01    8.1365046200E-02   -3.1210904987E+00    4.4412964336E-02
    2.5439980000E-02    9.2313797440E-01    4.7156379859E-02   -3.2823639781E+00    4.5141092565E-02
    2.5479980000E-02    9.3469892639E-01    2.7744706496E-02   -3.3807092814E+00    4.5989879676E-02
    2.5519980000E-02    9.3986636827E-01    2.2375256438E-02   -3.4126783386E+00    4.6898955862E-02
    2.5559980000E-02    9.3715836243E-01    3.0474052318E-02   -3.3771791047E+00    4.7820066120E-02
    2.5599980000E-02    9.2749428311E-01    5.2502637995E-02   -3.2749331505E+00    4.8702272685E-02
    2.5639980000E-02    9.1449993758E-01    8.9240448034E-02   -3.1088559892E+00    4.9475853676E-02
    2.5679980000E-02    9.0478407121E-01    1.3956588397E-01   -2.8863932194E+00    5.0068357542E-02
    2.5719980000E-02    9.0614782071E-01    1.9802841390E-01   -2.6227708771E+00    5.0437534913E-02
    2.5759980000E-02    9.2374291501E-01    2.5496658072E-01   -2.3401593300E+00    5.0553204715E-02
    2.5799980000E-02    9.5630022438E-01    2.9924821816E-01   -2.0677641513E+00    5.0405185158E-02
    2.5839980000E-02    9.9448187784E-01    3.2452067341E-01   -1.8373273197E+00    4.9987902861E-02
    2.5879980000E-02    1.0257346138E+00    3.3394209281E-01   -1.6740851741E+00    4.9324336870E-02
    2.5919980000E-02    1.0405356988E+00    3.3659212611E-01   -1.5951646458E+00    4.8506742878E-02
    2.5959980000E-02    1.0346159599E+00    3.3901456777E-01   -1.6086312815E+00    4.7673030200E-02
    2.5999980000E-02    1.0086283369E+00    3.3925046724E-01   -1.7121228332E+00    4.6962706072E-02
    2.6039980000E-02    9.6829564457E-01    3.2858631310E-01   -1.8936311404E+00    4.6477685522E-02
    2.6079980000E-02    9.2425243595E-01    2.9918780088E-01   -2.1338662561E+00    4.6250740454E-02
    2.6119980000E-02    8.8903120447E-01    2.5099323420E-01   -2.4063634739E+00    4.6254096314E-02
    2.6159980000E-02    8.7073890682E-01    1.9298251080E-01   -2.6786776026E+00    4.6443016456E-02
    2.6199980000E-02    8.6931349955E-01    1.3712694206E-01   -2.9218534342E+00    4.6782688063E-02
    2.6239980000E-02    8.7839927740E-01    9.2977639652E-02   -3.1132203134E+00    4.7244844586E-02
    2.6279980000E-02    8.8925125610E-01    6.5576604464E-02   -3.2365127942E+00    4.7805761606E-02
    2.6319980000E-02    8.9500286450E-01    5.5834554757E-02   -3.2836317441E+00    4.8432835648E-02
    2.6359980000E-02    8.9271112833E-01    6.3375729483E-02   -3.2521866668E+00    4.9074095273E-02
    2.6399980000E-02    8.8370397521E-01    8.8392743370E-02   -3.1433759329E+00    4.9672163537E-02
    2.6439980000E-02    8.7352970057E-01    1.3064619727E-01   -2.9632123608E+00    5.0182771832E-02
    2.6479980000E-02    8.7075430903E-01    1.8658329438E-01   -2.7252381247E+00    5.0574717425E-02
    2.6519980000E-02    8.8323143546E-01    2.4789495240E-01   -2.4500929459E+00    5.0818339550E-02
    2.6559980000E-02    9.1361839079E-01    3.0272940476E-01   -2.1653310405E+00    5.0885837249E-02
    2.6599980000E-02    9.5586652389E-01    3.4047663634E-01   -1.9040061085E+00    5.0741121596E-02
    2.6639980000E-02    9.9764254215E-01    3.5875589510E-01   -1.6946529616E+00    5.0362928873E-02
    2.6679980000E-02    1.0269070404E+00    3.6414322213E-01   -1.5582350744E+00    4.9787816638E-02
    2.6719980000E-02    1.0361146642E+00    3.6612616248E-01   -1.5086627997E+00    4.9114171039E-02
    2.6759980000E-02    1.0227602868E+00    3.6892270417E-01   -1.5506300752E+00    4.8470947179E-02
    2.6799980000E-02    9.8883911240E-01    3.6776505793E-01   -1.6786917147E+00    4.7975105283E-02
    2.6839980000E-02    9.4132391088E-01    3.5298265193E-01   -1.8788359746E+00    4.7693074131E-02
    2.6879980000E-02    8.9176813164E-01    3.1786158297E-01   -2.1311343195E+00    4.7627427870E-02
    2.6919980000E-02    8.5286305211E-01    2.6422052894E-01   -2.4090846201E+00    4.7731726696E-02
    2.6959980000E-02    8.3232607790E-01    2.0243247941E-01   -2.6801368933E+00    4.7936284482E-02
    2.6999980000E-02    8.2919124348E-01    1.4513494158E-01   -2.9149701528E+00    4.8199121375E-02
    2.7039980000E-02    8.3613625119E-01    1.0193747079E-01   -3.0908230247E+00    4.8507660933E-02
    2.7079980000E-02    8.4399275239E-01    7.7722201747E-02   -3.1919119508E+00    4.8846569637E-02
    2.7119980000E-02    8.4630421316E-01    7.3648788760E-02   -3.2104335256E+00    4.9200009912E-02
    2.7159980000E-02    8.4156365318E-01    8.9722638479E-02   -3.1450147992E+00    4.9553444819E-02
    2.7199980000E-02    8.3351171634E-01    1.2557192680E-01   -3.0000833902E+00    4.9888773749E-02
    2.7239980000E-02    8.3013536079E-01    1.7853501394E-01   -2.7872195362E+00    5.0183266100E-02
    2.7279980000E-02    8.4035233816E-01    2.4150677163E-01   -2.5256070213E+00    5.0422128448E-02
    2.7319980000E-02    8.6914407804E-01    3.0313117557E-01   -2.2411632923E+00    5.0584303881E-02
    2.7359980000E-02    9.1320663422E-01    3.5115354570E-01   -1.9660684200E+00    5.0617393624E-02
    2.7399980000E-02    9.6161388544E-01    3.7928469671E-01   -1.7302189034E+00    5.0478797104E-02
    2.7439980000E-02    1.0016352730E+00    3.9041408075E-01   -1.5560353490E+00    5.0169747261E-02
    2.7479980000E-02    1.0236296048E+00    3.9336782465E-01   -1.4600559956E+00    4.9739287504E-02
    2.7519980000E-02    1.0227874432E+00    3.9586756036E-01   -1.4515031355E+00    4.9280432918E-02
    2.7559980000E-02    9.9864350480E-01    3.9804195863E-01   -1.5304779949E+00    4.8899191545E-02
    2.7599980000E-02    9.5490214215E-01    3.9230690107E-01   -1.6882273828E+00    4.8670209990E-02
    2.7639980000E-02    9.0013883485E-01    3.6935705449E-01   -1.9093227353E+00    4.8608016083E-02
    2.7679980000E-02    8.4657097389E-01    3.2510613469E-01   -2.1735314984E+00    4.8678150051E-02
    2.7719980000E-02    8.0626380408E-01    2.6417748762E-01   -2.4541816290E+00    4.8805546372E-02
    2.7759980000E-02    7.8544479793E-01    1.9821161818E-01   -2.7200191453E+00    4.8909325562E-02
    2.7799980000E-02    7.8168767224E-01    1.3974908813E-01   -2.9431431018E+00    4.8962941677E-02
    2.7839980000E-02    7.8681888528E-01    9.8152427250E-02   -3.1008103948E+00    4.8992962346E-02
    2.7879980000E-02    7.9190676404E-01    7.8063803392E-02   -3.1779853254E+00    4.9026178514E-02
    2.7919980000E-02    7.9172525399E-01    8.0609791172E-02   -3.1684833422E+00    4.9065027488E-02
    2.7959980000E-02    7.8656815164E-01    1.0561849804E-01   -3.0730481080E+00    4.9102877486E-02
    2.7999980000E-02    7.8212001663E-01    1.5144086188E-01   -2.8995662024E+00    4.9141149009E-02
    2.8039980000E-02    7.8728617620E-01    2.1276149204E-01   -2.6647195828E+00    4.9204078745E-02
    2.8079980000E-02    8.0949834183E-01    2.7989626059E-01   -2.3920523189E+00    4.9309859316E-02
    2.8119980000E-02    8.4981367001E-01    3.4058302566E-01   -2.1102041842E+00    4.9429887225E-02
    2.8159980000E-02    9.0092313339E-01    3.8458691690E-01   -1.8496958202E+00    4.9503455028E-02
    2.8199980000E-02    9.5096043513E-01    4.0904057254E-01   -1.6350641144E+00    4.9491948360E-02
    2.8239980000E-02    9.8856896073E-01    4.1875881684E-01   -1.4845028585E+00    4.9391543242E-02
    2.8279980000E-02    1.0060681168E+00    4.2214355065E-01   -1.4108050700E+00    4.9231034152E-02
    2.8319980000E-02    1.0001360998E+00    4.2481705637E-01   -1.4199962861E+00    4.9077121171E-02
    2.8359980000E-02    9.7101064643E-01    4.2526433315E-01   -1.5105206913E+00    4.9002827897E-02
    2.8399980000E-02    9.2270000671E-01    4.1582326116E-01   -1.6739855703E+00    4.9040696191E-02
    2.8439980000E-02    8.6361466917E-01    3.8815873502E-01   -1.8968143215E+00    4.9164789434E-02
    2.8479980000E-02    8.0539548984E-01    3.3897697526E-01   -2.1611004590E+00    4.9310764503E-02
    2.8519980000E-02    7.5979829344E-01    2.7273540523E-01   -2.4435031296E+00    4.9377754332E-02
    2.8559980000E-02    7.3384748055E-01    2.0046554523E-01   -2.7155669441E+00    4.9294331219E-02
    2.8599980000E-02    7.2626790048E-01    1.3478681115E-01   -2.9495758302E+00    4.9063284456E-02
    2.8639980000E-02    7.2939709386E-01    8.6199145502E-02   -3.1203235558E+00    4.8720806397E-02
    2.8679980000E-02    7.3404695837E-01    6.0938889017E-02   -3.2091752706E+00    4.8324581284E-02
    2.8719980000E-02    7.3438952567E-01    6.1007588276E-02   -3.2078827901E+00    4.7919463169E-02
    2.8759980000E-02    7.3022321410E-01    8.6202765041E-02   -3.1169376909E+00    4.7534414757E-02
    2.8799980000E-02    7.2685463151E-01    1.3422468423E-01   -2.9455101334E+00    4.7209299755E-02
    2.8839980000E-02    7.3294893109E-01    1.9893416003E-01   -2.7127059473E+00    4.6993148448E-02
    2.8879980000E-02    7.5562041688E-01    2.7039920895E-01   -2.4436722081E+00    4.6915937983E-02
    2.8919980000E-02    7.9586925923E-01    3.3696773395E-01   -2.1660069200E+00    4.6989227063E-02
    2.8959980000E-02    8.4716714771E-01    3.8875393293E-01   -1.9073329244E+00    4.7169888572E-02
    2.8999980000E-02    8.9887715307E-01    4.2186007746E-01   -1.6894760268E+00    4.7393810806E-02
    2.9039980000E-02    9.4050754579E-01    4.3890425453E-01   -1.5285379068E+00    4.7628475687E-02
    2.9079980000E-02    9.6441135272E-01    4.4629789974E-01   -1.4355322933E+00    4.7861574974E-02
    2.9119980000E-02    9.6663615037E-01    4.4962037735E-01   -1.4162767966E+00    4.8108436486E-02
    2.9159980000E-02    9.4630516025E-01    4.4972600333E-01   -1.4715575346E+00    4.8402031762E-02
    2.9199980000E-02    9.0534971366E-01    4.4200078574E-01   -1.5975933015E+00    4.8753554249E-02
    2.9239980000E-02    8.4923140491E-01    4.1907477466E-01   -1.7865037128E+00    4.9127973809E-02
    2.9279980000E-02    7.8714153163E-01    3.7541655013E-01   -2.0262152799E+00    4.9457203350E-02
    2.9319980000E-02    7.3026454851E-01    3.1088957245E-01   -2.3010455956E+00    4.9644250328E-02
    2.9359980000E-02    6.8912380740E-01    2.3212423700E-01   -2.5897836958E+00    4.9589628467E-02
    2.9399980000E-02    6.6872347480E-01    1.5122897676E-01   -2.8645207278E+00    4.9284560395E-02
    2.9439980000E-02    6.6552848233E-01    8.0871522034E-02   -3.0965143189E+00    4.8762756945E-02
    2.9479980000E-02    6.7086643541E-01    3.0674819674E-02   -3.2611086292E+00    4.8044287054E-02
    2.9519980000E-02    6.7599321501E-01    6.0300087708E-03   -3.3414845258E+00    4.7217762819E-02
    2.9559980000E-02    6.7607154214E-01    8.5415076328E-03   -3.3309178873E+00    4.6376054046E-02
    2.9599980000E-02    6.7142870947E-01    3.7653703734E-02   -3.2311118061E+00    4.5596736845E-02
    2.9639980000E-02    6.6730706650E-01    9.0548632580E-02   -3.0524627246E+00    4.4966147394E-02
    2.9679980000E-02    6.7193125846E-01    1.6084975061E-01   -2.8147335043E+00    4.4545313020E-02
    2.9719980000E-02    6.9233581546E-01    2.3885474063E-01   -2.5435016678E+00    4.4344462435E-02
    2.9759980000E-02    7.2956954287E-01    3.1289905548E-01   -2.2678674485E+00    4.4405355063E-02
    2.9799980000E-02    7.7748114177E-01    3.7335511125E-01   -2.0140043921E+00    4.4707151497E-02
    2.9839980000E-02    8.2656723795E-01    4.1611134959E-01   -1.8000503463E+00    4.5180341244E-02
    2.9879980000E-02    8.6748472862E-01    4.4223708922E-01   -1.6389496537E+00    4.5777027167E-02
    2.9919980000E-02    8.9298636449E-01    4.5593068211E-01   -1.5398464620E+00    4.6460713833E-02
    2.9959980000E-02    8.9889607543E-01    4.6138527455E-01   -1.5076218125E+00    4.7206646753E-02
    2.9999980000E-02    8.8380068924E-01    4.5985323688E-01   -1.5437144588E+00    4.8000383754E-02
    3.0039980000E-02    8.4874968738E-01    4.4860679624E-01   -1.6467899915E+00    4.8819145443E-02
    3.0079980000E-02    7.9784204832E-01    4.2221470896E-01   -1.8123849171E+00    4.9612858387E-02
    3.0119980000E-02    7.3860217457E-01    3.7560098771E-01   -2.0325616241E+00    5.0305785976E-02
    3.0159980000E-02    6.8101011716E-01    3.0711392571E-01   -2.2968394834E+00    5.0819760783E-02
    3.0199980000E-02    6.3593745904E-01    2.2059268674E-01   -2.5910106320E+00    5.1029324322E-02
    3.0239980000E-02    6.1108329765E-01    1.2650612754E-01   -2.8910097084E+00    5.0820174070E-02
    3.0279980000E-02    6.0612452150E-01    3.7818873449E-02   -3.1668945976E+00    5.0203437706E-02
    3.0319980000E-02    6.1416608564E-01   -3.4832404434E-02   -3.3920193650E+00    4.9219736365E-02
    3.0359980000E-02    6.2583710628E-01   -8.3687507942E-02   -3.5440472014E+00    4.7969828635E-02
    3.0399980000E-02    6.3361949249E-01   -1.0616353899E-01   -3.6132921463E+00    4.6596260862E-02
    3.0439980000E-02    6.3401340483E-01   -1.0251872475E-01   -3.5984294255E+00    4.5223394264E-02
    3.0479980000E-02    6.2749576555E-01   -7.3355758366E-02   -3.5010998672E+00    4.3960966661E-02
    3.0519980000E-02    6.1838797110E-01   -2.0045477509E-02   -3.3272010827E+00    4.2927878251E-02
    3.0559980000E-02    6.1409718841E-01    5.2601032766E-02   -3.0928901259E+00    4.2229627009E-02
    3.0599980000E-02    6.2189808985E-01    1.3582451976E-01   -2.8238747726E+00    4.1909425789E-02
    3.0639980000E-02    6.4482646644E-01    2.1939990258E-01   -2.5476048007E+00    4.2005122838E-02
    3.0679980000E-02    6.7959263262E-01    2.9281619989E-01   -2.2926005206E+00    4.2509450307E-02
    3.0719980000E-02    7.1873936266E-01    3.5009740516E-01   -2.0770502482E+00    4.3315524119E-02
    3.0759980000E-02    7.5428334620E-01    3.9021907214E-01   -1.9102321746E+00    4.4340797196E-02
    3.0799980000E-02    7.7910705308E-01    4.1454977387E-01   -1.7999581439E+00    4.5545384959E-02
    3.0839980000E-02    7.8828054237E-01    4.2525534132E-01   -1.7515717160E+00    4.6884574816E-02
    3.0879980000E-02    7.7959639487E-01    4.2336979845E-01   -1.7674013963E+00    4.8308246704E-02
    3.0919980000E-02    7.5354154427E-01    4.0761126739E-01   -1.8472932677E+00    4.9759504163E-02
    3.0959980000E-02    7.1351308632E-01    3.7478227546E-01   -1.9886553076E+00    5.1166015590E-02
    3.0999980000E-02    6.6598918444E-01    3.2163143811E-01   -2.1863395215E+00    5.2447375675E-02
    3.1039980000E-02    6.1951673079E-01    2.4663616879E-01   -2.4352336722E+00    5.3497952758E-02
    3.1079980000E-02    5.8357689489E-01    1.5194309337E-01   -2.7286598214E+00    5.4156523345E-02
    3.1119980000E-02    5.6646047718E-01    4.6935314579E-02   -3.0447764663E+00    5.4305755626E-02
    3.1159980000E-02    5.7013274219E-01   -5.6742845246E-02   -3.3548220133E+00    5.3935796686E-02
    3.1199980000E-02    5.9057869865E-01   -1.4883255507E-01   -3.6320284052E+00    5.3024637946E-02
    3.1239980000E-02    6.1935712411E-01   -2.2095481202E-01   -3.8544980733E+00    5.1720348611E-02
    3.1279980000E-02    6.4718297025E-01   -2.7001321776E-01   -4.0122543808E+00    5.0205908070E-02
    3.1319980000E-02    6.6744381175E-01   -2.9752628053E-01   -4.1047659628E+00    4.8590201656E-02
    3.1359980000E-02    6.7644266867E-01   -3.0584675383E-01   -4.1331635978E+00    4.6959595186E-02
    3.1399980000E-02    6.7305136061E-01   -2.9627164141E-01   -4.0982353957E+00    4.5392438606E-02
    3.1439980000E-02    6.5860966032E-01   -2.6870183212E-01   -4.0008944085E+00    4.3961343427E-02
    3.1479980000E-02    6.3679524037E-01   -2.2209605476E-01   -3.8422370927E+00    4.2736156457E-02
    3.1519980000E-02    6.1371554425E-01   -1.5635684940E-01   -3.6264412306E+00    4.1798765165E-02
    3.1559980000E-02    5.9711251629E-01   -7.5661203373E-02   -3.3682743662E+00    4.1255781358E-02
    3.1599980000E-02    5.9277270555E-01    1.1532252549E-02   -3.0925763989E+00    4.1167112074E-02
    3.1639980000E-02    6.0161950719E-01    9.5715638513E-02   -2.8257316768E+00    4.1541964129E-02
    3.1679980000E-02    6.1961431080E-01    1.6789931388E-01   -2.5933118607E+00    4.2363738670E-02
    3.1719980000E-02    6.3950382979E-01    2.2172965220E-01   -2.4153799422E+00    4.3521424053E-02
    3.1759980000E-02    6.5425928370E-01    2.5515741316E-01   -2.3013301487E+00    4.4905677340E-02
    3.1799980000E-02    6.5930472959E-01    2.6863820066E-01   -2.2536184297E+00    4.6438199443E-02
    3.1839980000E-02    6.5279136906E-01    2.6240902188E-01   -2.2730760857E+00    4.8044345392E-02
    3.1879980000E-02    6.3554958778E-01    2.3542112832E-01   -2.3606695424E+00    4.9644856880E-02
    3.1919980000E-02    6.1129696696E-01    1.8574608342E-01   -2.5172519092E+00    5.1152247182E-02
    3.1959980000E-02    5.8694785442E-01    1.1288242139E-01   -2.7401884540E+00    5.2439758616E-02
    3.1999980000E-02    5.7170358346E-01    2.0783496649E-02   -3.0175180337E+00    5.3299353131E-02
    3.2039980000E-02    5.7365372779E-01   -8.2008829645E-02   -3.3264091253E+00    5.3633753467E-02
    3.2079980000E-02    5.9652031768E-01   -1.8484875307E-01   -3.6393775369E+00    5.3469655772E-02
    3.2119980000E-02    6.3744278999E-01   -2.7562091510E-01   -3.9273529684E+00    5.2811829903E-02
    3.2159980000E-02    6.8762545096E-01   -3.4610627391E-01   -4.1716443627E+00    5.1802885916E-02
    3.2199980000E-02    7.3738616439E-01   -3.9481150689E-01   -4.3654456789E+00    5.0597720709E-02
    3.2239980000E-02    7.7799733841E-01   -4.2367228777E-01   -4.5020510463E+00    4.9285227210E-02
    3.2279980000E-02    8.0330321734E-01   -4.3652810299E-01   -4.5763238393E+00    4.7943354852E-02
    3.2319980000E-02    8.1029273153E-01   -4.3676060974E-01   -4.5858479270E+00    4.6638249645E-02
    3.2359980000E-02    7.9877768732E-01   -4.2543748307E-01   -4.5306127883E+00    4.5417807987E-02
    3.2399980000E-02    7.7121694603E-01   -4.0107135737E-01   -4.4131645258E+00    4.4326572447E-02
    3.2439980000E-02    7.3281069571E-01   -3.6101042824E-01   -4.2391736992E+00    4.3407879401E-02
    3.2479980000E-02    6.9107259170E-01   -3.0366990875E-01   -4.0172475415E+00    4.2697705633E-02
    3.2519980000E-02    6.5443945573E-01   -2.3036330580E-01   -3.7582005377E+00    4.2272625404E-02
    3.2559980000E-02    6.3043904065E-01   -1.4748237382E-01   -3.4812389920E+00    4.2235150647E-02
    3.2599980000E-02    6.2199136545E-01   -6.5842985183E-02   -3.2152908166E+00    4.2588202457E-02
    3.2639980000E-02    6.2551264807E-01    4.3398412171E-03   -2.9875037488E+00    4.3291819824E-02
    3.2679980000E-02    6.3353220772E-01    5.4461224650E-02   -2.8230332069E+00    4.4289897497E-02
    3.2719980000E-02    6.3869022450E-01    7.9624146815E-02   -2.7384033043E+00    4.5478970058E-02
    3.2759980000E-02    6.3708235007E-01    7.8279364467E-02   -2.7398178554E+00    4.6749628793E-02
    3.2799980000E-02    6.2899763945E-01    4.9895415508E-02   -2.8283466752E+00    4.7995872736E-02
    3.2839980000E-02    6.1909446008E-01   -4.8621538777E-03   -2.9997853335E+00    4.9096554298E-02
    3.2879980000E-02    6.1584457128E-01   -8.1359905174E-02   -3.2389693585E+00    4.9919858724E-02
    3.2919980000E-02    6.2828153015E-01   -1.7066956182E-01   -3.5215392710E+00    5.0387418872E-02
    3.2959980000E-02    6.6158534630E-01   -2.6124355216E-01   -3.8199641110E+00    5.0471716141E-02
    3.2999980000E-02    7.1306494937E-01   -3.4005331312E-01   -4.1045252274E+00    5.0192142654E-02
    3.3039980000E-02    7.7315192226E-01   -3.9886854740E-01   -4.3546587900E+00    4.9674496663E-02
    3.3079980000E-02    8.3098905055E-01   -4.3599434864E-01   -4.5571888532E+00    4.9015117694E-02
    3.3119980000E-02    8.7724027575E-01   -4.5473311438E-01   -4.7018947880E+00    4.8293359599E-02
    3.3159980000E-02    9.0552170433E-01   -4.6095029153E-01   -4.7816715330E+00    4.7574120963E-02
    3.3199980000E-02    9.1294582322E-01   -4.5960565544E-01   -4.7930845352E+00    4.6891542913E-02
    3.3239980000E-02    8.9937679998E-01   -4.5203935007E-01   -4.7356914276E+00    4.6256329281E-02
    3.3279980000E-02    8.6715178017E-01   -4.3549563686E-01   -4.6121163273E+00    4.5678969088E-02
    3.3319980000E-02    8.2162406394E-01   -4.0505659965E-01   -4.4289716033E+00    4.5184583514E-02
    3.3359980000E-02    7.7113169782E-01   -3.5709676188E-01   -4.1973312100E+00    4.4810652883E-02
    3.3399980000E-02    7.2550980622E-01   -2.9221841871E-01   -3.9323360160E+00    4.4614206372E-02
    3.3439980000E-02    6.9361933925E-01   -2.1676044712E-01   -3.6555519792E+00    4.4658010100E-02
    3.3479980000E-02    6.7920796887E-01   -1.4163882610E-01   -3.3950364754E+00    4.4926229081E-02
    3.3519980000E-02    6.7853741432E-01   -7.8097859647E-02   -3.1787097815E+00    4.5388332196E-02
    3.3559980000E-02    6.8346852943E-01   -3.4767710548E-02   -3.0304884574E+00    4.6025518984E-02
    3.3599980000E-02    6.8649760384E-01   -1.6518965770E-02   -2.9665970749E+00    4.6765892302E-02
    3.3639980000E-02    6.8422011523E-01   -2.5064985935E-02   -2.9936535934E+00    4.7533060630E-02
    3.3679980000E-02    6.7849554422E-01   -6.0165286828E-02   -3.1099762591E+00    4.8252089943E-02
    3.3719980000E-02    6.7618214916E-01   -1.1878162279E-01   -3.3045639722E+00    4.8832726995E-02
    3.3759980000E-02    6.8659012982E-01   -1.9352594474E-01   -3.5564721548E+00    4.9222337573E-02
    3.3799980000E-02    7.1660354920E-01   -2.7314222840E-01   -3.8388574081E+00    4.9403049857E-02
    3.3839980000E-02    7.6594895534E-01   -3.4471108423E-01   -4.1229317245E+00    4.9341594137E-02
    3.3879980000E-02    8.2642517971E-01   -3.9822048892E-01   -4.3831698926E+00    4.9099226289E-02
    3.3919980000E-02    8.8672547149E-01   -4.3021954458E-01   -4.6006526633E+00    4.8783638735E-02
    3.3959980000E-02    9.3617733137E-01   -4.4379154525E-01   -4.7607271773E+00    4.8474969048E-02
    3.3999980000E-02    9.6717591975E-01   -4.4614692202E-01   -4.8527807757E+00    4.8223583663E-02
    3.4039980000E-02    9.7601852865E-01   -4.4400750355E-01   -4.8704474959E+00    4.8034587051E-02
    3.4079980000E-02    9.6220827400E-01   -4.3940240418E-01   -4.8120203139E+00    4.7872716579E-02
    3.4119980000E-02    9.2817835812E-01   -4.2852578837E-01   -4.6811154920E+00    4.7702769759E-02
    3.4159980000E-02    8.7995690887E-01   -4.0446799546E-01   -4.4867922349E+00    4.7519477943E-02
    3.4199980000E-02    8.2715499096E-01   -3.6214151445E-01   -4.2433379467E+00    4.7341061775E-02
    3.4239980000E-02    7.8095290248E-01   -3.0227135123E-01   -3.9703876906E+00    4.7213578974E-02
    3.4279980000E-02    7.5033733950E-01   -2.3252815686E-01   -3.6940431769E+00    4.7200326236E-02
    3.4319980000E-02    7.3775110582E-01   -1.6444968313E-01   -3.4427902671E+00    4.7318109752E-02
    3.4359980000E-02    7.3821364081E-01   -1.0897329635E-01   -3.2426716701E+00    4.7546617704E-02
    3.4399980000E-02    7.4303798551E-01   -7.3931099189E-02   -3.1157319228E+00    4.7842244307E-02
    3.4439980000E-02    7.4500828356E-01   -6.2945584386E-02   -3.0751265654E+00    4.8163520435E-02
    3.4479980000E-02    7.4182839257E-01   -7.6904240554E-02   -3.1247518035E+00    4.8488712215E-02
    3.4519980000E-02    7.3697318397E-01   -1.1500589777E-01   -3.2604716348E+00    4.8791460915E-02
    3.4559980000E-02    7.3861453021E-01   -1.7319529791E-01   -3.4684462741E+00    4.9021012221E-02
    3.4599980000E-02    7.5568947444E-01   -2.4275973628E-01   -3.7259254589E+00    4.9128224892E-02
    3.4639980000E-02    7.9273410932E-01   -3.1177410496E-01   -4.0064200493E+00    4.9097806372E-02
    3.4679980000E-02    8.4620521162E-01   -3.6786404742E-01   -4.2808754701E+00    4.8974515322E-02
    3.4719980000E-02    9.0564464957E-01   -4.0337834104E-01   -4.5227619329E+00    4.8857703843E-02
    3.4759980000E-02    9.5881463969E-01   -4.1862227439E-01   -4.7116636574E+00    4.8822247452E-02
    3.4799980000E-02    9.9564977082E-01   -4.2057783287E-01   -4.8318185511E+00    4.8905464314E-02
    3.4839980000E-02    1.0103554336E+00   -4.1806132475E-01   -4.8722446610E+00    4.9091996171E-02
    3.4879980000E-02    1.0013368419E+00   -4.1538743235E-01   -4.8285078601E+00    4.9313584805E-02
    3.4919980000E-02    9.7057149693E-01   -4.0922265626E-01   -4.7039832685E+00    4.9490501942E-02
    3.4959980000E-02    9.2421495563E-01   -3.9127497467E-01   -4.5095568364E+00    4.9572992367E-02
    3.4999980000E-02    8.7270769445E-01   -3.5469724678E-01   -4.2619809974E+00    4.9549806319E-02
    3.5039980000E-02    8.2833400111E-01   -2.9944815347E-01   -3.9837746106E+00    4.9442546230E-02
    3.5079980000E-02    8.0054637576E-01   -2.3374598205E-01   -3.7045090281E+00    4.9308661867E-02
    3.5119980000E-02    7.9099235263E-01   -1.6993119050E-01   -3.4544793795E+00    4.9193879184E-02
    3.5159980000E-02    7.9375508328E-01   -1.1875900764E-01   -3.2587041028E+00    4.9096606768E-02
    3.5199980000E-02    7.9982384925E-01   -8.6859492766E-02   -3.1360399769E+00    4.8996320264E-02
    3.5239980000E-02    8.0209126852E-01   -7.6682330281E-02   -3.0968586920E+00    4.8891322266E-02
    3.5279980001E-02    7.9835182677E-01   -8.8661929608E-02   -3.1440311007E+00    4.8789893630E-02
    3.5319980001E-02    7.9197373747E-01   -1.2235417010E-01   -3.2740288187E+00    4.8697487084E-02
    3.5359980001E-02    7.9091264973E-01   -1.7481841576E-01   -3.4754171086E+00    4.8603910615E-02
    3.5399980001E-02    8.0419142804E-01   -2.3851850666E-01   -3.7282010523E+00    4.8483529202E-02
    3.5439980001E-02    8.3683659441E-01   -3.0186265841E-01   -4.0064423347E+00    4.8342903195E-02
    3.5479980001E-02    8.8585207400E-01   -3.5219538732E-01   -4.2791834457E+00    4.8248124052E-02
    3.5519980001E-02    9.4060200092E-01   -3.8193533203E-01   -4.5170280554E+00    4.8280274289E-02
    3.5559980001E-02    9.8838608939E-01   -3.9237779424E-01   -4.6975525709E+00    4.8483273753E-02
    3.5599980001E-02    1.0191157755E+00   -3.9171449444E-01   -4.8034723988E+00    4.8856315699E-02
    3.5639980001E-02    1.0274577667E+00   -3.8893209273E-01   -4.8234208547E+00    4.9338563435E-02
    3.5679980001E-02    1.0126104255E+00   -3.8669003529E-01   -4.7544918607E+00    4.9825829843E-02
    3.5719980001E-02    9.7792827433E-01   -3.7920740324E-01   -4.6032093047E+00    5.0212536656E-02
    3.5759980001E-02    9.3166100788E-01   -3.5712481114E-01   -4.3842434307E+00    5.0430125498E-02
    3.5799980001E-02    8.8597625537E-01   -3.1518995751E-01   -4.1183399100E+00    5.0460711906E-02
    3.5839980001E-02    8.5296380221E-01   -2.5695254808E-01   -3.8334350356E+00    5.0334250985E-02
    3.5879980001E-02    8.3842145563E-01   -1.9362017370E-01   -3.5622852108E+00    5.0103692348E-02
    3.5919980001E-02    8.3933281524E-01   -1.3725722400E-01   -3.3327100390E+00    4.9798906578E-02
    3.5959980001E-02    8.4743729820E-01   -9.6208099213E-02   -3.1656250732E+00    4.9438067549E-02
    3.5999980001E-02    8.5408873073E-01   -7.4181161315E-02   -3.0748204216E+00    4.9047283337E-02
    3.6039980001E-02    8.5409346217E-01   -7.1852272243E-02   -3.0666193872E+00    4.8649381758E-02
    3.6079980001E-02    8.4728250343E-01   -8.9265145980E-02   -3.1414144842E+00    4.8263640620E-02
    3.6119980001E-02    8.3856609698E-01   -1.2598499199E-01   -3.2937732144E+00    4.7907972997E-02
    3.6159980001E-02    8.3656315306E-01   -1.7876206313E-01   -3.5107268830E+00    4.7602580055E-02
    3.6199980001E-02    8.4973100943E-01   -2.3967053958E-01   -3.7718526484E+00    4.7364946319E-02
    3.6239980001E-02    8.8167797695E-01   -2.9690466906E-01   -4.0504228467E+00    4.7223337931E-02
    3.6279980001E-02    9.2773352810E-01   -3.3855866372E-01   -4.3139597530E+00    4.7239099268E-02
    3.6319980001E-02    9.7627870852E-01   -3.5956764264E-01   -4.5331121701E+00    4.7468234742E-02
    3.6359980001E-02    1.0148909898E+00   -3.6417933550E-01   -4.6859251114E+00    4.7924354361E-02
    3.6399980001E-02    1.0349220009E+00   -3.6186349435E-01   -4.7562069320E+00    4.8558906631E-02
    3.6439980001E-02    1.0328283795E+00   -3.5965118333E-01   -4.7355060606E+00    4.9264565707E-02
    3.6479980001E-02    1.0096945910E+00   -3.5612453921E-01   -4.6252918229E+00    4.9909342210E-02
    3.6519980001E-02    9.7146791808E-01   -3.4270399735E-01   -4.4368532201E+00    5.0378388787E-02
    3.6559980001E-02    9.2903943478E-01   -3.1116583631E-01   -4.1891864495E+00    5.0612761538E-02
    3.6599980001E-02    8.9523034676E-01   -2.6093264170E-01   -3.9086353902E+00    5.0618218997E-02
    3.6639980001E-02    8.7833098797E-01   -2.0070290877E-01   -3.6279007696E+00    5.0426388059E-02
    3.6679980001E-02    8.7792730997E-01   -1.4251123985E-01   -3.3763906551E+00    5.0063351898E-02
    3.6719980001E-02    8.8730868463E-01   -9.5773576848E-02   -3.1762741179E+00    4.9557776734E-02
    3.6759980001E-02    8.9782036169E-01   -6.5285620934E-02   -3.0430214755E+00    4.8939034643E-02
    3.6799980001E-02    9.0290876893E-01   -5.1806746749E-02   -2.9841818861E+00    4.8250464494E-02
    3.6839980001E-02    8.9992667275E-01   -5.4920270035E-02   -3.0019483237E+00    4.7553612130E-02
    3.6879980001E-02    8.9018322981E-01   -7.4909611624E-02   -3.0954579342E+00    4.6911429390E-02
    3.6919980001E-02    8.7884250004E-01   -1.1193524534E-01   -3.2598414141E+00    4.6370731340E-02
    3.6959980001E-02    8.7407561338E-01   -1.6316634830E-01   -3.4829104080E+00    4.5957431900E-02
    3.6999980001E-02    8.8366484943E-01   -2.2102709129E-01   -3.7447374266E+00    4.5695737639E-02
    3.7039980001E-02    9.1078811707E-01   -2.7446592158E-01   -4.0198079663E+00    4.5616036601E-02
    3.7079980001E-02    9.5110711499E-01   -3.1243359047E-01   -4.2764993009E+00    4.5754593514E-02
    3.7119980001E-02    9.9341030221E-01   -3.3070512398E-01   -4.4849552254E+00    4.6147505977E-02
    3.7159980001E-02    1.0257703726E+00   -3.3422222154E-01   -4.6229189055E+00    4.6790025034E-02
    3.7199980001E-02    1.0402573439E+00   -3.3215062740E-01   -4.6750952527E+00    4.7605922226E-02
    3.7239980001E-02    1.0341285443E+00   -3.2986504454E-01   -4.6348616435E+00    4.8466343787E-02
    3.7279980001E-02    1.0095391716E+00   -3.2412348784E-01   -4.5059253089E+00    4.9227941954E-02
    3.7319980001E-02    9.7382237307E-01   -3.0606416004E-01   -4.3017825126E+00    4.9773333900E-02
    3.7359980001E-02    9.3869682755E-01   -2.6939501063E-01   -4.0443253355E+00    5.0049203551E-02
    3.7399980001E-02    9.1541926270E-01   -2.1671727176E-01   -3.7632553781E+00    5.0050500436E-02
    3.7439980001E-02    9.0844899647E-01   -1.5790423588E-01   -3.4894057165E+00    4.9778190764E-02
    3.7479980001E-02    9.1490130609E-01   -1.0342795386E-01   -3.2471177415E+00    4.9257589561E-02
    3.7519980001E-02    9.2778854014E-01   -6.0492267130E-02   -3.0542506333E+00    4.8530337226E-02
    3.7559980001E-02    9.3985697617E-01   -3.1775109728E-02   -2.9209639262E+00    4.7668506125E-02
    3.7599980001E-02    9.4634947501E-01   -1.6979695709E-02   -2.8517989625E+00    4.6747232689E-02
    3.7639980001E-02    9.4522070943E-01   -1.5289196176E-02   -2.8485637442E+00    4.5816955664E-02
    3.7679980001E-02    9.3668864650E-01   -2.6734386681E-02   -2.9111369581E+00    4.4918532104E-02
    3.7719980001E-02    9.2321004846E-01   -5.2176908394E-02   -3.0373973726E+00    4.4097096594E-02
    3.7759980001E-02    9.0990690044E-01   -9.1869222097E-02   -3.2223159698E+00    4.3414672887E-02
    3.7799980001E-02    9.0394914630E-01   -1.4297201729E-01   -3.4549397798E+00    4.2929231638E-02
    3.7839980001E-02    9.1162992867E-01   -1.9818810357E-01   -3.7165947049E+00    4.2672115787E-02
    3.7879980001E-02    9.3489112019E-01   -2.4754792963E-01   -3.9834168886E+00    4.2675490943E-02
    3.7919980001E-02    9.6924879149E-01   -2.8179058778E-01   -4.2263522527E+00    4.2957146950E-02
    3.7959980001E-02    1.0044657723E+00   -2.9801331178E-01   -4.4169589322E+00    4.3517304723E-02
    3.7999980001E-02    1.0298429209E+00   -3.0141567846E-01   -4.5340070415E+00    4.4318023404E-02
    3.8039980001E-02    1.0386919117E+00   -2.9980673732E-01   -4.5642634484E+00    4.5262143351E-02
    3.8079980001E-02    1.0293556452E+00   -2.9630822586E-01   -4.5036358154E+00    4.6216530427E-02
    3.8119980001E-02    1.0051864033E+00   -2.8638638421E-01   -4.3580596339E+00    4.7042919215E-02
    3.8159980001E-02    9.7447578859E-01   -2.6226141594E-01   -4.1430421543E+00    4.7629870391E-02
    3.8199980001E-02    9.4821698581E-01   -2.2066522560E-01   -3.8828400775E+00    4.7914281942E-02
    3.8239980001E-02    9.3440904844E-01   -1.6646553561E-01   -3.6063512032E+00    4.7871890757E-02
    3.8279980001E-02    9.3463200525E-01   -1.0876234380E-01   -3.3391077858E+00    4.7525448952E-02
    3.8319980001E-02    9.4512794325E-01   -5.6239691176E-02   -3.1016078624E+00    4.6940453608E-02
    3.8359980001E-02    9.5940634751E-01   -1.4642958026E-02   -2.9087539238E+00    4.6190997224E-02
    3.8399980001E-02    9.7191216149E-01    1.4364013000E-02   -2.7678239474E+00    4.5286547674E-02
    3.8439980001E-02    9.7962924728E-01    3.1676310713E-02   -2.6811773449E+00    4.4254336885E-02
    3.8479980001E-02    9.8118752200E-01    3.8449315372E-02   -2.6507573539E+00    4.3166933872E-02
    3.8519980001E-02    9.7624613113E-01    3.5075565465E-02   -2.6775807232E+00    4.2095923163E-02
    3.8559980001E-02    9.6557764767E-01    2.0975946631E-02   -2.7604539536E+00    4.1108666984E-02
    3.8599980001E-02    9.5116111075E-01   -5.0250233216E-03   -2.8968104431E+00    4.0269239128E-02
    3.8639980001E-02    9.3649466517E-01   -4.3574933734E-02   -3.0832799016E+00    3.9608177619E-02
    3.8679980001E-02    9.2701210818E-01   -9.2695085956E-02   -3.3118066022E+00    3.9132186019E-02
    3.8719980001E-02    9.2847202062E-01   -1.4641582591E-01   -3.5663833001E+00    3.8881973338E-02
    3.8759980001E-02    9.4340424516E-01   -1.9628453996E-01   -3.8258678727E+00    3.8898927319E-02
    3.8799980001E-02    9.6929278469E-01   -2.3409258289E-01   -4.0656950307E+00    3.9212347564E-02
    3.8839980001E-02    9.9860720611E-01   -2.5559793471E-01   -4.2593743364E+00    3.9818190039E-02
    3.8879980001E-02    1.0218987444E+00   -2.6333259856E-01   -4.3850156705E+00    4.0666104416E-02
    3.8919980001E-02    1.0322458954E+00   -2.6344713451E-01   -4.4287167880E+00    4.1663872320E-02
    3.8959980001E-02    1.0272479958E+00   -2.5936588109E-01   -4.3852268086E+00    4.2693235708E-02
    3.8999980001E-02    1.0092228301E+00   -2.4842997491E-01   -4.2585074566E+00    4.3628269916E-02
    3.9039980001E-02    9.8493204907E-01   -2.2460592171E-01   -4.0618219094E+00    4.4354589839E-02
    3.9079980001E-02    9.6344758850E-01   -1.8487383382E-01   -3.8169390983E+00    4.4798031818E-02
    3.9119980001E-02    9.5171769891E-01   -1.3258622583E-01   -3.5495323812E+00    4.4945665303E-02
    3.9159980001E-02    9.5168400078E-01   -7.4974043841E-02   -3.2827180999E+00    4.4814959096E-02
    3.9199980001E-02    9.6042535655E-01   -1.9884102362E-02   -3.0357502852E+00    4.4408466185E-02
    3.9239980001E-02    9.7309745150E-01    2.7019654432E-02   -2.8197624132E+00    4.3701022218E-02
    3.9279980001E-02    9.8643255602E-01    6.3091106855E-02   -2.6402146995E+00    4.2788962267E-02
    3.9319980001E-02    9.9764029905E-01    8.7208299433E-02   -2.5076529430E+00    4.1776108064E-02
    3.9359980001E-02    1.0037647676E+00    1.0014225248E-01   -2.4331482540E+00    4.0699512605E-02
    3.9399980001E-02    1.0028044022E+00    1.0316450426E-01   -2.4231268960E+00    3.9606300356E-02
    3.9439980001E-02    9.9457359546E-01    9.6390552278E-02   -2.4782712001E+00    3.8554861808E-02
    3.9479980001E-02    9.8087935165E-01    7.8631926854E-02   -2.5934781670E+00    3.7595768875E-02
    3.9519980001E-02    9.6500878752E-01    4.8824371691E-02   -2.7586129658E+00    3.6761188328E-02
    3.9559980001E-02    9.5075320920E-01    7.7028943732E-03   -2.9613771502E+00    3.6102068623E-02
    3.9599980001E-02    9.4182491835E-01   -4.1969108609E-02   -3.1920745099E+00    3.5714554876E-02
    3.9639980001E-02    9.4181460098E-01   -9.5004710003E-02   -3.4400652389E+00    3.5628988177E-02
    3.9679980001E-02    9.5267092390E-01   -1.4418601871E-01   -3.6882700326E+00    3.5827698209E-02
    3.9719980001E-02    9.7262843003E-01   -1.8284968974E-01   -3.9164061771E+00    3.6295347861E-02
    3.9759980001E-02    9.9602274013E-01   -2.0719499562E-01   -4.1018251366E+00    3.7011681036E-02
    3.9799980001E-02    1.0153783151E+00   -2.1815924249E-01   -4.2239138641E+00    3.7933390932E-02
    3.9839980001E-02    1.0246972359E+00   -2.1993212822E-01   -4.2690978381E+00    3.8984596933E-02
    3.9879980001E-02    1.0216645892E+00   -2.1515140613E-01   -4.2321872800E+00    4.0069056686E-02
    3.9919980001E-02    1.0080841485E+00   -2.0213022279E-01   -4.1166262709E+00    4.1084828586E-02
    3.9959980001E-02    9.8938767011E-01   -1.7678480771E-01   -3.9347062907E+00    4.1939501823E-02
    3.9999980001E-02    9.7259220829E-01   -1.3720012458E-01   -3.7061997267E+00    4.2565430366E-02
